blk,plt,cable,heating,wtr,ftr,tr,PFT,decidu,evergr,betula,salix,ledum,vacci,ind,spp_abbr,tot_bio,wood_bio,leaf_bio,LDMC1,LDMC2,LDMC,LA1,LA2,LA,SLA1,SLA2,SLA,LNC,LPC,CN_ratio,height,SSD,bark,XD,SWC
BLK1,WE01,cN,hN,Ct,NF,CtNF,decid,dY,eN,Y,N,N,N,Sp201,Betn,1.588,1.183,0.375,0.615,0.636,0.615,1.1519,0.9987,1.0753,143.988,142.671,143.33,25.866,1.627,19.278,11,1.322,0.56,3.55,26.6
BLK1,WE01,cN,hN,Ct,NF,CtNF,decid,dY,eN,Y,N,N,N,Sp202,Betn,4.154,3.649,0.461,0.813,0.846,0.534,1.4471,1.1485,1.2978,111.315,104.409,107.862,21.989,1.678,22.934,16.5,1.055,0.55,4.1,39.3
BLK1,WE01,cN,hN,Ct,NF,CtNF,decid,dY,eN,Y,N,N,N,Sp203,Betn,0.645,0.514,0.119,0.857,0.636,0.748,0.8083,1.0471,0.9277,134.717,149.586,142.152,29.56,2.46,16.528,11.1,0.393,0.37,3.35,27.9
BLK1,WE01,cN,hN,Ct,NF,CtNF,decid,dY,eN,Y,N,N,N,Sp204,Betn,NA,NA,NA,0.769,0.9,NA,0.8776,0.9218,0.8997,87.76,102.422,95.091,NA,NA,NA,24.9,NA,0.26,1.63,NA
BLK1,WE01,cN,hN,Ct,NF,CtNF,decid,dY,eN,Y,N,N,N,Sp205,Betn,NA,NA,NA,0.929,0.909,NA,1.4802,1.2102,1.3452,113.862,121.02,117.441,NA,NA,NA,15.1,NA,1.59,8.31,NA
BLK1,WE01,cN,hN,Ct,NF,CtNF,decid,dY,eN,Y,N,N,N,Sp206,Betn,NA,NA,NA,0.538,0.6,NA,0.9022,0.8561,0.8792,128.886,142.683,135.785,NA,NA,NA,20.5,NA,0.51,4.21,NA
BLK1,WE01,cN,hN,Ct,NF,CtNF,everg,dN,eY,N,N,Y,N,Sp501,Ledp,2.033,1.404,0.622,0.417,0.5,0.524,0.3551,0.3432,0.3492,71.02,57.2,64.11,16.307,1.035,32.176,29.5,0.514,0.17,2.73,12.5
BLK1,WE01,cN,hN,Ct,NF,CtNF,everg,dN,eY,N,N,Y,N,Sp502,Ledp,0.541,0.364,0.177,0.5,0.6,0.543,0.1637,0.1623,0.163,54.567,54.1,54.334,14.467,1.01,36.895,8.2,0.695,0.17,2.68,9.1
BLK1,WE01,cN,hN,Ct,NF,CtNF,everg,dN,eY,N,N,Y,N,Sp503,Ledp,2.458,1.959,0.408,0.625,0.714,0.551,0.2741,0.2202,0.2472,54.82,44.04,49.43,11.164,0.837,47.361,10.4,0.512,0.2,2.92,27
BLK1,WE01,cN,hN,Ct,NF,CtNF,everg,dN,eY,N,N,Y,N,Sp504,Ledp,NA,NA,NA,0.625,0.444,NA,0.3073,0.3972,0.3523,61.46,99.3,80.38,NA,NA,NA,7.5,NA,0.14,1.6,NA
BLK1,WE01,cN,hN,Ct,NF,CtNF,everg,dN,eY,N,N,Y,N,Sp505,Ledp,NA,NA,NA,0.6,0.556,NA,0.2892,0.3165,0.3029,48.2,63.3,55.75,NA,NA,NA,10.2,NA,0.26,3.01,NA
BLK1,WE01,cN,hN,Ct,NF,CtNF,everg,dN,eY,N,N,Y,N,Sp506,Ledp,NA,NA,NA,0.667,0.625,NA,0.308,0.2816,0.2948,51.333,56.32,53.827,NA,NA,NA,14.7,NA,0.25,2.51,NA
BLK1,WE01,cN,hN,Ct,NF,CtNF,decid,dY,eN,N,Y,N,N,Sp801,Salp,7.433,6.778,0.637,0.643,0.587,0.754,2.6481,4.2958,3.472,147.117,159.104,153.111,15.517,1.402,31.648,14.5,0.527,1.26,5.5,30.7
BLK1,WE01,cN,hN,Ct,NF,CtNF,decid,dY,eN,N,Y,N,N,Sp802,Salp,4.111,3.463,0.637,0.6,0.533,0.673,4.5364,2.0712,3.3038,108.01,129.45,118.73,21.263,1.791,22.713,15.1,0.628,1.08,4.91,29.5
BLK1,WE01,cN,hN,Ct,NF,CtNF,decid,dY,eN,N,Y,N,N,Sp803,Salp,4.27,3.019,1.227,0.532,0.552,0.604,4.4918,3.8747,4.1833,136.115,121.084,128.6,23.124,1.32,21.176,18,0.806,1.37,5.07,31.2
BLK1,WE01,cN,hN,Ct,NF,CtNF,decid,dY,eN,N,Y,N,N,Sp804,Salp,NA,NA,NA,0.636,0.645,NA,2.7629,2.4749,2.6189,131.567,123.745,127.656,NA,NA,NA,11.3,NA,NA,NA,NA
BLK1,WE01,cN,hN,Ct,NF,CtNF,decid,dY,eN,N,Y,N,N,Sp805,Salp,NA,NA,NA,NA,NA,NA,NA,NA,NA,NA,NA,NA,NA,NA,NA,NA,NA,NA,NA,NA
BLK1,WE01,cN,hN,Ct,NF,CtNF,decid,dY,eN,N,Y,N,N,Sp806,Salp,NA,NA,NA,NA,NA,NA,NA,NA,NA,NA,NA,NA,NA,NA,NA,NA,NA,NA,NA,NA
BLK1,WE01,cN,hN,Ct,NF,CtNF,everg,dN,eY,N,N,N,Y,Sp101,Vacv,0.112,0.036,0.076,0.333,0.364,0.547,0.2411,0.3526,0.2969,80.367,88.15,84.259,5.8242,0.433,87.427,5.2,0.686,0.12,0.79,NA
BLK1,WE01,cN,hN,Ct,NF,CtNF,everg,dN,eY,N,N,N,Y,Sp102,Vacv,0.216,0.031,0.185,0.417,0.5,0.539,0.3904,0.4711,0.4308,78.08,52.344,65.212,7.371,0.475,68.338,3.4,1.429,0.08,0.6,50
BLK1,WE01,cN,hN,Ct,NF,CtNF,everg,dN,eY,N,N,N,Y,Sp103,Vacv,0.162,0.061,0.101,0.471,0.429,0.532,0.5172,0.4613,0.4893,64.65,76.883,70.767,7.7061,0.426,65.391,8.4,0.877,0.13,1.1,40
BLK1,WE01,cN,hN,Ct,NF,CtNF,everg,dN,eY,N,N,N,Y,Sp104,Vacv,NA,NA,NA,0.6,0.7,NA,0.3697,0.3981,0.3839,61.617,56.871,59.244,NA,NA,NA,4.6,NA,0.13,0.47,NA
BLK1,WE01,cN,hN,Ct,NF,CtNF,everg,dN,eY,N,N,N,Y,Sp105,Vacv,NA,NA,NA,0.833,0.667,NA,0.2387,0.2909,0.2648,47.74,72.725,60.233,NA,NA,NA,3.1,NA,0.13,0.52,NA
BLK1,WE01,cN,hN,Ct,NF,CtNF,everg,dN,eY,N,N,N,Y,Sp106,Vacv,NA,NA,NA,0.538,0.429,NA,0.5144,0.4997,0.5071,73.486,83.283,78.385,NA,NA,NA,4.6,NA,0.15,0.72,NA
BLK1,WE02,cY,hN,Ca,NF,CaNF,decid,dY,eN,Y,N,N,N,Sp201,Betn,1.91,1.677,0.22,0.533,0.692,0.501,1.0045,0.8696,0.9371,125.563,96.622,111.093,19.117,1.62,26.595,11.2,0.744,0.78,3.59,33.6
BLK1,WE02,cY,hN,Ca,NF,CaNF,decid,dY,eN,Y,N,N,N,Sp202,Betn,1.22,0.99,0.21,0.706,0.727,0.522,1.378,0.9113,1.1447,114.833,113.913,114.373,15.874,1.225,31.794,11.7,0.712,0.61,3.29,28.4
BLK1,WE02,cY,hN,Ca,NF,CaNF,decid,dY,eN,Y,N,N,N,Sp203,Betn,1.456,0.991,0.416,0.889,0.9,0.499,0.9857,0.8989,0.9423,123.213,99.878,111.546,18.259,1.732,27.651,9.8,1.027,0.41,3.16,45.6
BLK1,WE02,cY,hN,Ca,NF,CaNF,decid,dY,eN,Y,N,N,N,Sp204,Betn,NA,NA,NA,0.889,0.889,NA,0.8827,0.8956,0.8892,110.338,111.95,111.144,NA,NA,NA,8.1,NA,0.33,1.32,NA
BLK1,WE02,cY,hN,Ca,NF,CaNF,decid,dY,eN,Y,N,N,N,Sp205,Betn,NA,NA,NA,0.6,0.857,NA,0.8344,0.5205,0.6775,139.067,86.75,112.909,NA,NA,NA,22.6,NA,0.54,1.95,NA
BLK1,WE02,cY,hN,Ca,NF,CaNF,decid,dY,eN,Y,N,N,N,Sp206,Betn,NA,NA,NA,0.833,0.846,NA,1.5885,1.2011,1.3948,105.9,109.191,107.546,NA,NA,NA,12.7,NA,0.44,3.29,NA
BLK1,WE02,cY,hN,Ca,NF,CaNF,everg,dN,eY,N,N,Y,N,Sp501,Ledp,1.643,1.019,0.619,0.615,0.714,0.479,0.3068,0.251,0.2789,38.35,50.2,44.275,13.477,1.004,40.022,11.3,0.585,0.18,4.79,28.7
BLK1,WE02,cY,hN,Ca,NF,CaNF,everg,dN,eY,N,N,Y,N,Sp502,Ledp,2.316,1.441,0.853,0.833,0.667,0.507,0.1832,0.2012,0.1922,36.64,50.3,43.47,12.54,0.699,43.815,12.9,0.691,0.22,3.79,21.3
BLK1,WE02,cY,hN,Ca,NF,CaNF,everg,dN,eY,N,N,Y,N,Sp503,Ledp,0.263,0.145,0.114,0.6,0.5,0.514,0.179,0.1569,0.168,59.667,78.45,69.059,12.566,0.92,43.713,13.5,0.826,0.16,2.16,26.9
BLK1,WE02,cY,hN,Ca,NF,CaNF,everg,dN,eY,N,N,Y,N,Sp504,Ledp,NA,NA,NA,0.714,0.667,NA,0.2619,0.4517,0.3568,52.38,45.17,48.775,NA,NA,NA,8.1,NA,0.26,2.72,NA
BLK1,WE02,cY,hN,Ca,NF,CaNF,everg,dN,eY,N,N,Y,N,Sp505,Ledp,NA,NA,NA,0.75,0.4,NA,0.1863,0.1319,0.1591,46.575,65.95,56.263,NA,NA,NA,13.2,NA,0.19,2.05,NA
BLK1,WE02,cY,hN,Ca,NF,CaNF,everg,dN,eY,N,N,Y,N,Sp506,Ledp,NA,NA,NA,0.75,1,NA,0.1262,0.1335,0.1299,42.067,44.5,43.284,NA,NA,NA,13.5,NA,0.15,1.77,NA
BLK1,WE02,cY,hN,Ca,NF,CaNF,decid,dY,eN,N,Y,N,N,Sp801,Salp,4.623,3.67,0.935,0.458,0.554,0.415,2.826,4.4493,3.6377,128.455,108.52,118.488,9.0123,1.044,53.594,18.5,0.774,0.94,3.58,27.6
BLK1,WE02,cY,hN,Ca,NF,CaNF,decid,dY,eN,N,Y,N,N,Sp802,Salp,NA,NA,NA,NA,NA,NA,NA,NA,NA,NA,NA,NA,NA,NA,NA,NA,NA,NA,NA,NA
BLK1,WE02,cY,hN,Ca,NF,CaNF,decid,dY,eN,N,Y,N,N,Sp803,Salp,NA,NA,NA,NA,NA,NA,NA,NA,NA,NA,NA,NA,NA,NA,NA,NA,NA,NA,NA,NA
BLK1,WE02,cY,hN,Ca,NF,CaNF,decid,dY,eN,N,Y,N,N,Sp804,Salp,NA,NA,NA,NA,NA,NA,NA,NA,NA,NA,NA,NA,NA,NA,NA,NA,NA,NA,NA,NA
BLK1,WE02,cY,hN,Ca,NF,CaNF,decid,dY,eN,N,Y,N,N,Sp805,Salp,NA,NA,NA,NA,NA,NA,NA,NA,NA,NA,NA,NA,NA,NA,NA,NA,NA,NA,NA,NA
BLK1,WE02,cY,hN,Ca,NF,CaNF,decid,dY,eN,N,Y,N,N,Sp806,Salp,NA,NA,NA,NA,NA,NA,NA,NA,NA,NA,NA,NA,NA,NA,NA,NA,NA,NA,NA,NA
BLK1,WE02,cY,hN,Ca,NF,CaNF,everg,dN,eY,N,N,N,Y,Sp101,Vacv,0.2,0.031,0.169,0.5,0.667,0.517,0.4885,0.4162,0.4524,44.409,52.025,48.217,6.0481,0.367,83.314,3.6,0.965,NA,NA,14.3
BLK1,WE02,cY,hN,Ca,NF,CaNF,everg,dN,eY,N,N,N,Y,Sp102,Vacv,0.084,0.011,0.073,0.667,0.8,0.518,0.2993,0.2361,0.2677,74.825,59.025,66.925,8.9897,0.633,55.513,4.7,0.952,0.13,0.87,50
BLK1,WE02,cY,hN,Ca,NF,CaNF,everg,dN,eY,N,N,N,Y,Sp103,Vacv,0.11,0.018,0.092,0.615,0.667,0.564,0.551,0.4047,0.4779,68.875,67.45,68.163,8.3146,0.7,61.068,4.3,1.538,0.12,0.56,66.7
BLK1,WE02,cY,hN,Ca,NF,CaNF,everg,dN,eY,N,N,N,Y,Sp104,Vacv,NA,NA,NA,0.8,0.6,NA,0.2414,0.2311,0.2363,60.35,77.033,68.692,NA,NA,NA,4.2,NA,0.18,0.43,NA
BLK1,WE02,cY,hN,Ca,NF,CaNF,everg,dN,eY,N,N,N,Y,Sp105,Vacv,NA,NA,NA,0.833,0.667,NA,0.3559,0.3077,0.3318,71.18,76.925,74.053,NA,NA,NA,2.3,NA,0.11,0.66,NA
BLK1,WE02,cY,hN,Ca,NF,CaNF,everg,dN,eY,N,N,N,Y,Sp106,Vacv,NA,NA,NA,0.444,0.714,NA,0.3138,0.359,0.3364,78.45,71.8,75.125,NA,NA,NA,2.9,NA,0.08,0.43,NA
BLK1,WE03,cY,hY,W,NF,WNF,decid,dY,eN,Y,N,N,N,Sp201,Betn,4.887,4.299,0.55,0.409,0.44,0.396,1.2116,1.4659,1.3388,134.622,133.264,133.943,26.477,1.742,18.857,19.4,0.919,0.63,4.27,51.3
BLK1,WE03,cY,hY,W,NF,WNF,decid,dY,eN,Y,N,N,N,Sp202,Betn,4.732,4.305,0.389,0.714,0.857,0.439,0.8953,0.8638,0.8796,179.06,143.967,161.514,22.602,2.206,22.058,12,1.079,0.52,4.9,30.3
BLK1,WE03,cY,hY,W,NF,WNF,decid,dY,eN,Y,N,N,N,Sp203,Betn,9.259,8.185,1.005,0.6,0.517,0.399,1.5137,1.6857,1.5997,126.142,112.38,119.261,21.857,1.37,22.636,18.6,0.841,0.53,5.01,54.4
BLK1,WE03,cY,hY,W,NF,WNF,decid,dY,eN,Y,N,N,N,Sp204,Betn,NA,NA,NA,0.8,0.769,NA,0.9565,1.1422,1.0494,119.563,114.22,116.892,NA,NA,NA,14.5,NA,0.55,4.08,NA
BLK1,WE03,cY,hY,W,NF,WNF,decid,dY,eN,Y,N,N,N,Sp205,Betn,NA,NA,NA,0.75,0.667,NA,1.0894,1.1747,1.1321,121.044,195.783,158.414,NA,NA,NA,5.5,NA,0.55,2.75,NA
BLK1,WE03,cY,hY,W,NF,WNF,decid,dY,eN,Y,N,N,N,Sp206,Betn,NA,NA,NA,0.667,0.786,NA,1.0186,1.0125,1.0156,101.86,92.045,96.953,NA,NA,NA,15,NA,0.87,5.26,NA
BLK1,WE03,cY,hY,W,NF,WNF,everg,dN,eY,N,N,Y,N,Sp501,Ledp,5.648,4.306,1.326,0.357,0.538,0.48,0.35,0.3722,0.3611,70,53.171,61.586,14.667,1.052,36.272,15.4,0.563,0.24,4.73,39
BLK1,WE03,cY,hY,W,NF,WNF,everg,dN,eY,N,N,Y,N,Sp502,Ledp,2.079,1.4,0.662,0.556,0.6,0.423,0.3712,0.4074,0.3893,74.24,45.267,59.754,15.427,1.025,34.454,12.5,0.548,0.24,3.4,19.2
BLK1,WE03,cY,hY,W,NF,WNF,everg,dN,eY,N,N,Y,N,Sp503,Ledp,1.704,1.332,0.356,0.667,0.625,0.474,0.3957,0.296,0.3459,49.463,59.2,54.332,13.261,0.844,40.402,16.5,0.536,0.17,2.45,63.5
BLK1,WE03,cY,hY,W,NF,WNF,everg,dN,eY,N,N,Y,N,Sp504,Ledp,NA,NA,NA,0.545,0.714,NA,0.3946,0.3321,0.3634,65.767,66.42,66.094,NA,NA,NA,8,NA,0.14,1.6,NA
BLK1,WE03,cY,hY,W,NF,WNF,everg,dN,eY,N,N,Y,N,Sp505,Ledp,NA,NA,NA,0.6,0.6,NA,0.1644,0.1617,0.1631,54.8,53.9,54.35,NA,NA,NA,18.6,NA,0.34,7.63,NA
BLK1,WE03,cY,hY,W,NF,WNF,everg,dN,eY,N,N,Y,N,Sp506,Ledp,NA,NA,NA,0.625,0.714,NA,0.3672,0.2867,0.327,73.44,57.34,65.39,NA,NA,NA,11.9,NA,0.18,3.62,NA
BLK1,WE03,cY,hY,W,NF,WNF,decid,dY,eN,N,Y,N,N,Sp801,Salp,0.446,0.318,0.119,0.446,0.455,0.403,3.186,1.6703,2.4282,127.44,167.03,147.235,16.159,2.34,29.764,10,1.333,0.79,3.63,35.1
BLK1,WE03,cY,hY,W,NF,WNF,decid,dY,eN,N,Y,N,N,Sp802,Salp,1.127,0.991,0.133,0.548,0.682,0.484,2.7023,1.5646,2.1335,117.491,104.307,110.899,21.047,1.575,23.046,8.2,0.98,0.68,2.55,55.6
BLK1,WE03,cY,hY,W,NF,WNF,decid,dY,eN,N,Y,N,N,Sp803,Salp,1.026,0.947,0.079,0.581,0.571,0.488,1.9452,1.0116,1.4784,108.067,126.45,117.259,14.698,3.9,4.276,12.4,1.344,0.92,4.68,50.6
BLK1,WE03,cY,hY,W,NF,WNF,decid,dY,eN,N,Y,N,N,Sp804,Salp,NA,NA,NA,0.512,0.559,NA,4.8803,3.9041,4.3922,113.495,118.306,115.901,NA,NA,NA,11.9,NA,0.79,2.9,NA
BLK1,WE03,cY,hY,W,NF,WNF,decid,dY,eN,N,Y,N,N,Sp805,Salp,NA,NA,NA,NA,NA,NA,NA,NA,NA,NA,NA,NA,NA,NA,NA,NA,NA,NA,NA,NA
BLK1,WE03,cY,hY,W,NF,WNF,decid,dY,eN,N,Y,N,N,Sp806,Salp,NA,NA,NA,NA,NA,NA,NA,NA,NA,NA,NA,NA,NA,NA,NA,NA,NA,NA,NA,NA
BLK1,WE03,cY,hY,W,NF,WNF,everg,dN,eY,N,N,N,Y,Sp101,Vacv,0.287,0.058,0.229,0.476,0.579,0.472,0.4999,0.5589,0.5294,49.99,50.809,50.4,7.837,0.485,63.864,4.6,0.706,0.17,0.84,50
BLK1,WE03,cY,hY,W,NF,WNF,everg,dN,eY,N,N,N,Y,Sp102,Vacv,0.117,0.026,0.091,0.571,0.65,0.506,0.6461,0.6789,0.6625,53.842,52.223,53.033,8.7805,0.74,57.104,5.9,1.5,0.15,0.64,40
BLK1,WE03,cY,hY,W,NF,WNF,everg,dN,eY,N,N,N,Y,Sp103,Vacv,0.088,0.018,0.061,0.571,0.583,0.484,0.4286,0.3694,0.399,53.575,52.771,53.173,6.4047,0.5,78.632,4.3,1.286,0.12,0.62,16.7
BLK1,WE03,cY,hY,W,NF,WNF,everg,dN,eY,N,N,N,Y,Sp104,Vacv,NA,NA,NA,0.8,0.8,NA,0.2224,0.2193,0.2209,55.6,54.825,55.213,NA,NA,NA,4.2,NA,0.12,0.54,NA
BLK1,WE03,cY,hY,W,NF,WNF,everg,dN,eY,N,N,N,Y,Sp105,Vacv,NA,NA,NA,0.526,0.556,NA,0.5674,0.5216,0.5445,56.74,52.16,54.45,NA,NA,NA,4.2,NA,0.22,0.85,NA
BLK1,WE03,cY,hY,W,NF,WNF,everg,dN,eY,N,N,N,Y,Sp106,Vacv,NA,NA,NA,0.545,0.667,NA,0.3484,0.2961,0.3223,58.067,49.35,53.709,NA,NA,NA,4,NA,0.11,0.88,NA
BLK1,WE04,cN,hN,Ct,F,CtF,decid,dY,eN,Y,N,N,N,Sp201,Betn,16.107,13.593,2.28,0.5,0.6,0.333,1.2342,1.2493,1.2418,154.275,208.217,181.246,29.345,2.388,17.483,13.6,0.623,1.16,6.88,57
BLK1,WE04,cN,hN,Ct,F,CtF,decid,dY,eN,Y,N,N,N,Sp202,Betn,4.514,3.51,0.941,0.75,0.667,0.337,1.178,1.1256,1.1518,130.889,187.6,159.245,38.371,3.249,12.686,14.2,0.646,0.76,5.19,70.7
BLK1,WE04,cN,hN,Ct,F,CtF,decid,dY,eN,Y,N,N,N,Sp203,Betn,2.863,1.931,0.877,0.7,0.857,0.389,1.2233,1.2411,1.2322,174.757,206.85,190.804,30.532,2.968,16.372,26.7,0.616,0.78,3.65,44.7
BLK1,WE04,cN,hN,Ct,F,CtF,decid,dY,eN,Y,N,N,N,Sp204,Betn,NA,NA,NA,0.7,0.889,NA,1.129,1.1158,1.1224,161.286,139.475,150.381,NA,NA,NA,10.7,NA,0.68,2.82,NA
BLK1,WE04,cN,hN,Ct,F,CtF,decid,dY,eN,Y,N,N,N,Sp205,Betn,NA,NA,NA,0.875,0.778,NA,1.0054,1.0546,1.03,143.629,150.657,147.143,NA,NA,NA,13,NA,0.74,4.4,NA
BLK1,WE04,cN,hN,Ct,F,CtF,decid,dY,eN,Y,N,N,N,Sp206,Betn,NA,NA,NA,0.778,0.857,NA,1.0137,0.9353,0.9745,144.814,155.883,150.349,NA,NA,NA,14.4,NA,0.49,3.56,NA
BLK1,WE04,cN,hN,Ct,F,CtF,everg,dN,eY,N,N,Y,N,Sp501,Ledp,1.428,0.766,0.638,0.467,0.556,0.432,0.4285,0.3097,0.3691,61.214,61.94,61.577,16.546,0.843,32.494,12,0.603,0.23,3.53,51.9
BLK1,WE04,cN,hN,Ct,F,CtF,everg,dN,eY,N,N,Y,N,Sp502,Ledp,6.432,4.364,2.006,0.529,0.5,0.423,0.5072,0.3661,0.4367,56.356,73.22,64.788,16.703,1.081,32.172,12.9,0.539,0.24,4.9,36.2
BLK1,WE04,cN,hN,Ct,F,CtF,everg,dN,eY,N,N,Y,N,Sp503,Ledp,2.258,1.406,0.835,0.375,0.583,0.4,0.4655,0.5025,0.484,38.792,71.786,55.289,20.652,1.258,25.887,18.5,0.549,0.27,3.24,48.8
BLK1,WE04,cN,hN,Ct,F,CtF,everg,dN,eY,N,N,Y,N,Sp504,Ledp,NA,NA,NA,0.571,0.409,NA,0.3692,0.7929,0.5811,92.3,88.1,90.2,NA,NA,NA,8.2,NA,0.15,1.92,NA
BLK1,WE04,cN,hN,Ct,F,CtF,everg,dN,eY,N,N,Y,N,Sp505,Ledp,NA,NA,NA,0.5,0.538,NA,0.3024,0.5171,0.4098,60.48,73.871,67.176,NA,NA,NA,19.8,NA,0.17,2.8,NA
BLK1,WE04,cN,hN,Ct,F,CtF,everg,dN,eY,N,N,Y,N,Sp506,Ledp,NA,NA,NA,0.5,0.412,NA,0.3774,0.5485,0.463,94.35,78.357,86.354,NA,NA,NA,13.7,NA,0.11,2.05,NA
BLK1,WE04,cN,hN,Ct,F,CtF,decid,dY,eN,N,Y,N,N,Sp801,Salp,15.647,13.073,2.367,0.576,0.649,0.465,4.1757,4.7706,4.4732,109.887,99.388,104.638,27.657,1.395,17.512,23.1,0.597,1.55,8.92,70.4
BLK1,WE04,cN,hN,Ct,F,CtF,decid,dY,eN,N,Y,N,N,Sp802,Salp,3.244,2.357,0.851,0.452,0.452,0.369,5.2448,2.2303,3.7376,100.862,117.384,109.123,24.286,1.325,20.142,16.8,0.696,0.97,4.96,54.2
BLK1,WE04,cN,hN,Ct,F,CtF,decid,dY,eN,N,Y,N,N,Sp803,Salp,5.756,5.007,0.668,0.714,0.545,0.578,3.8528,5.4365,4.6447,110.08,113.26,111.67,27.426,1.233,17.764,18.4,0.638,1.05,6.15,67.4
BLK1,WE04,cN,hN,Ct,F,CtF,decid,dY,eN,N,Y,N,N,Sp804,Salp,NA,NA,NA,NA,NA,NA,NA,NA,NA,NA,NA,NA,NA,NA,NA,NA,NA,NA,NA,NA
BLK1,WE04,cN,hN,Ct,F,CtF,decid,dY,eN,N,Y,N,N,Sp805,Salp,NA,NA,NA,NA,NA,NA,NA,NA,NA,NA,NA,NA,NA,NA,NA,NA,NA,NA,NA,NA
BLK1,WE04,cN,hN,Ct,F,CtF,decid,dY,eN,N,Y,N,N,Sp806,Salp,NA,NA,NA,NA,NA,NA,NA,NA,NA,NA,NA,NA,NA,NA,NA,NA,NA,NA,NA,NA
BLK1,WE04,cN,hN,Ct,F,CtF,everg,dN,eY,N,N,N,Y,Sp101,Vacv,0.068,0.01,0.058,0.556,0.571,0.475,0.3265,0.3346,0.3306,65.3,83.65,74.475,7.4669,0.5,67.012,6.9,0.439,0.14,0.87,50
BLK1,WE04,cN,hN,Ct,F,CtF,everg,dN,eY,N,N,N,Y,Sp102,Vacv,0.125,0.019,0.106,0.625,0.714,0.463,0.6152,0.5685,0.5919,61.52,113.7,87.61,9.5457,0.7,53.512,7.7,0.824,0.15,0.69,33.3
BLK1,WE04,cN,hN,Ct,F,CtF,everg,dN,eY,N,N,N,Y,Sp103,Vacv,0.099,0.013,0.086,0.4,0.667,0.473,0.4011,0.4431,0.4221,100.275,110.775,105.525,9.9447,0.617,50.542,5.4,0.4,0.08,0.58,NA
BLK1,WE04,cN,hN,Ct,F,CtF,everg,dN,eY,N,N,N,Y,Sp104,Vacv,NA,NA,NA,0.346,0.5,NA,0.8655,0.8351,0.8503,96.167,55.673,75.92,NA,NA,NA,12.5,NA,0.14,0.83,NA
BLK1,WE04,cN,hN,Ct,F,CtF,everg,dN,eY,N,N,N,Y,Sp105,Vacv,NA,NA,NA,0.833,0.538,NA,0.5431,0.5431,0.5431,108.62,77.586,93.103,NA,NA,NA,3.2,NA,0.12,0.31,NA
BLK1,WE04,cN,hN,Ct,F,CtF,everg,dN,eY,N,N,N,Y,Sp106,Vacv,NA,NA,NA,0.7,0.667,NA,0.5378,0.4127,0.4753,76.829,103.175,90.002,NA,NA,NA,4.7,NA,0.06,0.46,NA
BLK1,WE05,cY,hN,Ca,F,CaF,decid,dY,eN,Y,N,N,N,Sp201,Betn,4.516,3.831,0.621,0.8,0.625,0.344,1.0932,1.0194,1.0563,136.65,203.88,170.265,31.206,2.478,15.858,8.5,0.685,0.8,3.99,54.3
BLK1,WE05,cY,hN,Ca,F,CaF,decid,dY,eN,Y,N,N,N,Sp202,Betn,1.864,1.334,0.461,0.444,0.75,0.358,0.9426,0.6724,0.8075,235.65,224.133,229.892,30.499,2.264,16.115,19.1,0.845,0.41,2.52,59
BLK1,WE05,cY,hN,Ca,F,CaF,decid,dY,eN,Y,N,N,N,Sp203,Betn,0.653,0.412,0.221,0.643,0.857,0.336,1.5189,1.1979,1.3584,168.767,199.65,184.209,35.24,2.906,13.943,14.3,0.689,0.7,4.25,92.1
BLK1,WE05,cY,hN,Ca,F,CaF,decid,dY,eN,Y,N,N,N,Sp204,Betn,NA,NA,NA,0.857,0.714,NA,1.2914,1.0644,1.1779,215.233,212.88,214.057,NA,NA,NA,12.7,NA,0.43,3.35,NA
BLK1,WE05,cY,hN,Ca,F,CaF,decid,dY,eN,Y,N,N,N,Sp205,Betn,NA,NA,NA,0.8,0.9,NA,1.0423,1.1136,1.078,130.288,123.733,127.011,NA,NA,NA,21,NA,0.95,5.83,NA
BLK1,WE05,cY,hN,Ca,F,CaF,decid,dY,eN,Y,N,N,N,Sp206,Betn,NA,NA,NA,0.5,0.875,NA,1.5952,1.4414,1.5183,227.886,205.914,216.9,NA,NA,NA,15.8,NA,0.96,4.93,NA
BLK1,WE05,cY,hN,Ca,F,CaF,everg,dN,eY,N,N,Y,N,Sp501,Ledp,1.37,1.113,0.253,0.6,0.625,0.362,0.5723,0.56,0.5662,95.383,112,103.692,22.816,1.918,22.674,14.5,0.752,0.26,3.87,35.6
BLK1,WE05,cY,hN,Ca,F,CaF,everg,dN,eY,N,N,Y,N,Sp502,Ledp,0.538,0.315,0.222,0.545,0.538,0.4,0.4203,0.6346,0.5275,70.05,90.657,80.354,23.733,1.436,21.761,12.9,0.61,0.14,2.41,50
BLK1,WE05,cY,hN,Ca,F,CaF,everg,dN,eY,N,N,Y,N,Sp503,Ledp,0.727,0.429,0.296,0.625,0.571,0.428,0.3416,0.2502,0.2959,68.32,62.55,65.435,17.463,1.1,30.854,13.4,0.54,0.2,2.49,21.1
BLK1,WE05,cY,hN,Ca,F,CaF,everg,dN,eY,N,N,Y,N,Sp504,Ledp,NA,NA,NA,0.412,0.5,NA,0.5715,0.4233,0.4974,81.643,60.471,71.057,NA,NA,NA,17.3,NA,NA,NA,NA
BLK1,WE05,cY,hN,Ca,F,CaF,everg,dN,eY,N,N,Y,N,Sp505,Ledp,NA,NA,NA,0.8,0.727,NA,0.4507,0.463,0.4569,56.338,57.875,57.107,NA,NA,NA,10.9,NA,0.17,3.16,NA
BLK1,WE05,cY,hN,Ca,F,CaF,everg,dN,eY,N,N,Y,N,Sp506,Ledp,NA,NA,NA,0.6,0.5,NA,0.2965,0.217,0.2568,98.833,108.5,103.667,NA,NA,NA,7.7,NA,0.17,1.65,NA
BLK1,WE05,cY,hN,Ca,F,CaF,decid,dY,eN,N,Y,N,N,Sp801,Salp,13.102,12.035,1.047,0.705,0.667,0.333,3.7259,2.85,3.288,120.19,142.5,131.345,20.399,1.216,23.403,31.5,0.583,1.82,9.88,80.6
BLK1,WE05,cY,hN,Ca,F,CaF,decid,dY,eN,N,Y,N,N,Sp802,Salp,NA,NA,NA,NA,NA,NA,NA,NA,NA,NA,NA,NA,NA,NA,NA,NA,NA,NA,NA,NA
BLK1,WE05,cY,hN,Ca,F,CaF,decid,dY,eN,N,Y,N,N,Sp803,Salp,NA,NA,NA,NA,NA,NA,NA,NA,NA,NA,NA,NA,NA,NA,NA,NA,NA,NA,NA,NA
BLK1,WE05,cY,hN,Ca,F,CaF,decid,dY,eN,N,Y,N,N,Sp804,Salp,NA,NA,NA,NA,NA,NA,NA,NA,NA,NA,NA,NA,NA,NA,NA,NA,NA,NA,NA,NA
BLK1,WE05,cY,hN,Ca,F,CaF,decid,dY,eN,N,Y,N,N,Sp805,Salp,NA,NA,NA,NA,NA,NA,NA,NA,NA,NA,NA,NA,NA,NA,NA,NA,NA,NA,NA,NA
BLK1,WE05,cY,hN,Ca,F,CaF,decid,dY,eN,N,Y,N,N,Sp806,Salp,NA,NA,NA,NA,NA,NA,NA,NA,NA,NA,NA,NA,NA,NA,NA,NA,NA,NA,NA,NA
BLK1,WE05,cY,hN,Ca,F,CaF,everg,dN,eY,N,N,N,Y,Sp101,Vacv,0.082,0.025,0.057,0.409,0.423,0.416,0.8711,0.9152,0.8932,96.789,83.2,89.995,9.2209,1.25,54.603,5.7,0.94,0.17,0.63,12.5
BLK1,WE05,cY,hN,Ca,F,CaF,everg,dN,eY,N,N,N,Y,Sp102,Vacv,0.03,0.005,0.025,0.571,0.667,0.543,0.4809,0.3415,0.4112,120.225,85.375,102.8,12.863,0.5,38.123,4.6,0.351,0.15,0.39,NA
BLK1,WE05,cY,hN,Ca,F,CaF,everg,dN,eY,N,N,N,Y,Sp103,Vacv,0.12,0.025,0.092,0.6,0.556,0.529,0.5348,0.3204,0.4276,59.422,64.08,61.751,5.5836,0.333,89.439,6.1,0.877,0.14,0.59,NA
BLK1,WE05,cY,hN,Ca,F,CaF,everg,dN,eY,N,N,N,Y,Sp104,Vacv,NA,NA,NA,0.5,0.487,NA,1.1324,0.9854,1.0589,70.775,51.863,61.319,NA,NA,NA,10.4,NA,0.14,0.72,NA
BLK1,WE05,cY,hN,Ca,F,CaF,everg,dN,eY,N,N,N,Y,Sp105,Vacv,NA,NA,NA,0.318,0.6,NA,0.9714,0.8398,0.9056,138.771,93.311,116.041,NA,NA,NA,12,NA,0.1,0.52,NA
BLK1,WE05,cY,hN,Ca,F,CaF,everg,dN,eY,N,N,N,Y,Sp106,Vacv,NA,NA,NA,0.538,0.455,NA,0.4302,0.4316,0.4309,61.457,86.32,73.889,NA,NA,NA,8.6,NA,0.08,0.55,NA
BLK1,WE06,cY,hY,W,F,WF,decid,dY,eN,Y,N,N,N,Sp201,Betn,2.31,1.719,0.518,0.846,0.667,0.443,1.2442,0.8879,1.0661,113.109,147.983,130.546,25.136,1.884,20.301,41.1,0.649,0.24,4.52,52.6
BLK1,WE06,cY,hY,W,F,WF,decid,dY,eN,Y,N,N,N,Sp202,Betn,1.988,1.471,0.452,0.556,0.643,0.428,0.6871,1.2271,0.9571,137.42,136.344,136.882,29.837,1.759,16.877,13.9,0.716,0.35,4.73,56.6
BLK1,WE06,cY,hY,W,F,WF,decid,dY,eN,Y,N,N,N,Sp203,Betn,6.048,4.865,1.042,0.5,0.8,0.339,0.9512,1.0115,0.9814,190.24,126.438,158.339,35.278,2.337,14.177,23.5,0.607,0.27,4.36,82.9
BLK1,WE06,cY,hY,W,F,WF,decid,dY,eN,Y,N,N,N,Sp204,Betn,NA,NA,NA,0.833,0.429,NA,0.8653,0.8774,0.8714,173.06,292.467,232.764,NA,NA,NA,28.1,NA,0.24,3.91,NA
BLK1,WE06,cY,hY,W,F,WF,decid,dY,eN,Y,N,N,N,Sp205,Betn,NA,NA,NA,0.571,0.6,NA,0.7579,0.836,0.797,189.475,139.333,164.404,NA,NA,NA,24.5,NA,0.27,3.79,NA
BLK1,WE06,cY,hY,W,F,WF,decid,dY,eN,Y,N,N,N,Sp206,Betn,NA,NA,NA,0.667,0.8,NA,0.7853,0.8278,0.8066,196.325,206.95,201.638,NA,NA,NA,29.5,NA,0.3,3.54,NA
BLK1,WE06,cY,hY,W,F,WF,everg,dN,eY,N,N,Y,N,Sp501,Ledp,1.512,0.584,0.841,0.429,0.5,0.447,0.4717,0.5226,0.4972,78.617,74.657,76.637,17.592,0.983,30.246,20.5,0.457,0.09,2.69,51.2
BLK1,WE06,cY,hY,W,F,WF,everg,dN,eY,N,N,Y,N,Sp502,Ledp,1.364,0.645,0.711,0.643,0.667,0.46,0.596,0.4953,0.5457,66.222,61.913,64.068,14.315,0.775,37.458,20,0.519,0.09,3.04,66.7
BLK1,WE06,cY,hY,W,F,WF,everg,dN,eY,N,N,Y,N,Sp503,Ledp,3.401,1.862,1.443,0.571,0.833,0.46,0.2353,0.2824,0.2589,58.825,56.48,57.653,18.836,1.202,28.248,17.6,0.686,0.1,4.11,36.9
BLK1,WE06,cY,hY,W,F,WF,everg,dN,eY,N,N,Y,N,Sp504,Ledp,NA,NA,NA,0.5,0.7,NA,0.5062,0.4646,0.4854,72.314,66.371,69.343,NA,NA,NA,8.5,NA,0.07,2.71,NA
BLK1,WE06,cY,hY,W,F,WF,everg,dN,eY,N,N,Y,N,Sp505,Ledp,NA,NA,NA,0.889,0.636,NA,0.4066,0.4024,0.4045,50.825,57.486,54.156,NA,NA,NA,14,NA,0.11,3.81,NA
BLK1,WE06,cY,hY,W,F,WF,everg,dN,eY,N,N,Y,N,Sp506,Ledp,NA,NA,NA,0.538,0.5,NA,0.3889,0.4959,0.4424,55.557,99.18,77.369,NA,NA,NA,10.1,NA,0.1,3.93,NA
BLK1,WE06,cY,hY,W,F,WF,decid,dY,eN,N,Y,N,N,Sp801,Salp,1.881,1.466,0.415,0.6,0.523,0.329,2.0026,3.8078,2.9052,166.883,165.557,166.22,24.083,1.397,19.838,14.4,0.664,0.45,4.64,63.8
BLK1,WE06,cY,hY,W,F,WF,decid,dY,eN,N,Y,N,N,Sp802,Salp,2.533,1.681,0.831,0.506,0.468,0.346,5.025,3.9737,4.4994,122.561,137.024,129.793,22.828,1.194,20.767,16.5,0.683,0.52,5.62,50.6
BLK1,WE06,cY,hY,W,F,WF,decid,dY,eN,N,Y,N,N,Sp803,Salp,16.454,13.977,2.378,0.497,0.467,0.314,9.2993,6.8112,8.0553,116.241,106.425,111.333,24.18,1.642,19.248,31,0.632,0.63,9.14,91.8
BLK1,WE06,cY,hY,W,F,WF,decid,dY,eN,N,Y,N,N,Sp804,Salp,NA,NA,NA,NA,NA,NA,NA,NA,NA,NA,NA,NA,NA,NA,NA,NA,NA,NA,NA,NA
BLK1,WE06,cY,hY,W,F,WF,decid,dY,eN,N,Y,N,N,Sp805,Salp,NA,NA,NA,NA,NA,NA,NA,NA,NA,NA,NA,NA,NA,NA,NA,NA,NA,NA,NA,NA
BLK1,WE06,cY,hY,W,F,WF,decid,dY,eN,N,Y,N,N,Sp806,Salp,NA,NA,NA,NA,NA,NA,NA,NA,NA,NA,NA,NA,NA,NA,NA,NA,NA,NA,NA,NA
BLK1,WE06,cY,hY,W,F,WF,everg,dN,eY,N,N,N,Y,Sp101,Vacv,0.13,0.025,0.105,0.455,0.471,0.467,0.6935,0.6518,0.6727,69.35,81.475,75.413,9.2299,0.6,54.581,7,0.506,0.05,0.65,33.3
BLK1,WE06,cY,hY,W,F,WF,everg,dN,eY,N,N,N,Y,Sp102,Vacv,0.364,0.055,0.309,0.417,0.667,0.447,0.6385,0.6577,0.6481,127.7,54.808,91.254,8.3129,0.462,62.089,4.7,0.837,0.07,0.89,20
BLK1,WE06,cY,hY,W,F,WF,everg,dN,eY,N,N,N,Y,Sp103,Vacv,0.348,0.055,0.293,0.429,0.476,0.416,0.7103,0.7723,0.7413,118.383,77.23,97.807,9.9741,0.75,51.914,6,0.39,0.04,0.75,33.3
BLK1,WE06,cY,hY,W,F,WF,everg,dN,eY,N,N,N,Y,Sp104,Vacv,NA,NA,NA,0.5,0.519,NA,0.622,0.8241,0.7231,69.111,58.864,63.988,NA,NA,NA,8.3,NA,0.04,0.72,NA
BLK1,WE06,cY,hY,W,F,WF,everg,dN,eY,N,N,N,Y,Sp105,Vacv,NA,NA,NA,0.7,0.5,NA,0.7712,0.6557,0.7135,110.171,81.963,96.067,NA,NA,NA,6.1,NA,0.06,0.57,NA
BLK1,WE06,cY,hY,W,F,WF,everg,dN,eY,N,N,N,Y,Sp106,Vacv,NA,NA,NA,0.4,0.467,NA,0.8739,0.7465,0.8102,109.238,106.643,107.941,NA,NA,NA,10.3,NA,0.05,0.65,NA
BLK2,WE07,cN,hN,Ct,NF,CtNF,decid,dY,eN,Y,N,N,N,Sp201,Betn,1.117,0.876,0.217,0.692,0.714,0.52,1.1786,1.284,1.2313,130.956,128.4,129.678,25.565,3.208,18.903,10.6,1.077,0.42,2.64,41.6
BLK2,WE07,cN,hN,Ct,NF,CtNF,decid,dY,eN,Y,N,N,N,Sp202,Betn,2.479,1.981,0.444,0.857,0.7,0.505,0.7357,0.8798,0.8078,122.617,125.686,124.152,22.222,1.476,22.221,8,1.216,0.56,3.61,34.1
BLK2,WE07,cN,hN,Ct,NF,CtNF,decid,dY,eN,Y,N,N,N,Sp203,Betn,2.395,2.055,0.291,0.7,0.6,0.526,0.9133,0.9311,0.9222,130.471,155.183,142.827,22.905,1.573,21.882,11.4,0.829,0.33,2.51,30.9
BLK2,WE07,cN,hN,Ct,NF,CtNF,decid,dY,eN,Y,N,N,N,Sp204,Betn,NA,NA,NA,0.667,0.7,NA,0.7518,0.8963,0.8241,125.3,128.043,126.672,NA,NA,NA,14.5,NA,0.69,4.68,NA
BLK2,WE07,cN,hN,Ct,NF,CtNF,decid,dY,eN,Y,N,N,N,Sp205,Betn,NA,NA,NA,0.636,0.556,NA,0.8265,0.772,0.7993,118.071,154.4,136.236,NA,NA,NA,18.6,NA,0.42,2.17,NA
BLK2,WE07,cN,hN,Ct,NF,CtNF,decid,dY,eN,Y,N,N,N,Sp206,Betn,NA,NA,NA,0.533,0.615,NA,1.366,1.0213,1.1937,170.75,127.663,149.207,NA,NA,NA,16.6,NA,0.56,2.87,NA
BLK2,WE07,cN,hN,Ct,NF,CtNF,everg,dN,eY,N,N,Y,N,Sp501,Ledp,0.581,0.342,0.235,0.778,0.571,0.566,0.3625,0.2074,0.285,51.786,51.85,51.818,14.262,0.847,37.34,12.5,0.694,0.17,2.22,34.8
BLK2,WE07,cN,hN,Ct,NF,CtNF,everg,dN,eY,N,N,Y,N,Sp502,Ledp,4.137,2.957,1.051,0.533,0.563,0.525,0.3739,0.3885,0.3812,46.738,43.167,44.953,11.41,0.745,47.074,10,0.6,0.32,5.84,14.9
BLK2,WE07,cN,hN,Ct,NF,CtNF,everg,dN,eY,N,N,Y,N,Sp503,Ledp,0.624,0.349,0.275,0.75,0.714,0.604,0.2589,0.2382,0.2486,43.15,47.64,45.395,12.418,0.794,43.229,8.5,0.49,0.2,2.72,12.9
BLK2,WE07,cN,hN,Ct,NF,CtNF,everg,dN,eY,N,N,Y,N,Sp504,Ledp,NA,NA,NA,0.667,0.667,NA,0.1664,0.1907,0.1786,41.6,47.675,44.638,NA,NA,NA,10.7,NA,0.13,1.94,NA
BLK2,WE07,cN,hN,Ct,NF,CtNF,everg,dN,eY,N,N,Y,N,Sp505,Ledp,NA,NA,NA,0.706,0.778,NA,0.4899,0.2755,0.3827,40.825,39.357,40.091,NA,NA,NA,13,NA,0.21,3.6,NA
BLK2,WE07,cN,hN,Ct,NF,CtNF,everg,dN,eY,N,N,Y,N,Sp506,Ledp,NA,NA,NA,0.571,0.571,NA,0.4337,0.194,0.3139,54.213,48.5,51.357,NA,NA,NA,4,NA,0.23,2.98,NA
BLK2,WE07,cN,hN,Ct,NF,CtNF,decid,dY,eN,N,Y,N,N,Sp801,Salp,NA,NA,NA,NA,NA,NA,NA,NA,NA,NA,NA,NA,NA,NA,NA,NA,NA,NA,4.65,14.3
BLK2,WE07,cN,hN,Ct,NF,CtNF,decid,dY,eN,N,Y,N,N,Sp802,Salp,0.873,0.631,0.237,0.453,0.464,0.6,3.466,3.922,3.694,144.417,150.846,147.632,17.514,1.531,28.106,14.3,1.03,0.92,13.74,59.2
BLK2,WE07,cN,hN,Ct,NF,CtNF,decid,dY,eN,N,Y,N,N,Sp803,Salp,NA,NA,NA,NA,NA,NA,NA,NA,NA,NA,NA,NA,NA,NA,NA,NA,NA,NA,NA,NA
BLK2,WE07,cN,hN,Ct,NF,CtNF,decid,dY,eN,N,Y,N,N,Sp804,Salp,NA,NA,NA,NA,NA,NA,NA,NA,NA,NA,NA,NA,NA,NA,NA,NA,NA,NA,NA,NA
BLK2,WE07,cN,hN,Ct,NF,CtNF,decid,dY,eN,N,Y,N,N,Sp805,Salp,NA,NA,NA,NA,NA,NA,NA,NA,NA,NA,NA,NA,NA,NA,NA,NA,NA,NA,NA,NA
BLK2,WE07,cN,hN,Ct,NF,CtNF,decid,dY,eN,N,Y,N,N,Sp806,Salp,NA,NA,NA,NA,NA,NA,NA,NA,NA,NA,NA,NA,NA,NA,NA,NA,NA,NA,NA,NA
BLK2,WE07,cN,hN,Ct,NF,CtNF,everg,dN,eY,N,N,N,Y,Sp101,Vacv,0.153,0.015,0.138,0.429,0.6,0.521,0.4727,0.2657,0.3692,52.522,44.283,48.403,6.8706,0.52,71.829,3.1,0.687,0.11,0.73,NA
BLK2,WE07,cN,hN,Ct,NF,CtNF,everg,dN,eY,N,N,N,Y,Sp102,Vacv,0.116,0.025,0.091,0.5,0.583,0.552,0.3244,0.3721,0.3483,64.88,53.157,59.019,7.768,0.567,64.676,1.5,0.794,0.1,0.71,33.3
BLK2,WE07,cN,hN,Ct,NF,CtNF,everg,dN,eY,N,N,N,Y,Sp103,Vacv,0.077,0.007,0.069,0.571,0.583,0.535,0.3655,0.3306,0.3481,45.688,47.229,46.459,7.9722,0.625,63.518,3.6,1.14,0.12,0.53,NA
BLK2,WE07,cN,hN,Ct,NF,CtNF,everg,dN,eY,N,N,N,Y,Sp104,Vacv,NA,NA,NA,0.636,0.583,NA,0.3312,0.3459,0.3386,47.314,49.414,48.364,NA,NA,NA,3.7,NA,0.14,0.63,NA
BLK2,WE07,cN,hN,Ct,NF,CtNF,everg,dN,eY,N,N,N,Y,Sp105,Vacv,NA,NA,NA,0.038,0.7,NA,0.5301,0.4758,0.503,88.35,67.971,78.161,NA,NA,NA,7.6,NA,0.16,0.77,NA
BLK2,WE07,cN,hN,Ct,NF,CtNF,everg,dN,eY,N,N,N,Y,Sp106,Vacv,NA,NA,NA,0.7,0.75,NA,0.3449,0.2722,0.3086,49.271,45.367,47.319,NA,NA,NA,3,NA,0.15,0.79,NA
BLK2,WE08,cY,hN,Ca,NF,CaNF,decid,dY,eN,Y,N,N,N,Sp201,Betn,2.639,2.027,0.537,0.8,0.889,0.472,1.0333,0.8985,0.9659,129.163,112.313,120.738,29.159,2.133,17.224,14.3,0.745,0.2,1.83,40.4
BLK2,WE08,cY,hN,Ca,NF,CaNF,decid,dY,eN,Y,N,N,N,Sp202,Betn,4.22,3.521,0.586,0.667,0.7,0.462,0.7865,0.7929,0.7897,131.083,113.271,122.177,22.923,1.312,22.253,11,0.823,0.64,4.98,40.8
BLK2,WE08,cY,hN,Ca,NF,CaNF,decid,dY,eN,Y,N,N,N,Sp203,Betn,9.672,8.455,0.921,0.909,0.875,0.538,1.2445,1.1264,1.1855,124.45,160.914,142.682,26.176,1.008,19.131,24.9,0.833,0.55,5.37,44.1
BLK2,WE08,cY,hN,Ca,NF,CaNF,decid,dY,eN,Y,N,N,N,Sp204,Betn,NA,NA,NA,0.857,0.857,NA,0.6504,0.6905,0.6705,108.4,115.083,111.742,NA,NA,NA,12.6,NA,1.07,5.75,NA
BLK2,WE08,cY,hN,Ca,NF,CaNF,decid,dY,eN,Y,N,N,N,Sp205,Betn,NA,NA,NA,0.8,0.8,NA,0.7167,0.6428,0.6798,179.175,160.7,169.938,NA,NA,NA,16,NA,0.35,3.77,NA
BLK2,WE08,cY,hN,Ca,NF,CaNF,decid,dY,eN,Y,N,N,N,Sp206,Betn,NA,NA,NA,0.667,0.667,NA,0.6722,0.6226,0.6474,168.05,155.65,161.85,NA,NA,NA,8.7,NA,0.87,4.6,NA
BLK2,WE08,cY,hN,Ca,NF,CaNF,everg,dN,eY,N,N,Y,N,Sp501,Ledp,0.632,0.483,0.144,0.5,0.5,0.548,0.1687,0.1512,0.16,56.233,75.6,65.917,13.386,0.967,39.439,8.5,0.557,0.28,3.15,10.7
BLK2,WE08,cY,hN,Ca,NF,CaNF,everg,dN,eY,N,N,Y,N,Sp502,Ledp,0.337,0.19,0.146,0.667,0.667,0.539,0.3378,0.2642,0.301,84.45,66.05,75.25,13.831,1.15,38.173,10.1,0.631,0.15,1.64,25
BLK2,WE08,cY,hN,Ca,NF,CaNF,everg,dN,eY,N,N,Y,N,Sp503,Ledp,1.053,0.816,0.211,0.556,0.667,0.49,0.333,0.3148,0.3239,66.6,52.467,59.534,15.29,1.058,34.556,16.5,0.545,0.21,2.62,50
BLK2,WE08,cY,hN,Ca,NF,CaNF,everg,dN,eY,N,N,Y,N,Sp504,Ledp,NA,NA,NA,0.778,0.625,NA,0.2811,0.2793,0.2802,40.157,55.86,48.009,NA,NA,NA,10.1,NA,0.14,2.29,NA
BLK2,WE08,cY,hN,Ca,NF,CaNF,everg,dN,eY,N,N,Y,N,Sp505,Ledp,NA,NA,NA,0.571,0.429,NA,0.2545,0.2289,0.2417,63.625,76.3,69.963,NA,NA,NA,10.2,NA,0.19,2.31,NA
BLK2,WE08,cY,hN,Ca,NF,CaNF,everg,dN,eY,N,N,Y,N,Sp506,Ledp,NA,NA,NA,0.571,0.5,NA,0.3642,0.3086,0.3364,91.05,77.15,84.1,NA,NA,NA,11.6,NA,0.2,3.24,NA
BLK2,WE08,cY,hN,Ca,NF,CaNF,decid,dY,eN,N,Y,N,N,Sp801,Salp,11.098,9.454,1.57,0.529,0.605,0.54,2.1951,3.0202,2.6077,121.95,116.162,119.056,12.687,1.295,37.877,15.4,0.61,1.5,8.52,56.8
BLK2,WE08,cY,hN,Ca,NF,CaNF,decid,dY,eN,N,Y,N,N,Sp802,Salp,2.673,2.254,0.412,0.576,0.5,0.524,2.6752,2.5327,2.604,140.8,168.847,154.824,16.206,1.319,29.248,11.7,0.691,0.86,3.15,24.7
BLK2,WE08,cY,hN,Ca,NF,CaNF,decid,dY,eN,N,Y,N,N,Sp803,Salp,0.634,0.393,0.228,0.484,0.485,0.447,6.3264,4.5305,5.4285,143.782,141.578,142.68,14.909,0.83,31.588,16,1.059,0.51,1.58,25
BLK2,WE08,cY,hN,Ca,NF,CaNF,decid,dY,eN,N,Y,N,N,Sp804,Salp,NA,NA,NA,NA,NA,NA,NA,NA,NA,NA,NA,NA,NA,NA,NA,NA,NA,NA,NA,NA
BLK2,WE08,cY,hN,Ca,NF,CaNF,decid,dY,eN,N,Y,N,N,Sp805,Salp,NA,NA,NA,NA,NA,NA,NA,NA,NA,NA,NA,NA,NA,NA,NA,NA,NA,NA,NA,NA
BLK2,WE08,cY,hN,Ca,NF,CaNF,decid,dY,eN,N,Y,N,N,Sp806,Salp,NA,NA,NA,NA,NA,NA,NA,NA,NA,NA,NA,NA,NA,NA,NA,NA,NA,NA,NA,NA
BLK2,WE08,cY,hN,Ca,NF,CaNF,everg,dN,eY,N,N,N,Y,Sp101,Vacv,0.122,0.017,0.105,0.556,0.6,0.533,0.4606,0.2848,0.3727,46.06,47.467,46.764,6.1071,0.486,81.294,5.3,1.603,0.09,0.53,33.3
BLK2,WE08,cY,hN,Ca,NF,CaNF,everg,dN,eY,N,N,N,Y,Sp102,Vacv,0.298,0.074,0.224,0.5,0.5,0.46,0.4876,0.4088,0.4482,60.95,58.4,59.675,12.254,0.68,41.722,4,1.148,0.15,0.8,33.3
BLK2,WE08,cY,hN,Ca,NF,CaNF,everg,dN,eY,N,N,N,Y,Sp103,Vacv,0.039,0.008,0.031,0.714,0.714,0.544,0.333,0.3136,0.3233,66.6,62.72,64.66,8.7975,0.5,56.465,4.6,0.556,0.12,0.4,50
BLK2,WE08,cY,hN,Ca,NF,CaNF,everg,dN,eY,N,N,N,Y,Sp104,Vacv,NA,NA,NA,0.615,0.833,NA,0.4873,0.5328,0.5101,60.913,53.28,57.097,NA,NA,NA,6.2,NA,0.13,0.73,NA
BLK2,WE08,cY,hN,Ca,NF,CaNF,everg,dN,eY,N,N,N,Y,Sp105,Vacv,NA,NA,NA,0.667,0.611,NA,0.6431,0.6353,0.6392,53.592,57.755,55.674,NA,NA,NA,5.9,NA,0.12,0.62,NA
BLK2,WE08,cY,hN,Ca,NF,CaNF,everg,dN,eY,N,N,N,Y,Sp106,Vacv,NA,NA,NA,0.667,0.786,NA,0.5878,0.5345,0.5612,48.983,48.591,48.787,NA,NA,NA,2.4,NA,0.12,0.74,NA
BLK2,WE09,cY,hY,W,NF,WNF,decid,dY,eN,Y,N,N,N,Sp201,Betn,2.026,1.389,0.572,0.857,0.636,0.498,0.8996,1.1025,1.0011,149.933,157.5,153.717,21.455,1.518,22.563,10.1,0.562,0.52,4.04,17.6
BLK2,WE09,cY,hY,W,NF,WNF,decid,dY,eN,Y,N,N,N,Sp202,Betn,5.834,5.445,0.343,0.667,0.857,0.647,1.1806,1.1858,1.1832,147.575,197.633,172.604,22.993,2.104,21.614,10.5,0.851,0.53,3.28,27.6
BLK2,WE09,cY,hY,W,NF,WNF,decid,dY,eN,Y,N,N,N,Sp203,Betn,2.488,2.056,0.399,0.667,0.875,0.566,1.0984,0.8799,0.9892,183.067,125.7,154.384,21.521,1.794,22.895,4.3,0.693,0.91,6.03,34.3
BLK2,WE09,cY,hY,W,NF,WNF,decid,dY,eN,Y,N,N,N,Sp204,Betn,NA,NA,NA,0.8,0.8,NA,1.0761,1.1216,1.0989,134.513,140.2,137.357,NA,NA,NA,20.5,NA,0.82,5.26,NA
BLK2,WE09,cY,hY,W,NF,WNF,decid,dY,eN,Y,N,N,N,Sp205,Betn,NA,NA,NA,0.857,0.875,NA,1.4043,1.0071,1.2057,117.025,143.871,130.448,NA,NA,NA,11.3,NA,0.53,2.94,NA
BLK2,WE09,cY,hY,W,NF,WNF,decid,dY,eN,Y,N,N,N,Sp206,Betn,NA,NA,NA,0.833,0.833,NA,0.5803,0.6011,0.5907,116.06,120.22,118.14,NA,NA,NA,12.4,NA,0.49,3.03,NA
BLK2,WE09,cY,hY,W,NF,WNF,everg,dN,eY,N,N,Y,N,Sp501,Ledp,1.018,0.834,0.18,0.5,0.625,0.495,0.2493,0.2367,0.243,49.86,47.34,48.6,13.389,1,38.373,5.9,0.589,0.32,4.18,68.8
BLK2,WE09,cY,hY,W,NF,WNF,everg,dN,eY,N,N,Y,N,Sp502,Ledp,1.096,0.562,0.527,0.625,0.714,0.521,0.2488,0.2241,0.2365,49.76,44.82,47.29,15.685,1.085,33.659,8.8,0.436,0.17,2.34,33.8
BLK2,WE09,cY,hY,W,NF,WNF,everg,dN,eY,N,N,Y,N,Sp503,Ledp,1.503,0.803,0.689,0.533,0.571,0.518,0.3792,0.394,0.3866,47.4,49.25,48.325,16.617,1.009,31.826,10.1,0.664,0.19,3.85,44.1
BLK2,WE09,cY,hY,W,NF,WNF,everg,dN,eY,N,N,Y,N,Sp504,Ledp,NA,NA,NA,0.538,0.455,NA,0.4139,0.3219,0.3679,59.129,64.38,61.755,NA,NA,NA,9.5,NA,0.17,2.52,NA
BLK2,WE09,cY,hY,W,NF,WNF,everg,dN,eY,N,N,Y,N,Sp505,Ledp,NA,NA,NA,0.5,0.625,NA,0.2029,0.2557,0.2293,67.633,51.14,59.387,NA,NA,NA,9,NA,0.21,3.33,NA
BLK2,WE09,cY,hY,W,NF,WNF,everg,dN,eY,N,N,Y,N,Sp506,Ledp,NA,NA,NA,0.615,0.6,NA,0.4011,0.3844,0.3928,50.138,64.067,57.103,NA,NA,NA,21.1,NA,0.2,2.81,NA
BLK2,WE09,cY,hY,W,NF,WNF,decid,dY,eN,N,Y,N,N,Sp801,Salp,1.911,1.532,0.379,0.483,0.643,0.412,3.7711,2.5434,3.1573,134.682,141.3,137.991,12.05,1.324,39.819,9.8,0.797,0.91,4.73,62.1
BLK2,WE09,cY,hY,W,NF,WNF,decid,dY,eN,N,Y,N,N,Sp802,Salp,4.187,3.61,0.568,0.513,0.595,0.542,2.2377,2.5465,2.3921,111.885,101.86,106.873,14.902,0.894,32.129,20.9,0.604,1.16,4.75,59.9
BLK2,WE09,cY,hY,W,NF,WNF,decid,dY,eN,N,Y,N,N,Sp803,Salp,0.649,0.543,0.106,0.591,0.667,0.517,3.1547,3.0684,3.1116,121.335,118.015,119.675,10.684,1.025,44.117,12,1.181,0.83,3.24,73.7
BLK2,WE09,cY,hY,W,NF,WNF,decid,dY,eN,N,Y,N,N,Sp804,Salp,NA,NA,NA,NA,NA,NA,NA,NA,NA,NA,NA,NA,NA,NA,NA,16.1,NA,1.1,4.57,NA
BLK2,WE09,cY,hY,W,NF,WNF,decid,dY,eN,N,Y,N,N,Sp805,Salp,NA,NA,NA,NA,NA,NA,NA,NA,NA,NA,NA,NA,NA,NA,NA,NA,NA,NA,NA,NA
BLK2,WE09,cY,hY,W,NF,WNF,decid,dY,eN,N,Y,N,N,Sp806,Salp,NA,NA,NA,NA,NA,NA,NA,NA,NA,NA,NA,NA,NA,NA,NA,NA,NA,NA,NA,NA
BLK2,WE09,cY,hY,W,NF,WNF,everg,dN,eY,N,N,N,Y,Sp101,Vacv,0.1,0.016,0.084,0.7,0.615,0.575,0.3866,0.4421,0.4144,55.229,55.263,55.246,9.2003,0.617,53.834,2,1.167,0.08,0.61,NA
BLK2,WE09,cY,hY,W,NF,WNF,everg,dN,eY,N,N,N,Y,Sp102,Vacv,0.055,0.013,0.042,0.6,0.556,0.6,0.4342,0.3536,0.3939,72.367,70.72,71.544,7.8274,1.4,62.265,4.8,0.577,0.19,0.49,NA
BLK2,WE09,cY,hY,W,NF,WNF,everg,dN,eY,N,N,N,Y,Sp103,Vacv,0.117,0.016,0.101,0.889,0.643,0.587,0.4945,0.4389,0.4667,61.813,48.767,55.29,9.5057,0.571,52.917,3.9,1.2,0.12,0.58,NA
BLK2,WE09,cY,hY,W,NF,WNF,everg,dN,eY,N,N,N,Y,Sp104,Vacv,NA,NA,NA,0.667,0.6,NA,0.2339,0.3755,0.3047,116.95,125.167,121.059,NA,NA,NA,6.9,NA,0.15,0.5,NA
BLK2,WE09,cY,hY,W,NF,WNF,everg,dN,eY,N,N,N,Y,Sp105,Vacv,NA,NA,NA,0.75,0.714,NA,0.3512,0.3147,0.333,58.533,62.94,60.737,NA,NA,NA,3,NA,0.1,0.55,NA
BLK2,WE09,cY,hY,W,NF,WNF,everg,dN,eY,N,N,N,Y,Sp106,Vacv,NA,NA,NA,0.5,0.429,NA,0.2848,0.2813,0.2831,94.933,93.767,94.35,NA,NA,NA,4.4,NA,0.1,0.53,NA
BLK2,WE10,cN,hN,Ct,F,CtF,decid,dY,eN,Y,N,N,N,Sp201,Betn,3.649,2.797,0.754,0.429,0.5,0.484,1.0476,0.9996,1.0236,174.6,166.6,170.6,40.373,4.348,12.236,15.9,0.686,0.72,4.49,31.7
BLK2,WE10,cN,hN,Ct,F,CtF,decid,dY,eN,Y,N,N,N,Sp202,Betn,2.061,1.589,0.427,0.5,0.6,0.538,1.0789,1.0286,1.0538,179.817,171.433,175.625,35.548,2.866,13.693,10.4,0.74,0.65,2.79,52.3
BLK2,WE10,cN,hN,Ct,F,CtF,decid,dY,eN,Y,N,N,N,Sp203,Betn,11.034,9.014,1.842,0.6,0.5,0.384,1.1293,1.2856,1.2075,188.217,160.7,174.459,34.327,2.997,14.452,24,0.575,0.98,6.73,32.3
BLK2,WE10,cN,hN,Ct,F,CtF,decid,dY,eN,Y,N,N,N,Sp204,Betn,NA,NA,NA,0.714,0.857,NA,0.7635,0.8348,0.7992,152.7,139.133,145.917,NA,NA,NA,18.6,NA,0.65,4.41,NA
BLK2,WE10,cN,hN,Ct,F,CtF,decid,dY,eN,Y,N,N,N,Sp205,Betn,NA,NA,NA,0.833,0.778,NA,0.8273,0.821,0.8242,165.46,117.286,141.373,NA,NA,NA,17.3,NA,0.56,5.57,NA
BLK2,WE10,cN,hN,Ct,F,CtF,decid,dY,eN,Y,N,N,N,Sp206,Betn,NA,NA,NA,0.583,0.7,NA,1.3507,1.3648,1.3578,192.957,194.971,193.964,NA,NA,NA,10.6,NA,0.51,2.56,NA
BLK2,WE10,cN,hN,Ct,F,CtF,everg,dN,eY,N,N,Y,N,Sp501,Ledp,0.986,0.617,0.365,0.5,0.667,0.51,0.329,0.247,0.288,65.8,61.75,63.775,15.182,1.019,35.268,14,0.491,0.16,2.87,50.5
BLK2,WE10,cN,hN,Ct,F,CtF,everg,dN,eY,N,N,Y,N,Sp502,Ledp,1.432,0.672,0.682,0.545,0.583,0.563,0.4204,0.3582,0.3893,70.067,51.171,60.619,15.579,1.133,33.945,10.4,0.56,0.22,3.16,57.7
BLK2,WE10,cN,hN,Ct,F,CtF,everg,dN,eY,N,N,Y,N,Sp503,Ledp,1.616,0.866,0.56,0.5,0.615,0.487,0.5171,0.4232,0.4702,64.638,52.9,58.769,16.945,1.124,31.105,11.2,0.596,0.19,3.74,36.1
BLK2,WE10,cN,hN,Ct,F,CtF,everg,dN,eY,N,N,Y,N,Sp504,Ledp,NA,NA,NA,0.556,0.5,NA,0.2557,0.257,0.2564,51.14,64.25,57.695,NA,NA,NA,15.1,NA,NA,NA,NA
BLK2,WE10,cN,hN,Ct,F,CtF,everg,dN,eY,N,N,Y,N,Sp505,Ledp,NA,NA,NA,0.588,0.692,NA,0.6131,0.4977,0.5554,61.31,55.3,58.305,NA,NA,NA,13.5,NA,0.13,2.05,NA
BLK2,WE10,cN,hN,Ct,F,CtF,everg,dN,eY,N,N,Y,N,Sp506,Ledp,NA,NA,NA,0.667,0.6,NA,0.2747,0.2602,0.2675,45.783,43.367,44.575,NA,NA,NA,12.9,NA,0.21,3.37,NA
BLK2,WE10,cN,hN,Ct,F,CtF,decid,dY,eN,N,Y,N,N,Sp801,Salp,2.145,1.445,0.688,0.529,0.554,0.44,4.705,6.3506,5.5278,104.556,94.785,99.671,18.794,1.037,25.492,14.7,1.135,0.9,2.61,15.2
BLK2,WE10,cN,hN,Ct,F,CtF,decid,dY,eN,N,Y,N,N,Sp802,Salp,1.537,0.976,0.544,0.512,0.478,0.407,2.7921,3.4316,3.1119,126.914,103.988,115.451,20.692,1.133,22.821,19.4,0.859,0.85,2.41,72.1
BLK2,WE10,cN,hN,Ct,F,CtF,decid,dY,eN,N,Y,N,N,Sp803,Salp,0.697,0.373,0.324,0.469,0.522,0.431,6.8206,5.4073,6.114,101.8,112.652,107.226,21.852,NA,21.701,14.5,0.812,0.64,1.86,91.4
BLK2,WE10,cN,hN,Ct,F,CtF,decid,dY,eN,N,Y,N,N,Sp804,Salp,NA,NA,NA,NA,NA,NA,NA,NA,NA,NA,NA,NA,NA,NA,NA,15.3,NA,1.07,3.54,NA
BLK2,WE10,cN,hN,Ct,F,CtF,decid,dY,eN,N,Y,N,N,Sp805,Salp,NA,NA,NA,NA,NA,NA,NA,NA,NA,NA,NA,NA,NA,NA,NA,NA,NA,NA,NA,NA
BLK2,WE10,cN,hN,Ct,F,CtF,decid,dY,eN,N,Y,N,N,Sp806,Salp,NA,NA,NA,NA,NA,NA,NA,NA,NA,NA,NA,NA,NA,NA,NA,NA,NA,NA,NA,NA
BLK2,WE10,cN,hN,Ct,F,CtF,everg,dN,eY,N,N,N,Y,Sp101,Vacv,0.018,0.003,0.015,NA,0.556,0.682,NA,0.4631,0.4631,NA,92.62,92.62,NA,NA,NA,4.3,0.888,NA,NA,NA
BLK2,WE10,cN,hN,Ct,F,CtF,everg,dN,eY,N,N,N,Y,Sp102,Vacv,0.042,0.008,0.034,0.5,0.75,0.567,0.3334,0.2541,0.2938,111.133,84.7,97.917,8.1164,NA,59.427,3.7,1.648,NA,NA,NA
BLK2,WE10,cN,hN,Ct,F,CtF,everg,dN,eY,N,N,N,Y,Sp103,Vacv,0.052,0.01,0.042,0.643,0.889,0.538,0.4335,0.4111,0.4223,48.167,51.388,49.778,9.0125,NA,54.128,3.5,1.632,0.1,0.41,33.3
BLK2,WE10,cN,hN,Ct,F,CtF,everg,dN,eY,N,N,N,Y,Sp104,Vacv,NA,NA,NA,0.833,0.833,NA,0.3106,0.3093,0.31,62.12,61.86,61.99,NA,NA,NA,3.9,NA,0.12,0.55,NA
BLK2,WE10,cN,hN,Ct,F,CtF,everg,dN,eY,N,N,N,Y,Sp105,Vacv,NA,NA,NA,0.727,0.6,NA,0.3318,0.3356,0.3337,41.475,55.933,48.704,NA,NA,NA,4.3,NA,0.11,0.62,NA
BLK2,WE10,cN,hN,Ct,F,CtF,everg,dN,eY,N,N,N,Y,Sp106,Vacv,NA,NA,NA,0.5,0.5,NA,0.4852,0.4433,0.4643,97.04,88.66,92.85,NA,NA,NA,4.2,NA,0.08,0.45,NA
BLK2,WE11,cY,hN,Ca,F,CaF,decid,dY,eN,Y,N,N,N,Sp201,Betn,1.468,0.987,0.435,0.417,0.714,0.404,1.0837,0.8758,0.9798,216.74,175.16,195.95,38.628,3.574,13.428,20,0.686,0.44,4.66,36.3
BLK2,WE11,cY,hN,Ca,F,CaF,decid,dY,eN,Y,N,N,N,Sp202,Betn,0.964,0.729,0.207,0.778,0.5,0.444,0.841,0.9276,0.8843,120.143,309.2,214.672,36.578,3.277,13.468,17.4,0.79,0.45,2.7,68.4
BLK2,WE11,cY,hN,Ca,F,CaF,decid,dY,eN,Y,N,N,N,Sp203,Betn,1.839,1.244,0.51,0.5,0.833,0.373,0.8352,0.8364,0.8358,208.8,167.28,188.04,34.929,3.333,13.911,18.7,0.807,0.39,3.52,73.5
BLK2,WE11,cY,hN,Ca,F,CaF,decid,dY,eN,Y,N,N,N,Sp204,Betn,NA,NA,NA,0.7,0.667,NA,1.2809,1.2738,1.2774,182.986,159.225,171.106,NA,NA,NA,20.3,NA,0.45,2.87,NA
BLK2,WE11,cY,hN,Ca,F,CaF,decid,dY,eN,Y,N,N,N,Sp205,Betn,NA,NA,NA,0.857,0.7,NA,0.8144,1.0057,0.9101,135.733,143.671,139.702,NA,NA,NA,25.5,NA,0.95,5.83,NA
BLK2,WE11,cY,hN,Ca,F,CaF,decid,dY,eN,Y,N,N,N,Sp206,Betn,NA,NA,NA,0.583,0.692,NA,1.6979,1.3435,1.5207,242.557,149.278,195.918,NA,NA,NA,17.9,NA,0.55,3.56,NA
BLK2,WE11,cY,hN,Ca,F,CaF,everg,dN,eY,N,N,Y,N,Sp501,Ledp,4.347,3.416,0.93,0.524,0.545,0.449,0.5691,0.6102,0.5897,51.736,50.85,51.293,20.788,0.949,24.291,15,0.523,0.21,4.03,30.3
BLK2,WE11,cY,hN,Ca,F,CaF,everg,dN,eY,N,N,Y,N,Sp502,Ledp,0.707,0.362,0.342,0.5,0.545,0.453,0.3608,0.311,0.3359,60.133,51.833,55.983,NA,0.931,NA,18.7,0.56,NA,NA,34.1
BLK2,WE11,cY,hN,Ca,F,CaF,everg,dN,eY,N,N,Y,N,Sp503,Ledp,0.419,0.241,0.175,0.533,0.583,0.504,0.3909,0.3845,0.3877,48.863,54.929,51.896,23.128,1.3,19.32,26.3,0.606,0.21,3,39
BLK2,WE11,cY,hN,Ca,F,CaF,everg,dN,eY,N,N,Y,N,Sp504,Ledp,NA,NA,NA,0.545,0.583,NA,0.3348,0.3319,0.3334,55.8,47.414,51.607,NA,NA,NA,10,NA,0.26,3.71,NA
BLK2,WE11,cY,hN,Ca,F,CaF,everg,dN,eY,N,N,Y,N,Sp505,Ledp,NA,NA,NA,0.538,0.467,NA,0.4269,0.4398,0.4334,60.986,62.829,61.908,NA,NA,NA,15.7,NA,NA,NA,NA
BLK2,WE11,cY,hN,Ca,F,CaF,everg,dN,eY,N,N,Y,N,Sp506,Ledp,NA,NA,NA,0.545,0.636,NA,0.3696,0.3882,0.3789,61.6,55.457,58.529,NA,NA,NA,15.5,NA,0.15,2.3,NA
BLK2,WE11,cY,hN,Ca,F,CaF,decid,dY,eN,N,Y,N,N,Sp801,Salp,4.875,3.676,1.123,0.5,0.583,0.396,6.5829,3.9626,5.2728,96.807,188.695,142.751,16.795,1.003,34.318,16.4,0.619,1.34,5.87,32.2
BLK2,WE11,cY,hN,Ca,F,CaF,decid,dY,eN,N,Y,N,N,Sp802,Salp,2.563,2.068,0.484,0.543,0.567,0.429,3.8947,1.8845,2.8896,102.492,110.853,106.673,12.427,0.795,28.356,20.3,0.848,0.99,4.4,29.4
BLK2,WE11,cY,hN,Ca,F,CaF,decid,dY,eN,N,Y,N,N,Sp803,Salp,1.273,0.809,0.444,0.6,0.588,0.419,3.8282,4.0125,3.9204,141.785,133.75,137.768,15.66,0.979,32.064,14.4,1.072,0.7,2.82,53.5
BLK2,WE11,cY,hN,Ca,F,CaF,decid,dY,eN,N,Y,N,N,Sp804,Salp,NA,NA,NA,0.657,0.776,NA,5.0276,3.4475,4.2376,109.296,90.724,100.01,NA,NA,NA,26.5,NA,NA,NA,NA
BLK2,WE11,cY,hN,Ca,F,CaF,decid,dY,eN,N,Y,N,N,Sp805,Salp,NA,NA,NA,NA,NA,NA,NA,NA,NA,NA,NA,NA,NA,NA,NA,NA,NA,NA,NA,NA
BLK2,WE11,cY,hN,Ca,F,CaF,decid,dY,eN,N,Y,N,N,Sp806,Salp,NA,NA,NA,NA,NA,NA,NA,NA,NA,NA,NA,NA,NA,NA,NA,NA,NA,NA,NA,NA
BLK2,WE11,cY,hN,Ca,F,CaF,everg,dN,eY,N,N,N,Y,Sp101,Vacv,0.318,0.074,0.241,0.52,0.583,0.502,0.6404,0.7107,0.6756,49.262,50.764,50.013,9.4987,0.792,63.028,10.1,0.938,0.15,0.82,40
BLK2,WE11,cY,hN,Ca,F,CaF,everg,dN,eY,N,N,N,Y,Sp102,Vacv,0.192,0.027,0.162,0.571,0.583,0.485,0.3263,0.4521,0.3892,81.575,64.586,73.081,10.778,0.564,46.979,3.9,1.25,0.15,0.7,NA
BLK2,WE11,cY,hN,Ca,F,CaF,everg,dN,eY,N,N,N,Y,Sp103,Vacv,0.123,0.016,0.107,0.444,0.467,0.453,0.5027,0.4805,0.4916,62.838,68.643,65.741,8.4804,0.688,50.098,5.8,1.108,0.08,0.53,NA
BLK2,WE11,cY,hN,Ca,F,CaF,everg,dN,eY,N,N,N,Y,Sp104,Vacv,NA,NA,NA,0.5,0.5,NA,0.7451,0.6923,0.7187,82.789,98.9,90.845,NA,NA,NA,5.9,NA,0.14,0.78,NA
BLK2,WE11,cY,hN,Ca,F,CaF,everg,dN,eY,N,N,N,Y,Sp105,Vacv,NA,NA,NA,0.417,0.524,NA,0.4627,0.5983,0.5305,92.54,54.391,73.466,NA,NA,NA,10.1,NA,0.12,0.87,NA
BLK2,WE11,cY,hN,Ca,F,CaF,everg,dN,eY,N,N,N,Y,Sp106,Vacv,NA,NA,NA,0.571,0.615,NA,0.6364,0.4987,0.5676,79.55,62.338,70.944,NA,NA,NA,6.8,NA,0.12,0.57,NA
BLK2,WE12,cY,hY,W,F,WF,decid,dY,eN,Y,N,N,N,Sp201,Betn,9.542,6.732,2.6,0.545,0.538,0.402,1.5375,1.8243,1.6809,128.125,130.307,129.216,45.495,2.506,14.117,31,0.659,0.54,3.77,53
BLK2,WE12,cY,hY,W,F,WF,decid,dY,eN,Y,N,N,N,Sp202,Betn,5.162,4.144,0.956,0.545,0.462,0.406,0.9399,1.103,1.0215,156.65,183.833,170.242,32.499,3.207,15.306,20.1,0.944,0.74,5.41,41.6
BLK2,WE12,cY,hY,W,F,WF,decid,dY,eN,Y,N,N,N,Sp203,Betn,2.196,1.591,0.551,0.4,0.522,0.477,1.7678,2.1663,1.9671,220.975,180.525,200.75,10.72,4.124,37.316,15.5,0.774,0.48,2.83,44.9
BLK2,WE12,cY,hY,W,F,WF,decid,dY,eN,Y,N,N,N,Sp204,Betn,NA,NA,NA,0.556,0.6,NA,0.9824,0.9856,0.984,196.48,164.267,180.374,NA,NA,NA,13,NA,0.3,2.73,NA
BLK2,WE12,cY,hY,W,F,WF,decid,dY,eN,Y,N,N,N,Sp205,Betn,NA,NA,NA,0.533,0.571,NA,1.4764,1.1224,1.2994,184.55,140.3,162.425,NA,NA,NA,19.3,NA,0.66,5.44,NA
BLK2,WE12,cY,hY,W,F,WF,decid,dY,eN,Y,N,N,N,Sp206,Betn,NA,NA,NA,0.7,0.6,NA,1.0992,1.0527,1.076,157.029,175.45,166.24,NA,NA,NA,10.4,NA,0.6,5.63,NA
BLK2,WE12,cY,hY,W,F,WF,everg,dN,eY,N,N,Y,N,Sp501,Ledp,0.42,0.159,0.261,0.429,0.5,0.497,0.4284,0.356,0.3922,71.4,71.2,71.3,NA,NA,NA,10.9,0.559,0.12,1.68,60.6
BLK2,WE12,cY,hY,W,F,WF,everg,dN,eY,N,N,Y,N,Sp502,Ledp,0.273,0.098,0.165,0.462,0.538,0.427,0.3856,0.4113,0.3985,64.267,58.757,61.512,19.644,2.786,21.532,12.9,0.536,0.19,1.92,42.9
BLK2,WE12,cY,hY,W,F,WF,everg,dN,eY,N,N,Y,N,Sp503,Ledp,3.122,1.964,1.006,0.5,0.545,0.427,0.336,0.3415,0.3388,67.2,56.917,62.059,19.823,1.345,20.594,16.8,0.559,0.22,3.6,19.4
BLK2,WE12,cY,hY,W,F,WF,everg,dN,eY,N,N,Y,N,Sp504,Ledp,NA,NA,NA,0.5,0.625,NA,0.4175,0.3589,0.3882,69.583,71.78,70.682,NA,NA,NA,16.3,NA,0.15,3.19,NA
BLK2,WE12,cY,hY,W,F,WF,everg,dN,eY,N,N,Y,N,Sp505,Ledp,NA,NA,NA,0.5,0.5,NA,0.6765,0.6459,0.6612,61.5,64.59,63.045,NA,NA,NA,15.6,NA,0.15,2.82,NA
BLK2,WE12,cY,hY,W,F,WF,everg,dN,eY,N,N,Y,N,Sp506,Ledp,NA,NA,NA,0.421,0.471,NA,0.6383,0.5661,0.6022,79.788,70.763,75.276,NA,NA,NA,19.2,NA,0.3,5.78,NA
BLK2,WE12,cY,hY,W,F,WF,decid,dY,eN,N,Y,N,N,Sp801,Salp,0.544,0.366,0.176,0.487,0.5,0.387,4.4057,3.6396,4.0227,115.939,125.503,120.721,22.539,2.425,27.182,16.8,0.528,0.85,3.37,65.5
BLK2,WE12,cY,hY,W,F,WF,decid,dY,eN,N,Y,N,N,Sp802,Salp,3.555,2.147,1.384,0.485,0.5,0.367,8.9929,3.3245,6.1587,136.256,195.559,165.908,21.511,0.771,27.814,18.9,0.883,1.03,3.51,35.3
BLK2,WE12,cY,hY,W,F,WF,decid,dY,eN,N,Y,N,N,Sp803,Salp,1.165,0.801,0.359,0.483,0.556,0.733,4.5571,1.5681,3.0626,157.141,156.81,156.976,14.298,0.407,33.165,21.5,0.651,0.9,3.09,76.3
BLK2,WE12,cY,hY,W,F,WF,decid,dY,eN,N,Y,N,N,Sp804,Salp,NA,NA,NA,NA,NA,NA,NA,NA,NA,NA,NA,NA,NA,NA,NA,NA,NA,NA,NA,NA
BLK2,WE12,cY,hY,W,F,WF,decid,dY,eN,N,Y,N,N,Sp805,Salp,NA,NA,NA,NA,NA,NA,NA,NA,NA,NA,NA,NA,NA,NA,NA,NA,NA,NA,NA,NA
BLK2,WE12,cY,hY,W,F,WF,decid,dY,eN,N,Y,N,N,Sp806,Salp,NA,NA,NA,NA,NA,NA,NA,NA,NA,NA,NA,NA,NA,NA,NA,NA,NA,NA,NA,NA
BLK2,WE12,cY,hY,W,F,WF,everg,dN,eY,N,N,N,Y,Sp101,Vacv,0.188,0.031,0.157,0.045,0.444,0.326,0.5216,0.6059,0.5638,104.32,75.738,90.029,15.848,0.969,43.44,5.5,1.19,0.08,0.59,50
BLK2,WE12,cY,hY,W,F,WF,everg,dN,eY,N,N,N,Y,Sp102,Vacv,0.74,0.129,0.61,0.348,0.5,0.433,0.6562,0.4402,0.5482,82.025,62.886,72.456,13.431,0.837,36.976,5.4,1.31,0.15,1.27,12.5
BLK2,WE12,cY,hY,W,F,WF,everg,dN,eY,N,N,N,Y,Sp103,Vacv,0.583,0.119,0.461,0.429,0.421,0.406,0.5618,0.6331,0.5975,93.633,79.138,86.386,11.061,0.674,33.98,5.7,0.531,0.18,1.29,66.7
BLK2,WE12,cY,hY,W,F,WF,everg,dN,eY,N,N,N,Y,Sp104,Vacv,NA,NA,NA,0.563,0.429,NA,0.5672,0.5668,0.567,63.022,94.467,78.745,NA,NA,NA,6,NA,0.09,0.81,NA
BLK2,WE12,cY,hY,W,F,WF,everg,dN,eY,N,N,N,Y,Sp105,Vacv,NA,NA,NA,0.5,0.563,NA,0.6007,0.6575,0.6291,85.814,73.056,79.435,NA,NA,NA,7.7,NA,0.17,0.63,NA
BLK2,WE12,cY,hY,W,F,WF,everg,dN,eY,N,N,N,Y,Sp106,Vacv,NA,NA,NA,0.375,0.429,NA,0.6939,0.649,0.6715,115.65,108.167,111.909,NA,NA,NA,7,NA,0.18,0.7,NA
BLK3,WE13,cN,hN,Ct,NF,CtNF,decid,dY,eN,Y,N,N,N,Sp201,Betn,0.984,0.729,0.236,0.533,0.5,0.439,0.9707,0.9947,0.9827,121.338,124.338,122.838,25.236,1.86,19.468,6.7,0.987,0.47,3.22,26.5
BLK3,WE13,cN,hN,Ct,NF,CtNF,decid,dY,eN,Y,N,N,N,Sp202,Betn,2.402,1.569,0.726,0.545,0.571,0.481,0.9812,1.1199,1.0506,163.533,139.988,151.761,23.238,1.452,21.936,10.1,0.725,0.29,3.6,36
BLK3,WE13,cN,hN,Ct,NF,CtNF,decid,dY,eN,Y,N,N,N,Sp203,Betn,1.451,0.983,0.387,0.5,0.667,0.512,0.6979,1.0466,0.8723,139.58,130.825,135.203,27.716,2.373,18.268,26.5,0.806,0.43,2.36,38.3
BLK3,WE13,cN,hN,Ct,NF,CtNF,decid,dY,eN,Y,N,N,N,Sp204,Betn,NA,NA,NA,0.448,0.5,NA,1.3707,0.875,1.1229,105.438,125,115.219,NA,NA,NA,7.5,NA,0.66,5.59,NA
BLK3,WE13,cN,hN,Ct,NF,CtNF,decid,dY,eN,Y,N,N,N,Sp205,Betn,NA,NA,NA,0.435,0.5,NA,1.2108,0.7172,0.964,121.08,119.533,120.307,NA,NA,NA,8,NA,0.56,3.26,NA
BLK3,WE13,cN,hN,Ct,NF,CtNF,decid,dY,eN,Y,N,N,N,Sp206,Betn,NA,NA,NA,0.5,0.462,NA,0.8837,0.977,0.9304,176.74,162.833,169.787,NA,NA,NA,10.5,NA,0.41,3.12,NA
BLK3,WE13,cN,hN,Ct,NF,CtNF,everg,dN,eY,N,N,Y,N,Sp501,Ledp,1.113,0.63,0.453,0.667,0.714,0.521,0.2404,0.2004,0.2204,40.067,40.08,40.074,12.75,0.806,41.855,10.1,0.534,0.18,2.4,36.7
BLK3,WE13,cN,hN,Ct,NF,CtNF,everg,dN,eY,N,N,Y,N,Sp502,Ledp,1.718,0.991,0.714,0.75,0.667,0.573,0.258,0.2941,0.2761,43,49.017,46.009,13.69,0.957,39.325,10.2,0.457,0.24,3.4,46.9
BLK3,WE13,cN,hN,Ct,NF,CtNF,everg,dN,eY,N,N,Y,N,Sp503,Ledp,0.979,0.582,0.392,0.769,0.75,0.506,0.4677,0.4356,0.4517,46.77,48.4,47.585,12.924,0.816,41.875,14.5,0.55,0.15,2.08,50
BLK3,WE13,cN,hN,Ct,NF,CtNF,everg,dN,eY,N,N,Y,N,Sp504,Ledp,NA,NA,NA,0.5,0.529,NA,0.3816,0.4213,0.4015,63.6,46.811,55.206,NA,NA,NA,11.4,NA,0.17,2.57,NA
BLK3,WE13,cN,hN,Ct,NF,CtNF,everg,dN,eY,N,N,Y,N,Sp505,Ledp,NA,NA,NA,0.583,0.6,NA,0.3259,0.3005,0.3132,46.557,50.083,48.32,NA,NA,NA,8.5,NA,0.23,3.47,NA
BLK3,WE13,cN,hN,Ct,NF,CtNF,everg,dN,eY,N,N,Y,N,Sp506,Ledp,NA,NA,NA,0.8,0.6,NA,0.1704,0.1363,0.1534,42.6,45.433,44.017,NA,NA,NA,10.4,NA,0.17,2.38,NA
BLK3,WE13,cN,hN,Ct,NF,CtNF,decid,dY,eN,N,Y,N,N,Sp801,Salp,9.311,6.702,2.515,0.58,0.531,0.433,3.037,2.7303,2.8837,104.724,105.012,104.868,16.95,1.089,28.148,12.5,0.754,1.06,4.31,56.5
BLK3,WE13,cN,hN,Ct,NF,CtNF,decid,dY,eN,N,Y,N,N,Sp802,Salp,NA,NA,NA,NA,NA,NA,NA,NA,NA,NA,NA,NA,NA,NA,NA,NA,NA,NA,NA,NA
BLK3,WE13,cN,hN,Ct,NF,CtNF,decid,dY,eN,N,Y,N,N,Sp803,Salp,NA,NA,NA,NA,NA,NA,NA,NA,NA,NA,NA,NA,NA,NA,NA,NA,NA,NA,NA,NA
BLK3,WE13,cN,hN,Ct,NF,CtNF,decid,dY,eN,N,Y,N,N,Sp804,Salp,NA,NA,NA,NA,NA,NA,NA,NA,NA,NA,NA,NA,NA,NA,NA,NA,NA,NA,NA,NA
BLK3,WE13,cN,hN,Ct,NF,CtNF,decid,dY,eN,N,Y,N,N,Sp805,Salp,NA,NA,NA,NA,NA,NA,NA,NA,NA,NA,NA,NA,NA,NA,NA,NA,NA,NA,NA,NA
BLK3,WE13,cN,hN,Ct,NF,CtNF,decid,dY,eN,N,Y,N,N,Sp806,Salp,NA,NA,NA,NA,NA,NA,NA,NA,NA,NA,NA,NA,NA,NA,NA,NA,NA,NA,NA,NA
BLK3,WE13,cN,hN,Ct,NF,CtNF,everg,dN,eY,N,N,N,Y,Sp101,Vacv,0.104,0.013,0.091,0.579,0.647,0.52,0.4503,0.4664,0.4584,40.936,42.4,41.668,8.3346,0.66,60.917,2.5,0.658,0.13,0.96,20
BLK3,WE13,cN,hN,Ct,NF,CtNF,everg,dN,eY,N,N,N,Y,Sp102,Vacv,0.102,0.011,0.091,0.667,0.727,0.565,0.315,0.3355,0.3253,39.375,41.938,40.657,6.4564,0.517,79.182,2.8,1.465,0.07,0.55,50
BLK3,WE13,cN,hN,Ct,NF,CtNF,everg,dN,eY,N,N,N,Y,Sp103,Vacv,0.228,0.012,0.214,0.611,0.692,0.55,0.4487,0.3616,0.4052,40.791,40.178,40.485,6.4449,0.433,78.854,4.9,0.682,0.1,0.99,NA
BLK3,WE13,cN,hN,Ct,NF,CtNF,everg,dN,eY,N,N,N,Y,Sp104,Vacv,NA,NA,NA,0.75,0.6,NA,0.3104,0.2736,0.292,103.467,91.2,97.334,NA,NA,NA,3.2,NA,0.08,0.43,NA
BLK3,WE13,cN,hN,Ct,NF,CtNF,everg,dN,eY,N,N,N,Y,Sp105,Vacv,NA,NA,NA,0.636,0.5,NA,0.3703,0.2562,0.3133,52.9,85.4,69.15,NA,NA,NA,3,NA,0.1,0.53,NA
BLK3,WE13,cN,hN,Ct,NF,CtNF,everg,dN,eY,N,N,N,Y,Sp106,Vacv,NA,NA,NA,0.545,0.857,NA,0.339,0.291,0.315,56.5,48.5,52.5,NA,NA,NA,3.6,NA,0.09,0.7,NA
BLK3,WE14,cY,hN,Ca,NF,CaNF,decid,dY,eN,Y,N,N,N,Sp201,Betn,11.974,9.614,1.891,0.5,0.6,0.459,1.0798,0.7979,0.9389,119.978,132.983,126.481,24.431,1.781,20.164,20.4,0.767,1.22,9.03,40.3
BLK3,WE14,cY,hN,Ca,NF,CaNF,decid,dY,eN,Y,N,N,N,Sp202,Betn,6.841,5.97,0.773,0.643,0.364,0.536,0.9993,0.873,0.9362,111.033,218.25,164.642,26.379,2.018,19.507,18.3,0.74,0.6,5.82,35.8
BLK3,WE14,cY,hN,Ca,NF,CaNF,decid,dY,eN,Y,N,N,N,Sp203,Betn,0.618,0.41,0.191,0.636,0.5,0.758,1.0161,0.9723,0.9942,145.157,162.05,153.604,22.152,1.714,22.223,12.2,0.647,0.45,2.94,24.4
BLK3,WE14,cY,hN,Ca,NF,CaNF,decid,dY,eN,Y,N,N,N,Sp204,Betn,NA,NA,NA,0.375,0.263,NA,0.7964,0.6927,0.7446,132.733,138.54,135.637,NA,NA,NA,17,NA,0.62,9.07,NA
BLK3,WE14,cY,hN,Ca,NF,CaNF,decid,dY,eN,Y,N,N,N,Sp205,Betn,NA,NA,NA,0.6,0.571,NA,1.006,0.8807,0.9434,167.667,110.088,138.878,NA,NA,NA,14.7,NA,0.38,3.69,NA
BLK3,WE14,cY,hN,Ca,NF,CaNF,decid,dY,eN,Y,N,N,N,Sp206,Betn,NA,NA,NA,0.467,0.5,NA,0.9181,0.8645,0.8913,131.157,123.5,127.329,NA,NA,NA,16.2,NA,0.62,3.83,NA
BLK3,WE14,cY,hN,Ca,NF,CaNF,everg,dN,eY,N,N,Y,N,Sp501,Ledp,0.776,0.485,0.273,0.5,0.714,0.555,0.2147,0.2499,0.2323,53.675,49.98,51.828,17.053,1.565,28.685,8.6,0.566,0.1,1.7,25.9
BLK3,WE14,cY,hN,Ca,NF,CaNF,everg,dN,eY,N,N,Y,N,Sp502,Ledp,0.556,0.224,0.33,0.909,0.636,0.549,0.4743,0.3628,0.4186,47.43,51.829,49.63,11.98,0.727,44.015,8.5,0.541,0.15,2.89,28.9
BLK3,WE14,cY,hN,Ca,NF,CaNF,everg,dN,eY,N,N,Y,N,Sp503,Ledp,0.802,0.509,0.291,0.857,0.8,0.601,0.2536,0.1741,0.2139,42.267,43.525,42.896,14.471,0.833,37.541,14.9,0.422,0.24,3.1,50
BLK3,WE14,cY,hN,Ca,NF,CaNF,everg,dN,eY,N,N,Y,N,Sp504,Ledp,NA,NA,NA,0.8,0.571,NA,0.1779,0.2262,0.2021,44.475,56.55,50.513,NA,NA,NA,10.3,NA,0.1,1.76,NA
BLK3,WE14,cY,hN,Ca,NF,CaNF,everg,dN,eY,N,N,Y,N,Sp505,Ledp,NA,NA,NA,0.625,0.5,NA,0.2686,0.3144,0.2915,53.72,62.88,58.3,NA,NA,NA,7.4,NA,0.11,1.64,NA
BLK3,WE14,cY,hN,Ca,NF,CaNF,everg,dN,eY,N,N,Y,N,Sp506,Ledp,NA,NA,NA,0.5,0.545,NA,0.289,0.3327,0.3109,57.8,55.45,56.625,NA,NA,NA,9.4,NA,0.19,2.84,NA
BLK3,WE14,cY,hN,Ca,NF,CaNF,decid,dY,eN,N,Y,N,N,Sp801,Salp,5.817,4.321,1.425,0.457,0.52,0.457,4.2184,3.0942,3.6563,114.011,119.008,116.51,14.551,1.38,32.458,9.4,0.641,0.9,5.44,38.3
BLK3,WE14,cY,hN,Ca,NF,CaNF,decid,dY,eN,N,Y,N,N,Sp802,Salp,2.42,1.966,0.448,0.515,0.5,0.396,3.3613,4.8977,4.1295,98.862,113.9,106.381,17.996,1.358,25.84,7.4,0.679,1.24,5.41,52.2
BLK3,WE14,cY,hN,Ca,NF,CaNF,decid,dY,eN,N,Y,N,N,Sp803,Salp,1.805,1.463,0.324,0.492,0.5,0.381,3.4213,2.3791,2.9002,117.976,125.216,121.596,19.091,1.707,24.319,14.5,0.858,1.26,5.22,42.6
BLK3,WE14,cY,hN,Ca,NF,CaNF,decid,dY,eN,N,Y,N,N,Sp804,Salp,NA,NA,NA,NA,NA,NA,NA,NA,NA,NA,NA,NA,NA,NA,NA,NA,NA,NA,NA,NA
BLK3,WE14,cY,hN,Ca,NF,CaNF,decid,dY,eN,N,Y,N,N,Sp805,Salp,NA,NA,NA,NA,NA,NA,NA,NA,NA,NA,NA,NA,NA,NA,NA,NA,NA,NA,NA,NA
BLK3,WE14,cY,hN,Ca,NF,CaNF,decid,dY,eN,N,Y,N,N,Sp806,Salp,NA,NA,NA,NA,NA,NA,NA,NA,NA,NA,NA,NA,NA,NA,NA,NA,NA,NA,NA,NA
BLK3,WE14,cY,hN,Ca,NF,CaNF,everg,dN,eY,N,N,N,Y,Sp101,Vacv,0.041,0.007,0.034,0.5,0.667,0.576,0.1836,0.2054,0.1945,61.2,102.7,81.95,7.4282,0.8,67.148,4,0.455,0.11,0.57,NA
BLK3,WE14,cY,hN,Ca,NF,CaNF,everg,dN,eY,N,N,N,Y,Sp102,Vacv,0.161,0.016,0.145,0.571,0.875,0.571,0.2998,0.3363,0.3181,74.95,48.043,61.497,5.8958,0.407,87.295,7.5,0.744,0.18,0.69,NA
BLK3,WE14,cY,hN,Ca,NF,CaNF,everg,dN,eY,N,N,N,Y,Sp103,Vacv,0.074,0.011,0.063,0.714,0.714,0.558,0.3455,0.3213,0.3334,69.1,64.26,66.68,7.1145,0.541,70.289,5,0.709,NA,NA,75
BLK3,WE14,cY,hN,Ca,NF,CaNF,everg,dN,eY,N,N,N,Y,Sp104,Vacv,NA,NA,NA,0.875,0.643,NA,0.3538,0.3699,0.3619,50.543,41.1,45.822,NA,NA,NA,5.4,NA,0.14,0.91,NA
BLK3,WE14,cY,hN,Ca,NF,CaNF,everg,dN,eY,N,N,N,Y,Sp105,Vacv,NA,NA,NA,0.778,0.6,NA,0.3066,0.2886,0.2976,43.8,48.1,45.95,NA,NA,NA,4.5,NA,0.07,0.58,NA
BLK3,WE14,cY,hN,Ca,NF,CaNF,everg,dN,eY,N,N,N,Y,Sp106,Vacv,NA,NA,NA,0.75,0.75,NA,0.2134,0.117,0.1652,71.133,39,55.067,NA,NA,NA,3.6,NA,0.07,0.58,NA
BLK3,WE15,cY,hY,W,NF,WNF,decid,dY,eN,Y,N,N,N,Sp201,Betn,0.201,0.135,0.064,0.476,0.611,0.634,1.2218,1.3522,1.287,122.18,122.927,122.554,25.717,2.733,18.853,10.5,0.47,0.26,1.4,10
BLK3,WE15,cY,hY,W,NF,WNF,decid,dY,eN,Y,N,N,N,Sp202,Betn,0.742,0.481,0.259,0.714,0.667,0.644,0.6661,0.8147,0.7404,133.22,135.783,134.502,29.541,2.113,17.753,14.9,0.828,0.47,2.33,19.4
BLK3,WE15,cY,hY,W,NF,WNF,decid,dY,eN,Y,N,N,N,Sp203,Betn,0.921,0.615,0.303,0.714,0.714,0.746,0.7519,0.6397,0.6958,150.38,127.94,139.16,27.473,3.294,18.298,22.4,0.396,0.51,2.66,32.6
BLK3,WE15,cY,hY,W,NF,WNF,decid,dY,eN,Y,N,N,N,Sp204,Betn,NA,NA,NA,0.563,0.5,NA,1.3206,0.9412,1.1309,146.733,188.24,167.487,NA,NA,NA,16.3,NA,1.23,3.44,NA
BLK3,WE15,cY,hY,W,NF,WNF,decid,dY,eN,Y,N,N,N,Sp205,Betn,NA,NA,NA,0.385,0.5,NA,0.8258,0.7812,0.8035,165.16,156.24,160.7,NA,NA,NA,15.7,NA,0.8,5.25,NA
BLK3,WE15,cY,hY,W,NF,WNF,decid,dY,eN,Y,N,N,N,Sp206,Betn,NA,NA,NA,0.625,0.5,NA,0.6543,0.9346,0.7945,130.86,155.767,143.314,NA,NA,NA,20.6,NA,0.54,4.83,NA
BLK3,WE15,cY,hY,W,NF,WNF,everg,dN,eY,N,N,Y,N,Sp501,Ledp,0.479,0.153,0.326,0.444,0.667,0.549,0.2692,0.3121,0.2907,67.3,52.017,59.659,14.463,1,37.724,8.1,0.669,0.15,2.45,35.5
BLK3,WE15,cY,hY,W,NF,WNF,everg,dN,eY,N,N,Y,N,Sp502,Ledp,1.383,0.616,0.735,0.529,0.526,0.508,0.4983,0.5349,0.5166,55.367,53.49,54.429,36.156,3,13.978,14.4,0.451,0.18,3.29,47.3
BLK3,WE15,cY,hY,W,NF,WNF,everg,dN,eY,N,N,Y,N,Sp503,Ledp,2.297,1.34,0.957,0.417,0.556,0.531,0.3306,0.3704,0.3505,66.12,74.08,70.1,16.13,1.019,34.208,8.9,0.551,0.21,3.56,31.3
BLK3,WE15,cY,hY,W,NF,WNF,everg,dN,eY,N,N,Y,N,Sp504,Ledp,NA,NA,NA,0.5,0.6,NA,0.1464,0.1602,0.1533,73.2,53.4,63.3,NA,NA,NA,11.2,NA,0.16,2.72,NA
BLK3,WE15,cY,hY,W,NF,WNF,everg,dN,eY,N,N,Y,N,Sp505,Ledp,NA,NA,NA,0.571,0.571,NA,0.2344,0.251,0.2427,58.6,62.75,60.675,NA,NA,NA,9.2,NA,0.21,3.66,NA
BLK3,WE15,cY,hY,W,NF,WNF,everg,dN,eY,N,N,Y,N,Sp506,Ledp,NA,NA,NA,0.538,0.5,NA,0.4046,0.3482,0.3764,57.8,58.033,57.917,NA,NA,NA,11.8,NA,0.15,2.58,NA
BLK3,WE15,cY,hY,W,NF,WNF,decid,dY,eN,N,Y,N,N,Sp801,Salp,1.488,1.177,0.309,0.474,0.653,0.548,2.6531,4.0198,3.3365,147.394,125.619,136.507,14.287,1.073,33.542,14,0.605,0.98,3.25,32.5
BLK3,WE15,cY,hY,W,NF,WNF,decid,dY,eN,N,Y,N,N,Sp802,Salp,NA,NA,NA,NA,NA,NA,NA,NA,NA,NA,NA,NA,NA,NA,NA,NA,NA,NA,NA,NA
BLK3,WE15,cY,hY,W,NF,WNF,decid,dY,eN,N,Y,N,N,Sp803,Salp,NA,NA,NA,NA,NA,NA,NA,NA,NA,NA,NA,NA,NA,NA,NA,NA,NA,NA,NA,NA
BLK3,WE15,cY,hY,W,NF,WNF,decid,dY,eN,N,Y,N,N,Sp804,Salp,NA,NA,NA,NA,NA,NA,NA,NA,NA,NA,NA,NA,NA,NA,NA,NA,NA,NA,NA,NA
BLK3,WE15,cY,hY,W,NF,WNF,decid,dY,eN,N,Y,N,N,Sp805,Salp,NA,NA,NA,NA,NA,NA,NA,NA,NA,NA,NA,NA,NA,NA,NA,NA,NA,NA,NA,NA
BLK3,WE15,cY,hY,W,NF,WNF,decid,dY,eN,N,Y,N,N,Sp806,Salp,NA,NA,NA,NA,NA,NA,NA,NA,NA,NA,NA,NA,NA,NA,NA,NA,NA,NA,NA,NA
BLK3,WE15,cY,hY,W,NF,WNF,everg,dN,eY,N,N,N,Y,Sp101,Vacv,0.338,0.054,0.283,0.333,0.5,0.492,0.5341,0.516,0.5251,89.017,73.714,81.366,8.5279,0.574,60.215,4.4,0.842,0.13,0.93,50
BLK3,WE15,cY,hY,W,NF,WNF,everg,dN,eY,N,N,N,Y,Sp102,Vacv,0.15,0.02,0.129,0.556,0.462,0.508,0.5014,0.4206,0.461,50.14,70.1,60.12,12.228,1.111,41.456,4.3,0.714,0.14,0.85,NA
BLK3,WE15,cY,hY,W,NF,WNF,everg,dN,eY,N,N,N,Y,Sp103,Vacv,0.161,0.062,0.099,0.7,0.636,0.503,0.3124,0.3421,0.3273,44.629,48.871,46.75,11.537,0.786,43.8,5.7,0.868,0.11,0.89,40
BLK3,WE15,cY,hY,W,NF,WNF,everg,dN,eY,N,N,N,Y,Sp104,Vacv,NA,NA,NA,0.545,0.5,NA,0.3481,0.3637,0.3559,58.017,72.74,65.379,NA,NA,NA,6.5,NA,0.12,0.58,NA
BLK3,WE15,cY,hY,W,NF,WNF,everg,dN,eY,N,N,N,Y,Sp105,Vacv,NA,NA,NA,0.625,0.615,NA,0.4519,0.39,0.421,45.19,48.75,46.97,NA,NA,NA,4.1,NA,0.12,0.77,NA
BLK3,WE15,cY,hY,W,NF,WNF,everg,dN,eY,N,N,N,Y,Sp106,Vacv,NA,NA,NA,0.4,0.357,NA,0.5643,0.4794,0.5219,94.05,95.88,94.965,NA,NA,NA,4.1,NA,0.12,0.65,NA
BLK3,WE16,cN,hN,Ct,F,CtF,decid,dY,eN,Y,N,N,N,Sp201,Betn,0.494,0.236,0.228,0.563,0.778,0.848,1.2738,0.909,1.0914,141.533,129.857,135.695,32.093,5.446,14.805,7,0.929,0.59,2.6,22.5
BLK3,WE16,cN,hN,Ct,F,CtF,decid,dY,eN,Y,N,N,N,Sp202,Betn,4.919,3.436,1.249,0.7,0.667,0.461,0.8474,0.939,0.8932,121.057,117.375,119.216,27.287,2.672,18.437,26,0.694,0.63,4.2,NA
BLK3,WE16,cN,hN,Ct,F,CtF,decid,dY,eN,Y,N,N,N,Sp203,Betn,4.102,2.673,1.198,0.778,0.875,0.404,0.8408,0.8109,0.8259,120.114,115.843,117.979,17.926,1.306,28.783,24.5,0.847,0.84,6.4,57.3
BLK3,WE16,cN,hN,Ct,F,CtF,decid,dY,eN,Y,N,N,N,Sp204,Betn,NA,NA,NA,0.7,0.615,NA,0.8167,0.9578,0.8873,116.671,119.725,118.198,NA,NA,NA,13.8,NA,0.73,4.7,NA
BLK3,WE16,cN,hN,Ct,F,CtF,decid,dY,eN,Y,N,N,N,Sp205,Betn,NA,NA,NA,0.533,0.563,NA,1.0527,1.1083,1.0805,131.588,123.144,127.366,NA,NA,NA,28.3,NA,0.5,2.9,NA
BLK3,WE16,cN,hN,Ct,F,CtF,decid,dY,eN,Y,N,N,N,Sp206,Betn,NA,NA,NA,0.529,0.444,NA,0.9745,1.0399,1.0072,108.278,129.988,119.133,NA,NA,NA,18.3,NA,0.64,4.5,NA
BLK3,WE16,cN,hN,Ct,F,CtF,everg,dN,eY,N,N,Y,N,Sp501,Ledp,1.371,0.889,0.342,0.478,0.529,0.46,0.6349,0.5936,0.6143,57.718,65.956,61.837,19.774,1.704,26.086,9.1,0.469,0.2,3.5,42.4
BLK3,WE16,cN,hN,Ct,F,CtF,everg,dN,eY,N,N,Y,N,Sp502,Ledp,0.961,0.452,0.394,0.818,0.75,0.497,0.3787,0.4265,0.4026,42.078,47.389,44.734,17.222,1.054,31.406,10.5,0.47,0.16,2.2,40.9
BLK3,WE16,cN,hN,Ct,F,CtF,everg,dN,eY,N,N,Y,N,Sp503,Ledp,1.945,0.854,0.983,0.667,0.667,0.474,0.247,0.2291,0.2381,61.75,57.275,59.513,18.059,1.313,30.189,10.4,0.52,0.23,3.3,20.9
BLK3,WE16,cN,hN,Ct,F,CtF,everg,dN,eY,N,N,Y,N,Sp504,Ledp,NA,NA,NA,0.4,0.4,NA,0.6783,0.5757,0.627,84.788,95.95,90.369,NA,NA,NA,8.4,NA,0.25,4.1,NA
BLK3,WE16,cN,hN,Ct,F,CtF,everg,dN,eY,N,N,Y,N,Sp505,Ledp,NA,NA,NA,0.467,0.385,NA,0.3899,0.3647,0.3773,55.7,72.94,64.32,NA,NA,NA,11.4,NA,0.24,5.4,NA
BLK3,WE16,cN,hN,Ct,F,CtF,everg,dN,eY,N,N,Y,N,Sp506,Ledp,NA,NA,NA,0.5,0.471,NA,0.215,0.4622,0.3386,71.667,57.775,64.721,NA,NA,NA,16.2,NA,0.18,2.2,NA
BLK3,WE16,cN,hN,Ct,F,CtF,decid,dY,eN,N,Y,N,N,Sp801,Salp,3.302,2.785,0.492,0.418,0.437,0.335,4.7205,4.5535,4.637,143.045,146.887,144.966,21.416,2.016,20.207,14.5,0.524,0.93,4.4,44
BLK3,WE16,cN,hN,Ct,F,CtF,decid,dY,eN,N,Y,N,N,Sp802,Salp,3.343,2.298,1.035,0.563,0.5,0.359,3.3416,3.3758,3.3587,123.763,146.774,135.269,19.466,1.468,28.377,16.7,0.774,1.24,6.1,59.5
BLK3,WE16,cN,hN,Ct,F,CtF,decid,dY,eN,N,Y,N,N,Sp803,Salp,0.814,0.458,0.353,0.475,0.484,0.425,3.4174,5.1619,4.2897,117.841,117.316,117.579,22.55,1.204,24.125,10.4,0.789,0.62,2.6,50
BLK3,WE16,cN,hN,Ct,F,CtF,decid,dY,eN,N,Y,N,N,Sp804,Salp,NA,NA,NA,NA,NA,NA,NA,NA,NA,NA,NA,NA,NA,NA,NA,NA,NA,NA,NA,NA
BLK3,WE16,cN,hN,Ct,F,CtF,decid,dY,eN,N,Y,N,N,Sp805,Salp,NA,NA,NA,NA,NA,NA,NA,NA,NA,NA,NA,NA,NA,NA,NA,NA,NA,NA,NA,NA
BLK3,WE16,cN,hN,Ct,F,CtF,decid,dY,eN,N,Y,N,N,Sp806,Salp,NA,NA,NA,NA,NA,NA,NA,NA,NA,NA,NA,NA,NA,NA,NA,NA,NA,NA,NA,NA
BLK3,WE16,cN,hN,Ct,F,CtF,everg,dN,eY,N,N,N,Y,Sp101,Vacv,0.155,0.022,0.133,0.524,0.556,0.396,0.7241,0.688,0.7061,65.827,68.8,67.314,10.438,0.746,55.907,4.9,1.003,0.1,0.7,40
BLK3,WE16,cN,hN,Ct,F,CtF,everg,dN,eY,N,N,N,Y,Sp102,Vacv,0.064,0.023,0.041,0.667,0.5,0.398,0.2824,0.4394,0.3609,70.6,62.771,66.686,13.193,1.091,38.12,4.5,1,0.13,0.7,33.3
BLK3,WE16,cN,hN,Ct,F,CtF,everg,dN,eY,N,N,N,Y,Sp103,Vacv,0.127,0.033,0.093,0.429,0.75,0.445,0.6035,0.411,0.5073,100.583,137,118.792,11.191,0.836,45.465,3.3,0.752,0.11,0.6,75
BLK3,WE16,cN,hN,Ct,F,CtF,everg,dN,eY,N,N,N,Y,Sp104,Vacv,NA,NA,NA,0.429,0.583,NA,0.5458,0.5296,0.5377,90.967,75.657,83.312,NA,NA,NA,4.5,NA,0.08,0.4,NA
BLK3,WE16,cN,hN,Ct,F,CtF,everg,dN,eY,N,N,N,Y,Sp105,Vacv,NA,NA,NA,0.7,0.667,NA,0.3733,0.2665,0.3199,53.329,66.625,59.977,NA,NA,NA,6.8,NA,0.09,0.5,NA
BLK3,WE16,cN,hN,Ct,F,CtF,everg,dN,eY,N,N,N,Y,Sp106,Vacv,NA,NA,NA,0.455,0.538,NA,0.553,0.5739,0.5635,55.3,81.986,68.643,NA,NA,NA,2.6,NA,0.1,0.8,NA
BLK3,WE17,cY,hN,Ca,F,CaF,decid,dY,eN,Y,N,N,N,Sp201,Betn,10.484,8.026,2.045,0.571,0.667,0.387,0.9545,0.7563,0.8554,119.313,189.075,154.194,37.371,5.217,13.533,17.8,0.642,0.8,7.7,33.5
BLK3,WE17,cY,hN,Ca,F,CaF,decid,dY,eN,Y,N,N,N,Sp202,Betn,3.665,2.39,1.106,0.667,0.714,0.415,1.0497,0.941,0.9954,174.95,188.2,181.575,36.2,3.919,13.943,20,0.617,0.64,4,44.7
BLK3,WE17,cY,hN,Ca,F,CaF,decid,dY,eN,Y,N,N,N,Sp203,Betn,1.293,0.773,0.444,0.5,0.571,0.383,1.4653,1.1129,1.2891,162.811,139.113,150.962,36.593,5.741,13.549,16.4,0.596,0.63,3.1,82.4
BLK3,WE17,cY,hN,Ca,F,CaF,decid,dY,eN,Y,N,N,N,Sp204,Betn,NA,NA,NA,0.667,0.6,NA,0.9916,1.0595,1.0256,99.16,88.292,93.726,NA,NA,NA,17,NA,1.42,8.4,NA
BLK3,WE17,cY,hN,Ca,F,CaF,decid,dY,eN,Y,N,N,N,Sp205,Betn,NA,NA,NA,0.389,0.429,NA,1.2717,1.2263,1.249,181.671,136.256,158.964,NA,NA,NA,26.9,NA,0.75,6,NA
BLK3,WE17,cY,hN,Ca,F,CaF,decid,dY,eN,Y,N,N,N,Sp206,Betn,NA,NA,NA,0.421,0.467,NA,1.3482,1.0868,1.2175,168.525,155.257,161.891,NA,NA,NA,10.5,NA,0.67,4.8,NA
BLK3,WE17,cY,hN,Ca,F,CaF,everg,dN,eY,N,N,Y,N,Sp501,Ledp,2.329,1.196,1.078,0.636,0.588,0.449,0.3548,0.5472,0.451,50.686,54.72,52.703,19.199,1.508,28.153,10.4,0.664,0.25,3.9,41.1
BLK3,WE17,cY,hN,Ca,F,CaF,everg,dN,eY,N,N,Y,N,Sp502,Ledp,1.103,0.525,0.494,0.615,0.667,0.466,0.4254,0.4013,0.4134,53.175,50.163,51.669,19.446,1.508,27.527,12.6,0.549,NA,NA,24.3
BLK3,WE17,cY,hN,Ca,F,CaF,everg,dN,eY,N,N,Y,N,Sp503,Ledp,6.604,4.449,2.107,0.563,0.615,0.486,0.4401,0.3479,0.394,48.9,43.488,46.194,17.641,1.092,30.48,15.8,0.499,0.51,8,49.6
BLK3,WE17,cY,hN,Ca,F,CaF,everg,dN,eY,N,N,Y,N,Sp504,Ledp,NA,NA,NA,0.375,0.5,NA,0.3756,0.4079,0.3918,62.6,50.988,56.794,NA,NA,NA,10.3,NA,NA,NA,NA
BLK3,WE17,cY,hN,Ca,F,CaF,everg,dN,eY,N,N,Y,N,Sp505,Ledp,NA,NA,NA,0.5,0.429,NA,0.2893,0.3123,0.3008,48.217,52.05,50.134,NA,NA,NA,14.9,NA,0.21,3.4,NA
BLK3,WE17,cY,hN,Ca,F,CaF,everg,dN,eY,N,N,Y,N,Sp506,Ledp,NA,NA,NA,0.556,0.429,NA,0.2363,0.2214,0.2289,47.26,73.8,60.53,NA,NA,NA,12.1,NA,0.15,2,NA
BLK3,WE17,cY,hN,Ca,F,CaF,decid,dY,eN,N,Y,N,N,Sp801,Salp,1.075,0.84,0.231,0.686,0.781,0.434,2.8193,2.5797,2.6995,117.471,103.188,110.33,26.964,1.404,17.927,10.3,1.225,0.94,4.1,39.5
BLK3,WE17,cY,hN,Ca,F,CaF,decid,dY,eN,N,Y,N,N,Sp802,Salp,1.696,1.118,0.557,0.706,0.7,0.458,2.585,2.2605,2.4228,107.708,107.643,107.676,22.357,0.906,21.447,10,0.925,1.36,5.1,67.6
BLK3,WE17,cY,hN,Ca,F,CaF,decid,dY,eN,N,Y,N,N,Sp803,Salp,0.399,0.296,0.099,0.667,0.778,0.521,2.3821,2.5383,2.4602,119.105,120.871,119.988,23.584,2.067,19.57,7.8,0.762,1.04,3,25
BLK3,WE17,cY,hN,Ca,F,CaF,decid,dY,eN,N,Y,N,N,Sp804,Salp,NA,NA,NA,NA,NA,NA,NA,NA,NA,NA,NA,NA,NA,NA,NA,NA,NA,NA,NA,NA
BLK3,WE17,cY,hN,Ca,F,CaF,decid,dY,eN,N,Y,N,N,Sp805,Salp,NA,NA,NA,NA,NA,NA,NA,NA,NA,NA,NA,NA,NA,NA,NA,NA,NA,NA,NA,NA
BLK3,WE17,cY,hN,Ca,F,CaF,decid,dY,eN,N,Y,N,N,Sp806,Salp,NA,NA,NA,NA,NA,NA,NA,NA,NA,NA,NA,NA,NA,NA,NA,NA,NA,NA,NA,NA
BLK3,WE17,cY,hN,Ca,F,CaF,everg,dN,eY,N,N,N,Y,Sp101,Vacv,0.087,0.02,0.067,0.688,0.714,0.554,0.6665,0.574,0.6203,60.591,57.4,58.996,23.035,1.844,21.858,4.7,0.606,0.2,0.6,50
BLK3,WE17,cY,hN,Ca,F,CaF,everg,dN,eY,N,N,N,Y,Sp102,Vacv,0.151,0.029,0.122,0.5,0.5,0.502,0.6871,0.7923,0.7397,114.517,99.038,106.778,9.4247,0.641,52.894,6,0.945,0.23,0.7,NA
BLK3,WE17,cY,hN,Ca,F,CaF,everg,dN,eY,N,N,N,Y,Sp103,Vacv,0.145,0.033,0.105,0.526,0.667,0.493,0.8053,0.8376,0.8215,80.53,83.76,82.145,13.288,1.015,38.192,4.8,1.496,0.15,0.6,NA
BLK3,WE17,cY,hN,Ca,F,CaF,everg,dN,eY,N,N,N,Y,Sp104,Vacv,NA,NA,NA,0.458,0.458,NA,0.8481,0.9174,0.8828,77.1,83.4,80.25,NA,NA,NA,8.3,NA,0.11,0.7,NA
BLK3,WE17,cY,hN,Ca,F,CaF,everg,dN,eY,N,N,N,Y,Sp105,Vacv,NA,NA,NA,0.357,0.313,NA,0.4938,0.5394,0.5166,98.76,107.88,103.32,NA,NA,NA,3,NA,0.13,0.6,NA
BLK3,WE17,cY,hN,Ca,F,CaF,everg,dN,eY,N,N,N,Y,Sp106,Vacv,NA,NA,NA,0.333,0.333,NA,0.4606,0.3969,0.4288,115.15,99.225,107.188,NA,NA,NA,8.1,NA,0.17,1,NA
BLK3,WE18,cY,hY,W,F,WF,decid,dY,eN,Y,N,N,N,Sp201,Betn,4.413,3.331,0.946,0.9,0.833,0.417,1.1626,1.036,1.0993,129.178,207.2,168.189,34.197,3.377,14.642,24.4,0.665,0.39,4.6,73.7
BLK3,WE18,cY,hY,W,F,WF,decid,dY,eN,Y,N,N,N,Sp202,Betn,20.509,16.248,3.595,0.889,0.889,0.423,0.849,0.993,0.921,106.125,124.125,115.125,38.928,5.145,12.609,26,0.529,0.45,5.1,53
BLK3,WE18,cY,hY,W,F,WF,decid,dY,eN,Y,N,N,N,Sp203,Betn,5.047,3.993,0.91,0.9,0.643,0.487,1.221,1.2816,1.2513,135.667,142.4,139.034,35.449,3.037,14.225,16.5,0.719,0.69,4.4,40.5
BLK3,WE18,cY,hY,W,F,WF,decid,dY,eN,Y,N,N,N,Sp204,Betn,NA,NA,NA,0.333,0.375,NA,1.214,1.091,1.1525,151.75,181.833,166.792,NA,NA,NA,26.5,NA,0.76,4.8,NA
BLK3,WE18,cY,hY,W,F,WF,decid,dY,eN,Y,N,N,N,Sp205,Betn,NA,NA,NA,0.421,0.444,NA,0.9666,1.0754,1.021,120.825,134.425,127.625,NA,NA,NA,16.3,NA,0.4,3.5,NA
BLK3,WE18,cY,hY,W,F,WF,decid,dY,eN,Y,N,N,N,Sp206,Betn,NA,NA,NA,0.5,0.375,NA,1.0632,1.0519,1.0576,151.886,175.317,163.602,NA,NA,NA,24,NA,0.58,3.5,NA
BLK3,WE18,cY,hY,W,F,WF,everg,dN,eY,N,N,Y,N,Sp501,Ledp,0.649,0.267,0.373,0.579,0.611,0.454,0.7081,0.7602,0.7342,64.373,69.109,66.741,19.043,1.39,28.175,20.1,0.483,NA,NA,71.1
BLK3,WE18,cY,hY,W,F,WF,everg,dN,eY,N,N,Y,N,Sp502,Ledp,2.545,1.344,1.188,0.5,0.667,0.458,0.5221,0.4137,0.4679,65.263,51.713,58.488,18.388,1.662,28.28,10.2,0.524,0.16,3,43.8
BLK3,WE18,cY,hY,W,F,WF,everg,dN,eY,N,N,Y,N,Sp503,Ledp,1.732,0.796,0.824,0.615,0.615,0.452,0.4368,0.4014,0.4191,54.6,50.175,52.388,18.545,1.492,28.825,19.4,0.499,0.13,2.6,52.6
BLK3,WE18,cY,hY,W,F,WF,everg,dN,eY,N,N,Y,N,Sp504,Ledp,NA,NA,NA,0.444,0.625,NA,0.3017,0.3145,0.3081,75.425,62.9,69.163,NA,NA,NA,12.5,NA,NA,NA,NA
BLK3,WE18,cY,hY,W,F,WF,everg,dN,eY,N,N,Y,N,Sp505,Ledp,NA,NA,NA,0.538,0.538,NA,0.3837,0.372,0.3779,54.814,53.143,53.979,NA,NA,NA,27.5,NA,0.23,5.1,NA
BLK3,WE18,cY,hY,W,F,WF,everg,dN,eY,N,N,Y,N,Sp506,Ledp,NA,NA,NA,0.5,0.545,NA,0.6,0.33,0.465,54.545,55,54.773,NA,NA,NA,15.4,NA,0.15,2.8,NA
BLK3,WE18,cY,hY,W,F,WF,decid,dY,eN,N,Y,N,N,Sp801,Salp,6.759,5.133,1.561,0.723,0.671,0.386,10.7346,4.8538,7.7942,85.877,103.272,94.575,33.704,1.869,14.483,18.2,0.552,1.64,6.2,63.3
BLK3,WE18,cY,hY,W,F,WF,decid,dY,eN,N,Y,N,N,Sp802,Salp,8.454,6.76,1.647,0.66,0.738,0.498,4.2566,3.443,3.8498,128.988,111.065,120.027,24,2.089,19.649,13.3,1.029,1.12,6.1,46.9
BLK3,WE18,cY,hY,W,F,WF,decid,dY,eN,N,Y,N,N,Sp803,Salp,1.752,1.222,0.514,0.662,0.717,0.4,6.0155,3.9157,4.9656,117.951,103.045,110.498,31.421,1.545,15.441,16,0.673,0.99,3.4,81.8
BLK3,WE18,cY,hY,W,F,WF,decid,dY,eN,N,Y,N,N,Sp804,Salp,NA,NA,NA,NA,NA,NA,NA,NA,NA,NA,NA,NA,NA,NA,NA,NA,NA,NA,NA,NA
BLK3,WE18,cY,hY,W,F,WF,decid,dY,eN,N,Y,N,N,Sp805,Salp,NA,NA,NA,NA,NA,NA,NA,NA,NA,NA,NA,NA,NA,NA,NA,NA,NA,NA,NA,NA
BLK3,WE18,cY,hY,W,F,WF,decid,dY,eN,N,Y,N,N,Sp806,Salp,NA,NA,NA,NA,NA,NA,NA,NA,NA,NA,NA,NA,NA,NA,NA,NA,NA,NA,NA,NA
BLK3,WE18,cY,hY,W,F,WF,everg,dN,eY,N,N,N,Y,Sp101,Vacv,0.05,0.007,0.042,0.5,0.462,0.429,0.5462,0.5581,0.5522,78.029,93.017,85.523,11.739,1.211,40.946,6,0.905,0.1,0.5,50
BLK3,WE18,cY,hY,W,F,WF,everg,dN,eY,N,N,N,Y,Sp102,Vacv,0.177,0.029,0.147,0.588,0.412,0.415,0.5418,0.4679,0.5049,54.18,66.843,60.512,12.077,1.018,40.515,5.9,0.945,0.12,0.7,80
BLK3,WE18,cY,hY,W,F,WF,everg,dN,eY,N,N,N,Y,Sp103,Vacv,0.14,0.021,0.113,0.5,0.438,0.45,0.5099,0.5443,0.5271,63.738,77.757,70.748,11.09,0.962,44.052,2.8,1.099,NA,NA,50
BLK3,WE18,cY,hY,W,F,WF,everg,dN,eY,N,N,N,Y,Sp104,Vacv,NA,NA,NA,0.467,0.467,NA,0.7875,0.5066,0.6471,56.25,72.371,64.311,NA,NA,NA,6.3,NA,0.09,0.5,NA
BLK3,WE18,cY,hY,W,F,WF,everg,dN,eY,N,N,N,Y,Sp105,Vacv,NA,NA,NA,0.444,0.471,NA,0.6512,0.5577,0.6045,81.4,69.713,75.557,NA,NA,NA,7.3,NA,0.1,0.6,NA
BLK3,WE18,cY,hY,W,F,WF,everg,dN,eY,N,N,N,Y,Sp106,Vacv,NA,NA,NA,0.357,0.333,NA,0.4689,0.6114,0.5402,93.78,101.9,97.84,NA,NA,NA,6.8,NA,0.09,0.5,NA
BLK4,WE19,cN,hN,Ct,NF,CtNF,decid,dY,eN,Y,N,N,N,Sp201,Betn,3.695,3.145,0.459,0.75,0.7,0.577,1.1161,0.9834,1.0498,124.011,140.486,132.249,22.409,1.887,21.833,13.7,0.663,0.41,4,46
BLK4,WE19,cN,hN,Ct,NF,CtNF,decid,dY,eN,Y,N,N,N,Sp202,Betn,1.81,1.476,0.295,0.8,0.889,0.625,1.0721,0.7655,0.9188,134.013,95.688,114.851,21.434,1.969,22.899,14.6,0.953,0.51,3.1,32
BLK4,WE19,cN,hN,Ct,NF,CtNF,decid,dY,eN,Y,N,N,N,Sp203,Betn,6.108,5.025,0.863,0.714,0.5,0.521,0.7588,1.1451,0.952,151.76,163.586,157.673,23.352,2.484,21.212,13.3,1.028,0.53,4.7,30.3
BLK4,WE19,cN,hN,Ct,NF,CtNF,decid,dY,eN,Y,N,N,N,Sp204,Betn,NA,NA,NA,0.444,0.5,NA,0.7728,0.8281,0.8005,96.6,118.3,107.45,NA,NA,NA,11.4,NA,0.71,4.5,NA
BLK4,WE19,cN,hN,Ct,NF,CtNF,decid,dY,eN,Y,N,N,N,Sp205,Betn,NA,NA,NA,0.429,0.5,NA,0.8129,1.1099,0.9614,90.322,110.99,100.656,NA,NA,NA,10,NA,0.69,3.5,NA
BLK4,WE19,cN,hN,Ct,NF,CtNF,decid,dY,eN,Y,N,N,N,Sp206,Betn,NA,NA,NA,0.438,0.357,NA,1.2045,0.8737,1.0391,172.071,174.74,173.406,NA,NA,NA,12,NA,0.77,3.7,NA
BLK4,WE19,cN,hN,Ct,NF,CtNF,everg,dN,eY,N,N,Y,N,Sp501,Ledp,0.706,0.412,0.285,0.714,0.5,0.589,0.2159,0.2639,0.2399,43.18,65.975,54.578,12.256,0.811,42.352,12.6,0.722,0.17,2.9,28.2
BLK4,WE19,cN,hN,Ct,NF,CtNF,everg,dN,eY,N,N,Y,N,Sp502,Ledp,0.51,0.336,0.174,0.545,0.6,0.58,0.2366,0.2456,0.2411,39.433,40.933,40.183,12.009,0.944,42.05,11,0.714,0.14,2.1,52.1
BLK4,WE19,cN,hN,Ct,NF,CtNF,everg,dN,eY,N,N,Y,N,Sp503,Ledp,1.053,0.674,0.362,0.75,0.7,0.554,0.2118,0.164,0.1879,35.3,23.429,29.365,13.112,0.915,39.603,11.4,0.686,0.22,2.9,40
BLK4,WE19,cN,hN,Ct,NF,CtNF,everg,dN,eY,N,N,Y,N,Sp504,Ledp,NA,NA,NA,0.5,0.5,NA,0.2011,0.1619,0.1815,67.033,53.967,60.5,NA,NA,NA,11.2,NA,0.19,2.7,NA
BLK4,WE19,cN,hN,Ct,NF,CtNF,everg,dN,eY,N,N,Y,N,Sp505,Ledp,NA,NA,NA,0.5,0.8,NA,0.1733,0.2049,0.1891,57.767,51.225,54.496,NA,NA,NA,10.4,NA,0.2,2.4,NA
BLK4,WE19,cN,hN,Ct,NF,CtNF,everg,dN,eY,N,N,Y,N,Sp506,Ledp,NA,NA,NA,0.667,0.375,NA,0.2326,0.2169,0.2248,58.15,72.3,65.225,NA,NA,NA,13.6,NA,0.11,1.5,NA
BLK4,WE19,cN,hN,Ct,NF,CtNF,decid,dY,eN,N,Y,N,N,Sp801,Salp,5.042,4.516,0.521,0.505,0.529,0.441,5.7131,4.2468,4.98,114.262,114.778,114.52,20.971,1.554,22.548,21.3,1.037,1.8,7.7,48.5
BLK4,WE19,cN,hN,Ct,NF,CtNF,decid,dY,eN,N,Y,N,N,Sp802,Salp,5.64,4.154,1.402,0.544,0.575,0.461,3.347,4.265,3.806,107.968,101.548,104.758,14.513,1.074,32.188,12.4,0.854,0.94,5.1,26.9
BLK4,WE19,cN,hN,Ct,NF,CtNF,decid,dY,eN,N,Y,N,N,Sp803,Salp,0.185,0.072,0.108,0.659,0.714,0.6,2.7101,1.869,2.2896,100.374,93.45,96.912,14.037,1.833,31.789,8.2,0.877,0.51,1.5,19
BLK4,WE19,cN,hN,Ct,NF,CtNF,decid,dY,eN,N,Y,N,N,Sp804,Salp,NA,NA,NA,NA,NA,NA,NA,NA,NA,NA,NA,NA,NA,NA,NA,NA,NA,NA,NA,NA
BLK4,WE19,cN,hN,Ct,NF,CtNF,decid,dY,eN,N,Y,N,N,Sp805,Salp,NA,NA,NA,NA,NA,NA,NA,NA,NA,NA,NA,NA,NA,NA,NA,NA,NA,NA,NA,NA
BLK4,WE19,cN,hN,Ct,NF,CtNF,decid,dY,eN,N,Y,N,N,Sp806,Salp,NA,NA,NA,NA,NA,NA,NA,NA,NA,NA,NA,NA,NA,NA,NA,NA,NA,NA,NA,NA
BLK4,WE19,cN,hN,Ct,NF,CtNF,everg,dN,eY,N,N,N,Y,Sp101,Vacv,0.077,0.011,0.066,0.857,0.6,0.555,0.2887,0.3292,0.309,48.117,54.867,51.492,5.2602,0.477,92.055,3.2,0.67,0.15,0.5,NA
BLK4,WE19,cN,hN,Ct,NF,CtNF,everg,dN,eY,N,N,N,Y,Sp102,Vacv,0.12,0.013,0.107,0.529,0.643,0.527,0.4709,0.3675,0.4192,52.322,40.833,46.578,6.4908,0.459,75.537,1.9,1.587,0.14,0.5,NA
BLK4,WE19,cN,hN,Ct,NF,CtNF,everg,dN,eY,N,N,N,Y,Sp103,Vacv,0.186,0.016,0.17,0.611,0.611,0.545,0.5077,0.4419,0.4748,46.155,40.173,43.164,5.8745,0.393,82.609,1.8,1.538,0.11,0.5,NA
BLK4,WE19,cN,hN,Ct,NF,CtNF,everg,dN,eY,N,N,N,Y,Sp104,Vacv,NA,NA,NA,0.583,0.533,NA,0.3492,0.3675,0.3584,49.886,45.938,47.912,NA,NA,NA,3.7,NA,0.63,2.6,NA
BLK4,WE19,cN,hN,Ct,NF,CtNF,everg,dN,eY,N,N,N,Y,Sp105,Vacv,NA,NA,NA,0.643,0.5,NA,0.4321,0.3943,0.4132,48.011,56.329,52.17,NA,NA,NA,3.4,NA,0.08,0.7,NA
BLK4,WE19,cN,hN,Ct,NF,CtNF,everg,dN,eY,N,N,N,Y,Sp106,Vacv,NA,NA,NA,0.556,0.556,NA,0.3931,0.4033,0.3982,39.31,40.33,39.82,NA,NA,NA,1.2,NA,0.13,0.7,NA
BLK4,WE20,cY,hN,Ca,NF,CaNF,decid,dY,eN,Y,N,N,N,Sp201,Betn,0.596,0.441,0.131,0.455,0.6,0.615,0.8202,1.0404,0.9303,164.04,115.6,139.82,23.383,3.286,21.164,11.2,0.797,0.45,2.2,18.9
BLK4,WE20,cY,hN,Ca,NF,CaNF,decid,dY,eN,Y,N,N,N,Sp202,Betn,1.807,1.192,0.507,0.5,0.632,0.543,0.9087,0.945,0.9269,129.814,78.75,104.282,26.328,2.774,18.669,12.5,0.688,0.92,4.3,21.5
BLK4,WE20,cY,hN,Ca,NF,CaNF,decid,dY,eN,Y,N,N,N,Sp203,Betn,3.865,3.107,0.645,0.533,0.533,0.571,1.0155,1.0069,1.0112,126.938,125.863,126.401,23.464,2.594,21.197,10.4,1.433,0.47,3.7,26.9
BLK4,WE20,cY,hN,Ca,NF,CaNF,decid,dY,eN,Y,N,N,N,Sp204,Betn,NA,NA,NA,0.667,0.563,NA,0.8643,0.9959,0.9301,86.43,110.656,98.543,NA,NA,NA,8.3,NA,0.94,2.2,NA
BLK4,WE20,cY,hN,Ca,NF,CaNF,decid,dY,eN,Y,N,N,N,Sp205,Betn,NA,NA,NA,0.5,0.533,NA,0.9047,1.1195,1.0121,129.243,139.938,134.591,NA,NA,NA,12.5,NA,0.67,4.7,NA
BLK4,WE20,cY,hN,Ca,NF,CaNF,decid,dY,eN,Y,N,N,N,Sp206,Betn,NA,NA,NA,0.5,0.455,NA,0.9809,1.3772,1.1791,163.483,137.72,150.602,NA,NA,NA,11.3,NA,1.23,4.7,NA
BLK4,WE20,cY,hN,Ca,NF,CaNF,everg,dN,eY,N,N,Y,N,Sp501,Ledp,0.419,0.207,0.212,0.5,0.571,0.611,0.2072,0.1866,0.1969,51.8,46.65,49.225,12.981,0.946,41.184,6.1,0.515,0.14,2.5,NA
BLK4,WE20,cY,hN,Ca,NF,CaNF,everg,dN,eY,N,N,Y,N,Sp502,Ledp,0.278,0.109,0.156,0.6,0.429,0.495,0.156,0.1824,0.1692,52,60.8,56.4,14.667,1.019,35.614,5.8,0.779,0.1,1.5,21.1
BLK4,WE20,cY,hN,Ca,NF,CaNF,everg,dN,eY,N,N,Y,N,Sp503,Ledp,1.505,0.916,0.589,0.667,0.6,0.608,0.2287,0.2317,0.2302,38.117,38.617,38.367,10.484,0.818,50.225,10.6,1.102,0.38,4.5,11.1
BLK4,WE20,cY,hN,Ca,NF,CaNF,everg,dN,eY,N,N,Y,N,Sp504,Ledp,NA,NA,NA,0.571,0.571,NA,0.2101,0.1991,0.2046,52.525,49.775,51.15,NA,NA,NA,13.3,NA,0.15,2.7,NA
BLK4,WE20,cY,hN,Ca,NF,CaNF,everg,dN,eY,N,N,Y,N,Sp505,Ledp,NA,NA,NA,0.6,0.545,NA,0.2705,0.2503,0.2604,45.083,41.717,43.4,NA,NA,NA,6.2,NA,0.22,4,NA
BLK4,WE20,cY,hN,Ca,NF,CaNF,everg,dN,eY,N,N,Y,N,Sp506,Ledp,NA,NA,NA,0.75,0.8,NA,0.1189,0.1545,0.1367,39.633,38.625,39.129,NA,NA,NA,12.2,NA,0.22,4,NA
BLK4,WE20,cY,hN,Ca,NF,CaNF,decid,dY,eN,N,Y,N,N,Sp801,Salp,1.046,0.699,0.34,0.47,0.455,0.528,4.0313,3.6418,3.8366,103.367,121.393,112.38,16.074,2.407,29.094,16.5,0.924,0.79,3.3,40.2
BLK4,WE20,cY,hN,Ca,NF,CaNF,decid,dY,eN,N,Y,N,N,Sp802,Salp,NA,NA,NA,NA,NA,NA,NA,NA,NA,NA,NA,NA,NA,NA,NA,NA,NA,NA,NA,NA
BLK4,WE20,cY,hN,Ca,NF,CaNF,decid,dY,eN,N,Y,N,N,Sp803,Salp,NA,NA,NA,NA,NA,NA,NA,NA,NA,NA,NA,NA,NA,NA,NA,NA,NA,NA,NA,NA
BLK4,WE20,cY,hN,Ca,NF,CaNF,decid,dY,eN,N,Y,N,N,Sp804,Salp,NA,NA,NA,NA,NA,NA,NA,NA,NA,NA,NA,NA,NA,NA,NA,NA,NA,NA,NA,NA
BLK4,WE20,cY,hN,Ca,NF,CaNF,decid,dY,eN,N,Y,N,N,Sp805,Salp,NA,NA,NA,NA,NA,NA,NA,NA,NA,NA,NA,NA,NA,NA,NA,NA,NA,NA,NA,NA
BLK4,WE20,cY,hN,Ca,NF,CaNF,decid,dY,eN,N,Y,N,N,Sp806,Salp,NA,NA,NA,NA,NA,NA,NA,NA,NA,NA,NA,NA,NA,NA,NA,NA,NA,NA,NA,NA
BLK4,WE20,cY,hN,Ca,NF,CaNF,everg,dN,eY,N,N,N,Y,Sp101,Vacv,0.071,0.019,0.052,0.455,0.7,0.565,0.3601,0.3248,0.3425,72.02,46.4,59.21,5.9704,0.548,82.829,4.6,0.536,0.1,0.6,NA
BLK4,WE20,cY,hN,Ca,NF,CaNF,everg,dN,eY,N,N,N,Y,Sp102,Vacv,0.275,0.058,0.216,0.643,0.571,0.516,0.3762,0.3797,0.378,41.8,47.463,44.632,8.7135,0.612,58.181,4.5,0.911,0.15,0.8,33.3
BLK4,WE20,cY,hN,Ca,NF,CaNF,everg,dN,eY,N,N,N,Y,Sp103,Vacv,0.156,0.014,0.142,0.636,0.474,0.514,0.6187,0.4265,0.5226,44.193,47.389,45.791,6.6973,0.483,75.4,3.8,0.714,0.12,0.6,NA
BLK4,WE20,cY,hN,Ca,NF,CaNF,everg,dN,eY,N,N,N,Y,Sp104,Vacv,NA,NA,NA,0.643,0.591,NA,0.4028,0.4755,0.4392,44.756,36.577,40.667,NA,NA,NA,3.3,NA,0.15,0.5,NA
BLK4,WE20,cY,hN,Ca,NF,CaNF,everg,dN,eY,N,N,N,Y,Sp105,Vacv,NA,NA,NA,0.455,0.5,NA,0.3205,0.2002,0.2604,64.1,66.733,65.417,NA,NA,NA,4.3,NA,0.15,0.5,NA
BLK4,WE20,cY,hN,Ca,NF,CaNF,everg,dN,eY,N,N,N,Y,Sp106,Vacv,NA,NA,NA,0.533,0.571,NA,0.4195,0.376,0.3978,52.438,47,49.719,NA,NA,NA,2.1,NA,0.07,0.4,NA
BLK4,WE21,cY,hY,W,NF,WNF,decid,dY,eN,Y,N,N,N,Sp201,Betn,3.761,3.152,0.533,0.75,0.538,0.443,1.1422,0.941,1.0416,95.183,134.429,114.806,26.799,2.34,18.322,14.2,0.939,0.85,5.4,65.8
BLK4,WE21,cY,hY,W,NF,WNF,decid,dY,eN,Y,N,N,N,Sp202,Betn,2.477,1.989,0.416,0.818,0.733,0.481,0.9485,1.3367,1.1426,105.389,121.518,113.454,21.68,1.825,22.981,9,0.833,0.61,4.1,41.5
BLK4,WE21,cY,hY,W,NF,WNF,decid,dY,eN,Y,N,N,N,Sp203,Betn,1.701,1.204,0.437,0.722,0.769,0.445,1.7411,1.109,1.4251,133.931,110.9,122.416,31.912,1.596,15.272,14.3,0.982,0.4,2.3,35.2
BLK4,WE21,cY,hY,W,NF,WNF,decid,dY,eN,Y,N,N,N,Sp204,Betn,NA,NA,NA,0.8,0.5,NA,1.0477,0.9702,1.009,130.963,138.6,134.782,NA,NA,NA,9.4,NA,0.55,3.7,NA
BLK4,WE21,cY,hY,W,NF,WNF,decid,dY,eN,Y,N,N,N,Sp205,Betn,NA,NA,NA,0.467,0.444,NA,1.2418,1.2579,1.2499,177.4,157.238,167.319,NA,NA,NA,15.6,NA,0.58,3.8,NA
BLK4,WE21,cY,hY,W,NF,WNF,decid,dY,eN,Y,N,N,N,Sp206,Betn,NA,NA,NA,0.435,0.467,NA,1.0027,0.8838,0.9433,100.27,126.257,113.264,NA,NA,NA,8.5,NA,0.63,3.9,NA
BLK4,WE21,cY,hY,W,NF,WNF,everg,dN,eY,N,N,Y,N,Sp501,Ledp,1.129,0.667,0.444,0.833,0.667,0.522,0.2656,0.2512,0.2584,53.12,41.867,47.494,13.258,1.019,39.545,18,0.74,0.19,2.8,16.1
BLK4,WE21,cY,hY,W,NF,WNF,everg,dN,eY,N,N,Y,N,Sp502,Ledp,0.456,0.214,0.235,0.556,0.625,0.502,0.3363,0.3186,0.3275,67.26,63.72,65.49,13.89,0.968,37.741,10.2,0.567,0.17,2.7,50
BLK4,WE21,cY,hY,W,NF,WNF,everg,dN,eY,N,N,Y,N,Sp503,Ledp,0.902,0.502,0.355,0.667,0.6,0.568,0.2813,0.2832,0.2823,70.325,94.4,82.363,12.818,0.927,41.718,11.3,0.739,0.2,2.4,17.1
BLK4,WE21,cY,hY,W,NF,WNF,everg,dN,eY,N,N,Y,N,Sp504,Ledp,NA,NA,NA,0.5,0.6,NA,0.19,0.2132,0.2016,63.333,71.067,67.2,NA,NA,NA,6.5,NA,0.14,2.5,NA
BLK4,WE21,cY,hY,W,NF,WNF,everg,dN,eY,N,N,Y,N,Sp505,Ledp,NA,NA,NA,0.5,0.429,NA,0.1649,0.1492,0.1571,54.967,49.733,52.35,NA,NA,NA,9.1,NA,0.17,2.2,NA
BLK4,WE21,cY,hY,W,NF,WNF,everg,dN,eY,N,N,Y,N,Sp506,Ledp,NA,NA,NA,0.375,0.714,NA,0.196,0.2467,0.2214,65.333,49.34,57.337,NA,NA,NA,9.4,NA,0.21,3.7,NA
BLK4,WE21,cY,hY,W,NF,WNF,decid,dY,eN,N,Y,N,N,Sp801,Salp,2.82,2.097,0.716,0.577,0.733,0.504,4.7332,2.6036,3.6684,115.444,118.345,116.895,17.157,1.4,27.858,19.3,0.805,1.04,4.4,35.6
BLK4,WE21,cY,hY,W,NF,WNF,decid,dY,eN,N,Y,N,N,Sp802,Salp,2.541,1.842,0.684,0.774,0.571,0.503,2.8147,4.7827,3.7987,117.279,119.568,118.424,17.468,1.414,27.772,19.5,0.774,1.4,6.1,46.3
BLK4,WE21,cY,hY,W,NF,WNF,decid,dY,eN,N,Y,N,N,Sp803,Salp,7.424,5.859,1.524,0.519,0.674,0.435,1.9312,3.2168,2.574,137.943,103.768,120.856,21.634,2.467,21.954,25,0.679,0.86,3.5,38.8
BLK4,WE21,cY,hY,W,NF,WNF,decid,dY,eN,N,Y,N,N,Sp804,Salp,NA,NA,NA,NA,NA,NA,NA,NA,NA,NA,NA,NA,NA,NA,NA,NA,NA,NA,NA,NA
BLK4,WE21,cY,hY,W,NF,WNF,decid,dY,eN,N,Y,N,N,Sp805,Salp,NA,NA,NA,NA,NA,NA,NA,NA,NA,NA,NA,NA,NA,NA,NA,NA,NA,NA,NA,NA
BLK4,WE21,cY,hY,W,NF,WNF,decid,dY,eN,N,Y,N,N,Sp806,Salp,NA,NA,NA,NA,NA,NA,NA,NA,NA,NA,NA,NA,NA,NA,NA,NA,NA,NA,NA,NA
BLK4,WE21,cY,hY,W,NF,WNF,everg,dN,eY,N,N,N,Y,Sp101,Vacv,0.067,0.009,0.058,0.545,0.9,0.574,0.7347,0.5952,0.665,61.225,66.133,63.679,7.989,0.565,63.006,2.7,0.962,0.14,0.4,50
BLK4,WE21,cY,hY,W,NF,WNF,everg,dN,eY,N,N,N,Y,Sp102,Vacv,0.05,0.006,0.043,0.583,0.286,0.448,0.3628,0.3199,0.3414,51.829,79.975,65.902,7.901,0.833,61.934,2.3,1.374,NA,NA,50
BLK4,WE21,cY,hY,W,NF,WNF,everg,dN,eY,N,N,N,Y,Sp103,Vacv,0.086,0.003,0.082,0.714,0.556,0.522,0.4162,0.4555,0.4359,41.62,45.55,43.585,5.7481,0.463,86.034,2.4,0.385,0.2,0.8,NA
BLK4,WE21,cY,hY,W,NF,WNF,everg,dN,eY,N,N,N,Y,Sp104,Vacv,NA,NA,NA,0.526,0.6,NA,0.4807,0.4231,0.4519,48.07,47.011,47.541,NA,NA,NA,2.6,NA,0.08,0.6,NA
BLK4,WE21,cY,hY,W,NF,WNF,everg,dN,eY,N,N,N,Y,Sp105,Vacv,NA,NA,NA,0.455,0.643,NA,0.3655,0.3937,0.3796,73.1,43.744,58.422,NA,NA,NA,2.5,NA,0.08,0.4,NA
BLK4,WE21,cY,hY,W,NF,WNF,everg,dN,eY,N,N,N,Y,Sp106,Vacv,NA,NA,NA,0.538,0.556,NA,0.6778,0.4548,0.5663,48.414,45.48,46.947,NA,NA,NA,4.8,NA,0.12,0.6,NA
BLK4,WE22,cN,hN,Ct,F,CtF,decid,dY,eN,Y,N,N,N,Sp201,Betn,1.713,1.224,0.419,0.769,0.857,0.46,1.1759,0.7399,0.9579,117.59,123.317,120.454,30.811,5.151,16.434,18.1,0.732,0.42,2.6,47.1
BLK4,WE22,cN,hN,Ct,F,CtF,decid,dY,eN,Y,N,N,N,Sp202,Betn,11.27,7.804,3.01,0.833,0.857,0.416,0.8992,1.0009,0.9501,179.84,166.817,173.329,33.128,5.074,14.944,24.3,0.763,0.74,6.4,41
BLK4,WE22,cN,hN,Ct,F,CtF,decid,dY,eN,Y,N,N,N,Sp203,Betn,10.64,8.771,1.534,0.875,0.857,0.45,0.9312,0.7782,0.8547,133.029,129.7,131.365,33.623,4.714,14.96,26,0.945,0.98,5.7,34.4
BLK4,WE22,cN,hN,Ct,F,CtF,decid,dY,eN,Y,N,N,N,Sp204,Betn,NA,NA,NA,0.4,0.438,NA,0.9328,0.8688,0.9008,155.467,124.114,139.791,NA,NA,NA,24,NA,0.43,3.1,NA
BLK4,WE22,cN,hN,Ct,F,CtF,decid,dY,eN,Y,N,N,N,Sp205,Betn,NA,NA,NA,0.333,0.364,NA,1.3585,1.1892,1.2739,169.813,148.65,159.232,NA,NA,NA,21.4,NA,0.51,3.1,NA
BLK4,WE22,cN,hN,Ct,F,CtF,decid,dY,eN,Y,N,N,N,Sp206,Betn,NA,NA,NA,0.429,0.412,NA,0.8677,1.0414,0.9546,144.617,148.771,146.694,NA,NA,NA,28.3,NA,0.58,4,NA
BLK4,WE22,cN,hN,Ct,F,CtF,everg,dN,eY,N,N,Y,N,Sp501,Ledp,0.304,0.117,0.187,0.533,0.571,0.463,0.758,0.3002,0.5291,94.75,75.05,84.9,26.058,2.193,19.85,16.4,0.628,0.11,1.6,37.5
BLK4,WE22,cN,hN,Ct,F,CtF,everg,dN,eY,N,N,Y,N,Sp502,Ledp,0.689,0.27,0.419,0.619,0.571,0.476,0.6552,0.56,0.6076,50.4,46.667,48.534,16.366,1.132,32.427,11.4,0.726,0.2,2.6,37.5
BLK4,WE22,cN,hN,Ct,F,CtF,everg,dN,eY,N,N,Y,N,Sp503,Ledp,1.841,1.022,0.819,0.583,0.615,0.495,0.378,0.4186,0.3983,54,52.325,53.163,17.069,1.25,30.881,11.5,0.646,0.21,3.3,44
BLK4,WE22,cN,hN,Ct,F,CtF,everg,dN,eY,N,N,Y,N,Sp504,Ledp,NA,NA,NA,0.583,0.5,NA,0.3257,0.3645,0.3451,46.529,52.071,49.3,NA,NA,NA,10,NA,0.2,2.7,NA
BLK4,WE22,cN,hN,Ct,F,CtF,everg,dN,eY,N,N,Y,N,Sp505,Ledp,NA,NA,NA,0.455,0.5,NA,0.3094,0.3159,0.3127,61.88,63.18,62.53,NA,NA,NA,16,NA,0.15,2.6,NA
BLK4,WE22,cN,hN,Ct,F,CtF,everg,dN,eY,N,N,Y,N,Sp506,Ledp,NA,NA,NA,0.48,0.462,NA,0.6574,0.6483,0.6529,54.783,54.025,54.404,NA,NA,NA,18.6,NA,0.17,2.2,NA
BLK4,WE22,cN,hN,Ct,F,CtF,decid,dY,eN,N,Y,N,N,Sp801,Salp,1.045,0.692,0.349,0.857,0.837,0.442,2.2231,3.9176,3.0704,123.506,108.822,116.164,24.003,3.446,19.443,24.8,0.557,0.69,2.3,53.7
BLK4,WE22,cN,hN,Ct,F,CtF,decid,dY,eN,N,Y,N,N,Sp802,Salp,2.076,1.504,0.572,0.771,0.804,0.514,3.0778,4.412,3.7449,113.993,119.243,116.618,21.5,2.083,22.323,36.7,0.614,0.9,2.8,53.7
BLK4,WE22,cN,hN,Ct,F,CtF,decid,dY,eN,N,Y,N,N,Sp803,Salp,NA,NA,NA,NA,NA,NA,NA,NA,NA,NA,NA,NA,NA,NA,NA,NA,NA,NA,NA,NA
BLK4,WE22,cN,hN,Ct,F,CtF,decid,dY,eN,N,Y,N,N,Sp804,Salp,NA,NA,NA,NA,NA,NA,NA,NA,NA,NA,NA,NA,NA,NA,NA,NA,NA,NA,NA,NA
BLK4,WE22,cN,hN,Ct,F,CtF,decid,dY,eN,N,Y,N,N,Sp805,Salp,NA,NA,NA,NA,NA,NA,NA,NA,NA,NA,NA,NA,NA,NA,NA,NA,NA,NA,NA,NA
BLK4,WE22,cN,hN,Ct,F,CtF,decid,dY,eN,N,Y,N,N,Sp806,Salp,NA,NA,NA,NA,NA,NA,NA,NA,NA,NA,NA,NA,NA,NA,NA,NA,NA,NA,NA,NA
BLK4,WE22,cN,hN,Ct,F,CtF,everg,dN,eY,N,N,N,Y,Sp101,Vacv,0.182,0.022,0.16,0.451,0.46,0.424,1.5607,1.3408,1.4508,67.857,58.296,63.077,9.478,0.635,53.02,3.6,1.286,0.14,0.7,40
BLK4,WE22,cN,hN,Ct,F,CtF,everg,dN,eY,N,N,N,Y,Sp102,Vacv,0.132,0.012,0.12,0.609,0.591,0.476,0.7741,0.7648,0.7695,55.293,58.831,57.062,7.7441,0.702,64.938,4.5,1.099,0.11,0.7,75
BLK4,WE22,cN,hN,Ct,F,CtF,everg,dN,eY,N,N,N,Y,Sp103,Vacv,0.048,0.008,0.04,0.429,0.375,0.482,0.2689,0.2891,0.279,89.633,96.367,93,6.4248,0.56,78.246,6,1.374,0.11,0.5,NA
BLK4,WE22,cN,hN,Ct,F,CtF,everg,dN,eY,N,N,N,Y,Sp104,Vacv,NA,NA,NA,0.348,0.32,NA,0.7771,0.8559,0.8165,97.138,106.988,102.063,NA,NA,NA,5,NA,0.11,0.6,NA
BLK4,WE22,cN,hN,Ct,F,CtF,everg,dN,eY,N,N,N,Y,Sp105,Vacv,NA,NA,NA,0.385,0.414,NA,1.0553,0.6962,0.8758,70.353,58.017,64.185,NA,NA,NA,5.9,NA,0.12,0.6,NA
BLK4,WE22,cN,hN,Ct,F,CtF,everg,dN,eY,N,N,N,Y,Sp106,Vacv,NA,NA,NA,0.417,0.414,NA,0.8459,0.7958,0.8209,56.393,66.317,61.355,NA,NA,NA,4.3,NA,0.1,0.5,NA
BLK4,WE23,cY,hN,Ca,F,CaF,decid,dY,eN,Y,N,N,N,Sp201,Betn,1.571,1.09,0.444,0.875,0.857,0.469,1.3722,1.4697,1.421,196.029,244.95,220.49,33.767,4.55,14.04,19.3,0.955,0.7,5.7,34.6
BLK4,WE23,cY,hN,Ca,F,CaF,decid,dY,eN,Y,N,N,N,Sp202,Betn,6.386,4.826,1.389,0.714,0.692,0.47,1.6789,1.3965,1.5377,167.89,155.167,161.529,31.042,3.737,15.903,22.8,0.654,0.53,4.6,30.8
BLK4,WE23,cY,hN,Ca,F,CaF,decid,dY,eN,Y,N,N,N,Sp203,Betn,2.617,1.869,0.65,0.875,0.7,0.497,0.7744,1.0097,0.8921,110.629,144.243,127.436,27.552,3.895,17.649,15,0.583,0.54,3.2,25.8
BLK4,WE23,cY,hN,Ca,F,CaF,decid,dY,eN,Y,N,N,N,Sp204,Betn,NA,NA,NA,0.636,0.5,NA,0.846,0.8509,0.8485,120.857,106.363,113.61,NA,NA,NA,30.5,NA,0.55,2.9,NA
BLK4,WE23,cY,hN,Ca,F,CaF,decid,dY,eN,Y,N,N,N,Sp205,Betn,NA,NA,NA,0.444,0.474,NA,1.0632,1.1638,1.1135,132.9,129.311,131.106,NA,NA,NA,20.4,NA,0.44,3.8,NA
BLK4,WE23,cY,hN,Ca,F,CaF,decid,dY,eN,Y,N,N,N,Sp206,Betn,NA,NA,NA,0.5,0.476,NA,1.1041,1.3655,1.2348,157.729,136.55,147.14,NA,NA,NA,21.9,NA,0.29,2,NA
BLK4,WE23,cY,hN,Ca,F,CaF,everg,dN,eY,N,N,Y,N,Sp501,Ledp,0.643,0.242,0.401,0.5,0.647,0.511,0.6443,0.6077,0.626,58.573,55.245,56.909,16.935,1.443,29.562,9.1,0.511,0.23,2.7,21.6
BLK4,WE23,cY,hN,Ca,F,CaF,everg,dN,eY,N,N,Y,N,Sp502,Ledp,1.238,0.482,0.715,0.6,0.75,0.615,0.3794,0.346,0.3627,63.233,57.667,60.45,15.468,0.982,33.861,12.9,0.607,0.16,2.3,12
BLK4,WE23,cY,hN,Ca,F,CaF,everg,dN,eY,N,N,Y,N,Sp503,Ledp,0.466,0.155,0.29,0.625,0.6,0.549,0.4744,0.3575,0.416,47.44,59.583,53.512,14.745,1.269,35.358,12.5,0.684,0.19,1.7,11.1
BLK4,WE23,cY,hN,Ca,F,CaF,everg,dN,eY,N,N,Y,N,Sp504,Ledp,NA,NA,NA,0.467,0.471,NA,0.432,0.4381,0.4351,61.714,54.763,58.239,NA,NA,NA,9.7,NA,0.18,3,NA
BLK4,WE23,cY,hN,Ca,F,CaF,everg,dN,eY,N,N,Y,N,Sp505,Ledp,NA,NA,NA,0.462,0.471,NA,0.3202,0.3706,0.3454,53.367,46.325,49.846,NA,NA,NA,13.5,NA,0.2,3.2,NA
BLK4,WE23,cY,hN,Ca,F,CaF,everg,dN,eY,N,N,Y,N,Sp506,Ledp,NA,NA,NA,0.435,0.476,NA,0.5919,0.5785,0.5852,59.19,57.85,58.52,NA,NA,NA,14.7,NA,0.16,2.7,NA
BLK4,WE23,cY,hN,Ca,F,CaF,decid,dY,eN,N,Y,N,N,Sp801,Salp,3.897,2.991,0.862,0.778,0.619,0.809,4.9805,4.5695,4.775,118.583,117.167,117.875,22.188,2.185,21.535,19.6,0.774,1.02,3.5,13.1
BLK4,WE23,cY,hN,Ca,F,CaF,decid,dY,eN,N,Y,N,N,Sp802,Salp,NA,NA,NA,NA,NA,NA,NA,NA,NA,NA,NA,NA,NA,NA,NA,NA,NA,NA,NA,NA
BLK4,WE23,cY,hN,Ca,F,CaF,decid,dY,eN,N,Y,N,N,Sp803,Salp,NA,NA,NA,NA,NA,NA,NA,NA,NA,NA,NA,NA,NA,NA,NA,NA,NA,NA,NA,NA
BLK4,WE23,cY,hN,Ca,F,CaF,decid,dY,eN,N,Y,N,N,Sp804,Salp,NA,NA,NA,NA,NA,NA,NA,NA,NA,NA,NA,NA,NA,NA,NA,NA,NA,NA,NA,NA
BLK4,WE23,cY,hN,Ca,F,CaF,decid,dY,eN,N,Y,N,N,Sp805,Salp,NA,NA,NA,NA,NA,NA,NA,NA,NA,NA,NA,NA,NA,NA,NA,NA,NA,NA,NA,NA
BLK4,WE23,cY,hN,Ca,F,CaF,decid,dY,eN,N,Y,N,N,Sp806,Salp,NA,NA,NA,NA,NA,NA,NA,NA,NA,NA,NA,NA,NA,NA,NA,NA,NA,NA,NA,NA
BLK4,WE23,cY,hN,Ca,F,CaF,everg,dN,eY,N,N,N,Y,Sp101,Vacv,0.117,0.016,0.099,0.478,0.571,0.505,0.7154,0.7888,0.7521,65.036,49.3,57.168,10.654,0.796,45.965,2.7,1.452,0.09,0.6,20
BLK4,WE23,cY,hN,Ca,F,CaF,everg,dN,eY,N,N,N,Y,Sp102,Vacv,0.487,0.106,0.379,0.455,0.545,0.493,0.6478,0.6675,0.6577,64.78,55.625,60.203,8.1906,0.635,60.625,4.5,0.818,0.11,0.9,28.6
BLK4,WE23,cY,hN,Ca,F,CaF,everg,dN,eY,N,N,N,Y,Sp103,Vacv,0.257,0.04,0.215,0.462,0.542,0.498,0.8037,0.9244,0.8641,66.975,71.108,69.042,9.171,0.688,53.44,6.4,0.439,0.13,0.7,33.3
BLK4,WE23,cY,hN,Ca,F,CaF,everg,dN,eY,N,N,N,Y,Sp104,Vacv,NA,NA,NA,0.269,0.417,NA,0.7224,0.6215,0.672,103.2,62.15,82.675,NA,NA,NA,5.1,NA,0.1,0.5,NA
BLK4,WE23,cY,hN,Ca,F,CaF,everg,dN,eY,N,N,N,Y,Sp105,Vacv,NA,NA,NA,0.348,0.367,NA,0.8245,0.9882,0.9064,103.063,89.836,96.45,NA,NA,NA,4.5,NA,0.13,0.5,NA
BLK4,WE23,cY,hN,Ca,F,CaF,everg,dN,eY,N,N,N,Y,Sp106,Vacv,NA,NA,NA,0.348,0.4,NA,0.5586,0.7047,0.6317,69.825,58.725,64.275,NA,NA,NA,5,NA,0.11,0.8,NA
BLK4,WE24,cY,hY,W,F,WF,decid,dY,eN,Y,N,N,N,Sp201,Betn,2.045,1.251,0.708,0.563,0.529,0.483,1.1135,1.0478,1.0807,123.722,116.422,120.072,31.634,5.411,15.682,18.5,0.623,0.57,3.4,50.6
BLK4,WE24,cY,hY,W,F,WF,decid,dY,eN,Y,N,N,N,Sp202,Betn,6.215,4.409,1.447,0.444,0.571,0.438,1.3351,1.1967,1.2659,166.888,149.588,158.238,29.414,5.883,16.459,24.3,0.552,0.63,5.8,42.3
BLK4,WE24,cY,hY,W,F,WF,decid,dY,eN,Y,N,N,N,Sp203,Betn,2.742,1.864,0.775,0.615,0.588,0.479,0.9786,1.2462,1.1124,122.325,124.62,123.473,28.141,6.31,17.334,24,0.704,0.43,4.1,50.9
BLK4,WE24,cY,hY,W,F,WF,decid,dY,eN,Y,N,N,N,Sp204,Betn,NA,NA,NA,0.368,0.333,NA,0.9813,1.1429,1.0621,140.186,142.863,141.525,NA,NA,NA,21.5,NA,0.57,3.6,NA
BLK4,WE24,cY,hY,W,F,WF,decid,dY,eN,Y,N,N,N,Sp205,Betn,NA,NA,NA,0.381,0.412,NA,1.2979,1.0815,1.1897,162.238,154.5,158.369,NA,NA,NA,12,NA,0.42,3.5,NA
BLK4,WE24,cY,hY,W,F,WF,decid,dY,eN,Y,N,N,N,Sp206,Betn,NA,NA,NA,0.444,0.5,NA,0.6684,0.732,0.7002,167.1,146.4,156.75,NA,NA,NA,21.3,NA,0.83,4.4,NA
BLK4,WE24,cY,hY,W,F,WF,everg,dN,eY,N,N,Y,N,Sp501,Ledp,0.555,0.32,0.213,0.417,0.5,0.504,0.3477,0.2866,0.3172,69.54,57.32,63.43,19.08,1.145,27.545,13.5,0.451,0.16,2.4,33.3
BLK4,WE24,cY,hY,W,F,WF,everg,dN,eY,N,N,Y,N,Sp502,Ledp,0.81,0.464,0.29,0.444,0.438,0.529,0.4981,0.4877,0.4929,62.263,69.671,65.967,17.157,1.415,30.289,16,0.605,0.21,3.2,27
BLK4,WE24,cY,hY,W,F,WF,everg,dN,eY,N,N,Y,N,Sp503,Ledp,1.026,0.608,0.349,0.455,0.5,0.458,0.5642,0.5043,0.5343,56.42,56.033,56.227,18.581,1.661,28.03,14.5,0.637,0.16,3.8,33.3
BLK4,WE24,cY,hY,W,F,WF,everg,dN,eY,N,N,Y,N,Sp504,Ledp,NA,NA,NA,0.4,0.455,NA,0.3033,0.3289,0.3161,75.825,65.78,70.803,NA,NA,NA,13.7,NA,0.14,2.7,NA
BLK4,WE24,cY,hY,W,F,WF,everg,dN,eY,N,N,Y,N,Sp505,Ledp,NA,NA,NA,0.381,0.389,NA,0.6577,0.5393,0.5985,82.213,77.043,79.628,NA,NA,NA,13.2,NA,0.16,1.8,NA
BLK4,WE24,cY,hY,W,F,WF,everg,dN,eY,N,N,Y,N,Sp506,Ledp,NA,NA,NA,0.462,0.467,NA,0.4015,0.4747,0.4381,66.917,67.814,67.366,NA,NA,NA,9.9,NA,0.15,3.1,NA
BLK4,WE24,cY,hY,W,F,WF,decid,dY,eN,N,Y,N,N,Sp801,Salp,3.464,2.627,0.827,0.431,0.403,0.484,3.3215,3.8129,3.5672,132.86,131.479,132.17,22.224,1.909,21.509,21.7,0.784,1.21,4.9,31.2
BLK4,WE24,cY,hY,W,F,WF,decid,dY,eN,N,Y,N,N,Sp802,Salp,NA,NA,NA,NA,NA,NA,NA,NA,NA,NA,NA,NA,NA,NA,NA,NA,NA,NA,NA,NA
BLK4,WE24,cY,hY,W,F,WF,decid,dY,eN,N,Y,N,N,Sp803,Salp,NA,NA,NA,NA,NA,NA,NA,NA,NA,NA,NA,NA,NA,NA,NA,NA,NA,NA,NA,NA
BLK4,WE24,cY,hY,W,F,WF,decid,dY,eN,N,Y,N,N,Sp804,Salp,NA,NA,NA,NA,NA,NA,NA,NA,NA,NA,NA,NA,NA,NA,NA,NA,NA,NA,NA,NA
BLK4,WE24,cY,hY,W,F,WF,decid,dY,eN,N,Y,N,N,Sp805,Salp,NA,NA,NA,NA,NA,NA,NA,NA,NA,NA,NA,NA,NA,NA,NA,NA,NA,NA,NA,NA
BLK4,WE24,cY,hY,W,F,WF,decid,dY,eN,N,Y,N,N,Sp806,Salp,NA,NA,NA,NA,NA,NA,NA,NA,NA,NA,NA,NA,NA,NA,NA,NA,NA,NA,NA,NA
BLK4,WE24,cY,hY,W,F,WF,everg,dN,eY,N,N,N,Y,Sp101,Vacv,0.342,0.057,0.284,0.383,0.409,0.463,1.3593,0.9848,1.1721,59.1,54.711,56.906,11.823,0.796,42.288,7.4,0.638,0.12,0.7,NA
BLK4,WE24,cY,hY,W,F,WF,everg,dN,eY,N,N,N,Y,Sp102,Vacv,0.765,0.149,0.616,0.414,0.435,0.434,0.6693,0.7439,0.7066,55.775,74.39,65.083,7.4024,0.519,67.693,4.7,1.037,0.13,0.7,NA
BLK4,WE24,cY,hY,W,F,WF,everg,dN,eY,N,N,N,Y,Sp103,Vacv,0.193,0.022,0.171,0.371,0.478,0.39,1.1588,0.7827,0.9708,89.138,71.155,80.147,9.4943,0.86,52.445,9,1.25,0.09,0.6,NA
BLK4,WE24,cY,hY,W,F,WF,everg,dN,eY,N,N,N,Y,Sp104,Vacv,NA,NA,NA,0.429,0.367,NA,0.527,0.7203,0.6237,58.556,65.482,62.019,NA,NA,NA,5,NA,0.12,0.7,NA
BLK4,WE24,cY,hY,W,F,WF,everg,dN,eY,N,N,N,Y,Sp105,Vacv,NA,NA,NA,0.313,0.28,NA,0.589,0.7398,0.6644,117.8,105.686,111.743,NA,NA,NA,3.3,NA,0.13,0.6,NA
BLK4,WE24,cY,hY,W,F,WF,everg,dN,eY,N,N,N,Y,Sp106,Vacv,NA,NA,NA,0.333,0.409,NA,1.0317,0.8289,0.9303,85.975,92.1,89.038,NA,NA,NA,7.2,NA,0.11,0.7,NA
BLK5,WE25,cN,hN,Ct,NF,CtNF,decid,dY,eN,Y,N,N,N,Sp201,Betn,10.336,9.456,0.634,0.5,0.526,0.415,1.0233,1.2949,1.1591,146.186,129.49,137.838,21.651,2.117,22.941,8,0.615,0.9,6.8,25.1
BLK5,WE25,cN,hN,Ct,NF,CtNF,decid,dY,eN,Y,N,N,N,Sp202,Betn,1.325,1.062,0.213,0.462,0.538,0.489,0.8166,0.9066,0.8616,136.1,129.514,132.807,25.971,2.754,18.566,4,0.575,0.46,3.4,28
BLK5,WE25,cN,hN,Ct,NF,CtNF,decid,dY,eN,Y,N,N,N,Sp203,Betn,1.732,1.304,0.274,0.667,0.667,0.685,0.5555,0.5314,0.5435,138.875,132.85,135.863,25.335,2.317,19.617,17,0.743,0.67,5.3,28
BLK5,WE25,cN,hN,Ct,NF,CtNF,decid,dY,eN,Y,N,N,N,Sp204,Betn,NA,NA,NA,0.667,0.667,NA,0.4501,0.5496,0.4999,112.525,137.4,124.963,NA,NA,NA,18.1,NA,0.97,4.8,NA
BLK5,WE25,cN,hN,Ct,NF,CtNF,decid,dY,eN,Y,N,N,N,Sp205,Betn,NA,NA,NA,0.429,0.467,NA,0.7161,0.8713,0.7937,119.35,124.471,121.911,NA,NA,NA,18.4,NA,0.44,4.3,NA
BLK5,WE25,cN,hN,Ct,NF,CtNF,decid,dY,eN,Y,N,N,N,Sp206,Betn,NA,NA,NA,0.538,0.385,NA,0.9328,0.8807,0.9068,133.257,176.14,154.699,NA,NA,NA,18.6,NA,0.41,3,NA
BLK5,WE25,cN,hN,Ct,NF,CtNF,everg,dN,eY,N,N,Y,N,Sp501,Ledp,2.33,1.874,0.456,0.625,0.556,0.61,0.2179,0.2433,0.2306,43.58,48.66,46.12,14.763,1.143,35.536,13.5,0.666,0.16,4.1,20.7
BLK5,WE25,cN,hN,Ct,NF,CtNF,everg,dN,eY,N,N,Y,N,Sp502,Ledp,1.429,0.826,0.603,0.5,0.5,0.528,0.2743,0.2968,0.2856,54.86,59.36,57.11,12.536,0.814,41.982,14.7,0.591,0.12,3.1,23.5
BLK5,WE25,cN,hN,Ct,NF,CtNF,everg,dN,eY,N,N,Y,N,Sp503,Ledp,2.257,1.501,0.756,0.667,0.556,0.531,0.2372,0.2446,0.2409,39.533,48.92,44.227,13.305,0.803,38.743,20.6,0.53,0.2,3.9,26.3
BLK5,WE25,cN,hN,Ct,NF,CtNF,everg,dN,eY,N,N,Y,N,Sp504,Ledp,NA,NA,NA,0.5,0.571,NA,0.2088,0.2165,0.2127,52.2,54.125,53.163,NA,NA,NA,8.2,NA,0.14,1.9,NA
BLK5,WE25,cN,hN,Ct,NF,CtNF,everg,dN,eY,N,N,Y,N,Sp505,Ledp,NA,NA,NA,0.5,0.5,NA,0.2853,0.3168,0.3011,57.06,52.8,54.93,NA,NA,NA,10.4,NA,0.21,4.6,NA
BLK5,WE25,cN,hN,Ct,NF,CtNF,everg,dN,eY,N,N,Y,N,Sp506,Ledp,NA,NA,NA,0.5,0.6,NA,0.1482,0.1248,0.1365,49.4,41.6,45.5,NA,NA,NA,11.6,NA,0.09,1.1,NA
BLK5,WE25,cN,hN,Ct,NF,CtNF,decid,dY,eN,N,Y,N,N,Sp801,Salp,7.83,7.025,0.769,0.421,0.452,0.495,1.9728,2.3865,2.1797,123.3,125.605,124.453,17.946,1.548,26.614,17.3,0.647,0.9,4.3,25.2
BLK5,WE25,cN,hN,Ct,NF,CtNF,decid,dY,eN,N,Y,N,N,Sp802,Salp,10.843,8.902,1.886,0.465,0.474,0.47,2.3761,2.147,2.2616,118.805,119.278,119.042,18.893,1.483,25.126,21.1,0.896,1.38,5.8,32.1
BLK5,WE25,cN,hN,Ct,NF,CtNF,decid,dY,eN,N,Y,N,N,Sp803,Salp,3.656,2.755,0.851,0.439,0.417,0.411,3.3363,4.7839,4.0601,115.045,111.253,113.149,17.393,1.66,27.36,12.9,0.731,1.21,5.2,34.9
BLK5,WE25,cN,hN,Ct,NF,CtNF,decid,dY,eN,N,Y,N,N,Sp804,Salp,NA,NA,NA,NA,NA,NA,NA,NA,NA,NA,NA,NA,NA,NA,NA,NA,NA,NA,NA,NA
BLK5,WE25,cN,hN,Ct,NF,CtNF,decid,dY,eN,N,Y,N,N,Sp805,Salp,NA,NA,NA,NA,NA,NA,NA,NA,NA,NA,NA,NA,NA,NA,NA,NA,NA,NA,NA,NA
BLK5,WE25,cN,hN,Ct,NF,CtNF,decid,dY,eN,N,Y,N,N,Sp806,Salp,NA,NA,NA,NA,NA,NA,NA,NA,NA,NA,NA,NA,NA,NA,NA,NA,NA,NA,NA,NA
BLK5,WE25,cN,hN,Ct,NF,CtNF,everg,dN,eY,N,N,N,Y,Sp101,Vacv,0.152,0.029,0.119,0.435,0.444,0.444,0.6638,0.5579,0.6109,66.38,69.738,68.059,11.137,0.811,44.604,4.7,1.29,0.18,0.8,50
BLK5,WE25,cN,hN,Ct,NF,CtNF,everg,dN,eY,N,N,N,Y,Sp102,Vacv,0.152,0.02,0.129,0.5,0.5,0.524,0.3998,0.4165,0.4082,57.114,59.5,58.307,7.8744,0.509,63.256,2.4,0.893,0.14,0.8,66.7
BLK5,WE25,cN,hN,Ct,NF,CtNF,everg,dN,eY,N,N,N,Y,Sp103,Vacv,0.121,0.023,0.098,0.563,0.5,0.513,0.4314,0.4765,0.454,47.933,52.944,50.439,8.8044,0.604,55.677,3,0.714,0.12,0.8,NA
BLK5,WE25,cN,hN,Ct,NF,CtNF,everg,dN,eY,N,N,N,Y,Sp104,Vacv,NA,NA,NA,0.471,0.333,NA,0.4323,0.3514,0.3919,54.038,87.85,70.944,NA,NA,NA,4.8,NA,0.18,1.2,NA
BLK5,WE25,cN,hN,Ct,NF,CtNF,everg,dN,eY,N,N,N,Y,Sp105,Vacv,NA,NA,NA,0.438,0.5,NA,0.4447,0.3278,0.3863,63.529,65.56,64.545,NA,NA,NA,3.2,NA,0.1,0.4,NA
BLK5,WE25,cN,hN,Ct,NF,CtNF,everg,dN,eY,N,N,N,Y,Sp106,Vacv,NA,NA,NA,0.5,0.5,NA,0.3629,0.3631,0.363,51.843,60.517,56.18,NA,NA,NA,3.6,NA,0.15,0.6,NA
BLK5,WE26,cY,hN,Ca,NF,CaNF,decid,dY,eN,Y,N,N,N,Sp201,Betn,2.616,2.251,0.306,0.778,0.714,0.56,0.9987,0.8774,0.9381,142.671,175.48,159.076,26.354,1.811,18.914,16,0.765,0.54,3.9,25.2
BLK5,WE26,cY,hN,Ca,NF,CaNF,decid,dY,eN,Y,N,N,N,Sp202,Betn,1.335,1.009,0.279,0.889,0.667,0.594,0.906,1.2666,1.0863,113.25,158.325,135.788,29.682,2.533,16.653,13.3,0.753,0.37,4.5,19
BLK5,WE26,cY,hN,Ca,NF,CaNF,decid,dY,eN,Y,N,N,N,Sp203,Betn,1.082,0.871,0.189,0.75,0.833,0.685,0.8463,0.6729,0.7596,141.05,134.58,137.815,21.625,1.962,22.994,14.2,0.767,0.37,4.3,23.8
BLK5,WE26,cY,hN,Ca,NF,CaNF,decid,dY,eN,Y,N,N,N,Sp204,Betn,NA,NA,NA,0.435,0.389,NA,1.1813,0.8838,1.0326,118.13,126.257,122.194,NA,NA,NA,9.4,NA,0.83,4.2,NA
BLK5,WE26,cY,hN,Ca,NF,CaNF,decid,dY,eN,Y,N,N,N,Sp205,Betn,NA,NA,NA,0.375,0.412,NA,1.0031,1.1862,1.0947,167.183,169.457,168.32,NA,NA,NA,14.5,NA,0.57,4.8,NA
BLK5,WE26,cY,hN,Ca,NF,CaNF,decid,dY,eN,Y,N,N,N,Sp206,Betn,NA,NA,NA,0.375,0.381,NA,1.0577,1.0383,1.048,176.283,129.788,153.036,NA,NA,NA,9.3,NA,0.41,3.4,NA
BLK5,WE26,cY,hN,Ca,NF,CaNF,everg,dN,eY,N,N,Y,N,Sp501,Ledp,0.64,0.296,0.344,0.571,0.6,0.531,0.2452,0.2644,0.2548,61.3,44.067,52.684,15.122,1.175,34.733,7.7,0.646,0.09,3.1,32.3
BLK5,WE26,cY,hN,Ca,NF,CaNF,everg,dN,eY,N,N,Y,N,Sp502,Ledp,0.606,0.415,0.191,0.667,0.556,0.579,0.2748,0.2656,0.2702,45.8,53.12,49.46,18.287,1.31,28.655,10.4,0.703,0.06,2.2,28.6
BLK5,WE26,cY,hN,Ca,NF,CaNF,everg,dN,eY,N,N,Y,N,Sp503,Ledp,0.263,0.107,0.156,0.5,0.667,0.525,0.2788,0.3029,0.2909,55.76,50.483,53.122,14.481,1.275,35.173,12.2,0.516,0.11,3.2,30
BLK5,WE26,cY,hN,Ca,NF,CaNF,everg,dN,eY,N,N,Y,N,Sp504,Ledp,NA,NA,NA,0.5,0.5,NA,0.2541,0.26,0.2571,50.82,52,51.41,NA,NA,NA,11.2,NA,0.13,4.9,NA
BLK5,WE26,cY,hN,Ca,NF,CaNF,everg,dN,eY,N,N,Y,N,Sp505,Ledp,NA,NA,NA,0.4,0.4,NA,0.1522,0.1295,0.1409,76.1,64.75,70.425,NA,NA,NA,23.2,NA,0.09,2.9,NA
BLK5,WE26,cY,hN,Ca,NF,CaNF,everg,dN,eY,N,N,Y,N,Sp506,Ledp,NA,NA,NA,0.556,0.556,NA,0.2277,0.2515,0.2396,45.54,50.3,47.92,NA,NA,NA,11.1,NA,0.09,2.4,NA
BLK5,WE26,cY,hN,Ca,NF,CaNF,decid,dY,eN,N,Y,N,N,Sp801,Salp,1.951,1.451,0.457,0.525,0.524,0.525,3.3576,1.4653,2.4115,108.31,133.209,120.76,14.056,1.017,33.555,21,0.648,0.87,4,20.2
BLK5,WE26,cY,hN,Ca,NF,CaNF,decid,dY,eN,N,Y,N,N,Sp802,Salp,3.337,2.681,0.639,0.571,0.652,0.472,2.8068,3.043,2.9249,116.95,101.433,109.192,15.972,1.208,30.297,11.6,0.682,1.19,4.8,22.8
BLK5,WE26,cY,hN,Ca,NF,CaNF,decid,dY,eN,N,Y,N,N,Sp803,Salp,1.252,0.972,0.261,0.674,0.714,0.554,3.291,2.3486,2.8198,113.483,117.43,115.457,17.646,1.083,26.156,19.2,0.66,1.07,3.8,17.8
BLK5,WE26,cY,hN,Ca,NF,CaNF,decid,dY,eN,N,Y,N,N,Sp804,Salp,NA,NA,NA,NA,NA,NA,NA,NA,NA,NA,NA,NA,NA,NA,NA,NA,NA,NA,NA,NA
BLK5,WE26,cY,hN,Ca,NF,CaNF,decid,dY,eN,N,Y,N,N,Sp805,Salp,NA,NA,NA,NA,NA,NA,NA,NA,NA,NA,NA,NA,NA,NA,NA,NA,NA,NA,NA,NA
BLK5,WE26,cY,hN,Ca,NF,CaNF,decid,dY,eN,N,Y,N,N,Sp806,Salp,NA,NA,NA,NA,NA,NA,NA,NA,NA,NA,NA,NA,NA,NA,NA,NA,NA,NA,NA,NA
BLK5,WE26,cY,hN,Ca,NF,CaNF,everg,dN,eY,N,N,N,Y,Sp101,Vacv,0.035,0.004,0.031,0.667,0.444,0.492,0.3281,0.2677,0.2979,54.683,66.925,60.804,7.4231,0.688,66.276,4.6,0.346,0.14,0.5,50
BLK5,WE26,cY,hN,Ca,NF,CaNF,everg,dN,eY,N,N,N,Y,Sp102,Vacv,0.079,0.011,0.068,0.5,0.5,0.527,0.5744,0.5369,0.5557,63.822,67.113,65.468,8.5634,0.469,58.278,3.4,1.129,0.08,0.4,25
BLK5,WE26,cY,hN,Ca,NF,CaNF,everg,dN,eY,N,N,N,Y,Sp103,Vacv,0.196,0.035,0.161,0.786,0.467,0.521,0.5344,0.3882,0.4613,48.582,55.457,52.02,7.1204,0.5,68.73,2.8,0.862,NA,NA,33.3
BLK5,WE26,cY,hN,Ca,NF,CaNF,everg,dN,eY,N,N,N,Y,Sp104,Vacv,NA,NA,NA,0.45,0.476,NA,0.5684,0.5352,0.5518,63.156,53.52,58.338,NA,NA,NA,2.5,NA,0.17,0.6,NA
BLK5,WE26,cY,hN,Ca,NF,CaNF,everg,dN,eY,N,N,N,Y,Sp105,Vacv,NA,NA,NA,0.5,0.667,NA,0.1782,0.1591,0.1687,59.4,79.55,69.475,NA,NA,NA,2.5,NA,NA,NA,NA
BLK5,WE26,cY,hN,Ca,NF,CaNF,everg,dN,eY,N,N,N,Y,Sp106,Vacv,NA,NA,NA,0.333,0.4,NA,0.3056,0.3349,0.3203,76.4,83.725,80.063,NA,NA,NA,4.2,NA,0.13,0.7,NA
BLK5,WE27,cY,hY,W,NF,WNF,decid,dY,eN,Y,N,N,N,Sp201,Betn,4.259,3.315,0.688,0.9,0.571,0.568,0.8689,0.9014,0.8852,96.544,112.675,104.61,21.52,1.558,23.689,21.5,0.94,1.14,5.3,35.2
BLK5,WE27,cY,hY,W,NF,WNF,decid,dY,eN,Y,N,N,N,Sp202,Betn,1.35,1.12,0.209,0.778,0.7,0.641,1.0451,1.0589,1.052,149.3,151.271,150.286,23.391,3.074,21.206,12.7,0.706,0.54,3.4,26.7
BLK5,WE27,cY,hY,W,NF,WNF,decid,dY,eN,Y,N,N,N,Sp203,Betn,6.705,5.547,0.98,0.615,0.875,0.5,1.239,0.8883,1.0637,154.875,126.9,140.888,23.465,2.164,21.024,20.3,0.672,1.16,5.4,36
BLK5,WE27,cY,hY,W,NF,WNF,decid,dY,eN,Y,N,N,N,Sp204,Betn,NA,NA,NA,0.5,0.529,NA,0.9589,1.0147,0.9868,136.986,112.744,124.865,NA,NA,NA,20.5,NA,0.7,5,NA
BLK5,WE27,cY,hY,W,NF,WNF,decid,dY,eN,Y,N,N,N,Sp205,Betn,NA,NA,NA,0.533,0.533,NA,0.9325,0.8897,0.9111,116.563,111.213,113.888,NA,NA,NA,16.3,NA,0.39,3.4,NA
BLK5,WE27,cY,hY,W,NF,WNF,decid,dY,eN,Y,N,N,N,Sp206,Betn,NA,NA,NA,0.5,0.714,NA,0.8856,0.7549,0.8203,126.514,150.98,138.747,NA,NA,NA,11.6,NA,0.54,4.8,NA
BLK5,WE27,cY,hY,W,NF,WNF,everg,dN,eY,N,N,Y,N,Sp501,Ledp,3.158,1.955,1.203,0.833,0.875,0.566,0.2491,0.3257,0.2874,49.82,46.529,48.175,13.438,1.098,39.569,11.5,0.614,0.18,4.2,15.4
BLK5,WE27,cY,hY,W,NF,WNF,everg,dN,eY,N,N,Y,N,Sp502,Ledp,1.837,1.145,0.692,0.571,0.667,0.558,0.3938,0.29,0.3419,98.45,72.5,85.475,16.319,1.259,31.956,16.9,1.164,NA,NA,44.6
BLK5,WE27,cY,hY,W,NF,WNF,everg,dN,eY,N,N,Y,N,Sp503,Ledp,0.479,0.239,0.24,0.727,0.667,0.545,0.2983,0.2692,0.2838,37.288,44.867,41.078,14.422,1.056,37.447,9.3,0.373,0.17,2.2,42.9
BLK5,WE27,cY,hY,W,NF,WNF,everg,dN,eY,N,N,Y,N,Sp504,Ledp,NA,NA,NA,0.571,0.375,NA,0.2244,0.2357,0.2301,56.1,78.567,67.334,NA,NA,NA,11,NA,0.2,2.7,NA
BLK5,WE27,cY,hY,W,NF,WNF,everg,dN,eY,N,N,Y,N,Sp505,Ledp,NA,NA,NA,0.545,0.545,NA,0.2646,0.2954,0.28,44.1,49.233,46.667,NA,NA,NA,8.4,NA,0.23,3.4,NA
BLK5,WE27,cY,hY,W,NF,WNF,everg,dN,eY,N,N,Y,N,Sp506,Ledp,NA,NA,NA,0.5,0.455,NA,0.5065,0.3288,0.4177,63.313,65.76,64.537,NA,NA,NA,7.6,NA,0.23,3.9,NA
BLK5,WE27,cY,hY,W,NF,WNF,decid,dY,eN,N,Y,N,N,Sp801,Salp,1.79,1.385,0.397,0.667,0.524,0.458,1.9679,3.4248,2.6964,140.564,155.673,148.119,21.17,3.345,22.11,14.3,0.826,1.09,5.7,27
BLK5,WE27,cY,hY,W,NF,WNF,decid,dY,eN,N,Y,N,N,Sp802,Salp,NA,NA,NA,NA,NA,NA,NA,NA,NA,NA,NA,NA,NA,NA,NA,NA,NA,NA,NA,NA
BLK5,WE27,cY,hY,W,NF,WNF,decid,dY,eN,N,Y,N,N,Sp803,Salp,NA,NA,NA,NA,NA,NA,NA,NA,NA,NA,NA,NA,NA,NA,NA,NA,NA,NA,NA,NA
BLK5,WE27,cY,hY,W,NF,WNF,decid,dY,eN,N,Y,N,N,Sp804,Salp,NA,NA,NA,NA,NA,NA,NA,NA,NA,NA,NA,NA,NA,NA,NA,NA,NA,NA,NA,NA
BLK5,WE27,cY,hY,W,NF,WNF,decid,dY,eN,N,Y,N,N,Sp805,Salp,NA,NA,NA,NA,NA,NA,NA,NA,NA,NA,NA,NA,NA,NA,NA,NA,NA,NA,NA,NA
BLK5,WE27,cY,hY,W,NF,WNF,decid,dY,eN,N,Y,N,N,Sp806,Salp,NA,NA,NA,NA,NA,NA,NA,NA,NA,NA,NA,NA,NA,NA,NA,NA,NA,NA,NA,NA
BLK5,WE27,cY,hY,W,NF,WNF,everg,dN,eY,N,N,N,Y,Sp101,Vacv,0.083,0.016,0.067,0.692,0.857,0.568,0.4099,0.3108,0.3604,45.544,51.8,48.672,6.6451,0.474,76.533,3.7,0.682,0.14,0.6,NA
BLK5,WE27,cY,hY,W,NF,WNF,everg,dN,eY,N,N,N,Y,Sp102,Vacv,0.046,0.004,0.042,0.857,0.75,0.575,0.2768,0.3297,0.3033,46.133,54.95,50.542,7.3902,0.529,67.59,4,0.721,0.12,0.4,50
BLK5,WE27,cY,hY,W,NF,WNF,everg,dN,eY,N,N,N,Y,Sp103,Vacv,0.099,0.011,0.088,0.533,0.643,0.587,0.4984,0.4984,0.4984,62.3,55.378,58.839,8.1473,0.491,61.426,2.9,1.241,0.09,0.6,33.3
BLK5,WE27,cY,hY,W,NF,WNF,everg,dN,eY,N,N,N,Y,Sp104,Vacv,NA,NA,NA,0.4,0.667,NA,0.2621,0.2565,0.2593,65.525,64.125,64.825,NA,NA,NA,3.5,NA,0.14,0.5,NA
BLK5,WE27,cY,hY,W,NF,WNF,everg,dN,eY,N,N,N,Y,Sp105,Vacv,NA,NA,NA,0.714,0.667,NA,0.2509,0.2251,0.238,50.18,56.275,53.228,NA,NA,NA,3.3,NA,0.08,0.6,NA
BLK5,WE27,cY,hY,W,NF,WNF,everg,dN,eY,N,N,N,Y,Sp106,Vacv,NA,NA,NA,0.583,0.6,NA,0.403,0.3933,0.3982,57.571,65.55,61.561,NA,NA,NA,6.5,NA,0.18,1.3,NA
BLK5,WE28,cN,hN,Ct,F,CtF,decid,dY,eN,Y,N,N,N,Sp201,Betn,18.838,15.138,2.934,0.4,0.429,0.481,0.9099,0.7429,0.8264,227.475,247.633,237.554,33.916,4.25,14.75,30.5,0.699,1.49,8.2,45.1
BLK5,WE28,cN,hN,Ct,F,CtF,decid,dY,eN,Y,N,N,N,Sp202,Betn,20.226,17.234,2.385,0.769,0.429,0.694,1.4515,0.8274,1.1395,145.15,275.8,210.475,34.067,5.074,14.83,14.8,0.649,0.79,6.3,17.1
BLK5,WE28,cN,hN,Ct,F,CtF,decid,dY,eN,Y,N,N,N,Sp203,Betn,3.615,2.611,0.854,0.778,0.615,0.435,0.9103,0.9461,0.9282,130.043,118.263,124.153,34.849,4.868,14.092,28,0.561,0.98,6.3,37
BLK5,WE28,cN,hN,Ct,F,CtF,decid,dY,eN,Y,N,N,N,Sp204,Betn,NA,NA,NA,0.286,0.389,NA,1.0494,0.649,0.8492,262.35,92.714,177.532,NA,NA,NA,14.5,NA,0.61,4.4,NA
BLK5,WE28,cN,hN,Ct,F,CtF,decid,dY,eN,Y,N,N,N,Sp205,Betn,NA,NA,NA,0.333,0.571,NA,0.8777,1.0313,0.9545,175.54,257.825,216.683,NA,NA,NA,12.5,NA,0.83,3.6,NA
BLK5,WE28,cN,hN,Ct,F,CtF,decid,dY,eN,Y,N,N,N,Sp206,Betn,NA,NA,NA,0.294,0.35,NA,0.8893,1.0917,0.9905,177.86,155.957,166.909,NA,NA,NA,21.6,NA,0.46,5.6,NA
BLK5,WE28,cN,hN,Ct,F,CtF,everg,dN,eY,N,N,Y,N,Sp501,Ledp,8.107,6.562,1.545,0.636,0.556,0.543,0.3699,0.3302,0.3501,52.843,66.04,59.442,17.207,1.327,30.642,14.5,0.619,0.31,5.5,35.8
BLK5,WE28,cN,hN,Ct,F,CtF,everg,dN,eY,N,N,Y,N,Sp502,Ledp,1.908,1.222,0.686,0.556,0.6,0.487,0.2634,0.3499,0.3067,52.68,58.317,55.499,18.527,1.339,28.183,10.7,0.531,0.19,2.3,30.3
BLK5,WE28,cN,hN,Ct,F,CtF,everg,dN,eY,N,N,Y,N,Sp503,Ledp,0.947,0.484,0.463,0.692,0.545,0.586,0.4004,0.3624,0.3814,44.489,60.4,52.445,16.681,1.169,31.901,11.4,0.684,0.13,2.2,11.8
BLK5,WE28,cN,hN,Ct,F,CtF,everg,dN,eY,N,N,Y,N,Sp504,Ledp,NA,NA,NA,0.421,0.462,NA,0.4917,0.3947,0.4432,61.463,65.783,63.623,NA,NA,NA,13.4,NA,0.22,3.6,NA
BLK5,WE28,cN,hN,Ct,F,CtF,everg,dN,eY,N,N,Y,N,Sp505,Ledp,NA,NA,NA,0.435,0.471,NA,0.5487,0.4848,0.5168,54.87,60.6,57.735,NA,NA,NA,15.9,NA,0.16,1.8,NA
BLK5,WE28,cN,hN,Ct,F,CtF,everg,dN,eY,N,N,Y,N,Sp506,Ledp,NA,NA,NA,0.474,0.529,NA,0.5116,0.4502,0.4809,56.844,50.022,53.433,NA,NA,NA,22.1,NA,0.24,4.1,NA
BLK5,WE28,cN,hN,Ct,F,CtF,decid,dY,eN,N,Y,N,N,Sp801,Salp,0.877,0.613,0.264,0.527,0.615,0.457,6.2775,1.7551,4.0163,130.781,219.388,175.085,18.858,1.241,24.525,12.3,1.268,0.92,4.5,18.6
BLK5,WE28,cN,hN,Ct,F,CtF,decid,dY,eN,N,Y,N,N,Sp802,Salp,2.692,1.882,0.81,0.595,0.549,0.448,8.7165,5.5284,7.1225,99.051,122.853,110.952,24.491,1.204,19.161,17.4,0.749,0.61,2.4,39
BLK5,WE28,cN,hN,Ct,F,CtF,decid,dY,eN,N,Y,N,N,Sp803,Salp,4.353,3.084,1.269,0.449,0.556,0.45,3.5566,1.5964,2.5765,161.664,159.64,160.652,24.781,1.415,19.235,16.3,0.683,1.29,5.1,64.2
BLK5,WE28,cN,hN,Ct,F,CtF,decid,dY,eN,N,Y,N,N,Sp804,Salp,NA,NA,NA,NA,NA,NA,NA,NA,NA,NA,NA,NA,NA,NA,NA,NA,NA,NA,NA,NA
BLK5,WE28,cN,hN,Ct,F,CtF,decid,dY,eN,N,Y,N,N,Sp805,Salp,NA,NA,NA,NA,NA,NA,NA,NA,NA,NA,NA,NA,NA,NA,NA,NA,NA,NA,NA,NA
BLK5,WE28,cN,hN,Ct,F,CtF,decid,dY,eN,N,Y,N,N,Sp806,Salp,NA,NA,NA,NA,NA,NA,NA,NA,NA,NA,NA,NA,NA,NA,NA,NA,NA,NA,NA,NA
BLK5,WE28,cN,hN,Ct,F,CtF,everg,dN,eY,N,N,N,Y,Sp101,Vacv,0.231,0.053,0.176,0.583,0.5,0.484,0.4517,0.4084,0.4301,64.529,81.68,73.105,11.802,1,41.636,4.9,1.224,0.11,1,16.7
BLK5,WE28,cN,hN,Ct,F,CtF,everg,dN,eY,N,N,N,Y,Sp102,Vacv,0.129,0.025,0.102,0.444,0.5,0.483,0.6904,0.6263,0.6584,86.3,89.471,87.886,12.682,1.173,38.866,7.5,0.877,0.1,0.8,16.7
BLK5,WE28,cN,hN,Ct,F,CtF,everg,dN,eY,N,N,N,Y,Sp103,Vacv,0.098,0.011,0.086,0.474,0.462,0.473,0.8208,0.6768,0.7488,91.2,112.8,102,11.445,0.855,43.71,5.3,0.968,0.14,0.6,33.3
BLK5,WE28,cN,hN,Ct,F,CtF,everg,dN,eY,N,N,N,Y,Sp104,Vacv,NA,NA,NA,0.385,0.364,NA,0.5273,0.4382,0.4828,105.46,109.55,107.505,NA,NA,NA,5.3,NA,0.09,0.7,NA
BLK5,WE28,cN,hN,Ct,F,CtF,everg,dN,eY,N,N,N,Y,Sp105,Vacv,NA,NA,NA,0.423,0.458,NA,0.6633,0.7601,0.7117,60.3,69.1,64.7,NA,NA,NA,4.6,NA,0.12,0.7,NA
BLK5,WE28,cN,hN,Ct,F,CtF,everg,dN,eY,N,N,N,Y,Sp106,Vacv,NA,NA,NA,0.5,0.556,NA,0.4989,0.5692,0.5341,55.433,56.92,56.177,NA,NA,NA,9.1,NA,0.1,0.7,NA
BLK5,WE29,cY,hN,Ca,F,CaF,decid,dY,eN,Y,N,N,N,Sp201,Betn,4.168,3.045,0.986,0.625,0.611,0.423,1.3253,1.5548,1.4401,132.53,141.345,136.938,32.408,3.926,15.353,20.2,0.583,0.64,4.6,45.3
BLK5,WE29,cY,hN,Ca,F,CaF,decid,dY,eN,Y,N,N,N,Sp202,Betn,1.157,0.803,0.311,0.5,0.5,0.487,1.3793,1.1505,1.2649,153.256,143.813,148.535,38.593,4.309,12.983,17,0.772,0.46,2.9,38.9
BLK5,WE29,cY,hN,Ca,F,CaF,decid,dY,eN,Y,N,N,N,Sp203,Betn,7.218,5.273,1.532,0.545,0.563,0.47,1.383,1.1769,1.28,115.25,130.767,123.009,38,5.678,13.106,20,0.587,0.62,5.6,30.2
BLK5,WE29,cY,hN,Ca,F,CaF,decid,dY,eN,Y,N,N,N,Sp204,Betn,NA,NA,NA,0.368,0.4,NA,1.2099,0.8589,1.0344,172.843,143.15,157.997,NA,NA,NA,21.7,NA,0.69,6.1,NA
BLK5,WE29,cY,hN,Ca,F,CaF,decid,dY,eN,Y,N,N,N,Sp205,Betn,NA,NA,NA,0.471,0.467,NA,0.8988,0.8534,0.8761,112.35,121.914,117.132,NA,NA,NA,17.5,NA,0.57,4.1,NA
BLK5,WE29,cY,hN,Ca,F,CaF,decid,dY,eN,Y,N,N,N,Sp206,Betn,NA,NA,NA,0.4,0.4,NA,0.8049,0.9509,0.8779,201.225,158.483,179.854,NA,NA,NA,22.5,NA,0.7,6.4,NA
BLK5,WE29,cY,hN,Ca,F,CaF,everg,dN,eY,N,N,Y,N,Sp501,Ledp,0.965,0.588,0.351,0.464,0.591,0.526,0.8103,0.6838,0.7471,62.331,52.6,57.466,20.321,1.305,25.795,14.2,0.572,0.2,3.3,39.5
BLK5,WE29,cY,hN,Ca,F,CaF,everg,dN,eY,N,N,Y,N,Sp502,Ledp,1.104,0.589,0.515,0.455,0.538,0.494,0.4048,0.4886,0.4467,80.96,69.8,75.38,18.315,1,28.686,16,0.498,0.18,2.8,54.8
BLK5,WE29,cY,hN,Ca,F,CaF,everg,dN,eY,N,N,Y,N,Sp503,Ledp,0.28,0.079,0.201,0.571,0.533,0.493,0.4046,0.2335,0.3191,50.575,29.188,39.882,16.211,1.315,32.72,13.5,0.827,0.15,1.7,42.9
BLK5,WE29,cY,hN,Ca,F,CaF,everg,dN,eY,N,N,Y,N,Sp504,Ledp,NA,NA,NA,0.667,0.462,NA,0.365,0.3046,0.3348,36.5,50.767,43.634,NA,NA,NA,12.4,NA,0.27,3.2,NA
BLK5,WE29,cY,hN,Ca,F,CaF,everg,dN,eY,N,N,Y,N,Sp505,Ledp,NA,NA,NA,0.467,0.563,NA,0.4157,0.4206,0.4182,59.386,46.733,53.06,NA,NA,NA,13.1,NA,0.19,2.8,NA
BLK5,WE29,cY,hN,Ca,F,CaF,everg,dN,eY,N,N,Y,N,Sp506,Ledp,NA,NA,NA,0.5,0.583,NA,0.3569,0.3471,0.352,50.986,49.586,50.286,NA,NA,NA,14.3,NA,0.19,3.5,NA
BLK5,WE29,cY,hN,Ca,F,CaF,decid,dY,eN,N,Y,N,N,Sp801,Salp,6.48,4.168,2.248,0.518,0.545,0.436,2.7773,2.8986,2.838,95.769,96.62,96.195,26.583,1.269,17.501,19,0.662,1.23,6,46.4
BLK5,WE29,cY,hN,Ca,F,CaF,decid,dY,eN,N,Y,N,N,Sp802,Salp,9.636,6.959,2.593,0.431,0.422,0.432,3.9917,2.7234,3.3576,128.765,143.337,136.051,25.054,1.056,18.827,26,0.729,0.9,4.3,41
BLK5,WE29,cY,hN,Ca,F,CaF,decid,dY,eN,N,Y,N,N,Sp803,Salp,3.713,2.959,0.722,0.48,0.471,0.446,3.4463,1.681,2.5637,143.596,210.125,176.861,23.529,1.436,20.552,24.2,0.655,2.21,10.7,42.9
BLK5,WE29,cY,hN,Ca,F,CaF,decid,dY,eN,N,Y,N,N,Sp804,Salp,NA,NA,NA,NA,NA,NA,NA,NA,NA,NA,NA,NA,NA,NA,NA,NA,NA,NA,NA,NA
BLK5,WE29,cY,hN,Ca,F,CaF,decid,dY,eN,N,Y,N,N,Sp805,Salp,NA,NA,NA,NA,NA,NA,NA,NA,NA,NA,NA,NA,NA,NA,NA,NA,NA,NA,NA,NA
BLK5,WE29,cY,hN,Ca,F,CaF,decid,dY,eN,N,Y,N,N,Sp806,Salp,NA,NA,NA,NA,NA,NA,NA,NA,NA,NA,NA,NA,NA,NA,NA,NA,NA,NA,NA,NA
BLK5,WE29,cY,hN,Ca,F,CaF,everg,dN,eY,N,N,N,Y,Sp101,Vacv,0.251,0.027,0.223,0.476,0.381,0.482,0.6048,0.6477,0.6263,60.48,80.963,70.722,12.073,NA,41.251,4.9,0.676,0.1,0.7,50
BLK5,WE29,cY,hN,Ca,F,CaF,everg,dN,eY,N,N,N,Y,Sp102,Vacv,0.156,0.023,0.133,0.407,0.556,0.506,0.6782,0.6702,0.6742,61.655,67.02,64.338,8.9226,0.686,56.316,3.5,0.893,0.12,0.7,20
BLK5,WE29,cY,hN,Ca,F,CaF,everg,dN,eY,N,N,N,Y,Sp103,Vacv,0.412,0.142,0.269,0.526,0.45,0.475,0.7177,0.6875,0.7026,71.77,76.389,74.08,13.278,0.769,37.088,2.8,0.8,0.13,1.2,37.5
BLK5,WE29,cY,hN,Ca,F,CaF,everg,dN,eY,N,N,N,Y,Sp104,Vacv,NA,NA,NA,0.75,0.357,NA,0.3049,0.5042,0.4046,101.633,100.84,101.237,NA,NA,NA,5.3,NA,0.09,0.6,NA
BLK5,WE29,cY,hN,Ca,F,CaF,everg,dN,eY,N,N,N,Y,Sp105,Vacv,NA,NA,NA,0.412,0.4,NA,0.5286,0.5317,0.5302,75.514,88.617,82.066,NA,NA,NA,6.1,NA,0.09,0.8,NA
BLK5,WE29,cY,hN,Ca,F,CaF,everg,dN,eY,N,N,N,Y,Sp106,Vacv,NA,NA,NA,0.455,0.429,NA,0.5802,0.4446,0.5124,58.02,74.1,66.06,NA,NA,NA,4.3,NA,0.15,0.7,NA
BLK5,WE30,cY,hY,W,F,WF,decid,dY,eN,Y,N,N,N,Sp201,Betn,5.478,3.965,1.215,0.357,0.545,0.507,0.8442,0.8092,0.8267,168.84,134.867,151.854,36.195,4.732,14.12,20,0.818,0.57,4.1,46.5
BLK5,WE30,cY,hY,W,F,WF,decid,dY,eN,Y,N,N,N,Sp202,Betn,1.43,0.962,0.387,0.533,0.533,0.52,1.1551,1.1308,1.143,144.388,141.35,142.869,30.47,5.107,15.902,14,0.752,0.7,3.1,9.8
BLK5,WE30,cY,hY,W,F,WF,decid,dY,eN,Y,N,N,N,Sp203,Betn,2.542,2.044,0.41,0.5,0.529,0.722,0.878,1.1235,1.0008,175.6,124.833,150.217,29.958,4.667,16.256,23.9,0.627,0.32,2.7,27.7
BLK5,WE30,cY,hY,W,F,WF,decid,dY,eN,Y,N,N,N,Sp204,Betn,NA,NA,NA,0.318,0.375,NA,1.2072,1.0907,1.149,172.457,121.189,146.823,NA,NA,NA,24,NA,0.58,4.5,NA
BLK5,WE30,cY,hY,W,F,WF,decid,dY,eN,Y,N,N,N,Sp205,Betn,NA,NA,NA,0.333,0.324,NA,1.8391,1.7018,1.7705,122.607,154.709,138.658,NA,NA,NA,30.7,NA,0.52,6.3,NA
BLK5,WE30,cY,hY,W,F,WF,decid,dY,eN,Y,N,N,N,Sp206,Betn,NA,NA,NA,0.438,0.429,NA,0.7539,0.8858,0.8199,107.7,147.633,127.667,NA,NA,NA,30,NA,0.28,3.4,NA
BLK5,WE30,cY,hY,W,F,WF,everg,dN,eY,N,N,Y,N,Sp501,Ledp,1.829,1.246,0.583,0.533,0.462,0.479,0.5776,0.4925,0.5351,72.2,82.083,77.142,18.269,1.429,28.324,13.6,0.503,0.18,3,21.2
BLK5,WE30,cY,hY,W,F,WF,everg,dN,eY,N,N,Y,N,Sp502,Ledp,0.809,0.534,0.275,0.471,0.526,0.48,0.5095,0.5473,0.5284,63.688,54.73,59.209,18.229,1.389,29.198,23.7,0.623,0.16,2,24.4
BLK5,WE30,cY,hY,W,F,WF,everg,dN,eY,N,N,Y,N,Sp503,Ledp,0.659,0.26,0.399,0.444,0.438,0.49,0.5483,0.5078,0.5281,68.538,72.543,70.541,12.216,1.259,36.728,13.9,0.818,0.25,2.1,21.2
BLK5,WE30,cY,hY,W,F,WF,everg,dN,eY,N,N,Y,N,Sp504,Ledp,NA,NA,NA,0.455,0.5,NA,0.3491,0.4039,0.3765,69.82,80.78,75.3,NA,NA,NA,23.1,NA,0.1,2.6,NA
BLK5,WE30,cY,hY,W,F,WF,everg,dN,eY,N,N,Y,N,Sp505,Ledp,NA,NA,NA,0.5,0.5,NA,0.1779,0.1847,0.1813,44.475,61.567,53.021,NA,NA,NA,14,NA,0.27,3.1,NA
BLK5,WE30,cY,hY,W,F,WF,everg,dN,eY,N,N,Y,N,Sp506,Ledp,NA,NA,NA,0.5,0.5,NA,0.429,0.3501,0.3896,53.625,50.014,51.82,NA,NA,NA,13.1,NA,0.18,1.9,NA
BLK5,WE30,cY,hY,W,F,WF,decid,dY,eN,N,Y,N,N,Sp801,Salp,13.156,10.972,2.101,0.538,0.471,0.428,5.7067,4.8149,5.2608,100.118,145.906,123.012,14.266,2.528,37.107,30.7,0.705,1.13,6.5,59.2
BLK5,WE30,cY,hY,W,F,WF,decid,dY,eN,N,Y,N,N,Sp802,Salp,13.41,10.619,2.682,0.444,0.528,0.451,2.8844,4.4317,3.6581,120.183,116.624,118.404,19.356,2.13,24.533,27.8,0.656,1.61,8.2,57.9
BLK5,WE30,cY,hY,W,F,WF,decid,dY,eN,N,Y,N,N,Sp803,Salp,3.192,2.305,0.836,0.451,0.459,0.453,7.0311,7.3333,7.1822,127.838,143.79,135.814,22.787,2.778,21.077,24.4,0.806,0.74,3.7,31.5
BLK5,WE30,cY,hY,W,F,WF,decid,dY,eN,N,Y,N,N,Sp804,Salp,NA,NA,NA,NA,NA,NA,NA,NA,NA,NA,NA,NA,NA,NA,NA,NA,NA,NA,NA,NA
BLK5,WE30,cY,hY,W,F,WF,decid,dY,eN,N,Y,N,N,Sp805,Salp,NA,NA,NA,NA,NA,NA,NA,NA,NA,NA,NA,NA,NA,NA,NA,NA,NA,NA,NA,NA
BLK5,WE30,cY,hY,W,F,WF,decid,dY,eN,N,Y,N,N,Sp806,Salp,NA,NA,NA,NA,NA,NA,NA,NA,NA,NA,NA,NA,NA,NA,NA,NA,NA,NA,NA,NA
BLK5,WE30,cY,hY,W,F,WF,everg,dN,eY,N,N,N,Y,Sp101,Vacv,0.273,0.093,0.179,0.455,0.5,0.53,0.5742,0.5223,0.5483,114.84,104.46,109.65,30.314,0.868,15.637,8.8,0.74,0.15,0.7,20
BLK5,WE30,cY,hY,W,F,WF,everg,dN,eY,N,N,N,Y,Sp102,Vacv,0.458,0.098,0.359,0.444,0.455,0.56,0.5202,0.7816,0.6509,65.025,78.16,71.593,8.5192,0.603,58.586,6.5,1.333,0.14,0.8,NA
BLK5,WE30,cY,hY,W,F,WF,everg,dN,eY,N,N,N,Y,Sp103,Vacv,0.144,0.024,0.119,0.5,0.5,0.496,0.8106,0.5261,0.6684,81.06,65.763,73.412,10.526,1.156,46.685,9,0.916,NA,NA,50
BLK5,WE30,cY,hY,W,F,WF,everg,dN,eY,N,N,N,Y,Sp104,Vacv,NA,NA,NA,0.4,0.412,NA,0.6967,0.838,0.7674,116.117,119.714,117.916,NA,NA,NA,5.8,NA,0.22,0.5,NA
BLK5,WE30,cY,hY,W,F,WF,everg,dN,eY,N,N,N,Y,Sp105,Vacv,NA,NA,NA,0.438,0.417,NA,0.4795,0.4819,0.4807,68.5,96.38,82.44,NA,NA,NA,6.9,NA,0.2,0.6,NA
BLK5,WE30,cY,hY,W,F,WF,everg,dN,eY,N,N,N,Y,Sp106,Vacv,NA,NA,NA,0.417,0.429,NA,0.4398,0.5588,0.4993,87.96,93.133,90.547,NA,NA,NA,7.3,NA,NA,NA,NA
