",""species"",""region"",""biome"",""spines"",""hmax"",""sla"",""woo"",""ref.sla"",""ref.woo"",""ref.hmax"",""mat"",""map"",""rs"",""nfires"",""avgfrp"",""cec"",""cly"",""crf"",""orc"",""ph"",""slt"",""snd"""
"1,""Araucaria angustifolia"",""Neotropical"",""forest"",""n"",NA,NA,0.46,"""",""Zanneetal2009"","""",16.6790417910448,1671.35820895522,30.1984186567164,8.43838059701493,13.7575594029851,16.1641791044776,43.1268656716418,5.3955223880597,32.2985074626866,52.3955223880597,24.2014925373134,32.6940298507463"
"2,""Prumnopitys harmsiana"",""Neotropical"",""forest"","""",NA,NA,0.53,"""",""Zanneetal2009"","""",14.8208333333333,1422,50.0479,12.905675,9.832525,23,29.5,15.875,75.25,51.5,30,40.75"
"3,""Podocarpus usambarensis"",""Afrotropical"",""forest"",""n"",76,NA,0.4305,"""",""Zanneetal2009"",""JStorPlants"",15.9666625,984.625,86.3493,16.1448125,36.1144625,22.375,36.625,9.4375,30.6875,57.125,21,42.375"
"4,""Allagoptera leucocalyx"",""Neotropical"",""savanna"",""n"",2.5,4.1,NA,""Cianciarusoetal2013"","""","""",23.179175,1480,66.019625,40.1140375,29.8386125,7.4375,32,3.6875,11.625,54.75,18.875,49.125"
"5,""Socratea exorrhiza"",""Neotropical"",""forest"","""",NA,NA,0.23,"""",""Zanneetal2009"","""",25.1711647727273,2717.47727272727,47.21327625,5.93266363636364,7.54432738636364,15.1385542168675,32.0120481927711,7.53012048192771,37.3313253012048,50.3012048192771,25.8855421686747,42.1626506024096"
"6,""Leopoldinia pulchra"",""Neotropical"",""forest"",""n"",NA,NA,0.48,"""",""Zanneetal2009"","""",27.03222,2761.8,52.3734333333333,10.7296866666667,12.02132,10.3571428571429,24.7142857142857,5.39285714285714,40.0714285714286,48.7857142857143,23.7857142857143,51.5714285714286"
"7,""Attalea maripa"",""Neotropical"",""savanna"","""",20,NA,NA,"""","""",""Oliveira-Filhoetal2007"",26.3994708333333,2510.04166666667,49.0733208333333,14.401875,19.8749416666667,10.047619047619,28.3571428571429,5.57142857142857,31.7142857142857,49.1904761904762,22.547619047619,49.0238095238095"
"8,""Attalea butyracea"",""Neotropical"",""forest"",""n"",NA,NA,0.325650588,"""",""Zanneetal2009"","""",25.4443452380952,2262.47619047619,48.444495952381,15.2575880952381,15.6195738095238,15.5487804878049,31.9512195121951,6.9390243902439,29.0365853658537,53.5243902439024,25.719512195122,42.3658536585366"
"9,""Attalea phalerata"",""Neotropical"",""forest"","""",15,NA,NA,"""","""",""Oliveira-Filhoetal2007"",25.6919,1845.27777777778,51.7776833333333,12.8042388888889,12.0133888888889,10.6944444444444,31.6111111111111,2.80555555555556,20.4444444444444,49.8888888888889,22.6666666666667,45.9166666666667"
"10,""Attalea speciosa"",""Neotropical"",""savanna"","""",15,NA,NA,"""","""",""Oliveira-Filhoetal2007"",24.67395,1458.25,68.7221,26.4761333333333,21.6558825,10.375,27.25,3.125,11.875,55,21,51.625"
"11,""Geonoma pohliana"",""Neotropical"",""forest"","""",6,NA,NA,"""","""",""Oliveira-Filhoetal2007"",22.2877709677419,1521.16129032258,54.5305387096774,16.7533709677419,20.4491129032258,10.9838709677419,34.6774193548387,5.03225806451613,20.5645161290323,52.1935483870968,18.9032258064516,46.5483870967742"
"12,""Oenocarpus bacaba"",""Neotropical"",""forest"","""",NA,NA,0.65,"""",""Chaveetal2009"","""",26.5642333333333,2461.33333333333,54.6991,32.3641,14.3115416666667,8.75,29.3333333333333,6.33333333333333,31.0833333333333,48.0416666666667,21.7916666666667,48.8333333333333"
"13,""Butia capitata"",""Neotropical"",""savanna"",""n"",6,NA,NA,"""","""",""Oliveira-Filhoetal2007"",21.9067384615385,1228.23076923077,81.2394692307692,17.4749428571429,37.4478357142857,10.0357142857143,27.8928571428571,3.46428571428571,15.6071428571429,55.8928571428571,17.6785714285714,54.6785714285714"
"14,""Butia paraguayensis"",""Neotropical"",""savanna"",""n"",4,NA,NA,"""","""",""Oliveira-Filhoetal2007"",22.259168,1494.96,40.586188,43.6956,27.882696,10.38,29.52,3.68,17.3,55.3,17.26,53.3"
"15,""Butia purpurascens"",""Neotropical"",""savanna"","""",4,NA,NA,"""","""",""Oliveira-Filhoetal2007"",22.61455,1608,74.60095,7.4574,20.19725,8.5,38.5,2,11,54.5,14.75,46.75"
"16,""Astrocaryum vulgare"",""Neotropical"",""savanna"","""",10,NA,NA,"""","""",""Oliveira-Filhoetal2007"",25.39585,1798.25,77.1267875,30.204775,27.4274125,9.1875,28.6875,3,13.625,52.125,19.4375,52"
"17,""Astrocaryum murumuru"",""Neotropical"",""forest"",""n"",NA,NA,0.508141839,"""",""Zanneetal2009"","""",25.54667,2310.5,50.91637,5.96309,16.84916,13.3,30.9,2.6,27.05,50.15,26.7,42.5"
"18,""Welfia regia"",""Neotropical"",""forest"","""",NA,NA,0.4,"""",""Zanneetal2009"","""",24.844785,3414.85,41.607485,2.51061,9.2159785,23.4,33.075,13.05,57.725,52.25,25.875,40.9"
"19,""Prestoea decurrens"",""Neotropical"",""forest"","""",NA,NA,0.25,"""",""Zanneetal2009"","""",24.7125,3433.625,41.6173,2.54328125,6.19905625,29.8125,29.90625,10.71875,74.53125,53.25,28.34375,41.71875"
"20,""Iriartea deltoidea"",""Neotropical"",""forest"","""",NA,NA,0.266976471,"""",""Zanneetal2009"","""",23.9049236363636,2778.81818181818,36.6553218181818,5.18301071428571,8.30006196428571,18.1666666666667,32.2592592592593,8.38888888888889,45.3055555555556,52.0648148148148,26.9907407407407,40.7222222222222"
"21,""Haumaniana danckelmaniana"",""Afrotropical"",""forest"","""",NA,23.6,NA,""Meiretal2007"","""","""",23.851172,1962.68,61.713524,0.874408,1.7172,10.18,41.9,11.66,23.7,48.12,13.82,44.16"
"22,""Vellozia squamata"",""Neotropical"",""savanna"",""n"",4,NA,NA,"""","""",""Oliveira-Filhoetal2007"",21.92458,1500.5,81.21377,58.75646,34.72513,7.25,32.7,4.1,11.55,53.4,16.75,50.6"
"23,""Prockia crucis"",""Neotropical"",""forest"","""",NA,NA,0.58,"""",""Zanneetal2009"","""",22.3450063829787,1423.8865248227,73.4339645390071,29.8147794326241,20.7740329787234,19.1063829787234,35.3723404255319,12.0957446808511,18.4219858156028,58.8652482269504,23.8085106382979,40.7872340425532"
"24,""Dovyalis caffra"",""Afrotropical"",""savanna"",""y"",6,16.39,NA,""Plasetal2012"","""",""JStorPlants"",18.6171498381877,1023.47572815534,64.3286579288026,8.44671294498382,16.3819999676375,23.7831715210356,39.9498381877023,8.51618122977346,16.6521035598706,63.4433656957929,22.6003236245955,37.4692556634304"
"25,""Bixa orellana"",""Neotropical"",""forest"",""n"",15,NA,0.36,"""",""Zanneetal2009"",""Oliveira-Filhoetal2007"",24.4462873134328,1814.6828358209,72.76695,34.8159216730038,19.6928577819549,17.9755639097744,34.3796992481203,11.0037593984962,20.9812030075188,57.1390977443609,23.3928571428571,42.2575187969925"
"26,""Cochlospermum vitifolium"",""Neotropical"",""forest"",""n"",NA,NA,0.190555556,"""",""Borchert1994/Zanneetal2009"","""",24.6828883333333,1263.05666666667,95.2386886666667,37.4133082781457,24.0592129139073,22.1435810810811,36.2922297297297,18.2043918918919,15.4459459459459,63.1706081081081,22.8648648648649,40.8648648648649"
"27,""Alnus acuminata"",""Neotropical"",""forest"","""",NA,NA,0.365,"""",""Zanneetal2009"","""",15.0199505333333,1176.04761904762,77.5731895238095,10.0377327619048,20.3447111809524,26.9311663479924,32.7715105162524,17.6185468451243,37.1692160611855,58.4330783938815,27.7533460803059,39.5200764818356"
"28,""Chromolucuma rubriflora"",""Neotropical"",""forest"","""",NA,NA,0.73,"""",""Zanneetal2009"","""",24.6486,2659.33333333333,28.6509333333333,3.31466666666667,20.6533333333333,18.25,35.75,11,43.25,53.25,28.25,36"
"29,""Mimusops obovata"",""Afrotropical"",""forest"",""n"",35,NA,0.744765,"""",""Zanneetal2009"",""JStorPlants"",19.4046875,1027.875,46.2273375,66.675725,31.0078,16,32.875,5.875,20.0625,55.3125,20.8125,46.4375"
"30,""Pradosia ptychandra"",""Neotropical"",""forest"","""",NA,NA,0.645,"""",""Zanneetal2009"","""",26.65835,2125.5,52.0373,0,0,8.5,32.5,6.75,17.25,47.5,17.75,49.75"
"31,""Pradosia cochlearia"",""Neotropical"",""forest"",""n"",NA,NA,0.73,"""",""Zanneetal2009"","""",26.4729,2312,46.4369,1.48755,7.6,7.5,40.5,3,19,43.25,18.5,40.75"
"32,""Pradosia schomburgkiana"",""Neotropical"",""forest"",""n"",NA,NA,0.753666667,"""",""Zanneetal2009"","""",25.9375,3012.28571428571,47.0337714285714,2.13014285714286,5.01428571428571,12.2857142857143,25.3571428571429,6.42857142857143,45,48.4285714285714,23.4285714285714,51.2857142857143"
"33,""Pradosia surinamensis"",""Neotropical"",""forest"",""n"",NA,NA,0.8105,"""",""Zanneetal2009"","""",26.5437375,2062.375,54.684525,5.7058875,17.136925,7.9375,34.1875,8.875,17.125,51,18.9375,46.8125"
"34,""Pouteria reticulata"",""Neotropical"",""forest"",""n"",NA,NA,0.793956682,"""",""Zanneetal2009"","""",24.3128215384615,1826,56.8284523076923,23.0617507692308,15.4122118461538,31.1923076923077,36.4153846153846,11.8153846153846,38.6384615384615,62.3692307692308,23.5461538461538,40.0461538461538"
"35,""Pouteria glomerata"",""Neotropical"",""forest"",""n"",NA,NA,0.678915924,"""",""Zanneetal2009"","""",23.5906941176471,1681.76470588235,61.1823323529412,21.8715705882353,20.2573926470588,17.3181818181818,31.9545454545455,7.42424242424242,21.3333333333333,57.1515151515151,25.4393939393939,42.7878787878788"
"36,""Pouteria ambelaniifolia"",""Neotropical"",""forest"",""n"",NA,NA,0.6969147,"""",""Zanneetal2009"","""",26.60584,2255.8,40.88354,0.39772,1.71,8.8,35.1,3.9,28.6,45.7,20.7,44.3"
"37,""Pouteria manaosensis"",""Neotropical"",""forest"",""n"",NA,NA,0.64,"""",""Zanneetal2009"","""",26.175,2309.5,60.8249,13.9026,14.43335,8.75,38.25,5.25,13,48.5,22.5,39"
"38,""Pouteria ephedrantha"",""Neotropical"",""forest"",""n"",NA,NA,0.757598353,"""",""Zanneetal2009"","""",22.13335,2217.5,55.32665,2.48575,7.74,18.75,31,14.5,28.75,54,25.25,43.25"
"39,""Pouteria atabapoensis"",""Neotropical"",""forest"",""n"",NA,NA,0.45,"""",""Zanneetal2009"","""",26.8917,3034,21.7946,0,0,9.5,25.5,1,44.5,43.5,26,49"
"40,""Pouteria minima"",""Neotropical"",""forest"",""n"",NA,NA,0.755779117,"""",""Zanneetal2009"","""",26.5472333333333,2341.33333333333,62.4787,61.6387333333333,10.3583333333333,7.16666666666667,34.6666666666667,5.66666666666667,27.5,45.6666666666667,18.1666666666667,47.3333333333333"
"41,""Pouteria engleri"",""Neotropical"",""forest"",""n"",NA,NA,0.77422,"""",""Zanneetal2009"","""",26.0486333333333,2417,40.8391333333333,0.9919,2.97777666666667,7.75,42.5,8.75,14,46.5,23,34"
"42,""Pouteria altissima"",""Afrotropical"",""forest"",""n"",50,NA,0.44147775,"""",""Zanneetal2009"",""JStorPlants"",23.0708411764706,1879.29411764706,71.3989941176471,49.2313470588235,27.03734,16.3823529411765,33.4411764705882,18.0882352941176,21.7647058823529,52.0588235294118,21.8823529411765,44.5294117647059"
"43,""Pouteria ramiflora"",""Neotropical"",""savanna"",""n"",NA,8.781886236,NA,""Batalaetal2011/Cianciarusoetal2013/Miatto&Batala2016"","""","""",23.7975106382979,1340,80.8464234042553,38.9371744680851,39.9876042553191,8.11702127659574,28.3829787234043,4.38297872340426,12.031914893617,54.6702127659574,17.2234042553191,54.3510638297872"
"44,""Pouteria oppositifolia"",""Neotropical"",""forest"",""n"",NA,NA,0.65,"""",""Zanneetal2009"","""",26.1542,2282,53.6902,15.8992,12.225,6.5,37,2.5,23,49.5,20,43"
"45,""Pouteria alnifolia"",""Afrotropical"",""forest"",""n"",NA,NA,0.554675942,"""",""Zanneetal2009"","""",26.4220733333333,1099.6,83.21173,39.3283933333333,15.4032033333333,11.2068965517241,26.7931034482759,20.4655172413793,10.1724137931034,59.3275862068966,17.8965517241379,55.2586206896552"
"46,""Pouteria nemorosa"",""Neotropical"",""forest"","""",NA,24.52448166,0.5375,""Kitajima&Poorter2010/Markesteijn&Poorter2009"",""Poorter2010/Zanneetal2009"","""",24.625,1204,59.0232,83.8538333333333,25.4972333333333,6.16666666666667,28.3333333333333,2.66666666666667,10.3333333333333,53.6666666666667,17.3333333333333,54.1666666666667"
"47,""Pouteria trilocularis"",""Neotropical"",""forest"",""n"",NA,10.89765574,0.671952459,""Dantasetal2013"",""Zanneetal2009"","""",23.5333333333333,1918.66666666667,53.0787333333333,3.31436666666667,12.8928566666667,12.3333333333333,33.5,4.16666666666667,16.5,49.8333333333333,30.5,36"
"48,""Pouteria filipes"",""Neotropical"",""forest"",""n"",NA,NA,0.96432,"""",""Zanneetal2009"","""",26.4375,2297.75,52.4369,2.23605,15.5,9,28.125,1.625,36.75,47.375,25.375,46.375"
"49,""Pouteria trigonosperma"",""Neotropical"",""forest"","""",NA,NA,0.866755,"""",""Zanneetal2009"","""",26.4333,1885,46.5149,0,0,9.5,31,7,19.5,46.5,23.5,45"
"50,""Pouteria elegans"",""Neotropical"",""forest"",""n"",NA,NA,0.73,"""",""Zanneetal2009"","""",26.6336833333333,2543.08333333333,49.3801166666667,2.64893333333333,6.733925,10.1363636363636,27.9545454545455,3.04545454545455,28.0454545454545,45.3181818181818,29.5,42.5454545454545"
"51,""Pouteria coriacea"",""Neotropical"",""forest"",""n"",NA,NA,0.89544,"""",""Zanneetal2009"","""",23.06875,1925,22.35705,0,0,18,27.25,9.75,37.5,47.75,27.25,46"
"52,""Pouteria egregia"",""Neotropical"",""forest"",""n"",NA,NA,0.886878333,"""",""Zanneetal2009"","""",25.10415,2444,43.33535,0,0,16.25,38.75,11.75,64.5,48,22.25,39.25"
"53,""Pouteria macrophylla"",""Neotropical"",""forest"",""n"",NA,20.4,0.74025,""Markesteijn&Poorter2009"",""Poorter2010/Zanneetal2009"","""",25.4431909090909,1900,74.5607545454545,14.98105,16.4079083333333,9,28.5833333333333,3.70833333333333,16.5416666666667,50.5,20.7916666666667,50.7083333333333"
"54,""Pouteria vernicosa"",""Neotropical"",""forest"","""",NA,NA,0.737,"""",""Zanneetal2009"","""",25.7208,2802,30.58445,0.49585,4.4,9,36,4.5,29.75,44,20.5,43"
"55,""Pouteria macrocarpa"",""Neotropical"",""forest"",""n"",NA,NA,0.77,"""",""Zanneetal2009"","""",25.8319666666667,1930,53.8149333333333,26.483,20.8382,8.25,32.75,4.75,13,51.5,18.5,48.25"
"56,""Pouteria guianensis"",""Neotropical"",""forest"",""n"",NA,NA,0.901780834,"""",""Zanneetal2009"","""",24.9461657894737,2179.05263157895,56.5408394736842,16.5977947368421,19.7488289473684,12.0945945945946,32.7162162162162,6.27027027027027,22.5,50.0135135135135,24.8918918918919,42.3783783783784"
"57,""Pouteria obscura"",""Neotropical"",""forest"","""",NA,NA,0.64,"""",""Zanneetal2009"","""",25.9,2113,78.4705,56.6067,25.4474,11.5,28.5,0,19,48.5,17,54.5"
"58,""Pouteria speciosa"",""Neotropical"",""forest"",""n"",NA,NA,0.607005,"""",""Zanneetal2009"","""",22.9167,2032.5,47.68225,0,0,15.75,30.75,12.75,32.75,50.5,25.25,44"
"59,""Pouteria venosa"",""Neotropical"",""forest"",""n"",25,NA,0.92,"""",""Zanneetal2009"",""Oliveira-Filhoetal2007"",23.8299619047619,1850.57142857143,51.7968142857143,12.7228136363636,21.9965181818182,11.125,34.4,5.15,17.5,52.25,18.8,46.75"
"60,""Pouteria anomala"",""Neotropical"",""forest"",""n"",NA,NA,0.69389863,"""",""Zanneetal2009"","""",26.9972,1961.33333333333,80.9121,15.5535,19.1282666666667,8.75,30.75,3.75,7.25,53.75,20.5,49"
"61,""Pouteria aningeri"",""Afrotropical"",""forest"",""n"",46,NA,0.444528757,"""",""Zanneetal2009"",""JStorPlants"",25.3088375,1907,68.728025,10.561475,11.70758375,14.5,26.6875,19.875,15.6875,54.5,18.0625,55.3125"
"62,""Pouteria cuspidata"",""Neotropical"",""forest"",""n"",NA,NA,0.9,"""",""Zanneetal2009"","""",24.854328,2309.68,47.752032,6.316988,10.470972,11.66,32.7,6.66,30.52,49.34,21.82,45.56"
"65,""Pouteria multiflora"",""Neotropical"",""forest"",""n"",NA,NA,0.77,"""",""Zanneetal2009"","""",22.17420625,2187.1875,39.53725625,2.55467857142857,17.5931086666667,24.1875,37.75,7.9375,37,54,27.21875,35"
"66,""Pouteria andarahiensis"",""Neotropical"",""savanna"",""n"",12,NA,NA,"""","""",""Oliveira-Filhoetal2007"",20.42535,952.666666666667,50.1839916666667,30.6047833333333,34.0793083333333,13.7083333333333,32.625,7.95833333333333,14.1666666666667,57,17.5,49.9583333333333"
"67,""Pouteria caimito"",""Neotropical"",""forest"",""n"",NA,NA,0.784242857,"""",""Zanneetal2009"","""",24.7246272727273,2422.77272727273,45.3188136363636,9.38465,14.6694654545455,15.4090909090909,31.6363636363636,5.77272727272727,29.3636363636364,52.2727272727273,24.1136363636364,44.4545454545455"
"68,""Pouteria torta"",""Neotropical"",""savanna"",""n"",35,7.789581887,NA,""Batalaetal2011/Cianciarusoetal2013/Miatto&Batala2016"","""",""Oliveira-Filhoetal2007"",23.9487935483871,2389.70967741935,54.9659548387097,9.39023870967742,15.6365635483871,17.2758620689655,33.8103448275862,7.79310344827586,31.5344827586207,52.9827586206897,24.448275862069,41.7758620689655"
"69,""Pouteria eugeniifolia"",""Neotropical"",""forest"",""n"",NA,NA,1.112565,"""",""Zanneetal2009"","""",24.3792,2142,56.4146,22.8666,21.4217,18.5,39,9,38,47.5,22.5,38"
"70,""Pouteria durlandii"",""Neotropical"",""forest"",""n"",NA,NA,0.58,"""",""Zanneetal2009"","""",23.593164,2197.4,62.028964,31.314344,16.5606852,23.4,36.02,11.4,25.98,57.4,24.42,39.48"
"71,""Pouteria oblanceolata"",""Neotropical"",""forest"",""n"",NA,NA,0.79,"""",""Zanneetal2009"","""",24.655,2261.2,45.63802,1.59062,2.714286,12.4,34.7,14.4,36,48.7,25.4,39.6"
"72,""Pouteria franciscana"",""Neotropical"",""forest"",""n"",NA,NA,0.6,"""",""Zanneetal2009"","""",25.2375,1897.5,52.6141,14.9146,15.85715,11.25,30,2.25,17.5,49.75,33.25,36.5"
"73,""Pouteria pachycalyx"",""Neotropical"",""forest"","""",NA,NA,0.76,"""",""Zanneetal2009"","""",23.8375,1646.5,33.25285,38.1649,15.13545,17.5,32.75,4.5,31.5,53.25,20.5,47"
"74,""Pouteria cladantha"",""Neotropical"",""forest"",""n"",NA,NA,0.9424,"""",""Zanneetal2009"","""",25.60332,2069.4,50.22852,0.19834,1.76,9.7,32.3,5,14.6,49.6,24.3,43.2"
"75,""Pouteria bilocularis"",""Neotropical"",""forest"",""n"",NA,NA,0.707779312,"""",""Zanneetal2009"","""",21.2817230769231,1823.61538461538,50.1640538461538,6.03369230769231,9.367,16.0769230769231,31.8076923076923,11.6923076923077,34.5769230769231,52.1923076923077,25.2692307692308,43.0384615384615"
"76,""Manilkara inundata"",""Neotropical"",""forest"",""n"",NA,NA,0.799871469,"""",""Zanneetal2009"","""",25.1527666666667,2425.66666666667,60.0365,0.994066666666667,8.45,11.5,31.25,1.25,17,50,35.25,33.5"
"77,""Manilkara cavalcantei"",""Neotropical"",""forest"",""n"",NA,NA,0.834,"""",""Zanneetal2009"","""",26.6083,2212,46.9677,0,0,7.5,37,3,13,44,18.5,44.5"
"78,""Manilkara triflora"",""Neotropical"",""savanna"",""n"",4,NA,NA,"""","""",""Oliveira-Filhoetal2007"",25.2208166666667,1629.16666666667,70.6153,28.3135833333333,30.3966833333333,8.91666666666667,27,4.58333333333333,11.75,52.75,17.0833333333333,56"
"79,""Manilkara paraensis"",""Neotropical"",""forest"",""n"",NA,NA,0.86,"""",""Zanneetal2009"","""",26.1625,2294.33333333333,74.4549333333333,20.5220666666667,24.7558,8.83333333333333,31,2.83333333333333,16,48.1666666666667,18.8333333333333,49.8333333333333"
"80,""Manilkara elata"",""Neotropical"",""forest"","""",NA,NA,0.921320174,"""",""Zanneetal2009"","""",25.6944333333333,2075,66.4192666666667,16.5666666666667,9.06466666666667,8,38.8333333333333,3.16666666666667,9.83333333333333,47.3333333333333,22.6666666666667,38.8333333333333"
"81,""Manilkara obovata"",""Afrotropical"",""forest"",""n"",35,NA,0.860917291,"""",""Zanneetal2009"",""JStorPlants"",26.0450666666667,1355,87.0112011494253,62.6480689655172,18.407302183908,11.1744186046512,26.9767441860465,18.9302325581395,11.6627906976744,57.5174418604651,21.7674418604651,51.2790697674419"
"82,""Manilkara bidentata"",""Neotropical"",""forest"",""n"",NA,NA,0.740122619,"""",""Santiagoetal2004/Zanneetal2009"","""",25.9414916666667,2265.16666666667,47.0869541666667,11.7546291666667,9.4552104,11.5625,31.0416666666667,4.25,30.9583333333333,49.3958333333333,25.5833333333333,43.25"
"83,""Breviea sericea"",""Afrotropical"",""forest"","""",30,NA,0.480820777,"""",""Zanneetal2009"",""JStorPlants"",24.4624666666667,1577.66666666667,43.8094666666667,0,0,8,36,11,12,51.1666666666667,16.8333333333333,47.3333333333333"
"84,""Omphalocarpum elatum"",""Afrotropical"",""forest"","""",NA,NA,0.550408073,"""",""Zanneetal2009"","""",24.9671166666667,1862.44444444444,55.3351,2.26426666666667,5.27777611111111,11.0882352941176,33.5882352941176,13.2058823529412,23.2058823529412,49.2647058823529,15.0882352941176,51.5"
"85,""Chrysophyllum prieurii"",""Neotropical"",""forest"",""n"",NA,NA,0.861374,"""",""Zanneetal2009"","""",23.3986333333333,2142.33333333333,61.5702,1.32386666666667,4.10833333333333,16.6666666666667,35,6.16666666666667,43.6666666666667,48.1666666666667,23.8333333333333,41.1666666666667"
"86,""Chrysophyllum amazonicum"",""Neotropical"",""forest"","""",NA,NA,0.826,"""",""Zanneetal2009"","""",25.38545,2600,46.84415,2.48475,7.42,10.25,33.75,6.5,24.5,46.75,21.75,44.5"
"87,""Chrysophyllum lucentifolium"",""Neotropical"",""forest"","""",NA,NA,0.787,"""",""Zanneetal2009"","""",24.6513833333333,1597.33333333333,55.2869083333333,16.1471083333333,17.5158916666667,12.625,34.5416666666667,4.83333333333333,18.1666666666667,51.9583333333333,19.9583333333333,45.5833333333333"
"88,""Chrysophyllum cuneifolium"",""Neotropical"",""forest"","""",NA,NA,0.929245,"""",""Zanneetal2009"","""",25.541675,1985.5,69.0964,0.248525,1.85,9.33333333333333,37,7.5,15.1666666666667,53.5,20,42.6666666666667"
"89,""Chrysophyllum pomiferum"",""Neotropical"",""forest"","""",NA,NA,0.765983333,"""",""Zanneetal2009"","""",25.2417,2449,56.1999,0,0,10.5,30.5,3.5,23.5,50.5,36.5,32.5"
"90,""Chrysophyllum giganteum"",""Afrotropical"",""forest"","""",21,NA,0.483076926,"""",""Zanneetal2009"",""JStorPlants"",26.475,1340,57.8359,0,0,11.5,26,23.5,11.5,53,21.5,53"
"91,""Chrysophyllum argenteum"",""Neotropical"",""forest"","""",NA,NA,0.78351,"""",""Zanneetal2009"","""",24.3516,2264.33333333333,49.6147047619048,7.3415,14.0448131578947,21.202380952381,34.3333333333333,9.05952380952381,37.6190476190476,53.25,27.047619047619,38.6904761904762"
"92,""Chrysophyllum sanguinolentum"",""Neotropical"",""forest"","""",NA,NA,0.671418932,"""",""Zanneetal2009"","""",24.5554789473684,2479.05263157895,36.2209789473684,1.77877368421053,3.81968421052632,14.1842105263158,30.6578947368421,6.36842105263158,40.3684210526316,48.5526315789474,25.5,43.8684210526316"
"93,""Chrysophyllum cainito"",""Neotropical"",""forest"","""",NA,NA,0.6325,"""",""Santiagoetal2004/Zanneetal2009"","""",25.47469,1667.475,65.0681,14.9980027027027,17.6458,18.95,32.9875,13.05,18.9,61.225,21.2125,45.825"
"94,""Chrysophyllum marginatum"",""Neotropical"",""savanna"","""",25,NA,NA,"""","""",""Oliveira-Filhoetal2007"",20.366662962963,1366.91358024691,47.3110535802469,16.0947111111111,25.1436596296296,12.626582278481,34.1392405063291,6.03164556962025,21.1582278481013,55.8037974683544,21.0189873417722,44.8924050632911"
"95,""Chrysophyllum perpulchrum"",""Afrotropical"",""forest"",""n"",40,NA,0.711138287,"""",""Zanneetal2009"",""JStorPlants"",23.2472166666667,1611.83333333333,64.3522916666667,23.0104083333333,16.0179083333333,10.9545454545455,33.4090909090909,12.4090909090909,18.0454545454545,51.9090909090909,17.0909090909091,49.5"
"96,""Synsepalum afzelii"",""Afrotropical"",""forest"","""",NA,NA,0.815263909,"""",""Zanneetal2009"","""",25.1170636363636,2486.09090909091,67.9250818181818,5.96092727272727,14.9830209090909,12.9090909090909,29.1363636363636,18.0454545454545,23.1363636363636,50.4090909090909,19.3636363636364,51.3636363636364"
"97,""Sarcaulus brasiliensis"",""Neotropical"",""forest"",""n"",NA,NA,0.615,"""",""Zanneetal2009"","""",21.9687525,2163.33333333333,46.3184916666667,9.51829166666667,14.9002,16.1666666666667,32.4583333333333,8.625,45.9166666666667,52.9583333333333,22.5,45"
"98,""Baillonella toxisperma"",""Afrotropical"",""forest"","""",NA,NA,0.724813219,"""",""Zanneetal2009"","""",24.1762769230769,1857.23076923077,64.2247923076923,1.29989230769231,3.47666923076923,9.69230769230769,39.4615384615385,11.0769230769231,19.5769230769231,48.2307692307692,14.1153846153846,46.6923076923077"
"99,""Gluema ivorensis"",""Afrotropical"",""forest"","""",NA,NA,0.972307001,"""",""Zanneetal2009"","""",26.2486166666667,2056.33333333333,64.392,20.6612666666667,6.42068333333333,9.08333333333333,27.3333333333333,20.3333333333333,16.6666666666667,51.0833333333333,17.1666666666667,55.5833333333333"
"100,""Elaeoluma glabrescens"",""Neotropical"",""forest"","""",38,NA,NA,"""","""",""Oliveira-Filhoetal2007"",27.0472333333333,2929,43.3645333333333,2.98076666666667,5.92143,13.75,24,7.75,54.25,46.5,27.5,48.5"
"101,""Vitellaria paradoxa"",""Afrotropical"",""forest"",""n"",20,8.089727538,NA,""Dominguesetal2010"","""",""JStorPlants"",27.0760850272232,1032.46460980036,100.590386660617,73.1165600725953,22.0440773139746,8.98455949137148,23.7425068119891,18.9909173478656,6.91053587647593,61.1248864668483,21.4900090826521,54.7529518619437"
"102,""Sideroxylon inerme"",""Afrotropical"",""savanna"",""n"",15,8.76,0.873,""Plasetal2012"",""Plasetal2012"",""JStorPlants"",20.283176,720.04,48.482848,21.8772785714286,34.58125,15.3703703703704,25.7222222222222,8.11111111111111,18.8888888888889,61.7222222222222,16.5555555555556,57.6851851851852"
"103,""Ecclinusa lanceolata"",""Neotropical"",""forest"",""n"",NA,NA,0.58,"""",""Zanneetal2009"","""",24.9666666666667,2283,50.70535,9.59993333333333,15.8322666666667,16.3,38.2,9,26,54,24.7,37.1"
"104,""Ecclinusa guianensis"",""Neotropical"",""forest"",""n"",NA,NA,0.627346212,"""",""Zanneetal2009"","""",26.3034833333333,2100.75,55.273375,0.828083333333333,20.0555583333333,7.77272727272727,35.1363636363636,7.81818181818182,13.6818181818182,48.6818181818182,19.1363636363636,45.8181818181818"
"105,""Autranella congolensis"",""Afrotropical"",""forest"",""n"",12,NA,0.777126381,"""",""Zanneetal2009"",""JStorPlants"",25.1476,1929.28571428571,53.0658,10.0837714285714,10.5792257142857,7,32.9285714285714,11.2142857142857,13,50,14.3571428571429,52.8571428571429"
"106,""Ongokea gore"",""Afrotropical"",""forest"",""n"",50,NA,0.749176039,"""",""Zanneetal2009"",""CJB"",24.86953125,1861.9375,64.3473,25.51390625,18.4488625,10.3666666666667,32.7,12.0666666666667,18.9666666666667,50.9666666666667,17.5333333333333,49.7"
"107,""Ximenia americana"",""Neotropical"",""savanna"","""",12,NA,NA,"""","""",""Oliveira-Filhoetal2007"",24.1384519685039,1048.20472440945,87.2598838582677,41.9317244094488,24.3376456692913,16.8913043478261,29.2845849802372,13.5237154150198,11.8241106719368,63.8260869565217,20.6166007905138,50.0849802371541"
"108,""Ximenia americana"",""Afrotropical"",""savanna"",""y"",7,NA,0.702,"""",""Plasetal2012"",""JStorPlants"",24.1384519685039,1048.20472440945,87.2598838582677,41.9317244094488,24.3376456692913,16.8913043478261,29.2845849802372,13.5237154150198,11.8241106719368,63.8260869565217,20.6166007905138,50.0849802371541"
"109,""Coddia rudis"",""Afrotropical"",""savanna"",""n"",4,18.18,0.939,""Plasetal2012"",""Plasetal2012"",""FloraofZimbabue"",21.0063631578947,794.105263157895,68.2014684210526,31.8479473684211,26.9001615789474,13.6842105263158,30.4210526315789,6.18421052631579,12.2105263157895,60.9473684210526,16.2894736842105,53.1578947368421"
"110,""Duroia eriopila"",""Neotropical"",""forest"",""n"",NA,NA,0.79606,"""",""Zanneetal2009"","""",25.8996666666667,2001.41666666667,55.23165,5.37810833333333,2.52166666666667,9.625,33.25,10.4166666666667,26.125,47.75,20.9583333333333,45.875"
"111,""Duroia hirsuta"",""Neotropical"",""forest"",""n"",NA,NA,0.77,"""",""Zanneetal2009"","""",24.8225666666667,3166,35.6343583333333,6.95304166666667,7.13291458333333,14.6041666666667,33.1041666666667,7.79166666666667,32.0208333333333,51.0416666666667,24.1666666666667,42.7291666666667"
"112,""Duroia aquatica"",""Neotropical"",""forest"","""",NA,NA,0.785,"""",""Zanneetal2009"","""",26.6417,2045,49.679,0,0,8,32.5,7,11.5,47.5,18.5,49"
"113,""Duroia micrantha"",""Neotropical"",""forest"","""",NA,NA,0.8,"""",""Zanneetal2009"","""",26.8394588235294,1994.94117647059,67.8142529411765,31.1563941176471,26.4867588235294,12.1470588235294,27.4411764705882,5.64705882352941,26.8235294117647,52.7352941176471,25.3823529411765,47.1176470588235"
"114,""Duroia fusifera"",""Neotropical"",""forest"","""",NA,NA,0.672,"""",""Zanneetal2009"","""",26.7021,2746.75,56.635,35.26765,21.380475,10.3333333333333,27.1666666666667,7.5,19.8333333333333,53.1666666666667,25.5,47.1666666666667"
"115,""Coutarea hexandra"",""Neotropical"",""forest"",""n"",10,20.11,0.6,""Miatto&Batala2016"",""Zanneetal2009"",""Oliveira-Filhoetal2007"",23.2131231677019,1317.70807453416,64.0567430434783,22.6808472049689,24.3203513043478,17.1613924050633,33.4398734177215,8.16139240506329,17.4588607594937,59.5664556962025,21.0316455696203,45.5221518987342"
"116,""Posoqueria latifolia"",""Neotropical"",""forest"",""n"",25,NA,0.569919749,"""",""Zanneetal2009"",""FloradoBrasil"",23.2687486666667,2155.75333333333,55.1506693333333,18.6958,14.6072704,19.5503355704698,34.8523489932886,9.30872483221476,31.8892617449664,54.0302013422819,24.3959731543624,40.7684563758389"
"117,""Posoqueria longiflora"",""Neotropical"",""forest"",""n"",5,NA,0.455,"""",""Zanneetal2009"",""FloradoBrasil"",25.2734375,1826.95833333333,57.9624416666667,25.5903333333333,13.8233333333333,11.5,30.547619047619,6.02380952380952,33.6428571428571,52.3095238095238,21,48.3095238095238"
"118,""Guettarda viburnoides"",""Neotropical"",""savanna"",""n"",12,NA,NA,"""","""",""Oliveira-Filhoetal2007"",23.0798411764706,1361.86764705882,68.2614352941176,34.3548441176471,24.1184808823529,9.58955223880597,31.134328358209,4.85074626865672,14.0820895522388,55.2537313432836,17.7835820895522,51.0373134328358"
"119,""Guettarda spruceana"",""Neotropical"",""savanna"",""n"",17,NA,NA,"""","""",""FloradoBrasil"",25.178125,1696.75,63.0874,24.6001,28.889775,10,29.125,3.375,14,52.75,21.875,48.875"
"120,""Guettarda pohliana"",""Neotropical"",""forest"","""",7,NA,NA,"""","""",""Oliveira-Filhoetal2007"",24.1641076923077,1679.23076923077,74.0915,28.7346461538462,31.8408692307692,7.11538461538461,30.1538461538462,4.19230769230769,12.2307692307692,53.3846153846154,18.5,51.3461538461538"
"121,""Guettarda angelica"",""Neotropical"",""savanna"",""n"",7,NA,NA,"""","""",""FloradoBrasil"",23.6605942857143,741.114285714286,76.4267285714286,8.12122571428571,21.2856885714286,11.4857142857143,25.0857142857143,6.12857142857143,8.5,61.0142857142857,18.1142857142857,56.7285714285714"
"122,""Guettarda platypoda"",""Neotropical"",""savanna"",""n"",6,NA,NA,"""","""",""Oliveira-Filhoetal2007"",24.3419846153846,1109,69.7090769230769,30.3673461538462,28.6276923076923,10.4583333333333,25.8333333333333,5.41666666666667,9.66666666666667,58.4583333333333,15.7916666666667,58.4166666666667"
"123,""Macrocnemum roseum"",""Neotropical"",""forest"","""",NA,NA,0.45,"""",""Zanneetal2009"","""",23.8598777777778,2497.7037037037,50.277877037037,6.28218518518519,16.3828503703704,25.1851851851852,33.4259259259259,10.5,39.2222222222222,53.8518518518519,27.0925925925926,39.5"
"124,""Hallea ledermannii"",""Afrotropical"",""forest"","""",NA,NA,0.468026346,"""",""Zanneetal2009"","""",25.5683681818182,1780.77272727273,67.7562090909091,17.1728727272727,12.5718922727273,10.8636363636364,33.1363636363636,15.2727272727273,20.0227272727273,52.5909090909091,17.2272727272727,49.7272727272727"
"125,""Mitragyna stipulosa"",""Afrotropical"",""forest"",""n"",43,NA,0.47880397,"""",""Zanneetal2009"",""JStorPlants"",24.5956857142857,1697.96428571429,74.6106178571429,63.4044321428571,18.2807617857143,12.3571428571429,31.4464285714286,13.6071428571429,17.5535714285714,54.7857142857143,19.5535714285714,49.0714285714286"
"126,""Faramea multiflora"",""Neotropical"",""forest"","""",10,NA,NA,"""","""",""Oliveira-Filhoetal2007"",22.8471275862069,2373.3908045977,45.1222896551724,9.9376816091954,6.18129735632184,20.546511627907,32.4941860465116,9.74418604651163,46.906976744186,52.406976744186,26.3023255813953,41.2383720930233"
"127,""Faramea occidentalis"",""Neotropical"",""forest"","""",18,NA,0.61824,"""",""Zanneetal2009"",""Oliveira-Filhoetal2007"",24.03359375,2082.00892857143,67.612025,27.8790342342342,19.0206727678571,22.5044642857143,35.0714285714286,12.3080357142857,24.6473214285714,57.5,25.28125,39.6428571428571"
"128,""Faramea crassifolia"",""Neotropical"",""savanna"","""",6,NA,NA,"""","""",""Oliveira-Filhoetal2007"",26.0297857142857,1797.14285714286,73.3834285714286,19.0031857142857,24.7199857142857,11.0714285714286,30.5,5.42857142857143,18.2857142857143,53,21.4285714285714,48"
"129,""Tocoyena formosa"",""Neotropical"",""savanna"",""n"",6,11.08495,0.4,""Cianciarusoetal2013/DantasandBatala2012"",""Miato2011"",""Oliveira-Filhoetal2007"",23.3125460674157,1179.42696629213,74.1021247191011,29.3364011111111,31.1683866666667,9.59444444444444,28.4388888888889,4.86111111111111,10.7111111111111,56.5888888888889,17.2388888888889,54.3888888888889"
"130,""Tocoyena bullata"",""Neotropical"",""savanna"",""n"",5,NA,NA,"""","""",""Oliveira-Filhoetal2007"",23.2482882352941,1131.88235294118,48.7510352941176,6.65613333333333,10.7854944444444,16.8055555555556,27.9444444444444,4.52777777777778,20.4722222222222,59.0833333333333,16.8611111111111,55.1944444444444"
"131,""Tocoyena brasiliensis"",""Neotropical"",""forest"",""n"",5,NA,NA,"""","""",""Oliveira-Filhoetal2007"",26.00334,1323,84.93082,32.0027,36.60668,9.6,26.6,5,11.6,57,22.5,50.9"
"132,""Tocoyena williamsii"",""Neotropical"",""forest"",""n"",NA,NA,0.62,"""",""Zanneetal2009"","""",24.5576333333333,2466,30.9690833333333,23.3615333333333,7.38311666666667,15.3333333333333,32.5833333333333,6.33333333333333,36.75,50.8333333333333,23.6666666666667,43.6666666666667"
"133,""Palicourea nitidella"",""Neotropical"",""forest"","""",5,NA,NA,"""","""",""Oliveira-Filhoetal2007"",26.6027473684211,2421.5,55.0673526315789,19.3475578947368,21.3223244736842,9.06578947368421,29.4868421052632,4.05263157894737,30.2763157894737,47.8552631578947,22.6710526315789,47.75"
"134,""Palicourea coriacea"",""Neotropical"",""savanna"","""",NA,11.16454545,NA,""DantasandBatala2012"","""","""",22.0627411764706,1507.64705882353,81.6816882352941,30.3937529411765,46.7631588235294,6.61764705882353,31.7647058823529,3.82352941176471,10.3823529411765,53.7941176470588,15.1764705882353,53.0882352941176"
"135,""Palicourea guianensis"",""Neotropical"",""forest"","""",NA,NA,0.54,"""",""Zanneetal2009"","""",24.65836,2670.84,48.6630646666667,10.2599780821918,11.0212484459459,19.2852348993289,32.9697986577181,9.6006711409396,39.8422818791946,52.4865771812081,25.5335570469799,41.5"
"136,""Palicourea rigida"",""Neotropical"",""savanna"","""",8,9.109233333,0.209666667,""Batalaetal2011/Cianciarusoetal2013/Miatto&Batala2016"",""Abeetal2018/Batalaetal2011/Miato2011"",""Oliveira-Filhoetal2007"",22.19838875,1523.4375,71.2565025,34.148025,27.225723375,9.73417721518987,32.6708860759494,5.84177215189873,17.9493670886076,53.9746835443038,18.3481012658228,48.9620253164557"
"137,""Palicourea macrobotrys"",""Neotropical"",""savanna"","""",6,NA,NA,"""","""",""Oliveira-Filhoetal2007"",21.7237142307692,2266.84615384615,49.5900538461539,9.40323846153846,15.0735980769231,16.3461538461538,33.8461538461538,8.57692307692308,31.2884615384615,53.5,25.4615384615385,40.6153846153846"
"138,""Palicourea crocea"",""Neotropical"",""forest"","""",NA,NA,0.56,"""",""Zanneetal2009"","""",24.1400210891089,1965.51485148515,50.1239861386139,22.5082181818182,19.6467293684211,17.1122448979592,32.5408163265306,7.20408163265306,27.7397959183673,54.7040816326531,24.3418367346939,43.1173469387755"
"139,""Plectroniella armata"",""Afrotropical"",""savanna"",""y"",8,14.41,0.959,""Plasetal2012"",""Plasetal2012"",""JStorPlants"",20.1282333333333,843.222222222222,68.6999555555556,42.1773777777778,35.6597222222222,11.5555555555556,30.0555555555556,4.94444444444444,13,60.1111111111111,15.4444444444444,54.5555555555556"
"140,""Botryarrhena pendula"",""Neotropical"",""forest"",""n"",NA,NA,0.734,"""",""Zanneetal2009"","""",25.9833,2748,23.3609,0,0,11.5,27.5,1,110.5,45,25.5,46.5"
"141,""Amaioua guianensis"",""Neotropical"",""forest"",""n"",17,NA,0.60870519,"""",""Balhetal2011/Dantasetal2013/Zanneetal2009"",""Oliveira-Filhoetal2007"",23.4005048780488,1706.87804878049,57.3912853658537,10.1120761904762,17.4972595238095,12.2125,32.6,6.4875,19,51.9875,21.0875,46.375"
"142,""Amaioua intermedia"",""Neotropical"",""forest"",""n"",20,NA,NA,"""","""",""Oliveira-Filhoetal2007"",20.9025875,1473.125,68.52415625,13.64836875,27.121010625,10.28125,38.1875,4.53125,17.71875,52.71875,17.25,44.6875"
"143,""Corynanthe pachyceras"",""Afrotropical"",""forest"",""n"",21,13.86962552,0.673425887,""Dominguesetal2010"",""Zanneetal2009"",""JStorPlants"",24.7361,1737.95833333333,56.1355,16.2795208333333,10.0989666666667,11.7291666666667,33.4166666666667,17.7916666666667,16.5833333333333,52.4166666666667,18.125,48.625"
"144,""Pagamea coriacea"",""Neotropical"",""forest"","""",NA,NA,0.563333333,"""",""Zanneetal2009"","""",26.4487836363636,2648.90909090909,38.8419436363636,6.87928909090909,9.25584,9.24038461538461,28.1634615384615,3.16346153846154,34.625,46.4519230769231,23.0192307692308,48.8557692307692"
"145,""Pagamea plicata"",""Neotropical"",""savanna"","""",20,NA,NA,"""","""",""Oliveira-Filhoetal2007"",25.7206210526316,2385.68421052632,39.9704368421053,14.4785210526316,14.5240421052632,10,29.8947368421053,3.89473684210526,31.6842105263158,47.2368421052632,21.9736842105263,48.1052631578947"
"146,""Isertia hypoleuca"",""Neotropical"",""forest"","""",NA,NA,0.52,"""",""Zanneetal2009"","""",25.7651139534884,2246.18604651163,54.7139720930233,12.9155976744186,11.9524720930233,10.280487804878,33.109756097561,5.45121951219512,22.390243902439,47.4390243902439,24.0853658536585,42.8658536585366"
"147,""Isertia coccinea"",""Neotropical"",""forest"","""",NA,NA,0.52,"""",""Zanneetal2009"","""",26.3375,2451,46.71015,0,0,13.5,34.5,4,23,50,23,42.5"
"148,""Isertia laevis"",""Neotropical"",""forest"","""",NA,NA,0.52,"""",""Zanneetal2009"","""",23.3835742857143,2692.82857142857,38.8118971428571,4.47076388888889,4.42099666666667,23.6142857142857,34.1,9.92857142857143,49.0142857142857,53.2,26.3142857142857,39.4714285714286"
"149,""Calycophyllum candidissimum"",""Neotropical"",""forest"","""",NA,NA,0.696666667,"""",""Zanneetal2009"","""",25.1609714285714,1623.85714285714,86.4487795918367,41.2900673469388,21.3772285714286,22.6734693877551,36.0204081632653,16.0918367346939,17.5612244897959,61.2142857142857,26.2857142857143,37.7142857142857"
"150,""Coussarea platyphylla"",""Neotropical"",""forest"",""n"",6,NA,NA,"""","""",""FloradoBrasil"",23.6773222222222,1590.44444444444,66.3789777777778,53.6419888888889,29.7566555555556,7.27777777777778,27.7777777777778,4.05555555555556,10.5555555555556,54.0555555555556,18.2777777777778,53.7777777777778"
"151,""Coussarea ampla"",""Neotropical"",""forest"","""",NA,NA,0.476,"""",""Zanneetal2009"","""",26.4458,2370,40.1827,0,0,8,36,1.5,16,43.5,20,44"
"152,""Coussarea nodosa"",""Neotropical"",""savanna"",""n"",4,NA,NA,"""","""",""Oliveira-Filhoetal2007"",22.5264,1678.33333333333,16.4112666666667,1.32586666666667,7.30833333333333,17,34.5,10.5,36.5,51.6666666666667,23.5,42.1666666666667"
"153,""Coussarea contracta"",""Neotropical"",""forest"",""n"",12,NA,NA,"""","""",""Oliveira-Filhoetal2007"",19.5243970588235,1602.47058823529,32.7970170588235,8.03251764705882,13.6700764705882,13.0147058823529,40.0147058823529,4.14705882352941,26.0882352941176,52.3823529411765,20.8382352941176,39.2058823529412"
"154,""Coussarea congestiflora"",""Neotropical"",""forest"",""n"",8,NA,NA,"""","""",""FloradoBrasil"",23.16355,1763,51.094025,3.726975,10.541675,12,32.75,8,36,52.25,17.75,49.625"
"155,""Coussarea hirticalyx"",""Neotropical"",""forest"",""n"",NA,NA,0.645,"""",""Zanneetal2009"","""",26.9042,2822,51.9312,0,0,10.5,33,12.5,27,48,20,47"
"156,""Macbrideina peruviana"",""Neotropical"",""forest"","""",NA,NA,0.54,"""",""Zanneetal2009"","""",23.1690571428571,2936.71428571429,31.4955285714286,0,0,21.8571428571429,34.3571428571429,10.2857142857143,46.3571428571429,52.1428571428571,25.2857142857143,40.5714285714286"
"157,""Ixora gardneriana"",""Neotropical"",""forest"",""n"",7,NA,NA,"""","""",""Oliveira-Filhoetal2007"",21.3901125,1393.75,72.4233375,8.698175,13.9839,9.9375,32.75,4.75,21.125,52.625,18.125,49.1875"
"158,""Melanopsidium nigrum"",""Neotropical"",""forest"",""n"",10,NA,0.54,"""",""Zanneetal2009"",""FloradoBrasil"",19.9917,1444,58.6562666666667,0.662733333333333,3.75,23.3333333333333,29.3333333333333,17.5,76.6666666666667,52.5,26.5,43.8333333333333"
"159,""Stachyarrhena acuminata"",""Neotropical"",""forest"","""",NA,NA,0.82,"""",""Zanneetal2009"","""",26.1,2277.66666666667,58.5102666666667,1.65716666666667,5.06,7.5,33.6666666666667,2.66666666666667,16.8333333333333,43.3333333333333,22.6666666666667,43.5"
"160,""Machaonia acuminata"",""Neotropical"",""forest"",""y"",15,NA,NA,"""","""",""Oliveira-Filhoetal2007"",25.6462864864865,1613.35135135135,74.4925294594595,39.1856567567568,25.275972972973,23.9166666666667,34.7361111111111,9.36111111111111,14.2222222222222,61.4722222222222,24.6111111111111,40.75"
"161,""Ferdinandusa rudgeoides"",""Neotropical"",""forest"","""",NA,NA,0.8,"""",""Zanneetal2009"","""",26.175,2097,48.2863428571429,36.6096428571429,19.1020271428571,10,30.7857142857143,1.64285714285714,45,47.3571428571429,26.0714285714286,42.8571428571429"
"162,""Ladenbergia chapadensis"",""Neotropical"",""savanna"","""",8,NA,NA,"""","""",""Oliveira-Filhoetal2007"",19.7958,1044,36.2731,8.9379,13.2889,20,38,8,26,54.5,25,37"
"163,""Ladenbergia cujabensis"",""Neotropical"",""savanna"","""",5,NA,NA,"""","""",""Oliveira-Filhoetal2007"",24.7625,1148.5,83.923,20.603225,23.921475,5.25,24.375,3.625,8.75,53.75,17.625,58"
"164,""Ladenbergia pavonii"",""Neotropical"",""forest"","""",NA,NA,0.47,"""",""Zanneetal2009"","""",21.208325,1554.5,73.0283,1.2402,14.20625,24.625,34.125,15.5,54.25,56.5,29.125,36.75"
"165,""Ladenbergia graciliflora"",""Neotropical"",""savanna"","""",10,NA,NA,"""","""",""Oliveira-Filhoetal2007"",24.955725,2100.875,36.7332125,2.2350375,5.2501125,12.8125,32.3125,5.875,22.625,49.875,25.0625,42.5"
"166,""Pausinystalia macroceras"",""Afrotropical"",""forest"",""n"",27,NA,0.587603619,"""",""Zanneetal2009"",""JStorPlants"",24.6357421052632,1752.15789473684,44.5303789473684,11.3004157894737,9.55347210526316,10.0625,33.71875,6.96875,23.75,50.3125,17.28125,49.03125"
"167,""Pausinystalia lane-poolei"",""Afrotropical"",""forest"",""n"",15,NA,0.619209083,"""",""Zanneetal2009"",""JStorPlants"",20.42015,1776.33333333333,49.88,2.31921666666667,12.21445,17.0833333333333,34,14.75,32.0833333333333,50.9166666666667,24.4166666666667,41.75"
"168,""Capirona decorticans"",""Neotropical"",""forest"","""",NA,NA,0.592933333,"""",""Zanneetal2009"","""",25.1011272727273,2297.81818181818,59.6850272727273,56.5464545454545,18.0580272727273,10.3181818181818,32.4545454545455,4.13636363636364,18.9545454545455,49.4090909090909,22.9545454545455,44.4545454545455"
"169,""Remijia amazonica"",""Neotropical"",""forest"","""",NA,NA,0.56,"""",""Zanneetal2009"","""",26.348975,2491.5,52.40085,20.62325,23.0549,8.625,25.625,3.75,32.625,46.625,25.875,48.375"
"170,""Bathysa australis"",""Neotropical"",""forest"",""n"",8,NA,NA,"""","""",""Oliveira-Filhoetal2007"",18.6622842105263,1648.42105263158,52.7285473684211,23.4104631578947,8.3354052631579,12.6842105263158,35.9210526315789,5.60526315789474,26.3684210526316,51.3421052631579,19.4473684210526,44.7631578947368"
"171,""Bathysa nicholsoni"",""Neotropical"",""forest"",""n"",7,NA,NA,"""","""",""Oliveira-Filhoetal2007"",20.34795,1456.5,45.2237,3.4762,5.5357,11,33.75,5.75,22.25,51.25,21.75,44.25"
"172,""Rudgea insignis"",""Neotropical"",""forest"",""n"",NA,NA,0.47,"""",""Zanneetal2009"","""",18.3125,1496.5,64.43,5.95375,28.69545,11,37.75,3.25,21.5,50.25,17,45"
"173,""Rudgea viburnoides"",""Neotropical"",""savanna"",""n"",8,9.00255,0.3,""DantasandBatala2012/Miatto&Batala2016"",""Miato2011"",""Oliveira-Filhoetal2007"",23.3036111111111,1576.35555555556,72.8871244444444,35.9586511111111,34.2286415555556,7.57777777777778,30.8777777777778,3.83333333333333,13.9666666666667,53.2111111111111,18.5444444444444,50.6"
"174,""Rudgea jacobinensis"",""Neotropical"",""savanna"",""n"",8,NA,NA,"""","""",""Oliveira-Filhoetal2007"",23.5791705882353,1362.52941176471,81.1749529411765,43.9058823529412,28.8324941176471,8.47058823529412,27.7647058823529,5.20588235294118,15.1470588235294,55.3529411764706,17.5882352941176,54.7647058823529"
"175,""Henriquezia verticillata"",""Neotropical"",""forest"",""n"",40,NA,0.73,"""",""Zanneetal2009"",""FloradoBrasil"",26.65625,2993.5,28.90225,0.247925,2.2,9,26.8333333333333,3,56.1666666666667,45,21.3333333333333,52"
"176,""Canthium spinosum"",""Afrotropical"",""savanna"",""y"",10,12.18,0.938,""Plasetal2012"",""Plasetal2012"",""JStorPlants"",22.1875,841,48.5645,11.1826,16.7059,11.5,25,6,13,60.5,12.5,62.5"
"177,""Chimarrhis microcarpa"",""Neotropical"",""forest"",""n"",NA,NA,0.6888,"""",""Zanneetal2009"","""",25.2333,1666,43.6461,0,0,14.75,37.5,11.25,13.75,55,21.75,40.75"
"178,""Chimarrhis hookeri"",""Neotropical"",""forest"","""",NA,NA,0.71,"""",""Zanneetal2009"","""",21.8047471428571,2732.85714285714,33.2451,1.41962857142857,5.80101428571429,15.1428571428571,33.6428571428571,9.57142857142857,40.7857142857143,51.5,26.7857142857143,39.5714285714286"
"179,""Chimarrhis turbinata"",""Neotropical"",""forest"",""n"",NA,NA,0.72,"""",""Zanneetal2009"","""",26.3917,1957,55.5867,7.9496,13.5625,10,36.5,5,7.5,46.5,14,49"
"180,""Psydrax parviflora"",""Afrotropical"",""forest"",""n"",27,NA,0.662854723,"""",""Zanneetal2009"",""JStorPlants"",23.4287536585366,1443.78048780488,69.7978463414634,24.4659414634146,16.1092909756098,14.7682926829268,33.2439024390244,13.7073170731707,19.2317073170732,55.3048780487805,19.2682926829268,47.5121951219512"
"181,""Aidia ochroleuca"",""Afrotropical"",""forest"","""",NA,NA,0.824107088,"""",""Zanneetal2009"","""",23.9061066666667,1589.33333333333,58.4415266666667,10.9997866666667,11.1222733333333,9.06666666666667,36.3,6.83333333333333,21.3666666666667,49.4,15.4,48.2666666666667"
"182,""Psychotria carthagenensis"",""Neotropical"",""forest"","""",7,NA,NA,"""","""",""Oliveira-Filhoetal2007"",22.3983973584906,1560.38867924528,50.6315891320755,18.4157731060606,19.6124346792453,15.3494208494208,34.2934362934363,6.86100386100386,24.8996138996139,55.5482625482625,22.5405405405405,43.1698841698842"
"183,""Psychotria stipulosa"",""Neotropical"",""forest"","""",5,NA,NA,"""","""",""Oliveira-Filhoetal2007"",26.2180666666667,2354.16666666667,51.9907333333333,27.4793333333333,15.014835,10.0833333333333,28.5833333333333,3.33333333333333,25.9166666666667,47.25,16.4166666666667,55"
"184,""Psychotria mapourioides"",""Neotropical"",""forest"","""",15,NA,NA,"""","""",""Oliveira-Filhoetal2007"",23.1236104166667,1557.58333333333,57.63801875,18.2714170212766,17.7233178723404,11.9166666666667,33.3854166666667,5.22916666666667,17.7916666666667,53.40625,19.5520833333333,47.0833333333333"
"185,""Psychotria myriantha"",""Neotropical"",""forest"","""",5,NA,NA,"""","""",""Oliveira-Filhoetal2007"",20.854995,1567.4,31.664138,6.22339,11.081985,14.15,41.45,5.15,26.725,54.075,21.8,36.7"
"186,""Psychotria nemorosa"",""Neotropical"",""forest"","""",4,NA,NA,"""","""",""Oliveira-Filhoetal2007"",19.962668,1606.24,47.470684,12.763016,11.35536,12.22,35.26,4.42,23.1,51.6,19.42,45.38"
"187,""Psychotria anceps"",""Neotropical"",""forest"","""",10,NA,NA,"""","""",""Oliveira-Filhoetal2007"",24.7187583333333,2132.72222222222,58.9043111111111,22.9148361111111,19.4993444444444,13.5972222222222,32.4861111111111,7.68055555555556,22.0555555555556,53.1944444444444,24.8194444444444,42.6388888888889"
"188,""Bothriospora corymbosa"",""Neotropical"",""forest"",""n"",NA,NA,0.68,"""",""Zanneetal2009"","""",26.7166636363636,2382.54545454545,37.4275727272727,5.79678333333333,6.2334,12.7,32.55,4.95,35.75,48,28.8,38.6"
"189,""Avicennia germinans"",""Neotropical"",""forest"","""",NA,NA,0.776424,"""",""Zanneetal2009"","""",24.94211,1028.93571428571,93.7156271428571,15.7853034482759,14.9906510204082,20.484962406015,35.1654135338346,14.1992481203008,21.4022556390977,69.0639097744361,23.0977443609023,41.7781954887218"
"190,""Acnistus arborescens"",""Neotropical"",""forest"",""n"",8,NA,NA,"""","""",""Oliveira-Filhoetal2007"",19.406903627451,1381.28431372549,72.5262852941176,10.6669154639175,15.9859611111111,22.7135922330097,34.3932038834951,12.9514563106796,28.3834951456311,59.6116504854369,26.0631067961165,39.5097087378641"
"191,""Solanum acanthodes"",""Neotropical"",""forest"","""",NA,NA,0.32,"""",""Zanneetal2009"","""",24.7350106382979,2409.48936170213,44.1501382978723,26.4711680851064,15.3127268085106,14.5434782608696,32.9891304347826,5.41304347826087,29.4239130434783,50.3369565217391,24.3152173913043,42.7391304347826"
"192,""Solanum grandiflorum"",""Neotropical"",""forest"","""",14,NA,NA,"""","""",""Oliveira-Filhoetal2007"",24.7350106382979,2409.48936170213,44.1501382978723,26.4711680851064,15.3127268085106,14.5434782608696,32.9891304347826,5.41304347826087,29.4239130434783,50.3369565217391,24.3152173913043,42.7391304347826"
"193,""Solanum lycocarpum"",""Neotropical"",""savanna"",""y"",5,8.852367032,0.487,""Batalaetal2011/Cianciarusoetal2013"",""Batalaetal2011"",""Oliveira-Filhoetal2007"",21.4434313559322,1468.50847457627,72.3183957627119,32.9841669491525,28.4440525423729,8.60869565217391,34.0913043478261,4.45652173913043,14.1391304347826,54.0739130434783,15.995652173913,49.9086956521739"
"194,""Solanum stipulaceum"",""Neotropical"",""savanna"",""n"",4,NA,NA,"""","""",""Oliveira-Filhoetal2007"",22.2116127659574,949.86170212766,63.8610925531915,16.7839670212766,25.3424106382979,11.6612903225806,29.5215053763441,6.01612903225806,11.5430107526882,58.4623655913978,16.8333333333333,53.6021505376344"
"195,""Solanum oocarpum"",""Neotropical"",""forest"",""y"",6,NA,NA,"""","""",""Oliveira-Filhoetal2007"",21.7638666666667,1537.83333333333,77.1896666666667,30.2909833333333,25.5343333333333,7.83333333333333,36.9166666666667,7.08333333333333,14.4166666666667,52.3333333333333,16.75,46.4166666666667"
"196,""Solanum riparium"",""Neotropical"",""forest"","""",NA,39.5,0.25,""Markesteijn&Poorter2009/Markesteijnetal2011"",""Markesteijnetal2011"","""",21.4599897058824,1044.73529411765,59.7000926470588,17.2639323529412,18.5402661764706,15.0955882352941,32.2794117647059,10.6102941176471,23.1470588235294,57.3823529411765,24.0073529411765,43.75"
"197,""Solanum cladotrichum"",""Neotropical"",""forest"","""",4,NA,NA,"""","""",""Oliveira-Filhoetal2007"",17.5727766666667,1505.36666666667,76.42394,14.0723433333333,24.53829,11.95,36.35,4.81666666666667,25.3333333333333,52.4666666666667,18.8,44.75"
"198,""Solanum crinitum"",""Neotropical"",""forest"",""y"",NA,NA,0.24,"""",""Zanneetal2009"","""",24.130541509434,1600.92452830189,64.9188867924528,21.5021095238095,21.9884359433962,9.79716981132075,30.2452830188679,4.60377358490566,15.5,52.2122641509434,18.7264150943396,51"
"199,""Solanum schlechtendalianum"",""Neotropical"",""forest"","""",7,NA,NA,"""","""",""Oliveira-Filhoetal2007"",23.3684978417266,2184.1654676259,62.2005136690647,19.9022935251799,16.3286095683453,19.3731343283582,34.6044776119403,11.1977611940299,25.9813432835821,54.0149253731343,24.8022388059701,40.5932835820896"
"200,""Calpocalyx klainei"",""Afrotropical"",""forest"",""n"",25,NA,0.686427362,"""",""Zanneetal2009"",""CJB"",25.2038785714286,1847.35714285714,70.3712142857143,200.67075,7.00099285714286,13.6071428571429,32.6428571428571,11.8928571428571,34.9642857142857,49.3214285714286,18.8928571428571,48.6071428571429"
"201,""Calpocalyx heitzii"",""Afrotropical"",""forest"",""n"",NA,NA,0.726597138,"""",""Zanneetal2009"","""",25.4932,2092.63636363636,69.9947272727273,202.796418181818,3.47130909090909,14.5909090909091,31.2272727272727,12.7727272727273,53.9090909090909,48.8181818181818,19.9090909090909,49"
"202,""Calpocalyx winkleri"",""Afrotropical"",""forest"","""",20,NA,0.7265402,"""",""Zanneetal2009"",""JStorPlants"",26.16665,2935,76.2779,10.44015,9.25263,13.5,35,4,15,53.5,14.5,50.75"
"203,""Campsiandra comosa"",""Neotropical"",""forest"","""",NA,NA,0.81,"""",""Zanneetal2009"","""",26.5111513513514,2377.43243243243,49.9463756756757,35.7211078947368,9.64921358974359,11.45,31.25,3.41666666666667,27.5666666666667,48,26.1833333333333,42.55"
"204,""Campsiandra angustifolia"",""Neotropical"",""forest"",""n"",NA,NA,0.9,"""",""Zanneetal2009"","""",26.5904411764706,2550.11764705882,43.6225117647059,17.6539647058824,10.0805235294118,10.4615384615385,26.2692307692308,2.46153846153846,55.6153846153846,46,27.0769230769231,46.6923076923077"
"205,""Clathrotropis macrocarpa"",""Neotropical"",""forest"","""",NA,NA,0.71,"""",""Zanneetal2009"","""",25.9378153846154,2637.07692307692,41.2013307692308,1.91674285714286,5.09703571428571,10.0769230769231,30.0384615384615,5.92307692307692,33.6153846153846,46.5384615384615,24,45.8461538461538"
"206,""Clathrotropis brachypetala"",""Neotropical"",""forest"","""",NA,NA,0.80855,"""",""Zanneetal2009"","""",27.0736,2506.33333333333,51.6987333333333,3.64441666666667,9.39166666666667,14.1666666666667,28.9166666666667,9.5,37,50.3333333333333,24.4166666666667,46.6666666666667"
"207,""Vouacapoua americana"",""Neotropical"",""forest"","""",NA,NA,0.7936675,"""",""Zanneetal2009"","""",26.14416,2179.2,66.2888,29.82332,25.59544,7.9,39.8,4.3,14.4,48,19,41.1"
"208,""Vouacapoua pallidior"",""Neotropical"",""forest"",""n"",NA,NA,0.9,"""",""Zanneetal2009"","""",26.4888666666667,2361.66666666667,34.5116666666667,2.976,8.92776666666667,9.25,37.75,2,23.75,43,19.5,43.25"
"209,""Pericopsis elata"",""Afrotropical"",""forest"","""",50,NA,0.639194708,"""",""Zanneetal2009"",""CJB"",25.1734727272727,1576.45454545455,42.5969818181818,3.25420909090909,5.22675454545455,6.95454545454545,29.6363636363636,11.0909090909091,13.6818181818182,49.9090909090909,13.7727272727273,56.5454545454545"
"210,""Pericopsis angolensis"",""Afrotropical"",""forest"",""n"",17,53.3,NA,""Vyniaetal2012"","""",""JStorPlants"",21.4944915254237,1085.16949152542,95.4305711864407,62.4475627118644,23.2065981355932,9.74576271186441,29.9406779661017,9.40677966101695,11.5932203389831,57,13.0084745762712,57.0169491525424"
"211,""Microberlinia bisulcata"",""Afrotropical"",""forest"",""n"",40,NA,0.654535878,"""",""Zanneetal2009"",""JStorPlants"",25.4465333333333,2207.33333333333,64.8748166666667,5.29655,11.0541216666667,10.0833333333333,30,16.5,18.0833333333333,50.8333333333333,14.9166666666667,54.75"
"212,""Bocoa viridiflora"",""Neotropical"",""forest"",""n"",NA,NA,0.835,"""",""Zanneetal2009"","""",26.68645,2445.25,49.583825,23.3635,7.5291675,7.875,34.125,2.75,20.875,45.125,17.375,48.125"
"213,""Bocoa prouacensis"",""Neotropical"",""forest"","""",NA,NA,1.053563333,"""",""Zanneetal2009"","""",25.85625,2441.5,49.80245,5.9502,14.925,6.75,32.75,7.75,12.75,49.5,18.25,48.75"
"214,""Parapiptadenia rigida"",""Neotropical"",""forest"",""n"",35,NA,NA,"""","""",""Oliveira-Filhoetal2007"",19.9378962264151,1553.37735849057,29.7101875471698,8.19290754716981,14.9403786792453,14.3725490196078,42.5686274509804,4.51960784313725,22.5490196078431,54.9901960784314,21.156862745098,36.2352941176471"
"215,""Parapiptadenia excelsa"",""Neotropical"",""forest"",""n"",12,NA,0.74,"""",""Zanneetal2009"",""FloradoBrasil"",19.8708411764706,737.235294117647,81.7030823529412,8.12292941176471,14.4410294117647,14.6470588235294,29.3529411764706,13.1764705882353,16.7941176470588,60.3823529411765,23.7058823529412,46.8529411764706"
"216,""Gilbertiodendron ivorense"",""Afrotropical"",""forest"","""",20,NA,0.668489404,"""",""Zanneetal2009"",""JStorPlants"",25.76565,1810.5,66.536225,3.4713,3.01965,7.375,30,26.625,10,52.125,16.25,53.625"
"217,""Gilbertiodendron grandiflorum"",""Afrotropical"",""forest"","""",15,NA,0.613014725,"""",""Zanneetal2009"",""JStorPlants"",25.925,2075,71.9713,0,0,14.5,36,18.5,27,48.5,22.5,42"
"218,""Gilbertiodendron splendidum"",""Afrotropical"",""forest"","""",24,NA,0.6111761,"""",""Zanneetal2009"",""JStorPlants"",25.9465166666667,2148.33333333333,55.1189333333333,5.6333,3.29063333333333,8.16666666666667,29.0833333333333,20.1666666666667,14.1666666666667,50.5833333333333,17.1666666666667,53.6666666666667"
"219,""Gilbertiodendron dewevrei"",""Afrotropical"",""forest"",""n"",38,NA,0.706581901,"""",""Zanneetal2009"",""JStorPlants"",24.1799242424242,1649.9696969697,55.4821242424242,9.75850606060606,5.26423848484848,9.03030303030303,38.4848484848485,8.18181818181818,19.8787878787879,48.7727272727273,13.4242424242424,48.0454545454545"
"220,""Gilbertiodendron klainei"",""Afrotropical"",""forest"","""",35,NA,0.658707865,"""",""Zanneetal2009"",""CJB"",25.8277666666667,2148.33333333333,69.8148333333333,0,0,13.8333333333333,31.8333333333333,14,50.6666666666667,48.6666666666667,19,48.8333333333333"
"221,""Gilbertiodendron mayombense"",""Afrotropical"",""forest"","""",20,NA,0.655863418,"""",""Zanneetal2009"",""JStorPlants"",24.871875,2237.5,67.6731,17.40195,15.871325,9.75,32.5,9.625,16.75,48.625,13.5,54"
"222,""Gilbertiodendron preussii"",""Afrotropical"",""forest"",""n"",35,NA,0.69741,"""",""Zanneetal2009"",""CJB"",25.4697266666667,2547,63.6673333333333,4.84003333333333,3.55252,11.3,32.4,23.2666666666667,20.5666666666667,49.2333333333333,17.4,50.2"
"223,""Gilbertiodendron brachystegioides"",""Afrotropical"",""forest"","""",37,NA,0.635375035,"""",""Zanneetal2009"",""JStorPlants"",25.3097166666667,2394.66666666667,65.62075,0.331433333333333,4.45833333333333,9.83333333333333,34.4166666666667,15.4166666666667,17.8333333333333,48.4166666666667,14.9166666666667,50.5"
"224,""Chloroleucon foliolosum"",""Neotropical"",""forest"",""y"",10,NA,NA,"""","""",""Oliveira-Filhoetal2007"",23.4069928571429,725.142857142857,71.5283928571429,11.0360107142857,23.0452857142857,13.0535714285714,26.1428571428571,7.08928571428571,8.28571428571429,63.4642857142857,19.4464285714286,54.375"
"225,""Chloroleucon tortum"",""Neotropical"",""forest"",""y"",10,NA,NA,"""","""",""Oliveira-Filhoetal2007"",23.1458166666667,807.333333333333,79.267,18.7092666666667,25.0491333333333,23.3333333333333,34.0833333333333,18.5,14.3333333333333,67.1666666666667,20.4166666666667,45.25"
"226,""Chloroleucon dumosum"",""Neotropical"",""forest"",""y"",30,NA,NA,"""","""",""Oliveira-Filhoetal2007"",24.43291,720.9,96.62731,9.3448,25.01414,9.6,25.95,5.95,7.2,61.15,19.65,54.4"
"227,""Chloroleucon tenuiflorum"",""Neotropical"",""forest"",""y"",18,NA,NA,"""","""",""Oliveira-Filhoetal2007"",22.42446875,1132.1875,57.01428125,29.194975,29.289425,12.6666666666667,27.6333333333333,7.1,14.6,59.3,24.1,48.2333333333333"
"228,""Holocalyx balansae"",""Neotropical"",""forest"",""n"",25,NA,NA,"""","""",""Oliveira-Filhoetal2007"",20.4083307692308,1443.46153846154,35.2060769230769,35.6240076923077,22.5199153846154,13.3461538461538,33.5,4.88461538461539,18.8846153846154,55.5,21.7692307692308,44.6538461538462"
"229,""Sindora klaineana"",""Afrotropical"",""forest"",""n"",15,NA,0.577930356,"""",""Zanneetal2009"",""CJB"",25.5013833333333,1656.83333333333,74.58735,195.648766666667,4.14573333333333,17.5,27.0833333333333,9.16666666666667,61.9166666666667,52.1666666666667,18.8333333333333,53.9166666666667"
"230,""Eperua glabriflora"",""Neotropical"",""forest"","""",NA,NA,0.759,"""",""Zanneetal2009"","""",26.5708666666667,2323.33333333333,45.8812666666667,1.9844,7.67223333333333,9,39.3333333333333,2.16666666666667,25,46,18.8333333333333,41.5"
"231,""Eperua duckeana"",""Neotropical"",""forest"","""",NA,NA,0.791,"""",""Zanneetal2009"","""",26.7125,2580,49.3016,0.4972,6.15,8.25,36,3.5,12,44.5,20.25,43.75"
"232,""Eperua bijuga"",""Neotropical"",""forest"",""n"",NA,NA,0.728869646,"""",""Zanneetal2009"","""",27.1292,2265,49.8879,7.9336,9.6125,26,33,6,63,55,23.5,43.5"
"233,""Eperua falcata"",""Neotropical"",""forest"",""n"",NA,NA,0.718637143,"""",""Zanneetal2009"","""",26.2458318181818,2252.65909090909,47.2757090909091,3.97312790697674,7.42866204545455,10.4883720930233,31.046511627907,7.97674418604651,24.4302325581395,47.8720930232558,20.8604651162791,48.1395348837209"
"234,""Eperua grandiflora"",""Neotropical"",""forest"","""",NA,NA,0.70404,"""",""Zanneetal2009"","""",26.00625,2206.5,54.7974875,0.248225,1.625,10.5,32.8125,8.8125,27.0625,48.375,21.5,45.625"
"235,""Eperua rubiginosa"",""Neotropical"",""forest"","""",NA,NA,0.74523,"""",""Zanneetal2009"","""",26.31083,1878,63.13115,0,0,7.72222222222222,34.1666666666667,7.77777777777778,16.7777777777778,47.3333333333333,19.3888888888889,46.7222222222222"
"236,""Pentaclethra eetveldeana"",""Afrotropical"",""forest"",""n"",30,NA,0.662854723,"""",""Zanneetal2009"",""CJB"",24.9865928571429,1780.64285714286,64.7451571428571,13.1351857142857,20.2302235714286,10.1785714285714,35.7857142857143,8.71428571428571,17.2142857142857,50.2142857142857,16.1071428571429,48.2142857142857"
"237,""Pentaclethra macrophylla"",""Afrotropical"",""forest"",""n"",36,NA,0.841038593,"""",""Zanneetal2009"",""CJB"",24.8615485714286,1719.65714285714,65.7677428571429,11.4105942857143,9.38873514285714,12.140625,33.53125,12.75,19.015625,51.421875,18.109375,48.4375"
"238,""Pentaclethra macroloba"",""Neotropical"",""forest"","""",NA,NA,0.603401073,"""",""Zanneetal2009"","""",26.0896551724138,2517.06896551724,47.4759275862069,2.79000357142857,7.68579655172414,19.1428571428571,32.2321428571429,8.82142857142857,48.7321428571429,52.1964285714286,26.0714285714286,41.7678571428571"
"239,""Zollernia paraensis"",""Neotropical"",""forest"",""n"",30,NA,0.99,"""",""Zanneetal2009"",""FloradoBrasil"",26.4666666666667,1753,74.9440333333333,57.3058,26.6838,8.5,33.8333333333333,5.66666666666667,8.83333333333333,49.5,19.3333333333333,46.5"
"240,""Zollernia ilicifolia"",""Neotropical"",""forest"",""n"",20,NA,1.05,"""",""Zanneetal2009"",""FloradoBrasil"",19.0979166666667,1436.5,39.9771166666667,2.31705,9.52722833333333,12.9166666666667,35.3333333333333,2.66666666666667,19.9166666666667,55,20.6666666666667,44.0833333333333"
"241,""Baikiaea insignis"",""Afrotropical"",""forest"",""n"",34,NA,0.68640475,"""",""Zanneetal2009"",""JStorPlants"",24.258335,1863.55,54.396395,65.554255,6.3042735,10.5526315789474,33.5526315789474,9.52631578947368,30.8947368421053,48.7368421052632,16.3157894736842,50.1578947368421"
"242,""Heterostemon mimosoides"",""Neotropical"",""forest"","""",NA,NA,0.6,"""",""Zanneetal2009"","""",26.42604375,2835.625,33.7438625,1.1806,5.459375,10.2857142857143,25.8571428571429,3.92857142857143,50.7857142857143,46.1071428571429,26.5,47.5714285714286"
"243,""Loesenera kalantha"",""Afrotropical"",""forest"",""n"",28,NA,0.64575,"""",""Zanneetal2009"",""CJB"",25.56145,2829.25,55.658775,4.223225,5.155875,7.125,30.875,15.25,16,49.375,16.375,52.875"
"244,""Leucochloron incuriale"",""Neotropical"",""forest"",""n"",18,NA,NA,"""","""",""Oliveira-Filhoetal2007"",18.627425,1495.08333333333,60.6431833333333,15.1532833333333,22.4046333333333,10.5416666666667,39.3333333333333,3.95833333333333,21.2083333333333,52.5,19.25,41.2916666666667"
"245,""Leucochloron foederale"",""Neotropical"",""forest"",""n"",15,NA,NA,"""","""",""Oliveira-Filhoetal2007"",21.7417,1461,80.099,76.384,21.5571,9.5,41.5,4.5,11.5,56,25.5,34"
"246,""Gilletiodendron mildbraedii"",""Afrotropical"",""forest"","""",45,NA,0.920858507,"""",""Zanneetal2009"",""CJB"",24.2875125,1713.375,43.7403625,15.9019875,10.8758625,8.21428571428571,33.8571428571429,5,17.0714285714286,51.3571428571429,14.2857142857143,51.4285714285714"
"248,""Platymiscium trinitatis"",""Neotropical"",""forest"","""",NA,NA,0.864,"""",""Zanneetal2009"","""",23.455225,1605.5,53.28955,22.5397333333333,8.906625,19.125,35.625,10.375,32.625,53.5,29.125,35.75"
"249,""Platymiscium pinnatum"",""Neotropical"",""forest"","""",NA,NA,0.715694286,"""",""Zanneetal2009"","""",24.7002297297297,2089.48648648649,60.5829297297297,30.0986135135135,26.1355659459459,20.3194444444444,34.3472222222222,11.9444444444444,25.3055555555556,56.9722222222222,25.7916666666667,39.9166666666667"
"250,""Platymiscium floribundum"",""Neotropical"",""forest"","""",25,NA,NA,"""","""",""Oliveira-Filhoetal2007"",23.4071428571429,1254.52380952381,66.8743619047619,7.04711428571429,16.3077247619048,9.64285714285714,28.9047619047619,3.71428571428571,13.6428571428571,55.7142857142857,17.7142857142857,53.3571428571429"
"251,""Pachyelasma tessmannii"",""Afrotropical"",""forest"",""n"",61,NA,0.738105827,"""",""Zanneetal2009"",""JStorPlants"",24.61355,1961,68.03205,10.91425,11.0036,8.625,37.25,10.125,21,48.125,13.25,49.375"
"252,""Tachigali multijuga"",""Neotropical"",""forest"","""",NA,NA,0.57,"""",""Zanneetal2009"","""",24.9541666666667,2291,51.2335,221.412,14.4608666666667,11.3333333333333,31,3,28.1666666666667,46,23.8333333333333,45.3333333333333"
"253,""Tachigali cavipes"",""Neotropical"",""forest"","""",NA,NA,0.555,"""",""Zanneetal2009"","""",26.2617833333333,3094.66666666667,32.5566333333333,0.1657,2.31666666666667,8.66666666666667,23,3.08333333333333,35.5833333333333,45.75,20.6666666666667,56.5"
"254,""Tachigali paniculata"",""Neotropical"",""forest"","""",NA,NA,0.5544925,"""",""Zanneetal2009"","""",26.322414,2288.2,55.60908,35.178384,18.3689,9.47872340425532,32.6170212765957,3.38297872340426,26.7340425531915,47.0744680851064,25.6276595744681,41.7446808510638"
"255,""Piptadeniastrum africanum"",""Afrotropical"",""forest"",""n"",50,NA,0.605034495,"""",""Zanneetal2009"",""JStorPlants"",24.6617535714286,1838.21428571429,58.7250071428571,42.7269571428571,12.0972571428571,10.8703703703704,33.7407407407407,12.037037037037,21.2592592592593,50.1481481481481,17.5740740740741,48.7592592592593"
"256,""Prioria balsamifera"",""Afrotropical"",""forest"",""n"",55,NA,0.407046856,"""",""Zanneetal2009"",""CJB"",24.90001,1757.2,48.89241,2.18386,4.94584,8.45,32.65,5.9,15.35,48.25,14.4,52.85"
"257,""Schizolobium parahyba"",""Neotropical"",""forest"","""",NA,37.2,0.393166667,""Markesteijn&Poorter2009"",""Poorter2010/Zanneetal2009"","""",24.4384833333333,2235.35714285714,61.083069047619,37.2204428571429,18.1683104761905,20.2142857142857,35.0357142857143,9.84523809523809,22.5119047619048,57.2380952380952,23.6547619047619,41.2738095238095"
"258,""Michelsonia microphylla"",""Afrotropical"",""forest"",""n"",30,NA,0.76629,"""",""Zanneetal2009"",""CJB"",22.24585,1551,29.20185,0.994,2.45,9.5,39,10,28.25,51,23.75,37.75"
"259,""Recordoxylon speciosum"",""Neotropical"",""forest"",""n"",NA,NA,0.8,"""",""Zanneetal2009"","""",25.5292,3323,14.7374,0,0,11,19,2,51,44,17,63.5"
"260,""Melanoxylon brauna"",""Neotropical"",""forest"",""n"",12,NA,0.9,"""",""Zanneetal2009"",""FloradoBrasil"",21.9397384615385,1113,53.5159615384615,26.8323357142857,20.2061092857143,12.5769230769231,33.1153846153846,4.19230769230769,21.0769230769231,55.4615384615385,15.9615384615385,50.8076923076923"
"261,""Monopteryx uaucu"",""Neotropical"",""forest"","""",NA,NA,0.73,"""",""Zanneetal2009"","""",26.079175,2893.75,18.540575,0,0,10.5,24.875,1.875,62.25,45.75,22.125,53"
"262,""Centrolobium robustum"",""Neotropical"",""forest"","""",NA,NA,0.69,"""",""Zanneetal2009"","""",19.7958,1495,45.6313,0,0,16,30,8,33,49,24.5,45.5"
"263,""Centrolobium ochroxylum"",""Neotropical"",""forest"","""",NA,NA,0.69,"""",""Zanneetal2009"","""",19.8437675,1569,88.20435,4.223925,10.983325,18.6666666666667,26.3333333333333,16.8333333333333,25.1666666666667,56.1666666666667,26,47.5"
"264,""Centrolobium tomentosum"",""Neotropical"",""forest"","""",35,NA,0.58,"""",""Zanneetal2009"",""Oliveira-Filhoetal2007"",20.710925,1404,52.26,6.2102125,17.3743125,10.6875,40.3125,5.75,15.875,54.8125,15.1875,44.5"
"265,""Centrolobium microchaete"",""Neotropical"",""forest"","""",NA,30.28272506,0.3775,""Kitajima&Poorter2010/Markesteijn&Poorter2009/Markesteijnetal2011"",""Markesteijnetal2011/Zanneetal2009"","""",25.1042,2722,51.1046,2.9811,34.2333,9,31,4,15,55,23,46"
"266,""Centrolobium paraense"",""Neotropical"",""forest"","""",NA,NA,0.711048333,"""",""Zanneetal2009"","""",27.11666,1690,66.2611,13.3066,46.873,11.7,32.1,11,18.1,56.7,20,47.8"
"267,""Myrocarpus frondosus"",""Neotropical"",""forest"","""",27,NA,0.775,"""",""Zanneetal2009"",""FloradoBrasil"",20.7765071428571,1555.14285714286,40.2741428571429,9.70071428571429,15.4281928571429,14.2857142857143,37.6428571428571,5.10714285714286,28.7142857142857,54.3571428571429,22.1428571428571,40.4285714285714"
"268,""Amburana cearensis"",""Neotropical"",""forest"",""n"",20,NA,0.514285714,"""",""Zanneetal2009"",""Oliveira-Filhoetal2007"",24.3365693877551,858.530612244898,83.7156795918367,9.28409795918367,18.2136442857143,11.4574468085106,27.7340425531915,5.78723404255319,9.28723404255319,60.2872340425532,18.6276595744681,53.6063829787234"
"269,""Etaballia dubia"",""Neotropical"",""forest"","""",NA,NA,0.92,"""",""Zanneetal2009"","""",27.1333285714286,1914.85714285714,67.5669,25.5307,20.7987685714286,10.7,29.2,6.3,22.9,52.6,22.4,48.3"
"270,""Clitoria arborea"",""Neotropical"",""forest"",""n"",26,NA,NA,"""","""",""Oliveira-Filhoetal2007"",24.6005857142857,2496.71428571429,27.6334,0.710142857142857,1.24571428571429,13.8571428571429,35.4285714285714,5.5,57.2857142857143,48.5714285714286,27.9285714285714,36.5714285714286"
"271,""Dipteryx ferrea"",""Neotropical"",""forest"",""n"",NA,NA,0.84,"""",""Zanneetal2009"","""",25.9732142857143,1916.71428571429,44.0352714285714,14.2008571428571,8.80733857142857,13.2142857142857,31.0714285714286,1.64285714285714,28.4285714285714,47.2857142857143,27.0714285714286,41.7142857142857"
"272,""Dipteryx micrantha"",""Neotropical"",""forest"",""n"",NA,NA,0.871006452,"""",""Zanneetal2009"","""",25.9732142857143,1916.71428571429,44.0352714285714,14.2008571428571,8.80733857142857,13.2142857142857,31.0714285714286,1.64285714285714,28.4285714285714,47.2857142857143,27.0714285714286,41.7142857142857"
"273,""Dipteryx odorata"",""Neotropical"",""forest"",""n"",NA,NA,0.922723214,"""",""Zanneetal2009"","""",25.4029352941176,2039.82352941176,62.0151294117647,42.0332941176471,25.6780688235294,10.7647058823529,32.2352941176471,4.23529411764706,15.3529411764706,49.2352941176471,22.1764705882353,45.5882352941176"
"274,""Dipteryx alata"",""Neotropical"",""forest"",""n"",NA,NA,0.936666667,"""",""Zanneetal2009"","""",24.590496875,1454.9375,73.2907375,42.85093125,32.815171875,7.09677419354839,27.8064516129032,2.91935483870968,10.8870967741935,54.3225806451613,19.5483870967742,52.6290322580645"
"275,""Dipteryx punctata"",""Neotropical"",""forest"",""n"",NA,NA,0.92,"""",""Zanneetal2009"","""",27.217725,2597.25,57.275025,14.6475,9.79695,10.6666666666667,30.1666666666667,5.16666666666667,24.6666666666667,50.5,23,46.6666666666667"
"276,""Dipteryx polyphylla"",""Neotropical"",""forest"",""n"",NA,NA,0.885555556,"""",""Zanneetal2009"","""",25.9708,2807,22.3933,1.9884,7.95,13.5,29.5,0.5,7,43.5,30.5,40"
"277,""Luetzelburgia praecox"",""Neotropical"",""forest"","""",6,NA,NA,"""","""",""Oliveira-Filhoetal2007"",25.1513666666667,1628.66666666667,83.2071,41.048,29.9563,4.33333333333333,25.6666666666667,1.83333333333333,9.16666666666667,54.1666666666667,11.8333333333333,62.6666666666667"
"278,""Luetzelburgia auriculata"",""Neotropical"",""savanna"","""",10,NA,NA,"""","""",""Oliveira-Filhoetal2007"",24.7877403846154,872.25,94.4592788461539,15.4426942307692,21.2278448076923,11,25.2884615384615,6.39423076923077,7.31730769230769,60.7403846153846,20.2788461538462,54.3461538461538"
"279,""Limadendron hostmannii"",""Neotropical"",""forest"","""",NA,NA,0.62,"""",""Zanneetal2009"","""",25.94585,2744.75,51.7339,6.7049,6.071775,11.75,35.25,7.875,23.375,47.875,25.5,38.875"
"280,""Poecilanthe subcordata"",""Neotropical"",""savanna"","""",10,NA,NA,"""","""",""Oliveira-Filhoetal2007"",24.4042,987.5,102.9478,7.94665,29.76745,9,22.25,5.25,11,54.25,15.5,62"
"282,""Martiodendron parviflorum"",""Neotropical"",""forest"",""n"",NA,NA,0.841195,"""",""Zanneetal2009"","""",26.2916333333333,2011.66666666667,56.7083666666667,12.2414666666667,11.2265666666667,9.16666666666667,32.3333333333333,2.83333333333333,19.1666666666667,47.1666666666667,19.1666666666667,48.5"
"283,""Martiodendron excelsum"",""Neotropical"",""forest"",""n"",NA,NA,0.85239,"""",""Zanneetal2009"","""",26.6208,2066,56.7148,0,0,8.5,33,7.5,12,48,19.5,47.5"
"284,""Daniellia soyauxii"",""Afrotropical"",""forest"","""",30,NA,0.462971841,"""",""Zanneetal2009"",""CJB"",25.2680666666667,1918.66666666667,67.7655666666667,32.1102333333333,1.96666666666667,11.8333333333333,33.8333333333333,12.5,43.6666666666667,47.3333333333333,19.6666666666667,46.6666666666667"
"285,""Daniellia ogea"",""Afrotropical"",""forest"",""n"",54,NA,0.430319218,"""",""Zanneetal2009"",""JStorPlants"",23.8875,2119,74.284575,72.77945,23.416175,15.75,30.625,17.375,20.875,53.75,22.875,46.5"
"286,""Daniellia oblonga"",""Afrotropical"",""forest"","""",61,NA,0.459905167,"""",""Zanneetal2009"",""JStorPlants"",27.4083,1254,70.1835,0,0,7.5,24.5,8,8.5,58,10,66"
"287,""Daniellia klainei"",""Afrotropical"",""forest"","""",30,NA,0.443404245,"""",""Zanneetal2009"",""CJB"",25.2654857142857,1797.28571428571,73.7324428571429,6.667,8.45265714285714,12,34.5,11.2857142857143,26,48.2142857142857,18.3571428571429,47.0714285714286"
"288,""Daniellia pynaertii"",""Afrotropical"",""forest"","""",34,NA,0.4,"""",""Zanneetal2009"",""JStorPlants"",24.95625,1665,37.4811,11.9112,10.0375,8.5,33,7.5,15.5,49,13.75,53.25"
"289,""Daniellia oliveri"",""Afrotropical"",""savanna"",""n"",45,9.892250859,0.493323068,""Dominguesetal2010"",""Zanneetal2009"",""JStorPlants"",26.6405049180328,1123.9262295082,93.0029098360656,69.6595909836066,20.4834497540984,9.61475409836066,24.594262295082,18.3975409836066,8.53688524590164,59.5450819672131,20.9631147540984,54.422131147541"
"290,""Macrolobium bifolium"",""Neotropical"",""forest"","""",18,NA,0.65,"""",""Zanneetal2009"",""Oliveira-Filhoetal2007"",25.666675,2170.875,55.11451875,8.89915625,8.464975,11.28125,31.375,5.6875,35.5625,47.5,22.71875,45.84375"
"291,""Macrolobium angustifolium"",""Neotropical"",""forest"","""",NA,NA,0.675,"""",""Zanneetal2009"","""",26.2697516129032,2344.51612903226,47.281935483871,22.9670451612903,6.44444193548387,10.25,29.9464285714286,6.41071428571429,34.3214285714286,47.3928571428571,24.4285714285714,45.5178571428571"
"292,""Macrolobium acaciifolium"",""Neotropical"",""forest"","""",NA,NA,0.551,"""",""Zanneetal2009"","""",26.3606661016949,2257.66101694915,55.1129118644068,19.64783,12.8676855,9.9375,30.4285714285714,4.53571428571429,28.5535714285714,48.4642857142857,24.0357142857143,45.5178571428571"
"293,""Macrolobium limbatum"",""Neotropical"",""forest"","""",NA,NA,0.58,"""",""Zanneetal2009"","""",23.97917875,2441.625,37.22415,0.248525,0.60625,12.8571428571429,27.2857142857143,5.42857142857143,55.1428571428571,47.2857142857143,26.7857142857143,45.7857142857143"
"294,""Chamaecrista orbiculata"",""Neotropical"",""savanna"","""",3,NA,NA,"""","""",""Oliveira-Filhoetal2007"",21.6613444444444,1289,85.9177222222222,36.2378222222222,34.9484833333333,7.5,31.6388888888889,5.38888888888889,11.25,54.8611111111111,16.6666666666667,51.7222222222222"
"295,""Chamaecrista spinulosa"",""Neotropical"",""savanna"",""y"",3,NA,NA,"""","""",""Oliveira-Filhoetal2007"",20.025,1685,82.4204,57.5592,71.7603,8,35,7.5,17.5,50,16,48.5"
"296,""Chamaecrista scleroxylon"",""Neotropical"",""forest"",""n"",30,NA,0.955,"""",""Zanneetal2009"",""FloradoBrasil"",26.033325,1943,70.0721,27.55415,17.4449,8.5,31.75,2.125,12.875,46.25,15.125,53.375"
"297,""Chamaecrista machaeriifolia"",""Neotropical"",""forest"","""",4,NA,NA,"""","""",""Oliveira-Filhoetal2007"",21.06455,1533.5,83.06215,26.7813,23.1945,7.5,34.75,5.5,8.5,54,16.75,48.75"
"298,""Chamaecrista cytisoides"",""Neotropical"",""savanna"",""n"",4,NA,NA,"""","""",""Oliveira-Filhoetal2007"",20.8286733333333,1045.54666666667,65.392012,12.5920666666667,23.1726310666667,11.44,31.3333333333333,6.26666666666667,14.28,56.26,16.2533333333333,52.4466666666667"
"299,""Chamaecrista apoucouita"",""Neotropical"",""forest"",""n"",NA,NA,0.92355,"""",""Zanneetal2009"","""",26.55625,2131,44.82525,311.2428,10.20135,9.75,30.25,4.25,21.5,44,27.5,42.25"
"300,""Chamaecrista adiantifolia"",""Neotropical"",""forest"",""n"",NA,NA,0.8319,"""",""Zanneetal2009"","""",26.0375142857143,2721.42857142857,33.2862714285714,91.1971285714286,11.4120857142857,10,31.3571428571429,2.92857142857143,33,45.7857142857143,23.4285714285714,45.2857142857143"
"301,""Chamaecrista glischrodes"",""Neotropical"",""savanna"",""n"",4,NA,NA,"""","""",""Oliveira-Filhoetal2007"",18.0333,1550,85.793,48.6962,45.3265,11.5,38,7.5,17.5,53,15.5,47"
"302,""Chamaecrista ensiformis"",""Neotropical"",""savanna"","""",20,NA,NA,"""","""",""Oliveira-Filhoetal2007"",23.6963192307692,1333.34615384615,59.8614423076923,24.5091807692308,22.2718538461538,11.4423076923077,32.6730769230769,5.19230769230769,18.3653846153846,54.6346153846154,18.3653846153846,48.8846153846154"
"303,""Chamaecrista multiseta"",""Neotropical"",""savanna"",""n"",5,NA,NA,"""","""",""Oliveira-Filhoetal2007"",21.9402833333333,1542.5,81.2167666666667,47.36685,29.3792333333333,7.1,35.5,3.8,10.5,53,15.5,49"
"304,""Hymenaea stigonocarpa"",""Neotropical"",""savanna"",""n"",12,7.593485294,0.569333333,""Batalaetal2011/Cianciarusoetal2013"",""Abeetal2018/Batalaetal2011/Haoetal2008"",""Oliveira-Filhoetal2007"",22.8845517241379,1295.1724137931,75.8173965517241,32.1751120689655,31.6588155172414,8.12931034482759,30.3103448275862,3.77586206896552,11.0086206896552,55.301724137931,16.5689655172414,53.198275862069"
"305,""Hymenaea verrucosa"",""Afrotropical"",""forest"",""n"",40,NA,0.73185,"""",""Zanneetal2009"",""CJB"",24.2662911111111,1877.13333333333,67.7221488888889,12.59266,21.1490622222222,18.1590909090909,27.4090909090909,5.31818181818182,22.375,57.3409090909091,16.0340909090909,56.4659090909091"
"306,""Hymenaea intermedia"",""Neotropical"",""forest"",""n"",40,NA,0.82,"""",""Zanneetal2009"",""FloradoBrasil"",26.43334,2502.4,37.03828,0,0,8.8,29.5,2.5,22.9,43.6,25,45.5"
"307,""Hymenaea oblongifolia"",""Neotropical"",""forest"",""n"",NA,NA,0.736666667,"""",""Zanneetal2009"","""",26.1419266666667,2758.6,42.8157,9.53561333333333,7.38564,12.6666666666667,30.9666666666667,6.86666666666667,34.5666666666667,49.2666666666667,23.3333333333333,45.7"
"308,""Hymenaea eriogyne"",""Neotropical"",""savanna"",""n"",8,NA,NA,"""","""",""Oliveira-Filhoetal2007"",24.447915,946.6,87.74474,18.874145,24.469445,7.65,24.625,5.175,7.5,58.175,16.025,59.35"
"309,""Hymenaea courbaril"",""Neotropical"",""forest"",""n"",35,21.41010277,0.621367735,""Dantasetal2013/Markesteijn&Poorter2009/Markesteijnetal2011"",""Dantasetal2013/Markesteijnetal2011/Zanneetal2009"",""Oliveira-Filhoetal2007"",23.959628440367,1520.93119266055,75.6018201834862,23.6847532110092,21.8496257990868,14.0393518518519,33.0810185185185,8.18287037037037,16.0972222222222,56.0671296296296,20.6134259259259,46.3449074074074"
"310,""Hymenaea martiana"",""Neotropical"",""forest"",""n"",30,NA,0.6925,"""",""Haoetal2008/Zanneetal2009"",""Oliveira-Filhoetal2007"",23.8901857142857,1132.14285714286,77.1765071428571,32.6766607142857,25.8077178571429,8.85185185185185,28.037037037037,4,9.33333333333333,56.4814814814815,17.6851851851852,54.2407407407407"
"311,""Hymenaea parvifolia"",""Neotropical"",""forest"",""n"",NA,NA,0.877333333,"""",""Zanneetal2009"","""",25.5993692307692,2033.07692307692,65.7788230769231,20.6410846153846,12.5781230769231,10.1923076923077,33.6923076923077,3.80769230769231,16.2307692307692,48.5769230769231,21.3846153846154,44.8461538461538"
"312,""Hymenaea maranhensis"",""Neotropical"",""savanna"",""n"",6,NA,NA,"""","""",""Oliveira-Filhoetal2007"",25.7125,708,101.921,55.6024,31.1536,6.5,20,6,6.5,53,15.5,64"
"313,""Hymenaea velutina"",""Neotropical"",""savanna"",""n"",6,NA,NA,"""","""",""Oliveira-Filhoetal2007"",25.94235,833.333333333333,96.4417416666667,21.0158583333333,32.810075,8.125,21.6666666666667,6.125,6.29166666666667,58.4583333333333,16.4166666666667,62.0416666666667"
"314,""Stemonocoleus micranthus"",""Afrotropical"",""forest"",""n"",45,NA,0.580893798,"""",""Zanneetal2009"",""CJB"",24.98082,1642.6,58.91306,5.3665,19.409,9.1,33.7,16.8,12.5,49.7,17.8,48.6"
"315,""Stryphnodendron pulcherrimum"",""Neotropical"",""forest"","""",NA,NA,0.475,"""",""Zanneetal2009"","""",24.8666625,1783.70833333333,54.7165083333333,26.0246208333333,17.9608916666667,10.2916666666667,30.1041666666667,3.8125,18.8333333333333,51.0416666666667,20.2708333333333,49.5208333333333"
"316,""Stryphnodendron racemiferum"",""Neotropical"",""forest"","""",NA,NA,0.752,"""",""Zanneetal2009"","""",26.5680333333333,2297,46.5343666666667,1.65403333333333,6.93333333333333,7.16666666666667,38.3333333333333,2.83333333333333,18.1666666666667,44.3333333333333,20.6666666666667,41"
"317,""Stryphnodendron rotundifolium"",""Neotropical"",""savanna"","""",NA,12.1016,0.6,""DantasandBatala2012"",""Miato2011"","""",23.3310681818182,1360.5,74.7289045454545,45.3760318181818,33.5020727272727,7.90909090909091,30.8181818181818,3.45454545454545,11.5454545454545,53.3863636363636,16.0681818181818,53.0681818181818"
"318,""Stryphnodendron polyphyllum"",""Neotropical"",""savanna"","""",12,11.9105,NA,""Cianciarusoetal2013/Miatto&Batala2016"","""",""Oliveira-Filhoetal2007"",21.7404352941176,1432.82352941176,78.5902529411765,33.3703058823529,23.3524235294118,8.14705882352941,36.6764705882353,3.5,13.6764705882353,53.2058823529412,15.6176470588235,47.5294117647059"
"319,""Stryphnodendron polystachyum"",""Neotropical"",""forest"","""",NA,NA,0.462905,"""",""Zanneetal2009"","""",22.8083,2041,56.7046,0,0,12,35,15,34,49.5,25.5,40"
"320,""Stryphnodendron adstringens"",""Neotropical"",""savanna"",""n"",6,8.170696445,0.497966667,""Batalaetal2011/Cianciarusoetal2013/DantasandBatala2012"",""Batalaetal2011/Miato2011/Ribeiroetal2011/Valetal2010"",""Oliveira-Filhoetal2007"",20.6581,1405.88571428571,71.7120171428571,28.8864428571429,24.1579705714286,9.3,37.1142857142857,4.25714285714286,15.5428571428571,53.5142857142857,16.8714285714286,46.0428571428571"
"321,""Stryphnodendron guianense"",""Neotropical"",""forest"","""",NA,NA,0.5675,"""",""Zanneetal2009"","""",25.5113142857143,1981.42857142857,56.6327571428571,33.6658142857143,9.6728,10.7142857142857,31.9285714285714,2.35714285714286,15.0714285714286,49.2142857142857,27.2142857142857,40.7857142857143"
"322,""Stryphnodendron coriaceum"",""Neotropical"",""savanna"","""",6,NA,NA,"""","""",""Oliveira-Filhoetal2007"",24.8340333333333,1388.83333333333,88.8475666666667,49.5066833333333,41.60795,6.16666666666667,23.4166666666667,3.16666666666667,8.33333333333333,53.6666666666667,15.8333333333333,60.6666666666667"
"323,""Stryphnodendron paniculatum"",""Neotropical"",""forest"","""",NA,NA,0.6536991,"""",""Zanneetal2009"","""",26.1792,2571,33.1046,0,0,12.5,31.5,0.5,27.5,43.5,28,40"
"324,""Piptadenia gonoacantha"",""Neotropical"",""forest"","""",20,NA,0.68,"""",""Zanneetal2009"",""Oliveira-Filhoetal2007"",21.4893689655172,1490.62068965517,56.2443275862069,24.0079172413793,18.0614793103448,11.2758620689655,34.3620689655172,3.98275862068966,15.8275862068966,54.2931034482759,18.2413793103448,47.2586206896552"
"325,""Piptadenia viridiflora"",""Neotropical"",""forest"","""",NA,NA,0.73,"""",""Zanneetal2009"","""",24.2265285714286,882.918367346939,81.1681959183673,20.74882,25.743318,13.1224489795918,29.0510204081633,8.36734693877551,11.0102040816327,61.530612244898,19.7142857142857,51.1326530612245"
"326,""Haplormosia monophylla"",""Afrotropical"",""forest"",""n"",35,NA,0.782711413,"""",""Zanneetal2009"",""CJB"",25.58499,1889.3,73.68124,9.03418,8.89209,13.5,27.8,16.4,59.7,51.6,18.8,53.3"
"327,""Hymenolobium petraeum"",""Neotropical"",""forest"",""n"",NA,NA,0.7125,"""",""Zanneetal2009"","""",26.0125,1634,72.2957666666667,31.7939333333333,15.7680333333333,12.6666666666667,25.6666666666667,5.83333333333333,20.5,53.6666666666667,24,50.1666666666667"
"329,""Hymenolobium modestum"",""Neotropical"",""forest"",""n"",NA,NA,0.670655305,"""",""Zanneetal2009"","""",26.1222333333333,2199.5,62.9759166666667,5.46433333333333,6.97666666666667,7.58333333333333,36.25,2.16666666666667,12.8333333333333,45.4166666666667,19.75,44.0833333333333"
"330,""Hymenolobium nitidum"",""Neotropical"",""forest"",""n"",NA,NA,0.55,"""",""Zanneetal2009"","""",25.5153,2278,60.2258,56.9943666666667,22.7914666666667,8,33.5,3.83333333333333,19.3333333333333,49.8333333333333,20.8333333333333,46"
"331,""Hymenolobium excelsum"",""Neotropical"",""forest"",""n"",NA,NA,0.65,"""",""Zanneetal2009"","""",23.225,1921,52.9564,15.596,22.1875,14.25,28.5,5,18.5,56.25,30.5,41"
"332,""Andira anthelmia"",""Neotropical"",""forest"",""n"",25,NA,NA,"""","""",""Oliveira-Filhoetal2007"",23.29065,1214,45.80945,4.471675,9.64,11.75,33,4,13.75,55,17.125,50.125"
"333,""Andira parviflora"",""Neotropical"",""forest"",""n"",NA,NA,0.716666667,"""",""Zanneetal2009"","""",26.5083,2317,45.866,0.9917,8.8,7.5,37,3,22.5,43.5,20.5,42"
"334,""Andira unifoliolata"",""Neotropical"",""forest"",""n"",NA,NA,0.76,"""",""Zanneetal2009"","""",26.6458,2434.5,40.7597,0.49675,10.95,10,34.25,3,25,45.75,34,32"
"335,""Andira vermifuga"",""Neotropical"",""savanna"",""n"",15,NA,NA,"""","""",""Oliveira-Filhoetal2007"",24.1454636363636,1413,78.7070545454545,28.5304727272727,24.7788181818182,7.95454545454545,29.3636363636364,3.59090909090909,13.1818181818182,55.6363636363636,18.7272727272727,52.0454545454545"
"336,""Andira fraxinifolia"",""Neotropical"",""forest"",""n"",12,NA,NA,"""","""",""Oliveira-Filhoetal2007"",22.29408,1468.24444444444,57.6581733333333,16.5787826086957,17.9006565217391,13.7093023255814,31.5697674418605,4.09302325581395,20.7790697674419,54.5,17.7558139534884,50.6976744186046"
"337,""Andira humilis"",""Neotropical"",""savanna"",""n"",NA,11.4,NA,""Cianciarusoetal2013"","""","""",22.1617047619048,1168.14285714286,76.3921857142857,26.1159142857143,29.2514619047619,9.90476190476191,30.2619047619048,5.40476190476191,13.8095238095238,57.2857142857143,16.0952380952381,53.6428571428571"
"338,""Andira surinamensis"",""Neotropical"",""forest"","""",40,NA,0.7047675,"""",""Zanneetal2009"",""Oliveira-Filhoetal2007"",26.41725,2152.57142857143,61.9632642857143,31.0220846153846,27.7949692307692,11.4090909090909,31.1363636363636,6.68181818181818,17.9090909090909,51.5454545454545,21.0909090909091,47.7727272727273"
"339,""Andira micrantha"",""Neotropical"",""forest"",""n"",NA,NA,1,"""",""Zanneetal2009"","""",26.3583,2404,41.0128,6.44665,9.80415,7.75,40,2,19.5,44.25,18.75,40.75"
"340,""Andira inermis"",""Neotropical"",""forest"",""n"",35,NA,NA,"""","""",""Oliveira-Filhoetal2007"",25.0349555555556,1715.81746031746,77.5400142857143,42.4637549180328,20.2472553225806,19.9545454545455,34.7644628099174,12.9710743801653,19.7727272727273,60.0495867768595,24.8388429752066,40.3884297520661"
"341,""Andira cujabensis"",""Neotropical"",""forest"",""n"",NA,12.553,NA,""Miatto&Batala2016"","""","""",24.4428333333333,1614.33333333333,79.2514222222222,45.6898388888889,33.0173355555556,6.35294117647059,27.9705882352941,2.70588235294118,11.3823529411765,53.8529411764706,17.8235294117647,54.0882352941176"
"342,""Tachigali aurea"",""Neotropical"",""savanna"","""",NA,7.287090539,0.414,""Batalaetal2011/Cianciarusoetal2013"",""Batalaetal2011"","""",22.8471485714286,1317.6,83.14846,38.43646,28.9440494285714,7.3,29.7142857142857,3.51428571428571,11.0285714285714,54.3142857142857,17.3857142857143,52.8428571428571"
"343,""Tachigali chrysophylla"",""Neotropical"",""forest"","""",NA,NA,0.54054581,"""",""Zanneetal2009"","""",24.451025,2026.25,73.31545,20.3803,32.69475,12.125,30.75,8.5,20.875,54.125,23.5,45.875"
"344,""Tachigali guianensis"",""Neotropical"",""forest"","""",NA,NA,0.625,"""",""Zanneetal2009"","""",25.7143666666667,2020.33333333333,58.7554222222222,10.9362666666667,9.54956333333333,13.5833333333333,30.8333333333333,9.08333333333333,21.9166666666667,51.9166666666667,27.5,41.9166666666667"
"345,""Tachigali peruviana"",""Neotropical"",""forest"","""",NA,NA,0.763,"""",""Zanneetal2009"","""",23.7640391304348,1462.86956521739,79.896052173913,45.6789239130435,32.545452173913,6.8695652173913,28.8478260869565,3.59782608695652,10.445652173913,53.3695652173913,17.4565217391304,53.6847826086956"
"346,""Tachigali micrantha"",""Neotropical"",""forest"","""",NA,NA,0.41,"""",""Zanneetal2009"","""",19.3792,823,49.7513,0,0,26,33,13,80.5,54,28,39"
"347,""Tachigali setifera"",""Neotropical"",""forest"","""",NA,NA,0.67,"""",""Zanneetal2009"","""",25.7339285714286,2259.28571428571,46.9853285714286,6.66921428571429,10.2804714285714,9.83333333333333,34.4166666666667,1.58333333333333,16.9166666666667,47,24.3333333333333,41.1666666666667"
"348,""Tachigali hypoleuca"",""Neotropical"",""forest"","""",NA,NA,0.71,"""",""Zanneetal2009"","""",26.5083,2317,45.866,0.9917,8.8,7.5,36.5,3.5,20,43,20.5,43.5"
"349,""Sindoropsis letestui"",""Afrotropical"",""forest"",""n"",15,NA,0.640158364,"""",""Zanneetal2009"",""CJB"",24.813025,2024.25,70.2876,0,0,11.4375,37.4375,13.375,26.8125,47.25,17,45.5"
"350,""Brachystegia cynometroides"",""Afrotropical"",""forest"",""n"",50,NA,0.568572455,"""",""Zanneetal2009"",""JStorPlants"",26.00415,2607.5,64.27255,0.49705,3.35,7.5,29,18.5,16.25,49.25,16,55"
"351,""Brachystegia leonensis"",""Afrotropical"",""forest"",""n"",53,NA,0.492234823,"""",""Zanneetal2009"",""JStorPlants"",25.99418,2588.2,65.92132,13.69144,8.22522,10.4,28.7,22.6,14,50.9,19.6,51.6"
"352,""Brachystegia laurentii"",""Afrotropical"",""forest"",""n"",46,NA,0.499687188,"""",""Zanneetal2009"",""JStorPlants"",24.17865,1698.625,54.9925125,26.1923,8.8959375,7.9375,30.75,7.25,14.1875,48.6875,12.75,56.5"
"353,""Brachystegia mildbraedii"",""Afrotropical"",""forest"",""n"",35,NA,0.508604237,"""",""Zanneetal2009"",""CJB"",25.7479125,2193.625,66.9066125,9.810625,7.6401,9.57142857142857,36.7857142857143,16.7142857142857,19.2142857142857,49.5,16.8571428571429,46.5714285714286"
"354,""Brachystegia spiciformis"",""Afrotropical"",""forest"",""n"",25,57.1,NA,""Vyniaetal2012"","""",""JStorPlants"",21.7193551020408,1057.47619047619,95.3506714285714,56.2634108843537,23.2416455782313,8.88095238095238,27.3571428571429,8.52380952380952,10.3843537414966,58.0068027210884,11.7687074829932,60.8945578231293"
"355,""Brachystegia utilis"",""Afrotropical"",""savanna"",""n"",20,NA,0.598,"""",""Abbotetal1997"",""JStorPlants"",22.6004769230769,1150.61538461538,97.4957730769231,69.3085576923077,23.9353807692308,8.5,26.3846153846154,9.98076923076923,9.03846153846154,57.9038461538462,11.6346153846154,61.9423076923077"
"356,""Brachystegia boehmii"",""Afrotropical"",""forest"",""n"",21,53.1,NA,""Vyniaetal2012"","""",""JStorPlants"",22.5286846153846,1120.92307692308,98.5234833333333,73.9827820512821,26.0680282051282,8.88461538461539,27.2948717948718,9.25,9.42948717948718,58.8461538461538,11.9807692307692,60.7692307692308"
"357,""Brachystegia nigerica"",""Afrotropical"",""forest"",""n"",37,NA,0.57687,"""",""Zanneetal2009"",""JStorPlants"",24.8792,1396,67.4959,30.783,11.6161,8.5,28,15.5,12,56.5,18.5,53.5"
"358,""Peltogyne maranhensis"",""Neotropical"",""forest"",""n"",NA,NA,0.69,"""",""Zanneetal2009"","""",25.5333,2067,77.7624,0,0,6.5,23.5,1.5,27,50,13,63.5"
"359,""Peltogyne subsessilis"",""Neotropical"",""forest"",""n"",NA,NA,0.76,"""",""Zanneetal2009"","""",25.5333,2067,77.7624,0,0,6.5,23.5,1.5,27,50,13,63.5"
"360,""Peltogyne catingae"",""Neotropical"",""forest"",""n"",NA,NA,0.813333333,"""",""Zanneetal2009"","""",26.5083,2317,45.866,0.9917,8.8,7.5,36.5,3.5,20,43,20.5,43.5"
"361,""Peltogyne venosa"",""Neotropical"",""forest"",""n"",NA,NA,0.765,"""",""Zanneetal2009"","""",25.3166666666667,2020.25,54.4803083333333,25.261825,9.85685,10.3636363636364,31.8181818181818,4.31818181818182,23.7272727272727,48.4090909090909,22.2727272727273,45.8181818181818"
"362,""Peltogyne paradoxa"",""Neotropical"",""forest"",""n"",NA,NA,0.83,"""",""Zanneetal2009"","""",25.9,2113,78.4705,56.6067,25.4474,11.5,28.5,0,19,48.5,17,54.5"
"363,""Peltogyne lecointei"",""Neotropical"",""forest"",""n"",NA,NA,0.763333333,"""",""Zanneetal2009"","""",25.9,2113,78.4705,56.6067,25.4474,11.5,28.5,0,19,48.5,17,54.5"
"364,""Peltogyne heterophylla"",""Neotropical"",""forest"",""n"",NA,NA,0.87,"""",""Zanneetal2009"","""",25.3292,2322,69.3405,12.9272,25.1538,7,37.5,1.5,11.5,43,23.5,39"
"365,""Tetraberlinia tubmaniana"",""Afrotropical"",""forest"","""",42,NA,0.594457679,"""",""Zanneetal2009"",""CJB"",25.28265,3064.33333333333,57.5295,3.641,2.05758333333333,8.08333333333333,33,21.6666666666667,21.8333333333333,47.5833333333333,15,52.0833333333333"
"366,""Tetraberlinia bifoliolata"",""Afrotropical"",""forest"","""",50,NA,0.54441023,"""",""Zanneetal2009"",""CJB"",24.3576086956522,2001,69.1769434782609,2.84866086956522,5.48921913043478,13.7173913043478,37.4130434782609,10.804347826087,38.6521739130435,48.3913043478261,17.1304347826087,45.5"
"367,""Hylodendron gabunense"",""Afrotropical"",""forest"",""y"",NA,NA,0.786872647,"""",""Zanneetal2009"","""",24.33294,1900.4,68.72811,3.67329,6.43407,11.35,38.05,13.7,23.55,49.75,14.55,47.5"
"368,""Peltophorum africanum"",""Afrotropical"",""savanna"",""n"",14,7.959152536,0.851690454,""Higginsetal2012/Plasetal2012/Zizkaetal2014"",""Higginsetal2012/Plasetal2012"",""JStorPlants"",21.3849263157895,700.276315789474,87.94255,36.2735039473684,30.7893276315789,12.2133333333333,25.9666666666667,7.53333333333333,8.66666666666667,64.2666666666667,13.86,60.1866666666667"
"369,""Peltophorum dubium"",""Neotropical"",""forest"",""n"",15,NA,0.745,"""",""Zanneetal2009"",""FloradoBrasil"",21.7069395833333,1362.14583333333,51.2942554166667,13.9089583333333,18.2550810416667,12.468085106383,34.3936170212766,4.40425531914894,18.7340425531915,55.563829787234,19.9255319148936,45.7127659574468"
"370,""Amphimas ferrugineus"",""Afrotropical"",""forest"","""",NA,NA,0.672506056,"""",""Zanneetal2009"","""",26.2542,2007,71.5769,8.9451,14.7667,15,28.5,9,27,51.5,18.5,53"
"371,""Amphimas pterocarpoides"",""Afrotropical"",""forest"",""n"",46,12,0.617465928,""Meiretal2007"",""Zanneetal2009"",""JStorPlants"",24.9978047619048,1904.66666666667,62.5843238095238,26.9165333333333,12.7052223809524,13.2380952380952,33.6666666666667,15.7619047619048,17.1190476190476,53.2142857142857,19.3333333333333,46.8809523809524"
"372,""Anadenanthera peregrina var. falcata"",""Neotropical"",""savanna"",""n"",15,8.770049312,NA,""Batalaetal2011/Cianciarusoetal2013"","""",""FloradoBrasil"",24.055637037037,1465.35185185185,66.7674888888889,24.1385980769231,23.3755792592593,11.0462962962963,32.3703703703704,4.62962962962963,16.3611111111111,54.8796296296296,19.5,48.1666666666667"
"373,""Anadenanthera colubrina"",""Neotropical"",""forest"",""n"",30,17.4,0.66875,""Markesteijn&Poorter2009/Markesteijnetal2011"",""Markesteijnetal2011/Zanneetal2009"",""Oliveira-Filhoetal2007"",23.2352658892128,975.075801749271,76.8337239067055,20.391310787172,23.198266180758,11.3161764705882,27.7220588235294,6.3,11.1191176470588,59.7514705882353,19.5985294117647,52.7220588235294"
"374,""Taralea oppositifolia"",""Neotropical"",""forest"","""",NA,NA,0.896666667,"""",""Zanneetal2009"","""",25.7584633333333,2545.1,43.3715,6.53094333333333,11.1299143333333,10.6851851851852,30.5925925925926,4.57407407407407,36.1851851851852,46.8703703703704,23.962962962963,45.4814814814815"
"375,""Scorodophloeus zenkeri"",""Afrotropical"",""forest"",""n"",40,NA,0.723595224,"""",""Zanneetal2009"",""CJB"",24.3358806451613,1785.54838709677,61.5241290322581,4.13220967741935,4.76346774193548,9.90322580645161,37.4193548387097,8.85483870967742,23.0806451612903,47.3387096774194,15.2903225806452,47.3387096774194"
"376,""Pseudopiptadenia suaveolens"",""Neotropical"",""forest"",""n"",40,NA,0.679712857,"""",""Zanneetal2009"",""FloradoBrasil"",25.5419533333333,2115.4,54.16256,20.3437133333333,13.6459533333333,10.2,32.0333333333333,4.63333333333333,20.9,47.6333333333333,24.6333333333333,43.3333333333333"
"377,""Bauhinia bombaciflora"",""Neotropical"",""savanna"",""n"",7,NA,NA,"""","""",""Oliveira-Filhoetal2007"",25.4031,1761.75,70.45035,21.829875,22.27525,6.125,29.75,5,10,52.25,17.5,52.75"
"378,""Bauhinia acuruana"",""Neotropical"",""savanna"",""n"",4,NA,NA,"""","""",""Oliveira-Filhoetal2007"",23.0179771428571,849.828571428571,75.1221342857143,13.4853028571429,25.107002,10.6142857142857,26.7714285714286,5.78571428571429,9.58571428571429,59.2,16.0285714285714,57.1428571428571"
"379,""Bauhinia ungulata"",""Neotropical"",""forest"",""n"",7,NA,NA,"""","""",""Oliveira-Filhoetal2007"",25.3089525714286,1434.55428571429,91.804188,55.4250401129944,28.2183993785311,18.4517045454545,34.6761363636364,12.46875,14.3920454545455,61.0113636363636,21.7869318181818,43.5653409090909"
"380,""Bauhinia pulchella"",""Neotropical"",""savanna"",""n"",4,NA,NA,"""","""",""Oliveira-Filhoetal2007"",23.5620272727273,1399.63636363636,82.662975,25.1309772727273,29.3417340909091,9.20454545454546,32.0681818181818,5.72727272727273,11.7954545454545,53.9204545454545,19.0681818181818,48.875"
"381,""Bauhinia longifolia"",""Neotropical"",""forest"",""n"",10,NA,NA,"""","""",""Oliveira-Filhoetal2007"",21.3105222222222,1404.19444444444,59.4246311111111,19.8705571428571,21.6276333333333,10.8088235294118,36.4852941176471,3.61764705882353,16,53.7647058823529,18.3823529411765,45.1029411764706"
"382,""Bauhinia dubia"",""Neotropical"",""savanna"",""n"",4,NA,NA,"""","""",""Oliveira-Filhoetal2007"",25.19165,1761,80.50345,104.33565,36.1048,6.5,27.5,1.75,8.25,49.25,13,59.75"
"383,""Bauhinia tarapotensis"",""Neotropical"",""forest"",""n"",NA,NA,0.6,"""",""Zanneetal2009"","""",24.40792,2644.1,37.96359,2.88126,9.5075,20.05,33.85,7.6,35.85,51.8,28.8,37.4"
"384,""Bauhinia mollis"",""Neotropical"",""forest"",""y"",5,NA,NA,"""","""",""Oliveira-Filhoetal2007"",23.5699428571429,1311.42857142857,68.4390071428572,29.4484857142857,23.4844071428571,9.46428571428571,29.7142857142857,4.89285714285714,11.3214285714286,56.8928571428571,21.3571428571429,49.1785714285714"
"385,""Bauhinia rufa"",""Neotropical"",""savanna"",""n"",NA,9.148075,0.5,""Cianciarusoetal2013/DantasandBatala2012/Miatto&Batala2016"",""Miato2011"","""",22.5089487804878,1465.24390243902,67.0274487804878,28.3732975609756,23.7344926829268,8.12195121951219,33.280487804878,3.54878048780488,15.5853658536585,53.280487804878,16.5609756097561,50.1463414634146"
"386,""Gliricidia sepium"",""Neotropical"",""forest"","""",NA,NA,0.585,"""",""Borchert1994/Zanneetal2009"","""",24.6897192857143,1405.70357142857,84.8086882142857,34.1390380782918,21.2419514539007,24.2071428571429,36.825,15.3285714285714,19.9875,64.3696428571429,23.55,39.65"
"387,""Ormocarpum trichocarpum"",""Afrotropical"",""savanna"",""n"",5,11.3155,0.827,""Plasetal2012/Zizkaetal2014"",""Plasetal2012"",""JStorPlants"",21.6846875,798.55,88.3661375,34.2393825,26.39247775,12.5512820512821,26.8974358974359,8.01282051282051,9.48717948717949,61.9358974358974,12.9615384615385,60.0897435897436"
"388,""Aphanocalyx heitzii"",""Afrotropical"",""forest"",""n"",45,NA,0.456897068,"""",""Zanneetal2009"",""CJB"",25.28638,2031.13333333333,70.8472333333333,47.3232,6.301096,13.7,32.4666666666667,12.2,40.8333333333333,48.6666666666667,19.1,48.5333333333333"
"389,""Bikinia pellegrinii"",""Afrotropical"",""forest"",""n"",50,NA,0.492885842,"""",""Zanneetal2009"",""CJB"",23.7546666666667,1848.66666666667,60.2238787878788,42.4685060606061,4.39402757575758,9.96969696969697,43.7424242424242,9.53030303030303,21.0454545454545,46.5151515151515,13.1212121212121,43.2424242424242"
"390,""Bikinia coriacea"",""Afrotropical"",""forest"",""n"",53,NA,0.515501107,"""",""Zanneetal2009"",""CJB"",24.5013666666667,2091,70.5072333333333,0.331466666666667,3.03333333333333,12.5,36.5,11.1666666666667,59.6666666666667,47.8333333333333,18.6666666666667,44.6666666666667"
"391,""Bikinia durandii"",""Afrotropical"",""forest"",""n"",60,NA,0.523655184,"""",""Zanneetal2009"",""CJB"",25.2134222222222,2162.88888888889,70.7214777777778,0,0,12.2222222222222,35.2222222222222,14.2222222222222,51.2777777777778,47,18.6666666666667,46"
"392,""Piscidia carthagenensis"",""Neotropical"",""forest"","""",NA,NA,0.8,"""",""Zanneetal2009"","""",25.7804564102564,1207.38461538462,100.889682051282,50.3335868421053,26.6420264102564,24.025641025641,37.2820512820513,17.6794871794872,13.4358974358974,66.025641025641,24.8589743589744,37.9230769230769"
"393,""Cryptosepalum staudtii"",""Afrotropical"",""forest"",""n"",18,NA,0.752609482,"""",""Zanneetal2009"",""CJB"",24.8055666666667,2028.33333333333,62.5523,1.65716666666667,4.28,14.6666666666667,43.3333333333333,11.1666666666667,15.5,49.8333333333333,13.1666666666667,43.5"
"394,""Senna trachypus"",""Neotropical"",""savanna"",""n"",4,NA,NA,"""","""",""Oliveira-Filhoetal2007"",24.6598740740741,803.185185185185,99.3932592592593,17.8196037037037,21.3205433333333,10.1111111111111,23.9074074074074,7.2037037037037,6.72222222222222,60.3148148148148,18.8518518518519,57.1666666666667"
"395,""Senna alata"",""Neotropical"",""savanna"",""n"",8,NA,NA,"""","""",""Oliveira-Filhoetal2007"",24.5360784688995,1462.30622009569,78.6094684210526,25.2874296116505,16.8475414423077,17.8975609756098,33.090243902439,12.2487804878049,17.1853658536585,61.4609756097561,21.1853658536585,45.7"
"396,""Senna velutina"",""Neotropical"",""savanna"",""n"",3,NA,NA,"""","""",""Oliveira-Filhoetal2007"",24.4749956521739,1427.13043478261,75.5952652173913,55.7546956521739,35.7502347826087,6.95652173913043,28.4782608695652,2.97826086956522,9.84782608695652,53.9130434782609,17.1739130434783,54.2826086956522"
"397,""Senna acuruensis"",""Neotropical"",""savanna"",""n"",5,NA,NA,"""","""",""Oliveira-Filhoetal2007"",23.2905631578947,709.473684210526,70.2221368421053,10.0359105263158,28.2868210526316,11.7894736842105,26.7368421052632,6.63157894736842,7.60526315789474,62.1578947368421,17.2368421052632,55.9736842105263"
"398,""Senna multijuga"",""Neotropical"",""forest"","""",40,NA,0.582045,"""",""Zanneetal2009"",""Oliveira-Filhoetal2007"",22.5508264150943,1963.99056603774,50.8960783018868,19.9430188679245,17.2895896226415,15.9326923076923,36.0192307692308,7.10096153846154,22.2740384615385,53.8509615384615,22.3221153846154,41.6826923076923"
"399,""Senna reticulata"",""Neotropical"",""forest"",""n"",NA,NA,0.45,"""",""Zanneetal2009"","""",25.4630679012346,2307.04938271605,61.5424518518519,18.6877283950617,18.3260435802469,20.9430379746835,34.0189873417722,8.93037974683544,29.2658227848101,55.5569620253165,26.6645569620253,39.3607594936709"
"400,""Senna reniformis"",""Neotropical"",""forest"",""n"",5,NA,NA,"""","""",""Oliveira-Filhoetal2007"",19.4289125,1332.25,80.10439375,21.73361875,32.87101875,10.84375,36.0625,5.5,23.71875,52.09375,15.96875,48.125"
"401,""Senna spectabilis"",""Neotropical"",""savanna"",""n"",7,NA,NA,"""","""",""Oliveira-Filhoetal2007"",21.4368361016949,1101.27288135593,76.3045818644068,18.8211492359932,16.7925880475382,14.0205128205128,33.7358974358974,8.8008547008547,13.2581196581197,58.7470085470085,16.7598290598291,49.5008547008547"
"402,""Senna chrysocarpa"",""Neotropical"",""savanna"",""n"",NA,12.9,NA,""Cianciarusoetal2013"","""","""",25.1302733333333,1679.46666666667,63.8063733333333,24.4994,17.6284933333333,12,30.9333333333333,6,11.8666666666667,54.9666666666667,19.3333333333333,49.9"
"403,""Senna georgica"",""Neotropical"",""forest"",""n"",6,NA,NA,"""","""",""Oliveira-Filhoetal2007"",24.7452380952381,1507.42857142857,73.1062238095238,18.9702476190476,17.6490047619048,9.2,29.6,4.9,11.025,54.4,19.275,51.15"
"404,""Senna petersiana"",""Afrotropical"",""savanna"",""n"",2,10.983,NA,""Zizkaetal2014"","""",""CJB"",23.4524677966102,1113.25423728814,91.2820440677966,38.7613948275862,21.8664674576271,12.3220338983051,27.3474576271186,7.43220338983051,11.7033898305085,59.6864406779661,13.4322033898305,59.228813559322"
"405,""Senna cana"",""Neotropical"",""savanna"",""n"",4,NA,NA,"""","""",""Oliveira-Filhoetal2007"",20.9757350877193,955.614035087719,65.8074649122807,17.3877929824561,23.766030877193,11.140350877193,31.5789473684211,6.14912280701754,12.3947368421053,56.5263157894737,15.8859649122807,52.4736842105263"
"406,""Senna macranthera"",""Neotropical"",""forest"",""n"",12,NA,NA,"""","""",""Oliveira-Filhoetal2007"",22.4820038216561,981.585987261146,73.1771140127389,10.7062299363057,22.852684522293,10.6656050955414,29.0636942675159,5.68471337579618,12.0732484076433,58.6687898089172,17.6433121019108,53.3184713375796"
"407,""Diptychandra aurantiaca"",""Neotropical"",""savanna"","""",7,14.7073882,0.5315,""Batalaetal2011/Cianciarusoetal2013"",""Abeetal2018/Batalaetal2011"",""Oliveira-Filhoetal2007"",24.3956210526316,1169.63157894737,75.6352578947368,29.3845421052632,23.2445,8.52631578947368,27.4473684210526,3.36842105263158,10.2105263157895,56.2105263157895,17.7894736842105,54.6315789473684"
"408,""Poincianella pluviosa"",""Neotropical"",""forest"","""",NA,28.66666667,0.61,""Markesteijn&Poorter2009/Markesteijnetal2011"",""Markesteijnetal2011"","""",23.1828796875,1004.15625,65.7156859375,25.8845446153846,23.4267410769231,13.5846153846154,30.7615384615385,6.14615384615385,13.5923076923077,60.1923076923077,20.3846153846154,48.8923076923077"
"409,""Schotia brachypetala"",""Afrotropical"",""savanna"",""n"",16,16.28,0.837,""Plasetal2012"",""Plasetal2012"",""JStorPlants"",21.0254428571429,705.392857142857,76.4517785714286,38.2633821428571,21.8416714285714,14.8571428571429,30.1071428571429,7.19642857142857,9.69642857142857,63.8035714285714,16.0892857142857,53.7142857142857"
"410,""Coursetia rostrata"",""Neotropical"",""savanna"","""",3,NA,NA,"""","""",""Oliveira-Filhoetal2007"",23.1295393939394,607.212121212121,83.0163727272727,8.90265151515151,18.736496969697,12.2424242424242,26.1666666666667,6.46969696969697,7.12121212121212,62.969696969697,17.6060606060606,56.1818181818182"
"411,""Oddoniodendron micranthum"",""Afrotropical"",""forest"",""n"",35,NA,0.918337268,"""",""Zanneetal2009"",""CJB"",23.825,1779.85714285714,63.9883357142857,9.43577857142857,4.51372857142857,9.89285714285714,39.5714285714286,10.0357142857143,22.7857142857143,47.3928571428571,14.0714285714286,46.2857142857143"
"412,""Ormosia nobilis"",""Neotropical"",""forest"","""",40,NA,0.612,"""",""Poorter2010/Zanneetal2009"",""Oliveira-Filhoetal2007"",25.725,2137.25,51.1377,23.24702,15.81416,11,34,6.125,23.75,49.25,29,36.875"
"413,""Enterolobium cyclocarpum"",""Neotropical"",""forest"","""",NA,NA,0.432857143,"""",""Borchert1994/Zanneetal2009"","""",24.6685870967742,1318.67741935484,95.1176294930876,42.6734792626728,23.8072055299539,23.2953488372093,36.8441860465116,17.0232558139535,16.6837209302326,64.4279069767442,25.0837209302326,38.0604651162791"
"414,""Enterolobium maximum"",""Neotropical"",""forest"","""",NA,NA,0.406666667,"""",""Zanneetal2009"","""",25.0111166666667,1873.83333333333,70.6195,33.9345833333333,23.7419666666667,9.16666666666667,33.0833333333333,3.5,12.75,49.25,22.5,44.3333333333333"
"415,""Enterolobium contortisiliquum"",""Neotropical"",""forest"",""n"",20,NA,0.41,"""",""Zanneetal2009"",""Oliveira-Filhoetal2007"",21.7940644067797,1133.47457627119,70.9256508474576,12.2935220338983,19.4756445762712,11.6465517241379,30.698275862069,4.87931034482759,13.4137931034483,57.2844827586207,20.4741379310345,48.8879310344828"
"416,""Pithecellobium dulce"",""Neotropical"",""forest"","""",NA,NA,0.636666667,"""",""Zanneetal2009"","""",23.7929993366501,936.616915422886,93.0839296849088,22.6449714049587,19.6117817405583,21.0420098846787,35.8780889621087,16.9242174629325,12.4522240527183,68.2932454695222,21.1128500823723,43.001647446458"
"417,""Enterolobium gummiferum"",""Neotropical"",""savanna"","""",15,14.9,NA,""Cianciarusoetal2013"","""",""Oliveira-Filhoetal2007"",20.0486,1203,77.3957333333333,26.5016666666667,40.4044,9.16666666666667,35.6666666666667,3.33333333333333,13.5,53.1666666666667,16.3333333333333,48"
"418,""Intsia bijuga"",""Afrotropical"",""forest"",""n"",40,NA,0.69,"""",""Zanneetal2009"",""JStorPlants"",24.0304333333333,1946.8,59.4019366666667,14.5543733333333,18.0291709677419,17.6290322580645,27.8870967741935,6.14516129032258,31.8709677419355,55.8548387096774,19.2741935483871,52.7903225806452"
"419,""Hymenostegia afzelii"",""Afrotropical"",""forest"","""",18,18.76172608,0.824107088,""Dominguesetal2010"",""Zanneetal2009"",""JStorPlants"",25.6345142857143,1480.78571428571,59.7436142857143,14.5480357142857,8.10580642857143,12.5357142857143,28.7857142857143,23.6428571428571,12.9642857142857,55.8214285714286,18.0714285714286,53.1428571428571"
"420,""Guibourtia arnoldiana"",""Afrotropical"",""forest"",""n"",30,NA,0.679123241,"""",""Zanneetal2009"",""CJB"",24.21455,1124,82.371,62.12835,28.15195,8.75,37.25,7,11,53.75,16,46.5"
"421,""Guibourtia demeusei"",""Afrotropical"",""forest"","""",40,NA,0.796017115,"""",""Zanneetal2009"",""JStorPlants"",25.4791636363636,1846.36363636364,57.8028363636364,10.2890909090909,7.50104363636364,11.5555555555556,33.7222222222222,10.7222222222222,32.2222222222222,50.6666666666667,18.0555555555556,48.2222222222222"
"422,""Guibourtia tessmannii"",""Afrotropical"",""forest"",""n"",65,NA,0.756909399,"""",""Zanneetal2009"",""CJB"",24.7432769230769,1784.38461538462,67.7900461538461,38.1688357142857,9.98704785714286,11.8928571428571,36.4285714285714,10.8214285714286,24.7142857142857,49.9642857142857,15.1071428571429,48.3928571428571"
"423,""Guibourtia pellegriniana"",""Afrotropical"",""forest"",""n"",30,NA,0.768975977,"""",""Zanneetal2009"",""CJB"",25.0652666666667,1939.66666666667,71.4212666666667,11.8164666666667,19.7474,12.8333333333333,35.1666666666667,6.5,42.5,50,17.1666666666667,47.3333333333333"
"424,""Guibourtia hymenaeifolia"",""Neotropical"",""forest"","""",NA,15.1,NA,""Markesteijn&Poorter2009/Markesteijnetal2011"","""","""",24.57708,1111.8,66.67896,16.30435,17.24002,14.5555555555556,28.6111111111111,4.61111111111111,10.3333333333333,60.1111111111111,18.8888888888889,52.6111111111111"
"425,""Guibourtia ehie"",""Afrotropical"",""forest"","""",46,NA,0.711705359,"""",""Zanneetal2009"",""JStorPlants"",25.3319611111111,2155.5,69.9410222222222,0.484177777777778,2.525,12.8823529411765,33.4411764705882,15.2647058823529,36.0294117647059,48.6764705882353,20.4411764705882,46.1764705882353"
"426,""Distemonanthus benthamianus"",""Afrotropical"",""forest"",""n"",40,NA,0.604570627,"""",""Zanneetal2009"",""JStorPlants"",25.471762962963,1864.2962962963,65.6847407407407,23.5744222222222,11.3855444444444,11,31.8148148148148,16.9814814814815,17.6111111111111,51.2222222222222,17.9444444444444,50.3888888888889"
"427,""Lecointea amazonica"",""Neotropical"",""forest"","""",NA,NA,0.893383333,"""",""Zanneetal2009"","""",25.7041666666667,3177.66666666667,54.6595,2.42831666666667,12.55375,25.6666666666667,36.6666666666667,10.1666666666667,39.3333333333333,54.4166666666667,27.5833333333333,35.75"
"428,""Vatairea paraensis"",""Neotropical"",""forest"",""n"",40,NA,0.71,"""",""Zanneetal2009"",""FloradoBrasil"",26.3458,2001.5,67.7492,5.4692,16.82725,18.5,36,7.5,23.5,50,26,38"
"429,""Vatairea sericea"",""Neotropical"",""forest"",""n"",40,NA,0.665,"""",""Zanneetal2009"",""FloradoBrasil"",26.4180333333333,2086,51.0187,10.2645666666667,11.43,7.66666666666667,34.8333333333333,2.66666666666667,20.5,43.3333333333333,27,38"
"430,""Vatairea guianensis"",""Neotropical"",""forest"",""n"",25,NA,0.672051429,"""",""Zanneetal2009"",""FloradoBrasil"",26.3614,2488.8,49.1207666666667,12.97174,20.761832,10.7,29.7,2.53333333333333,30.2,45.5333333333333,25.8666666666667,44.3666666666667"
"431,""Vataireopsis surinamensis"",""Neotropical"",""forest"","""",NA,NA,0.57,"""",""Zanneetal2009"","""",26.6875,2181,48.6543,0,0,9.5,42,3,9.5,45,18,40"
"432,""Vataireopsis speciosa"",""Neotropical"",""forest"",""n"",10,NA,0.65,"""",""Zanneetal2009"",""FloradoBrasil"",26.166675,2295.25,46.383225,6.203975,8.109275,15.25,33.5,4.375,25.75,48.125,17.625,49.25"
"433,""Dicymbe corymbosa"",""Neotropical"",""forest"",""n"",7,NA,0.75768,"""",""Zanneetal2009"",""FloradoBrasil"",23.4597333333333,2030.66666666667,63.3592333333333,0.3307,2,11.6666666666667,33,9.83333333333333,33.5,49.3333333333333,25.8333333333333,40.6666666666667"
"434,""Dicymbe altsonii"",""Neotropical"",""forest"","""",NA,NA,0.75768,"""",""Zanneetal2009"","""",26.2854,2260,54.83415,0.9931,5.825,10,31.25,9.25,22.25,48,23,46"
"435,""Didelotia brevipaniculata"",""Afrotropical"",""forest"",""n"",20,NA,0.552903277,"""",""Zanneetal2009"",""CJB"",25.10181875,2267.0625,66.0810125,119.22925625,5.830379375,12.40625,31.28125,12.6875,33.875,48.5,18.5,50.21875"
"436,""Didelotia africana"",""Afrotropical"",""forest"",""n"",36,NA,0.661502022,"""",""Zanneetal2009"",""CJB"",24.9848875,1766.375,66.90665,257.3474125,5.8712375,11.75,35.4375,11.75,30.8125,47.4375,16.5625,47.875"
"437,""Didelotia idae"",""Afrotropical"",""forest"",""n"",50,NA,0.55104,"""",""Zanneetal2009"",""CJB"",25.71615,2485.125,58.916,0.9621,8.5635375,8.375,30.3125,20.5625,19,47.9375,15.3125,54.375"
"438,""Geoffroea spinosa"",""Neotropical"",""forest"","""",NA,NA,0.75,"""",""Zanneetal2009"","""",24.591045,832,86.022395,10.95265,16.5488565,13.6,25.55,6.8,11.2,63.05,22.075,52.4"
"439,""Cynometra parvifolia"",""Neotropical"",""forest"","""",NA,NA,0.84,"""",""Zanneetal2009"","""",26.8667,2150,46.0048,0,0,5.5,30.5,0,15.5,44.5,19,50.5"
"440,""Cynometra alexandri"",""Afrotropical"",""forest"",""n"",50,NA,0.7442366,"""",""Zanneetal2009"",""JStorPlants"",22.1731444444444,1240.77777777778,38.1774888888889,14.5559666666667,15.2198,15.1111111111111,41.2222222222222,8.77777777777778,18.4444444444444,53.6666666666667,19.7222222222222,39.1666666666667"
"442,""Cynometra ananta"",""Afrotropical"",""forest"",""n"",36,NA,0.829949364,"""",""Zanneetal2009"",""CJB"",25.82865,2300.875,56.6756625,0.441811111111111,5.96111111111111,8.22222222222222,29.7777777777778,19.0555555555556,15.3333333333333,47.6111111111111,17.5555555555556,52.7777777777778"
"443,""Cynometra hankei"",""Afrotropical"",""forest"","""",46,NA,0.840577049,"""",""Zanneetal2009"",""JStorPlants"",25.1803,2199.45454545455,54.1864727272727,6.41064545454545,6.88674545454545,10.2727272727273,30.0454545454545,11.8636363636364,20.4090909090909,50,16.3636363636364,53.6818181818182"
"444,""Acosmium lentiscifolium"",""Neotropical"",""savanna"","""",26,NA,NA,"""","""",""Oliveira-Filhoetal2007"",23.2052,1105.5,52.7061,22.595175,22.858125,10.875,30.5,3.125,17.125,54.75,16.25,53.125"
"445,""Dussia discolor"",""Neotropical"",""forest"","""",NA,NA,0.550167924,"""",""Zanneetal2009"","""",24.525,2303,52.4996,0,0,10,44,17.5,15,46.5,22,34"
"446,""Dalbergia foliolosa"",""Neotropical"",""forest"","""",12,NA,NA,"""","""",""Oliveira-Filhoetal2007"",23.4351285714286,1603.57142857143,42.5826571428571,13.2080428571429,14.9030571428571,12.2857142857143,36.4285714285714,6.85714285714286,22.2142857142857,54.7142857142857,22.9285714285714,40.6428571428571"
"447,""Dalbergia baronii"",""Afrotropical"",""forest"","""",NA,NA,0.43911,"""",""Zanneetal2009"","""",23.5148016666667,2597.68333333333,49.001105,8.59484754098361,14.6835536065574,18.1083333333333,32.275,8.13333333333333,31.0833333333333,53.325,21.125,46.525"
"448,""Dalbergia densiflora"",""Neotropical"",""forest"","""",12,NA,NA,"""","""",""Oliveira-Filhoetal2007"",22.4083,1556,83.0164,94.2875,30.1116,9.5,37.5,2.5,13,54,17,46"
"449,""Dalbergia nigra"",""Neotropical"",""forest"","""",NA,NA,0.74875,"""",""Zanneetal2009"","""",21.9848875,1214.75,60.842925,7.94693125,19.25798125,9.65625,37.75,3.6875,13.25,53.65625,16.4375,45.84375"
"450,""Dalbergia decipularis"",""Neotropical"",""forest"","""",NA,NA,0.82,"""",""Zanneetal2009"","""",23.31,953.4,51.175,6.55702,36.51228,12.6,28.6,7,7.5,61.5,16.5,54.8"
"451,""Dalbergia elegans"",""Neotropical"",""forest"","""",20,NA,NA,"""","""",""Oliveira-Filhoetal2007"",23.4131,1116.28571428571,61.1789857142857,7.03608571428571,26.4088714285714,11.6428571428571,33.2142857142857,4.07142857142857,14.4285714285714,55.8571428571429,17.8571428571429,48.7142857142857"
"452,""Dalbergia obovata"",""Afrotropical"",""savanna"",""n"",5,NA,0.795,"""",""Plasetal2012"",""JStorPlants"",20.625668,982.2,54.85482,42.344532,21.4096332,12.04,29.12,5.82,14.2,58.46,16.2,54.62"
"453,""Dalbergia frutescens"",""Neotropical"",""forest"","""",NA,NA,0.69,"""",""Zanneetal2009"","""",19.7781183908046,1627.81609195402,36.2270777011494,7.34505402298851,12.2935209195402,13.8895348837209,39.8604651162791,4.53488372093023,26.3372093023256,53.2325581395349,22.1686046511628,38.0174418604651"
"454,""Dalbergia cearensis"",""Neotropical"",""forest"","""",NA,NA,0.863333333,"""",""Zanneetal2009"","""",24.66833,658.3,88.803055,9.6861,29.09292,9.975,23.875,5.725,6.15,61.7,17.35,58.7"
"455,""Dalbergia acuta"",""Neotropical"",""savanna"","""",3,NA,NA,"""","""",""Oliveira-Filhoetal2007"",21.8833333333333,864.333333333333,83.7336666666667,18.8723333333333,34.6782,8.16666666666667,29,4.83333333333333,8.66666666666667,57.8333333333333,15,55.6666666666667"
"456,""Dalbergia miscolobium"",""Neotropical"",""savanna"","""",10,10.92905,0.6,""Cianciarusoetal2013/DantasandBatala2012/Miatto&Batala2016"",""Miato2011/Valetal2010"",""Oliveira-Filhoetal2007"",20.8194393939394,1246.06060606061,76.1624151515151,23.6509818181818,26.5764151515151,9.15151515151515,33.1060606060606,4.95454545454545,12.9090909090909,55.1363636363636,16.3030303030303,50.6818181818182"
"457,""Lonchocarpus macrocarpus"",""Neotropical"",""forest"","""",NA,NA,0.75,"""",""Zanneetal2009"","""",26.7777666666667,1768,90.6444333333333,82.8702333333333,27.7350333333333,29.8333333333333,32.8333333333333,15.3333333333333,20.5,60.8333333333333,31.1666666666667,36.3333333333333"
"458,""Philenoptera violacea"",""Afrotropical"",""savanna"",""n"",27,6.491,NA,""Zizkaetal2014"","""",""JStorPlants"",23.0680844660194,770.805825242718,100.080323300971,34.3126230769231,25.0050034615385,12.0441176470588,24.3627450980392,7.72549019607843,7.33333333333333,64.6519607843137,11.328431372549,64.2794117647059"
"459,""Lonchocarpus capassa"",""Afrotropical"",""savanna"",""n"",27,6.247261444,0.812190972,""Higginsetal2012"",""Higginsetal2012"",""JStorPlants"",23.0680844660194,770.805825242718,100.080323300971,34.3126230769231,25.0050034615385,12.0441176470588,24.3627450980392,7.72549019607843,7.33333333333333,64.6519607843137,11.328431372549,64.2794117647059"
"460,""Lonchocarpus lilloi"",""Neotropical"",""forest"","""",NA,NA,0.64,"""",""Zanneetal2009"","""",20.4417,993,82.7172,0,0,15,29,20,22,56.5,27,43.5"
"461,""Lonchocarpus sericeus"",""Neotropical"",""forest"","""",30,NA,0.77117,"""",""Zanneetal2009"",""Oliveira-Filhoetal2007"",25.560247739726,1292.90410958904,84.1565205479452,29.244,20.350362027027,13.6161971830986,28.6021126760563,12.7147887323944,11.1654929577465,60.2640845070423,20.5387323943662,50.8169014084507"
"462,""Dahlstedtia muehlbergiana"",""Neotropical"",""forest"","""",NA,NA,0.54,"""",""Zanneetal2009"","""",20.2678642857143,1525.14285714286,37.7334142857143,8.44512142857143,15.6450642857143,13.0714285714286,44.1428571428571,3.78571428571429,19.3571428571429,54.5357142857143,19.3214285714286,36.2857142857143"
"463,""Mimosa acutistipula"",""Neotropical"",""savanna"",""y"",5,NA,NA,"""","""",""Oliveira-Filhoetal2007"",24.374525,1190.88636363636,81.4428363636364,19.9416863636364,22.7538522727273,9.67441860465116,28.2325581395349,6.47674418604651,10.0116279069767,56.0232558139535,17.4767441860465,54.2790697674419"
"464,""Mimosa lewisii"",""Neotropical"",""savanna"",""y"",4,NA,NA,"""","""",""Oliveira-Filhoetal2007"",21.58541875,725.9375,47.4338875,11.10771875,19.28460625,12.53125,28.875,6.40625,9.78125,60.21875,16,55.15625"
"465,""Mimosa artemisiana"",""Neotropical"",""forest"",""y"",20,NA,NA,"""","""",""Oliveira-Filhoetal2007"",20.00082,1538.6,68.90982,18.28436,21.36094,9.5,36.9,3.1,15.6,52.2,15.1,48.2"
"466,""Mimosa claussenii"",""Neotropical"",""savanna"","""",3,NA,NA,"""","""",""Oliveira-Filhoetal2007"",22.0685483870968,1561,83.1001322580645,51.0276516129032,31.5323161290323,5.79032258064516,32.8548387096774,4.03225806451613,13.4516129032258,53.5322580645161,17.8548387096774,49.3709677419355"
"467,""Mimosa gemmulata"",""Neotropical"",""savanna"",""n"",3,NA,NA,"""","""",""Oliveira-Filhoetal2007"",21.3057448275862,851.344827586207,78.8064724137931,11.2645275862069,26.2533596551724,11.1206896551724,32.3965517241379,5.8448275862069,11,58.1379310344828,16.3103448275862,51.2931034482759"
"468,""Mimosa verrucosa"",""Neotropical"",""savanna"",""n"",4,NA,NA,"""","""",""Oliveira-Filhoetal2007"",25.4148074074074,894.62962962963,91.7606888888889,24.8345777777778,31.1534962962963,8.24074074074074,23.4444444444444,4.83333333333333,7.33333333333333,57.9444444444444,16.9814814814815,59.5"
"469,""Mimosa pithecolobioides"",""Neotropical"",""savanna"","""",4,NA,NA,"""","""",""Oliveira-Filhoetal2007"",21.0276857142857,1037.14285714286,92.0024214285714,11.2804285714286,41.0132928571429,8.85714285714286,32.75,5.67857142857143,10.4285714285714,55.1785714285714,16.4642857142857,50.75"
"470,""Mimosa laticifera"",""Neotropical"",""forest"","""",5,NA,NA,"""","""",""Oliveira-Filhoetal2007"",23.4763833333333,1472,76.1654166666667,26.8273714285714,30.1425714285714,6.07142857142857,28.0714285714286,3.28571428571429,9.35714285714286,54.7857142857143,13.1428571428571,58.8571428571429"
"471,""Mimosa pteridifolia"",""Neotropical"",""savanna"",""y"",6,NA,NA,"""","""",""Oliveira-Filhoetal2007"",23.2104071428571,1211.14285714286,83.4637857142857,47.3291857142857,31.6152857142857,7.53571428571429,31.8214285714286,3.5,11.5,54.8928571428571,16.8214285714286,51.25"
"472,""Mimosa irrigua"",""Neotropical"",""savanna"","""",5,NA,NA,"""","""",""Oliveira-Filhoetal2007"",20.8490176470588,754.764705882353,73.3532588235294,12.2026117647059,20.6598117647059,12.1470588235294,29.1764705882353,7.02941176470588,11.2647058823529,58.9705882352941,15.9117647058824,54.9411764705882"
"473,""Mimosa scabrella"",""Neotropical"",""forest"","""",NA,NA,0.45,"""",""Zanneetal2009"","""",15.6849256410256,1722.61538461538,30.5455571794872,6.8311641025641,16.3563205128205,16.8076923076923,42.6153846153846,5.53846153846154,31.3076923076923,51.0512820512821,24.2564102564103,33.1282051282051"
"474,""Mimosa caesalpiniifolia"",""Neotropical"",""savanna"","""",8,NA,NA,"""","""",""Oliveira-Filhoetal2007"",23.8989129032258,1174.90322580645,82.1055709677419,16.54818,24.8651664516129,10.7096774193548,28.5645161290323,6.85483870967742,10.5322580645161,56.8709677419355,17.7903225806452,53.6774193548387"
"475,""Mimosa sericantha"",""Neotropical"",""savanna"",""n"",4,NA,NA,"""","""",""Oliveira-Filhoetal2007"",23.9213933333333,1246.46666666667,87.4177266666667,52.60526,48.73572,7.13333333333333,25.3,3.66666666666667,8.96666666666667,54.5333333333333,14.6333333333333,60"
"476,""Leucaena trichodes"",""Neotropical"",""forest"","""",NA,NA,0.65,"""",""Zanneetal2009"","""",23.1355916666667,799.416666666667,84.0664,13.6795166666667,18.5427541666667,18.5,28.9791666666667,12.1875,20.7291666666667,64.0833333333333,24.1666666666667,46.8541666666667"
"477,""Leptolobium elegans"",""Neotropical"",""savanna"",""n"",NA,9.80205,0.5,""Cianciarusoetal2013/DantasandBatala2012"",""Miato2011"","""",22.0094806451613,1346.87096774194,72.504564516129,31.3924209677419,31.3179866129032,9.28225806451613,32.3709677419355,4.07258064516129,13.1209677419355,54.7661290322581,16.9435483870968,50.7016129032258"
"478,""Leptolobium dasycarpum"",""Neotropical"",""savanna"",""n"",NA,7.081995632,0.368,""Batalaetal2011/Cianciarusoetal2013/DantasandBatala2012"",""Batalaetal2011/Miato2011"","""",22.0094806451613,1346.87096774194,72.504564516129,31.3924209677419,31.3179866129032,9.28225806451613,32.3709677419355,4.07258064516129,13.1209677419355,54.7661290322581,16.9435483870968,50.7016129032258"
"479,""Acosmium cardenasii"",""Neotropical"",""forest"","""",NA,17.7,0.51,""Markesteijn&Poorter2009/Markesteijnetal2011"",""Markesteijnetal2011"","""",25.8340333333333,968.5,56.2929666666667,17.2324166666667,16.5338833333333,11.6666666666667,26.4166666666667,5.08333333333333,10.4166666666667,60.0833333333333,19.0833333333333,54.25"
"480,""Stachyothyrsus stapfiana"",""Afrotropical"",""forest"","""",30,NA,0.645009461,"""",""Zanneetal2009"",""CJB"",25.4916666666667,2646.33333333333,61.3395166666667,0.662433333333333,3.325,8.58333333333333,33.0833333333333,20.6666666666667,16.75,49.25,15.8333333333333,50.9166666666667"
"481,""Dialium corbisieri"",""Afrotropical"",""forest"",""n"",35,NA,0.876498,"""",""Zanneetal2009"",""CJB"",24.49895,1398.75,58.800425,6.70285,7.4076775,7.375,34.625,6,20.5,48.5,17.125,48.125"
"482,""Dialium pachyphyllum"",""Afrotropical"",""forest"",""n"",20,NA,0.922476877,"""",""Zanneetal2009"",""CJB"",24.3841958333333,1831.91666666667,47.9753625,12.0023125,8.02934708333333,8.5625,31.0833333333333,6.45833333333333,23.9375,48.7291666666667,14.3541666666667,54.5416666666667"
"483,""Dialium excelsum"",""Afrotropical"",""forest"",""n"",45,NA,0.824107088,"""",""Zanneetal2009"",""JStorPlants"",21.1430666666667,1694.33333333333,33.4299666666667,0,0,10.8333333333333,39.5,9,51.1666666666667,46.6666666666667,18.5,42"
"484,""Dialium bipindense"",""Afrotropical"",""forest"",""n"",45,NA,0.958740073,"""",""Zanneetal2009"",""JStorPlants"",24.9030272727273,1913.90909090909,69.6765727272727,1.8874,6.1939,11.6,36.95,9.2,48.15,48.5,16.05,46.8"
"485,""Dialium dinklagei"",""Afrotropical"",""forest"",""n"",30,NA,0.723859923,"""",""Zanneetal2009"",""CJB"",24.8833238095238,2042.47619047619,67.4541285714286,44.2772181818182,10.0984863636364,12.7272727272727,34.8863636363636,15.9772727272727,23.2272727272727,49.3181818181818,16.6818181818182,48.3636363636364"
"486,""Dialium guianense"",""Neotropical"",""forest"",""n"",50,NA,0.872969697,"""",""Zanneetal2009"",""FloradoBrasil"",25.3129202020202,2293.43434343434,56.7648535353535,23.805033,16.3087859,14.4020618556701,33.3969072164948,5.93814432989691,21.8505154639175,50.9742268041237,23.3659793814433,43.2525773195876"
"487,""Erythrophleum africanum"",""Afrotropical"",""savanna"","""",18,51.8,0.8777895,""Vyniaetal2012"",""Zanneetal2009"",""JStorPlants"",24.1817285714286,1070.14285714286,99.9990771428571,72.80511,27.8894995714286,8.42142857142857,23.5142857142857,11.3642857142857,7.72857142857143,59.4214285714286,13.0285714285714,63.4"
"488,""Erythrophleum lasianthum"",""Afrotropical"",""forest"",""n"",14,NA,0.842058,"""",""Zanneetal2009"",""JStorPlants"",22.4423666666667,818.833333333333,63.5335666666667,14.4131833333333,25.9237666666667,15,28.5,4,21.8333333333333,60.3333333333333,14.3333333333333,57.1666666666667"
"489,""Erythrophleum suaveolens"",""Afrotropical"",""forest"",""n"",40,NA,0.87244438,"""",""Zanneetal2009"",""CJB"",25.3679521367521,1307.92307692308,89.8299683760684,57.8330318965517,19.4395474137931,10.4051724137931,29.0775862068966,16.2974137931034,12.6379310344828,56.1508620689655,19.0991379310345,51.8103448275862"
"490,""Albizia dinklagei"",""Afrotropical"",""forest"",""n"",20,NA,0.760070377,"""",""Zanneetal2009"",""JStorPlants"",25.62525625,2016.25,85.30296875,32.6495333333333,17.68375,14.15625,29.03125,21.21875,19.125,52.5,21.875,49.21875"
"491,""Berlinia grandiflora"",""Afrotropical"",""forest"","""",30,NA,0.626063061,"""",""Zanneetal2009"",""JStorPlants"",26.6946703703704,1242.51851851852,85.2978296296296,65.5077555555556,18.959737037037,10.5277777777778,25.4907407407407,17.1574074074074,11.0462962962963,57.5462962962963,22.2685185185185,52.2407407407407"
"492,""Berlinia bracteosa"",""Afrotropical"",""forest"",""n"",35,NA,0.603348707,"""",""Zanneetal2009"",""CJB"",24.8961791666667,1957.16666666667,66.855975,1.49025416666667,2.37770833333333,10.5625,36.5833333333333,11.5833333333333,26.4583333333333,47.3541666666667,16.1458333333333,47.2083333333333"
"493,""Berlinia viridicans"",""Afrotropical"",""forest"",""n"",18,NA,0.568114875,"""",""Zanneetal2009"",""CJB"",25.10415,1559,67.6262,10.4391,16.3619,8.25,43.75,5.75,12,52.25,16.25,40.25"
"494,""Berlinia confusa"",""Afrotropical"",""forest"",""n"",40,NA,0.607955915,"""",""Zanneetal2009"",""CJB"",25.3714730769231,2204.15384615385,67.4354346153846,5.33688076923077,6.63650384615385,10.9615384615385,31.7692307692308,17.0576923076923,27.3076923076923,49.4807692307692,16.9230769230769,51.3846153846154"
"495,""Albizia pistaciifolia"",""Neotropical"",""forest"","""",NA,NA,0.45,"""",""Zanneetal2009"","""",26.4,1576.33333333333,81.5491666666667,143.42395,15.8202,17.875,31.125,6.5,28.5,59.625,24.125,44.75"
"496,""Albizia adianthifolia"",""Afrotropical"",""forest"",""n"",30,NA,0.510058451,"""",""Zanneetal2009"",""JStorPlants"",22.8719292079208,1376.4900990099,75.9561405940594,35.8893465346535,20.4072727722772,11.8965517241379,29.628078817734,9.51970443349754,15.7586206896552,55.4778325123153,15.1995073891626,55.1650246305419"
"497,""Albizia grandibracteata"",""Afrotropical"",""forest"",""n"",30,NA,0.45633,"""",""Zanneetal2009"",""JStorPlants"",20.7447875,1404,47.21595,18.8656375,16.4350875,19.6875,44,7.75,23.8125,53.5,21.125,34.5625"
"498,""Albizia hassleri"",""Neotropical"",""savanna"","""",NA,13.32995206,NA,""Batalaetal2011"","""","""",24.657703030303,1442.5,73.4907818181818,25.6978696969697,24.3994839393939,17.1171875,34.6796875,10.0546875,17.125,60.2890625,23.3515625,41.9296875"
"499,""Albizia glaberrima"",""Afrotropical"",""forest"",""n"",25,NA,0.544602988,"""",""Zanneetal2009"",""JStorPlants"",24.823004109589,1128.82191780822,86.6634342465753,35.0973097222222,17.6811315068493,11.8680555555556,27.1597222222222,11.2291666666667,11.2430555555556,59.3888888888889,13.1111111111111,59.6388888888889"
"500,""Albizia zygia"",""Afrotropical"",""forest"",""n"",30,NA,0.493629758,"""",""Zanneetal2009"",""JStorPlants"",26.3949803418803,1320.86324786325,83.8743290598291,43.4621060869565,18.0099655555556,13.429203539823,27.5575221238938,17.3230088495575,12.1902654867257,58.146017699115,18.1725663716814,54.2699115044248"
"501,""Albizia ferruginea"",""Afrotropical"",""forest"",""n"",45,12.54705144,0.49430078,""Dominguesetal2010"",""Zanneetal2009"",""JStorPlants"",25.5397590909091,1649.36363636364,69.2739909090909,16.7064545454545,11.4021954545455,12.3863636363636,28.4318181818182,16.4090909090909,12.9090909090909,53.9545454545455,19.1363636363636,52.3181818181818"
"502,""Dimorphandra conjugata"",""Neotropical"",""forest"","""",NA,NA,0.727565,"""",""Zanneetal2009"","""",26.4625,2243,48.9071,17.8902,10.4778,17.5,30,6,15,51,26.5,44"
"503,""Dimorphandra wilsonii"",""Neotropical"",""savanna"","""",6,NA,NA,"""","""",""Oliveira-Filhoetal2007"",21.0638933333333,1364.53333333333,87.22408,14.17788,20.2881733333333,7.6,39.3333333333333,3.1,16.7666666666667,53.0333333333333,17.0666666666667,43.5333333333333"
"504,""Dimorphandra mollis"",""Neotropical"",""savanna"","""",10,9.534984518,0.419,""Batalaetal2011/Cianciarusoetal2013/DantasandBatala2012/Miatto&Batala2016"",""Batalaetal2011/Miato2011"",""Oliveira-Filhoetal2007"",22.5846086956522,1394.73913043478,74.6905826086956,28.8204086956522,34.9948130434783,7.5,31.3695652173913,3.10869565217391,11.5652173913043,54.0869565217391,15.9130434782609,52.804347826087"
"505,""Dimorphandra polyandra"",""Neotropical"",""forest"","""",NA,NA,0.655893333,"""",""Zanneetal2009"","""",26.5583,3478,37.9395,0,0,7.5,23.5,0,37,48,19,57.5"
"507,""Dimorphandra gardneriana"",""Neotropical"",""savanna"","""",7,NA,NA,"""","""",""Oliveira-Filhoetal2007"",24.5149636363636,1231.36363636364,80.5038909090909,39.2338136363636,39.5863509090909,7.88636363636364,27.3636363636364,4.02272727272727,8.88636363636364,55.9090909090909,17.6590909090909,54.9772727272727"
"508,""Dimorphandra parviflora"",""Neotropical"",""forest"","""",NA,NA,1,"""",""Zanneetal2009"","""",26.337475,2083,50.918275,73.50465,33.23135,8.625,36.375,1.625,20.25,44.75,23.25,40.25"
"509,""Dimorphandra macrostachya"",""Neotropical"",""forest"","""",NA,NA,0.6,"""",""Zanneetal2009"","""",25.1756384615385,2215.38461538462,59.1680384615385,12.9006384615385,11.2962946153846,10.2083333333333,29.1666666666667,5.04166666666667,23.2916666666667,48.25,20.1666666666667,50.4583333333333"
"510,""Crudia glaberrima"",""Neotropical"",""forest"","""",NA,NA,0.785,"""",""Zanneetal2009"","""",25.703125,1886,56.764375,17.135025,20.917725,12.25,30.875,1.375,16,48.875,27.75,41.5"
"511,""Crudia amazonica"",""Neotropical"",""forest"","""",NA,NA,0.835,"""",""Zanneetal2009"","""",26.5349125,2437.125,43.3566,10.4278625,10.5271125,11.0833333333333,30.9166666666667,1.58333333333333,18.8333333333333,46.0833333333333,32.6666666666667,36.6666666666667"
"512,""Bowdichia virgilioides"",""Neotropical"",""savanna"",""n"",NA,10.40466667,0.558,""Cianciarusoetal2013/Miatto&Batala2016"",""Abeetal2018/Barbosa&Fearnside2004"","""",23.5577404761905,1326.0119047619,67.9367273809524,34.752794047619,24.0151738095238,9.86309523809524,29.8392857142857,5.17857142857143,13.8988095238095,55.2142857142857,18.3095238095238,51.9166666666667"
"513,""Bowdichia nitida"",""Neotropical"",""forest"","""",NA,NA,0.803333333,"""",""Zanneetal2009"","""",26.1597222222222,1997.44444444444,60.3762,47.5818666666667,16.0237888888889,8.33333333333333,34.2777777777778,4.38888888888889,12.8333333333333,47,21.8333333333333,43.8333333333333"
"514,""Dichrostachys cinerea"",""Afrotropical"",""savanna"",""y"",12,8.123085056,0.906790815,""Higginsetal2012/Plasetal2012/Zizkaetal2014"",""Higginsetal2012/Plasetal2012"",""JStorPlants"",23.161203021148,775.057401812689,97.7459075528701,30.0068498452012,25.4562656748466,13.430981595092,25.7852760736196,10.7561349693252,9.25460122699386,64.5153374233129,14.6104294478528,59.6073619631902"
"515,""Cedrelinga cateniformis"",""Neotropical"",""forest"","""",40,NA,0.503824366,"""",""Zanneetal2009"",""FloradoBrasil"",25.3492363636364,2633.45454545455,37.2344272727273,6.4035,7.5956,10.8636363636364,31.1818181818182,3.81818181818182,22.2272727272727,48.3636363636364,23.6363636363636,45.0454545454545"
"516,""Isoberlinia angolensis"",""Afrotropical"",""forest"",""n"",18,38.3,NA,""Vyniaetal2012"","""",""JStorPlants"",21.0325476190476,1065.90476190476,100.663161904762,107.153514285714,23.6804142857143,6.97619047619048,27.1190476190476,8.33333333333333,8.40476190476191,56.3095238095238,10.7857142857143,62.1190476190476"
"517,""Isoberlinia scheffleri"",""Afrotropical"",""forest"",""n"",46,NA,0.6888,"""",""Zanneetal2009"",""JStorPlants"",25.2,1455,89.3977,22.8436,17.2261,12,35.5,3.5,8.5,63.5,14,50.5"
"518,""Alexa imperatricis"",""Neotropical"",""forest"","""",NA,NA,0.487164286,"""",""Zanneetal2009"","""",25.359375,2034.75,49.011875,0.248,6.125,11.75,34.5,9.625,29.625,49.375,22.75,43.125"
"519,""Alexa grandiflora"",""Neotropical"",""forest"","""",NA,NA,0.632,"""",""Zanneetal2009"","""",25.8194555555556,2186.33333333333,62.3593,12.3709,19.5412222222222,9.05555555555556,37.3888888888889,4.77777777777778,13.3888888888889,48.7777777777778,19.2222222222222,43.2222222222222"
"520,""Anthonotha macrophylla"",""Afrotropical"",""forest"",""n"",30,NA,0.841702363,"""",""Zanneetal2009"",""CJB"",24.9463409090909,1951.98484848485,68.3523924242424,23.4200246153846,11.7204841538462,13.25,32.5151515151515,14.4090909090909,24.5530303030303,50.6363636363636,18.1893939393939,49.2954545454545"
"521,""Anthonotha fragrans"",""Afrotropical"",""forest"",""n"",40,NA,0.529142639,"""",""Zanneetal2009"",""CJB"",24.8246964285714,2000.17857142857,62.1469321428571,2.733775,5.80618964285714,11.4821428571429,34.1964285714286,18.0178571428571,25.2142857142857,48.625,17.5,48.3928571428571"
"522,""Cylicodiscus gabunensis"",""Afrotropical"",""forest"",""y"",61,NA,0.789934434,"""",""Zanneetal2009"",""JStorPlants"",25.1770833333333,1928.5,65.0766,18.2084666666667,3.09491833333333,10.75,34.8333333333333,14.3333333333333,25.1666666666667,48.0833333333333,17.1666666666667,47.9166666666667"
"523,""Bussea occidentalis"",""Afrotropical"",""forest"",""n"",30,NA,0.791960663,"""",""Zanneetal2009"",""JStorPlants"",24.7818869565217,1842.47826086957,61.6202391304348,21.267547826087,10.3814117391304,10.2826086956522,28.9347826086957,22.5434782608696,16.2391304347826,52.195652173913,20.3478260869565,50.7826086956522"
"524,""Hydrochorea corymbosa"",""Neotropical"",""forest"",""n"",NA,NA,0.47,"""",""Zanneetal2009"","""",26.2240673469388,2192.0612244898,56.006787755102,18.8670367346939,17.0773224489796,9.51086956521739,30.3695652173913,4.34782608695652,25.4021739130435,48.5760869565217,22.3152173913043,47.3586956521739"
"525,""Hydrochorea gonggrijpii"",""Neotropical"",""forest"","""",NA,NA,0.58,"""",""Zanneetal2009"","""",24.8279714285714,2124.85714285714,48.1758428571429,11.6324,8.3224,13.5,34.5,8.5,31.5714285714286,48.2857142857143,23.2857142857143,42.5714285714286"
"526,""Hydrochorea marginata"",""Neotropical"",""forest"","""",17,NA,NA,"""","""",""Oliveira-Filhoetal2007"",26.5413384615385,2621,39.8497307692308,1.22329230769231,3.65897461538462,9.33333333333333,28.0833333333333,2.875,40.5416666666667,46,24.2916666666667,47.7083333333333"
"527,""Abarema jupunba"",""Neotropical"",""forest"",""n"",NA,NA,0.585128571,"""",""Zanneetal2009"","""",25.3661258064516,2464.54838709677,51.8535032258064,44.1965333333333,13.5033033333333,13.90625,32.78125,5.921875,31.203125,50.328125,22.984375,44.28125"
"528,""Abarema macradenia"",""Neotropical"",""forest"","""",NA,NA,0.438331582,"""",""Zanneetal2009"","""",24.85625,2867.5,67.449625,7.9414,9.841675,29.75,35.875,7.25,42,57,27.75,36.375"
"529,""Copaifera elliptica"",""Neotropical"",""savanna"",""n"",3,NA,NA,"""","""",""Oliveira-Filhoetal2007"",25.16418,1423.4,89.27754,33.2025,30.2312,8.9,25.1,3.5,9.9,54.3,19.6,55.3"
"530,""Copaifera pubiflora"",""Neotropical"",""forest"","""",NA,NA,0.637315,"""",""Zanneetal2009"","""",26.4333375,2328.125,70.519225,19.8574625,28.481775,8.75,30.375,9.4375,12.25,52.4375,26.625,43"
"531,""Copaifera guyanensis"",""Neotropical"",""forest"",""n"",NA,NA,0.617315,"""",""Zanneetal2009"","""",26.0625333333333,2138.33333333333,54.0445333333333,0.3306,2.63333333333333,6.83333333333333,32.6666666666667,7.33333333333333,12.3333333333333,47.3333333333333,19.3333333333333,48"
"532,""Copaifera multijuga"",""Neotropical"",""forest"",""n"",NA,NA,0.642,"""",""Zanneetal2009"","""",26.47042,2349.1,44.02299,101.07495,16.950127,11.6111111111111,35.3333333333333,2.66666666666667,24.6666666666667,44.4444444444444,23.6666666666667,41.1666666666667"
"533,""Copaifera reticulata"",""Neotropical"",""forest"",""n"",60,NA,0.6075,"""",""Zanneetal2009"",""FloradoBrasil"",24.8351888888889,1790.33333333333,62.6813,45.4897888888889,40.2714666666667,11.375,27.5,5.1875,19.375,51.0625,22.5625,49.6875"
"534,""Copaifera malmei"",""Neotropical"",""savanna"",""n"",3,NA,NA,"""","""",""Oliveira-Filhoetal2007"",25.76875,1647,80.10635,80.5168,37.84925,7,24.5,2.5,11,52.25,19.25,56"
"535,""Copaifera officinalis"",""Neotropical"",""forest"","""",NA,NA,0.625,"""",""Zanneetal2009"","""",24.79895,2414,48.988975,9.43255,7.12015,13.5,36.6666666666667,9.66666666666667,41.3333333333333,54.6666666666667,26.5,36.6666666666667"
"536,""Copaifera oblongifolia"",""Neotropical"",""savanna"",""n"",3,NA,NA,"""","""",""Oliveira-Filhoetal2007"",23.28666,1654.6,82.225,29.40114,31.57764,5.9,28.3,3.7,10.1,53.3,18.2,53.6"
"537,""Copaifera martii"",""Neotropical"",""savanna"",""n"",40,NA,NA,"""","""",""Oliveira-Filhoetal2007"",25.0608636363636,1543.39393939394,74.2759909090909,41.4037333333333,33.7501333333333,8.8125,27.921875,4,13.703125,53.28125,18.59375,53.609375"
"538,""Copaifera luetzelburgii"",""Neotropical"",""savanna"",""n"",4,NA,NA,"""","""",""Oliveira-Filhoetal2007"",23.9947916666667,1047,89.4787333333333,37.1056666666667,29.1030333333333,8.875,26.875,5.29166666666667,9.54166666666667,57.25,17.4583333333333,55.5416666666667"
"539,""Copaifera religiosa"",""Afrotropical"",""forest"",""n"",NA,NA,0.512418375,"""",""Zanneetal2009"","""",25.0052,1916,73.043925,1.9874,5.488325,11.5,36.375,13.375,27.375,48.875,18.375,45"
"540,""Copaifera mildbraedii"",""Afrotropical"",""forest"","""",61,NA,0.659747501,"""",""Zanneetal2009"",""JStorPlants"",24.3190428571429,1713.85714285714,46.7458857142857,13.4615857142857,7.81565714285714,7.42857142857143,34.7142857142857,8.92857142857143,13.7857142857143,48.3571428571429,11.8571428571429,53.2857142857143"
"541,""Senegalia polyphylla"",""Neotropical"",""forest"",""y"",NA,5.97,0.629285,""Miatto&Batala2016"",""Zanneetal2009"","""",23.7942976958525,1430.14285714286,77.244731797235,35.766164516129,23.7258355963303,14.4862385321101,33.8509174311927,9.23394495412844,14.4518348623853,58.2385321100917,20.0321100917431,46.1169724770642"
"542,""Fillaeopsis discophora"",""Afrotropical"",""forest"","""",40,NA,0.500940742,"""",""Zanneetal2009"",""JStorPlants"",25.18582,1769,68.74774,0.3972,3.42,12.6,35.1,10.5,28.8,49.3,16.2,48.6"
"543,""Julbernardia pellegriniana"",""Afrotropical"",""forest"",""n"",46,NA,0.674929929,"""",""Zanneetal2009"",""JStorPlants"",24.9421875,1778.25,62.8345,0,0,9.0625,38.9375,11,21.4375,46.3125,15.9375,45.125"
"544,""Julbernardia seretii"",""Afrotropical"",""forest"",""n"",40,NA,0.6888,"""",""Zanneetal2009"",""JStorPlants"",24.31,1949.2,56.49702,2.88269,1.652821,10.9,40.1,13.8,20.5,47.65,15.05,44.95"
"545,""Calliandra erubescens"",""Neotropical"",""savanna"",""n"",3,NA,NA,"""","""",""Oliveira-Filhoetal2007"",19.4256833333333,871.166666666667,50.4341166666667,14.7166666666667,28.2514833333333,13.25,32.5833333333333,8.08333333333333,14,55.8333333333333,16.4166666666667,51.0833333333333"
"546,""Calliandra elegans"",""Neotropical"",""savanna"",""n"",4,NA,NA,"""","""",""Oliveira-Filhoetal2007"",20.2229,960,62.0471,27.2884,22.78765,14.25,29.5,8.25,11.25,58,16,54.75"
"547,""Calliandra macrocalyx"",""Neotropical"",""savanna"",""n"",5,NA,NA,"""","""",""Oliveira-Filhoetal2007"",23.6214238095238,723.428571428571,90.1919952380952,10.883580952381,20.8904761904762,8.61904761904762,25.9047619047619,5.07142857142857,7.33333333333333,60.6428571428571,17.3333333333333,56.8095238095238"
"548,""Calliandra asplenioides"",""Neotropical"",""savanna"",""n"",4,NA,NA,"""","""",""Oliveira-Filhoetal2007"",20.23458,1059.65,74.515445,20.94981,31.08069,11.95,33.05,7.05,17.15,55.25,16.825,50.15"
"549,""Calliandra trinervia"",""Neotropical"",""forest"","""",NA,NA,0.82,"""",""Zanneetal2009"","""",23.4948380952381,2626.28571428571,42.5359952380952,12.1601452380952,9.56037309523809,20.2682926829268,33.8414634146341,8.73170731707317,42.3780487804878,52.219512195122,25.9756097560976,40.3170731707317"
"550,""Urera caracasana"",""Neotropical"",""forest"",""n"",9,41.07328767,0.18,""Kitajima&Poorter2010/Markesteijn&Poorter2009"",""Zanneetal2009"",""FloradoBrasil"",22.0061402597403,1803.8961038961,75.7561272727273,24.7223150326797,18.3593896732026,23.7254901960784,35.8169934640523,15.2843137254902,29.7483660130719,57.1797385620915,25.9705882352941,38.2483660130719"
"551,""Cecropia obtusifolia"",""Neotropical"",""forest"","""",NA,NA,0.26,"""",""Zanneetal2009"","""",23.8363641304348,1991.15217391304,82.3616304347826,26.7636163043478,20.4938859782609,22.3901098901099,36.3351648351648,17.1043956043956,24.543956043956,57.9450549450549,25.0714285714286,38.5714285714286"
"552,""Cecropia peltata"",""Neotropical"",""forest"","""",NA,NA,0.3,"""",""Zanneetal2009"","""",25.3578047619048,1813.30952380952,59.7154182539683,21.0227943548387,16.18673048,21.280487804878,33.8821138211382,14.6178861788618,22.8130081300813,59.2642276422764,22.9552845528455,43.2154471544715"
"553,""Celtis iguanaea"",""Neotropical"",""forest"",""y"",7,NA,NA,"""","""",""Oliveira-Filhoetal2007"",23.3037885026738,1234.80748663102,79.0071492245989,29.3266402116402,20.5377359259259,22.1373333333333,36.556,14.852,17.8,63.3813333333333,23.1,40.3346666666667"
"554,""Castilla elastica"",""Neotropical"",""forest"","""",NA,NA,0.5675,"""",""Zanneetal2009"","""",24.837497826087,1989.39130434783,73.1290804347826,44.1311065217391,19.9960556521739,23.4021739130435,35.4565217391304,13.3260869565217,20.2826086956522,60.445652173913,25.2717391304348,39.3586956521739"
"555,""Maclura tinctoria"",""Neotropical"",""forest"",""y"",30,NA,0.704,"""",""Poorter2010/Zanneetal2009"",""Oliveira-Filhoetal2007"",24.0257190640394,1394.88177339901,72.406381182266,65.8648589108911,19.6776544827586,22.735,36.105,12.3675,20.2775,63.1425,23.7125,40.175"
"556,""Trophis racemosa"",""Neotropical"",""forest"","""",NA,NA,0.599039941,"""",""Zanneetal2009"","""",24.0072591194969,1866.66666666667,72.4817786163522,27.2468791139241,22.1598237735849,26.7802547770701,36.8025477707006,14.5477707006369,24.0636942675159,61.3312101910828,24.7388535031847,38.4140127388535"
"557,""Brosimum alicastrum"",""Neotropical"",""forest"",""n"",NA,NA,0.625,"""",""Zanneetal2009"","""",24.7478775757576,1576.70303030303,79.0108533333333,36.4209321212121,23.8012567878788,27.8055555555556,37.8364197530864,15.6172839506173,21.3981481481481,63.7654320987654,23.1944444444444,38.9907407407407"
"558,""Maranthes goetzeniana"",""Afrotropical"",""forest"",""n"",35,NA,0.824107088,"""",""Zanneetal2009"",""JStorPlants"",20.7318196721311,1226.18032786885,92.0998,43.5417196721311,22.5740606557377,11.0491803278689,33.0573770491803,7.4344262295082,17.7459016393443,54.8770491803279,17.9262295081967,49.0573770491803"
"559,""Parinari polyandra"",""Afrotropical"",""forest"",""n"",35,8.703220191,NA,""Dominguesetal2010"","""",""JStorPlants"",27.0567356521739,1071.59130434783,97.7837026086956,72.8560304347826,20.6264793913043,8.43913043478261,22.9173913043478,19.2608695652174,6.86521739130435,60.5652173913044,20.6217391304348,56.4347826086956"
"560,""Maranthes glabra"",""Afrotropical"",""forest"",""n"",40,NA,0.91266,"""",""Zanneetal2009"",""CJB"",24.88115,1892.69047619048,58.7916523809524,11.3813547619048,10.7939314285714,9.81707317073171,33.3780487804878,11.3780487804878,21.5853658536585,50.6341463414634,15.6585365853659,51.0365853658537"
"561,""Parinari montana"",""Neotropical"",""forest"",""n"",NA,NA,0.71,"""",""Zanneetal2009"","""",26.41748,2499.8,43.89486,19.88168,13.15224,10,32.1,1.3,27.5,45.3,26.8,41"
"562,""Couepia bracteosa"",""Neotropical"",""forest"","""",NA,NA,0.77,"""",""Zanneetal2009"","""",26.425,2235,53.5379,6.9573,9.47143,15,28.5,5.5,33,51.5,27.5,44"
"563,""Couepia paraensis"",""Neotropical"",""forest"","""",NA,NA,0.85,"""",""Zanneetal2009"","""",26.72834,2169.06666666667,60.79496,35.57091875,21.102804375,10.0714285714286,28.1785714285714,4.25,23,48.75,24.8214285714286,47"
"564,""Couepia guianensis"",""Neotropical"",""forest"",""n"",NA,NA,0.755184392,"""",""Zanneetal2009"","""",26.2935222222222,2339.66666666667,57.4346,6.61875555555556,8.81507777777778,8.64285714285714,36.1428571428571,6.35714285714286,14,48.5,22.4285714285714,41.3571428571429"
"565,""Couepia caryophylloides"",""Neotropical"",""forest"","""",NA,NA,0.77,"""",""Zanneetal2009"","""",25.8792,3098,54.4162,70.6024,24.6169,18.5,37,8.5,24.5,51,31,32"
"566,""Couepia robusta"",""Neotropical"",""forest"","""",NA,NA,0.83,"""",""Zanneetal2009"","""",26.5083,2317,45.866,0.9917,8.8,7.5,37,3,22.5,43.5,20.5,42"
"567,""Couepia ulei"",""Neotropical"",""forest"","""",NA,NA,0.789310843,"""",""Zanneetal2009"","""",26.2146,2616.5,24.3689,1.9875,14.175,11.375,24.5,1.25,71.125,45.125,24.25,51.375"
"568,""Acioa edulis"",""Neotropical"",""forest"",""n"",NA,NA,0.82,"""",""Zanneetal2009"","""",26.4667,2224.5,54.32675,1.98535,15.86665,8,32.75,3,25,42.5,32.25,35.25"
"569,""Acioa guianensis"",""Neotropical"",""forest"",""n"",NA,NA,0.86,"""",""Zanneetal2009"","""",25.8208,2463,51.9815,0,0,6.5,38.5,8.5,13,48.5,23.5,38"
"570,""Parinari obtusifolia"",""Neotropical"",""savanna"",""n"",3,NA,NA,"""","""",""Oliveira-Filhoetal2007"",22.2537111111111,1517.66666666667,73.3536333333333,40.1554888888889,33.9074666666667,7.64285714285714,32.2142857142857,2.92857142857143,11.3571428571429,53.5714285714286,15.4285714285714,52.5714285714286"
"571,""Exellodendron gardneri"",""Neotropical"",""savanna"","""",4,NA,NA,"""","""",""Oliveira-Filhoetal2007"",21.7430666666667,1009.33333333333,69.8433333333333,22.989,39.8615166666667,14.0833333333333,31.1666666666667,4.91666666666667,10.9166666666667,56.6666666666667,16.8333333333333,52"
"572,""Exellodendron cordatum"",""Neotropical"",""savanna"","""",4,NA,NA,"""","""",""Oliveira-Filhoetal2007"",24.7199866666667,1258.66666666667,84.5356866666667,50.2794333333333,55.1626,7.21428571428571,25.75,3.53571428571429,9.32142857142857,55.6428571428571,16.3928571428571,57.9285714285714"
"573,""Exellodendron coriaceum"",""Neotropical"",""forest"",""n"",NA,NA,0.84,"""",""Zanneetal2009"","""",26.79375,2276.75,38.438925,0.49715,2.1375,8.375,26.375,3.125,31.125,45.625,23,50.5"
"574,""Chrysobalanus icaco"",""Neotropical"",""forest"",""n"",NA,NA,0.735,"""",""Zanneetal2009"","""",25.5998829545455,1729.35795454545,70.3139704545455,23.0348958823529,16.9404985142857,20.1829268292683,33.0792682926829,10.7103658536585,29.1737804878049,59.5701219512195,21.1951219512195,45.7134146341463"
"575,""Hirtella triandra"",""Neotropical"",""forest"",""n"",NA,28.2,0.66091,""Markesteijn&Poorter2009"",""Poorter2010/Zanneetal2009"","""",23.6114736842105,2200.15789473684,58.047301754386,21.8851472727273,13.7377982142857,23.3157894736842,35.0350877192982,10.640350877193,28.0789473684211,55.6491228070175,26.0614035087719,38.9035087719298"
"576,""Hirtella hispidula"",""Neotropical"",""forest"","""",15,NA,NA,"""","""",""Oliveira-Filhoetal2007"",26.1428428571429,2072,59.1749,5.82334285714286,14.7420714285714,9.78571428571429,31.8571428571429,5.42857142857143,17.7857142857143,48.7857142857143,23.2142857142857,44.7857142857143"
"577,""Hirtella pimichina"",""Neotropical"",""forest"","""",NA,NA,0.824,"""",""Zanneetal2009"","""",27.07915,2647.5,46.95465,2.9787,11.85,9.75,34.25,4.75,40,47.25,19,46.5"
"578,""Hirtella glandulosa"",""Neotropical"",""forest"",""n"",NA,NA,0.92,"""",""Zanneetal2009"","""",23.3057717948718,1396.64102564103,71.5087871794872,23.1020275,26.6122275,9.8125,31.325,4.6,13,54.4,17.4125,51.1625"
"579,""Hirtella racemosa"",""Neotropical"",""forest"",""n"",8,NA,0.781590808,"""",""Zanneetal2009"",""Oliveira-Filhoetal2007"",25.3245722891566,2156.74096385542,66.4950108433735,23.622728313253,19.7249181927711,15.8535031847134,32.1464968152866,8.31210191082802,21.3535031847134,53.1464968152866,23.3821656050955,44.4904458598726"
"580,""Hirtella hoehnei"",""Neotropical"",""forest"",""n"",5,NA,NA,"""","""",""Oliveira-Filhoetal2007"",25.4875,1551,84.076,9.942,15.04,4.5,24.5,1.5,8.5,50.5,9.5,66"
"581,""Hirtella bicornis"",""Neotropical"",""forest"",""n"",NA,NA,0.9,"""",""Zanneetal2009"","""",25.4939777777778,2107.88888888889,59.0059,17.3982666666667,15.0738222222222,10.3888888888889,30.4444444444444,3.44444444444444,22.3888888888889,48.7777777777778,20.7222222222222,48.8333333333333"
"582,""Hirtella hebeclada"",""Neotropical"",""forest"",""n"",NA,12.64552453,0.603268252,""Dantasetal2013"",""Dantasetal2013"","""",19.9854,1371,54.99885,0.9925,6,11.75,31.25,6,22.5,51,19.25,49.5"
"583,""Hirtella gracilipes"",""Neotropical"",""forest"",""n"",6,NA,NA,"""","""",""Oliveira-Filhoetal2007"",23.154775,1500.60416666667,80.1042854166667,36.2009729166667,31.4407916666667,8.31521739130435,31.1847826086957,4.08695652173913,15.1630434782609,53.6195652173913,17.3478260869565,51.6413043478261"
"584,""Hirtella bullata"",""Neotropical"",""forest"",""n"",NA,NA,0.49,"""",""Zanneetal2009"","""",25.38166,2487.3,48.96115,10.04007,17.00682,11.2,29.85,7.7,25.1,52.1,23.45,46.6"
"585,""Hirtella davisii"",""Neotropical"",""forest"",""n"",NA,NA,0.80404,"""",""Zanneetal2009"","""",26.4542,2108,39.0199,6.9573,11.0571,17,27.5,7.5,53,48.5,30.5,42"
"586,""Hirtella pilosissima"",""Neotropical"",""forest"","""",NA,NA,0.88,"""",""Zanneetal2009"","""",24.6575,2578,43.84246,1.58932,13.66334,12.2,36.4,4.3,20.8,48.2,20.8,42.9"
"588,""Licania egleri"",""Neotropical"",""forest"","""",7,NA,NA,"""","""",""Oliveira-Filhoetal2007"",24.9047714285714,2204,54.2290142857143,12.0570285714286,16.4481,8.92857142857143,35.2142857142857,4.28571428571429,23.2857142857143,47.2857142857143,18.9285714285714,45.9285714285714"
"589,""Licania humilis"",""Neotropical"",""savanna"","""",6,6.9,NA,""Cianciarusoetal2013"","""",""Oliveira-Filhoetal2007"",21.83708,1313.1,67.10458,25.72845,32.79868,9.35,32.5,4.6,12.15,54.15,16.45,50.95"
"590,""Licania hypoleuca"",""Neotropical"",""forest"","""",NA,NA,0.908756,"""",""Zanneetal2009"","""",25.3996121212121,2546.78787878788,54.6340212121212,31.9855393939394,17.6852060606061,19.1129032258065,33.2741935483871,9.25806451612903,30.7903225806452,52.9354838709677,24.4838709677419,42.1935483870968"
"591,""Licania divaricata"",""Neotropical"",""forest"","""",NA,NA,0.88,"""",""Zanneetal2009"","""",26.8167,2321,43.9701,35.7876,26.1167,9,31.5,3,32,51.5,22.5,45.5"
"592,""Licania parviflora"",""Neotropical"",""forest"","""",NA,NA,0.82,"""",""Zanneetal2009"","""",26.3905181818182,2378,39.826,8.48900909090909,6.2962,9,29.5555555555556,2.72222222222222,27.8333333333333,46.5,25.8888888888889,44.6111111111111"
"593,""Licania unguiculata"",""Neotropical"",""forest"","""",NA,NA,0.88,"""",""Zanneetal2009"","""",26.6,2241,52.48,4.2978,5.69486666666667,9,28.75,6,16,50.75,18,53.25"
"594,""Licania oblongifolia"",""Neotropical"",""forest"","""",NA,NA,0.803517847,"""",""Zanneetal2009"","""",26.16665,2309.75,51.215725,25.842525,11.817625,9.125,28.125,1,20,45.625,25.375,46.5"
"595,""Licania irwinii"",""Neotropical"",""forest"","""",NA,NA,0.88,"""",""Zanneetal2009"","""",23.9292,2193,55.197,0,0,9.5,41.5,14.5,26.5,46,19,40"
"596,""Licania kunthiana"",""Neotropical"",""forest"","""",25,14.52825987,0.671651307,""Dantasetal2013"",""Dantasetal2013/Zanneetal2009"",""Oliveira-Filhoetal2007"",23.8813933333333,1764.33333333333,70.1564466666667,26.3725133333333,23.21438,10.3666666666667,32.4333333333333,4.96666666666667,14.6,53.3333333333333,19.4333333333333,48.0666666666667"
"598,""Licania canescens"",""Neotropical"",""forest"","""",NA,NA,0.88,"""",""Zanneetal2009"","""",26.1026,2074.5,50.7673125,32.2282875,14.0894375,10.5625,30.625,5.625,32.75,47.3125,23.25,46.125"
"599,""Licania parvifructa"",""Neotropical"",""forest"","""",NA,NA,0.88683,"""",""Zanneetal2009"","""",25.05998,2451.4,61.83204,4.37404,5.88728,12.5,35.5,10.9,30.3,49.9,22.7,41.7"
"600,""Licania brittoniana"",""Neotropical"",""forest"","""",NA,NA,0.6735,"""",""Zanneetal2009"","""",24.2583333333333,1784.66666666667,50.8118666666667,2.9823,9.6852,12.6666666666667,33,7.66666666666667,31.1666666666667,52.3333333333333,26.5,40.3333333333333"
"601,""Licania arborea"",""Neotropical"",""forest"","""",NA,NA,0.608,"""",""Borchert1994/Zanneetal2009"","""",24.96406125,1315.75,97.35702875,47.69783,23.514159625,22.2721518987342,37.6772151898734,17.1075949367089,14.3417721518987,63.5886075949367,24.7721518987342,37.5759493670886"
"602,""Licania elliptica"",""Neotropical"",""forest"","""",NA,NA,0.88,"""",""Zanneetal2009"","""",25.8097,2623.66666666667,41.9424666666667,2.9829,6.52963333333333,9.5,32.1666666666667,4.66666666666667,22.6666666666667,45.8333333333333,24.3333333333333,43.5"
"603,""Licania incana"",""Neotropical"",""forest"","""",NA,NA,0.86189,"""",""Zanneetal2009"","""",24.8861166666667,2385.83333333333,56.00435,2.24556666666667,9.20833333333333,12.1666666666667,31.9166666666667,7.08333333333333,35.6666666666667,49,24.5,43.4166666666667"
"604,""Licania davillifolia"",""Neotropical"",""forest"","""",NA,NA,0.88,"""",""Zanneetal2009"","""",25.9542,2096,57.5889,0,0,6,35,8,8,49,16.5,48.5"
"605,""Licania gracilipes"",""Neotropical"",""forest"","""",NA,NA,0.83169377,"""",""Zanneetal2009"","""",25.8833,2669,39.6553,0,0,18,31.5,12,46.5,49.5,28,41"
"606,""Licania micrantha"",""Neotropical"",""forest"","""",30,NA,0.836124863,"""",""Zanneetal2009"",""Oliveira-Filhoetal2007"",24.9669846153846,2377.46153846154,47.6517076923077,10.4869307692308,11.4428769230769,13.6923076923077,29.3846153846154,5.46153846153846,36.6923076923077,48.1153846153846,24.7692307692308,46.1153846153846"
"607,""Licania laxiflora"",""Neotropical"",""forest"","""",NA,NA,1.0332,"""",""Zanneetal2009"","""",26.5625,2411,40.1044,0.9926,18.6,8.5,39,1,20.5,43,19.5,41.5"
"608,""Licania minuscula"",""Neotropical"",""forest"","""",8,NA,NA,"""","""",""Oliveira-Filhoetal2007"",26.4792,6435,13.6129,0,0,17,30,11,98.5,54.5,29,41"
"609,""Licania minutiflora"",""Neotropical"",""forest"","""",NA,NA,0.77,"""",""Zanneetal2009"","""",25.411475,2023.75,57.43335,5.71195,17.06535,8.125,31.75,6.25,15.125,48.625,21.625,46.625"
"610,""Licania sandwithii"",""Neotropical"",""forest"","""",NA,NA,0.88159297,"""",""Zanneetal2009"","""",26.5083,2317,45.866,0.9917,8.8,7.5,36.5,3.5,20,43,20.5,43.5"
"611,""Licania discolor"",""Neotropical"",""forest"","""",NA,NA,0.88683,"""",""Zanneetal2009"","""",26.12815,1914.25,64.6662,2.480875,33.333925,9.375,33,10.5,16.625,52.375,18.875,47.875"
"612,""Licania hoehnei"",""Neotropical"",""forest"","""",15,NA,NA,"""","""",""Oliveira-Filhoetal2007"",21.4512,1586,38.9973571428571,7.24038571428571,23.6310714285714,13.9285714285714,33.1428571428571,6.57142857142857,29,52.1428571428571,18,48.9285714285714"
"613,""Licania urceolaris"",""Neotropical"",""forest"","""",NA,NA,0.88,"""",""Zanneetal2009"","""",25.4667,2857,26.4061,0,0,9.5,22.5,3.5,54,46.5,24.5,53"
"614,""Licania heteromorpha"",""Neotropical"",""forest"","""",NA,NA,0.816432848,"""",""Zanneetal2009"","""",26.1843071428571,2432.28571428571,48.9102910714286,17.0158767857143,11.0008357142857,11.1481481481481,30.9907407407407,5,30.8425925925926,47.7777777777778,27.2592592592593,41.712962962963"
"615,""Licania dealbata"",""Neotropical"",""savanna"","""",4,NA,NA,"""","""",""Oliveira-Filhoetal2007"",21.5394588235294,1089.64705882353,77.7216294117647,27.2217588235294,64.4636705882353,9.73529411764706,30.7941176470588,5.14705882352941,11.5882352941176,56.1470588235294,15.5588235294118,53.6764705882353"
"616,""Licania octandra"",""Neotropical"",""forest"","""",8,NA,0.825,"""",""Zanneetal2009"",""Oliveira-Filhoetal2007"",24.97205,2053.375,57.4245458333333,11.743425,11.02315,11.9772727272727,30.5,6.18181818181818,23.3409090909091,50.2954545454545,23.1136363636364,46.4545454545455"
"617,""Licania impressa"",""Neotropical"",""forest"","""",NA,NA,0.921,"""",""Zanneetal2009"","""",26.1823,2111,46.352,2.728575,7.0458325,9.875,34.75,2.75,19.25,47,18,47.125"
"618,""Licania alba"",""Neotropical"",""forest"","""",NA,NA,0.887366,"""",""Zanneetal2009"","""",25.707825,2251.375,50.339675,3.231,3.12485,9.6875,34.125,8.125,19.75,49.1875,21.5,44.375"
"619,""Licania rodriguesii"",""Neotropical"",""forest"","""",NA,NA,0.844,"""",""Zanneetal2009"","""",26.7375,2313,44.5777,0.661433333333333,5.16666666666667,8.83333333333333,33.8333333333333,1.66666666666667,27.5,42.8333333333333,29.1666666666667,37.1666666666667"
"620,""Licania coriacea"",""Neotropical"",""forest"","""",NA,NA,0.879724491,"""",""Zanneetal2009"","""",24.9361,2113.5,54.6301833333333,41.0543333333333,32.1779333333333,10.25,26.25,3.83333333333333,28.5833333333333,48.5,20.6666666666667,52.9166666666667"
"621,""Licania granvillei"",""Neotropical"",""forest"","""",NA,NA,0.77,"""",""Zanneetal2009"","""",26.5208,2920,26.0365,0,0,8,31.5,5.5,51,46.5,21.5,47"
"622,""Licania blackii"",""Neotropical"",""forest"","""",5,NA,NA,"""","""",""Oliveira-Filhoetal2007"",25.8986,2256.66666666667,66.8945666666667,44.9951333333333,15.3582333333333,8.75,35.5,7.5,14.25,48.75,22.75,42"
"623,""Licania licaniiflora"",""Neotropical"",""forest"","""",NA,NA,0.67,"""",""Zanneetal2009"","""",25.827075,2225,58.9554,14.6436,19.019325,12.25,31.625,10.25,55.25,47.875,20.75,47.375"
"624,""Licania apetala"",""Neotropical"",""forest"","""",40,NA,0.763366,"""",""Zanneetal2009"",""Oliveira-Filhoetal2007"",25.9967391304348,2341.82608695652,54.9555456521739,8.27975,14.8446580434783,10.0813953488372,28.3953488372093,4.90697674418605,31.2558139534884,50.2674418604651,21.906976744186,49.7209302325581"
"625,""Licania densiflora"",""Neotropical"",""forest"","""",NA,NA,0.785,"""",""Zanneetal2009"","""",25.9069333333333,2166.66666666667,42.4387333333333,0,0,10.3333333333333,32.5,7.33333333333333,35.5,45.8333333333333,22.5,45.1666666666667"
"626,""Licania majuscula"",""Neotropical"",""forest"","""",NA,NA,0.883415,"""",""Zanneetal2009"","""",26.5430666666667,2013.66666666667,66.1248333333333,0,0,9.33333333333333,34.5,7.83333333333333,17.5,48.3333333333333,17.8333333333333,47.8333333333333"
"627,""Peridiscus lucidus"",""Neotropical"",""forest"","""",NA,NA,0.73,"""",""Zanneetal2009"","""",23,2665,47.2102,0,0,13.75,33.5,7.75,43.75,48.5,23.75,42.75"
"628,""Prunus myrtifolia"",""Neotropical"",""forest"","""",30,22.99787072,0.622083618,""Dantasetal2013"",""Dantasetal2013/Zanneetal2009"",""Oliveira-Filhoetal2007"",19.0368328244275,1628.79389312977,41.2644202290076,8.45018125,14.73897265625,15.1384615384615,41.6192307692308,4.97692307692308,24.9730769230769,53.0192307692308,22.0576923076923,36.2384615384615"
"629,""Prunus africana"",""Afrotropical"",""forest"",""n"",25,NA,0.601160333,"""",""Zanneetal2009"",""JStorPlants"",17.4455544444444,1320.4,82.5758488888889,28.3559855555556,42.6432557777778,18.0393258426966,36.2696629213483,10.0505617977528,26.6292134831461,54.7808988764045,20.7921348314607,42.9494382022472"
"630,""Symplocos martinicensis"",""Neotropical"",""forest"",""n"",NA,NA,0.8,"""",""Zanneetal2009"","""",24.30835,1578.5,72.67165,23.8313,12.89113,21,32,17.25,13.5,61.5,26,42.25"
"631,""Meliosma herbertii"",""Neotropical"",""forest"","""",NA,NA,0.42,"""",""Zanneetal2009"","""",23.9770833333333,3021.66666666667,29.45805,0.19878,1.18,16.5833333333333,34,8.75,40.5833333333333,49.4166666666667,24.5,41.5833333333333"
"632,""Licania triandra"",""Neotropical"",""forest"","""",NA,17.1935065,0.685,""Kitajima&Poorter2010/Markesteijn&Poorter2009"",""Zanneetal2009"","""",18.7629056493506,1392.90909090909,80.3968090909091,20.5537935064935,18.708361038961,25.7077922077922,36.3571428571429,16.6103896103896,29.1980519480519,59.5324675324675,25.7435064935065,37.9545454545455"
"633,""Beilschmiedia pendula"",""Neotropical"",""forest"","""",NA,NA,0.5028,"""",""Zanneetal2009"","""",19.621625,2031,62.05788125,11.0566,18.33241875,27.6666666666667,34.5277777777778,11.8888888888889,50.5555555555556,55.6944444444444,29.6388888888889,35.8055555555556"
"634,""Ocotea floribunda"",""Neotropical"",""forest"","""",NA,NA,0.395436,"""",""Zanneetal2009"","""",20.0576043478261,1422.5652173913,50.597452173913,5.67754285714286,13.5913727272727,23.2826086956522,32.804347826087,10.5434782608696,42.0217391304348,54.5652173913044,27.4130434782609,39.804347826087"
"635,""Aniba guianensis"",""Neotropical"",""forest"",""n"",NA,NA,0.52,"""",""Zanneetal2009"","""",23.96,2284.7,41.48997,5.16811,8.79445,15.1,29.45,6.05,29.6,49.75,26.55,43.95"
"636,""Dendropanax arboreus"",""Neotropical"",""forest"","""",NA,NA,0.397354336,"""",""Poorter2010/Zanneetal2009"","""",22.4979276243094,1917.5635359116,72.1919430939226,31.6321406685237,18.3508601385042,25.8819444444444,35.6722222222222,14.5875,29.9763888888889,58.7291666666667,25.2319444444444,39.0986111111111"
"637,""Cussonia arborea"",""Afrotropical"",""forest"",""n"",13,NA,0.3611895,"""",""Zanneetal2009"",""JStorPlants"",23.4887254901961,1150.8431372549,90.3219882352941,59.9247352941176,20.9530843137255,10.8137254901961,29.0686274509804,13.921568627451,12.1176470588235,57.6764705882353,18.7156862745098,52.2254901960784"
"638,""Polyscias kikuyuensis"",""Afrotropical"",""forest"",""n"",25,NA,0.3095295,"""",""Zanneetal2009"",""JStorPlants"",14.0465333333333,1228.33333333333,46.3261666666667,12.8991333333333,32.2306333333333,29.6666666666667,38.5833333333333,9.33333333333333,31.5,59.0833333333333,29.5833333333333,31.75"
"639,""Schefflera decaphylla"",""Neotropical"",""forest"","""",NA,NA,0.44637,"""",""Zanneetal2009"","""",25.5930666666667,2054.66666666667,51.5850333333333,29.7598333333333,15.7704333333333,10.1666666666667,31.1666666666667,4.33333333333333,30.3333333333333,47.1666666666667,19.5,49.5"
"640,""Schefflera calva"",""Neotropical"",""forest"","""",30,NA,NA,"""","""",""Oliveira-Filhoetal2007"",18.9443571428571,1414.78571428571,60.6869714285714,10.5696928571429,16.34275,11.5714285714286,38.1428571428571,4.89285714285714,28.2142857142857,52.2857142857143,16.7857142857143,45.0714285714286"
"641,""Schefflera vinosa"",""Neotropical"",""savanna"",""n"",NA,8.531466667,0.4,""Cianciarusoetal2013/DantasandBatala2012/Miatto&Batala2016"",""Abeetal2018/Miato2011"","""",21.1795081632653,1346.97959183673,75.3122285714286,37.871806122449,36.9976755102041,8.56122448979592,32.265306122449,4.68367346938776,15,53.6530612244898,15.8163265306122,51.8571428571429"
"642,""Schefflera malmei"",""Neotropical"",""savanna"","""",NA,3.808582277,0.401,""Batalaetal2011"",""Batalaetal2011"","""",22.417725,1551.25,70.349025,21.86525,30.34625,5.375,26.375,1.625,9.5,52,13.625,59.75"
"643,""Schefflera morototoni"",""Neotropical"",""forest"","""",NA,NA,0.458404286,"""",""Zanneetal2009"","""",24.12453125,1997.775,54.16868,22.66538875,17.139996,13.8544303797468,34.2215189873418,5.72151898734177,23.1455696202532,52.2911392405063,22.3037974683544,43.4303797468354"
"644,""Schefflera macrocarpa"",""Neotropical"",""savanna"",""n"",NA,4.39475,0.448595506,""Cianciarusoetal2013/DantasandBatala2012"",""Buccietal2004/Miato2011"","""",21.2888904761905,1398.04761904762,79.8654309523809,30.3607928571429,29.5871833333333,8.04761904761905,33.7023809523809,4.13095238095238,13.5595238095238,53.9166666666667,16.4761904761905,49.7857142857143"
"645,""Maesopsis eminii"",""Afrotropical"",""forest"",""n"",42,NA,0.398123667,"""",""Zanneetal2009"",""JStorPlants"",23.9642857142857,1905.33333333333,61.8188380952381,6.11096,8.68282,12.75,37.15,12.1,28.75,49.625,17.85,45"
"646,""Crateva tapia"",""Neotropical"",""forest"",""n"",8,NA,0.450166667,"""",""Zanneetal2009"",""FloradoBrasil"",25.2281488262911,1332.1220657277,86.3414896713615,31.8557920930233,22.8374121860465,20.7572815533981,34.9660194174757,14.4490291262136,17.4781553398058,63.7135922330097,23.9490291262136,41.1043689320388"
"647,""Juglans neotropica"",""Neotropical"",""forest"","""",NA,NA,0.49,"""",""Zanneetal2009"","""",14.75468875,1241.91071428571,45.6177071428571,3.14014821428571,10.6814810714286,28.5803571428571,27.0892857142857,13.2142857142857,58.4017857142857,56.6696428571429,31.3571428571429,41.5357142857143"
"648,""Maprounea guianensis"",""Neotropical"",""forest"","""",NA,NA,0.5549125,"""",""Zanneetal2009"","""",23.5200380952381,1625.88888888889,67.0924126984127,17.3583714285714,24.9849258730159,9.56451612903226,31.2338709677419,4.79032258064516,18.3951612903226,52.5161290322581,18.6854838709677,50.0483870967742"
"649,""Alchornea discolor"",""Neotropical"",""forest"",""n"",22,NA,NA,"""","""",""Oliveira-Filhoetal2007"",25.8170257142857,2124.68571428571,62.5197485714286,21.4945942857143,30.8016685714286,9.68181818181818,30.7878787878788,4.71212121212121,22.3636363636364,49.8333333333333,23.8030303030303,45.3787878787879"
"650,""Alchornea latifolia"",""Neotropical"",""forest"",""n"",NA,NA,0.445,"""",""Zanneetal2009"","""",21.3528571428571,2173.18095238095,65.6339390476191,18.488079047619,17.0115111320755,27.0801886792453,33.6179245283019,15.2075471698113,41.6179245283019,55.6933962264151,26.6367924528302,39.7735849056604"
"651,""Alchornea glandulosa"",""Neotropical"",""forest"",""n"",18,NA,0.3725,"""",""Zanneetal2009"",""Oliveira-Filhoetal2007"",19.9764717171717,1916,44.4184282828283,10.9105626262626,12.4069034343434,20.9141414141414,33.3737373737374,9.47979797979798,44.9848484848485,54.1414141414141,26.6868686868687,39.979797979798"
"652,""Alchornea grandis"",""Neotropical"",""forest"","""",NA,NA,0.34,"""",""Zanneetal2009"","""",19.52865,1737.625,44.04175,0.2484,1.425,31.1875,30.5625,12.3125,59.25,55.0625,29.9375,39.375"
"653,""Alchornea sidifolia"",""Neotropical"",""savanna"",""n"",15,NA,NA,"""","""",""Oliveira-Filhoetal2007"",18.418225,1702.375,27.83133125,3.41585625,10.7305875,14.65625,45.96875,3.65625,23.875,52.5,22,32.15625"
"654,""Alchornea triplinervia"",""Neotropical"",""forest"",""n"",25,NA,0.466666667,"""",""Zanneetal2009"",""Oliveira-Filhoetal2007"",20.858000877193,1715.77192982456,45.2696754385965,9.77037304347826,17.6763946956522,15.4380530973451,34.1946902654867,6.66371681415929,32.353982300885,53.3407079646018,21.7212389380531,44.0309734513274"
"655,""Alchornea castaneifolia"",""Neotropical"",""forest"",""n"",NA,NA,0.34,"""",""Zanneetal2009"","""",26.08416,1605.9,63.87463,27.92858,23.52811,12.6875,29,3.5,19.1875,54.125,26.625,44.1875"
"656,""Caryodendron amazonicum"",""Neotropical"",""forest"","""",NA,NA,0.65,"""",""Zanneetal2009"","""",26.5542,2831,25.7971,0.9939,3.4,11.5,36.5,0.5,27.5,43.5,28,35"
"657,""Anthostema aubryanum"",""Afrotropical"",""forest"",""n"",25,NA,0.329599835,"""",""Zanneetal2009"",""CJB"",26.0462090909091,1827.90909090909,72.5232272727273,26.33512,15.09298,13.4090909090909,30.0454545454545,12.4090909090909,30.8181818181818,51.5454545454545,19.1818181818182,50.7272727272727"
"658,""Acalypha diversifolia"",""Neotropical"",""forest"",""n"",5,NA,NA,"""","""",""Oliveira-Filhoetal2007"",23.818993172043,2382.28494623656,54.8353387096774,15.9045483870968,15.4385908064516,23.0601092896175,34.327868852459,10.6639344262295,35.2021857923497,56.5437158469945,26.1475409836066,39.4617486338798"
"659,""Croton urucurana"",""Neotropical"",""forest"",""n"",22,NA,0.41,"""",""Zanneetal2009"",""Oliveira-Filhoetal2007"",22.166664,1434.44,61.124834,24.4406,27.480632,9.8953488372093,33.1046511627907,4.18604651162791,15,55.2674418604651,18.6279069767442,48.3023255813954"
"660,""Croton xanthochylus"",""Neotropical"",""forest"","""",NA,NA,0.431556667,"""",""Zanneetal2009"","""",20.0292,962,51.7503,45.7056,28.8348,18,40.5,11.5,19,57,23.5,36.5"
"661,""Croton floribundus"",""Neotropical"",""forest"",""n"",18,15.435,NA,""Miatto&Batala2016"","""",""Oliveira-Filhoetal2007"",20.9312555555556,1299.94444444444,53.7499805555556,11.6470277777778,20.1617308333333,10.9714285714286,34.6714285714286,5.15714285714286,17.3857142857143,54.3285714285714,17.0428571428571,48.4"
"662,""Croton cuneatus"",""Neotropical"",""forest"",""n"",15,NA,0.41,"""",""Zanneetal2009"",""FloradoBrasil"",25.6440916666667,2499.54166666667,43.1264958333333,16.7732833333333,8.64442625,12.6590909090909,29.1590909090909,4.31818181818182,39.8636363636364,48.5681818181818,26.1136363636364,44.8409090909091"
"663,""Croton matourensis"",""Neotropical"",""forest"",""n"",15,NA,0.388223333,"""",""Zanneetal2009"",""FloradoBrasil"",25.235147826087,2344,56.0374,23.1611608695652,19.3163260869565,12.1086956521739,32.304347826087,6.15217391304348,21.3913043478261,50.304347826087,23.3260869565217,44.3695652173913"
"664,""Croton tessmannii"",""Neotropical"",""forest"","""",NA,NA,0.39,"""",""Zanneetal2009"","""",25.4708333333333,2517.66666666667,40.9307333333333,35.761,21.0323666666667,8.66666666666667,29.5,4.83333333333333,32,48.6666666666667,21.3333333333333,48.8333333333333"
"665,""Croton mutisianus"",""Neotropical"",""forest"","""",NA,NA,0.41,"""",""Zanneetal2009"","""",15.7897727272727,1976.54545454545,38.0834727272727,3.16286363636364,15.2538636363636,33.6363636363636,27.2954545454545,13.5909090909091,64.6136363636364,55,31.1590909090909,41.5454545454545"
"666,""Croton lagoensis"",""Neotropical"",""forest"",""n"",6,NA,NA,"""","""",""Oliveira-Filhoetal2007"",18.1583,1471,86.6218,10.9318,24.7636,10.5,37.5,5,26.5,51,12.5,49.5"
"667,""Croton macrostachyus"",""Afrotropical"",""forest"","""",15,NA,0.479204058,"""",""Zanneetal2009"",""JStorPlants"",18.6579051282051,1248.07692307692,76.6785051282051,18.3972923076923,10.2345333333333,23.1282051282051,38.2179487179487,14.3333333333333,23.0128205128205,57.4487179487179,22.3974358974359,39.4230769230769"
"668,""Croton megalocarpus"",""Afrotropical"",""forest"",""n"",30,NA,0.56331375,"""",""Zanneetal2009"",""JStorPlants"",20.0101142857143,1103.64285714286,77.0026071428571,13.9690642857143,18.2026285714286,20.1785714285714,39.7857142857143,7.14285714285714,20.2857142857143,58,20.6428571428571,39.6071428571429"
"669,""Croton celtidifolius"",""Neotropical"",""forest"",""n"",6,NA,NA,"""","""",""Oliveira-Filhoetal2007"",16.7737347826087,1634.60869565217,48.4274695652174,9.24180869565217,17.0092565217391,12.3260869565217,38.5652173913044,4,26.2608695652174,51.5,21,40.3695652173913"
"670,""Croton piptocalyx"",""Neotropical"",""forest"","""",NA,15.964,NA,""Miatto&Batala2016"","""","""",21.8375,1511,74.9841,102.2172,53.5184,9,44.5,4,10.5,55,22,33"
"671,""Manihot caerulescens"",""Neotropical"",""savanna"",""n"",8,NA,NA,"""","""",""Oliveira-Filhoetal2007"",23.4498975806452,1238.43548387097,74.8314120967742,27.970289516129,31.5885548387097,9.06967213114754,27.5204918032787,4.69672131147541,11.266393442623,55.8483606557377,15.6967213114754,56.7622950819672"
"672,""Manihot pilosa"",""Neotropical"",""forest"",""n"",7,NA,NA,"""","""",""Oliveira-Filhoetal2007"",20.357,1399.88,77.744088,8.78512,16.6399812,9.5,38.75,4.8125,13.9375,52.9791666666667,16.375,44.875"
"673,""Manihot guaranatica"",""Neotropical"",""forest"","""",NA,22.7,0.19,""Markesteijnetal2011"",""Markesteijnetal2011"","""",22.7487153846154,1047.46153846154,55.1242930769231,29.4286230769231,17.6795230769231,12,28.0384615384615,6.92307692307692,14.1153846153846,60.6923076923077,22.0384615384615,49.8846153846154"
"674,""Manihot jacobinensis"",""Neotropical"",""savanna"",""n"",4,NA,NA,"""","""",""Oliveira-Filhoetal2007"",21.8981407407407,912.37037037037,53.5181259259259,21.7779464285714,23.8773153571429,12.3392857142857,31.1428571428571,6.51785714285714,11.5714285714286,56.5357142857143,16.3035714285714,52.5714285714286"
"675,""Glycydendron amazonicum"",""Neotropical"",""forest"",""n"",30,NA,0.68081,"""",""Zanneetal2009"",""FloradoBrasil"",21.68582,1906.8,60.0327,4.77124,7.37308,13.4,27.7,10.3,48.8,50.7,23.6,48.9"
"676,""Shirakiopsis elliptica"",""Afrotropical"",""forest"","""",50,NA,0.511551337,"""",""Zanneetal2009"",""CJB"",21.7422905660377,1364.8679245283,75.6167735849057,35.0638538461538,16.5690403846154,15.6057692307692,35.4326923076923,10.0192307692308,20.1442307692308,55.0192307692308,18.8365384615385,45.6923076923077"
"677,""Nealchornea yapurensis"",""Neotropical"",""forest"","""",NA,NA,0.613333333,"""",""Zanneetal2009"","""",25.99584,2609.8,32.42962,5.96442,7.06385,12.4,29,2.4,42.15,46.55,27.3,43.45"
"678,""Tetrorchidium didymostemon"",""Afrotropical"",""forest"",""n"",24,NA,0.438606433,"""",""Zanneetal2009"",""JStorPlants"",24.7533614035088,1809.52631578947,61.1780754385965,15.3578210526316,7.25912842105263,10.7894736842105,32.5789473684211,15.2543859649123,17.5350877192982,51.3508771929825,17.5701754385965,49.8157894736842"
"679,""Actinostemon klotzschii"",""Neotropical"",""forest"",""n"",NA,22.602,NA,""Miatto&Batala2016"","""","""",21.3486,1293.22222222222,55.4859333333333,8.72144444444444,20.2845111111111,10.1666666666667,31.3888888888889,5.44444444444444,19.7777777777778,53.6111111111111,17,51.5555555555556"
"680,""Actinostemon concepcionis"",""Neotropical"",""forest"",""n"",NA,22.66266667,0.71,""Markesteijnetal2011/Miatto&Batala2016"",""Markesteijnetal2011"","""",21.8958166666667,1126.33333333333,56.1639166666667,15.2352166666667,41.0168,9.91666666666667,27.9166666666667,3.75,16.5833333333333,55.9166666666667,14.25,58"
"681,""Hippomane mancinella"",""Neotropical"",""forest"","""",NA,NA,0.5,"""",""Zanneetal2009"","""",25.261047826087,1017.52173913043,93.7576,8.02766,22.3594,23.8,36.1,14.725,24.925,63.925,26.125,37.775"
"682,""Neoboutonia macrocalyx"",""Afrotropical"",""forest"",""n"",40,NA,0.329599835,"""",""Zanneetal2009"",""JStorPlants"",17.27416,1271.86666666667,72.8291866666667,39.34714,19.1957866666667,19.7142857142857,35.2857142857143,9,30.0714285714286,53.8928571428571,24.1071428571429,40.5357142857143"
"683,""Discoglypremna caloneura"",""Afrotropical"",""forest"",""n"",45,NA,0.33951511,"""",""Zanneetal2009"",""CJB"",24.4274052631579,1979.73684210526,62.3354842105263,23.2849421052632,10.0523457894737,13.0526315789474,32.2894736842105,15.8421052631579,23.5,50.4736842105263,19.0263157894737,48.7631578947368"
"684,""Hevea spruceana"",""Neotropical"",""forest"","""",NA,NA,0.4,"""",""Zanneetal2009"","""",26.2349,2538.75,41.530625,3.41803333333333,12.9987411111111,17.9444444444444,31.1111111111111,1.83333333333333,38.7222222222222,47.5555555555556,35.0555555555556,33.8333333333333"
"685,""Hevea brasiliensis"",""Neotropical"",""forest"","""",NA,NA,0.492166667,"""",""Zanneetal2009"","""",25.421197826087,2255.69565217391,65.7980456521739,42.8939159090909,34.514255,14.9222222222222,31.9333333333333,7,23.3,53.2666666666667,23.1222222222222,44.9666666666667"
"686,""Hevea microphylla"",""Neotropical"",""forest"","""",NA,NA,0.43,"""",""Zanneetal2009"","""",26.5354,2423,34.83645,0.9927,4.65,9,30,3.5,35.75,44.5,26,44.25"
"687,""Hevea guianensis"",""Neotropical"",""forest"","""",NA,NA,0.570966942,"""",""Zanneetal2009"","""",26.067752173913,2639.34782608696,43.138352173913,4.66561304347826,4.89055782608696,11.3409090909091,31.9090909090909,5.90909090909091,31.1136363636364,47.7954545454545,24.75,43.2727272727273"
"688,""Hevea pauciflora"",""Neotropical"",""forest"","""",NA,NA,0.46,"""",""Zanneetal2009"","""",26.60388,3025.53333333333,34.0040333333333,2.78032,3.222,10.1923076923077,22.9615384615385,3.88461538461538,39.6923076923077,46.9230769230769,23.3846153846154,53.6153846153846"
"689,""Hevea nitida"",""Neotropical"",""forest"","""",NA,NA,0.54,"""",""Zanneetal2009"","""",26.6309571428571,2793.57142857143,39.4351428571429,7.23218571428571,12.8521657142857,14.8571428571429,27.5,6.57142857142857,47.5714285714286,49.6428571428571,28.1428571428571,44.3571428571429"
"690,""Ricinodendron heudelotii"",""Afrotropical"",""forest"",""n"",46,NA,0.210688231,"""",""Zanneetal2009"",""JStorPlants"",24.8103485714286,1600.65714285714,77.4652542857143,23.5916542857143,18.7195857142857,11.6029411764706,30.5735294117647,15.2647058823529,14.7352941176471,53.5735294117647,18.5588235294118,50.7647058823529"
"691,""Mabea subsessilis"",""Neotropical"",""forest"","""",NA,NA,0.6,"""",""Zanneetal2009"","""",25.7388916666667,2442.75,35.5907333333333,9.27548333333333,20.44645,10.3333333333333,30.4166666666667,2.58333333333333,34.2916666666667,46.5,25.0416666666667,44.75"
"692,""Mabea biglandulosa"",""Neotropical"",""forest"",""n"",NA,NA,0.57,"""",""Zanneetal2009"","""",26.5,1689,75.8007,15.88005,18.90805,11.75,33.75,10,19.5,55,18.25,48"
"693,""Mabea speciosa"",""Neotropical"",""forest"","""",NA,NA,0.635,"""",""Zanneetal2009"","""",25.5286375,2478.4375,42.889775,7.3653875,8.87045,11.875,32.21875,5.15625,31.25,48.375,24.4375,43.21875"
"694,""Mabea nitida"",""Neotropical"",""forest"","""",NA,NA,0.646659354,"""",""Zanneetal2009"","""",26.5768724137931,2412.06896551724,52.5364379310345,20.6903172413793,15.6808034482759,11.1785714285714,27.5535714285714,4.98214285714286,23.5892857142857,49.4821428571429,27.0357142857143,45.375"
"695,""Mabea piriri"",""Neotropical"",""forest"","""",NA,NA,0.597566667,"""",""Zanneetal2009"","""",24.9774333333333,2235.70833333333,51.4130916666667,53.2694458333333,11.31543625,10.3863636363636,32.9772727272727,6.56818181818182,24.1818181818182,49.0909090909091,22.0227272727273,44.9545454545455"
"696,""Mabea subserrulata"",""Neotropical"",""forest"","""",NA,NA,0.6,"""",""Zanneetal2009"","""",25.9,2113,78.4705,56.6067,25.4474,11.5,28.5,0,19,48.5,17,54.5"
"697,""Sandwithia guyanensis"",""Neotropical"",""forest"","""",NA,NA,0.74046,"""",""Zanneetal2009"","""",26.1292,2967,60.1693,0,0,12.5,32.5,7,23.5,45.5,21,46.5"
"698,""Aparisthmium cordatum"",""Neotropical"",""forest"",""n"",NA,NA,0.39,"""",""Zanneetal2009"","""",23.3232114285714,2115.74285714286,46.5441971428571,10.3709742857143,9.65180142857143,14.6470588235294,32.8602941176471,7.69117647058824,29.9044117647059,51.5441176470588,23.3382352941176,43.8308823529412"
"699,""Jatropha curcas"",""Neotropical"",""forest"","""",15,NA,0.17,"""",""Zanneetal2009"",""Oliveira-Filhoetal2007"",23.9222340136054,1201.60544217687,87.2890452380952,24.5109808362369,18.3900113356164,19.8865979381443,33.233676975945,14.1460481099656,13.766323024055,62.8144329896907,21.2731958762887,45.4707903780069"
"700,""Macaranga conglomerata"",""Afrotropical"",""forest"",""n"",32,NA,0.414225298,"""",""Zanneetal2009"",""CJB"",16.527075,964.125,76.8901625,12.4266125,47.052975,15.5625,38.8125,11.3125,30.75,56.625,20.125,40.9375"
"701,""Macaranga capensis"",""Afrotropical"",""forest"",""y"",25,NA,0.415601096,"""",""Zanneetal2009"",""JStorPlants"",21.16751,1423,77.81404,52.3578777777778,26.11917,12.15,33.35,7.35,19.5,55.1,16,50.85"
"702,""Plagiostyles africana"",""Afrotropical"",""forest"",""n"",25,NA,0.741348433,"""",""Zanneetal2009"",""CJB"",24.18458,1891.8,61.36565,2.435005,4.05405,12.225,39.425,10.5,21.85,47.675,14.7,45.85"
"703,""Conceveiba martiana"",""Neotropical"",""forest"",""n"",30,NA,0.43,"""",""Zanneetal2009"",""FloradoBrasil"",25.4833666666667,3017.33333333333,29.2779,0,0,11.1666666666667,30.3333333333333,13.1666666666667,36,45,20.8333333333333,49.1666666666667"
"704,""Conceveiba guianensis"",""Neotropical"",""forest"","""",20,NA,0.54337,"""",""Zanneetal2009"",""FloradoBrasil"",25.8490095238095,2364.66666666667,46.6202047619048,24.2776363636364,14.09838,10.9545454545455,31.0227272727273,4.70454545454545,27.4318181818182,48.0227272727273,23.9545454545455,45.1818181818182"
"705,""Joannesia heveoides"",""Neotropical"",""forest"","""",NA,NA,0.39,"""",""Zanneetal2009"","""",25.7042,2327,63.0686,35.784,16.4472,7,28.5,1,17.5,42.5,24.5,46.5"
"706,""Pausandra trianae"",""Neotropical"",""forest"",""n"",NA,NA,0.59,"""",""Zanneetal2009"","""",25.2111535714286,2894.89285714286,48.370675,11.5796620689655,12.4148962068966,18.5,33.7777777777778,10.5,34.3888888888889,52.6851851851852,25.8703703703704,40.4444444444444"
"707,""Oldfieldia africana"",""Afrotropical"",""forest"",""n"",40,NA,0.837759789,"""",""Zanneetal2009"",""CJB"",26.18498,1865.4,54.34478,5.55946,6.52,8.1,26.7,22,20.6,51.7,18,55.2"
"708,""Piranhea securinega"",""Neotropical"",""forest"","""",20,NA,NA,"""","""",""Oliveira-Filhoetal2007"",23.88855,910.25,97.511375,20.627025,20.998675,10.125,32.875,3,8.75,59.625,19.75,47.375"
"709,""Lacistema grandifolium"",""Neotropical"",""forest"","""",NA,NA,0.5166,"""",""Zanneetal2009"","""",25.8542,2007,62.27685,0,0,10.5,38.5,6.5,16.5,44.75,27.5,33.75"
"710,""Lacistema aggregatum"",""Neotropical"",""forest"","""",15,NA,0.505730889,"""",""Zanneetal2009"",""Oliveira-Filhoetal2007"",24.1825458646617,2288.27067669173,54.9763120300752,11.8878120300752,16.0518237593985,19.3609022556391,33.0526315789474,9.66541353383459,33.4962406015038,53.6503759398496,24.9210526315789,42.0225563909774"
"711,""Drypetes standleyi"",""Neotropical"",""forest"","""",NA,NA,0.675288311,"""",""Zanneetal2009"","""",24.93082,3306.2,35.98816,0,0,26.4,34.8,7.8,72.3,52.1,28.5,36.7"
"712,""Drypetes aubrevillei"",""Afrotropical"",""forest"","""",24,NA,0.82561211,"""",""Zanneetal2009"",""JStorPlants"",25.6268,2481.57142857143,56.1940714285714,0.5682,5.2,8.64285714285714,30.8571428571429,20.8571428571429,17.6428571428571,48.7857142857143,16.2857142857143,52.8571428571429"
"713,""Drypetes variabilis"",""Neotropical"",""forest"","""",NA,NA,0.736606111,"""",""Zanneetal2009"","""",22.13645,1799.5,59.19355,3.97585,11.68215,19.3333333333333,28.8333333333333,7.66666666666667,40.5,50,28,43"
"714,""Drypetes gerrardii"",""Afrotropical"",""forest"",""n"",30,NA,0.703437,"""",""Zanneetal2009"",""JStorPlants"",18.6015666666667,1105.125,75.7185916666667,39.147025,21.8234791666667,17.625,38,9.91666666666667,24.2708333333333,55.875,20.1041666666667,41.9166666666667"
"715,""Drypetes gossweileri"",""Afrotropical"",""forest"",""n"",38,NA,0.668960503,"""",""Zanneetal2009"",""JStorPlants"",24.4041555555556,1882,57.5622333333333,1.65462222222222,4.03611111111111,14.6111111111111,34,12.1666666666667,28.7222222222222,50,16.2222222222222,49.6111111111111"
"716,""Drypetes amazonica"",""Neotropical"",""forest"","""",NA,NA,0.67,"""",""Zanneetal2009"","""",24.44498,1908.4,46.64152,8.4478,14.3231,10.4166666666667,31.4166666666667,6.08333333333333,16.1666666666667,54.6666666666667,25.8333333333333,42.8333333333333"
"717,""Bridelia micrantha"",""Afrotropical"",""forest"",""y"",27,NA,0.510248787,"""",""Zanneetal2009"",""CJB"",22.0617160377358,1320.41509433962,83.8092811320755,35.5830097087379,22.4620161904762,12.6981132075472,33.1179245283019,11.7547169811321,16.2075471698113,55.7264150943396,16.4339622641509,50.3915094339623"
"718,""Pseudolachnostylis maprouneifolia"",""Afrotropical"",""savanna"",""n"",18,NA,0.595,"""",""Abbotetal1997"",""CJB"",22.3648030769231,976.938461538462,95.7328892307692,50.1312215384615,25.3377676923077,9.56153846153846,27.3,8.30769230769231,9.4,58.5615384615385,11.4230769230769,61.1615384615385"
"719,""Richeria grandis"",""Neotropical"",""forest"","""",NA,NA,0.576666667,"""",""Zanneetal2009"","""",22.4509904761905,1882.40476190476,59.909619047619,17.8519972972973,17.7633868421053,15.5243902439024,31.1341463414634,6.67073170731707,41.5487804878049,52.8780487804878,23.4878048780488,45.4146341463415"
"720,""Heywoodia lucens"",""Afrotropical"",""forest"",""n"",30,NA,0.744765,"""",""Zanneetal2009"",""JStorPlants"",20.0736,894,63.1661,69.6442666666667,61.1952666666667,14.5,34.6666666666667,10,19.8333333333333,55.1666666666667,17.3333333333333,48"
"721,""Spondianthus preussii"",""Afrotropical"",""forest"",""n"",27,NA,0.645009461,"""",""Zanneetal2009"",""JStorPlants"",25.89905,1580.40909090909,72.6562727272727,59.4201863636364,12.8267454545455,11.5,29.1111111111111,16.1388888888889,32.8055555555556,54.25,18.3055555555556,52.6111111111111"
"722,""Uapaca pynaertii"",""Afrotropical"",""forest"","""",NA,NA,0.611111111,"""",""Zanneetal2009"","""",25.1465818181818,1905.45454545455,64.9756636363636,24.7397636363636,23.9377545454545,9.90909090909091,33.1363636363636,12.1818181818182,18.0909090909091,52.2272727272727,16.6818181818182,50.0909090909091"
"723,""Uapaca heudelotii"",""Afrotropical"",""forest"",""n"",27,NA,0.614111058,"""",""Zanneetal2009"",""JStorPlants"",25.4560547169811,1772.45283018868,62.2871037735849,25.2632490196078,11.2105325490196,12.9489795918367,31.8061224489796,13.8469387755102,25.1122448979592,52.3061224489796,19.6734693877551,48.3877551020408"
"724,""Uapaca guineensis"",""Afrotropical"",""forest"",""n"",30,NA,0.611766258,"""",""Zanneetal2009"",""JStorPlants"",25.1285685714286,1807.6,70.0687542857143,15.9197323529412,12.8946205882353,11.2714285714286,31.8571428571429,12.8142857142857,20.7428571428571,51.0142857142857,17.7428571428571,50.3571428571429"
"725,""Uapaca paludosa"",""Afrotropical"",""forest"",""n"",40,NA,0.652039764,"""",""Zanneetal2009"",""JStorPlants"",24.3543137931034,1770.75862068966,58.6286517241379,7.9097275862069,10.4051737931034,9.86206896551724,35.5862068965517,7.63793103448276,19.948275862069,49.6206896551724,13.9137931034483,50.4827586206897"
"726,""Uapaca kirkiana"",""Afrotropical"",""savanna"",""n"",12,NA,0.57,"""",""Abbotetal1997"",""JStorPlants"",19.7403826923077,1162.84615384615,97.8506365384615,68.4100653846154,26.5449211538462,8.86538461538461,31.5384615384615,9.36538461538461,12.9711538461538,55.3269230769231,13.2115384615385,55.25"
"727,""Amanoa oblongifolia"",""Neotropical"",""forest"",""n"",NA,NA,0.83,"""",""Zanneetal2009"","""",25.5023222222222,2350.44444444444,44.2022111111111,5.85377777777778,7.52777777777778,10.3333333333333,29.1111111111111,2.94444444444444,30.3333333333333,47.0555555555556,22.2222222222222,48.6111111111111"
"728,""Amaioua guianensis"",""Neotropical"",""forest"",""n"",NA,NA,0.843113333,"""",""Zanneetal2009"","""",25.48775625,2184.5,54.164625,14.0309875,14.2002125,15.0625,33,5.40625,33.53125,51.71875,22.84375,44.0625"
"729,""Amanoa glaucophylla"",""Neotropical"",""forest"","""",NA,NA,0.8,"""",""Zanneetal2009"","""",25.5896,2665,43.05465,135.1296,12.31325,9,29.75,2,17.5,44.25,22.5,48"
"730,""Protomegabaria stapfiana"",""Afrotropical"",""forest"",""n"",20,NA,0.60200883,"""",""Zanneetal2009"",""CJB"",25.1352363636364,2248.54545454545,63.9916772727273,0.836226315789474,3.05903315789474,17.6590909090909,32.1818181818182,20.7272727272727,29.3409090909091,50.5227272727273,18.2045454545455,49.5909090909091"
"731,""Asteranthos brasiliensis"",""Neotropical"",""forest"",""n"",NA,NA,0.67,"""",""Zanneetal2009"","""",26.7375,2852,26.0327,0.851228571428571,2.60952285714286,9.64285714285714,23.7857142857143,0.571428571428571,62.9285714285714,45.8571428571429,25.8571428571429,50.1428571428571"
"732,""Grias peruviana"",""Neotropical"",""forest"","""",NA,NA,0.62,"""",""Zanneetal2009"","""",24.7566733333333,2201.93333333333,38.0425133333333,4.36851333333333,4.99041133333333,15.75,34.75,8.46428571428571,41.2142857142857,52.4642857142857,26.8928571428571,38.3571428571429"
"733,""Grias neuberthii"",""Neotropical"",""forest"","""",NA,NA,0.62,"""",""Zanneetal2009"","""",24.486836,3597.24,20.502832,3.53528,3.3107356,14,33.0416666666667,6.08333333333333,51.7291666666667,50.0208333333333,25.7916666666667,41.1666666666667"
"734,""Lecythis gracieana"",""Neotropical"",""forest"","""",NA,NA,0.826123666,"""",""Zanneetal2009"","""",26.4521,2344,43.66815,0.9919,11.675,6.75,39.5,4.75,18,43.5,20.75,39.5"
"735,""Lecythis tuyrana"",""Neotropical"",""forest"","""",NA,NA,0.61,"""",""Zanneetal2009"","""",27.3083333333333,2579.33333333333,55.2540666666667,4.210475,16.061075,19.6666666666667,30.8333333333333,7.66666666666667,59.6666666666667,54,30.1666666666667,39.3333333333333"
"736,""Lecythis holcogyne"",""Neotropical"",""forest"","""",NA,NA,0.77606,"""",""Zanneetal2009"","""",27.09375,2138,73.79365,12.403,14.3386,7.5,28,7,25,51.75,23.5,48.5"
"738,""Lecythis corrugata"",""Neotropical"",""forest"","""",NA,NA,0.776915714,"""",""Zanneetal2009"","""",26.440947826087,2137.73913043478,55.3842608695652,5.05303913043478,9.94731869565217,9.8421052631579,32.6052631578947,7,18.9736842105263,49.9736842105263,20.4473684210526,47.0263157894737"
"739,""Lecythis lurida"",""Neotropical"",""forest"","""",NA,NA,0.83,"""",""Zanneetal2009"","""",24.4923869565217,1514.65217391304,60.5244608695652,39.3768181818182,19.9614347826087,10.8913043478261,30.1304347826087,4.56521739130435,18.1739130434783,53.7826086956522,16.8260869565217,53.0652173913044"
"740,""Lecythis poiteaui"",""Neotropical"",""forest"","""",NA,NA,0.801975,"""",""Zanneetal2009"","""",26.4194333333333,2179.33333333333,51.3027666666667,1.987,17.475,7.33333333333333,35.5,4.16666666666667,16.5,45.8333333333333,19.8333333333333,44.6666666666667"
"741,""Lecythis brancoensis"",""Neotropical"",""savanna"","""",15,NA,NA,"""","""",""Oliveira-Filhoetal2007"",26.1333,1717,69.8091,12.8999,14.0154,13.5,30.5,11.5,13,56.5,22.5,46.5"
"742,""Lecythis ampla"",""Neotropical"",""forest"","""",NA,NA,0.75,"""",""Zanneetal2009"","""",25.441675,3280.25,46.059275,0.2481,4.45,20.625,33.125,9.125,34.5,52.125,27.25,39.5"
"743,""Lecythis schomburgkii"",""Neotropical"",""savanna"","""",15,NA,NA,"""","""",""Oliveira-Filhoetal2007"",27.6375,1689,72.02485,33.7518,38.4701,7,35,8.5,14,57,20.5,44.5"
"744,""Lecythis confertiflora"",""Neotropical"",""forest"","""",NA,NA,0.82606,"""",""Zanneetal2009"","""",26.0909666666667,2274.33333333333,53.0637166666667,1.98718333333333,6.95083333333333,9.75,35.75,5.25,15.75,46.5,21.1666666666667,42.8333333333333"
"745,""Lecythis prancei"",""Neotropical"",""forest"","""",NA,NA,0.875,"""",""Zanneetal2009"","""",26.4604,2331,44.75125,2.97535,8.68,7.25,36.75,3,17.5,43.75,19.75,43.75"
"746,""Lecythis pisonis"",""Neotropical"",""forest"","""",50,NA,0.852360511,"""",""Zanneetal2009"",""Oliveira-Filhoetal2007"",24.6815958333333,1654.5,45.396435,13.1179958333333,12.3732416666667,12.5,32.7291666666667,3.85416666666667,22.4166666666667,52.8125,24.0833333333333,43.2083333333333"
"747,""Lecythis parvifructa"",""Neotropical"",""forest"","""",NA,NA,0.741,"""",""Zanneetal2009"","""",26.5764,2336.33333333333,41.3267666666667,0.9931,2.86666666666667,7.33333333333333,40.5,2.16666666666667,20.3333333333333,45,19.1666666666667,40.3333333333333"
"748,""Lecythis idatimon"",""Neotropical"",""forest"","""",NA,NA,0.798571429,"""",""Zanneetal2009"","""",26.2272133333333,2313.66666666667,58.47478,20.2772357142857,10.2346785714286,11,33.4230769230769,4.84615384615385,26.7307692307692,48.1153846153846,22.3076923076923,44.1923076923077"
"749,""Lecythis chartacea"",""Neotropical"",""forest"","""",NA,NA,0.818853333,"""",""Zanneetal2009"","""",26.42385,2392.22222222222,48.3928666666667,3.16693333333333,8.12721111111111,8.83333333333333,31.5,5.52777777777778,29.25,46.3611111111111,23.3888888888889,45.0833333333333"
"750,""Lecythis zabucajo"",""Neotropical"",""forest"","""",NA,NA,0.849703333,"""",""Zanneetal2009"","""",23.9792,2669.33333333333,36.9175833333333,1.44477142857143,14.6571471428571,18.75,36,5.83333333333333,35.4166666666667,51.5,26.1666666666667,37.8333333333333"
"751,""Lecythis lanceolata"",""Neotropical"",""forest"","""",30,NA,NA,"""","""",""Oliveira-Filhoetal2007"",24.73084,1731,63.43268,19.46704,24.288354,10.7,33.2,3.6,18.1,51.9,19.5,47.2"
"752,""Couroupita guianensis"",""Neotropical"",""forest"",""n"",35,NA,0.434015,"""",""Zanneetal2009"",""FloradoBrasil"",25.335131372549,2209.13725490196,50.3432196078431,17.8379367346939,15.8473774509804,17.27,32.59,9.01,25.8,55.21,25.58,41.71"
"753,""Couroupita subsessilis"",""Neotropical"",""forest"",""n"",55,NA,0.39,"""",""Zanneetal2009"",""FloradoBrasil"",26.7111083333333,2507.58333333333,35.0310333333333,0.496558333333333,8.1625,13.5,27.6428571428571,1.21428571428571,35.7142857142857,49.5714285714286,35.2857142857143,37"
"754,""Barringtonia racemosa"",""Afrotropical"",""forest"",""n"",27,NA,0.5574975,"""",""Zanneetal2009"",""JStorPlants"",24.3571975,1472.275,72.88628,27.6759743589744,30.4989333333333,14.8513513513514,30.1621621621622,7.32432432432432,20.6756756756757,57.2972972972973,17.1891891891892,52.5540540540541"
"755,""Allantoma lineata"",""Neotropical"",""forest"",""n"",NA,NA,0.545,"""",""Zanneetal2009"","""",26.545,2811.8,46.08556,0.19878,0.96,10,28.5,6,35.3333333333333,45.3333333333333,21,50.6666666666667"
"756,""Cariniana estrellensis"",""Neotropical"",""forest"",""n"",50,33.1,0.578,""Markesteijn&Poorter2009"",""Poorter2010/Zanneetal2009"",""Oliveira-Filhoetal2007"",21.00884,1403.1,56.087532,16.209714,17.2241166,10.78,36.14,4.44,17.48,53.39,19.42,44.45"
"757,""Cariniana domestica"",""Neotropical"",""forest"",""n"",50,NA,0.59,"""",""Zanneetal2009"",""Oliveira-Filhoetal2007"",25.7093076923077,1693,66.7292,53.2747076923077,19.2829538461538,9.23076923076923,29.6923076923077,2.07692307692308,12.9230769230769,50.8076923076923,23.0769230769231,47.1923076923077"
"758,""Cariniana ianeirensis"",""Neotropical"",""forest"",""n"",NA,31.53132832,NA,""Kitajima&Poorter2010/Markesteijn&Poorter2009"","""","""",22.8632,1189,55.9742333333333,7.45038333333333,16.51375,10.75,37.5833333333333,4.41666666666667,16.0833333333333,56.5,18.8333333333333,43.5833333333333"
"759,""Cariniana legalis"",""Neotropical"",""forest"",""n"",NA,13.837,0.483333333,""Miatto&Batala2016"",""Zanneetal2009"","""",22.1205076923077,1359.46153846154,67.8181307692308,32.3759538461538,29.6537823076923,10.6538461538462,37.3846153846154,3.84615384615385,18.4230769230769,54.4230769230769,18.1923076923077,44.5"
"760,""Cariniana rubra"",""Neotropical"",""forest"",""n"",15,NA,0.55,"""",""Zanneetal2009"",""Oliveira-Filhoetal2007"",25.5041666666667,1746.33333333333,76.87072,31.06324,25.1490333333333,6.76666666666667,25.5666666666667,2.66666666666667,14.4333333333333,52.3333333333333,16.5,57.6333333333333"
"761,""Cariniana micrantha"",""Neotropical"",""forest"",""n"",NA,NA,0.5866,"""",""Zanneetal2009"","""",26.292725,2268.25,51.2519,14.51104,16.91052,8.8,37.8,1.5,30.7,44.8,22.7,39.5"
"762,""Couratari guianensis"",""Neotropical"",""forest"","""",NA,NA,0.507075,"""",""Zanneetal2009"","""",25.6051470588235,2571.23529411765,50.2253823529412,6.84724117647059,6.02240588235294,17.5,31.5294117647059,10.0882352941176,35.3235294117647,49.9705882352941,25.4705882352941,43.1176470588235"
"763,""Couratari longipedicellata"",""Neotropical"",""forest"","""",NA,NA,0.54,"""",""Zanneetal2009"","""",26.55,2314,33.2793,0,0,8,39.5,2,33.5,44.5,20.5,40.5"
"764,""Couratari macrosperma"",""Neotropical"",""forest"","""",NA,NA,0.67,"""",""Zanneetal2009"","""",25.1909,1574.27272727273,57.8625363636364,51.1377818181818,25.8711272727273,9.95454545454546,33.5909090909091,1.90909090909091,11.9090909090909,51.1363636363636,20.8636363636364,45.5454545454545"
"765,""Couratari multiflora"",""Neotropical"",""forest"","""",NA,NA,0.447905,"""",""Zanneetal2009"","""",26.3944666666667,1966,53.8870666666667,135.735333333333,35.9515,8.16666666666667,34,2.5,17.8333333333333,44.8333333333333,22.8333333333333,43.3333333333333"
"766,""Couratari asterotricha"",""Neotropical"",""forest"","""",NA,NA,0.51,"""",""Zanneetal2009"","""",23.81875,1207,48.99865,3.976,53.119,11.75,42.25,3,14.5,56.5,23.5,34"
"767,""Couratari tauari"",""Neotropical"",""forest"",""n"",NA,NA,0.554966813,"""",""Zanneetal2009"","""",26.7833,1794.5,74.2117,51.6586,15.4041,7.25,31.75,2.5,11.5,51.75,21.25,47.75"
"768,""Couratari oblongifolia"",""Neotropical"",""forest"","""",NA,NA,0.505,"""",""Zanneetal2009"","""",26.8944333333333,1857,70.1706,14.5589333333333,10.8807666666667,5.83333333333333,31.3333333333333,5.16666666666667,9.16666666666667,51.5,16.5,52.3333333333333"
"769,""Couratari stellata"",""Neotropical"",""forest"","""",NA,NA,0.633164762,"""",""Zanneetal2009"","""",26.454175,2095.625,52.04665,2.356675,5.415625,9.125,34.1875,6.4375,20.0625,46.5,20.6875,45.25"
"770,""Petersianthus macrocarpus"",""Afrotropical"",""forest"",""n"",40,NA,0.676536258,"""",""Zanneetal2009"",""CJB"",24.0705115384615,1754.76923076923,62.4602153846154,11.3197692307692,7.88805230769231,10.7115384615385,35.8653846153846,11.8076923076923,18.1923076923077,50.3461538461538,17.0384615384615,47.1153846153846"
"771,""Bertholletia excelsa"",""Neotropical"",""forest"",""n"",NA,NA,0.62398375,"""",""Zanneetal2009"","""",25.8743775,2236.975,57.27094,24.8169292682927,14.7115009756098,9.60975609756098,32.9634146341463,2.85365853658537,18.6829268292683,47.9756097560976,24.0487804878049,43.0365853658537"
"772,""Eschweilera carinata"",""Neotropical"",""forest"",""n"",45,NA,0.782,"""",""Zanneetal2009"",""FloradoBrasil"",26.3791666666667,2427,42.4149333333333,0,0,9.16666666666667,35,1.16666666666667,25.6666666666667,42.5,28.5,37"
"773,""Eschweilera tenuifolia"",""Neotropical"",""forest"",""n"",15,NA,0.77,"""",""Zanneetal2009"",""FloradoBrasil"",26.8507703703704,2467.14814814815,43.7854925925926,8.978075,9.12491428571429,10.9782608695652,29.6739130434783,2.6304347826087,45.3913043478261,46.2608695652174,28.2173913043478,42.0434782608696"
"774,""Eschweilera atropetiolata"",""Neotropical"",""forest"",""n"",35,NA,0.753,"""",""Zanneetal2009"",""FloradoBrasil"",26.34305,2261.66666666667,54.5028,17.8972333333333,10.7160666666667,7.33333333333333,38.0833333333333,1.75,17.5833333333333,43.8333333333333,20.8333333333333,41.1666666666667"
"775,""Eschweilera wachenheimii"",""Neotropical"",""forest"","""",NA,NA,0.8055,"""",""Zanneetal2009"","""",25.09115,2235.125,47.9314,3.312,6.17241111111111,11.7777777777778,33,5.33333333333333,28.5555555555556,45.8333333333333,27.1666666666667,39.8333333333333"
"776,""Eschweilera coriacea"",""Neotropical"",""forest"","""",NA,NA,0.852013744,"""",""Zanneetal2009"","""",25.502021875,2558.984375,47.361778125,8.661596875,11.0512515625,12.9444444444444,32.6349206349206,6.1984126984127,29.3412698412698,48.984126984127,24.2380952380952,43.1587301587302"
"777,""Eschweilera juruensis"",""Neotropical"",""forest"","""",NA,NA,0.96,"""",""Zanneetal2009"","""",26.4172714285714,2554.28571428571,27.2991285714286,3.545,2.69771428571429,11.6666666666667,27.4166666666667,1.41666666666667,47,44.5833333333333,28.4166666666667,44.1666666666667"
"778,""Eschweilera simiorum"",""Neotropical"",""forest"","""",NA,NA,0.86,"""",""Zanneetal2009"","""",26.6083,2369,41.8786,3.9732,8.575,9,30,5.5,8,47.5,14,55.5"
"779,""Eschweilera collina"",""Neotropical"",""forest"","""",NA,NA,0.778325314,"""",""Zanneetal2009"","""",26.0089285714286,2187.71428571429,42.3002285714286,5.39675714285714,8.28548571428571,12.75,35.25,8.66666666666667,25.5,48.9166666666667,23.0833333333333,41.75"
"780,""Eschweilera parvifolia"",""Neotropical"",""forest"","""",NA,NA,0.8889275,"""",""Zanneetal2009"","""",26.3402130434783,2181.73913043478,52.9067739130435,41.9559,14.2543583333333,9.78260869565217,29.5869565217391,4.26086956521739,33.2391304347826,48,22.4130434782609,48.1086956521739"
"781,""Eschweilera amazoniciformis"",""Neotropical"",""forest"","""",NA,NA,0.823,"""",""Zanneetal2009"","""",26.4708,2350.33333333333,42.5584666666667,1.32226666666667,6.42223333333333,6.83333333333333,39.5,2.83333333333333,18.3333333333333,44.1666666666667,18.8333333333333,42"
"782,""Eschweilera albiflora"",""Neotropical"",""forest"",""n"",30,NA,0.86,"""",""Zanneetal2009"",""FloradoBrasil"",26.4563578947368,2529.94736842105,37.9906157894737,9.88609473684211,4.90262052631579,10.9166666666667,28.9722222222222,2.11111111111111,29.5277777777778,46.25,30.3611111111111,40.75"
"783,""Eschweilera amazonica"",""Neotropical"",""forest"","""",NA,NA,0.9,"""",""Zanneetal2009"","""",26.747,2289.57142857143,61.7415857142857,33.9202142857143,27.8412571428571,7.41666666666667,35.5,3.5,14.75,49,21.5,43"
"784,""Eschweilera subglandulosa"",""Neotropical"",""forest"","""",NA,NA,0.856926,"""",""Zanneetal2009"","""",26.2885464285714,2018.85714285714,59.2995892857143,9.17430769230769,8.94716785714286,13.3409090909091,36.2954545454545,9.72727272727273,17.9318181818182,53.0227272727273,22.4090909090909,41.2954545454545"
"785,""Eschweilera gigantea"",""Neotropical"",""forest"","""",NA,NA,0.78,"""",""Zanneetal2009"","""",25.55,3396,17.54345,0,0,11.3333333333333,29,3.16666666666667,35.3333333333333,44.6666666666667,24.6666666666667,46.3333333333333"
"786,""Eschweilera micrantha"",""Neotropical"",""forest"",""n"",30,NA,0.86,"""",""Zanneetal2009"",""FloradoBrasil"",26.3934428571429,2397.57142857143,50.5691714285714,39.1802285714286,5.1635,8.08333333333333,33.1666666666667,6,15.0833333333333,47.4166666666667,19.5833333333333,47.25"
"787,""Eschweilera sagotiana"",""Neotropical"",""forest"","""",NA,NA,0.8,"""",""Zanneetal2009"","""",25.94416,2319.6,44.7192,6.16404,2.91612,10.6,34.5,7.3,26.5,47.1,22.7,42.8"
"788,""Eschweilera alata"",""Neotropical"",""forest"","""",NA,NA,0.96432,"""",""Zanneetal2009"","""",24.43125,1954.5,46.51605,0,0,16,35.75,9.25,26.75,49.75,23.5,40.5"
"789,""Eschweilera tessmannii"",""Neotropical"",""forest"","""",NA,NA,0.789,"""",""Zanneetal2009"","""",26.29765,2369.5625,42.7550875,16.8937375,13.506449375,12,30.5,1.69230769230769,20.6923076923077,43.7692307692308,30.6538461538462,38.8076923076923"
"790,""Eschweilera ovata"",""Neotropical"",""forest"",""n"",23,NA,0.9,"""",""Zanneetal2009"",""FloradoBrasil"",24.1028340909091,1471.70454545455,51.9449590909091,22.3269681818182,24.4983681818182,11.875,32.0795454545455,4.01136363636364,16.7386363636364,54.3295454545455,17.7840909090909,50.2159090909091"
"791,""Eschweilera grandiflora"",""Neotropical"",""forest"",""n"",35,NA,0.876,"""",""Zanneetal2009"",""FloradoBrasil"",26.6279714285714,2384.71428571429,51.2148857142857,5.2478,10.4327171428571,9.78571428571429,35.5714285714286,2,21.8571428571429,45.1428571428571,24.5714285714286,39.7857142857143"
"792,""Eschweilera nana"",""Neotropical"",""savanna"",""n"",15,NA,NA,"""","""",""FloradoBrasil"",24.0691034482759,1409.31034482759,79.0931620689655,51.0158034482759,46.3362034482759,6.81034482758621,27.1896551724138,3.55172413793103,10.1551724137931,53.8103448275862,14.9827586206897,57.8448275862069"
"793,""Eschweilera pedicellata"",""Neotropical"",""forest"",""n"",20,NA,0.90866,"""",""Zanneetal2009"",""FloradoBrasil"",26.1307085714286,2134.48571428571,54.9476457142857,6.58531142857143,7.11483714285714,9.20967741935484,34.5483870967742,6.91935483870968,20.4516129032258,48.0967741935484,22.4516129032258,43.0483870967742"
"794,""Piper tuberculatum"",""Neotropical"",""forest"","""",5,NA,NA,"""","""",""Oliveira-Filhoetal2007"",24.9516242647059,1615.54411764706,80.2214514705882,24.2731533333333,21.8692467153285,16.2862595419847,31.6030534351145,9.3587786259542,16.2557251908397,57.4465648854962,24.0381679389313,44.381679389313"
"795,""Piper reticulatum"",""Neotropical"",""forest"",""n"",NA,NA,0.33,"""",""Zanneetal2009"","""",25.653,2605.68,52.954956,8.605472,10.9044168,19.4791666666667,32.4375,10.0416666666667,35.6875,54.3541666666667,27.1458333333333,40.375"
"796,""Piper amalago"",""Neotropical"",""forest"",""n"",NA,27.5,NA,""Miatto&Batala2016"","""","""",22.640138592233,1508.45145631068,63.0903886650485,22.9013397022333,20.1614540686274,21.5330882352941,37.6960784313725,11.0698529411765,22.5723039215686,59.5747549019608,22.4865196078431,39.8259803921569"
"797,""Piper hispidum"",""Neotropical"",""forest"",""n"",5,NA,NA,"""","""",""Oliveira-Filhoetal2007"",21.9915844407895,1963.89473684211,64.2887924342105,18.1454110367893,16.9943675,20.9668874172185,35.6291390728477,11.6241721854305,28.9917218543046,55.2599337748344,25.0215231788079,39.3741721854305"
"798,""Cassipourea guianensis"",""Neotropical"",""forest"","""",NA,NA,0.82,"""",""Zanneetal2009"","""",24.9186769230769,2484.25274725275,52.8567307692308,9.27434022988506,12.5186965909091,22.4709302325581,35.2383720930233,10.1802325581395,40.1744186046512,54,25.5290697674419,39.2790697674419"
"799,""Chromolaena odorata"",""Afrotropical"",""forest"",""n"",4,25.90673575,NA,""Dominguesetal2010"","""",""CJB"",24.3977855018587,1426.77199504337,63.2264876084263,13.8394346153846,14.807461460396,15.615099009901,31.2147277227723,17.3898514851485,14.7283415841584,57.9950495049505,21.9956683168317,46.792698019802"
"800,""Chromolaena squalida"",""Neotropical"",""savanna"","""",NA,8.7,NA,""Cianciarusoetal2013"","""","""",21.8037927272727,1581.49090909091,74.6196818181818,41.9265909090909,27.5072758181818,8.57547169811321,35.188679245283,3.77358490566038,18.4150943396226,53.0471698113208,17.6698113207547,47.0849056603774"
"801,""Wunderlichia mirabilis"",""Neotropical"",""savanna"",""n"",10,NA,NA,"""","""",""Oliveira-Filhoetal2007"",20.0586357142857,1281.92857142857,88.8081285714286,18.5902785714286,39.2219714285714,8.71428571428571,33.4642857142857,5.57142857142857,21.5714285714286,53.5357142857143,15.8571428571429,50.7142857142857"
"802,""Moquiniastrum floribundum"",""Neotropical"",""savanna"",""n"",4,16.8,NA,""Cianciarusoetal2013"","""",""FloradoBrasil"",21.3461461538462,1326.46153846154,76.9734153846154,29.2453923076923,26.9610769230769,9.15384615384615,34.5384615384615,4.73076923076923,17.3846153846154,53.7307692307692,16.8461538461538,48.4615384615385"
"803,""Piptocoma discolor"",""Neotropical"",""forest"","""",NA,NA,0.47,"""",""Zanneetal2009"","""",23.0621736842105,2669.84210526316,43.2599210526316,14.7166921052632,11.0627307894737,21.0789473684211,33.5657894736842,9.80263157894737,44.1052631578947,52.5526315789474,26.3157894736842,40.1315789473684"
"804,""Vernonanthura divaricata"",""Neotropical"",""savanna"",""n"",NA,10.4,NA,""Cianciarusoetal2013"","""","""",19.469664,1451.48,57.704024,13.790956,20.674172,11.78,37.28,4.38,22.74,52.68,18.84,43.78"
"805,""Vernonanthura patens"",""Neotropical"",""forest"","""",NA,NA,0.54,"""",""Zanneetal2009"","""",21.6474382059801,1753.3853820598,78.3043800664452,27.4996248344371,20.6866199337748,23.4139072847682,35.7533112582781,14.9983443708609,25.4470198675497,57.8990066225166,25.612582781457,38.6721854304636"
"806,""Baccharis dracunculifolia"",""Neotropical"",""forest"",""n"",7,NA,NA,"""","""",""Oliveira-Filhoetal2007"",18.5798070967742,1311.2064516129,49.451811483871,12.4917058064516,18.1301769677419,13.5065789473684,35.8980263157895,7.33223684210526,24.6907894736842,55.1348684210526,22.9868421052632,41.1184210526316"
"807,""Baccharis serrula"",""Neotropical"",""savanna"",""n"",7,NA,NA,"""","""",""Oliveira-Filhoetal2007"",16.5333333333333,1590.66666666667,80.7047666666667,14.2447333333333,32.7503666666667,11.5,35,6.5,31,51.1666666666667,17.8333333333333,47.1666666666667"
"808,""Baccharis retusa"",""Neotropical"",""savanna"",""n"",7,NA,NA,"""","""",""Oliveira-Filhoetal2007"",19.0713918918919,1516.62162162162,74.1411189189189,20.3667486486486,27.0328945945946,9.85135135135135,37.9324324324324,4.52702702702703,23.6756756756757,52.5810810810811,17.6216216216216,44.4864864864865"
"809,""Baccharis intermixta"",""Neotropical"",""savanna"",""n"",4,NA,NA,"""","""",""Oliveira-Filhoetal2007"",17.41042,1563.55,48.69186,8.247435,12.29182,12.025,38.45,4.175,25.475,51.75,21.85,39.775"
"810,""Baccharis dentata"",""Neotropical"",""forest"",""n"",6,NA,NA,"""","""",""Oliveira-Filhoetal2007"",16.8383695833333,1648.125,41.6732116666667,3.89177083333333,12.2800625,14.0416666666667,39.2708333333333,5.8125,31.5625,51.8958333333333,21.8541666666667,38.875"
"811,""Eremanthus veadeiroensis"",""Neotropical"",""savanna"",""n"",4,NA,NA,"""","""",""Oliveira-Filhoetal2007"",19.43125,1705.5,82.1473,67.9931,48.62965,6.5,38.25,9.75,30.5,51.75,12.5,49.5"
"812,""Eremanthus incanus"",""Neotropical"",""savanna"",""n"",10,NA,NA,"""","""",""Oliveira-Filhoetal2007"",19.8659181818182,1249.54545454545,81.6371424242424,18.514303030303,36.510803030303,10.5,35.765625,5.34375,26.734375,53.78125,16.53125,47.703125"
"813,""Eremanthus argenteus"",""Neotropical"",""savanna"",""n"",3,NA,NA,"""","""",""Oliveira-Filhoetal2007"",20.18335,1615,81.72445,66.0023,41.99875,6.25,38.25,8.25,16,52.75,17,44.75"
"814,""Eremanthus glomerulatus"",""Neotropical"",""savanna"",""n"",10,NA,NA,"""","""",""Oliveira-Filhoetal2007"",20.3224238095238,1438.38095238095,80.6119476190476,27.5257142857143,28.4859942857143,8.30952380952381,37.6666666666667,4.35714285714286,16.1666666666667,53.1190476190476,17,45.3571428571429"
"815,""Eremanthus uniflorus"",""Neotropical"",""savanna"",""n"",5,NA,NA,"""","""",""Oliveira-Filhoetal2007"",21.8930666666667,1580.83333333333,87.8062333333333,62.5438833333333,62.1383,7.83333333333333,33.5833333333333,6,19.25,53.9166666666667,15.75,50.6666666666667"
"816,""Eremanthus goyazensis"",""Neotropical"",""savanna"",""n"",3,NA,NA,"""","""",""Oliveira-Filhoetal2007"",21.36528,1528.13333333333,81.3501733333333,59.3488933333333,37.6587466666667,6.26666666666667,36.6666666666667,4.63333333333333,14.4,52.9333333333333,16.5666666666667,46.7"
"817,""Paralychnophora bicolor"",""Neotropical"",""savanna"","""",6,NA,NA,"""","""",""Oliveira-Filhoetal2007"",19.64585,1203.5,85.350675,14.1565,12.9323925,10.375,35.5,5.25,44.75,53.375,13.875,50.5"
"818,""Brachylaena discolor"",""Afrotropical"",""savanna"",""n"",10,NA,NA,"""","""",""JStorPlants"",18.5659052631579,825.552631578947,65.1487052631579,50.2858692307692,35.3716541025641,12.9861111111111,28.1944444444444,8.02777777777778,18.0833333333333,59.7638888888889,16.6111111111111,55.2083333333333"
"819,""Brachylaena huillensis"",""Afrotropical"",""savanna"",""n"",40,NA,0.842,"""",""Plasetal2012"",""JStorPlants"",22.81876,857.8,76.83887,10.43727,17.93393,11.45,30.65,6.95,10.35,59.5,13.05,56.15"
"820,""Chresta sphaerocephala"",""Neotropical"",""savanna"","""",NA,5.8,NA,""Cianciarusoetal2013"","""","""",20.0256111111111,1442.51851851852,82.5427444444444,39.3594111111111,41.6837407407407,8.07407407407407,38.7777777777778,3.44444444444444,18.2222222222222,52.2777777777778,16.1851851851852,45.0925925925926"
"821,""Raulinoreitzia leptophlebia"",""Neotropical"",""forest"",""n"",4,NA,NA,"""","""",""Oliveira-Filhoetal2007"",19.7,1549,63.3998333333333,22.4839333333333,17.9688333333333,10,40.5,3.5,15.6666666666667,50.8333333333333,18.3333333333333,41.1666666666667"
"822,""Muntingia calabura"",""Neotropical"",""forest"",""n"",8,NA,0.3,"""",""Zanneetal2009"",""FloradoBrasil"",24.9571872727273,1546.52424242424,79.9061093939394,39.6142890909091,22.3324915915916,23.4674922600619,36.1996904024768,14.5216718266254,20.2275541795666,62.9597523219814,24.3343653250774,39.4721362229102"
"823,""Apeiba tibourbou"",""Neotropical"",""forest"",""n"",30,NA,0.2,"""",""Zanneetal2009"",""Oliveira-Filhoetal2007"",25.3632237179487,2022.17307692308,70.5252717948718,35.0588897435897,21.0125682165605,15.0350318471338,32.4522292993631,9.13375796178344,18.687898089172,54.5095541401274,23.5700636942675,43.968152866242"
"824,""Theobroma cacao"",""Neotropical"",""forest"","""",NA,NA,0.42,"""",""Zanneetal2009"","""",24.704403286385,2246.47887323944,58.0000703286385,19.3421343283582,14.504679569378,19.2809523809524,33.5738095238095,10.0904761904762,26.9428571428571,56.2071428571429,25.45,40.9928571428571"
"825,""Quararibea turbinata"",""Neotropical"",""forest"",""n"",15,NA,NA,"""","""",""Oliveira-Filhoetal2007"",23.5719545454545,1645.72727272727,48.8332909090909,5.46123333333333,14.9061571428571,19.5909090909091,39.5909090909091,6.31818181818182,27.1818181818182,55.4545454545455,25.3181818181818,35.0454545454545"
"826,""Pachira aquatica"",""Neotropical"",""forest"","""",NA,NA,0.376743333,"""",""Zanneetal2009"","""",25.3809126436782,2093.90229885057,68.5745252873563,52.3339308139535,22.1463160115607,22.6768292682927,35.5670731707317,10.5792682926829,26.3810975609756,60.1036585365854,23.8231707317073,40.5701219512195"
"827,""Pachira insignis"",""Neotropical"",""forest"","""",NA,NA,0.38386,"""",""Zanneetal2009"","""",25.8810545454545,1884,66.9922636363636,10.2506727272727,17.2719090909091,12.3333333333333,29.2222222222222,5.22222222222222,20.3333333333333,51.2777777777778,24.2777777777778,46.5555555555556"
"828,""Ochroma pyramidale"",""Neotropical"",""forest"",""n"",NA,NA,0.1485,"""",""Zanneetal2009"","""",24.1342257142857,2311.91428571429,58.4036157142857,61.3372971428571,15.7729217142857,22.2571428571429,33.8285714285714,9.5,30.5571428571429,55.3142857142857,25.6571428571429,40.5214285714286"
"829,""Thespesia populnea"",""Afrotropical"",""forest"",""n"",5,NA,0.61,"""",""Zanneetal2009"",""JStorPlants"",25.2837,1465.09090909091,53.1891045454545,12.6705214285714,26.4911155555556,26.0681818181818,36.7727272727273,12.7954545454545,31.3409090909091,63.4772727272727,25.8863636363636,37.4090909090909"
"830,""Virola calophylla"",""Neotropical"",""forest"","""",NA,NA,0.472113179,"""",""Zanneetal2009"","""",26.045272972973,2408.32432432432,41.6173756756757,6.57454102564103,6.82728615384615,10.2820512820513,31,2.92307692307692,29.3974358974359,46.3589743589744,26.2307692307692,42.7692307692308"
"831,""Virola surinamensis"",""Neotropical"",""forest"","""",40,NA,0.417835455,"""",""Zanneetal2009"",""Oliveira-Filhoetal2007"",25.7694034482759,2137.62068965517,56.4738724137931,20.953164,18.3875185185185,16.1551724137931,33.8965517241379,6.44827586206897,30.448275862069,51.5689655172414,24.948275862069,41"
"832,""Magnolia ovata"",""Neotropical"",""forest"","""",NA,NA,0.49,"""",""Zanneetal2009"","""",20.80584,1615.3,66.00905,11.33841,17.0153,12.15,35.85,6.25,22.55,52.75,19.85,44.6"
"833,""Pseudomalmea diclina"",""Neotropical"",""forest"","""",40,NA,0.807688545,"""",""Zanneetal2009"",""FloradoBrasil"",23.95332,2181.4,43.75932,10.9098,5.01746,14.6,32.1,7.2,23,48.6,26.5,41.1"
"834,""Cleistopholis patens"",""Afrotropical"",""forest"",""n"",30,NA,0.335448437,"""",""Zanneetal2009"",""JStorPlants"",25.6661236842105,1734.81578947368,69.47675,19.1096358974359,9.24481794871795,10.4189189189189,28.3243243243243,15.1891891891892,16.4054054054054,52.9324324324324,17.3108108108108,54.4459459459459"
"835,""Cleistopholis glauca"",""Afrotropical"",""forest"","""",35,NA,0.309372427,"""",""Zanneetal2009"",""CJB"",24.7318357142857,1830.28571428571,63.2227857142857,54.8933214285714,4.81949071428571,11.4642857142857,35.3928571428571,10.0714285714286,23.6428571428571,48.8928571428571,16.5357142857143,48"
"836,""Oxandra asbeckii"",""Neotropical"",""forest"","""",NA,NA,0.77,"""",""Zanneetal2009"","""",25.22915,2223.5,43.42465,9.931,23.00555,11.5,32.75,0.75,63.75,44,28.25,39"
"837,""Oxandra riedeliana"",""Neotropical"",""forest"","""",30,NA,0.77,"""",""Zanneetal2009"",""FloradoBrasil"",25.9333230769231,2284,48.4970615384615,17.5022615384615,13.0073846153846,11.1153846153846,29.4230769230769,3.57692307692308,22.2692307692308,48.0384615384615,25.7307692307692,44.8461538461538"
"838,""Oxandra xylopioides"",""Neotropical"",""forest"","""",45,NA,0.77,"""",""Zanneetal2009"",""FloradoBrasil"",26.1102733333333,2469.86666666667,44.73158,17.567,7.54355375,11.1333333333333,30.5,1.9,34.4333333333333,45.7,28.3333333333333,41.3333333333333"
"839,""Oxandra espintana"",""Neotropical"",""forest"","""",30,NA,0.63,"""",""Zanneetal2009"",""FloradoBrasil"",24.8473285714286,1963.21428571429,46.4171428571429,10.86055,17.8043357142857,15.7142857142857,34.2857142857143,5.75,21.3214285714286,53.6071428571429,25.5714285714286,40.0714285714286"
"840,""Oxandra reticulata"",""Neotropical"",""savanna"","""",12,NA,NA,"""","""",""Oliveira-Filhoetal2007"",23.5166583333333,987.083333333333,80.5838583333333,30.1417416666667,31.28235,8.70833333333333,28.2916666666667,3.58333333333333,8.66666666666667,56.5,16.875,54.75"
"841,""Oxandra acuminata"",""Neotropical"",""forest"","""",NA,NA,0.665,"""",""Zanneetal2009"","""",26.2125,2698.75,53.6483,20.36695,16.2458,10.375,28.5,5.625,17,50.5,26,45.5"
"842,""Hexalobus crispiflorus"",""Afrotropical"",""forest"","""",30,NA,0.483643531,"""",""Zanneetal2009"",""CJB"",25.6296428571429,1729.45714285714,77.3450542857143,58.5125485714286,13.4521314285714,12.3428571428571,30.6428571428571,16.1285714285714,17.8857142857143,53.0857142857143,18.7714285714286,50.4857142857143"
"843,""Guatteria procera"",""Neotropical"",""forest"","""",NA,NA,0.65,"""",""Zanneetal2009"","""",24.6333,2288,52.1579,0,0,8.5,36.5,15.5,18.5,46.5,20.5,43"
"844,""Guatteria rupestris"",""Neotropical"",""forest"",""n"",4,NA,NA,"""","""",""Oliveira-Filhoetal2007"",20.7542,981,93.6751,4.9655,11.92,8.5,30,8,12,53,14.5,55.5"
"845,""Guatteria decurrens"",""Neotropical"",""forest"",""n"",NA,NA,0.52,"""",""Zanneetal2009"","""",22.1263833333333,2462,32.4677666666667,27.6765666666667,12.0455333333333,13.3333333333333,31.8333333333333,8.33333333333333,32.9166666666667,50.25,25.5833333333333,42.5833333333333"
"846,""Guatteria villosissima"",""Neotropical"",""forest"",""n"",15,NA,NA,"""","""",""Oliveira-Filhoetal2007"",20.613025,1640.8125,66.97593125,11.11918125,23.1560375,11.75,37.25,3.71875,21.75,52.375,18.21875,44.53125"
"847,""Guatteria olivacea"",""Neotropical"",""forest"",""n"",NA,NA,0.455666667,"""",""Zanneetal2009"","""",25.76875,2293.25,50.834975,0.9939,3.36875,9.625,31.875,3.75,14.375,46.5,21.375,46.5"
"848,""Guatteria scytophylla"",""Neotropical"",""forest"",""n"",NA,NA,0.515,"""",""Zanneetal2009"","""",25.5163461538462,2234.69230769231,53.3117076923077,27.5228153846154,14.58369,11.625,32.1666666666667,5.375,20.625,49.4583333333333,24.25,43.7083333333333"
"849,""Guatteria chlorantha"",""Neotropical"",""forest"","""",NA,NA,0.54,"""",""Zanneetal2009"","""",25.40082,2563.2,28.25128,2.77988666666667,2.04987333333333,13.1666666666667,32.5666666666667,4.93333333333333,39.8,48.5666666666667,25.8333333333333,41.7666666666667"
"850,""Guatteria modesta"",""Neotropical"",""forest"",""n"",NA,NA,0.54,"""",""Zanneetal2009"","""",25.40082,2563.2,28.25128,2.77988666666667,2.04987333333333,13.1666666666667,32.5666666666667,4.93333333333333,39.8,48.5666666666667,25.8333333333333,41.7666666666667"
"851,""Guatteria eugeniifolia"",""Neotropical"",""forest"","""",NA,NA,0.81,"""",""Zanneetal2009"","""",26.225,1756,44.4117,2.9826,8.13333,11,28,1,20.5,48,29,43"
"852,""Guatteria pohliana"",""Neotropical"",""forest"",""n"",13,NA,NA,"""","""",""Oliveira-Filhoetal2007"",20.4078125,1526.875,58.93735,5.340425,12.87375,10.25,38.3125,3.4375,19.8125,52.25,18.5,43.1875"
"853,""Guatteria schomburgkiana"",""Neotropical"",""forest"",""n"",NA,NA,0.6,"""",""Zanneetal2009"","""",26.1142578947368,2117.81578947368,60.2051526315789,38.5060105263158,20.71469,8.16216216216216,29.3378378378378,4,20.4594594594595,49.2027027027027,18.4459459459459,52.2567567567568"
"854,""Guatteria ferruginea"",""Neotropical"",""forest"",""n"",12,NA,NA,"""","""",""Oliveira-Filhoetal2007"",21.1198380952381,1540.33333333333,45.1325142857143,8.80337619047619,10.5371857142857,11.0952380952381,36.9761904761905,5.71428571428571,22.7380952380952,51.0714285714286,18.6428571428571,44.4523809523809"
"855,""Guatteria dumentorum"",""Neotropical"",""forest"","""",NA,NA,0.42,"""",""Santiagoetal2004"","""",27.2833,1924,76.7032,27.804,18.3286,27,31.5,9.5,18.5,61,36.5,31.5"
"856,""Guatteria acutissima"",""Neotropical"",""forest"",""n"",NA,NA,0.449984216,"""",""Zanneetal2009"","""",24.925,1849,50.5919,0,0,14,34.5,7.5,11,51.5,23.5,42"
"857,""Polyalthia suaveolens"",""Afrotropical"",""forest"",""n"",40,NA,0.695105196,"""",""Zanneetal2009"",""CJB"",24.5873346153846,1903.47115384615,64.9692009615385,29.1914538461538,4.19232211538462,11.8125,36.9038461538462,11.8942307692308,28.9615384615385,48.3317307692308,15.7307692307692,47.4134615384615"
"858,""Ephedranthus parviflorus"",""Neotropical"",""savanna"",""n"",20,NA,NA,"""","""",""Oliveira-Filhoetal2007"",24.3729,1524.5,84.45155,47.3265666666667,19.1207,8.16666666666667,27.5,3.66666666666667,16,54.3333333333333,21.3333333333333,51.3333333333333"
"859,""Ephedranthus amazonicus"",""Neotropical"",""forest"",""n"",30,NA,0.816,"""",""Zanneetal2009"",""FloradoBrasil"",26.1444333333333,2014.66666666667,53.7957333333333,3.64356666666667,3.6606,7.5,33.6666666666667,2,17.6666666666667,45.6666666666667,21.1666666666667,45.1666666666667"
"860,""Porcelia nitidifolia"",""Neotropical"",""forest"","""",NA,NA,0.4,"""",""Zanneetal2009"","""",19.6125,1270,23.0903,3.9708,11,23.5,37,9,35.5,55,31.5,31"
"861,""Onychopetalum amazonicum"",""Neotropical"",""forest"",""n"",30,NA,0.623333334,"""",""Zanneetal2009"",""FloradoBrasil"",26.966675,2001.25,61.451025,20.6068,15.267275,9.375,33.125,10.375,13.875,47.75,19.25,47.75"
"862,""Anaxagorea dolichocarpa"",""Neotropical"",""forest"","""",NA,NA,0.58,"""",""Zanneetal2009"","""",24.326072972973,1886.35135135135,57.5280513513514,21.8198945945946,15.3614810810811,10.4657534246575,32.3493150684931,5.45890410958904,20.0890410958904,51,20.0479452054795,47.6643835616438"
"863,""Anaxagorea crassipetala"",""Neotropical"",""forest"","""",NA,NA,0.48,"""",""Zanneetal2009"","""",25.2072875,3212.625,42.4652,1.34441764705882,2.50817647058824,24.71875,33.90625,10.75,67.34375,53.03125,27.1875,38.8125"
"864,""Bocageopsis multiflora"",""Neotropical"",""forest"","""",NA,NA,0.640270745,"""",""Zanneetal2009"","""",26.3886384615385,2442.19230769231,53.22765,13.0922807692308,7.16821923076923,9.39583333333333,30.2708333333333,4.10416666666667,23.3333333333333,46.2916666666667,22,47.7291666666667"
"865,""Xylopia ligustrifolia"",""Neotropical"",""forest"",""n"",NA,NA,0.6,"""",""Zanneetal2009"","""",26.02167,2347,46.13846,20.16832,18.42471,13.1111111111111,32.4444444444444,4.77777777777778,22.2777777777778,52.2777777777778,27.5555555555556,40.1666666666667"
"866,""Xylopia neglecta"",""Neotropical"",""forest"","""",NA,NA,0.6,"""",""Zanneetal2009"","""",25.354175,1956.25,64.61565,79.482,20.83705,10.25,31.125,10,16,55.25,22,47"
"867,""Xylopia sericea"",""Neotropical"",""forest"","""",15,NA,NA,"""","""",""Oliveira-Filhoetal2007"",22.701,1517.32,70.939672,13.475064,28.358588,10.92,33.68,4.62,14.62,54.02,18.78,47.44"
"868,""Xylopia cuspidata"",""Neotropical"",""forest"","""",NA,NA,0.51,"""",""Zanneetal2009"","""",25.6380125,2152.25,42.2703375,19.8729125,14.505175,13.2857142857143,32.0714285714286,4.21428571428571,29.8571428571429,47.7857142857143,26.1428571428571,41.8571428571429"
"869,""Xylopia staudtii"",""Afrotropical"",""forest"",""n"",45,NA,0.401303386,"""",""Zanneetal2009"",""JStorPlants"",24.1559285714286,2408,61.9808428571429,0.141971428571429,1.1,14.2142857142857,36.7857142857143,16.7857142857143,37.2857142857143,48.0714285714286,18.4285714285714,44.9285714285714"
"870,""Xylopia surinamensis"",""Neotropical"",""forest"","""",NA,NA,0.6,"""",""Zanneetal2009"","""",26.2229,2764,49.71645,0,0,10.1666666666667,33,6.83333333333333,31,46.6666666666667,21.6666666666667,45.3333333333333"
"871,""Xylopia quintasii"",""Afrotropical"",""forest"","""",35,NA,0.762719004,"""",""Zanneetal2009"",""CJB"",25.2323411764706,2223.29411764706,65.0104117647059,100.93126,8.07358933333333,12.0588235294118,31.3529411764706,14.4117647058824,30.5,50.6176470588235,19.1764705882353,49.5294117647059"
"872,""Xylopia polyantha"",""Neotropical"",""forest"",""n"",NA,NA,0.6,"""",""Zanneetal2009"","""",25.5890625,2006.125,61.7407125,40.6346625,20.856325,9.1875,35.1875,3.125,17.75,49.125,23.625,41.25"
"873,""Xylopia hypolampra"",""Afrotropical"",""forest"","""",40,NA,0.639802112,"""",""Zanneetal2009"",""CJB"",24.4125,1669.5,62.624625,0.0828583333333333,4.48333333333333,8.125,39.2916666666667,10.1666666666667,19.6666666666667,46.5,14.875,45.9166666666667"
"874,""Xylopia frutescens"",""Neotropical"",""savanna"",""n"",6,19.7119,NA,""DantasandBatala2012"","""",""Oliveira-Filhoetal2007"",24.7763492957746,2053.50704225352,65.8553633802817,51.0895971830986,22.761131971831,19.112676056338,33.5704225352113,8.54929577464789,20.3239436619718,56.4295774647887,22.6478873239437,43.8661971830986"
"875,""Xylopia aromatica"",""Neotropical"",""savanna"",""n"",15,10.976,NA,""Cianciarusoetal2013/Miatto&Batala2016"","""",""Oliveira-Filhoetal2007"",24.68225,1886.78481012658,68.2346803797468,31.5798101910828,25.7557659493671,10.7788461538462,30.5512820512821,5.17948717948718,17.724358974359,53.3942307692308,20.2660256410256,49.1794871794872"
"876,""Xylopia aethiopica"",""Afrotropical"",""forest"",""n"",45,NA,0.442153986,"""",""Zanneetal2009"",""JStorPlants"",24.8573707317073,1781.9512195122,75.3857987804878,36.1295178571429,12.7655542857143,12.5180722891566,32.2831325301205,13.4939759036145,24.8915662650602,51.8855421686747,17.7590361445783,49.9698795180723"
"877,""Xylopia brasiliensis"",""Neotropical"",""forest"",""n"",NA,11.64188526,0.512374889,""Dantasetal2013"",""Dantasetal2013"","""",19.5829833333333,1548.58333333333,47.4906416666667,3.97151666666667,13.2386083333333,10.3333333333333,39.375,3.20833333333333,19.9583333333333,51.8333333333333,18.7083333333333,42.125"
"878,""Xylopia benthamii"",""Neotropical"",""forest"",""n"",NA,NA,0.6,"""",""Zanneetal2009"","""",25.7654411764706,2035.11764705882,60.2167529411765,12.5907,16.7458905555556,8.77777777777778,32.4166666666667,3.36111111111111,13.1111111111111,47.1388888888889,23.2777777777778,44.25"
"879,""Xylopia discreta"",""Neotropical"",""forest"",""n"",NA,NA,0.52,"""",""Zanneetal2009"","""",27.0776,2232.125,59.8070125,11.5479625,17.4930375,14.25,30.75,6.125,18.5625,52.0625,24.5625,45"
"880,""Xylopia cupularis"",""Afrotropical"",""forest"","""",35,NA,0.738105827,"""",""Zanneetal2009"",""CJB"",24.50415,1718,35.401,0,0,5.75,31.75,7.25,15.75,47,10,58.25"
"881,""Xylopia columbiana"",""Neotropical"",""forest"","""",NA,NA,0.51,"""",""Zanneetal2009"","""",25.0375333333333,4864.66666666667,31.9605333333333,0,0,24.8333333333333,28.1666666666667,19.8333333333333,77.1666666666667,51.3333333333333,25.8333333333333,46.1666666666667"
"882,""Xylopia amazonica"",""Neotropical"",""forest"",""n"",NA,NA,0.7085,"""",""Balhetal2011/Zanneetal2009"","""",25.5432769230769,2090.23076923077,64.3253538461538,58.5181846153846,24.7733153846154,7.92307692307692,30.7307692307692,4.57692307692308,14.6153846153846,47.2307692307692,18.5769230769231,50.8076923076923"
"883,""Xylopia emarginata"",""Neotropical"",""forest"",""n"",20,NA,0.59,"""",""Zanneetal2009"",""Oliveira-Filhoetal2007"",24.1640272727273,2096.27272727273,64.2604181818182,20.3263272727273,18.7850272727273,10.7,29.55,7.35,35.25,50.85,22.7,47.8"
"885,""Duguetia calycina"",""Neotropical"",""forest"",""n"",NA,NA,0.37,"""",""Zanneetal2009"","""",25.8677125,1961.25,57.5468,4.7225375,6.411625,8.875,33.875,7.875,17.75,50.125,20.3125,45.625"
"886,""Duguetia spixiana"",""Neotropical"",""forest"","""",NA,NA,0.58,"""",""Zanneetal2009"","""",25.4967052631579,2274.73684210526,43.4447421052632,8.68114210526316,8.74151578947368,12.5277777777778,31.75,4.33333333333333,21.7777777777778,50,28.6388888888889,39.8055555555556"
"887,""Duguetia lanceolata"",""Neotropical"",""forest"","""",NA,NA,0.708201916,"""",""Dantasetal2013/Zanneetal2009"","""",19.1702357142857,1577.85714285714,43.2343614285714,14.2731285714286,20.4498071428571,12.5,37.4642857142857,4.10714285714286,23.1428571428571,52.5357142857143,20.6428571428571,41.9285714285714"
"888,""Duguetia chrysea"",""Neotropical"",""forest"",""n"",NA,NA,0.845,"""",""Zanneetal2009"","""",26.275,2363,41.6915,0.9917,4.6,6,39.5,2.5,15.5,42.5,16,44.5"
"889,""Duguetia surinamensis"",""Neotropical"",""forest"","""",NA,NA,0.8,"""",""Zanneetal2009"","""",23.32666,2091,54.22506,3.77368,10.718,12.5,33.8,9.6,36.3,50.5,22.9,43.5"
"890,""Duguetia stelechantha"",""Neotropical"",""forest"","""",NA,NA,0.849,"""",""Zanneetal2009"","""",26.5111333333333,2102.66666666667,51.4122333333333,12.8963666666667,16.9842333333333,8,33,1.16666666666667,14.8333333333333,47.3333333333333,17.6666666666667,49.3333333333333"
"891,""Duguetia confinis"",""Afrotropical"",""forest"","""",40,NA,0.621013607,"""",""Zanneetal2009"",""CJB"",25.2708166666667,1841.33333333333,69.6618166666667,406.752583333333,11.3983,12.5833333333333,33.6666666666667,10.9166666666667,33,48.5,18.8333333333333,47.5"
"892,""Duguetia marcgraviana"",""Neotropical"",""savanna"","""",25,NA,NA,"""","""",""Oliveira-Filhoetal2007"",24.8791583333333,1518.5,76.508725,47.7455833333333,51.986725,6.9,27.8,1.75,9.75,52,17.5,54.55"
"893,""Duguetia quitarensis"",""Neotropical"",""forest"","""",NA,NA,0.8,"""",""Zanneetal2009"","""",25.94521,2143.85,49.840175,15.202815,15.938455,10.5555555555556,30.4444444444444,4.38888888888889,24.2222222222222,49.9166666666667,24.75,44.75"
"894,""Duguetia megalocarpa"",""Neotropical"",""forest"","""",NA,NA,0.91,"""",""Zanneetal2009"","""",26.4604,2207.5,57.914,95.46105,21.0851,8,35.25,3.25,17.75,45.5,19.5,45.75"
"895,""Duguetia furfuracea"",""Neotropical"",""savanna"",""n"",NA,NA,0.5,"""",""Abeetal2018"","""",21.4821215189873,1259.78481012658,69.7138569620253,22.2885126582278,35.3160889873418,8.61392405063291,32.2088607594937,4.04430379746835,11.8924050632911,54.6708860759494,15.493670886076,52.2658227848101"
"896,""Duguetia staudtii"",""Afrotropical"",""forest"","""",50,NA,0.64345896,"""",""Zanneetal2009"",""CJB"",25.45155625,2063.875,65.1677125,5.52183125,7.28448125,11.4666666666667,33.5,15.8,31.4666666666667,49.1333333333333,18.7,47.9"
"897,""Duguetia echinophora"",""Neotropical"",""savanna"",""n"",30,NA,NA,"""","""",""Oliveira-Filhoetal2007"",26.23335,1876,70.81305,23.8356,23.62445,9.5,32.25,2.25,8.5,48.25,26.5,41"
"898,""Unonopsis stipitata"",""Neotropical"",""forest"","""",NA,NA,0.686,"""",""Zanneetal2009"","""",25.954525,2820,34.0456083333333,2.977825,8.0123625,11.25,28.5833333333333,2.95833333333333,42.1666666666667,45.9166666666667,25.5,45.875"
"899,""Unonopsis floribunda"",""Neotropical"",""forest"","""",NA,NA,0.42,"""",""Zanneetal2009"","""",25.04295,2244.0625,49.5481375,20.6821764705882,16.1209629411765,11.7941176470588,29.9411764705882,2.47058823529412,25.7352941176471,49.8823529411765,28.5882352941176,41.5882352941176"
"900,""Unonopsis rufescens"",""Neotropical"",""forest"","""",NA,NA,0.605,"""",""Zanneetal2009"","""",26.3958333333333,2555.66666666667,48.2094,0.662866666666667,4.05,10.5,32,7.83333333333333,23.8333333333333,46.6666666666667,20.8333333333333,47.1666666666667"
"901,""Unonopsis guatterioides"",""Neotropical"",""forest"","""",10,NA,0.52,"""",""Zanneetal2009"",""Oliveira-Filhoetal2007"",25.3174653846154,1932.75,52.0321576923077,26.7441423076923,17.0367480769231,10.5918367346939,30.9897959183673,3.1734693877551,24.1224489795918,50.5204081632653,23.7448979591837,45.234693877551"
"902,""Unonopsis glaucopetala"",""Neotropical"",""forest"","""",NA,NA,0.61992,"""",""Zanneetal2009"","""",26.1302,1973.25,53.68075,0,0,9.125,34.75,8.625,19.25,49,18.25,47.125"
"903,""Unonopsis spectabilis"",""Neotropical"",""forest"","""",NA,NA,0.62,"""",""Zanneetal2009"","""",24.5785571428571,2051.85714285714,36.7817285714286,3.54901428571429,7.325,13.6428571428571,34.2142857142857,10.9285714285714,21.0714285714286,51.3571428571429,26.7142857142857,39.0714285714286"
"904,""Unonopsis veneficiorum"",""Neotropical"",""forest"","""",NA,NA,0.436,"""",""Zanneetal2009"","""",25.8763833333333,2614.5,25.15935,0.331233333333333,2.06666666666667,12.3,28.3,2.7,38.9,47.7,26,45.9"
"905,""Cymbopetalum brasiliense"",""Neotropical"",""forest"","""",NA,NA,0.485,"""",""Zanneetal2009"","""",24.634,1712.21052631579,57.0409736842105,14.3821894736842,11.2667721052632,10.7222222222222,35.1388888888889,5.38888888888889,28.8055555555556,50,18.8888888888889,45.9722222222222"
"906,""Fusaea longifolia"",""Neotropical"",""forest"","""",NA,NA,0.742666667,"""",""Zanneetal2009"","""",25.774878125,2254.34375,53.967440625,18.074928125,13.373984375,10.875,34.0357142857143,4.44642857142857,23.5535714285714,46.8571428571429,24.4285714285714,41.5178571428571"
"907,""Anonidium mannii"",""Afrotropical"",""forest"",""n"",30,NA,0.291288318,"""",""Zanneetal2009"",""CJB"",24.4259894736842,1967.71052631579,63.2980710526316,9.36616315789474,5.07040473684211,10.9605263157895,36.6710526315789,11.7236842105263,24.6578947368421,49.2105263157895,15.7368421052632,47.6447368421053"
"908,""Pseudoxandra polyphleba"",""Neotropical"",""forest"","""",NA,NA,0.37,"""",""Zanneetal2009"","""",26.1479,2771.5,24.0069,0.3313,4.7,13.6666666666667,30.5,1.5,77.8333333333333,46.8333333333333,29.3333333333333,40.1666666666667"
"909,""Diclinanona calycina"",""Neotropical"",""forest"","""",NA,NA,0.47,"""",""Zanneetal2009"","""",25.3317875,2350.125,38.27435,16.775775,14.4095625,11.0625,29.75,2.6875,31.6875,45.8125,24.75,45.75"
"910,""Cardiopetalum calophyllum"",""Neotropical"",""forest"","""",NA,NA,0.5,"""",""Zanneetal2009"","""",23.4753772727273,1638.77272727273,73.8943818181818,30.0253363636364,33.5309136363636,6.83333333333333,32.2619047619048,2.9047619047619,12.5714285714286,52.3809523809524,17.2142857142857,50.4761904761905"
"911,""Myrsine guianensis"",""Neotropical"",""savanna"",""n"",20,7.1,0.56,""Cianciarusoetal2013"",""Haoetal2008/Miato2011"",""FloradoBrasil"",16.8303665765766,1475.36036036036,45.0776711711712,6.4627,14.4894791891892,25.5855855855856,28.527027027027,10.8603603603604,59.3378378378378,55.1396396396396,27.3378378378378,44.1171171171171"
"912,""Hancornia speciosa"",""Neotropical"",""savanna"",""n"",10,10.4841,0.361,""Batalaetal2011/Cianciarusoetal2013"",""Batalaetal2011"",""Oliveira-Filhoetal2007"",24.0640773584906,1396.88679245283,73.7205773584906,32.1965,32.3664698113208,8.20192307692308,28.4423076923077,3.79807692307692,12.0673076923077,55.2884615384615,16.3653846153846,55.1634615384615"
"913,""Holarrhena floribunda"",""Afrotropical"",""forest"",""n"",15,NA,0.469245,"""",""Zanneetal2009"",""JStorPlants"",26.219712195122,1332.62195121951,84.5137841463415,38.2174070588235,16.8308157647059,12,27.2823529411765,18.6,11.4352941176471,57.7,20.1235294117647,52.6"
"914,""Funtumia africana"",""Afrotropical"",""forest"",""n"",30,NA,0.423986219,"""",""Zanneetal2009"",""JStorPlants"",24.971731372549,1749.90196078431,63.4077588235294,11.4812235294118,13.1917817647059,11.1346153846154,32.7115384615385,14.5384615384615,20.4134615384615,50.9134615384615,17.7307692307692,49.5"
"915,""Tecoma stans"",""Neotropical"",""forest"","""",NA,NA,0.47,"""",""Zanneetal2009"","""",19.8576139929825,784.957192982456,88.6732789964912,26.3361278596491,18.0850929531141,23.3540787623066,36.446905766526,20.5161744022504,14.67194092827,69.2225738396624,23.5341068917018,40.0098452883263"
"916,""Jacaranda acutifolia"",""Neotropical"",""forest"","""",18,NA,NA,"""","""",""Oliveira-Filhoetal2007"",19.7398571428571,1002.57142857143,80.1342285714286,14.0509571428571,15.5462142857143,24,36.2142857142857,14.0714285714286,20.1428571428571,63.4285714285714,24.2857142857143,39.1428571428571"
"917,""Spathodea campanulata"",""Afrotropical"",""forest"",""n"",30,NA,0.23247,"""",""Zanneetal2009"",""JStorPlants"",22.1944425925926,1457.62345679012,68.7912290123457,15.7118180645161,15.5717693710692,19.8407643312102,34.9299363057325,12.5222929936306,21.2356687898089,59.3694267515924,22.296178343949,42.7929936305732"
"918,""Myrcia variabilis"",""Neotropical"",""savanna"",""n"",6,NA,NA,"""","""",""Oliveira-Filhoetal2007"",22.1038,1521.11764705882,78.4514941176471,33.9743352941176,25.7264058823529,7.60294117647059,32.2647058823529,3.95588235294118,11.6911764705882,53.3382352941176,16.7941176470588,50.9264705882353"
"919,""Myrcia paivae"",""Neotropical"",""forest"","""",NA,NA,0.773975,"""",""Zanneetal2009"","""",22.5525272727273,1952.48484848485,52.0869545454545,7.19196363636364,15.973256969697,18,30.546875,9.4375,46.125,51.421875,25.6875,43.78125"
"920,""Myrcia ochroides"",""Neotropical"",""savanna"",""n"",4,NA,NA,"""","""",""Oliveira-Filhoetal2007"",24.96166,1485.6,79.17158,73.65948,41.6766,6.4,24.9,2.8,7.7,52.1,14.2,61"
"921,""Myrcia albotomentosa"",""Neotropical"",""savanna"","""",4,NA,NA,"""","""",""Oliveira-Filhoetal2007"",23.9575,1432,78.62162,43.90698,34.09872,5.8,27,3.8,7.4,54.5,15.5,57.3"
"922,""Myrcia lasiantha"",""Neotropical"",""savanna"","""",NA,6.375396935,0.261,""Batalaetal2011"",""Batalaetal2011"","""",22.5083333333333,1487.94444444444,83.1172444444444,32.0457333333333,30.8731944444444,7.23529411764706,33.0294117647059,3.29411764705882,12.3235294117647,54.1470588235294,17.9117647058824,49.1470588235294"
"923,""Myrcia pyrifolia"",""Neotropical"",""forest"","""",NA,NA,0.82,"""",""Zanneetal2009"","""",25.3687666666667,2401.5,53.07945,1.81996666666667,8.90833333333333,13.5,37.6,8.3,30.1,47.1,22.3,40.2"
"924,""Myrcia vestita"",""Neotropical"",""savanna"","""",3,NA,NA,"""","""",""Oliveira-Filhoetal2007"",21.0346153846154,1488.92307692308,83.0573461538462,37.6046461538462,37.2126461538462,7.07692307692308,32.4230769230769,4,12.9615384615385,53.6538461538462,14.6153846153846,52.8076923076923"
"925,""Myrcia piauhiensis"",""Neotropical"",""savanna"",""n"",7,NA,NA,"""","""",""Oliveira-Filhoetal2007"",21.9893460869565,1403.8,71.08794,23.9821405172414,25.8931356034483,9.9070796460177,33.2920353982301,4.75663716814159,16.1238938053097,54.570796460177,18.4026548672566,48.3716814159292"
"926,""Myrcia lanuginosa"",""Neotropical"",""savanna"","""",5,NA,NA,"""","""",""Oliveira-Filhoetal2007"",22.6986333333333,1509.66666666667,83.4215666666667,45.6918,26.9659333333333,6.5,36.6666666666667,2.5,11.3333333333333,53.8333333333333,16.5,46.5"
"927,""Myrcia bella"",""Neotropical"",""savanna"",""n"",4,8.092611793,0.449,""Batalaetal2011/DantasandBatala2012"",""Batalaetal2011/Miato2011"",""Oliveira-Filhoetal2007"",23.1837227272727,1497.22727272727,74.4260909090909,29.3897590909091,29.0663059090909,6.95454545454545,28.5454545454545,3.45454545454545,10.9772727272727,54.4090909090909,15.8636363636364,55.6363636363636"
"928,""Myrcia mutabilis"",""Neotropical"",""forest"",""n"",4,NA,NA,"""","""",""Oliveira-Filhoetal2007"",20.15026875,1248.4375,72.90365625,27.50333125,22.5526375,10.0666666666667,35.2666666666667,5.9,16.1333333333333,53.3666666666667,17.4333333333333,47.1"
"929,""Myrcia cuprea"",""Neotropical"",""savanna"",""n"",12,NA,NA,"""","""",""Oliveira-Filhoetal2007"",24.6197266666667,2008.46666666667,68.4737733333333,26.88916,22.68472,9.93333333333333,31.9666666666667,4.56666666666667,14.1,50.7333333333333,19.0333333333333,49.0333333333333"
"930,""Myrcia obovata"",""Neotropical"",""savanna"",""n"",NA,9.117631225,0.56,""Batalaetal2011/Cianciarusoetal2013"",""Batalaetal2011"","""",18.37668,1435.93333333333,76.4513266666667,19.8036866666667,22.1854533333333,11.2666666666667,37.3666666666667,4.2,25.0333333333333,52.8333333333333,18.2,44.5"
"931,""Myrcia pubipetala"",""Neotropical"",""savanna"","""",19,NA,NA,"""","""",""Oliveira-Filhoetal2007"",19.530328,1629.52,39.792132,2.502464,5.785716,13.98,37.04,4.4,29.36,51.34,21.92,40.92"
"932,""Myrcia guianensis"",""Neotropical"",""savanna"",""n"",NA,5.158255837,0.614333333,""Batalaetal2011/DantasandBatala2012"",""Abeetal2018/Batalaetal2011/Miato2011"","""",22.0245641891892,1518.31081081081,60.1941160135135,25.2893711267606,24.2860664383562,11.8595890410959,33.4229452054795,5.17123287671233,20.5787671232877,53.958904109589,19.5667808219178,47.013698630137"
"933,""Myrcia camapuanensis"",""Neotropical"",""savanna"","""",NA,4.085821333,NA,""Batalaetal2011/Cianciarusoetal2013"","""","""",23.1541666666667,1613.66666666667,78.5972333333333,24.5074666666667,29.2407666666667,4.83333333333333,27,2.33333333333333,9.16666666666667,53.1666666666667,12.1666666666667,60.6666666666667"
"934,""Myrcia multiflora"",""Neotropical"",""forest"",""n"",21,NA,NA,"""","""",""FloradoBrasil"",20.9712435643564,1415.0495049505,56.8281620792079,16.16084,20.652537029703,12.56,33.345,5.345,22.145,53.725,19.985,46.61"
"935,""Myrcia thyrsoidea"",""Neotropical"",""savanna"",""n"",7,NA,NA,"""","""",""Oliveira-Filhoetal2007"",23.9986,1657.66666666667,13.289,4.972,27.8333333333333,12.5,29.8333333333333,3.33333333333333,20,52.1666666666667,20.6666666666667,49.8333333333333"
"936,""Myrcia nobilis"",""Neotropical"",""forest"","""",5,NA,NA,"""","""",""Oliveira-Filhoetal2007"",18.233325,1420,87.4617,20.87145,42.84895,9.5,33.875,4.875,28.625,52.25,16.5,49.5"
"937,""Myrcia subcordata"",""Neotropical"",""savanna"",""n"",4,NA,NA,"""","""",""Oliveira-Filhoetal2007"",17.5819466666667,1686.06666666667,69.51418,15.5524266666667,23.3246133333333,11.3,36.0666666666667,5.43333333333333,28.2666666666667,51.3,20.1,43.8333333333333"
"938,""Myrcia amazonica"",""Neotropical"",""forest"",""n"",NA,NA,0.82,"""",""Zanneetal2009"","""",22.8267283018868,1646,59.0022188679245,20.9671722222222,19.6482135185185,10.75,32.4444444444444,4.93518518518519,19.9074074074074,52.2222222222222,20.4259259259259,47.1481481481481"
"939,""Myrcia eriopus"",""Neotropical"",""forest"","""",6,NA,NA,"""","""",""Oliveira-Filhoetal2007"",19.2802866666667,1503.73333333333,71.3868733333333,16.64155625,17.83308875,10.3125,38.71875,3.625,19.1875,52.09375,17.34375,43.9375"
"940,""Calycolpus goetheanus"",""Neotropical"",""forest"",""n"",NA,NA,0.8,"""",""Zanneetal2009"","""",25.9048666666667,1884.5,60.43065,12.6353571428571,14.5826142857143,12.3333333333333,30.4166666666667,9.33333333333333,17,54,19.6666666666667,50.1666666666667"
"941,""Campomanesia aromatica"",""Neotropical"",""savanna"","""",NA,14.9,NA,""Cianciarusoetal2013"","""","""",24.3739541666667,1534.83333333333,74.6929875,18.694616,25.3845228,10.66,30.42,5.14,12.38,54.64,19.92,49.58"
"942,""Campomanesia adamantium"",""Neotropical"",""savanna"",""n"",NA,10.9808,0.5,""DantasandBatala2012/Miatto&Batala2016"",""Miato2011"","""",20.19323125,1468.35416666667,62.4231041666667,17.4089270833333,23.2088927083333,9.69791666666667,36.4583333333333,3.55208333333333,18.1770833333333,53.15625,17.78125,45.7708333333333"
"943,""Campomanesia velutina"",""Neotropical"",""forest"","""",6,NA,NA,"""","""",""Oliveira-Filhoetal2007"",23.33645,1284.375,79.579125,22.6114375,29.9074375,8.0625,32.8125,3,8.9375,56.875,18.625,48.5625"
"944,""Campomanesia pubescens"",""Neotropical"",""savanna"","""",NA,12.15,NA,""Cianciarusoetal2013"","""","""",20.5870019607843,1517.49019607843,72.5887901960784,21.3896117647059,38.1943162745098,8.74509803921569,36.7843137254902,3.14705882352941,19.0588235294118,53.0980392156863,16.7450980392157,46.5196078431373"
"945,""Campomanesia grandiflora"",""Neotropical"",""forest"",""n"",NA,NA,0.73,"""",""Zanneetal2009"","""",26.3814777777778,1869.77777777778,68.8998444444444,15.1068444444444,13.4355966666667,9.8125,29.6875,6,14.1875,54,19.375,50.9375"
"946,""Campomanesia xanthocarpa"",""Neotropical"",""savanna"",""n"",9,NA,NA,"""","""",""Oliveira-Filhoetal2007"",18.6494508196721,1592.03278688525,27.6722960655738,9.02401475409836,12.0992352459016,14.5327868852459,41.5245901639344,4.82786885245902,24.9344262295082,53.3852459016393,22.4098360655738,36.0983606557377"
"947,""Campomanesia rufa"",""Neotropical"",""savanna"",""n"",7,NA,NA,"""","""",""Oliveira-Filhoetal2007"",19.24916,1517.8,80.41684,23.25792,24.494314,9,37.4,4.2,24.2,53.1,17.9,44.8"
"948,""Campomanesia sessiliflora"",""Neotropical"",""savanna"",""n"",6,NA,NA,"""","""",""Oliveira-Filhoetal2007"",21.27595,1476.54545454545,54.3764636363636,39.6653909090909,25.4656272727273,9.70454545454546,33.1818181818182,4.34090909090909,17.1818181818182,54.5,17.0681818181818,49.7727272727273"
"949,""Campomanesia lineatifolia"",""Neotropical"",""savanna"",""n"",10,NA,NA,"""","""",""Oliveira-Filhoetal2007"",24.2690571428571,2273.85714285714,49.6373285714286,4.82994285714286,10.0306714285714,14.7142857142857,34.7857142857143,6,29.1428571428571,51.6428571428571,25.2857142857143,39.7142857142857"
"950,""Siphoneugena densiflora"",""Neotropical"",""forest"","""",12,NA,NA,"""","""",""Oliveira-Filhoetal2007"",19.9572266666667,1522.06666666667,79.8145666666667,26.4714133333333,25.4975733333333,10.4333333333333,38.5333333333333,4.8,20.6333333333333,53.3333333333333,18.1333333333333,43.3"
"951,""Calyptranthes clusiifolia"",""Neotropical"",""forest"",""n"",NA,8.639,NA,""Miatto&Batala2016"","""","""",20.4337888888889,1489.33333333333,73.3821666666667,17.2262111111111,33.0557777777778,10.4444444444444,36.5,5.27777777777778,19.6666666666667,52.9444444444444,17.9444444444444,45.6111111111111"
"952,""Calyptranthes brasiliensis"",""Neotropical"",""savanna"",""n"",8,NA,NA,"""","""",""Oliveira-Filhoetal2007"",21.7241379310345,1311.75862068966,56.9729793103448,15.4591068965517,22.1119668965517,15.5714285714286,32.125,3.55357142857143,21.4107142857143,54.9642857142857,18.625,49.2321428571429"
"953,""Calyptranthes speciosa"",""Neotropical"",""forest"",""n"",NA,NA,0.86,"""",""Zanneetal2009"","""",24.2152666666667,2743.83333333333,39.61735,4.4748,8.1616,13.25,30.25,3.33333333333333,31.3333333333333,49.9166666666667,29.6666666666667,39.9166666666667"
"954,""Calyptranthes concinna"",""Neotropical"",""forest"",""n"",NA,18.353,NA,""Miatto&Batala2016"","""","""",18.1426366666667,1588.3,28.0090535,10.3439483333333,11.3550071666667,14.9830508474576,42.0593220338983,4.27966101694915,26.3389830508475,52.7542372881356,24.1949152542373,33.7796610169492"
"955,""Calyptranthes lucida"",""Neotropical"",""forest"",""n"",15,NA,NA,"""","""",""Oliveira-Filhoetal2007"",21.3144285714286,1776.64285714286,44.055195,8.11171071428571,10.6332882142857,13.6538461538462,36.3076923076923,3.92307692307692,27.4807692307692,51.7115384615385,22.1730769230769,41.5192307692308"
"956,""Calyptranthes ovalifolia"",""Neotropical"",""savanna"","""",5,NA,NA,"""","""",""Oliveira-Filhoetal2007"",20.775,1685,82.8534,80.4087,26.1951,6.5,34,5,14,52,14.5,51.5"
"957,""Syzygium guineense"",""Afrotropical"",""forest"",""n"",30,NA,0.6,"""",""Zanneetal2009"",""JStorPlants"",22.7859307692308,1212.27125506073,89.462987854251,64.2301409836066,24.0763168571429,12.1437246963563,29.5708502024291,11.3886639676113,14.9048582995951,57.4939271255061,16.8137651821862,53.5910931174089"
"958,""Syzygium jambos"",""Neotropical"",""forest"","""",NA,NA,0.7,"""",""Zanneetal2009"","""",21.782659375,1823.578125,71.8312015625,22.7672808743169,15.853000106383,21.4736842105263,35.6263157894737,12.4342105263158,26.0263157894737,56.6657894736842,24.4,39.9868421052632"
"959,""Myrciaria glanduliflora"",""Neotropical"",""forest"","""",6,NA,NA,"""","""",""Oliveira-Filhoetal2007"",20.72832,1357.6,78.92623,9.73856,20.56057,9.65,36.8,4.4,19.35,52.75,18.15,45.2"
"960,""Blepharocalyx salicifolius"",""Neotropical"",""savanna"","""",6,NA,NA,"""","""",""Oliveira-Filhoetal2007"",18.3390009259259,1329.25925925926,47.4087249074074,12.4057899082569,16.7707960550459,14.1898148148148,35.3009259259259,7.37962962962963,24.0092592592593,54.5509259259259,22.1018518518519,42.6157407407407"
"961,""Blepharocalyx eggersii"",""Neotropical"",""forest"",""n"",NA,NA,0.726,"""",""Zanneetal2009"","""",25.0055333333333,1895.66666666667,30.1648333333333,6.086625,13.498325,18,30.375,4.5,47.75,53.875,25.75,44"
"962,""Myrcianthes pungens"",""Neotropical"",""forest"","""",15,NA,NA,"""","""",""Oliveira-Filhoetal2007"",19.3212612244898,1453.24489795918,29.5594414285714,18.0903163265306,16.0572146938776,14.1875,37.7604166666667,4.83333333333333,21.84375,54.78125,23.7708333333333,38.5"
"963,""Miconia affinis"",""Neotropical"",""forest"",""n"",8,NA,NA,"""","""",""Oliveira-Filhoetal2007"",23.9783406593407,2435.91208791209,54.0308604395604,16.3474619565217,14.895425,20.0604395604396,34.0714285714286,9.17582417582418,35.9175824175824,52.8461538461538,24.6923076923077,41.2307692307692"
"964,""Miconia splendens"",""Neotropical"",""forest"","""",NA,NA,0.66,"""",""Zanneetal2009"","""",24.9083255813953,2266.74418604651,50.1977209302326,9.28081363636364,10.3482156818182,12.6585365853659,31.3170731707317,6.52439024390244,29.4024390243902,48.9634146341463,24.2682926829268,44.4146341463415"
"965,""Miconia prasina"",""Neotropical"",""forest"","""",10,NA,0.705,"""",""Zanneetal2009"",""Oliveira-Filhoetal2007"",23.9633037656904,1970.61924686192,52.3191778242678,20.9606309734513,17.6762343037975,17.8525641025641,34.2179487179487,7.33974358974359,26.8076923076923,54.0128205128205,23.1324786324786,42.6645299145299"
"966,""Miconia mirabilis"",""Neotropical"",""forest"",""n"",NA,NA,0.6027,"""",""Zanneetal2009"","""",22.658892,1700.32,44.1879386666667,10.2045333333333,15.2553109090909,16.6466666666667,35.84,7.59333333333333,27.62,53.5266666666667,23.1466666666667,41.02"
"967,""Miconia rubiginosa"",""Neotropical"",""savanna"","""",6,6.87205,0.6,""Cianciarusoetal2013/DantasandBatala2012"",""Abeetal2018/Miato2011"",""Oliveira-Filhoetal2007"",23.0731215686274,1865.86274509804,67.4128078431373,31.2403137254902,28.6396603921569,12.04,33.6,6.34,18.47,53.72,20.2,46.26"
"968,""Miconia calvescens"",""Neotropical"",""forest"",""n"",10,NA,0.42,"""",""Zanneetal2009"",""Oliveira-Filhoetal2007"",22.2833344444444,1837.74444444444,55.6377944444444,7.27372888888889,14.1037445555556,16.1797752808989,34.1966292134831,9.76966292134832,32.123595505618,53.6685393258427,24.4775280898876,41.2584269662921"
"969,""Laguncularia racemosa"",""Neotropical"",""forest"",""n"",NA,NA,0.61,"""",""Zanneetal2009"","""",25.5049549180328,1297.72131147541,83.1900049180328,19.5610080645161,18.6356875,24.1858407079646,36.0353982300885,12.1017699115044,29.2699115044248,67.070796460177,23.358407079646,40.6637168141593"
"970,""Terminalia ivorensis"",""Afrotropical"",""forest"","""",46,NA,0.447300586,"""",""Zanneetal2009"",""JStorPlants"",25.24375,1913.375,71.332025,20.440375,16.5154175,14,31.5,20.8571428571429,17,53.2142857142857,19.9285714285714,48.5714285714286"
"971,""Terminalia superba"",""Afrotropical"",""forest"",""n"",60,NA,0.458864971,"""",""Zanneetal2009"",""JStorPlants"",26.7505239130435,1144.99456521739,91.9911581521739,73.2944385869565,20.8058982065217,10.1229508196721,24.844262295082,18.0846994535519,8.25409836065574,59.6912568306011,20.6010928961749,54.5901639344262"
"972,""Terminalia catappa"",""Neotropical"",""forest"",""n"",35,NA,0.483333333,"""",""Zanneetal2009"",""FloradoBrasil"",24.714479558011,1227.5138121547,74.8469519337017,19.3708860335196,16.5091406593407,18.2596685082873,31.9419889502762,10.0635359116022,14.9917127071823,62.5469613259668,18.2127071823204,49.8867403314917"
"973,""Terminalia oblonga"",""Neotropical"",""forest"",""n"",NA,32.4,0.670083334,""Markesteijn&Poorter2009"",""Poorter2010/Zanneetal2009"","""",24.5821977272727,2122.52272727273,69.9121045454545,25.8607340909091,13.6006122727273,18.4318181818182,33.7045454545455,11.4886363636364,22.8636363636364,56.6477272727273,26.4318181818182,39.7954545454545"
"974,""Mammea americana"",""Neotropical"",""forest"","""",NA,NA,0.64,"""",""Zanneetal2009"","""",24.52755,1496.22222222222,67.6498166666667,43.47025,17.9623017647059,25.1388888888889,34.0555555555556,9.33333333333333,17.8888888888889,63.0555555555556,25.3611111111111,40.6388888888889"
"975,""Pentadesma butyracea"",""Afrotropical"",""forest"",""n"",35,NA,0.805618147,"""",""Zanneetal2009"",""CJB"",26.2571793103448,1469.72413793103,88.7257206896552,59.4596448275862,14.8336620689655,10.5689655172414,26.5689655172414,17.7586206896552,15.0344827586207,56,19.7413793103448,53.6896551724138"
"976,""Garcinia kola"",""Afrotropical"",""forest"",""n"",40,NA,0.727116833,"""",""Zanneetal2009"",""CJB"",24.620615,1955.4,61.80417,16.35503,10.025515,11.525,33.525,10.55,18.375,50.95,16.025,50.425"
"977,""Vismia cayennensis"",""Neotropical"",""forest"","""",18,NA,0.49,"""",""Zanneetal2009"",""Oliveira-Filhoetal2007"",25.9845866666667,2206.4,56.5376633333333,15.3272,12.7938233333333,10.6724137931034,31.448275862069,5.48275862068965,24.1724137931034,48.9827586206897,22.3448275862069,46.1551724137931"
"978,""Caryocar nuciferum"",""Neotropical"",""forest"","""",NA,NA,0.68884,"""",""Zanneetal2009"","""",24.8416666666667,2178.66666666667,56.3402333333333,0,0,16.6666666666667,31.3333333333333,14.1666666666667,42.5,50.8333333333333,22.8333333333333,45.8333333333333"
"979,""Caryocar brasiliense"",""Neotropical"",""savanna"","""",10,8.506245574,NA,""Batalaetal2011/Cianciarusoetal2013/Miatto&Batala2016"","""",""Oliveira-Filhoetal2007"",23.4976777777778,1436.11111111111,59.1257777777778,22.0855777777778,31.624,8.05555555555556,28.6666666666667,4.94444444444444,14.5555555555556,53.9444444444444,16.4444444444444,54.8333333333333"
"980,""Blighia sapida"",""Afrotropical"",""forest"",""n"",25,12.54705144,0.76223475,""Dominguesetal2010"",""Zanneetal2009"",""JStorPlants"",26.4874245614035,1292.80701754386,74.4894052631579,41.6811946428571,16.8859385964912,13.3859649122807,25.7719298245614,15.8684210526316,12.4035087719298,60.1578947368421,18.6929824561403,55.5526315789474"
"981,""Cupania americana"",""Neotropical"",""forest"","""",NA,NA,0.565,"""",""Zanneetal2009"","""",23.0614837837838,1721.45945945946,50.9007324324324,7.72956129032258,18.2321142857143,24.3513513513514,36.5,10.9324324324324,36.2567567567568,57.0540540540541,27.5540540540541,35.9459459459459"
"982,""Zanthoxylum caribaeum"",""Neotropical"",""forest"",""y"",20,NA,0.55,"""",""Zanneetal2009"",""FloradoBrasil"",23.4096045454545,1453.69696969697,67.4281621212121,24.556546875,20.3087984375,21.7,38.1153846153846,12.6230769230769,23.9692307692308,60.9615384615385,23.3769230769231,38.4923076923077"
"983,""Zanthoxylum martinicense"",""Neotropical"",""forest"","""",NA,NA,0.60247,"""",""Zanneetal2009"","""",24.3407714285714,1746.42857142857,45.4137428571429,6.79551111111111,16.3076727272727,28.5357142857143,40.1428571428571,8.57142857142857,23.1785714285714,58.1785714285714,29.75,30.1428571428571"
"984,""Bursera simaruba"",""Neotropical"",""forest"",""n"",NA,NA,0.305,"""",""Zanneetal2009"","""",24.4604427038627,1486.33798283262,80.3888984978541,37.8213929881338,21.9519493033226,27.4041394335512,37.5942265795207,15.5816993464052,21.0740740740741,65.0299564270153,23.4580610021786,38.9477124183007"
"985,""Swietenia macrophylla"",""Neotropical"",""forest"",""n"",NA,28.56022945,0.524777778,""Kitajima&Poorter2010/Markesteijn&Poorter2009"",""Poorter2010/Zanneetal2009"","""",24.5586244186047,1748.97674418605,65.7074313953488,24.5001337209302,18.9412731395349,28.2705882352941,36.7470588235294,12.2352941176471,23.6764705882353,63.6294117647059,23.5764705882353,39.7117647058824"
"986,""Swietenia mahagoni"",""Neotropical"",""forest"","""",NA,NA,0.75,"""",""Zanneetal2009"","""",25.0836,1375.1875,51.923175,2.14131818181818,15.63323125,28.2,36.4,10.6333333333333,36.2,64.8333333333333,27.7,35.9333333333333"
"987,""Entandrophragma delevoyi"",""Afrotropical"",""forest"",""n"",35,NA,0.571704,"""",""Zanneetal2009"",""JStorPlants"",20.8,1141.5,105.7059,101.9029,16.309725,6.375,31.25,9.125,7.75,56.5,15.625,52.875"
"988,""Trichilia pallida"",""Neotropical"",""forest"",""n"",25,14.27081584,0.539879727,""Dantasetal2013/Miatto&Batala2016"",""Dantasetal2013/Zanneetal2009"",""Oliveira-Filhoetal2007"",23.8106765486726,2065.46902654867,55.1594207964602,26.7151168888889,20.2400890265487,19.8711111111111,35.2288888888889,8.23777777777778,25.2133333333333,56.2044444444444,22.6777777777778,42.0911111111111"
"989,""Trichilia emetica"",""Afrotropical"",""forest"",""n"",25,NA,0.4980885,"""",""Zanneetal2009"",""JStorPlants"",24.996414,1008.94,84.947182,47.861153,22.7684507,13.020202020202,27.3888888888889,13.4393939393939,9.62626262626263,61.7323232323232,17.4747474747475,55.0505050505051"
"990,""Trichilia hirta"",""Neotropical"",""forest"",""n"",12,NA,0.55,"""",""Zanneetal2009"",""Oliveira-Filhoetal2007"",23.8918196296296,1225.71604938272,88.0161530864197,32.2137605809129,24.7632497540984,23.3574380165289,37.3595041322314,17.7623966942149,16.7376033057851,63.7582644628099,22.7417355371901,39.9090909090909"
"991,""Guarea guidonia"",""Neotropical"",""forest"","""",25,NA,0.556224445,"""",""Poorter2010/Zanneetal2009"",""Oliveira-Filhoetal2007"",23.8907794117647,1873.23529411765,53.9853051470588,12.8312634328358,17.0011830434783,16.2700729927007,34.4343065693431,6.81386861313869,24.014598540146,54.3941605839416,23.1277372262774,42.4416058394161"
"992,""Guarea glabra"",""Neotropical"",""forest"","""",NA,NA,0.50058117,"""",""Zanneetal2009"","""",23.0768704347826,2065.55217391304,74.6680313043478,31.9821773333333,21.9408199122807,25.8668122270742,35.3580786026201,13.7947598253275,30.2205240174672,57.8580786026201,26.5065502183406,38.1593886462882"
"993,""Khaya senegalensis"",""Afrotropical"",""forest"",""n"",60,NA,0.635140843,"""",""Zanneetal2009"",""JStorPlants"",26.9885413265306,980.5,108.099880612245,54.446121319797,18.7056169543147,10.2331606217617,23.3264248704663,17.139896373057,7.35751295336788,61.0025906735751,19.4119170984456,57.199481865285"
"994,""Cedrela angustifolia"",""Neotropical"",""forest"","""",45,NA,0.36,"""",""Zanneetal2009"",""Oliveira-Filhoetal2007"",21.9475565488566,1390.32432432432,78.7104738045738,24.1434133333333,18.1502186721992,21.3487394957983,35.6817226890756,13.3392857142857,19.7573529411765,60.6292016806723,22.2951680672269,42.0168067226891"
"995,""Cedrela odorata"",""Neotropical"",""forest"","""",35,NA,0.421712727,"""",""Zanneetal2009"",""Oliveira-Filhoetal2007"",21.9475565488566,1390.32432432432,78.7104738045738,24.1434133333333,18.1502186721992,21.3487394957983,35.6817226890756,13.3392857142857,19.7573529411765,60.6292016806723,22.2951680672269,42.0168067226891"
"996,""Schinopsis balansae"",""Neotropical"",""forest"",""n"",NA,NA,0.99,"""",""Zanneetal2009"","""",22.7479166666667,1134.33333333333,42.1982666666667,77.6825166666667,40.8516166666667,14.8333333333333,27.5833333333333,3.41666666666667,16.5,62,28.5,43.9166666666667"
"997,""Quassia amara"",""Neotropical"",""forest"",""n"",6,NA,0.47,"""",""Zanneetal2009"",""FloradoBrasil"",25.9978634146341,1994.41463414634,72.7788073170732,34.8449475,19.8886802380952,21.0119047619048,34.6309523809524,12.3571428571429,24.5,58.8690476190476,25.9166666666667,39.5357142857143"
"998,""Byrsonima spicata"",""Neotropical"",""forest"",""n"",NA,NA,0.60911125,"""",""Zanneetal2009"","""",24.7834588235294,2086,58.5989205882353,15.5911636363636,22.2952920588235,14.5882352941176,32.3823529411765,7.22058823529412,23.9117647058824,52.5294117647059,23.6617647058824,43.9411764705882"
"999,""Byrsonima coccolobifolia"",""Neotropical"",""savanna"",""n"",10,11.85239545,0.445785715,""Batalaetal2011/Cianciarusoetal2013/DantasandBatala2012/Miatto&Batala2016"",""Abeetal2018/Batalaetal2011/Miato2011/Ribeiroetal2011"",""FloradoBrasil"",23.7277967213115,1503.24590163934,70.3458344262295,28.9281183333333,29.1096283606557,9.57377049180328,31.6065573770492,4.09016393442623,13.8032786885246,55.1065573770492,18.2295081967213,50.1065573770492"
"1000,""Dendrobangia boliviana"",""Neotropical"",""forest"",""n"",40,NA,0.63525,"""",""Zanneetal2009"",""FloradoBrasil"",24.4500083333333,2431.08333333333,39.2691333333333,2.483175,7.87493666666667,14.5,33.0833333333333,8.91666666666667,36.1666666666667,50.25,24.0416666666667,42.6666666666667"
"1001,""Citronella paniculata"",""Neotropical"",""forest"",""n"",18,NA,NA,"""","""",""Oliveira-Filhoetal2007"",18.2050944444444,1680.38888888889,38.5255827777778,15.0846111111111,14.1906,15.1666666666667,40.4166666666667,4.61111111111111,24.75,52.6388888888889,21.9166666666667,37.6388888888889"
"1002,""Calatola costaricensis"",""Neotropical"",""forest"",""n"",NA,NA,0.56528277,"""",""Zanneetal2009"","""",19.6140028985507,2295.59420289855,49.7882898550725,1.49266376811594,5.50863072463768,29.2279411764706,29.9117647058824,11.8529411764706,61.9558823529412,54.0147058823529,30.2426470588235,39.8897058823529"
"1004,""Poraqueiba sericea"",""Neotropical"",""forest"","""",NA,NA,0.79,"""",""Zanneetal2009"","""",26.4419,2966.52941176471,31.6325705882353,1.75382941176471,5.84513529411765,11.8125,26.875,4.09375,52.71875,46.59375,24.09375,49.09375"
"1005,""Apodytes dimidiata"",""Afrotropical"",""savanna"",""n"",15,9.04,0.95,""Plasetal2012"",""Plasetal2012"",""JStorPlants"",20.4226542713568,1333.02512562814,76.7405743718593,26.5348744791667,24.8477102564103,15.5858585858586,33.3409090909091,9.61868686868687,22.5505050505051,55.5984848484849,18.270202020202,48.4065656565657"
"1006,""Poraqueiba guianensis"",""Neotropical"",""forest"","""",NA,NA,0.74234,"""",""Zanneetal2009"","""",24.40166,2343.4,56.44102,0.39672,1.44,11.625,35.25,11.25,28.25,47.125,22.625,42.25"
"1007,""Weinmannia trichosperma"",""Neotropical"",""forest"","""",NA,NA,0.52,"""",""Zanneetal2009"","""",9.102065,935.5,83.05735,0,0,25.5,21.5,26.25,65.75,63,31.75,47.25"
"1008,""Lamanonia ternata"",""Neotropical"",""forest"",""n"",16,NA,NA,"""","""",""Oliveira-Filhoetal2007"",17.6426352941176,1602.47058823529,41.8883588235294,8.59490882352941,14.2251226470588,12.8529411764706,40.3823529411765,4,26.1470588235294,51.8529411764706,21.8235294117647,37.8088235294118"
"1009,""Lamanonia brasiliensis"",""Neotropical"",""forest"",""n"",6,NA,NA,"""","""",""Oliveira-Filhoetal2007"",20.4542,1527,78.9512,54.5545,35.5255,8.5,42.5,4,16,52,14.5,43.5"
"1010,""Aspidosperma australe"",""Neotropical"",""forest"",""n"",20,NA,0.756666667,"""",""Zanneetal2009"",""Oliveira-Filhoetal2007"",19.63125,1551.6,43.819165,15.75377,19.809665,12.175,39.175,5.2,22.525,53.925,21.475,39.375"
"1011,""Couma macrocarpa"",""Neotropical"",""forest"",""n"",NA,NA,0.49475,"""",""Zanneetal2009"","""",26.172819047619,2801.38095238095,50.6098619047619,10.2698238095238,7.63142857142857,12.3333333333333,30.1904761904762,7.38095238095238,28.2142857142857,49.2142857142857,23.6666666666667,46.2142857142857"
"1012,""Couma guianensis"",""Neotropical"",""forest"",""n"",NA,NA,0.46672275,"""",""Zanneetal2009"","""",26.13125,2243,54.79695,1.49025,3.25,9.25,35,5.75,17.75,47.75,19.75,45.75"
"1013,""Tabernaemontana pachysiphon"",""Afrotropical"",""forest"","""",NA,NA,0.523102673,"""",""Zanneetal2009"","""",23.8064620689655,1477.03448275862,62.1052586206897,37.1399862068966,14.3220862068966,11.3103448275862,31.8793103448276,13.3275862068966,18.3793103448276,54.2586206896552,17.0344827586207,51"
"1014,""Geissospermum sericeum"",""Neotropical"",""forest"",""n"",30,NA,0.782186667,"""",""Zanneetal2009"",""FloradoBrasil"",26.0208666666667,2170.33333333333,61.0010666666667,8.60543333333333,23.1127,10.6666666666667,31.3333333333333,3.16666666666667,15.5,51.3333333333333,24.3333333333333,44.3333333333333"
"1015,""Aspidosperma cruenta"",""Neotropical"",""forest"","""",NA,NA,0.7,"""",""Santiagoetal2004"","""",24.5503875,2116.90625,62.402278125,27.793159375,20.0339,16.3387096774194,32.3064516129032,9.59677419354839,22.2096774193548,54.9838709677419,21.5322580645161,46.2258064516129"
"1016,""Aspidosperma spruceanum"",""Neotropical"",""forest"",""n"",25,NA,0.772726667,"""",""Zanneetal2009"",""Oliveira-Filhoetal2007"",24.5503875,2116.90625,62.402278125,27.793159375,20.0339,16.3387096774194,32.3064516129032,9.59677419354839,22.2096774193548,54.9838709677419,21.5322580645161,46.2258064516129"
"1017,""Aspidosperma rigidum"",""Neotropical"",""forest"",""n"",NA,NA,0.5825,"""",""Poorter2010/Zanneetal2009"","""",23.7934083333333,1927.91666666667,54.5043416666667,10.4333916666667,14.1900558333333,16.2083333333333,33.6666666666667,9.25,25.5,54.2083333333333,24.875,41.5416666666667"
"1018,""Rauvolfia paraensis"",""Neotropical"",""forest"",""n"",NA,NA,0.55,"""",""Zanneetal2009"","""",26.4875,2478,34.707,5.9514,13.2833,5.5,41.5,1,20.5,45,19,39.5"
"1019,""Picralima nitida"",""Afrotropical"",""forest"",""n"",35,NA,0.7749,"""",""Zanneetal2009"",""JStorPlants"",24.6770450980392,1826.76470588235,64.4480823529412,10.1123862745098,9.91717745098039,10.4411764705882,34.9901960784314,10.2549019607843,20.4705882352941,50.7254901960784,15.3529411764706,49.656862745098"
"1020,""Aspidosperma ramiflorum"",""Neotropical"",""forest"",""n"",NA,15.685,NA,""Miatto&Batala2016"","""","""",18.61,1435.2,48.15118,18.87964,13.90266,11.8,40.5,4.3,19.8,52.8,16.9,42.4"
"1021,""Tabernaemontana flavicans"",""Neotropical"",""forest"","""",NA,NA,0.487,"""",""Zanneetal2009"","""",24.7482526315789,1956.94736842105,59.1856052631579,37.5484789473684,20.0903247368421,10.1944444444444,32.3333333333333,5.38888888888889,15.75,51.7222222222222,19.6111111111111,47.8888888888889"
"1022,""Aspidosperma parvifolium"",""Neotropical"",""forest"",""n"",NA,NA,0.736652779,"""",""Zanneetal2009"","""",23.0668571428571,1592.85714285714,53.1943904761905,12.8829523809524,17.3885857142857,12.525,30.925,6.5,18.95,54.625,24.375,44.7"
"1023,""Aspidosperma vargasii"",""Neotropical"",""savanna"","""",30,NA,NA,"""","""",""Oliveira-Filhoetal2007"",23.0668571428571,1592.85714285714,53.1943904761905,12.8829523809524,17.3885857142857,12.525,30.925,6.5,18.95,54.625,24.375,44.7"
"1024,""Aspidosperma nobile"",""Neotropical"",""savanna"",""n"",6,NA,NA,"""","""",""Oliveira-Filhoetal2007"",24.92291,1612.6,72.13917,36.91871,32.39928,5.7,28.05,2.3,11.15,52.25,14.85,57"
"1025,""Aspidosperma myristicifolium"",""Neotropical"",""forest"",""n"",NA,NA,0.673325641,"""",""Zanneetal2009"","""",24.8486,2409.77777777778,55.2578333333333,5.52063333333333,9.72696666666667,17.3888888888889,30.8333333333333,7.05555555555556,36,48.7222222222222,28.7777777777778,40.7222222222222"
"1026,""Aspidosperma multiflorum"",""Neotropical"",""savanna"",""n"",13,NA,NA,"""","""",""Oliveira-Filhoetal2007"",25.0074464285714,1356.46428571429,83.8712178571429,33.2039357142857,34.2352964285714,9.31481481481481,27.8703703703704,4.66666666666667,9.22222222222222,55.2222222222222,18.462962962963,53.7407407407407"
"1027,""Aspidosperma araracanga"",""Neotropical"",""forest"",""n"",NA,NA,0.75,"""",""Zanneetal2009"","""",23.74416,1604,73.66582,23.4333,26.35324,10.5,26.3,3.2,10.6,53.5,20.4,53.5"
"1028,""Tabernaemontana cymosa"",""Neotropical"",""forest"","""",NA,NA,0.47,"""",""Zanneetal2009"","""",25.8822833333333,1515.25,60.0906583333333,47.3573583333333,21.7779166666667,12.7916666666667,30.625,8.625,16.125,57.5833333333333,24.5833333333333,44.75"
"1029,""Lacmellea floribunda"",""Neotropical"",""forest"","""",NA,NA,0.49,"""",""Zanneetal2009"","""",25.389575,2450,35.764775,8.69575,5.80285,11.75,35.75,6.125,24,51.25,22.625,41.375"
"1030,""Lacmellea lactescens"",""Neotropical"",""forest"",""y"",NA,NA,0.6,"""",""Zanneetal2009"","""",25.0493615384615,2641.38461538462,36.5278461538462,17.1946384615385,20.4692538461538,14.2307692307692,31.6538461538462,6.65384615384615,40.8076923076923,50.0384615384615,25.0769230769231,43.1923076923077"
"1031,""Tabernaemontana crassa"",""Afrotropical"",""forest"",""n"",NA,NA,0.550408073,"""",""Zanneetal2009"","""",24.8069416666667,1797.66666666667,56.84525,7.737988,8.2725988,8.9,34.28,14.52,16.14,49.18,14.2,51.5"
"1032,""Rauvolfia caffra"",""Afrotropical"",""forest"",""n"",40,NA,0.465262979,"""",""Zanneetal2009"",""JStorPlants"",22.2732666666667,1331.91666666667,78.98385625,46.6110666666667,15.8182383333333,11.21875,33.1145833333333,8.94791666666667,16.90625,55.1354166666667,16.2395833333333,50.7708333333333"
"1033,""Tabernaemontana catharinensis"",""Neotropical"",""forest"","""",NA,NA,0.487,"""",""Poorter2010"","""",21.0228491803279,1423.04098360656,48.9049473770492,15.8891157024793,22.0436936885246,11.3879310344828,35.6681034482759,4.77586206896552,16.6163793103448,54.2758620689655,18.2198275862069,46.051724137931"
"1034,""Aspidosperma excelsum"",""Neotropical"",""forest"",""n"",NA,NA,0.653861922,"""",""Balhetal2011/Zanneetal2009"","""",25.6486875,2706.9375,48.9206375,14.40146875,14.29958125,14.3333333333333,31,9.1,38.0333333333333,49.5333333333333,22.8333333333333,46"
"1035,""Aspidosperma desmanthum"",""Neotropical"",""forest"",""n"",NA,NA,0.86,"""",""Zanneetal2009"","""",24.9743,2222.5,56.4454444444444,9.81767777777778,14.0175055555556,19.7352941176471,34.2352941176471,10.7352941176471,33.5,54.6764705882353,23.6470588235294,42.1470588235294"
"1036,""Aspidosperma cuspa"",""Neotropical"",""savanna"",""n"",5,NA,NA,"""","""",""Oliveira-Filhoetal2007"",24.9800925925926,1380.11111111111,67.9299666666667,15.3060185185185,25.3507296296296,16.4074074074074,31.5740740740741,8.42592592592593,15.3333333333333,60.2407407407407,22.5555555555556,45.8333333333333"
"1037,""Malouetia duckei"",""Neotropical"",""forest"","""",NA,NA,0.57,"""",""Zanneetal2009"","""",27.0167,2275,50.1583,14.8755,9.24667,34,26.5,7.5,41,52,14.5,59.5"
"1038,""Aspidosperma album"",""Neotropical"",""forest"",""n"",NA,NA,0.766140556,"""",""Zanneetal2009"","""",25.9145666666667,2181.66666666667,61.2893166666667,15.5885142857143,10.3827,7.85714285714286,36.8571428571429,3.14285714285714,13.3571428571429,46.7857142857143,17.5,45.7857142857143"
"1039,""Ambelania acida"",""Neotropical"",""forest"",""n"",NA,NA,0.524516667,"""",""Zanneetal2009"","""",26.29999,2176.2,52.39254,4.47338,10.65828,9.6,37.45,6.85,22.25,47.05,19.9,42.75"
"1040,""Parahancornia peruviana"",""Neotropical"",""forest"","""",NA,NA,0.52,"""",""Zanneetal2009"","""",26.2083,2706,21.4129,0.9936,17.6,14.5,26.5,0.5,90,48,31,42.5"
"1041,""Parahancornia fasciculata"",""Neotropical"",""forest"","""",NA,NA,0.47321,"""",""Zanneetal2009"","""",26.4583,1712,64.0566,0,0,7.5,30.5,1.5,20,46,27,42.5"
"1042,""Tabernaemontana undulata"",""Neotropical"",""forest"","""",NA,NA,0.58548,"""",""Zanneetal2009"","""",25.61042,2478.025,53.66775,2.501215,6.51280775,18.1710526315789,34.1973684210526,10.6315789473684,34.2368421052632,50.3552631578947,24.1578947368421,41.6842105263158"
"1043,""Himatanthus drasticus"",""Neotropical"",""savanna"",""n"",7,NA,NA,"""","""",""Oliveira-Filhoetal2007"",24.1,1140.48648648649,69.9443432432432,25.9161648648649,31.8856351351351,10.3378378378378,27.5135135135135,5.28378378378378,11.6621621621622,57.3513513513514,16.7432432432432,55.7432432432432"
"1044,""Symplocos rhamnifolia"",""Neotropical"",""forest"",""n"",7,NA,NA,"""","""",""Oliveira-Filhoetal2007"",19.2847333333333,1420.66666666667,48.9273,23.4782,22.6621333333333,11.8333333333333,33.5,8.16666666666667,22.3333333333333,52.8333333333333,16.8333333333333,49.6666666666667"
"1045,""Symplocos reflexa"",""Neotropical"",""forest"","""",NA,NA,0.49,"""",""Zanneetal2009"","""",15.122925,957,42.926775,0.744975,1.675,25.625,26.375,14.875,63.125,58,30.25,43.25"
"1046,""Symplocos tetrandra"",""Neotropical"",""forest"",""n"",15,NA,NA,"""","""",""Oliveira-Filhoetal2007"",17.2743615384615,1704.30769230769,26.6495076923077,2.52314615384615,11.7271769230769,16.3076923076923,47.3076923076923,4.23076923076923,32,52.1153846153846,23.5384615384615,29.1153846153846"
"1047,""Symplocos tenuifolia"",""Neotropical"",""forest"",""n"",15,NA,NA,"""","""",""Oliveira-Filhoetal2007"",16.9586214285714,1632.71428571429,28.2918785714286,4.33020714285714,13.3729357142857,14.5357142857143,45.0714285714286,3.75,27.1071428571429,51.0357142857143,23.75,31.1785714285714"
"1048,""Ctenolophon englerianus"",""Afrotropical"",""forest"",""n"",30,NA,0.82579012,"""",""Zanneetal2009"",""CJB"",25.5771,2186.5,73.3505,8.9487,17.46945,11.5,25,16.25,57.25,49.5,15.25,59.75"
"1049,""Duckesia verrucosa"",""Neotropical"",""forest"","""",NA,NA,0.818221678,"""",""Zanneetal2009"","""",26.053125,2044,58.523325,83.96405,31.54445,8.125,32.125,1.5,9.5,45.625,21.5,46.75"
"1050,""Vantanea paraensis"",""Neotropical"",""forest"","""",NA,NA,0.77,"""",""Zanneetal2009"","""",19.6875,1317,50.1509,5.9622,18.1,8.5,38,5,20,50,15,47.5"
"1051,""Humiriastrum excelsum"",""Neotropical"",""forest"",""n"",NA,NA,0.75,"""",""Zanneetal2009"","""",26.2667,2722,26.7179,0,0,14.5,28.5,4.5,32.5,47.5,23,49"
"1052,""Sacoglottis gabonensis"",""Afrotropical"",""forest"","""",45,NA,0.796380269,"""",""Zanneetal2009"",""CJB"",25.6507952380952,2116.80952380952,69.6293,5.76586666666667,9.44318571428571,12.8571428571429,32.0714285714286,14.2857142857143,35.7380952380952,49.7142857142857,18.8333333333333,49.0714285714286"
"1053,""Humiriastrum procerum"",""Neotropical"",""forest"","""",NA,NA,0.608,"""",""Zanneetal2009"","""",25.0226285714286,3155.85714285714,32.4662428571429,2.35741428571429,1.68235714285714,22.2857142857143,31.8571428571429,14.8571428571429,92.0714285714286,49.5714285714286,26.4285714285714,41.7857142857143"
"1054,""Humiriastrum colombianum"",""Neotropical"",""forest"","""",NA,NA,0.69,"""",""Zanneetal2009"","""",24.0958,3013,27.4949,0,0,15,31.5,23,82,50,23,45"
"1055,""Vantanea micrantha"",""Neotropical"",""forest"","""",NA,NA,0.975,"""",""Zanneetal2009"","""",26.4458,2360.5,42.2076,3.47095,12.58335,8.75,37.5,2.5,18.25,43.25,18.75,44"
"1056,""Vantanea macrocarpa"",""Neotropical"",""forest"","""",NA,NA,0.831773876,"""",""Zanneetal2009"","""",25.1,2113,52.91455,1.49005,22.95,9.75,38,5.75,17.5,46.75,23.25,39.25"
"1057,""Anisophyllea manausensis"",""Neotropical"",""forest"",""n"",NA,NA,0.86,"""",""Zanneetal2009"","""",26.50415,2351.5,42.87755,0.49585,4.4,7.25,35.5,3,15.75,43.25,20.25,44.5"
"1058,""Anisophyllea laurina"",""Afrotropical"",""forest"",""n"",20,NA,0.76223475,"""",""Zanneetal2009"",""CJB"",25.4979,2779.5,90.610375,39.710125,14.335275,18.625,33.875,16.625,20.5,49.5,22,43.75"
"1059,""Anisophyllea obtusifolia"",""Afrotropical"",""forest"",""n"",45,NA,0.662854723,"""",""Zanneetal2009"",""JStorPlants"",20.1667,1097,64.318,1.9878,27.75,16.5,37,10,31.5,53.5,20.5,42.5"
"1060,""Poga oleosa"",""Afrotropical"",""forest"",""n"",40,NA,0.392904669,"""",""Zanneetal2009"",""CJB"",24.7653,2032.33333333333,66.0825666666667,4.04413333333333,10.1262,11.5,38.6666666666667,9.16666666666667,42,48.6666666666667,16.1666666666667,45"
"1061,""Agonandra silvatica"",""Neotropical"",""forest"",""n"",NA,NA,0.8305,"""",""Zanneetal2009"","""",25.5552,1766.75,63.2501,13.4036,13.0403,10.375,32,7.375,13.5,52,24.375,43.625"
"1062,""Thyrsodium spruceanum"",""Neotropical"",""forest"",""n"",NA,NA,0.54,"""",""Zanneetal2009"","""",24.575,1674.05555555556,53.1038166666667,10.2391055555556,22.61415,10.9444444444444,30.4444444444444,5.36111111111111,16.25,53.9722222222222,19.2222222222222,50.3888888888889"
"1063,""Thyrsodium guianense"",""Neotropical"",""forest"",""n"",NA,NA,0.65,"""",""Zanneetal2009"","""",26.0625,2593,57.6059333333333,13.9198666666667,16.1239666666667,11.1666666666667,33.8333333333333,9.5,11,48,30.8333333333333,34.8333333333333"
"1064,""Loxopterygium huasango"",""Neotropical"",""forest"","""",NA,NA,0.73,"""",""Zanneetal2009"","""",23.8101142857143,319.857142857143,151.642428571429,1.65021428571429,11.35,19,27,13.5714285714286,15.2857142857143,69.8571428571429,20.1428571428571,52.7857142857143"
"1065,""Tapirira obtusa"",""Neotropical"",""forest"","""",NA,14.78079043,0.352066839,""Dantasetal2013"",""Dantasetal2013/Zanneetal2009"","""",21.3629666666667,1819.11111111111,60.1910277777778,8.27337777777778,10.9302833333333,10.9722222222222,34.8055555555556,3.88888888888889,22.7222222222222,51.6666666666667,20.3333333333333,44.8611111111111"
"1066,""Astronium nelson-rosae"",""Neotropical"",""forest"",""n"",15,NA,NA,"""","""",""Oliveira-Filhoetal2007"",21.7208,1571,83.8586,21.8306,16.3364,6.5,40.5,1.5,10,53.5,12.5,46.5"
"1067,""Lithrea molleoides"",""Neotropical"",""forest"","""",15,NA,NA,"""","""",""Oliveira-Filhoetal2007"",18.9572965909091,1207.125,57.7810027272727,14.5209647727273,24.6818102272727,12.6494252873563,34.3735632183908,6.67241379310345,18.9252873563218,57.1551724137931,20.4712643678161,45.1494252873563"
"1068,""Lannea welwitschii"",""Afrotropical"",""forest"",""n"",30,NA,0.405327538,"""",""Zanneetal2009"",""JStorPlants"",25.0465878787879,1669.75757575758,62.7625848484848,8.293,18.8372727272727,11.0333333333333,32.3,12.9833333333333,28.5833333333333,51.4166666666667,17.6,50.15"
"1069,""Antrocaryon micraster"",""Afrotropical"",""forest"",""n"",46,NA,0.487723456,"""",""Zanneetal2009"",""JStorPlants"",25.44585,1540.2,60.85221,28.22532,12.578297,10.35,27.5,16.75,14.3,54.55,20,52.5"
"1070,""Antrocaryon klaineanum"",""Afrotropical"",""forest"",""n"",35,NA,0.526158417,"""",""Zanneetal2009"",""CJB"",24.24752,1881,60.6807,0,0,9.6,41.5,8.2,24.4,47.1,15.1,43.2"
"1071,""Myracrodruon urundeuva"",""Neotropical"",""forest"","""",30,18,0.38,""Markesteijnetal2011"",""Markesteijnetal2011"",""Oliveira-Filhoetal2007"",23.9787834862385,861.357798165138,82.3981779816514,13.1806155963303,22.2438256880734,11.6342592592593,27.0185185185185,6.56018518518519,8.875,61.3935185185185,19.0462962962963,53.9583333333333"
"1072,""Lannea acida"",""Afrotropical"",""savanna"",""n"",15,10.03306341,0.465,""Dominguesetal2010"",""Nygard&Elfving2000"",""JStorPlants"",26.97585,1081.40740740741,100.817159259259,64.4858462962963,20.9459944444444,10.125,25.4423076923077,19.7596153846154,8.54807692307692,59.25,20.625,53.9326923076923"
"1073,""Campnosperma gummifera"",""Neotropical"",""forest"","""",NA,NA,0.44,"""",""Zanneetal2009"","""",26.6604,2859,44.86275,0.49585,4.4,7.5,25.75,2.75,20.5,44.5,22.25,52.25"
"1074,""Cornus peruviana"",""Neotropical"",""forest"","""",NA,NA,0.56,"""",""Zanneetal2009"","""",14.975676,1452.88,57.046592,5.638656,17.602328,27.42,25.48,18.08,66.32,54.84,30.82,43.62"
"1075,""Pterygota macrocarpa"",""Afrotropical"",""forest"",""n"",40,NA,0.493319896,"""",""Zanneetal2009"",""JStorPlants"",25.0536375,1611.25,66.610525,13.6578875,16.4986125,11.4375,30.75,16.0625,14.25,54.0625,17,52.25"
"1076,""Guazuma crinita"",""Neotropical"",""forest"","""",NA,NA,0.44,"""",""Zanneetal2009"","""",25.7569333333333,2450.66666666667,52.2104166666667,11.42575,16.5635666666667,12.9166666666667,31.5,2.5,21.5833333333333,50.5,31.3333333333333,37.25"
"1077,""Pterygota bequaertii"",""Afrotropical"",""forest"",""n"",50,NA,0.533988524,"""",""Zanneetal2009"",""CJB"",24.70373,1831.8,60.36751,275.56414,4.57886,11.5555555555556,37.8888888888889,11.0555555555556,24.7777777777778,50.3333333333333,15.2222222222222,46.7777777777778"
"1078,""Pterygota amazonica"",""Neotropical"",""forest"","""",NA,NA,0.56,"""",""Zanneetal2009"","""",23.4625,1856,50.4558,0,0,17,37,8.5,25,56,24,39"
"1079,""Heritiera utilis"",""Afrotropical"",""forest"",""n"",27,NA,0.558414382,"""",""Zanneetal2009"",""JStorPlants"",25.3680666666667,2155.22222222222,68.1369333333333,19.5234,18.1111666666667,12.5555555555556,30,23.3888888888889,21.5555555555556,50.8333333333333,20.3333333333333,50"
"1080,""Theobroma obovatum"",""Neotropical"",""forest"","""",NA,NA,0.47,"""",""Zanneetal2009"","""",26.0130928571429,2443.64285714286,36.3378,12.8510071428571,10.0095071428571,14.4642857142857,31.4642857142857,2.85714285714286,29.8214285714286,48.5,29.0357142857143,39.3928571428571"
"1081,""Nesogordonia papaverifera"",""Afrotropical"",""forest"",""n"",45,17.24137931,0.645036224,""Dominguesetal2010"",""Zanneetal2009"",""CJB"",26.4375125,1678.625,73.863225,29.4301375,19.78996375,11.6875,31.875,17.5625,13.25,54.375,18.1875,49.75"
"1082,""Nesogordonia leplaei"",""Afrotropical"",""forest"",""n"",50,NA,0.717393489,"""",""Zanneetal2009"",""JStorPlants"",24.8088,1609.22222222222,55.9949666666667,3.42392222222222,9.97631111111111,10.6666666666667,34.1666666666667,10.0555555555556,19.5555555555556,51.1111111111111,16.9444444444444,48.6666666666667"
"1083,""Triplochiton scleroxylon"",""Afrotropical"",""forest"",""n"",60,13.79310345,0.334511181,""Dominguesetal2010"",""Zanneetal2009"",""JStorPlants"",26.5196039215686,1213.94117647059,67.0397098039216,16.8024884615385,13.1043078846154,15.2980769230769,29.1634615384615,14.375,11.5673076923077,58.2211538461538,17.9519230769231,52.8461538461538"
"1084,""Dulacia macrophylla"",""Neotropical"",""forest"","""",NA,13.62379042,NA,""Dantasetal2013"","""","""",23.8792,1809,48.2641,12.8999,18.9385,21,37,5,19,56.5,26.5,36"
"1085,""Maburea trinervis"",""Neotropical"",""forest"","""",NA,NA,0.81795,"""",""Zanneetal2009"","""",26.5583,2068,61.244,2.9805,6.5,10,34,7.5,23.5,47,18.5,47.5"
"1086,""Dulacia guianensis"",""Neotropical"",""forest"","""",NA,NA,0.568866667,"""",""Zanneetal2009"","""",26.223975,2248,49.964475,1.242625,4.945,8.625,32.125,5.375,20.25,46,26.125,41.75"
"1087,""Ptychopetalum olacoides"",""Neotropical"",""forest"","""",NA,NA,0.6625,"""",""Zanneetal2009"","""",26.0542,1917,61.5472,4.972,32.16,5,37.5,10,10,49,17.5,45"
"1088,""Schoepfia brasiliensis"",""Neotropical"",""forest"","""",8,NA,NA,"""","""",""Oliveira-Filhoetal2007"",22.347025,1366.71428571429,56.6570357142857,26.1748285714286,21.6895439285714,13.4821428571429,30.5,4.17857142857143,20.4642857142857,55.1428571428571,17.7142857142857,51.8571428571429"
"1089,""Diogoa zenkeri"",""Afrotropical"",""forest"",""n"",50,NA,0.695528552,"""",""Zanneetal2009"",""CJB"",25.1214692307692,1848.38461538462,71.3001538461538,126.481415384615,3.21420769230769,12.7692307692308,33.7692307692308,13.0769230769231,39.2692307692308,48.2692307692308,17.4615384615385,48.8461538461538"
"1090,""Aptandra tubicina"",""Neotropical"",""forest"","""",NA,NA,0.765,"""",""Zanneetal2009"","""",24.5651454545455,2364.27272727273,41.4624818181818,4.96955454545455,17.0929090909091,16.6363636363636,35,5,21.5454545454545,48.7272727272727,30.4090909090909,34.7272727272727"
"1091,""Ximenia caffra"",""Afrotropical"",""savanna"",""y"",6,6.56,NA,""Plasetal2012"","""",""JStorPlants"",21.5452210526316,961.652631578947,87.0020873684211,42.97696,27.5396601052632,11.7393617021277,27.936170212766,8.84574468085106,10.8617021276596,60.5265957446809,13.1489361702128,58.8563829787234"
"1092,""Chaunochiton loranthoides"",""Neotropical"",""forest"",""n"",NA,NA,0.77,"""",""Zanneetal2009"","""",27.2083,2376,74.0607,61.6342,22.49515,6.5,25.5,5,18.25,50,24.75,49.5"
"1093,""Chaunochiton kappleri"",""Neotropical"",""forest"",""n"",NA,NA,0.521866667,"""",""Zanneetal2009"","""",25.681225,2274.25,65.640525,29.29565,14.3432,8.625,31.125,3.375,13.125,48.375,24.75,44.25"
"1094,""Octoknema borealis"",""Afrotropical"",""forest"",""n"",30,NA,0.688010092,"""",""Zanneetal2009"",""CJB"",25.2455153846154,1994.38461538462,69.9914461538462,47.2300923076923,17.5781846153846,12.3461538461538,28.2692307692308,17.5769230769231,18.5769230769231,52.0384615384615,20.5,51.2692307692308"
"1095,""Tetrastylidium grandifolium"",""Neotropical"",""forest"","""",NA,15.197,NA,""Miatto&Batala2016"","""","""",18.891675,1707.25,30.9199,1.9878,9.8291675,16.125,40.125,7.375,39.125,51.125,20.25,39.75"
"1096,""Minquartia guianensis"",""Neotropical"",""forest"","""",NA,NA,0.786711667,"""",""Zanneetal2009"","""",23.77578125,2197.5,42.90883125,4.09644375,9.669895625,18.4333333333333,30.1333333333333,7.2,41.4666666666667,50.2,26.1,43.7"
"1097,""Strombosiopsis tetrandra"",""Afrotropical"",""forest"",""n"",30,NA,0.662854723,"""",""Zanneetal2009"",""JStorPlants"",24.63565,1887.5,58.5762861111111,0.965605555555555,1.57732138888889,11.8714285714286,36.4714285714286,10,25.9285714285714,48.3857142857143,15.1428571428571,48.3285714285714"
"1098,""Turpinia occidentalis"",""Neotropical"",""forest"","""",NA,NA,0.34,"""",""Zanneetal2009"","""",18.8659623188406,1965.57487922705,61.2818922705314,9.53599117647059,15.0736703414634,27.8131067961165,32.5291262135922,12.8592233009709,50.2742718446602,54.7645631067961,28.2354368932039,39.2111650485437"
"1099,""Huertea glandulosa"",""Neotropical"",""forest"","""",NA,NA,0.428735547,"""",""Zanneetal2009"","""",21.4620631578947,2197.15789473684,37.4199421052632,4.766505,10.0304065,20.375,33.625,9,50.35,52.675,27.475,39"
"1100,""Connarus regnellii"",""Neotropical"",""savanna"",""n"",12,NA,NA,"""","""",""Oliveira-Filhoetal2007"",17.2208,1370,64.0001,6.9538,14.8571,10,34,3.5,23.5,51.5,21.5,44"
"1101,""Erythroxylum tortuosum"",""Neotropical"",""savanna"",""n"",4,7.1529,0.3935,""Batalaetal2011/Cianciarusoetal2013/DantasandBatala2012"",""Batalaetal2011/Miato2011"",""Oliveira-Filhoetal2007"",20.9140625,1495.375,84.2585875,35.0076875,32.85585,10.6875,37.625,4.1875,20.4375,53.6875,16.3125,46.125"
"1102,""Erythroxylum subrotundum"",""Neotropical"",""forest"",""n"",8,NA,NA,"""","""",""Oliveira-Filhoetal2007"",21.8952766666667,895.5,63.4417466666667,7.59946,24.304829,12.0833333333333,30.2333333333333,6.98333333333333,13.0166666666667,58.3833333333333,17.7666666666667,51.9666666666667"
"1103,""Erythroxylum subracemosum"",""Neotropical"",""savanna"",""n"",6,NA,NA,"""","""",""FloradoBrasil"",25.2472,1752.22222222222,76.0205222222222,68.2291222222222,33.0358111111111,7.38888888888889,30.1666666666667,1.22222222222222,13.3333333333333,51.5555555555556,19.8888888888889,49.9444444444444"
"1104,""Erythroxylum amazonicum"",""Neotropical"",""forest"",""n"",20,NA,0.71,"""",""Zanneetal2009"",""FloradoBrasil"",23.19209,2641.7,49.80456,26.19946,21.96041,16.3,32.95,9.8,37.9,50.4,24.35,42.7"
"1105,""Erythroxylum daphnites"",""Neotropical"",""forest"",""n"",NA,NA,0.75,"""",""Markesteijnetal2011"","""",23.178375,1546.875,74.46590625,36.448425,27.25225,8.26666666666667,33.9333333333333,3.16666666666667,15.3333333333333,54.1333333333333,18.3333333333333,47.7333333333333"
"1106,""Erythroxylum barbatum"",""Neotropical"",""forest"",""n"",NA,41.76287086,NA,""Dantasetal2013"","""","""",23.3213625,1183.125,94.768625,11.812,18.5150111111111,8.11111111111111,26.7777777777778,4.88888888888889,9.94444444444444,53.8333333333333,17.0555555555556,56.2222222222222"
"1107,""Erythroxylum kapplerianum"",""Neotropical"",""forest"",""n"",NA,NA,0.71,"""",""Zanneetal2009"","""",27.7833666666667,2329.66666666667,78.8163666666667,26.1814333333333,20.0087,11.8333333333333,24.8333333333333,8.33333333333333,15.5,55,21.8333333333333,53.1666666666667"
"1108,""Erythroxylum mannii"",""Afrotropical"",""forest"",""n"",24,NA,0.54679496,"""",""Zanneetal2009"",""JStorPlants"",25.0670272727273,1698,60.3721909090909,8.2203,12.7903363636364,10.7727272727273,31.3636363636364,16.4545454545455,13.1818181818182,53.0909090909091,18.2727272727273,50.0909090909091"
"1109,""Testulea gabonensis"",""Afrotropical"",""forest"",""n"",18,NA,0.638698642,"""",""Zanneetal2009"",""CJB"",25.1643,1900.85714285714,64.3328571428571,1.32615714285714,11.0119,12.6428571428571,34.9285714285714,9.92857142857143,44.8571428571429,48.9285714285714,18.3571428571429,46.7857142857143"
"1110,""Ouratea nitida"",""Neotropical"",""savanna"","""",6,NA,NA,"""","""",""Oliveira-Filhoetal2007"",25.6670709677419,1761.83870967742,63.6286387096774,48.597035483871,24.6147612903226,29.0483870967742,36.8387096774194,9.87096774193548,26.8709677419355,64.2096774193548,22.0483870967742,41.2903225806452"
"1111,""Ouratea ferruginea"",""Neotropical"",""savanna"",""n"",7,NA,NA,"""","""",""Oliveira-Filhoetal2007"",26.02459,1966.9,64.88224,31.89025,24.13029,9.05555555555556,28.8888888888889,2.61111111111111,18.5,49.7222222222222,21.7222222222222,49.4444444444444"
"1112,""Ochna natalitia"",""Afrotropical"",""savanna"",""n"",7,8.46,0.703,""Plasetal2012"",""Plasetal2012"",""JStorPlants"",21.8602090909091,829.272727272727,70.2176363636364,45.6213272727273,24.6033818181818,10.8636363636364,26.1818181818182,5.59090909090909,9.54545454545454,59.6818181818182,12.9545454545455,60.8636363636364"
"1113,""Ouratea acuminata"",""Neotropical"",""savanna"","""",12,6.387806874,0.462,""Batalaetal2011"",""Batalaetal2011"",""Oliveira-Filhoetal2007"",26.4646,1959.5,72.0783,24.3628,9.8704,7.25,27.75,6,31.25,50.5,17,55.25"
"1114,""Lophira alata"",""Afrotropical"",""forest"",""n"",55,NA,0.896957011,"""",""Zanneetal2009"",""JStorPlants"",25.2068194444444,1773.66666666667,66.1608722222222,10.5148027777778,7.42864722222222,12.3571428571429,32.2428571428571,13.9,20.0571428571429,52.0571428571429,17.1142857142857,50.7428571428571"
"1115,""Cespedesia spathulata"",""Neotropical"",""forest"",""n"",15,NA,0.61331,"""",""Zanneetal2009"",""Oliveira-Filhoetal2007"",24.3178514285714,2768.54285714286,45.3113857142857,10.7181558823529,9.87864,22.3714285714286,33.6857142857143,8.68571428571429,47.0571428571429,53.4,26.6571428571429,39.6857142857143"
"1116,""Ouratea coccinea"",""Neotropical"",""forest"","""",NA,NA,0.77,"""",""Zanneetal2009"","""",24.6208,2056,55.6457,0.9944,8,11,31,1,11.5,47,33,36"
"1117,""Elvasia calophyllea"",""Neotropical"",""forest"","""",NA,NA,0.8,"""",""Zanneetal2009"","""",26.7979,2376,44.8539,1.4916,10.98335,9.5,31,2.5,89.5,47.5,34,36"
"1118,""Ouratea spectabilis"",""Neotropical"",""savanna"",""n"",7,5.857895868,0.431666667,""Batalaetal2011/Cianciarusoetal2013/DantasandBatala2012/Miatto&Batala2016"",""Abeetal2018/Batalaetal2011/Miato2011"",""FloradoBrasil"",22.322925,1557.16666666667,66.1321,23.9225666666667,40.6855583333333,10.0416666666667,30.4166666666667,4.25,11.5416666666667,53.125,16.8333333333333,52.9166666666667"
"1119,""Combretum glutinosum"",""Afrotropical"",""savanna"",""n"",13,7.063935676,0.686,""Dominguesetal2010"",""Nygard&Elfving2000"",""JStorPlants"",27.8771298850575,821.33908045977,115.734695402299,54.048733908046,22.4998346551724,11.0058479532164,23.5409356725146,13.953216374269,5.99707602339181,64.3479532163743,19.6578947368421,56.7953216374269"
"1120,""Combretum schumannii"",""Afrotropical"",""forest"",""n"",18,NA,0.9294495,"""",""Zanneetal2009"",""JStorPlants"",23.17084,700.6,104.07622,33.98534,86.09186,9.4,19.6,5.8,7.1,63.3,9.3,70.7"
"1121,""Combretum micranthum"",""Afrotropical"",""forest"","""",5,13.58695652,0.736,""Dominguesetal2010"",""Nygard&Elfving2000"",""CJB"",27.9888069767442,743.546511627907,128.727931395349,36.44105,15.2157895348837,10.5872093023256,21.6511627906977,13.75,5.83139534883721,64.1046511627907,18.4302325581395,59.9127906976744"
"1122,""Anogeissus leiocarpa"",""Afrotropical"",""forest"",""n"",2,14.07735115,0.72,"""",""Nygard&Elfving2000"",""JStorPlants"",27.4139512465374,956.479224376731,102.376092243767,64.6447334254144,21.8536769337017,10.909972299169,24.0346260387812,17.98891966759,6.94182825484765,62.3019390581717,21.6828254847645,54.2382271468144"
"1123,""Terminalia laxiflora"",""Afrotropical"",""savanna"",""n"",10,5.88100194,NA,""Dominguesetal2010"","""",""JStorPlants"",26.9631275,1017.675,104.4332625,68.953095,22.2340875,12.3375,26.2875,16.6125,7.1375,61.3,21.925,51.7625"
"1124,""Combretum apiculatum"",""Afrotropical"",""savanna"",""n"",10,9.226064711,0.84041511,""Higginsetal2012/Zizkaetal2014"",""Abbotetal1997/Higginsetal2012"",""JStorPlants"",22.37754375,637.53125,99.4674453125,23.128175,33.5067609375,11.7142857142857,23.5079365079365,10.1984126984127,6.87301587301587,65.8095238095238,12.3333333333333,64.0634920634921"
"1125,""Combretum zeyheri"",""Afrotropical"",""savanna"",""n"",13,8.096339774,0.743901086,""Higginsetal2012"",""Higginsetal2012"",""JStorPlants"",21.6439895348837,780.593023255814,94.7888279069767,51.2560523255814,35.399038372093,9.51162790697674,23.2151162790698,7.36046511627907,8.06395348837209,61.5813953488372,11.3604651162791,65.4127906976744"
"1126,""Terminalia phaeocarpa"",""Neotropical"",""forest"",""n"",20,NA,NA,"""","""",""FloradoBrasil"",24.4771,1487,85.89085,34.2607,14.97825,7.5,32,3,10.75,56.75,20.75,47.25"
"1127,""Combretum ghasalense"",""Afrotropical"",""savanna"",""n"",12,8.196721311,NA,""Dominguesetal2010"","""",""CJB"",25.7240191176471,1018.04411764706,102.917,68.7476544117647,23.8203930882353,11.3059701492537,25.1641791044776,14,9.16417910447761,60.955223880597,17.5970149253731,57.134328358209"
"1128,""Combretum leprosum"",""Neotropical"",""forest"",""n"",25,23.9,0.505,""Markesteijn&Poorter2009/Markesteijnetal2011"",""Markesteijnetal2011/Zanneetal2009"",""Oliveira-Filhoetal2007"",25.2700661971831,982.901408450704,93.6102056338028,17.5390718309859,21.7922708450704,9.67142857142857,24.2928571428571,5.62857142857143,7.3,59.5142857142857,19.1857142857143,56.5428571428571"
"1129,""Terminalia guyanensis"",""Neotropical"",""forest"","""",NA,NA,0.714648,"""",""Zanneetal2009"","""",24.925,1715,72.3742,23.8248,11.5542,11.5,37.5,20.5,11,50.5,20,42.5"
"1130,""Buchenavia oxycarpa"",""Neotropical"",""forest"","""",20,NA,0.713333333,"""",""Zanneetal2009"",""FloradoBrasil"",25.8243,2270.91666666667,43.6812583333333,7.36189166666667,6.81243333333333,11.7777777777778,30.2777777777778,5.44444444444444,38.0555555555556,47.9444444444444,27.6666666666667,42.1111111111111"
"1131,""Terminalia triflora"",""Neotropical"",""forest"",""n"",25,24.27199568,0.48614895,""Dantasetal2013/Miatto&Batala2016"",""Dantasetal2013"",""FloradoBrasil"",20.5263272727273,1035.04545454545,60.1788727272727,19.4227590909091,28.0874909090909,13.1428571428571,31.4761904761905,7.30952380952381,15.9285714285714,58.0714285714286,22.7380952380952,45.8571428571429"
"1132,""Combretum pisoniiflorum"",""Afrotropical"",""savanna"",""n"",4,NA,0.669,"""",""Abbotetal1997"",""JStorPlants"",25.46248,1055.2,85.35662,59.22658,34.60368,9.1,25.2,8.6,9.5,57.8,15.6,59"
"1133,""Terminalia glabrescens"",""Neotropical"",""forest"",""n"",30,NA,0.73,"""",""Zanneetal2009"",""FloradoBrasil"",22.5004884615385,1161.15384615385,78.1810807692308,21.2420769230769,26.6898769230769,9.47916666666667,32.4166666666667,4.375,12.0625,55.8125,16.2708333333333,51.4166666666667"
"1134,""Terminalia avicennioides"",""Afrotropical"",""savanna"",""n"",9,7.272727273,0.638,""Dominguesetal2010"",""Nygard&Elfving2000"",""JStorPlants"",27.4380968253968,928.412698412698,105.173401587302,64.8397571428571,25.0767023809524,9.52380952380952,23.0555555555556,15.984126984127,6.59523809523809,62.4126984126984,22.5079365079365,54.4444444444444"
"1135,""Combretum collinum"",""Afrotropical"",""savanna"",""n"",17,8.151616559,0.721123189,""Higginsetal2012/Zizkaetal2014"",""Higginsetal2012"",""JStorPlants"",24.9909806603774,1029.90094339623,93.2615627358491,60.5377617924528,23.1083971698113,10.6037735849057,26.8938679245283,12.8584905660377,8.50943396226415,60.2783018867925,16.1084905660377,56.9504716981132"
"1136,""Terminalia argentea"",""Neotropical"",""savanna"",""n"",NA,7.2,NA,""Cianciarusoetal2013"","""","""",23.1463583333333,1291.625,69.2072958333333,45.9275229166667,28.0860172916667,9.17391304347826,30.4347826086957,3.78260869565217,11.8478260869565,56.1195652173913,17.5869565217391,51.9782608695652"
"1137,""Combretum imberbe"",""Afrotropical"",""savanna"",""y"",33,8.073371106,0.952761776,""Higginsetal2012"",""Higginsetal2012"",""JStorPlants"",22.8962952380952,519.031746031746,100.778615873016,19.323019047619,30.7391203174603,13.2983870967742,21.1370967741935,8.16935483870968,5.40322580645161,71.1854838709677,12.0645161290323,66.7258064516129"
"1138,""Terminalia amazonia"",""Neotropical"",""forest"",""n"",70,NA,0.67349,"""",""Zanneetal2009"",""FloradoBrasil"",24.6952119402985,2475.67164179104,61.1893910447761,29.9050485294118,21.9381098529412,24.7238805970149,36.3208955223881,11.4179104477612,24.2164179104478,57.2835820895522,24.0223880597015,39.7164179104478"
"1139,""Terminalia sericea"",""Afrotropical"",""savanna"",""n"",16,7.015862415,0.78070026,""Higginsetal2012/Zizkaetal2014"",""Higginsetal2012/Yeaton1988"",""JStorPlants"",22.1023201342282,635.953020134228,99.8323530201342,28.2191389261745,35.5334693288591,7.98657718120805,17.8187919463087,6.61744966442953,5.63087248322148,65.4563758389262,8.59060402684564,73.5335570469799"
"1140,""Terminalia glaucescens"",""Afrotropical"",""savanna"",""n"",13,7.865633286,NA,""Dominguesetal2010"","""",""JStorPlants"",24.9546333333333,1319.59259259259,74.3317814814815,61.3666703703704,18.522442962963,14.5,29.9259259259259,17.0185185185185,14.2407407407407,58.2962962962963,22.2222222222222,47.9259259259259"
"1141,""Terminalia dichotoma"",""Neotropical"",""forest"","""",NA,NA,0.707746667,"""",""Zanneetal2009"","""",26.9041666666667,1843,65.2386333333333,12.2610666666667,9.84013333333333,8.33333333333333,33.1666666666667,3.5,17,48,23.6666666666667,43.1666666666667"
"1142,""Guapira cuspidata"",""Neotropical"",""forest"",""n"",NA,NA,0.4922,"""",""Zanneetal2009"","""",26.655225,2087,72.722,25.818325,19.224275,11.125,30.75,9.375,10,55.75,21.625,47.625"
"1143,""Guapira campestris"",""Neotropical"",""savanna"",""n"",4,NA,NA,"""","""",""Oliveira-Filhoetal2007"",23.9833333333333,1245.88888888889,84.7290111111111,59.9346444444444,91.2855888888889,7.22222222222222,26.2222222222222,4.83333333333333,10.7222222222222,54.3333333333333,15.8333333333333,57.9444444444444"
"1144,""Guapira areolata"",""Neotropical"",""savanna"",""n"",18,NA,NA,"""","""",""Oliveira-Filhoetal2007"",22.6486166666667,1404.5,36.8690166666667,36.2844166666667,30.2549833333333,13.5833333333333,35.75,9,17.6666666666667,56.6666666666667,20.9166666666667,43.25"
"1145,""Neea tristis"",""Neotropical"",""forest"","""",NA,NA,0.77,"""",""Zanneetal2009"","""",25.72915,2065,43.6146,16.40265,11.15455,8.75,38.75,2.25,11.5,45.25,22.75,39"
"1146,""Neea theifera"",""Neotropical"",""savanna"","""",4,NA,0.3,"""",""Abeetal2018"",""Oliveira-Filhoetal2007"",23.1144230769231,1454,82.2696923076923,35.2451769230769,41.7276461538462,7.19230769230769,31.8076923076923,3.15384615384615,15.6923076923077,53.6923076923077,17.0384615384615,51.1923076923077"
"1147,""Neea ovalifolia"",""Neotropical"",""forest"","""",NA,NA,0.77,"""",""Zanneetal2009"","""",24.67168,2040,59.72005,20.94068,18.31326,11.5,30.55,4.6,29.15,48.95,22.75,46.7"
"1148,""Neea oppositifolia"",""Neotropical"",""forest"","""",NA,NA,0.892646114,"""",""Zanneetal2009"","""",25.5861,2237.16666666667,47.56295,6.46251666666667,10.8228,9.1,35.6,3.5,17.1,46,24.6,39.8"
"1149,""Guapira noxia"",""Neotropical"",""savanna"",""n"",10,10.31523333,0.2525,""Batalaetal2011/Cianciarusoetal2013/DantasandBatala2012"",""Batalaetal2011/Miato2011"",""Oliveira-Filhoetal2007"",22.5935277777778,1183.44444444444,70.2240333333333,10.9810166666667,27.1549611111111,9.55882352941176,30.0882352941176,5.58823529411765,13.3235294117647,56.7941176470588,17.9117647058824,52.1470588235294"
"1150,""Neea madeirana"",""Neotropical"",""forest"","""",NA,NA,0.548053851,"""",""Zanneetal2009"","""",25.1333,2918,52.5016,0,0,13.5,31,3.5,53,49.5,35.5,33.5"
"1151,""Neea floribunda"",""Neotropical"",""forest"","""",NA,NA,0.62,"""",""Zanneetal2009"","""",24.7475666666667,2259.91666666667,43.9582083333333,6.66475,13.0998,15.2727272727273,31.7727272727273,5.31818181818182,35.5454545454545,49.5,26.7272727272727,41.5909090909091"
"1152,""Picramnia parvifolia"",""Neotropical"",""forest"",""n"",7,NA,NA,"""","""",""Oliveira-Filhoetal2007"",17.6736842105263,1574.68421052632,22.5969368421053,5.80646842105263,12.5464173684211,15.6052631578947,43.2631578947368,3.81578947368421,26.1842105263158,53.2368421052632,25.0526315789474,31.7105263157895"
"1153,""Quassia gabonensis"",""Afrotropical"",""forest"",""n"",30,NA,0.325389598,"""",""Zanneetal2009"",""CJB"",25.3022681818182,1888.04545454545,72.3605727272727,31.8188636363636,9.54007090909091,13.3181818181818,31.2045454545455,12.1363636363636,33.1590909090909,51.1818181818182,16.9772727272727,51.7045454545455"
"1154,""Simaba cedron"",""Neotropical"",""forest"",""n"",NA,NA,0.474426667,"""",""Zanneetal2009"","""",24.84034,1900.72,54.60896,16.087452,15.131356,11.02,33.54,4.02,21.96,50.32,21.72,44.68"
"1155,""Picramnia latifolia"",""Neotropical"",""forest"",""n"",12,NA,NA,"""","""",""Oliveira-Filhoetal2007"",23.9872611111111,2449.05555555556,59.1628888888889,9.65744444444444,11.8733888888889,19,30.8235294117647,11.4411764705882,42.6470588235294,53.2352941176471,26.9411764705882,42.1176470588235"
"1156,""Simaba orinocensis"",""Neotropical"",""forest"",""n"",NA,NA,0.3782525,"""",""Zanneetal2009"","""",26.5196428571429,2255.35714285714,47.5982678571429,12.4594821428571,10.1793714285714,9.18421052631579,29.7105263157895,3.39473684210526,33.8947368421053,47.7894736842105,25.4473684210526,44.9210526315789"
"1158,""Picramnia ciliata"",""Neotropical"",""forest"",""n"",5,NA,NA,"""","""",""Oliveira-Filhoetal2007"",21.3125,1613.28571428571,50.1590714285714,6.10557142857143,22.9511428571429,11.5714285714286,34.6428571428571,5.5,25.1428571428571,52.0714285714286,19.6428571428571,45.5"
"1159,""Tovomita umbellata"",""Neotropical"",""forest"",""n"",NA,NA,0.86,"""",""Zanneetal2009"","""",24.3958307692308,1922.53846153846,54.4379307692308,14.9068846153846,15.6191,11.4583333333333,31.2083333333333,7.83333333333333,22.2083333333333,50.25,20.625,48.125"
"1160,""Tovomita gracilipes"",""Neotropical"",""forest"",""n"",NA,NA,0.86,"""",""Zanneetal2009"","""",25.875,3089.33333333333,33.0864,1.6535,2.85333333333333,12.5,29.1666666666667,5,53,45.5,25.3333333333333,45.1666666666667"
"1161,""Tovomita carinata"",""Neotropical"",""forest"","""",NA,NA,0.41,"""",""Zanneetal2009"","""",25.0958,2366,74.476,0,0,8,34.5,14.5,31,47,19.5,46"
"1162,""Harungana madagascariensis"",""Afrotropical"",""forest"",""n"",27,NA,0.469351884,"""",""Zanneetal2009"",""CJB"",22.6398834482759,1650.57931034483,78.4829772413793,45.6625602836879,22.3884267375887,12.5827586206897,32.2103448275862,11.4931034482759,20.4793103448276,53.7965517241379,17.6655172413793,50.1379310344828"
"1163,""Caraipa punctulata"",""Neotropical"",""forest"","""",NA,NA,0.6,"""",""Zanneetal2009"","""",25.4125,3166.5,44.8152,12.42625,9.558,8.5,30.5,6.5,28.75,48.5,21,48.5"
"1164,""Garcinia punctata"",""Afrotropical"",""forest"",""n"",9,NA,0.824107088,"""",""Zanneetal2009"",""JStorPlants"",24.11805,1917.53333333333,57.3379366666667,3.7432,4.001928,10.6206896551724,36.7586206896552,9.08620689655172,25.0862068965517,48.5344827586207,15.7586206896552,47.4137931034483"
"1165,""Garcinia preussii"",""Afrotropical"",""forest"","""",8,NA,0.842812362,"""",""Zanneetal2009"",""CJB"",24.2017857142857,1929.57142857143,66.6358714285714,1.7016,3.475,11.1428571428571,37.6428571428571,11.7142857142857,28.7857142857143,47.3571428571429,16.7857142857143,45.5714285714286"
"1166,""Allanblackia stuhlmannii"",""Afrotropical"",""forest"","""",45,NA,0.620819833,"""",""Zanneetal2009"",""CJB"",20.0952357142857,1364.14285714286,60.5949785714286,8.02085,16.9984857142857,10.25,41.2857142857143,10.2857142857143,21.25,53.4285714285714,17.2857142857143,41.3214285714286"
"1167,""Allanblackia parviflora"",""Afrotropical"",""forest"","""",30,NA,0.545612813,"""",""Zanneetal2009"",""JStorPlants"",26.18855,1567.25,60.94955,17.6407,11.166275,14.875,30.375,25.875,11.875,54.125,20.125,49.625"
"1168,""Allanblackia floribunda"",""Afrotropical"",""forest"",""n"",30,NA,0.687004564,"""",""Zanneetal2009"",""JStorPlants"",24.743672,1755.96,65.56338,3.019012,5.5064624,10,34.1666666666667,11.4791666666667,19.3333333333333,49.25,15.3333333333333,50.4583333333333"
"1169,""Kielmeyera rosea"",""Neotropical"",""savanna"",""n"",4,NA,NA,"""","""",""Oliveira-Filhoetal2007"",20.1160571428571,1327.14285714286,87.5573428571429,24.9631571428571,26.0229571428571,10.1428571428571,31.5714285714286,4.78571428571429,13.7857142857143,53.5,17,51.4285714285714"
"1170,""Kielmeyera pulcherrima"",""Neotropical"",""savanna"",""n"",4,NA,NA,"""","""",""Oliveira-Filhoetal2007"",20.9583,1647,82.4784,94.297,39.7484,6,34,6,13,52.5,18,47.5"
"1171,""Vismia martiana"",""Neotropical"",""forest"",""n"",15,NA,NA,"""","""",""Oliveira-Filhoetal2007"",21.97999,1262.4,46.68826,5.24080909090909,16.8628090909091,9.68181818181818,34.5,3.22727272727273,15.6818181818182,52.9090909090909,16.8636363636364,48.9090909090909"
"1172,""Garcinia mannii"",""Afrotropical"",""forest"",""n"",30,NA,0.824107088,"""",""Zanneetal2009"",""CJB"",24.2641111111111,2255,66.1985333333333,2.15375,7.76916666666667,13.6666666666667,38.3333333333333,14.3888888888889,27.8333333333333,48.1944444444444,15.9444444444444,45.6666666666667"
"1173,""Garcinia madruno"",""Neotropical"",""forest"",""n"",20,NA,0.726666667,"""",""Zanneetal2009"",""FloradoBrasil"",24.3129174,2180.56,48.143954,14.348706,17.00668,15.37,30.76,6.85,27.33,51.84,25.74,43.41"
"1174,""Kielmeyera grandiflora"",""Neotropical"",""savanna"",""n"",6,7.6627,0.3,""DantasandBatala2012"",""Miato2011"",""Oliveira-Filhoetal2007"",20.0029785714286,1408.92857142857,72.9389857142857,31.0024714285714,32.7415307142857,6.5,35.6071428571429,4.14285714285714,18.7142857142857,52.2857142857143,16.25,48.0357142857143"
"1175,""Garcinia intermedia"",""Neotropical"",""forest"","""",NA,NA,0.62496,"""",""Zanneetal2009"","""",23.4259615384615,2227.64102564103,71.507641025641,21.7044692307692,22.7594897435897,26.6025641025641,35.7564102564103,13.6666666666667,32.1538461538462,57.7564102564103,25.9487179487179,38.2948717948718"
"1176,""Garcinia gerrardii"",""Afrotropical"",""forest"",""n"",13,NA,0.695105196,"""",""Zanneetal2009"",""JStorPlants"",19.35,1172,46.0337,87.472,16.2068,12.5,33,7.5,17.5,56,15.5,51"
"1177,""Garcinia gerrardii"",""Afrotropical"",""savanna"",""n"",20,13.47,0.789,""Plasetal2012"",""Plasetal2012"",""JStorPlants"",19.35,1172,46.0337,87.472,16.2068,12.5,33,7.5,17.5,56,15.5,51"
"1178,""Pentadesma lebrunii"",""Afrotropical"",""forest"","""",35,NA,0.55965,"""",""Zanneetal2009"",""CJB"",22.5375,1975,31.8002,0,0,10.5,41,8.5,43.5,47.5,20.5,38.5"
"1179,""Scytopetalum tieghemii"",""Afrotropical"",""forest"","""",18,NA,0.624841843,"""",""Zanneetal2009"",""JStorPlants"",26.05875,1989.1,58.21178,3.51988181818182,8.62994545454545,9.72727272727273,28.6363636363636,23.0909090909091,14.5909090909091,50.9545454545455,18.2272727272727,53.2727272727273"
"1180,""Clethra ovalifolia"",""Neotropical"",""forest"","""",NA,NA,0.49,"""",""Zanneetal2009"","""",10.4947404761905,1574.97619047619,28.9408857142857,0.803795238095238,5.50380952380952,38.4404761904762,22.2857142857143,15.2142857142857,111.940476190476,53.8452380952381,32.5238095238095,45.1547619047619"
"1181,""Myrsine gardneriana"",""Neotropical"",""forest"",""n"",20,NA,NA,"""","""",""Oliveira-Filhoetal2007"",16.7431204081633,1641.26530612245,43.8556973469388,8.78072857142857,19.7018324489796,12.969387755102,38.4387755102041,5.19387755102041,30.3571428571429,51.5204081632653,20.9897959183673,40.6122448979592"
"1182,""Cybianthus goyazensis"",""Neotropical"",""forest"",""n"",4,NA,NA,"""","""",""Oliveira-Filhoetal2007"",20.7542,1498,76.1602,44.64,42.6556,4.5,35.5,2,9.5,52.5,15.5,49"
"1183,""Cybianthus gardneri"",""Neotropical"",""forest"",""n"",6,NA,NA,"""","""",""Oliveira-Filhoetal2007"",23.59248,1694.2,77.48598,37.96516,25.93938,6.6,31.5,2.2,12.7,52.5,15.5,53.2"
"1184,""Cybianthus fuscus"",""Neotropical"",""forest"",""n"",7,NA,NA,"""","""",""Oliveira-Filhoetal2007"",22.2458333333333,1793,42.6310333333333,1.657,3.68666666666667,11.5,33.8333333333333,12.3333333333333,40.3333333333333,52,19,47.1666666666667"
"1185,""Virola reidii"",""Neotropical"",""forest"","""",NA,NA,0.35,"""",""Zanneetal2009"","""",21.575,3173,34.8738,0,0,25,28,10,68.5,53.5,29,43.5"
"1186,""Virola multinervia"",""Neotropical"",""forest"","""",NA,NA,0.615,"""",""Zanneetal2009"","""",25.30166,3026,33.99942,1.19016,3.23666,11.2,36.7,6.5,35.3,46.7,26.6,36.7"
"1187,""Virola multiflora"",""Neotropical"",""forest"","""",NA,NA,0.458477196,"""",""Zanneetal2009"","""",25.6896,3177.5,44.2203833333333,1.15785,8.68,22.9166666666667,33.8333333333333,7.91666666666667,36.3333333333333,54.5833333333333,29,37.1666666666667"
"1188,""Virola multicostata"",""Neotropical"",""forest"","""",NA,NA,0.45,"""",""Zanneetal2009"","""",26.2333,2556,20.8845,2.9811,18.8333,10.5,25,1.5,40,43.5,22,53"
"1189,""Virola malmei"",""Neotropical"",""forest"","""",20,NA,NA,"""","""",""Oliveira-Filhoetal2007"",25.55,1552,84.1712,15.9072,46.7,5,25,2,8,51.5,12.5,62"
"1190,""Iryanthera tricornis"",""Neotropical"",""forest"","""",NA,NA,0.673333333,"""",""Zanneetal2009"","""",25.86584,2863,33.17538,2.58452,9.464,12.6,28.2,7.2,47.6,48.8,24.2,47.5"
"1191,""Virola koschnyi"",""Neotropical"",""forest"","""",NA,NA,0.407800571,"""",""Zanneetal2009"","""",24.3098285714286,2640.64285714286,57.7364571428571,9.71671428571429,20.6807857142857,25.6071428571429,35.5357142857143,10.8214285714286,33,56.4285714285714,25.9642857142857,38.5"
"1192,""Virola gardneri"",""Neotropical"",""forest"","""",NA,NA,0.45,"""",""Zanneetal2009"","""",22.6479,1357,38.7803,1.49145,5.2,11.5,35.25,4.75,18.75,53.25,18.5,46"
"1193,""Virola flexuosa"",""Neotropical"",""forest"","""",NA,NA,0.51,"""",""Zanneetal2009"","""",25.946875,2664.5,38.316525,2.484,3.7925,17.25,31.25,4.375,37.375,50.25,29.75,38.875"
"1194,""Coelocaryon sphaerocarpum"",""Afrotropical"",""forest"","""",30,NA,0.451038644,"""",""Zanneetal2009"",""CJB"",26.67,1557.8,59.69702,14.9089,6.991126,10.125,26.625,17.25,11,54.125,18.375,54.75"
"1195,""Coelocaryon preussii"",""Afrotropical"",""forest"",""n"",35,NA,0.49714199,"""",""Zanneetal2009"",""CJB"",24.2125032258065,1923.35483870968,60.4685903225806,6.2647064516129,6.70859290322581,10.983606557377,37.2786885245902,10.3196721311475,24.2704918032787,48.9016393442623,15.5,47.2950819672131"
"1196,""Virola caducifolia"",""Neotropical"",""forest"","""",NA,NA,0.461,"""",""Zanneetal2009"","""",26.2083,2706,21.4129,0.9936,17.6,14.5,26.5,0.5,90,48,31,42.5"
"1197,""Virola albidiflora"",""Neotropical"",""forest"","""",NA,NA,0.45,"""",""Zanneetal2009"","""",26.4792,2503,23.5719,0,0,14,27.5,1,43,50.5,34,39"
"1198,""Otoba novogranatensis"",""Neotropical"",""forest"","""",NA,NA,0.35,"""",""Zanneetal2009"","""",23.2363807692308,3091.92307692308,53.6384269230769,1.83271153846154,6.27244230769231,30.5769230769231,31.5961538461538,13.9038461538462,56.8461538461538,53.7115384615385,28.0769230769231,40.3653846153846"
"1199,""Otoba lehmannii"",""Neotropical"",""forest"","""",NA,NA,0.39,"""",""Zanneetal2009"","""",18.1055333333333,2011.5,37.2552833333333,0.828066666666667,8.16666666666667,37.8333333333333,28.1666666666667,12.8333333333333,70.25,54.9166666666667,33.0833333333333,38.5"
"1200,""Otoba gracilipes"",""Neotropical"",""forest"","""",NA,NA,0.443333333,"""",""Zanneetal2009"","""",22.06875,1884.5,34.8587,0.37965,44.6,25.5,37.5,6,88.5,50.5,27.5,35"
"1201,""Iryanthera sagotiana"",""Neotropical"",""forest"","""",NA,NA,0.5719975,"""",""Zanneetal2009"","""",25.4021,1775.5,65.62795,11.42065,9.65435,7.5,36.25,4.25,9.75,47.25,23.5,40.25"
"1202,""Scyphocephalium mannii"",""Afrotropical"",""forest"",""n"",30,NA,0.507484351,"""",""Zanneetal2009"",""JStorPlants"",24.5189076923077,2047.30769230769,66.0965384615385,0.0764384615384615,0.869230769230769,10.4230769230769,37.6923076923077,10.8846153846154,26.7307692307692,47.8461538461538,16,46.3846153846154"
"1203,""Iryanthera paraensis"",""Neotropical"",""forest"","""",NA,NA,0.65,"""",""Zanneetal2009"","""",25.9177,2784.875,35.0860125,13.297425,3.3495375,11.6428571428571,32.6428571428571,5.28571428571429,28.1428571428571,48,24.5714285714286,42.7142857142857"
"1204,""Iryanthera lancifolia"",""Neotropical"",""forest"","""",NA,NA,0.503995,"""",""Zanneetal2009"","""",25.9500125,2521.375,36.3124875,0.7454,4.05625,13.75,30.25,3.1875,34.9375,46.0625,25.625,44.125"
"1205,""Iryanthera laevis"",""Neotropical"",""forest"","""",NA,NA,0.615,"""",""Zanneetal2009"","""",25.04323125,2286.3125,52.1060625,15.89484375,14.7260125,10.2,29.6,4.9,26.8,49.6333333333333,25.3666666666667,45.0333333333333"
"1206,""Iryanthera juruensis"",""Neotropical"",""forest"","""",NA,NA,0.633264495,"""",""Zanneetal2009"","""",25.6071875,2188.35,54.3584225,19.40337,13.2009375,10.3875,30.7875,3.525,20.25,48.475,25.1,44.125"
"1207,""Virola weberbaueri"",""Neotropical"",""forest"","""",NA,NA,0.45,"""",""Zanneetal2009"","""",22.225,1705,43.0295,24.3628,18.5551,15.75,39,3.5,57.25,50,28.75,32.25"
"1208,""Iryanthera hostmannii"",""Neotropical"",""forest"","""",NA,NA,0.575,"""",""Zanneetal2009"","""",25.870825,2571.875,51.8149375,2.7320375,9.642625,11.875,32.875,10.625,31.4375,48.875,25.375,41.8125"
"1210,""Virola urbaniana"",""Neotropical"",""forest"","""",30,NA,NA,"""","""",""Oliveira-Filhoetal2007"",23.9027666666667,1935,73.5024333333333,61.1918333333333,16.5257,7.16666666666667,33.5,5.66666666666667,16.3333333333333,50.3333333333333,16.8333333333333,49.6666666666667"
"1211,""Virola subsessilis"",""Neotropical"",""savanna"","""",3,NA,NA,"""","""",""Oliveira-Filhoetal2007"",24.8482142857143,1265.14285714286,82.3575142857143,70.9699285714286,41.9864285714286,6.28571428571429,23.3571428571429,4.71428571428571,8.21428571428571,55.6428571428571,12.4285714285714,64.1428571428571"
"1212,""Virola sessilis"",""Neotropical"",""savanna"",""n"",4,NA,NA,"""","""",""Oliveira-Filhoetal2007"",23.35625,1920,71.9362,49.6443,45.002,6.25,25,2.75,10.75,51.75,11.5,63.5"
"1213,""Virola pavonis"",""Neotropical"",""forest"","""",NA,NA,0.586666667,"""",""Zanneetal2009"","""",25.08845,2383.09090909091,39.2610772727273,3.83635,4.66193318181818,12.0238095238095,33.8571428571429,4.97619047619048,31.8809523809524,48.8095238095238,25.3571428571429,40.7142857142857"
"1214,""Goupia glabra"",""Neotropical"",""forest"",""n"",40,NA,0.7272025,"""",""Zanneetal2009"",""FloradoBrasil"",26.4248304347826,2328.91304347826,55.2164695652174,7.04869565217391,9.44693173913043,10.5869565217391,32.1304347826087,5.60869565217391,24.6086956521739,48.5434782608696,22.2391304347826,45.5434782608696"
"1215,""Brosimum rubescens"",""Neotropical"",""forest"",""n"",40,NA,0.825151429,"""",""Zanneetal2009"",""Oliveira-Filhoetal2007"",25.6172266666667,2280.2,47.47978,21.4673733333333,8.64056666666667,10.4666666666667,32.2666666666667,4.5,21.0666666666667,47.5,23.6333333333333,44.0666666666667"
"1216,""Brosimum potabile"",""Neotropical"",""forest"",""n"",NA,NA,0.5425,"""",""Zanneetal2009"","""",26.5083,2317,45.866,0.9917,8.8,7.5,36.5,3.5,20,43,20.5,43.5"
"1217,""Sorocea hilarii"",""Neotropical"",""forest"",""n"",10,NA,NA,"""","""",""Oliveira-Filhoetal2007"",22.4000055555556,1271.94444444444,40.2092666666667,3.68265263157895,22.3550631578947,12.4444444444444,33.25,5.52777777777778,19.0833333333333,53.8611111111111,18.1388888888889,48.6388888888889"
"1218,""Brosimum parinarioides"",""Neotropical"",""forest"",""n"",NA,NA,0.630658535,"""",""Zanneetal2009"","""",26.0229,2616.5,46.729175,0.247925,2.2,11,34.125,2.375,19.25,47.5,28.375,37.5"
"1219,""Sorocea guilleminiana"",""Neotropical"",""forest"",""n"",30,13.86770318,0.631632212,""Dantasetal2013"",""Dantasetal2013"",""Oliveira-Filhoetal2007"",23.2770857142857,1614.28571428571,64.2406464285714,35.431175,22.6845025,10.0892857142857,32.625,4.17857142857143,21.1428571428571,51.6607142857143,19.0357142857143,48.3571428571429"
"1220,""Sorocea briquetii"",""Neotropical"",""forest"",""n"",NA,NA,0.595,"""",""Zanneetal2009"","""",25.0910571428571,2068.85714285714,55.8353857142857,5.25608571428571,9.4147,12.5714285714286,29.5,3.78571428571429,27.3571428571429,50.2142857142857,29.5714285714286,40.7857142857143"
"1221,""Sorocea bonplandii"",""Neotropical"",""forest"",""n"",10,NA,0.56,"""",""Zanneetal2009"",""Oliveira-Filhoetal2007"",18.6626138888889,1588.61111111111,25.1386491666667,4.69299444444444,12.6394930555556,14.4305555555556,40.8055555555556,4.02777777777778,26.4305555555556,52.8055555555556,22.7777777777778,36.4861111111111"
"1222,""Brosimum lactescens"",""Neotropical"",""forest"",""n"",NA,NA,0.655510779,"""",""Zanneetal2009"","""",25.5975838709677,2415.12903225806,54.8673290322581,22.2350580645161,16.6403838709677,15.2666666666667,32.9833333333333,6.25,24.85,51.6166666666667,24.7833333333333,42.2833333333333"
"1223,""Milicia excelsa"",""Afrotropical"",""forest"","""",50,NA,0.5754865,"""",""Zanneetal2009"",""JStorPlants"",24.9629424242424,1442.70454545455,65.3483863636364,18.446826119403,11.163487761194,11.2137404580153,34.2251908396947,12.0610687022901,14.3320610687023,54.6488549618321,14.6603053435114,51.0954198473282"
"1224,""Maquira sclerophylla"",""Neotropical"",""forest"",""n"",NA,NA,0.5135,"""",""Zanneetal2009"","""",26.60205,2205,48.5076,7.45455,17.79285,7.75,38,2.75,13,45,19.75,42.5"
"1225,""Maquira guianensis"",""Neotropical"",""forest"",""n"",NA,NA,0.765925,"""",""Zanneetal2009"","""",24.7940736842105,2963.63157894737,54.6379736842105,5.75871052631579,5.20154157894737,26.0526315789474,33.9210526315789,9.71052631578947,52.3421052631579,52.9473684210526,28.1052631578947,38.0263157894737"
"1226,""Maquira coriacea"",""Neotropical"",""forest"",""n"",NA,NA,0.5112,"""",""Zanneetal2009"","""",26.17416,2379.9,60.72289,15.40295,14.20486,11.5,30.8333333333333,5.33333333333333,22.1666666666667,50.3333333333333,27.3888888888889,41.8333333333333"
"1227,""Maquira calophylla"",""Neotropical"",""forest"",""n"",NA,NA,0.62,"""",""Zanneetal2009"","""",26.573975,2888,48.8036,14.8973,12.261275,10.375,27.625,7,25.5,46.625,22.375,49.625"
"1228,""Batocarpus amazonicus"",""Neotropical"",""forest"",""n"",NA,24.8465887,0.558407844,""Kitajima&Poorter2010/Markesteijn&Poorter2009"",""Poorter2010/Zanneetal2009"","""",24.245825,1577.5,62.3492,2.9793,21.935725,10.5,29.5,2.875,13.25,51.875,21,49.5"
"1229,""Bagassa guianensis"",""Neotropical"",""forest"",""n"",NA,NA,0.70595,"""",""Zanneetal2009"","""",25.7677,1961,62.713075,49.438925,14.65835,10,42.75,4.5,12.5,47.25,15.25,42.125"
"1230,""Pseudolmedia macrophylla"",""Neotropical"",""forest"",""n"",NA,NA,0.660158304,"""",""Zanneetal2009"","""",24.79625,2032.3,62.06139,22.96663,13.0181,11.5555555555556,32.4444444444444,4.72222222222222,21.2777777777778,50.6666666666667,25.7222222222222,41.7777777777778"
"1231,""Pseudolmedia laevis"",""Neotropical"",""forest"",""n"",NA,21.22509225,0.62722866,""Kitajima&Poorter2010/Markesteijn&Poorter2009"",""Poorter2010/Zanneetal2009"","""",24.5293375,2072.625,54.4070666666667,16.0638083333333,10.4044858333333,11.8260869565217,32.695652173913,5.10869565217391,21.0434782608696,50.5,25.4347826086957,41.7826086956522"
"1232,""Pseudolmedia laevigata"",""Neotropical"",""forest"",""n"",35,NA,0.628987483,"""",""Zanneetal2009"",""Oliveira-Filhoetal2007"",23.4669814814815,2023.25925925926,48.0700851851852,11.6530222222222,12.7830222222222,14.5961538461538,33.6153846153846,8.11538461538461,29.4230769230769,50.8269230769231,25.6153846153846,40.6346153846154"
"1233,""Helicostylis tomentosa"",""Neotropical"",""forest"",""n"",NA,NA,0.626599167,"""",""Zanneetal2009"","""",26.2166666666667,2170.66666666667,50.9135,0.9944,14.5,7.16666666666667,33,6.66666666666667,16.3333333333333,48.3333333333333,21,45.6666666666667"
"1234,""Helicostylis scabra"",""Neotropical"",""forest"",""n"",NA,NA,0.735,"""",""Zanneetal2009"","""",26.33582,2531.6,39.35458,2.78268,9.39636,8.4,30.4,2.7,28.6,43.6,23.6,46.2"
"1235,""Helicostylis pedunculata"",""Neotropical"",""forest"",""n"",NA,NA,0.675,"""",""Zanneetal2009"","""",26.3083,2425,68.8894,12.8921,19.0231,12,30.5,7,26,49,29.5,40"
"1236,""Helicostylis elegans"",""Neotropical"",""forest"",""n"",NA,NA,0.65,"""",""Zanneetal2009"","""",24.6667,1954,76.6572,71.4816,48.0542,6.5,29,1.5,19,46,24.5,46.5"
"1237,""Helianthostylis sprucei"",""Neotropical"",""forest"",""n"",NA,NA,0.6275,"""",""Zanneetal2009"","""",25.0690571428571,2464.14285714286,39.4865857142857,6.38651428571429,17.9350385714286,20.3571428571429,36.1428571428571,7.5,35.6428571428571,51.9285714285714,23.4285714285714,40.5"
"1238,""Perebea xanthochyma"",""Neotropical"",""forest"","""",NA,NA,0.56,"""",""Zanneetal2009"","""",24.4867065384615,2726.15384615385,43.0697346153846,2.41861153846154,8.72458461538462,21.0769230769231,33.1538461538462,10.4230769230769,50.6346153846154,51.9807692307692,25.4423076923077,41.4615384615385"
"1239,""Perebea angustifolia"",""Neotropical"",""forest"","""",NA,NA,0.517,"""",""Zanneetal2009"","""",23.26525,2375.83333333333,47.9224166666667,5.2965,9.93696666666667,19.1666666666667,30.9166666666667,7.91666666666667,46.0833333333333,51.5833333333333,30.4166666666667,38.8333333333333"
"1241,""Trymatococcus amazonicus"",""Neotropical"",""forest"",""n"",12,NA,0.6593825,"""",""Zanneetal2009"",""FloradoBrasil"",26.36209,2768.3,38.56532,5.65792,4.59346,11.2,29.95,4.15,31.5,47.2,24.15,46.2"
"1242,""Trophis caucana"",""Neotropical"",""forest"","""",NA,NA,0.47,"""",""Zanneetal2009"","""",23.813041025641,2420.53846153846,50.2615641025641,4.74927435897436,11.0262664102564,24.3974358974359,33.5897435897436,10.6923076923077,40.7435897435897,54.1153846153846,27.4230769230769,38.9230769230769"
"1243,""Bosqueia angolensis"",""Afrotropical"",""forest"",""n"",40,15.7480315,NA,""Dominguesetal2010"","""",""JStorPlants"",22.6488985714286,1802.87857142857,71.7650885714286,19.6858564285714,20.0092047857143,14.5464285714286,32.2678571428571,9.71428571428571,26,53.6571428571429,18.9928571428571,48.7964285714286"
"1244,""Trilepisium madagascariense"",""Afrotropical"",""forest"","""",40,14.49275362,NA,""Dominguesetal2010"","""",""JStorPlants"",22.6488985714286,1802.87857142857,71.7650885714286,19.6858564285714,20.0092047857143,14.5464285714286,32.2678571428571,9.71428571428571,26,53.6571428571429,18.9928571428571,48.7964285714286"
"1245,""Naucleopsis guianensis"",""Neotropical"",""forest"",""n"",NA,NA,0.65,"""",""Zanneetal2009"","""",25.4083,1609,79.9659,0,0,9.5,33.5,14.5,33.5,47,19.5,46.5"
"1246,""Naucleopsis concinna"",""Neotropical"",""forest"",""n"",NA,NA,0.67,"""",""Zanneetal2009"","""",26.1444333333333,2161.33333333333,45.7119,60.9368,21.4061333333333,8.75,32,0.5,19,46.75,26.5,41.75"
"1247,""Siparuna poeppigii"",""Neotropical"",""forest"",""n"",12,NA,0.69,"""",""Zanneetal2009"",""FloradoBrasil"",24.7875,1621,56.55765,14.149725,14.917,10.5,38.625,4.125,15.875,49.25,20.875,40.25"
"1248,""Mollinedia argyrogyna"",""Neotropical"",""forest"",""n"",20,NA,NA,"""","""",""FloradoBrasil"",19.2208,1464,82.6704333333333,22.8544,26.2928666666667,12.8333333333333,36.8333333333333,5.33333333333333,19.8333333333333,52.5,18,45.3333333333333"
"1249,""Mollinedia oligantha"",""Neotropical"",""forest"",""n"",6,NA,NA,"""","""",""Oliveira-Filhoetal2007"",19.43335,1564.25,50.023125,2.734125,15.69525,16.5,36.625,7.5,64.25,52.625,23.625,40"
"1250,""Mollinedia widgrenii"",""Neotropical"",""forest"",""n"",12,NA,NA,"""","""",""FloradoBrasil"",20.845,1393,70.52797,22.04459,25.160203,9.5,35.8,3.45,22.75,53.85,15.85,48.3"
"1251,""Siparuna decipiens"",""Neotropical"",""forest"",""n"",15,NA,0.6405,"""",""Zanneetal2009"",""FloradoBrasil"",25.077728125,2265.375,51.544765625,5.030821875,8.285434375,11.6774193548387,33.0161290322581,7.33870967741935,24.0322580645161,48.1451612903226,25.6451612903226,41.3548387096774"
"1252,""Siparuna cuspidata"",""Neotropical"",""forest"",""n"",10,NA,0.655,"""",""Zanneetal2009"",""FloradoBrasil"",25.0375047619048,2732.80952380952,43.8793666666667,10.1153047619048,10.6049204761905,16.15,30.675,7.7,39.475,49.75,23.9,45.55"
"1253,""Matayba mollis"",""Neotropical"",""forest"","""",6,NA,NA,"""","""",""Oliveira-Filhoetal2007"",20.2946428571429,1206.42857142857,87.7442571428571,23.1438428571429,26.2558142857143,10.1428571428571,36.5,4.92857142857143,14.6428571428571,54.2142857142857,17.9285714285714,45.5714285714286"
"1254,""Cupania vernalis"",""Neotropical"",""forest"","""",20,NA,NA,"""","""",""Oliveira-Filhoetal2007"",19.643899625,1378.425,48.012998875,10.63417125,19.10472625,13.626582278481,37.626582278481,6.73417721518987,23.5949367088608,53.8164556962025,22.9177215189873,39.5189873417722"
"1255,""Matayba inelegans"",""Neotropical"",""forest"","""",NA,NA,0.82,"""",""Zanneetal2009"","""",25.0245444444444,2322.66666666667,46.7528944444444,11.5343277777778,11.0587055555556,8.91176470588235,31.6176470588235,4.79411764705882,30.3235294117647,48.6176470588235,21.6176470588235,47"
"1256,""Matayba heterophylla"",""Neotropical"",""savanna"",""n"",6,NA,NA,"""","""",""Oliveira-Filhoetal2007"",23.3996583333333,1141.41666666667,87.7957333333333,30.6398,30.4078083333333,8.41666666666667,28.9583333333333,5.33333333333333,13.9583333333333,56.375,16.2916666666667,54.5833333333333"
"1257,""Matayba elaeagnoides"",""Neotropical"",""forest"",""n"",15,18.24096599,0.530674231,""Dantasetal2013"",""Dantasetal2013"",""FloradoBrasil"",19.3035230769231,1543.51282051282,30.7092448717949,15.6473769230769,18.8761105128205,13.6973684210526,41.0789473684211,3.97368421052632,25.5657894736842,54.6578947368421,21.8684210526316,37.0789473684211"
"1258,""Cupania tenuivalvis"",""Neotropical"",""forest"",""n"",8,NA,NA,"""","""",""Oliveira-Filhoetal2007"",20.70918,1345.4,46.87934,5.56396,12.21898,10.8,36.6,4.3,19.3,54.6,15.8,47.7"
"1259,""Matayba arborescens"",""Neotropical"",""forest"","""",NA,NA,0.696666667,"""",""Zanneetal2009"","""",26.0250086956522,2147.78260869565,58.2995782608696,50.3895260869565,16.9596869565217,10.0227272727273,31.1590909090909,6.81818181818182,22.8636363636364,48.2045454545455,23.5227272727273,45.2727272727273"
"1260,""Cupania racemosa"",""Neotropical"",""savanna"",""n"",12,NA,NA,"""","""",""Oliveira-Filhoetal2007"",22.0855210526316,1365.52631578947,54.2071684210526,15.9201,19.3937368421053,12.9210526315789,31.9736842105263,4.44736842105263,22.3421052631579,53.5263157894737,18.0526315789474,50.0263157894737"
"1261,""Vouarana guianensis"",""Neotropical"",""forest"","""",NA,NA,0.84,"""",""Zanneetal2009"","""",25.08086,2087.4,55.36914,3.97436,6.349526,12,39.5,7.25,26.75,50.625,21.25,39.25"
"1262,""Cupania furfuracea"",""Neotropical"",""savanna"","""",10,NA,NA,"""","""",""Oliveira-Filhoetal2007"",21.75835,1252.5,34.7123,0.9942,12.3,15,31.25,4.5,20,54.75,21.75,47"
"1263,""Pseudima frutescens"",""Neotropical"",""forest"","""",NA,NA,0.8,"""",""Zanneetal2009"","""",25.3294846153846,2060.53846153846,64.0614538461539,27.3588615384615,15.4066230769231,10.25,31.0416666666667,3.66666666666667,14.4583333333333,47.8333333333333,25.7083333333333,43.375"
"1264,""Pappea capensis"",""Afrotropical"",""savanna"",""n"",12,10.03,0.93,""Plasetal2012"",""Plasetal2012"",""JStorPlants"",18.8387323943662,579.605633802817,58.1745563380282,18.0290408450704,20.6281916901408,14.2394366197183,27.1408450704225,10.7535211267606,10.2183098591549,67.8661971830986,16.7042253521127,56.2394366197183"
"1265,""Cupania cinerea"",""Neotropical"",""forest"",""n"",NA,NA,0.6325,"""",""Poorter2010/Zanneetal2009"","""",23.9937044444444,2332.06666666667,49.2915688888889,2.93574,5.26337177777778,19.5238095238095,32.7738095238095,9.73809523809524,44,52.8690476190476,27.6547619047619,39.5833333333333"
"1266,""Hippobromus pauciflorus"",""Afrotropical"",""savanna"","""",13,16.2,0.834,""Plasetal2012"",""Plasetal2012"",""CJB"",19.6549571428571,908.47619047619,49.9767904761905,61.2643380952381,35.0251571428571,14.55,30.825,6.65,17.45,58.525,17.9,51.2"
"1267,""Toulicia pulvinata"",""Neotropical"",""forest"","""",NA,NA,0.615,"""",""Zanneetal2009"","""",26.89375,2241.5,66.40015,0.4967,13.9,10,31,10,27,48.5,23,46"
"1268,""Toulicia laevigata"",""Neotropical"",""forest"","""",NA,14.19800512,0.661724216,""Dantasetal2013"",""Dantasetal2013"","""",22.7708,1169,57.7498,0.9926,7.5,9,28.5,8.5,17.5,54,16,56"
"1269,""Toulicia guianensis"",""Neotropical"",""forest"","""",NA,NA,0.6027,"""",""Zanneetal2009"","""",26.0638833333333,2136.33333333333,55.0071166666667,1.9172,3.61805,9.3,33.3,7.1,18.7,48.1,23.1,43.9"
"1270,""Toulicia crassifolia"",""Neotropical"",""savanna"","""",6,NA,NA,"""","""",""Oliveira-Filhoetal2007"",23.7881142857143,1262.85714285714,84.8543714285714,50.1134142857143,46.0214714285714,6.92857142857143,24.7142857142857,5.21428571428571,9.14285714285714,54.4285714285714,15.7142857142857,59.5714285714286"
"1271,""Diatenopteryx sorbifolia"",""Neotropical"",""savanna"","""",30,NA,NA,"""","""",""Oliveira-Filhoetal2007"",20.4796277777778,1517.72222222222,38.7470444444444,24.18815,21.9754444444444,12.4722222222222,36.25,5.47222222222222,19.0833333333333,54.8611111111111,19.9444444444444,43.6388888888889"
"1272,""Talisia sylvatica"",""Neotropical"",""forest"","""",NA,NA,0.855,"""",""Zanneetal2009"","""",26.19375,2419.5,35.0689,0,0,9.25,31.5,5.5,66.25,46.75,21.75,46.75"
"1273,""Talisia subalbens"",""Neotropical"",""savanna"","""",3,NA,NA,"""","""",""Oliveira-Filhoetal2007"",22.2361,1574.66666666667,70.5984,10.9324,27.1844,5.33333333333333,23.8333333333333,3.16666666666667,11.3333333333333,51.5,10.1666666666667,66"
"1274,""Talisia squarrosa"",""Neotropical"",""forest"","""",NA,NA,0.855,"""",""Zanneetal2009"","""",26.5417,2214,60.9676,0,0,11.5,34.5,9.5,28.5,48.5,19.5,46"
"1275,""Ganophyllum giganteum"",""Afrotropical"",""forest"",""n"",40,NA,0.697958471,"""",""Zanneetal2009"",""CJB"",24.0277666666667,1769.66666666667,62.9947333333333,0,0,10.5,39.8333333333333,11.3333333333333,20,48,14,46.3333333333333"
"1276,""Talisia microphylla"",""Neotropical"",""forest"","""",NA,NA,0.8165,"""",""Zanneetal2009"","""",25.8792,2045,56.3495,0,0,6.5,34.5,8.5,9,48,17.5,48"
"1277,""Talisia megaphylla"",""Neotropical"",""forest"","""",NA,NA,0.86,"""",""Zanneetal2009"","""",26.325,2373,49.2143,0,0,6.5,32.5,8,12,48,16.5,51"
"1278,""Blighia welwitschii"",""Afrotropical"",""forest"",""n"",50,NA,0.785672535,"""",""Zanneetal2009"",""CJB"",24.7098,2037.23529411765,65.5358470588235,20.8002764705882,11.8696782352941,12.7058823529412,30.8823529411765,17.4411764705882,19.0882352941176,51.1764705882353,18.4411764705882,50.7647058823529"
"1279,""Blighia unijugata"",""Afrotropical"",""forest"",""n"",25,NA,0.50808475,"""",""Zanneetal2009"",""JStorPlants"",24.290788372093,1427.97674418605,68.8275627906977,16.035411627907,12.8983725581395,12.5952380952381,30.9404761904762,10.4880952380952,13.6309523809524,56.4404761904762,14.8928571428571,54.1547619047619"
"1280,""Talisia esculenta"",""Neotropical"",""forest"","""",20,NA,0.852366667,"""",""Zanneetal2009"",""Oliveira-Filhoetal2007"",24.3395256410256,1166.58974358974,78.0986666666667,23.3451763157895,22.591441025641,9.46153846153846,26.1282051282051,5.03846153846154,10.7564102564103,56.7435897435897,18.3076923076923,55.5512820512821"
"1281,""Acanthosyris glabrata"",""Neotropical"",""forest"","""",NA,NA,0.6,"""",""Zanneetal2009"","""",23.675,558,131.686,0,0,13.5,30.5,11,22,63,20,49"
"1282,""Maytenus boaria"",""Neotropical"",""forest"","""",NA,NA,0.75,"""",""Zanneetal2009"","""",13.0606882608696,976.130434782609,59.2034552173913,13.2217173913043,40.849,15.9565217391304,27.4565217391304,11.7826086956522,23.6521739130435,60.7826086956522,23.2173913043478,49.3260869565217"
"1283,""Cheiloclinium cognatum"",""Neotropical"",""forest"",""n"",NA,14.43385335,0.690663651,""Dantasetal2013"",""Dantasetal2013"","""",25.0061034482759,2099.39655172414,62.1972189655172,16.5810305084746,16.3799938983051,11.5964912280702,32.8157894736842,5.7719298245614,18.4912280701754,49.7105263157895,22.1842105263158,45"
"1284,""Elaeodendron transvaalense"",""Afrotropical"",""savanna"",""n"",13.5,9.75,0.891,""Plasetal2012"",""Plasetal2012"",""CJB"",21.4448588235294,531.294117647059,87.3401235294118,16.8377117647059,21.4609941176471,12.4705882352941,22.3823529411765,8.85294117647059,6.11764705882353,68.2941176470588,13.1176470588235,64.4705882352941"
"1285,""Gymnosporia buxifolia"",""Afrotropical"",""savanna"",""y"",9,9.42,0.804,""Plasetal2012"",""Plasetal2012"",""JStorPlants"",17.0201558139535,659.488372093023,63.0743139534884,43.8713186046512,41.3618511627907,12.9642857142857,27.3809523809524,8.32142857142857,13.702380952381,63.6309523809524,17.3333333333333,55.2380952380952"
"1286,""Gymnosporia undulata"",""Afrotropical"",""savanna"","""",NA,16.1,NA,""Plasetal2012"","""","""",20.8976702380952,1260.33333333333,82.3118202380952,32.0891012820513,26.2412,18.4058823529412,34.9411764705882,10.6294117647059,23.3823529411765,56.2058823529412,20.0117647058824,45.0588235294118"
"1287,""Maytenus senegalensis"",""Afrotropical"",""savanna"",""y"",15,NA,0.620620423,"""",""Higginsetal2012"",""JStorPlants"",24.5447467980296,869.187192118227,95.4683990147783,47.0677049261084,25.6725583743842,11.455223880597,23.7363184079602,14.1119402985075,8.45771144278607,63.8606965174129,17.5945273631841,58.6194029850746"
"1288,""Gymnosporia senegalensis"",""Afrotropical"",""savanna"",""y"",6,6.1655,0.839,""Plasetal2012/Zizkaetal2014"",""Plasetal2012"",""CJB"",24.5447467980296,869.187192118227,95.4683990147783,47.0677049261084,25.6725583743842,11.455223880597,23.7363184079602,14.1119402985075,8.45771144278607,63.8606965174129,17.5945273631841,58.6194029850746"
"1289,""Gymnosporia nemorosa"",""Afrotropical"",""savanna"",""y"",9,10.74,NA,""Plasetal2012"","""",""JStorPlants"",17.577775,745.416666666667,33.0062333333333,34.637525,48.0246275,15.375,25.8333333333333,10.2083333333333,20.2083333333333,59.3333333333333,20.4583333333333,53.4166666666667"
"1290,""Gymnosporia mossambicensis"",""Afrotropical"",""savanna"",""y"",8,NA,0.814,"""",""Plasetal2012"",""JStorPlants"",20.8644230769231,1075.38461538462,82.6881538461539,30.4222153846154,25.5412230769231,13.6538461538462,31.2692307692308,8.5,17.6538461538462,58.5769230769231,16.4615384615385,52.1538461538462"
"1291,""Mimosa amnis-atri"",""Neotropical"",""savanna"",""n"",NA,10.61136946,0.59,""Batalaetal2011/Cianciarusoetal2013"",""Batalaetal2011"","""",21.6999666666667,1537.33333333333,76.4431666666667,11.2583333333333,183.118166666667,6.66666666666667,38.1666666666667,2,13.3333333333333,53.1666666666667,14.3333333333333,47.6666666666667"
"1292,""Mimosa manidea"",""Neotropical"",""savanna"",""n"",3,NA,NA,"""","""",""Oliveira-Filhoetal2007"",22.1458333333333,1606.33333333333,83.6104333333333,68.1732333333333,30.6099,7.16666666666667,35.5,4.33333333333333,18,55.1666666666667,17.1666666666667,47.6666666666667"
"1293,""Acacia nigrescens"",""Afrotropical"",""savanna"",""y"",30,9.139260925,1.010835787,""Higginsetal2012/Plasetal2012/Zizkaetal2014"",""Higginsetal2012/Plasetal2012"",""JStorPlants"",23.0170777777778,682.977777777778,92.6159066666667,28.40179,28.1192981111111,14.3181818181818,26.1818181818182,7.26136363636364,7.75,65.6306818181818,12.3238636363636,61.4488636363636"
"1294,""Mimosa regina"",""Neotropical"",""savanna"","""",6,NA,NA,"""","""",""Oliveira-Filhoetal2007"",21.0833,1653,82.9965,50.6124,71.0745,7,32,8,17,52,16,52.5"
"1295,""Acacia caffra"",""Afrotropical"",""savanna"",""y"",14,9.72,0.836,""Plasetal2012"",""Plasetal2012"",""JStorPlants"",18.6650392156863,723.588235294118,72.5862333333333,52.9806647058824,27.3983084313725,14.843137254902,31.156862745098,7.34313725490196,11.7156862745098,62.2647058823529,17.3627450980392,51.5686274509804"
"1296,""Senegalia bonariensis"",""Neotropical"",""forest"",""y"",4,NA,0.697,"""",""Poorter2010"",""FloradoBrasil"",19.8489173913043,1263.30434782609,33.4731513043478,21.4763708333333,15.7035,15.5434782608696,32.5652173913044,5.19565217391304,17.9782608695652,59.2608695652174,28.2826086956522,39.1304347826087"
"1297,""Cestrum schlechtendalii"",""Neotropical"",""savanna"","""",8,NA,NA,"""","""",""Oliveira-Filhoetal2007"",21.4119833333333,2107.08333333333,54.3751986111111,7.7944375,14.2647027777778,22.9859154929577,33.443661971831,9.45774647887324,38.2676056338028,53.8450704225352,26.1408450704225,40.5070422535211"
"1298,""Caryocar villosum"",""Neotropical"",""forest"","""",NA,NA,0.757916667,"""",""Zanneetal2009"","""",26.30209,2246.1,60.09385,10.03541,14.11992,8,32.7,3.2,20.6,46.85,18.95,48.65"
"1299,""Caryocar pallidum"",""Neotropical"",""forest"","""",NA,NA,0.840195379,"""",""Zanneetal2009"","""",25.5069333333333,2036.33333333333,53.3926666666667,4.64046666666667,14.5948666666667,11.3333333333333,29,1.33333333333333,21.8333333333333,46,31.5,39.6666666666667"
"1300,""Caryocar gracile"",""Neotropical"",""forest"","""",NA,NA,0.69,"""",""Zanneetal2009"","""",23.3875,3224,26.75285,0,0,18.75,26.5,9.25,73.25,50,24.25,49.5"
"1301,""Caryocar cuneatum"",""Neotropical"",""savanna"","""",15,NA,NA,"""","""",""Oliveira-Filhoetal2007"",26.2448,1383.25,85.347825,37.012375,21.4362,7.5,24,3.5,7.375,54,17,59"
"1302,""Caryocar glabrum"",""Neotropical"",""forest"","""",NA,NA,0.6758827,"""",""Zanneetal2009"","""",25.8599206896552,2451.62068965517,47.7292517241379,29.6361517241379,19.4041310344828,11.1071428571429,33.1785714285714,4.28571428571429,29.2142857142857,47.7857142857143,22.8214285714286,44"
"1303,""Caryocar microcarpum"",""Neotropical"",""forest"",""n"",NA,NA,0.6544,"""",""Zanneetal2009"","""",26.6724444444444,2513.88888888889,50.9655,7.01214444444444,11.0400222222222,10.8333333333333,27.2222222222222,4.13888888888889,38.2777777777778,47.5555555555556,23.9166666666667,48.8333333333333"
"1304,""Caryocar coriaceum"",""Neotropical"",""savanna"","""",11,NA,NA,"""","""",""Oliveira-Filhoetal2007"",24.9149933333333,1254.26666666667,89.6368933333333,52.71386,34.79622,7.06666666666667,25.9333333333333,4.16666666666667,8.46666666666667,55.2666666666667,16.6333333333333,57.3333333333333"
"1305,""Abuta grandifolia"",""Neotropical"",""savanna"",""n"",8,NA,NA,"""","""",""Oliveira-Filhoetal2007"",25.504,2165.62745098039,56.9800137254902,25.4280823529412,27.3500137254902,9.70212765957447,30.3085106382979,3.45744680851064,17.5212765957447,50.2021276595745,20.3297872340426,49.4148936170213"
"1306,""Dictyoloma vandellianum"",""Neotropical"",""forest"","""",10,NA,NA,"""","""",""Oliveira-Filhoetal2007"",21.6618421052632,1197.15789473684,61.1610578947368,17.8484868421053,22.6666447368421,11.1842105263158,33.9868421052632,4.43421052631579,16.2631578947368,54.9605263157895,18.4605263157895,47.5263157894737"
"1307,""Zanthoxylum capense"",""Afrotropical"",""savanna"",""y"",10,16,0.861,""Plasetal2012"",""Plasetal2012"",""JStorPlants"",17.9543944444444,778.555555555556,68.87545,67.49605,34.4619444444444,13.8888888888889,31.5555555555556,7.41666666666667,15.1666666666667,58.6388888888889,19.4444444444444,49.0833333333333"
"1308,""Zanthoxylum apiculatum"",""Neotropical"",""forest"",""y"",30,NA,0.42,"""",""Zanneetal2009"",""FloradoBrasil"",26.4458,2368,40.0177,0,0,6.5,43.5,3,14.5,43.5,17.5,39"
"1309,""Balfourodendron riedelianum"",""Neotropical"",""forest"",""n"",NA,NA,0.64,"""",""Zanneetal2009"","""",19.2900391304348,1623.86956521739,26.8649956521739,9.93853478260869,16.7253,14.8409090909091,46.5909090909091,4.43181818181818,23.3863636363636,54.8409090909091,22.75,30.5909090909091"
"1310,""Zanthoxylum sprucei"",""Neotropical"",""forest"",""y"",NA,NA,0.48,"""",""Poorter2010"","""",24.3541583333333,1539.5,51.4626333333333,11.599275,20.210525,11.375,31.0833333333333,4.5,12,55.2083333333333,25.0833333333333,44"
"1311,""Zanthoxylum setulosum"",""Neotropical"",""forest"","""",NA,NA,0.46884,"""",""Zanneetal2009"","""",25.29694,2174.93333333333,73.6489733333333,15.7517466666667,26.4368333333333,26.7666666666667,35.2,11.9666666666667,31.4333333333333,57.9,29.3,35.5"
"1312,""Euxylophora paraensis"",""Neotropical"",""forest"",""n"",40,NA,0.656,"""",""Zanneetal2009"",""FloradoBrasil"",26.6375,2200,51.4762,0,0,6,38,4,12.5,44,17.5,44.5"
"1313,""Zanthoxylum quinduense"",""Neotropical"",""forest"","""",NA,NA,0.69741,"""",""Zanneetal2009"","""",13.45875,1514,48.54622,1.09199,11.37333,28.55,25.8,13.5,67.05,54.1,30.8,43.35"
"1314,""Adiscanthus fusciflorus"",""Neotropical"",""forest"",""n"",NA,NA,0.82,"""",""Zanneetal2009"","""",26.1784666666667,2448.83333333333,36.1853833333333,3.30835,10.7490833333333,9.91666666666667,34.8333333333333,2.41666666666667,39,45.5,22.25,42.8333333333333"
"1315,""Zanthoxylum pentandrum"",""Neotropical"",""forest"",""n"",NA,NA,0.673705,"""",""Zanneetal2009"","""",26.7875,2213,38.737,4.9675,18.84,15,27,8.5,35.5,47.5,20.5,52.5"
"1316,""Zanthoxylum monogynum"",""Neotropical"",""forest"",""y"",12,22.098,0.55,""Markesteijn&Poorter2009/Markesteijnetal2011/Miatto&Batala2016"",""Markesteijnetal2011"",""FloradoBrasil"",24.1131,1448.42857142857,63.6217142857143,23.1018428571429,29.6587,12.2142857142857,28,3.92857142857143,13.9285714285714,55.6428571428571,19.3571428571429,52.7857142857143"
"1317,""Zanthoxylum leprieurii"",""Afrotropical"",""forest"",""y"",24,NA,0.515003154,"""",""Zanneetal2009"",""JStorPlants"",24.0235742857143,1341.14285714286,80.72766,29.79796,22.922592,12.1764705882353,28.2205882352941,13.5882352941176,15.3823529411765,56.7058823529412,18,53.7794117647059"
"1318,""Zanthoxylum heitzii"",""Afrotropical"",""forest"",""y"",35,NA,0.449536751,"""",""Zanneetal2009"",""CJB"",24.6685454545455,1888.90909090909,68.4872363636364,16.2453454545455,11.2142636363636,10.8636363636364,35.2727272727273,10.5454545454545,26.5,50.2727272727273,16.5454545454545,48.1363636363636"
"1319,""Zanthoxylum gilletii"",""Afrotropical"",""forest"",""y"",40,NA,0.686007253,"""",""Zanneetal2009"",""CJB"",22.758996,1652.32,68.124988,23.413576,12.1892668,14.42,36.66,10.7,19.54,52.08,17.22,46"
"1320,""Euphronia hirtelloides"",""Neotropical"",""forest"",""n"",NA,NA,0.62,"""",""Zanneetal2009"","""",25.9003727272727,2604.90909090909,44.0483909090909,2.88893636363636,8.62658181818182,11,29.0454545454545,5.5,41.2727272727273,47.4090909090909,21.6363636363636,49.3636363636364"
"1321,""Jacaratia digitata"",""Neotropical"",""forest"",""y"",20,NA,0.265,"""",""Zanneetal2009"",""FloradoBrasil"",24.5388833333333,1798.66666666667,48.6092583333333,24.8351833333333,17.1492075,12.1666666666667,30.2083333333333,6.20833333333333,27.4166666666667,54,22.8333333333333,46.8333333333333"
"1322,""Bersama abyssinica"",""Afrotropical"",""forest"",""n"",16.5,NA,0.6711495,"""",""Zanneetal2009"",""JStorPlants"",19.3995397260274,1315.80821917808,83.036395890411,30.6388402777778,17.8113487671233,18.8082191780822,34.8013698630137,11.7260273972603,23.2123287671233,55.3082191780822,19.8904109589041,45.3082191780822"
"1323,""Trichilia maynasiana"",""Neotropical"",""forest"","""",NA,NA,0.69,"""",""Zanneetal2009"","""",25.65584,2495,27.75198,37.76312,6.993,14.3,32.4,4.8,57.8,50,28.6,39.2"
"1324,""Trichilia lecointei"",""Neotropical"",""forest"",""n"",NA,NA,0.9,"""",""Zanneetal2009"","""",25.6958,2379,51.4392,0,0,6,40,9.5,9,48,19,41"
"1325,""Guarea scabra"",""Neotropical"",""forest"","""",NA,NA,0.74,"""",""Zanneetal2009"","""",25.62085,2171,59.4636,2.48525,3.28,10.5,34.875,6.875,32.25,48.75,27,38"
"1326,""Trichilia tuberculata"",""Neotropical"",""forest"","""",NA,NA,0.627188703,"""",""Zanneetal2009"","""",25.7409666666667,2270.66666666667,58.7895333333333,20.6667333333333,12.1904833333333,15.0833333333333,32.3333333333333,12.6666666666667,44.4166666666667,51.8333333333333,24.9166666666667,42.75"
"1327,""Guarea purusana"",""Neotropical"",""forest"","""",NA,NA,0.77,"""",""Zanneetal2009"","""",25.0513666666667,2129,45.2682333333333,6.79225,6.4062,10,31.8333333333333,2.75,20.5833333333333,48.5833333333333,23.8333333333333,44.25"
"1328,""Guarea pterorhachis"",""Neotropical"",""forest"","""",NA,NA,0.77,"""",""Zanneetal2009"","""",24.63931875,2528.3125,45.20829375,1.117125,4.634970625,20.6333333333333,32.9,9.43333333333333,43.5666666666667,52.6,26.8666666666667,40.0666666666667"
"1329,""Guarea polymera"",""Neotropical"",""forest"","""",NA,NA,0.52,"""",""Zanneetal2009"","""",24.76665,4663.5,27.93575,0,0,28,33.75,24,76.5,51,25.75,40.75"
"1330,""Entandrophragma utile"",""Afrotropical"",""forest"",""n"",64,NA,0.5369052,"""",""Zanneetal2009"",""JStorPlants"",24.7821428571429,1777.42857142857,53.7543571428571,10.3686857142857,8.14251428571429,11,32.3571428571429,15.2142857142857,21.9285714285714,52.0714285714286,21,46.5714285714286"
"1331,""Trichilia surinamensis"",""Neotropical"",""forest"",""n"",NA,NA,0.46,"""",""Zanneetal2009"","""",26.2825,2008.6,58.56602,55.5596,12.47072,8.4,34.3,5.2,17.7,49.2,20,45.5"
"1332,""Trichilia stellato-tomentosa"",""Neotropical"",""forest"",""n"",8,NA,NA,"""","""",""Oliveira-Filhoetal2007"",24.528125,1330.75,51.6219125,31.9316875,21.2661375,10.8125,26.75,2.75,10.375,56.875,21.3125,52"
"1333,""Entandrophragma cylindricum"",""Afrotropical"",""forest"",""n"",60,NA,0.571592347,"""",""Zanneetal2009"",""JStorPlants"",23.839575,1685,64.76965,23.7800333333333,13.227575,14.0833333333333,35.5416666666667,12,19.8333333333333,52.7916666666667,17.9166666666667,46.375"
"1334,""Entandrophragma congoense"",""Afrotropical"",""forest"","""",NA,NA,0.47355,"""",""Zanneetal2009"","""",25.1625333333333,1877,49.5647333333333,15.5681666666667,11.3214666666667,8.16666666666667,27.6666666666667,6,25.5,48.5,16.3333333333333,56.1666666666667"
"1335,""Entandrophragma candollei"",""Afrotropical"",""forest"",""n"",49,NA,0.573870291,"""",""Zanneetal2009"",""JStorPlants"",24.4381461538462,1887.92307692308,55.4373769230769,6.11760769230769,11.7193592307692,12.8181818181818,33.9090909090909,14.5909090909091,17.1818181818182,49.8636363636364,16.2272727272727,49.7272727272727"
"1336,""Entandrophragma angolense"",""Afrotropical"",""forest"",""n"",60,NA,0.469494042,"""",""Zanneetal2009"",""CJB"",24.523115,1738.2,62.99571,26.01906,12.154085,11.025,31.75,13.825,18.55,51.075,17.625,50.675"
"1337,""Lovoa trichilioides"",""Afrotropical"",""forest"",""n"",46,NA,0.454828424,"""",""Zanneetal2009"",""JStorPlants"",24.71333,2266.1,51.55596,1.68974,6.26955,8.9,34.25,13.8,20.3,48.15,15.65,50.1"
"1338,""Trichilia rubra"",""Neotropical"",""forest"",""n"",25,NA,0.58548,"""",""Zanneetal2009"",""Oliveira-Filhoetal2007"",24.9561,2393.30769230769,51.3794769230769,8.87058461538462,6.13931538461538,12.9166666666667,30.7916666666667,5.125,41.8333333333333,50.7916666666667,26.7083333333333,42.4166666666667"
"1339,""Guarea kunthiana"",""Neotropical"",""forest"","""",40,NA,0.575447418,"""",""Zanneetal2009"",""Oliveira-Filhoetal2007"",21.8046218487395,2108.0756302521,46.081068907563,7.2644781512605,11.5468285,19.175,32.8666666666667,8.85833333333333,40.7916666666667,52.9458333333333,25.6875,41.4"
"1340,""Guarea humaitensis"",""Neotropical"",""forest"","""",NA,NA,0.764635742,"""",""Zanneetal2009"","""",26.682275,2390,41.481725,0.9918,2.18125,14.375,36.5,3.75,19.25,44.75,22.75,40.875"
"1341,""Khaya ivorensis"",""Afrotropical"",""forest"",""n"",55,NA,0.443505875,"""",""Zanneetal2009"",""JStorPlants"",25.7770916666667,1675.83333333333,65.9263666666667,10.5180666666667,12.1514333333333,9.5,28.25,17.4166666666667,12.8333333333333,52.1666666666667,18.1666666666667,53.625"
"1342,""Trichilia pleeana"",""Neotropical"",""forest"",""n"",NA,NA,0.620058278,"""",""Zanneetal2009"","""",24.0585238095238,2188.90476190476,59.1020857142857,9.02644285714286,9.35007619047619,17.85,32.975,8.85,31.425,51.95,27.6,39.3"
"1343,""Khaya grandifoliola"",""Afrotropical"",""forest"","""",40,NA,0.534205676,"""",""Zanneetal2009"",""JStorPlants"",23.8939944444444,1710.66666666667,72.1806,49.6360944444444,17.20605,13.0555555555556,30.6111111111111,16.6666666666667,16.4444444444444,54.5555555555556,20.1111111111111,49.2777777777778"
"1344,""Khaya anthotheca"",""Afrotropical"",""forest"",""n"",55,11.31221719,0.490530656,""Dominguesetal2010"",""Zanneetal2009"",""JStorPlants"",22.1641979591837,1300.95918367347,84.9955632653061,35.1125795918367,17.8894793877551,10.40625,30.1145833333333,10.6458333333333,12.46875,55.8541666666667,14.2916666666667,55.6666666666667"
"1345,""Guarea gomma"",""Neotropical"",""forest"","""",NA,NA,0.65,"""",""Zanneetal2009"","""",23.95,2355.66666666667,33.5142333333333,9.938,6.80666666666667,13.5,32.5,7.83333333333333,31.3333333333333,47.3333333333333,26.3333333333333,40.8333333333333"
"1346,""Trichilia pallens"",""Neotropical"",""forest"",""n"",9,NA,NA,"""","""",""Oliveira-Filhoetal2007"",19.0397,1550.94117647059,31.3085823529412,3.33214117647059,7.83018823529412,14.1470588235294,41.0294117647059,4.64705882352941,24.1176470588235,51.7941176470588,20.8235294117647,38.1470588235294"
"1347,""Trichilia monadelpha"",""Afrotropical"",""forest"","""",20,NA,0.459982277,"""",""Zanneetal2009"",""CJB"",25.5976520833333,1801.35416666667,68.49078125,20.1089770833333,12.0017158333333,12.4565217391304,29.9673913043478,15.0326086956522,23.0434782608696,53.9565217391304,16.7173913043478,53.2608695652174"
"1348,""Trichilia micrantha"",""Neotropical"",""forest"",""n"",NA,NA,0.61274,"""",""Zanneetal2009"","""",24.6172785714286,2154.64285714286,55.1225357142857,50.7941285714286,12.472,10.0384615384615,29.5769230769231,3.34615384615385,27.5,47.0769230769231,22.8846153846154,47.5769230769231"
"1349,""Miconia burchellii"",""Neotropical"",""savanna"",""n"",4,7,NA,""Cianciarusoetal2013"","""",""Oliveira-Filhoetal2007"",21.69315,1477.85714285714,83.7066071428571,34.9648642857143,34.1410142857143,7.10714285714286,34.75,3.25,11.3214285714286,53.4285714285714,17.4642857142857,47.8571428571429"
"1350,""Miconia brevipes"",""Neotropical"",""forest"",""n"",5,NA,NA,"""","""",""Oliveira-Filhoetal2007"",24.790625,1892.25,67.1165,35.01,22.73495,9.625,30.875,7.125,19.5,55.125,19.5,49.25"
"1351,""Miconia nervosa"",""Neotropical"",""forest"",""n"",5,NA,NA,"""","""",""Oliveira-Filhoetal2007"",24.2626158757062,2348.12994350282,47.2785661016949,12.0748898305085,11.7992697740113,15.1416184971098,32.7398843930636,7.42774566473988,35.7341040462428,51.1473988439306,24.0838150289017,43.2167630057803"
"1352,""Miconia argyrophylla"",""Neotropical"",""forest"",""n"",10,NA,NA,"""","""",""Oliveira-Filhoetal2007"",25.3694444444444,2573.94444444444,44.1069222222222,6.12141111111111,8.25574444444444,11.1944444444444,32.1944444444444,4.91666666666667,38.8888888888889,47.3333333333333,23.8888888888889,43.9722222222222"
"1353,""Miconia myriantha"",""Neotropical"",""forest"",""n"",NA,NA,0.75,"""",""Zanneetal2009"","""",26.3357583333333,2155.75,52.1377833333333,35.746075,13.0444216666667,12.3333333333333,31.2916666666667,4.79166666666667,28.2083333333333,48.2916666666667,22.5833333333333,46.2083333333333"
"1354,""Miconia ampla"",""Neotropical"",""forest"",""n"",15,NA,NA,"""","""",""Oliveira-Filhoetal2007"",24.6939125,3057.16666666667,42.5150083333333,4.71919166666667,10.7699570833333,19.5,34.6458333333333,8.6875,40.1875,51.375,25.5,39.6666666666667"
"1355,""Miconia amazonica"",""Neotropical"",""forest"",""n"",NA,NA,0.47,"""",""Zanneetal2009"","""",25.5775,2472.2,22.17872,2.78092,13.04,13.5,28.6666666666667,3.66666666666667,32,50.6666666666667,26.1666666666667,45.3333333333333"
"1356,""Miconia borealis"",""Neotropical"",""forest"","""",NA,NA,0.5,"""",""Santiagoetal2004"","""",23.6853251497006,1981.50898203593,60.0424928143713,27.8345488095238,21.2887149404762,16.6309523809524,32.9196428571429,8.00297619047619,26.4791666666667,53.7113095238095,23.2202380952381,43.7648809523809"
"1357,""Miconia albicans"",""Neotropical"",""savanna"",""n"",NA,7.291911921,NA,""Batalaetal2011/Cianciarusoetal2013/DantasandBatala2012"",""Abeetal2018/Batalaetal2011/Miato2011"","""",22.788271043771,1619.93939393939,66.6970727272727,34.733339,24.5704412,13.5217391304348,33.4130434782609,6.63879598662207,19.7441471571906,54.9180602006689,20.1739130434783,46.4464882943144"
"1358,""Miconia macrothyrsa"",""Neotropical"",""forest"",""n"",4,NA,NA,"""","""",""Oliveira-Filhoetal2007"",23.350575862069,1650.79310344828,78.377275862069,42.1078344827586,28.9406920689655,8.70689655172414,32.948275862069,4.10344827586207,17.9137931034483,52.9655172413793,19.1034482758621,47.948275862069"
"1359,""Miconia longifolia"",""Neotropical"",""forest"",""n"",NA,NA,0.75,"""",""Zanneetal2009"","""",24.9067517241379,2585.93103448276,41.9872103448276,10.8971866666667,11.077856,17.6333333333333,31.8833333333333,7.01666666666667,41.6833333333333,51.9833333333333,27.2666666666667,40.8833333333333"
"1360,""Miconia ligustroides"",""Neotropical"",""savanna"",""n"",NA,11.38445,0.5,""Cianciarusoetal2013/DantasandBatala2012"",""Miato2011"","""",18.9908256756757,1414.55405405405,68.1206540540541,20.9814702702703,26.3444608108108,10.6013513513514,37.4459459459459,4.04054054054054,21.9324324324324,52.5675675675676,18.0337837837838,44.5945945945946"
"1361,""Miconia leucocarpa"",""Neotropical"",""savanna"",""n"",5,6,0.53,""Cianciarusoetal2013"",""Haoetal2008"",""Oliveira-Filhoetal2007"",22.28748,1651.8,76.35122,40.30008,25.32906,9.1,36.9,3.4,15,53.4,18.5,44.6"
"1362,""Miconia lepidota"",""Neotropical"",""forest"","""",NA,NA,0.75,"""",""Zanneetal2009"","""",24.1558035714286,1923.21428571429,54.6696535714286,25.3650142857143,15.1478142857143,9.875,33.5892857142857,5,24.8214285714286,49.9107142857143,19.4464285714286,47.1071428571429"
"1363,""Tibouchina estrellensis"",""Neotropical"",""forest"",""n"",10,NA,NA,"""","""",""Oliveira-Filhoetal2007"",18.795336,1466.6,69.85174,8.664332,22.991172,10.5,37.5208333333333,4.04166666666667,22.4375,51.2083333333333,17.3125,45.25"
"1364,""Tibouchina edmundoi"",""Neotropical"",""savanna"",""n"",6,NA,NA,"""","""",""Oliveira-Filhoetal2007"",23.4819333333333,1946.66666666667,63.5811666666667,3.6454,31.3352,10.3333333333333,38.3333333333333,5.16666666666667,15,48.5,21,40.8333333333333"
"1365,""Miconia velutina"",""Neotropical"",""forest"","""",9,NA,NA,"""","""",""Oliveira-Filhoetal2007"",15.3561133333333,1668.86666666667,46.70538,0.92684,11.3161933333333,27.0333333333333,27.7666666666667,11.9,67.2,53.2,30.6333333333333,41.6"
"1366,""Miconia juruensis"",""Neotropical"",""forest"","""",NA,NA,0.47,"""",""Zanneetal2009"","""",25.5583333333333,2854.33333333333,41.1646,0.993433333333333,6.6,12,31,2.16666666666667,48.5,49.1666666666667,31.1666666666667,38.1666666666667"
"1367,""Miconia trinervia"",""Neotropical"",""forest"",""n"",NA,NA,0.62,"""",""Zanneetal2009"","""",23.63077875,2840.425,51.14736,11.7815025,13.842414125,22.20625,32.53125,9.90625,38.63125,53.83125,26.4125,41.04375"
"1368,""Leandra lacunosa"",""Neotropical"",""savanna"","""",NA,12.6108,0.9,""DantasandBatala2012"",""Miato2011"","""",17.83584,1556.5,55.41653,24.8373,27.09296,11.3,39.1,5.05,20.55,52.15,18.7,42.35"
"1369,""Miconia ibaguensis"",""Neotropical"",""forest"","""",NA,NA,0.61,"""",""Zanneetal2009"","""",22.6983903225806,1685.17204301075,67.5482989247312,20.491076344086,22.9859382795699,15.4301075268817,34.0645161290323,6.75268817204301,19.0483870967742,55.5591397849462,20.7741935483871,45.1666666666667"
"1370,""Miconia holosericea"",""Neotropical"",""forest"",""n"",NA,NA,0.62,"""",""Zanneetal2009"","""",24.4814253968254,1972.5873015873,59.5457873015873,22.5612412698413,20.9515492063492,13.008064516129,32.1532258064516,5.46774193548387,20.0887096774194,51.8951612903226,20.3951612903226,47.5403225806452"
"1371,""Miconia hirtella"",""Neotropical"",""forest"","""",4,NA,NA,"""","""",""Oliveira-Filhoetal2007"",19.00105,1500.25,69.4617,41.461575,22.48,11.25,38.875,3.5,25.625,51.625,17.75,43.375"
"1372,""Miconia herpetica"",""Neotropical"",""savanna"",""n"",3,NA,NA,"""","""",""Oliveira-Filhoetal2007"",23.25334,1292.8,75.03066,18.28198,42.69788,7.4,31.6,4.9,12.1,52.6,15.3,53.1"
"1373,""Miconia stenostachya"",""Neotropical"",""savanna"",""n"",3,NA,NA,"""","""",""Oliveira-Filhoetal2007"",23.2865779069767,1831.25581395349,68.1521430232558,34.7194337209302,26.0634418604651,11.5823529411765,31.7529411764706,5.21176470588235,18.3823529411765,53.4941176470588,20.5176470588235,47.8176470588235"
"1374,""Miconia ferruginata"",""Neotropical"",""savanna"","""",10,NA,NA,"""","""",""Oliveira-Filhoetal2007"",12.7328922222222,1628.55555555556,60.0962111111111,0,0,35.2222222222222,25.2777777777778,15.7777777777778,86,54.8333333333333,30.7777777777778,43.8888888888889"
"1375,""Miconia ferruginata"",""Neotropical"",""savanna"",""n"",3,4.2,NA,""Cianciarusoetal2013"","""",""Oliveira-Filhoetal2007"",21.3915826923077,1492.65384615385,77.775,40.8241480769231,35.3579596153846,8.26923076923077,33.5480769230769,4.54807692307692,15.3269230769231,53.3173076923077,16.8846153846154,49.5"
"1376,""Miconia fallax"",""Neotropical"",""savanna"",""n"",NA,5,NA,""Cianciarusoetal2013"","""","""",23.036262962963,1512.11111111111,76.3711148148148,30.1572111111111,23.6158555555556,9.25925925925926,32.9074074074074,3.88888888888889,14.1851851851852,53.6111111111111,17.0740740740741,50.1111111111111"
"1377,""Bellucia pentamera"",""Neotropical"",""forest"",""n"",NA,NA,0.54,"""",""Zanneetal2009"","""",24.7306528735632,2623.93103448276,42.6425620689655,9.94974942528736,12.7460344827586,17.5058139534884,32.4476744186046,9.12209302325581,33.25,52.6453488372093,24.7267441860465,42.9186046511628"
"1378,""Leandra aurea"",""Neotropical"",""forest"",""n"",4,NA,NA,"""","""",""Oliveira-Filhoetal2007"",18.4084923076923,1452.5641025641,66.2010525641026,14.3911564102564,23.6838641025641,11.1282051282051,37.6346153846154,4.94230769230769,23.7051282051282,52.2051282051282,18.4294871794872,43.9551282051282"
"1379,""Bellucia grossularioides"",""Neotropical"",""forest"",""n"",NA,NA,0.5975,"""",""Zanneetal2009"","""",25.8018831578947,2334.8,57.3152652631579,30.1121894736842,20.7806161052632,11.5967741935484,31.4677419354839,5.38709677419355,20.258064516129,50.1451612903226,21.6290322580645,46.8548387096774"
"1380,""Miconia elata"",""Neotropical"",""forest"",""n"",NA,NA,0.47,"""",""Zanneetal2009"","""",24.728380952381,2607.7619047619,51.5324571428571,11.8217476190476,15.581480952381,21.2380952380952,33.3809523809524,10.1666666666667,33.6428571428571,54,25.8333333333333,40.6904761904762"
"1381,""Miconia sellowiana"",""Neotropical"",""forest"",""n"",15,NA,NA,"""","""",""Oliveira-Filhoetal2007"",18.3312479166667,1541.35416666667,44.4862279166667,8.92216041666667,15.650175625,12.4565217391304,38.195652173913,3.53260869565217,24.5760869565217,51.9347826086956,20.2391304347826,41.5108695652174"
"1382,""Miconia dodecandra"",""Neotropical"",""forest"",""n"",6,NA,NA,"""","""",""Oliveira-Filhoetal2007"",20.9399,2012.28057553957,55.4121043165468,10.8787272058824,14.3520903649635,22.3821428571429,33.8357142857143,10.3607142857143,41.6035714285714,53.4857142857143,26.0571428571429,40.075"
"1383,""Miconia cuspidata"",""Neotropical"",""forest"",""n"",22,NA,0.74,"""",""Haoetal2008"",""Oliveira-Filhoetal2007"",25.1127857142857,1810.14285714286,71.8528642857143,40.4477928571429,30.8585142857143,9.03846153846154,30.1153846153846,3.11538461538462,15.6153846153846,50.0769230769231,19.4230769230769,50.6153846153846"
"1384,""Miconia cubatanensis"",""Neotropical"",""savanna"",""n"",12,NA,NA,"""","""",""Oliveira-Filhoetal2007"",18.970168,1410.8,63.56168,14.74304,19.6335092,12.78,35.5,6.06,32.04,53.34,17.38,47.26"
"1385,""Miconia corallina"",""Neotropical"",""forest"",""n"",8,NA,NA,"""","""",""Oliveira-Filhoetal2007"",17.74168,1477.4,79.60298,12.12158,26.2248,11.5,36.9,5,25.4,50.7,18,45.2"
"1386,""Miconia reducens"",""Neotropical"",""forest"","""",NA,NA,0.62,"""",""Zanneetal2009"","""",22.9651210526316,3037.42105263158,46.5383210526316,3.71304736842105,7.73552631578947,25.8888888888889,32.9166666666667,15.1944444444444,64.5,53.0555555555556,25.8333333333333,41.3611111111111"
"1387,""Miconia collatata"",""Neotropical"",""forest"",""n"",6,NA,NA,"""","""",""Oliveira-Filhoetal2007"",21.6404857142857,1596.71428571429,36.3304428571429,3.54864285714286,7.61964285714286,11.9166666666667,32.0833333333333,3.66666666666667,24.8333333333333,53.9166666666667,17.5,50.4166666666667"
"1388,""Miconia cinnamomifolia"",""Neotropical"",""forest"",""n"",20,NA,NA,"""","""",""Oliveira-Filhoetal2007"",21.0143806451613,1404.48387096774,51.3793838709677,7.25713870967742,19.7971419354839,13.3870967741935,34.1129032258064,3.29032258064516,21.8387096774194,52.8387096774194,18.0483870967742,47.8548387096774"
"1389,""Mouriri pusa"",""Neotropical"",""savanna"","""",9,NA,NA,"""","""",""Oliveira-Filhoetal2007"",24.39834,1372.05,79.617355,42.57763,39.347115,6.95,24,3.95,9.425,54.8,16.175,59.725"
"1390,""Miconia chrysophylla"",""Neotropical"",""forest"",""n"",NA,NA,0.62,"""",""Zanneetal2009"","""",24.8654875,2129.0625,62.075465625,19.185809375,19.8097875,16.609375,34.859375,7.875,22.34375,53.390625,23.171875,42.03125"
"1391,""Mouriri nigra"",""Neotropical"",""forest"","""",NA,NA,0.895,"""",""Zanneetal2009"","""",26.17042,2393.7,53.65173,10.33602,16.86019,8.65,30.55,4,20.45,47.2,22.4,47.2"
"1392,""Miconia chartacea"",""Neotropical"",""forest"",""n"",10,18.09579947,NA,""Dantasetal2013"","""",""Oliveira-Filhoetal2007"",19.2497736842105,1330.94736842105,65.3641526315789,30.7919684210526,23.1901,11.3157894736842,34.5,7,20,52.9473684210526,17.5789473684211,47.8947368421053"
"1393,""Miconia chamissois"",""Neotropical"",""forest"",""n"",4,NA,NA,"""","""",""Oliveira-Filhoetal2007"",22.1876258064516,1519.54838709677,71.1671043010753,32.4710141304348,37.1212260869565,9.94565217391304,35.1195652173913,4.34782608695652,15.7880434782609,54.4184782608696,17.1413043478261,47.7934782608696"
"1394,""Mouriri huberi"",""Neotropical"",""forest"","""",NA,NA,0.791813333,"""",""Zanneetal2009"","""",25.74515,2406.66666666667,60.3639666666667,11.4235666666667,9.39105,9.58333333333333,30.8333333333333,4.25,15.25,47.4166666666667,19.0833333333333,50.5"
"1395,""Mouriri guianensis"",""Neotropical"",""savanna"","""",10,NA,NA,"""","""",""Oliveira-Filhoetal2007"",25.1142904761905,1659.38095238095,67.0221095238095,68.2739428571429,30.5895761904762,12.5714285714286,30.5714285714286,6.23809523809524,19.6666666666667,54.3809523809524,21.9761904761905,47.4761904761905"
"1396,""Mouriri grandiflora"",""Neotropical"",""forest"",""n"",NA,NA,0.9,"""",""Zanneetal2009"","""",26.2220357142857,2472.28571428571,48.9623571428571,3.90384285714286,9.82545,10.5833333333333,33.7083333333333,4.54166666666667,19.5833333333333,48.3333333333333,25.5833333333333,40.7083333333333"
"1397,""Mouriri glazioviana"",""Neotropical"",""forest"","""",10,NA,NA,"""","""",""Oliveira-Filhoetal2007"",21.953125,1255.75,88.283475,10.918225,19.094125,8.5,33.8333333333333,4.66666666666667,15.1666666666667,55,17.3333333333333,48.8333333333333"
"1398,""Mouriri collocarpa"",""Neotropical"",""forest"","""",NA,NA,0.833333333,"""",""Zanneetal2009"","""",25.6470428571429,1992.28571428571,59.5915857142857,20.8629571428571,13.7507571428571,8.78571428571429,33.5714285714286,5.07142857142857,21.5714285714286,46.3571428571429,25.9285714285714,40.4285714285714"
"1399,""Mouriri barinensis"",""Neotropical"",""forest"","""",NA,NA,0.79,"""",""Zanneetal2009"","""",27.8,1679,69.1806,22.8528,26.4391,18.5,31,6,9.5,61.5,30,39"
"1400,""Mouriri angulicosta"",""Neotropical"",""forest"","""",NA,NA,0.9,"""",""Zanneetal2009"","""",26.5229,2305,46.76245,1.48765,8,7.5,39.25,2.25,19.5,43.25,19.5,41.25"
"1401,""Miconia poeppigii"",""Neotropical"",""forest"",""n"",NA,NA,0.596666667,"""",""Zanneetal2009"","""",25.5752733333333,2136.83333333333,56.5055833333333,38.0370966666667,19.8824766666667,13.3214285714286,33.1428571428571,5.94642857142857,19.3035714285714,50.7321428571429,25.5178571428571,41.375"
"1402,""Capparis prisca"",""Neotropical"",""forest"","""",NA,17.7,0.53,""Markesteijn&Poorter2009/Markesteijnetal2011"",""Markesteijnetal2011"","""",20.9009333333333,841,68.9480333333333,11.9197555555556,14.2549411111111,17.7222222222222,31.6666666666667,11.9444444444444,23.6666666666667,61.6666666666667,23.6111111111111,44.5555555555556"
"1403,""Rhizophora harrisonii"",""Neotropical"",""forest"","""",NA,NA,0.86,"""",""Zanneetal2009"","""",26.5493,2144.66666666667,60.34215,21.18465,11.6643833333333,19.4166666666667,28.6666666666667,7.16666666666667,48.5833333333333,53.5,24.4166666666667,47.0833333333333"
"1404,""Cassipourea firestoneana"",""Afrotropical"",""forest"",""n"",25,NA,0.739610849,"""",""Zanneetal2009"",""JStorPlants"",26.0542,3231,78.9381,1.9876,12.55,7,31,16,16.5,49,18.5,51"
"1405,""Cassipourea euryoides"",""Afrotropical"",""forest"",""n"",18,NA,0.738105827,"""",""Zanneetal2009"",""JStorPlants"",24.9363142857143,1107.71428571429,77.4366,11.4913285714286,14.6213,13.3571428571429,31.8571428571429,11.5,18.9285714285714,59.9285714285714,14.5,53.6428571428571"
"1406,""Cassipourea malosana"",""Afrotropical"",""forest"",""n"",45,NA,0.575484697,"""",""Zanneetal2009"",""JStorPlants"",18.0343484848485,1186.48484848485,75.1119121212121,24.8454181818182,28.3971212121212,24.9090909090909,36.2121212121212,10.9090909090909,29.4848484848485,56.6363636363636,23.6363636363636,40.2121212121212"
"1407,""Sterigmapetalum obovatum"",""Neotropical"",""forest"","""",NA,NA,0.77,"""",""Zanneetal2009"","""",25.3428714285714,2023.42857142857,44.9962571428571,44.7117428571429,18.6067,10.7857142857143,33.7857142857143,3.64285714285714,16.1428571428571,47.5714285714286,22.1428571428571,44.0714285714286"
"1408,""Ziziphus mucronata"",""Afrotropical"",""savanna"",""y"",30,10.836,NA,""Zizkaetal2014"","""",""JStorPlants"",21.6565694581281,750.216748768473,92.4585261083744,31.677063546798,25.4640972413793,12.04,24.91,10.4225,9.0575,65.0725,14.9,60.215"
"1409,""Berchemia zeyheri"",""Afrotropical"",""savanna"",""n"",12,17.8,NA,""Plasetal2012"","""",""JStorPlants"",20.7199357142857,638.428571428571,76.6799642857143,36.2122,30.162575,13.125,26.625,7.78125,11,63.71875,14.75,58.59375"
"1410,""Zuelania guidonia"",""Neotropical"",""forest"","""",NA,NA,0.56256,"""",""Zanneetal2009"","""",25.092169047619,1656.14285714286,68.7965857142857,43.2374404761905,26.9059261904762,30.3214285714286,37.4404761904762,13.1428571428571,23.7619047619048,65.7976190476191,23.1428571428571,39.3571428571429"
"1411,""Scottellia klaineana"",""Afrotropical"",""forest"",""n"",50,NA,0.559140339,"""",""Zanneetal2009"",""CJB"",25.25000625,1966.875,69.1224375,14.26991875,5.63919375,12.34375,32.71875,13.625,31.46875,49.8125,18.25,49.09375"
"1412,""Lunania parviflora"",""Neotropical"",""forest"",""n"",20,NA,0.635,"""",""Zanneetal2009"",""FloradoBrasil"",24.3982583333333,2519.08333333333,42.6542166666667,11.1828166666667,7.48900833333333,15.125,31.75,6.70833333333333,28.2083333333333,52.25,26.4583333333333,41.75"
"1413,""Scolopia oreophila"",""Afrotropical"",""savanna"",""y"",13,9.22,NA,""Plasetal2012"","""",""JStorPlants"",15.8083,833,74.2879,85.3722,59.5767,14,36.5,7,14.5,56.5,20,43.5"
"1414,""Lindackeria paludosa"",""Neotropical"",""forest"","""",NA,NA,0.56,"""",""Zanneetal2009"","""",26.2034906976744,2450.76744186047,49.2277651162791,12.4781488372093,14.328478372093,10.9268292682927,30.3048780487805,5.6219512195122,28.2926829268293,48.2560975609756,24.6219512195122,45.0121951219512"
"1415,""Banara nitida"",""Neotropical"",""forest"",""n"",30,NA,0.60135,"""",""Zanneetal2009"",""FloradoBrasil"",24.3416666666667,2687.66666666667,42.0775777777778,7.83295555555556,10.3115555555556,13.1111111111111,32.8333333333333,3.55555555555556,26.2777777777778,47.7777777777778,26.6111111111111,40.5555555555556"
"1416,""Lindackeria latifolia"",""Neotropical"",""savanna"","""",10,NA,NA,"""","""",""Oliveira-Filhoetal2007"",25.9576333333333,2072.33333333333,66.0249666666667,22.0294666666667,15.14465,7.66666666666667,41,4.33333333333333,9.41666666666667,47.5833333333333,18.9166666666667,39.6666666666667"
"1417,""Laetia suaveolens"",""Neotropical"",""forest"","""",NA,NA,0.64,"""",""Zanneetal2009"","""",26.90388,2813.8,48.2985333333333,8.94492666666667,10.1534466666667,9.23333333333333,24.4666666666667,3.93333333333333,46.6666666666667,47.6666666666667,25.5,50"
"1418,""Rhabdodendron macrophyllum"",""Neotropical"",""forest"",""n"",NA,NA,0.8,"""",""Zanneetal2009"","""",27.0194333333333,2102.33333333333,53.8394,17.8771,13.1981,7.5,36,2.5,19,44.5,16.5,47"
"1419,""Hyptidendron asperrimum"",""Neotropical"",""forest"",""n"",12,NA,NA,"""","""",""Oliveira-Filhoetal2007"",19.5656375,1376,78.012475,19.750075,20.1430425,9.4375,39.4375,4.6875,20.125,52.5625,17.8125,42.6875"
"1420,""Aegiphila verticillata"",""Neotropical"",""savanna"",""n"",5,9.7983,0.345,""Cianciarusoetal2013/DantasandBatala2012"",""Haoetal2008/Miato2011"",""Oliveira-Filhoetal2007"",21.1237921052632,1241.13157894737,57.6398815789474,18.2710526315789,24.8375771052632,10.9736842105263,33.4342105263158,5.73684210526316,13.3947368421053,55.9210526315789,16.5526315789474,50"
"1421,""Aegiphila pernambucensis"",""Neotropical"",""savanna"",""n"",5,NA,NA,"""","""",""Oliveira-Filhoetal2007"",22.61666,922.2,81.72884,15.08144,17.86004,10.9,28.9,6.2,8.2,59.3,17.8,53.4"
"1422,""Aegiphila obducta"",""Neotropical"",""forest"",""n"",6,NA,NA,"""","""",""Oliveira-Filhoetal2007"",17.44584,1571.46666666667,41.8130266666667,5.48322666666667,10.5377933333333,12.2,38.3333333333333,4.56666666666667,31.9,51.3,21.7,40"
"1423,""Eriope latifolia"",""Neotropical"",""savanna"","""",5,NA,NA,"""","""",""Oliveira-Filhoetal2007"",20.7342142857143,829.285714285714,51.7878071428571,10.9923571428571,20.3390164285714,12.5,29.9285714285714,7.46428571428571,11.3214285714286,57.7142857142857,16.3928571428571,53.8571428571429"
"1424,""Premna angolensis"",""Afrotropical"",""forest"","""",12,NA,0.667002112,"""",""Zanneetal2009"",""JStorPlants"",25.44666,1446.9,85.4667,22.66232,16.52817,12.9,30.15,13.25,21.05,56.7,17.1,52.5"
"1425,""Hyptis pachyphylla"",""Neotropical"",""savanna"","""",3,NA,NA,"""","""",""Oliveira-Filhoetal2007"",20.2027666666667,1698,82.4658333333333,79.7492666666667,38.7976,6.33333333333333,35.1666666666667,7.83333333333333,27.1666666666667,51.6666666666667,13.3333333333333,51.3333333333333"
"1426,""Vitex schomburgkiana"",""Neotropical"",""savanna"","""",20,NA,NA,"""","""",""Oliveira-Filhoetal2007"",27.546875,1715.75,79.1149,17.111825,22.97405,9.375,27,7.875,26.25,56.5,21.625,51"
"1427,""Vitex oxycuspis"",""Afrotropical"",""forest"",""n"",11,NA,0.498807317,"""",""Zanneetal2009"",""JStorPlants"",25.92666,2249,66.88073,10.53763,6.49356,8.45,28.65,18.05,15.1,50.9,14.25,56.95"
"1428,""Vitex micrantha"",""Afrotropical"",""forest"",""n"",24,NA,0.453812036,"""",""Zanneetal2009"",""JStorPlants"",25.0804461538462,2267.69230769231,69.0245461538462,50.2471384615385,12.7692253846154,10.3076923076923,30.3076923076923,19.8461538461538,17.6538461538462,51.8846153846154,18.6153846153846,51.1538461538462"
"1429,""Vitex grandifolia"",""Afrotropical"",""forest"","""",9,6.756756757,0.424140508,""Dominguesetal2010"",""Zanneetal2009"",""JStorPlants"",25.4969648648649,2011.10810810811,67.9503540540541,14.413127027027,10.8900297297297,11.6351351351351,29.1081081081081,16.2162162162162,22.4594594594595,51.8243243243243,16.0405405405405,54.8648648648649"
"1430,""Vitex flavens"",""Neotropical"",""savanna"","""",25,NA,NA,"""","""",""Oliveira-Filhoetal2007"",25.8146,2235,92.9105,58.63935,23.84725,16.5,32.25,5,28.75,53.75,28,39.5"
"1431,""Vitex doniana"",""Afrotropical"",""forest"",""n"",NA,NA,0.4,"""",""Zanneetal2009"","""",25.4645256830601,1281.21857923497,83.1500693989071,47.42954,18.4883843646409,10.4803370786517,26.4157303370787,14.1825842696629,12.3483146067416,58.1039325842697,16.75,56.8005617977528"
"1432,""Lonchocarpus cultratus"",""Neotropical"",""forest"","""",30,NA,NA,"""","""",""Oliveira-Filhoetal2007"",20.4566956521739,1441.73913043478,41.0937347826087,7.43091739130435,14.2919782608696,12.6521739130435,39.5217391304348,4.47826086956522,19.0434782608696,54.804347826087,19.8478260869565,40.7608695652174"
"1433,""Hymenolobium pulcherrimum"",""Neotropical"",""forest"",""n"",NA,NA,0.635,"""",""Zanneetal2009"","""",26.32295,2312.75,51.158575,3.22555,5.9308325,10.875,29.375,3.625,29,48.625,21.5,49.125"
"1434,""Pogonophora schomburgkiana"",""Neotropical"",""forest"",""n"",NA,NA,0.832585,"""",""Zanneetal2009"","""",24.4395722222222,1758.41666666667,47.5038972222222,28.2307055555556,20.8614036111111,11.2647058823529,31.7058823529412,4.77941176470588,23.9705882352941,52.2647058823529,18.9705882352941,49.2352941176471"
"1435,""Chamaecrista fulgida"",""Neotropical"",""savanna"",""n"",4,NA,NA,"""","""",""Oliveira-Filhoetal2007"",21.9917,1625,83.4549,81.3522,46.0756,8,35,2.5,9.5,54,18,47.5"
"1436,""Tachigali vulgaris"",""Neotropical"",""savanna"","""",NA,6.4,NA,""Cianciarusoetal2013"","""","""",25.4069057142857,1825.85714285714,74.56156,61.6302942857143,35.1142705714286,7.95588235294118,28.9264705882353,2.80882352941176,14.0147058823529,51.5588235294118,17.5147058823529,53.5294117647059"
"1437,""Neoraimondia herzogiana"",""Neotropical"",""forest"","""",NA,NA,0.54,"""",""Zanneetal2009"","""",20.7325,582.133333333333,81.5960133333333,0.795146666666667,5.23366666666667,14.7333333333333,29.9,16.2,11.4333333333333,67.4,19.3333333333333,50.9333333333333"
"1438,""Prioria mannii"",""Afrotropical"",""forest"",""n"",30,NA,0.439169015,"""",""Zanneetal2009"",""CJB"",24.425,1100,85.1522,27.8432,30.0393,11.5,36.5,4,8.5,59.5,24,40"
"1439,""Acacia karroo"",""Afrotropical"",""savanna"",""y"",22,9.33,0.891,""Plasetal2012"",""Plasetal2012"",""JStorPlants"",17.4927833333333,429.225988700565,55.4199918079096,14.9965101694915,17.2680376836158,12.265625,24.2258522727273,9.625,8.40198863636364,72.5184659090909,16.3636363636364,59.3821022727273"
"1440,""Acacia gerrardii"",""Afrotropical"",""savanna"",""y"",15,8.857,0.93,""Plasetal2012/Zizkaetal2014"",""Plasetal2012"",""JStorPlants"",22.1409097560976,860.207317073171,85.9314048780488,36.5756402439024,22.7716304878049,16.3780487804878,30.6524390243902,9.88414634146342,10.390243902439,62.5243902439024,16.5548780487805,52.780487804878"
"1441,""Acacia erioloba"",""Afrotropical"",""savanna"",""y"",15,NA,NA,"""","""",""JStorPlants"",20.672812,282.954285714286,97.3414862857143,11.2636514285714,22.0578374857143,7.63714285714286,11.3142857142857,10.4228571428571,3.03714285714286,77.1085714285714,11.56,77.1428571428571"
"1442,""Mimosa interrupta"",""Neotropical"",""savanna"",""y"",5,NA,NA,"""","""",""Oliveira-Filhoetal2007"",25.136475,1556.75,75.43965,32.797175,25.1187,5,25.625,5.25,8.5,53.25,14.625,59.625"
"1443,""Byrsonima correifolia"",""Neotropical"",""savanna"",""n"",3,NA,NA,"""","""",""Oliveira-Filhoetal2007"",23.2532536585366,1013.68292682927,83.7979414634146,15.7454,25.716073902439,9.18292682926829,26.609756097561,4.73170731707317,8.91463414634146,56.0487804878049,17.0243902439024,56.4146341463415"
"1444,""Acmanthera latifolia"",""Neotropical"",""forest"","""",NA,NA,0.69,"""",""Zanneetal2009"","""",26.4666666666667,2375.66666666667,36.6369666666667,0,0,8.5,31,0.75,65.75,44.25,31.25,38.25"
"1445,""Byrsonima basiloba"",""Neotropical"",""savanna"","""",1.5,5.082747881,0.551,""Batalaetal2011/Cianciarusoetal2013"",""Batalaetal2011"",""FloradoBrasil"",21.7125,1547.66666666667,82.1473333333333,30.2738416666667,40.3955916666667,7.79166666666667,36.625,4.54166666666667,10.9166666666667,53.2083333333333,16.4583333333333,46.9583333333333"
"1446,""Byrsonima arthropoda"",""Neotropical"",""forest"",""n"",NA,NA,0.62,"""",""Zanneetal2009"","""",23.6732863636364,2119.90909090909,57.17745,31.4552,10.6759045454545,17.3333333333333,29.3333333333333,7.54761904761905,42.7857142857143,51.6904761904762,24.952380952381,45.7857142857143"
"1447,""Byrsonima affinis"",""Neotropical"",""savanna"","""",8,NA,NA,"""","""",""FloradoBrasil"",22.6702428571429,1594.85714285714,76.2331714285714,16.6084571428571,33.5314142857143,5.71428571428571,26.7142857142857,2.57142857142857,10,52.7142857142857,13.8571428571429,59.2857142857143"
"1448,""Byrsonima aerugo"",""Neotropical"",""forest"",""n"",NA,NA,0.62857,"""",""Zanneetal2009"","""",24.8965333333333,2087.66666666667,60.6893666666667,2.81313333333333,39.4861666666667,11.5833333333333,35.6666666666667,4.58333333333333,20.75,47.5833333333333,21.6666666666667,42.5"
"1449,""Burdachia duckei"",""Neotropical"",""forest"",""n"",NA,NA,0.84,"""",""Zanneetal2009"","""",27.0167,2275,50.1583,14.8755,9.24667,34,26.5,7.5,41,52,14.5,59.5"
"1450,""Bunchosia argentea"",""Neotropical"",""forest"",""n"",NA,NA,0.65,"""",""Zanneetal2009"","""",22.4266666666667,1822.93333333333,57.2641133333333,11.2626333333333,13.0242466666667,19.8666666666667,33,13.0666666666667,47.6666666666667,52.6666666666667,26.5333333333333,40.4666666666667"
"1451,""Byrsonima schomburgkiana"",""Neotropical"",""savanna"",""n"",18,NA,NA,"""","""",""Oliveira-Filhoetal2007"",26.4902666666667,1836,71.3501666666667,2.6472,4.6625,9,35.8333333333333,9.83333333333333,23,52.1666666666667,17.3333333333333,47.3333333333333"
"1452,""Banisteriopsis oxyclada"",""Neotropical"",""savanna"","""",NA,7.3,NA,""Cianciarusoetal2013"","""","""",21.802580952381,1180.61904761905,76.4376095238095,22.8893380952381,31.4207776190476,9.88095238095238,33.7142857142857,4.26190476190476,11.7380952380952,56.0714285714286,16.9761904761905,49.3809523809524"
"1453,""Banisteriopsis megaphylla"",""Neotropical"",""savanna"","""",NA,12.7473,0.4,""DantasandBatala2012"",""Miato2011"","""",22.5155272727273,1469.45454545455,80.1036545454545,35.7355909090909,39.2421945454545,6.68181818181818,33.2727272727273,3.68181818181818,10.4545454545455,54.1363636363636,17.2272727272727,49.8181818181818"
"1454,""Banisteriopsis latifolia"",""Neotropical"",""savanna"","""",4,NA,NA,"""","""",""Oliveira-Filhoetal2007"",21.7078125,1580.375,80.0716125,42.55095,41.2705125,7,37.25,2.6875,12,52.75,15.125,47.75"
"1455,""Byrsonima linguifera"",""Neotropical"",""savanna"","""",6,NA,NA,"""","""",""Oliveira-Filhoetal2007"",26.2201333333333,2087.16666666667,64.1738666666667,98.1423333333333,32.8904166666667,8,28.6666666666667,4.08333333333333,13,48.0833333333333,22.9166666666667,48.4166666666667"
"1456,""Byrsonima crispa"",""Neotropical"",""forest"",""n"",NA,NA,0.58,"""",""Zanneetal2009"","""",25.1828703703704,2140.07407407407,55.7888407407407,45.3150333333333,21.1965851851852,11.9814814814815,32.2777777777778,4,20.0185185185185,49.9444444444444,20.6851851851852,47"
"1457,""Quiina obovata"",""Neotropical"",""forest"",""n"",20,NA,0.851,"""",""Zanneetal2009"",""FloradoBrasil"",26.1138666666667,2391.33333333333,35.1639333333333,1.9862,2.415625,11.6666666666667,34.3333333333333,4.66666666666667,20.6666666666667,48.5,21.5,44"
"1458,""Quiina magallano-gomesii"",""Neotropical"",""forest"",""n"",15,16.98026101,NA,""Dantasetal2013"","""",""FloradoBrasil"",19.3510375,1643.875,32.4223375,3.8499125,7.593095,14.25,36.75,3.0625,29.3125,50.5,22.0625,41.1875"
"1459,""Quiina amazonica"",""Neotropical"",""forest"",""n"",15,NA,0.92,"""",""Zanneetal2009"",""FloradoBrasil"",24.6675,2219.4,43.10608,18.38723,18.14674,11.2777777777778,36.3333333333333,3.83333333333333,26.0555555555556,48.7222222222222,24.4444444444444,39.1666666666667"
"1460,""Quiina florida"",""Neotropical"",""forest"",""n"",30,NA,0.728,"""",""Zanneetal2009"",""FloradoBrasil"",24.7805444444444,2268.33333333333,38.4513333333333,1.32342222222222,2.93444444444444,12.8333333333333,33.3333333333333,5.16666666666667,28.4444444444444,49.5,27.2777777777778,39.3333333333333"
"1461,""Touroulia guianensis"",""Neotropical"",""forest"","""",10,NA,0.76,"""",""Zanneetal2009"",""FloradoBrasil"",26.5083,2317,45.866,0.9917,8.8,7.5,37,3,22.5,43.5,20.5,42"
"1462,""Galpinia transvaalica"",""Afrotropical"",""savanna"",""n"",7,8.9,0.834,""Plasetal2012"",""Plasetal2012"",""JStorPlants"",21.51167,721.8,70.48176,43.04176,39.4143,15.55,30.95,6.85,12.6,63,16.3,52.75"
"1463,""Lafoensia vandelliana"",""Neotropical"",""forest"","""",12,NA,NA,"""","""",""Oliveira-Filhoetal2007"",22.12135625,1398.25,58.15203125,30.1155625,26.8109,9.8125,31.59375,4.3125,18.1875,53.09375,19.71875,48.625"
"1464,""Lafoensia punicifolia"",""Neotropical"",""forest"","""",NA,NA,0.705,"""",""Zanneetal2009"","""",22.5490384615385,1944.15384615385,81.1162307692308,20.8724615384615,13.8885,27.25,36.25,17.7916666666667,50.4166666666667,56.625,27.875,35.875"
"1465,""Ptaeroxylon obliquum"",""Afrotropical"",""forest"",""n"",20,NA,0.81795,"""",""Zanneetal2009"",""JStorPlants"",19.864925,776.583333333333,58.6034666666667,20.9469833333333,21.595625,14.5833333333333,31.5416666666667,9.20833333333333,13.5833333333333,62.7083333333333,17.7916666666667,50.625"
"1466,""Trattinnickia glaziovii"",""Neotropical"",""forest"","""",NA,NA,0.525336444,"""",""Balhetal2011/Zanneetal2009"","""",26.322925,2008.75,69.070125,144.4136,36.390725,9.25,30.125,1.375,18.5,48.625,21.25,48.625"
"1467,""Dacryodes belemensis"",""Neotropical"",""forest"","""",NA,NA,0.52,"""",""Zanneetal2009"","""",21.925,2923,26.2206,1.4916,6.13335,19.25,35,2.5,48.25,48.75,30,35"
"1468,""Protium amazonicum"",""Neotropical"",""forest"","""",NA,NA,0.599,"""",""Zanneetal2009"","""",25.4854166666667,2338,46.605825,11.3396166666667,11.7362783333333,12.4583333333333,31.4583333333333,6.375,25.9583333333333,47.6666666666667,23.625,45"
"1469,""Protium altsonii"",""Neotropical"",""forest"","""",NA,NA,0.684,"""",""Zanneetal2009"","""",25.5351,2568.85714285714,45.0507285714286,15.4388571428571,9.80502857142857,9.83333333333333,31.25,5.5,23.1666666666667,49.1666666666667,23.0833333333333,46.0833333333333"
"1470,""Crepidospermum rhoifolium"",""Neotropical"",""forest"",""n"",NA,NA,0.578435,"""",""Zanneetal2009"","""",26.0439387096774,2624.22580645161,48.4953225806452,26.7288,15.3182053125,13.15,30.9333333333333,6.15,32.4333333333333,49.55,25.7666666666667,43.1833333333333"
"1471,""Trattinickia aspera"",""Neotropical"",""forest"","""",NA,NA,0.57,"""",""Santiagoetal2004"","""",26.075025,3563.75,48.410825,0,0,22.25,29.75,18.25,71.25,51.75,27.25,42.625"
"1472,""Trattinnickia aspera"",""Neotropical"",""forest"","""",NA,NA,0.423936299,"""",""Zanneetal2009"","""",26.075025,3563.75,48.410825,0,0,22.25,29.75,18.25,71.25,51.75,27.25,42.625"
"1473,""Aucoumea klaineana"",""Afrotropical"",""forest"",""n"",60,NA,0.377686676,"""",""Zanneetal2009"",""CJB"",24.6964228571429,1894.8,69.4221771428571,7.48196857142857,7.50411542857143,10.9571428571429,36.0714285714286,9.98571428571429,29.2142857142857,48.1285714285714,16.8142857142857,47.2"
"1474,""Protium trifoliolatum"",""Neotropical"",""forest"","""",NA,NA,0.685,"""",""Zanneetal2009"","""",26.1175473684211,2532.21052631579,44.9147368421053,8.52373684210526,9.74002105263158,9.68421052631579,30.7894736842105,3.76315789473684,24.9473684210526,46.8684210526316,22.2631578947368,46.9210526315789"
"1475,""Santiria trimera"",""Afrotropical"",""forest"","""",26,NA,0.546432029,"""",""Zanneetal2009"",""CJB"",24.4356104347826,1984.05217391304,64.4802547826087,17.2928609090909,3.146871,11.7105263157895,38.2763157894737,11.3991228070175,27.4122807017544,47.4298245614035,16.1666666666667,45.5789473684211"
"1476,""Dacryodes pubescens"",""Afrotropical"",""forest"",""n"",10,NA,0.581655296,"""",""Zanneetal2009"",""CJB"",25.8208,1764,74.5529,18.8613,39.3895,10,30.5,15,15,49.5,23.5,46"
"1477,""Protium subserratum"",""Neotropical"",""forest"","""",NA,NA,0.55,"""",""Zanneetal2009"","""",25.3595214285714,2419.14285714286,43.3514571428571,1.98666428571429,7.21632857142857,10.5714285714286,35.4642857142857,4.10714285714286,24.1428571428571,45.7142857142857,22.8928571428571,41.6785714285714"
"1478,""Protium guianense"",""Neotropical"",""forest"","""",NA,NA,0.711,"""",""Zanneetal2009"","""",24.8439,2398.6,51.3643266666667,20.40456,21.7857133333333,10.0666666666667,32.7666666666667,7.1,23.5666666666667,49.3666666666667,21.6333333333333,45.5333333333333"
"1479,""Protium grandifolium"",""Neotropical"",""forest"","""",NA,NA,0.638,"""",""Zanneetal2009"","""",25.16332,2447.8,56.58284,2.98202,7.95,8.875,33,6.125,25.625,46,25.75,41.25"
"1480,""Dacryodes macrophylla"",""Afrotropical"",""forest"",""n"",25,NA,0.553294755,"""",""Zanneetal2009"",""CJB"",23.586975,2070,61.6815125,1.1182125,14.6958375,9.875,41.4375,10.625,25.625,47,15.4375,43.25"
"1481,""Dacryodes letestui"",""Afrotropical"",""forest"",""n"",12,NA,0.547925264,"""",""Zanneetal2009"",""CJB"",23.63916,2038.5,68.54748,12.61557,7.425,12.85,38.75,11.55,40.05,47.95,17.8,43.55"
"1482,""Dacryodes klaineana"",""Afrotropical"",""forest"","""",18,NA,0.724600197,"""",""Zanneetal2009"",""JStorPlants"",24.648755,2276.3,66.54224,5.41774,8.335743,10.3421052631579,36.7631578947368,11.1578947368421,23.4210526315789,48.8421052631579,17.6052631578947,45.6842105263158"
"1483,""Dacryodes heterotricha"",""Afrotropical"",""forest"",""n"",25,NA,0.604214539,"""",""Zanneetal2009"",""CJB"",23.83792,1867.1,70.22874,5.78956,7.50428,12.05,35.35,12.85,39.5,49.3,18.95,45.6"
"1484,""Protium sagotianum"",""Neotropical"",""forest"","""",NA,NA,0.55748,"""",""Zanneetal2009"","""",25.99431,2304.4,55.27835,40.97232,16.8296176666667,11.0357142857143,31.9107142857143,6.73214285714286,24.5535714285714,49.3392857142857,20.5357142857143,47.5714285714286"
"1485,""Dacryodes edulis"",""Afrotropical"",""forest"",""n"",24,NA,0.516311187,"""",""Zanneetal2009"",""JStorPlants"",24.1646516129032,2034.93548387097,63.1118419354839,54.86864,6.58893666666667,13.0483870967742,34.8064516129032,11.6290322580645,26.3387096774194,49.9516129032258,15.5806451612903,49.5161290322581"
"1486,""Dacryodes buettneri"",""Afrotropical"",""forest"","""",50,NA,0.512518728,"""",""Zanneetal2009"",""CJB"",23.9563081081081,1946.08108108108,64.3782243243243,1.23491081081081,2.70642972972973,11.3918918918919,40.972972972973,10.7162162162162,28.9459459459459,47.4594594594595,15.4054054054054,43.5810810810811"
"1487,""Commiphora leptophloeos"",""Neotropical"",""forest"",""y"",12,NA,NA,"""","""",""Oliveira-Filhoetal2007"",24.3468304347826,813.989130434783,83.8223097826087,13.9119684782609,22.0278195652174,10.6868131868132,25.8516483516484,6.00549450549451,7.81318681318681,61.6703296703297,19.2527472527473,54.967032967033"
"1488,""Protium elegans"",""Neotropical"",""savanna"","""",4,NA,NA,"""","""",""Oliveira-Filhoetal2007"",26.2542,2754,21.7562,0,0,10,22.5,1.5,32.5,45.5,23,54.5"
"1489,""Protium pittieri"",""Neotropical"",""forest"","""",NA,NA,0.474760646,"""",""Zanneetal2009"","""",24.2718625,3213.375,44.4834375,2.97877777777778,7.73631111111111,23.2222222222222,32.3333333333333,11.8888888888889,51.4444444444444,53.1111111111111,27.2222222222222,40.3333333333333"
"1490,""Protium pilosissimum"",""Neotropical"",""savanna"","""",13,NA,NA,"""","""",""Oliveira-Filhoetal2007"",24.3562333333333,1952.5,65.1122166666667,13.4189333333333,24.7587666666667,7.58333333333333,27.9166666666667,3,10.1666666666667,49.6666666666667,18.8333333333333,53.4166666666667"
"1491,""Protium cuneatum"",""Neotropical"",""forest"","""",NA,NA,0.49,"""",""Zanneetal2009"","""",23.8458,2054,45.5054,0,0,19,34.5,7,26,51,24.5,42"
"1492,""Protium crenatum"",""Neotropical"",""forest"","""",NA,NA,0.54,"""",""Zanneetal2009"","""",26.43335,2012.25,58.799375,15.39035,27.441925,11.75,31.625,8.75,14,50.25,25.75,42.75"
"1493,""Protium crassipetalum"",""Neotropical"",""forest"","""",NA,NA,0.65,"""",""Zanneetal2009"","""",26.8993,2491.33333333333,53.4264666666667,17.05985,14.3773,6.91666666666667,27.8333333333333,5.16666666666667,21,49.25,20.9166666666667,51.25"
"1494,""Dacryodes occidentalis"",""Neotropical"",""forest"","""",NA,NA,0.525,"""",""Zanneetal2009"","""",26.2833,5546,26.6958,43.569,11.7533,20,27.5,24.5,113.5,48.5,22.5,50"
"1495,""Protium ovatum"",""Neotropical"",""savanna"","""",10,NA,NA,"""","""",""Oliveira-Filhoetal2007"",22.6410714285714,1482.95238095238,82.1853428571429,41.7300761904762,36.0451047619048,8.97619047619048,31.047619047619,3.71428571428571,13.0238095238095,53.0714285714286,16.7380952380952,52.1666666666667"
"1496,""Dacryodes nitens"",""Neotropical"",""forest"","""",NA,NA,0.49,"""",""Zanneetal2009"","""",25.9075,2460.8,34.62788,4.17184,4.3821,12.875,27.25,4.375,28.5,49.125,24.5,48.375"
"1497,""Protium carnosum"",""Neotropical"",""forest"","""",NA,NA,0.45,"""",""Zanneetal2009"","""",25.5458333333333,2163.33333333333,60.5879,12.5957333333333,6.65613333333333,8.16666666666667,34.8333333333333,3.66666666666667,17.6666666666667,45.1666666666667,26.3333333333333,39"
"1498,""Tetragastris altissima"",""Neotropical"",""forest"","""",NA,NA,0.707804286,"""",""Zanneetal2009"","""",24.7130419354839,1624.58064516129,77.8790903225807,39.5925870967742,30.581464516129,7.63333333333333,30.0666666666667,3.53333333333333,11.2833333333333,53.6,18.7666666666667,51.15"
"1499,""Commiphora neglecta"",""Afrotropical"",""savanna"",""y"",9,15.23,0.639,""Plasetal2012"",""Plasetal2012"",""JStorPlants"",23.3791666666667,837.666666666667,74.3597666666667,7.7045,42.67499,18.5,25.1666666666667,10.5,44,64.1666666666667,17,57.3333333333333"
"1500,""Protium nodulosum"",""Neotropical"",""forest"","""",NA,NA,0.49,"""",""Zanneetal2009"","""",24.678125,2912.1875,28.74145625,8.63326875,6.23786875,14.4666666666667,32.3333333333333,5.9,45.2,48.3666666666667,26.6666666666667,41.1333333333333"
"1501,""Trattinnickia peruviana"",""Neotropical"",""forest"","""",NA,NA,0.56,"""",""Zanneetal2009"","""",26.070825,2934,43.19675,7.699475,21.778325,12.625,32.625,3.25,59.375,49.625,27.5,39.875"
"1503,""Euplassa incana"",""Neotropical"",""forest"","""",10,NA,NA,"""","""",""Oliveira-Filhoetal2007"",25.5333,2067,77.7624,0,0,6.5,23.5,1.5,27,50,13,63.5"
"1504,""Euplassa cantareirae"",""Neotropical"",""forest"","""",15,NA,NA,"""","""",""Oliveira-Filhoetal2007"",16.6375,1654.25,41.342925,3.4793,19.190625,14.375,41.5,2.375,23.5,51.75,23.625,35.125"
"1506,""Coussapoa parviceps"",""Neotropical"",""forest"","""",NA,NA,0.49,"""",""Zanneetal2009"","""",21.5403846153846,2744.69230769231,55.3823461538462,2.2152,6.97350769230769,29,33.0769230769231,11.9230769230769,49.3846153846154,54,29.8076923076923,37.1153846153846"
"1507,""Cecropia latiloba"",""Neotropical"",""forest"",""n"",NA,NA,0.33,"""",""Zanneetal2009"","""",26.1631384615385,2407.69230769231,50.2423,9.25166153846154,7.23136923076923,12.5384615384615,30.2692307692308,4.15384615384615,29.2692307692308,49.2307692307692,27.4230769230769,42.1538461538462"
"1508,""Pourouma villosa"",""Neotropical"",""forest"",""n"",NA,NA,0.34,"""",""Zanneetal2009"","""",26.1333,2891,31.95535,0.49585,4.4,9.25,27,2,26.75,43.5,21.75,51.25"
"1509,""Cecropia insignis"",""Neotropical"",""forest"","""",NA,NA,0.317794957,"""",""Zanneetal2009"","""",24.3756,2795.71428571429,48.2343,4.54025714285714,6.87261428571429,24,37.0714285714286,12.2857142857143,39.2857142857143,54.5,26.6428571428571,36.5"
"1510,""Coussapoa microcarpa"",""Neotropical"",""forest"",""n"",35,NA,NA,"""","""",""Oliveira-Filhoetal2007"",19.7791666666667,1699.6,38.3537666666667,3.17862,9.64777333333333,13.3,38.8333333333333,4.4,25.5333333333333,50.7,21.3333333333333,39.7666666666667"
"1511,""Myrianthus libericus"",""Afrotropical"",""forest"",""n"",15,NA,0.430006307,"""",""Zanneetal2009"",""CJB"",25.2184,1910,63.2950083333333,24.9188833333333,16.9806891666667,12.4583333333333,28.7083333333333,21.4583333333333,14.7916666666667,52.75,19.1666666666667,51.9166666666667"
"1512,""Cecropia obtusa"",""Neotropical"",""forest"",""n"",NA,NA,0.31,"""",""Zanneetal2009"","""",26.12918,2561.6,61.04098,26.6111,19.34104,11.4,37.6,5.4,16.7,50.1,23.1,39.4"
"1513,""Pourouma cecropiifolia"",""Neotropical"",""forest"",""n"",NA,30.9,0.383333334,""Markesteijn&Poorter2009"",""Poorter2010/Zanneetal2009"","""",24.0510375,2645.875,44.55536875,2.92015,8.707775,14.65625,31.46875,6.375,40.28125,50.65625,25.375,43.1875"
"1514,""Cecropia engleriana"",""Neotropical"",""forest"",""n"",NA,NA,0.49,"""",""Zanneetal2009"","""",24.10959,2039,50.5663,28.10872,17.52036,12.45,30.5,8,21.3,53.55,23.95,45.3"
"1515,""Cecropia membranacea"",""Neotropical"",""forest"",""n"",NA,NA,0.33,"""",""Zanneetal2009"","""",24.0472166666667,2299.33333333333,38.2394666666667,2.15171666666667,2.41923333333333,17.6666666666667,30.5833333333333,7.91666666666667,53.3333333333333,52.6666666666667,27.25,42"
"1516,""Pourouma minor"",""Neotropical"",""forest"",""n"",NA,NA,0.435953122,"""",""Zanneetal2009"","""",24.7974933333333,2634.53333333333,46.4870733333333,5.56117333333333,4.16654133333333,15.2333333333333,31.7333333333333,9.33333333333333,34.1333333333333,51.1,26.4,41.8"
"1517,""Anthocleista nobilis"",""Afrotropical"",""forest"",""y"",18,NA,0.499352097,"""",""Zanneetal2009"",""JStorPlants"",25.0754611111111,1922.38888888889,69.3050055555556,15.3309333333333,20.5374205555556,10.7222222222222,29.4166666666667,18.0555555555556,20.3888888888889,51.2777777777778,18.7777777777778,51.7222222222222"
"1518,""Anthocleista grandiflora"",""Afrotropical"",""forest"",""n"",35,NA,0.523102673,"""",""Zanneetal2009"",""JStorPlants"",20.0561909090909,1156.78787878788,72.775903030303,23.3927258064516,19.8850290322581,14.5909090909091,34.1666666666667,8.16666666666667,20.7121212121212,56.6363636363636,18.8787878787879,47.0757575757576"
"1519,""Drimys winteri"",""Neotropical"",""forest"","""",NA,NA,0.4,"""",""Zanneetal2009"","""",12.295825,1875,55.8339025,0.740375,6.6,29.625,24.375,10.625,79.125,54.75,28.375,47.125"
"1520,""Callisthene fasciculata"",""Neotropical"",""forest"",""n"",NA,NA,0.73,"""",""Zanneetal2009"","""",24.4311088888889,1352.97777777778,79.3098444444445,31.1242288888889,30.9936377777778,8.54545454545454,29.0795454545455,3.59090909090909,10.4659090909091,56.0113636363636,18.6590909090909,52.1704545454545"
"1522,""Vochysia lehmannii"",""Neotropical"",""forest"","""",NA,NA,0.436775,"""",""Zanneetal2009"","""",25.6052,2344.75,54.668875,10.680475,17.14595,13,31.5,6.625,20.375,55,23.25,45.25"
"1523,""Vochysia gardneri"",""Neotropical"",""savanna"",""n"",8,NA,NA,"""","""",""Oliveira-Filhoetal2007"",23.81484375,1384.875,82.26151875,46.5826125,54.5707375,7.4375,26.6875,2.90625,10.9375,53.9375,17,56.28125"
"1524,""Vochysia tomentosa"",""Neotropical"",""forest"","""",NA,NA,0.3775,"""",""Zanneetal2009"","""",25.5680333333333,2666.33333333333,43.9909333333333,0,0,9.33333333333333,30.5,4.66666666666667,39.3333333333333,46.1666666666667,23.8333333333333,45.8333333333333"
"1525,""Qualea coerulea"",""Neotropical"",""forest"",""n"",NA,NA,0.596666667,"""",""Zanneetal2009"","""",26.65,2552.5,49.37515,3.47515,8.7,13.25,30.75,6.25,38,46.5,19.75,49.25"
"1526,""Qualea impexa"",""Neotropical"",""forest"","""",NA,NA,0.65,"""",""Zanneetal2009"","""",26.225,1756,44.4117,2.9826,8.13333,11,28,1,20.5,48,29,43"
"1527,""Vochysia lanceolata"",""Neotropical"",""forest"","""",NA,NA,0.515,"""",""Zanneetal2009"","""",26.225,1756,44.4117,2.9826,8.13333,11,28,1,20.5,48,29,43"
"1528,""Qualea homosepala"",""Neotropical"",""forest"",""n"",NA,NA,0.685,"""",""Zanneetal2009"","""",25.73125,2937,45.83615,3.97585,15.22145,8.25,31,1.5,30,46.25,19.25,49.5"
"1529,""Vochysia obidensis"",""Neotropical"",""forest"",""n"",NA,NA,0.5,"""",""Zanneetal2009"","""",25.6180333333333,2038.33333333333,55.1922333333333,21.5431666666667,12.2333333333333,7.33333333333333,41.1666666666667,2.66666666666667,10,46.1666666666667,17.5,41.5"
"1530,""Vochysia tetraphylla"",""Neotropical"",""forest"","""",NA,NA,0.47415,"""",""Zanneetal2009"","""",26.66748,1962.4,55.52982,3.57258,4.26236,7.375,31.5,6.625,19,50.75,17.375,51.125"
"1531,""Qualea paraensis"",""Neotropical"",""forest"",""n"",NA,NA,0.689333333,"""",""Zanneetal2009"","""",25.5175,2417.48,54.699208,10.843712,11.9994172,13.36,31.6,5.9,27.54,48.2,21.52,46.98"
"1532,""Qualea grandiflora"",""Neotropical"",""savanna"",""n"",10,8.144,0.53,""Cianciarusoetal2013/Miatto&Batala2016"",""Abeetal2018/Ribeiroetal2011"",""Oliveira-Filhoetal2007"",23.6538987179487,1413.9358974359,79.7611205128205,35.0353128205128,27.9943115384615,8.16233766233766,30.0324675324675,3.40909090909091,11.2272727272727,53.8376623376623,17.7662337662338,52.1753246753247"
"1533,""Qualea gracilior"",""Neotropical"",""forest"",""n"",NA,NA,0.58,"""",""Zanneetal2009"","""",26.525,2074.5,52.1444,2.48,9.52,7.75,38.75,3,16.5,45,19.5,41.75"
"1534,""Qualea brevipedicellata"",""Neotropical"",""forest"",""n"",NA,NA,0.685,"""",""Zanneetal2009"","""",24.9375,2119,46.6392,9.929,19.17,11,32.5,2,15.5,45,22.5,44.5"
"1535,""Vochysia braceliniae"",""Neotropical"",""forest"","""",NA,NA,0.39,"""",""Zanneetal2009"","""",25.6111,3154,32.4537666666667,1.988,10.6666666666667,12.6666666666667,35.6666666666667,4.16666666666667,25.6666666666667,50.8333333333333,23.3333333333333,40.8333333333333"
"1536,""Vochysia maxima"",""Neotropical"",""forest"",""n"",NA,NA,0.495,"""",""Zanneetal2009"","""",25.6083,1948,74.4839,21.8614,15.3545,6.5,40.5,3.5,6,49,20.5,39"
"1537,""Vochysia pyramidalis"",""Neotropical"",""forest"","""",25,NA,NA,"""","""",""Oliveira-Filhoetal2007"",23.10846875,1280.875,76.0458125,39.475309375,31.420025,9.34375,30.28125,5.1875,10.765625,55.59375,17,52.765625"
"1538,""Vochysia pruinosa"",""Neotropical"",""savanna"",""n"",5,NA,NA,"""","""",""Oliveira-Filhoetal2007"",23.934375,1613,84.769575,38.47625,42.282375,5.75,32.125,3.125,11.625,53.75,16.875,51"
"1539,""Ruizterania albiflora"",""Neotropical"",""forest"",""n"",NA,NA,0.576066271,"""",""Zanneetal2009"","""",26.47082,2148.2,54.25542,1.5882,4.43666,9.1,33.5,2.4,26.5,45.2,24.7,41.8"
"1540,""Callisthene minor"",""Neotropical"",""savanna"",""n"",5,NA,NA,"""","""",""Oliveira-Filhoetal2007"",21.9488636363636,1458.90909090909,72.6584272727273,36.6795818181818,31.4726909090909,10.7727272727273,35.4090909090909,6.04545454545455,15.1363636363636,53,19.9545454545455,44.5909090909091"
"1541,""Qualea acuminata"",""Neotropical"",""forest"",""n"",12,NA,0.65,"""",""Zanneetal2009"",""FloradoBrasil"",26.2934428571429,2921.57142857143,39.6396285714286,0.568114285714286,3.04761857142857,11.5714285714286,27.6428571428571,4.35714285714286,33.2142857142857,46.0714285714286,23,49.3571428571429"
"1543,""Vochysia guianensis"",""Neotropical"",""forest"",""n"",NA,NA,0.508725,"""",""Zanneetal2009"","""",24.0333666666667,2038.33333333333,41.6712,0,0,12.3333333333333,40.3333333333333,13,31.8333333333333,50.3333333333333,21.5,38.3333333333333"
"1544,""Qualea dinizii"",""Neotropical"",""forest"",""n"",NA,NA,0.5975,"""",""Zanneetal2009"","""",25.02185,2091.75,63.042125,23.598875,19.490675,11.375,31.5,7.125,17.5,51.5,19.125,49.375"
"1545,""Callisthene hassleri"",""Neotropical"",""forest"",""n"",6,NA,NA,"""","""",""Oliveira-Filhoetal2007"",24.39375,1282,56.3766,19.3507,21.08065,7.75,26.25,3.75,9.5,55,14.5,59.25"
"1546,""Coccoloba densifrons"",""Neotropical"",""forest"","""",NA,NA,0.58,"""",""Zanneetal2009"","""",25.45957,2159.7,54.47194,36.76067,17.65707,9.6,29.85,4.45,23.95,48.75,25.6,44.55"
"1547,""Ruprechtia laxiflora"",""Neotropical"",""forest"",""n"",NA,NA,0.57,"""",""Zanneetal2009"","""",21.620941025641,1053.84615384615,52.8517179487179,12.8175256410256,22.6739784615385,12.3289473684211,29.3684210526316,6.98684210526316,15.4342105263158,59.4473684210526,19.8684210526316,50.6447368421053"
"1548,""Coccoloba salicifolia"",""Neotropical"",""forest"",""n"",7,NA,NA,"""","""",""Oliveira-Filhoetal2007"",18.16875,1548.25,73.280175,13.419,14.72235,13,35.5,5.625,25.875,53,18.875,45.75"
"1549,""Coccoloba padiformis"",""Neotropical"",""forest"","""",NA,NA,0.8,"""",""Zanneetal2009"","""",25.623975,1631.25,49.313,24.34715,19.198375,19.625,34,10.125,28.875,57.25,25.375,40.625"
"1550,""Triplaris weigeltiana"",""Neotropical"",""forest"",""n"",NA,NA,0.485501667,"""",""Zanneetal2009"","""",24.509157,2035.4,47.56202,12.42546,11.82126,16.1,29.6,8,39.75,49.75,28.65,41.5"
"1551,""Coccoloba marginata"",""Neotropical"",""savanna"",""n"",20,NA,NA,"""","""",""Oliveira-Filhoetal2007"",24.1340909090909,1546.81818181818,63.3836,20.3281,24.8213272727273,10.8181818181818,31.6818181818182,4.04545454545455,16.2272727272727,52.5909090909091,18.6363636363636,49.4545454545455"
"1552,""Triplaris peruviana"",""Neotropical"",""forest"","""",NA,NA,0.515,"""",""Zanneetal2009"","""",26.4458,1818,44.0322,3.9772,7.9,11.5,32,1.5,13,48.5,29.5,38.5"
"1553,""Coccoloba lehmannii"",""Neotropical"",""forest"","""",NA,NA,0.58,"""",""Zanneetal2009"","""",25.6214285714286,2661.71428571429,55.3152857142857,7.2347,9.22012857142857,21,34.2857142857143,12.5714285714286,52.2142857142857,56.6428571428571,25.7857142857143,40"
"1554,""Coccoloba latifolia"",""Neotropical"",""forest"",""n"",NA,NA,0.58,"""",""Zanneetal2009"","""",24.8180666666667,1321,91.8188,20.5183333333333,16.9638666666667,12,24.1666666666667,5.33333333333333,9.66666666666667,58.3333333333333,18.6666666666667,57.1666666666667"
"1555,""Triplaris gardneriana"",""Neotropical"",""forest"",""n"",15,NA,NA,"""","""",""Oliveira-Filhoetal2007"",24.9195363636364,939.290909090909,82.7063890909091,28.4964545454545,23.6856654545455,12.7181818181818,26.7727272727273,5.42727272727273,9.46363636363636,61.9454545454545,20.7818181818182,52.4727272727273"
"1556,""Triplaris cumingiana"",""Neotropical"",""forest"","""",NA,NA,0.52,"""",""Zanneetal2009"","""",23.8973058823529,1745.70588235294,71.5489411764706,4.03589411764706,17.3699235294118,20.71875,34.15625,10.96875,40.25,56.21875,26.25,39.46875"
"1557,""Triplaris americana"",""Neotropical"",""forest"",""n"",NA,NA,0.451,"""",""Poorter2010/Zanneetal2009"","""",24.8575361702128,2129.76595744681,53.774229787234,15.2708234042553,17.2067829787234,16.0357142857143,31.6071428571429,9.22619047619048,26.5357142857143,55.4880952380952,24.6904761904762,43.5833333333333"
"1558,""Roucheria columbiana"",""Neotropical"",""forest"",""n"",NA,NA,0.77,"""",""Zanneetal2009"","""",26.00625,3021.33333333333,45.351705,121.308566666667,18.3895,13.5833333333333,29.75,6.91666666666667,29.6666666666667,48.1666666666667,24.5833333333333,45.8333333333333"
"1559,""Roucheria calophylla"",""Neotropical"",""forest"","""",NA,NA,0.88,"""",""Zanneetal2009"","""",26.6137,3064.42857142857,33.3659,2.12978571428571,3.99238571428571,9.57142857142857,24.4285714285714,2.92857142857143,68.1428571428571,46.8571428571429,24,51.5"
"1560,""Cissus cornifolia"",""Afrotropical"",""savanna"",""n"",3,13.719,NA,""Zizkaetal2014"","""",""CJB"",24.6122894736842,1005.10526315789,92.5875,46.1313473684211,18.3244894736842,10.7631578947368,30.4736842105263,11,8.78947368421053,59.2105263157895,13.7894736842105,55.5789473684211"
"1561,""Tournefortia fuliginosa"",""Neotropical"",""forest"","""",NA,NA,0.47,"""",""Zanneetal2009"","""",12.37681875,1580.78125,33.355271875,3.227290625,16.334246875,31.546875,22.71875,14.796875,75.265625,54.609375,31.890625,45.40625"
"1562,""Lepidocordia punctata"",""Neotropical"",""forest"","""",NA,NA,0.77245,"""",""Zanneetal2009"","""",25.65625,1934,55.7903,9.44015,6.7842,9.5,34.75,5.5,11,53.75,20.5,45"
"1563,""Ehretia cymosa"",""Afrotropical"",""forest"",""n"",25,NA,0.45725475,"""",""Zanneetal2009"",""JStorPlants"",22.798832,1325.97333333333,88.7523053333333,28.7062105263158,18.0940142857143,17.0064935064935,32.0649350649351,10.974025974026,18.7337662337662,58.7077922077922,18.7662337662338,49.1688311688312"
"1564,""Diospyros mannii"",""Afrotropical"",""forest"",""n"",18,NA,0.81306475,"""",""Zanneetal2009"",""JStorPlants"",25.12013,1890.8,62.0963766666667,52.68191,6.54940233333333,11.5333333333333,31.9166666666667,15.5833333333333,21.2333333333333,49.75,17.4666666666667,50.55"
"1565,""Diospyros inconstans"",""Neotropical"",""forest"","""",NA,13.05616629,0.6536522,""Dantasetal2013"",""Dantasetal2013"","""",23.1607126190476,1232.40476190476,59.4029166666667,13.7690857142857,17.7149738095238,12.8095238095238,29.0833333333333,5.86904761904762,14.8333333333333,58.1547619047619,20.0952380952381,50.7261904761905"
"1567,""Diospyros brasiliensis"",""Neotropical"",""savanna"","""",6,NA,NA,"""","""",""Oliveira-Filhoetal2007"",23.3034833333333,1513.16666666667,60.6466166666667,22.3627833333333,15.7909,9.5,35.3333333333333,4.33333333333333,14.9166666666667,54.75,18.1666666666667,46.5833333333333"
"1568,""Diospyros whyteana"",""Afrotropical"",""savanna"",""n"",13,17.09,0.588,""Plasetal2012"",""Plasetal2012"",""JStorPlants"",16.5412888888889,953.8,77.7758622222222,55.4924733333333,38.7483657777778,14.7333333333333,32.7222222222222,9.34444444444444,23.5333333333333,56.0444444444444,18.5777777777778,48.6888888888889"
"1569,""Diospyros dichrophylla"",""Afrotropical"",""savanna"",""n"",16,12.72,0.757,""Plasetal2012"",""Plasetal2012"",""JStorPlants"",17.8230846153846,688.769230769231,35.5971307692308,31.1115307692308,32.4393153846154,14.8461538461538,26.0384615384615,9.53846153846154,21.5,58.6923076923077,19.5769230769231,54.5"
"1571,""Diospyros dendo"",""Afrotropical"",""forest"",""n"",15,NA,0.905075,"""",""Zanneetal2009"",""JStorPlants"",25.2753192307692,1905.80769230769,67.9718384615385,10.6619807692308,6.41616115384615,11.75,33.6538461538462,12.1153846153846,29.9423076923077,48.4038461538462,17.5384615384615,48.75"
"1572,""Diospyros poeppigiana"",""Neotropical"",""forest"","""",NA,NA,0.6,"""",""Zanneetal2009"","""",26.2662909090909,2255.09090909091,57.2320909090909,12.0083090909091,13.7761363636364,9.55,30.05,2.5,31.8,45.4,25.7,44.35"
"1573,""Diospyros crassiflora"",""Afrotropical"",""forest"",""n"",18,NA,0.8582359,"""",""Zanneetal2009"",""JStorPlants"",24.47375,1883.7,47.42605,9.73248,0.98,9.25,34.85,11.25,21.2,47.45,13.05,52.1"
"1574,""Diospyros sanza-minika"",""Afrotropical"",""forest"",""n"",24,NA,0.718952643,"""",""Zanneetal2009"",""JStorPlants"",25.5923153846154,1907.53846153846,67.4778538461538,6.63027692307692,9.54152076923077,11.2692307692308,29.5769230769231,18.6538461538462,23.1538461538462,51.1153846153846,19.2307692307692,51.1153846153846"
"1575,""Diospyros coccolobifolia"",""Neotropical"",""savanna"","""",7,NA,NA,"""","""",""Oliveira-Filhoetal2007"",23.0180333333333,1542,78.4862666666667,19.8820333333333,35.2265,7.5,27.8333333333333,3.66666666666667,11,52.8333333333333,16.8333333333333,55"
"1576,""Diospyros mespiliformis"",""Afrotropical"",""forest"",""n"",35,NA,0.701606667,"""",""Zanneetal2009"",""JStorPlants"",25.8043557251908,906.977099236641,97.190472519084,50.6503381679389,21.5609089312977,14.46484375,27.42578125,14.140625,8.5,62.28125,17.96484375,54.55859375"
"1577,""Diospyros kamerunensis"",""Afrotropical"",""forest"",""n"",15,NA,0.825412269,"""",""Zanneetal2009"",""JStorPlants"",25.6463176470588,1852.29411764706,58.2324882352941,2.8647,7.03039411764706,9.41176470588235,28.8823529411765,18.3823529411765,18.8529411764706,50.9117647058824,20,51.0882352941176"
"1578,""Diospyros cayennensis"",""Neotropical"",""forest"","""",NA,NA,0.46,"""",""Zanneetal2009"","""",25.8708,2173,75.8764,143.1936,18.8326,6.5,34.5,4.5,8.5,46,20.5,45"
"1579,""Catostemma fragrans"",""Neotropical"",""forest"","""",NA,NA,0.57415,"""",""Zanneetal2009"","""",25.58918,2070.6,59.39562,0,0,9.9,36,10.6,26.1,47.8,20.8,43.4"
"1580,""Catostemma commune"",""Neotropical"",""forest"","""",45,NA,0.5194975,"""",""Zanneetal2009"",""FloradoBrasil"",23.8263666666667,1887.33333333333,49.5106,7.9512,5.39026666666667,15.6666666666667,33.8333333333333,7.33333333333333,39.3333333333333,51.1666666666667,24,42.1666666666667"
"1581,""Quararibea guianensis"",""Neotropical"",""forest"","""",NA,NA,0.56,"""",""Zanneetal2009"","""",25.8222333333333,2360.83333333333,43.53045,19.7068333333333,12.0727666666667,12.5833333333333,31.5833333333333,5.25,33.5833333333333,45.9166666666667,23.4166666666667,44.9166666666667"
"1582,""Catostemma cavalcantei"",""Neotropical"",""forest"","""",18,NA,0.56,"""",""Zanneetal2009"",""FloradoBrasil"",26.7771,2715,41.08945,2.98065,33.200015,13,28.75,8.5,57,51.5,25.5,45.5"
"1583,""Huberodendron swietenioides"",""Neotropical"",""forest"",""n"",NA,NA,0.563286869,"""",""Zanneetal2009"","""",25.2604125,2999.125,48.16739375,19.9336882352941,16.8729782352941,13.5588235294118,32.2058823529412,3.41176470588235,36.7058823529412,48.8529411764706,30.3529411764706,37.4411764705882"
"1584,""Catostemma albuquerquei"",""Neotropical"",""forest"","""",30,NA,0.69,"""",""Zanneetal2009"",""FloradoBrasil"",26.39375,2383,39.68585,0.49595,4.05,7.5,39.25,3,16,43.25,19.25,41.75"
"1585,""Huberodendron patinoi"",""Neotropical"",""forest"","""",NA,NA,0.5,"""",""Zanneetal2009"","""",25.1625,3994.5,38.6248,0,0,27.75,35,23.5,104.25,51.25,26.75,38.25"
"1586,""Septotheca tessmannii"",""Neotropical"",""forest"","""",NA,NA,0.59,"""",""Zanneetal2009"","""",26.2542,1719,38.2925,1.9886,13.85,11.5,30.5,0.5,30.5,45.5,34,35.5"
"1587,""Quararibea floribunda"",""Neotropical"",""forest"","""",15,NA,NA,"""","""",""Oliveira-Filhoetal2007"",23.28125,1311,67.7767,26.33825,17.4005,6,30,2.5,11,54.25,15.5,54.25"
"1588,""Cavanillesia platanifolia"",""Neotropical"",""forest"","""",NA,NA,0.36,"""",""Zanneetal2009"","""",25.94,2137.13333333333,72.5521733333333,33.02732,20.3913,19.3571428571429,31.5714285714286,13.0357142857143,41.7142857142857,55.8571428571429,26.3214285714286,42.1785714285714"
"1589,""Cavanillesia hylogeiton"",""Neotropical"",""forest"","""",NA,38,0.13,""Markesteijn&Poorter2009"",""Zanneetal2009"","""",25.8583,2718,16.2259,0,0,8.5,34.5,2.5,30.5,47,22,43.5"
"1590,""Quararibea asterolepis"",""Neotropical"",""forest"","""",NA,NA,0.45396,"""",""Zanneetal2009"","""",23.675,2490.4,41.65144,30.81288,10.8734,29.4,29,9.4,35.8,55,30.3,40.6"
"1591,""Eriotheca ruizii"",""Neotropical"",""forest"","""",NA,NA,0.39,"""",""Zanneetal2009"","""",24.5486333333333,896,133.750666666667,6.95886666666667,20.2311,18.8333333333333,25.1666666666667,13.6666666666667,15.8333333333333,61,20.8333333333333,53.6666666666667"
"1592,""Quararibea wittii"",""Neotropical"",""forest"","""",NA,NA,0.465,"""",""Zanneetal2009"","""",24.5,3797.66666666667,23.4972333333333,0,0,10.3333333333333,33.1666666666667,6.16666666666667,47.3333333333333,49.6666666666667,23,43.8333333333333"
"1593,""Bombax buonopozense"",""Afrotropical"",""forest"",""y"",60,NA,0.324084918,"""",""Zanneetal2009"",""CJB"",24.37292,1766.75,67.91535,16.30499,13.5014835,12,34.425,15.075,21.35,51.575,17.05,48.425"
"1594,""Bombax brevicuspe"",""Afrotropical"",""forest"",""n"",37,NA,0.423286952,"""",""Zanneetal2009"",""JStorPlants"",25.658325,2074.25,66.359475,1.24295,3.6291675,10,29.375,17.5,17.75,51,19.875,50.75"
"1595,""Pseudobombax septenatum"",""Neotropical"",""forest"",""n"",NA,NA,0.211666667,"""",""Zanneetal2009"","""",25.6785157894737,2113.52631578947,60.3695394736842,12.7645631578947,24.7363263157895,19.9054054054054,34.6621621621622,10.6621621621622,29.4459459459459,57.4594594594595,28.4594594594595,36.9054054054054"
"1596,""Pachira quinata"",""Neotropical"",""forest"","""",NA,NA,0.415,"""",""Zanneetal2009"","""",25.6793619047619,1940.19047619048,76.1012095238095,18.6191952380952,20.9894380952381,25.25,34.075,11.5,20.2,59.25,27.725,38.175"
"1597,""Matisia ochrocalyx"",""Neotropical"",""forest"","""",NA,NA,0.57,"""",""Zanneetal2009"","""",25.2734766666667,2615.96666666667,43.84915,10.0028466666667,7.94600566666667,13.7931034482759,31.8103448275862,6,34.8965517241379,48.1551724137931,25.7413793103448,42.4827586206897"
"1598,""Pseudobombax munguba"",""Neotropical"",""forest"",""n"",NA,NA,0.25,"""",""Zanneetal2009"","""",26.1791571428571,2364,42.9322857142857,6.81342857142857,13.78479,12.8333333333333,32.0833333333333,3.41666666666667,29.8333333333333,49.25,26.8333333333333,41.3333333333333"
"1599,""Pseudobombax longiflorum"",""Neotropical"",""forest"",""n"",15,NA,NA,"""","""",""Oliveira-Filhoetal2007"",23.4894076923077,1205.76923076923,79.6209923076923,63.8125692307692,31.9414307692308,8.19230769230769,28.4615384615385,4.34615384615385,10.8461538461538,54.8846153846154,17.4230769230769,54.2692307692308"
"1600,""Eriotheca longipedicellata"",""Neotropical"",""forest"",""n"",NA,NA,0.483333333,"""",""Zanneetal2009"","""",25.6083,1948,74.4839,21.8614,15.3545,6.5,40.5,3.5,6,49,20.5,39"
"1601,""Eriotheca gracilipes"",""Neotropical"",""savanna"",""n"",10,6.294015387,0.420533333,""Batalaetal2011/Cianciarusoetal2013"",""Batalaetal2011/Ribeiroetal2011"",""FloradoBrasil"",22.9464,1462.59090909091,72.3325454545455,30.4628636363636,34.1448363636364,7.61363636363636,30.7045454545455,2.79545454545455,11.9318181818182,54.2727272727273,16.3409090909091,52.8181818181818"
"1602,""Pachira minor"",""Neotropical"",""forest"","""",NA,NA,0.56,"""",""Zanneetal2009"","""",24.402075,2139.75,58.94345,5.3631,9.46154,14.3,33.3,6.3,53.4,48.7,26.8,40.2"
"1603,""Matisia hirta"",""Neotropical"",""forest"","""",NA,NA,0.61,"""",""Zanneetal2009"","""",26.2333,2692,21.5577,1.9872,33.85,15,25.5,1,139.5,45.5,30.5,44"
"1604,""Cavanillesia umbellata"",""Neotropical"",""forest"",""n"",NA,NA,0.165,"""",""Zanneetal2009"","""",24.4875,1089.66666666667,77.7076,21.6922666666667,19.9307,11.8333333333333,29.75,6.83333333333333,11.5,58.75,21.4166666666667,48.9166666666667"
"1605,""Matisia cordata"",""Neotropical"",""forest"","""",NA,NA,0.372630556,"""",""Zanneetal2009"","""",24.0275,2438.8,31.80506,5.1682,6.33362,18.9,34.3,6.2,37.4,55.4,27.4,38.4"
"1606,""Pachira faroensis"",""Neotropical"",""forest"","""",NA,NA,0.56,"""",""Zanneetal2009"","""",26.8805333333333,2408.33333333333,50.6737666666667,1.32476666666667,13.2777666666667,8.33333333333333,32.3333333333333,1.83333333333333,19.1666666666667,44.1666666666667,23.1666666666667,44.3333333333333"
"1607,""Catostemma sclerophyllum"",""Neotropical"",""forest"","""",20,NA,0.69,"""",""Zanneetal2009"",""FloradoBrasil"",26.825,2190,40.525,0,0,6,28,1,36,44,19.5,52.5"
"1608,""Pachira duckei"",""Neotropical"",""forest"","""",NA,NA,0.56,"""",""Zanneetal2009"","""",26.5402666666667,2083.66666666667,41.5601333333333,6.9538,7.0635,8.16666666666667,30.3333333333333,1.5,44,45.5,23.3333333333333,46.3333333333333"
"1609,""Paypayrola guianensis"",""Neotropical"",""forest"","""",NA,NA,0.58135,"""",""Zanneetal2009"","""",26.0069333333333,2429,43.9724666666667,0,0,8.83333333333333,30,7.16666666666667,31.6666666666667,47.5,20.6666666666667,49.6666666666667"
"1610,""Paypayrola grandiflora"",""Neotropical"",""forest"","""",NA,NA,0.63,"""",""Zanneetal2009"","""",26.3403923076923,2531.84615384615,35.6208384615385,24.6950384615385,9.78824615384615,10.6538461538462,29.8846153846154,2.26923076923077,26.5,46.5769230769231,29.4615384615385,40.6923076923077"
"1611,""Amphirrhox longifolia"",""Neotropical"",""forest"",""n"",NA,NA,0.71,"""",""Zanneetal2009"","""",25.4271358974359,2328.64102564103,51.4958538461538,3.66701282051282,7.88779487179487,12.6060606060606,32.6969696969697,7.75757575757576,28.8787878787879,51.7575757575758,21.9848484848485,45.3484848484849"
"1612,""Rinorea guianensis"",""Neotropical"",""forest"","""",NA,NA,0.78,"""",""Zanneetal2009"","""",24.1708,1820,10.9654,7.5176,19.3125,21.5,32.5,6.5,24.5,52,21.5,46"
"1613,""Rinorea flavescens"",""Neotropical"",""forest"","""",NA,NA,0.63,"""",""Zanneetal2009"","""",26.2287727272727,2448.81818181818,52.8252818181818,4.15547272727273,5.92451818181818,12.9545454545455,34.5454545454545,7.54545454545455,25.7272727272727,49.7727272727273,22.4090909090909,42.9545454545455"
"1614,""Rinorea viridifolia"",""Neotropical"",""forest"","""",NA,NA,0.515,"""",""Zanneetal2009"","""",24.4120473684211,2274.73684210526,46.9028157894737,4.67287,7.771415,13.225,32.55,7.5,30.35,51.05,24.525,42.875"
"1615,""Rinorea racemosa"",""Neotropical"",""forest"","""",NA,NA,0.682,"""",""Zanneetal2009"","""",26.1660714285714,2512.28571428571,39.1953285714286,10.9357714285714,20.5603571428571,10.2857142857143,28.5,2.28571428571429,27.5,45.7857142857143,24.8571428571429,46.5714285714286"
"1616,""Duckeodendron cestroides"",""Neotropical"",""forest"",""n"",35,NA,0.634166667,"""",""Zanneetal2009"",""FloradoBrasil"",26.47915,2330,44.7605,1.98355,9.15,7,38.25,3.5,21,43.25,18.75,43.25"
"1618,""Bixa excelsa"",""Neotropical"",""forest"","""",NA,NA,0.32,"""",""Zanneetal2009"","""",25.30415,1719.5,57.0293,5.3028,16.9222333333333,12.3333333333333,31.8333333333333,1.33333333333333,36.5,47.8333333333333,31.8333333333333,36.3333333333333"
"1619,""Bixa arborea"",""Neotropical"",""forest"",""n"",NA,NA,0.37,"""",""Zanneetal2009"","""",24.69084,1511.4,48.17088,10.93498,26.69514,10.15,34.35,3.55,17.7,51.35,21.1,44.35"
"1620,""Tabebuia stenocalyx"",""Neotropical"",""forest"","""",NA,NA,0.5567175,"""",""Zanneetal2009"","""",23.1380375,1330.875,53.724975,45.14215,21.3240375,12.625,30.6875,5.875,18.125,54.1875,17.125,52.25"
"1621,""Tabebuia aurea"",""Neotropical"",""savanna"",""n"",NA,4.000345978,NA,""Batalaetal2011/Cianciarusoetal2013"","""","""",24.204623,1130.5,73.974608,30.610075,27.8597178217822,10.1633663366337,26.8712871287129,5.14356435643564,10.2475247524752,58.6584158415842,18.2821782178218,54.7821782178218"
"1622,""Handroanthus ochraceus"",""Neotropical"",""savanna"","""",NA,6.044602658,NA,""Batalaetal2011/Cianciarusoetal2013/DantasandBatala2012"","""","""",23.4396841584158,1560.92079207921,71.7131217821782,27.5158584158416,23.2507530693069,15.155,32.47,6.705,15.775,57.53,21.34,46.245"
"1623,""Handroanthus impetiginosus"",""Neotropical"",""forest"","""",NA,26.2,0.63625,""Markesteijn&Poorter2009/Markesteijnetal2011"",""Markesteijnetal2011/Zanneetal2009"","""",24.1654101694915,955.326271186441,95.3764860169492,24.6730050847458,21.7217327118644,19.4529914529915,34.2008547008547,18.5491452991453,11.4337606837607,64.9978632478633,21.6346153846154,44.1388888888889"
"1624,""Handroanthus heptaphyllus"",""Neotropical"",""forest"","""",NA,8.149,NA,""Miatto&Batala2016"","""","""",20.9053172413793,1397.10344827586,41.7698103448276,16.5865896551724,18.7897896551724,13.5862068965517,34.7758620689655,4.12068965517241,18.6896551724138,55.5172413793103,20.7586206896552,44.3620689655172"
"1625,""Handroanthus capitatus"",""Neotropical"",""forest"","""",NA,NA,0.921813333,"""",""Zanneetal2009"","""",25.3354333333333,2302.83333333333,58.5108666666667,13.9064571428571,17.8748,10.5714285714286,35.2857142857143,4.78571428571429,27.9285714285714,48.5,24.6428571428571,40.0714285714286"
"1626,""Jacaranda pulcherrima"",""Neotropical"",""savanna"",""n"",4,NA,NA,"""","""",""Oliveira-Filhoetal2007"",21.4979,1149.5,85.574,3.4781,89.605,8.25,33.25,5.75,17,52.75,15.75,51"
"1627,""Jacaranda praetermissa"",""Neotropical"",""savanna"",""n"",8,NA,NA,"""","""",""Oliveira-Filhoetal2007"",24.985075,1270.91666666667,94.3872583333333,34.0262,24.615,6.91666666666667,23.2916666666667,4.45833333333333,8.20833333333333,54.1666666666667,16.25,60.5416666666667"
"1628,""Tabebuia fluviatilis"",""Neotropical"",""forest"","""",NA,NA,0.58,"""",""Zanneetal2009"","""",26.65,2305.5,81.463,28.3299,15.2025,13.75,30,4.25,42.5,49,27.5,42.5"
"1629,""Celtis adolfi-friderici"",""Afrotropical"",""forest"","""",55,16.4,0.581375852,""Meiretal2007"",""Zanneetal2009"",""CJB"",24.8287909090909,1672.54545454545,56.5324,26.9373363636364,10.5353363636364,10.8181818181818,30.0909090909091,18.5,15.4545454545455,51.4545454545455,19.2272727272727,50.6818181818182"
"1630,""Celtis schippii"",""Neotropical"",""forest"","""",NA,NA,0.615969389,"""",""Zanneetal2009"","""",24.7148785714286,2059.28571428571,52.2780142857143,11.7053857142857,14.5360642857143,16.5,33.0714285714286,6.5,21.75,53.7857142857143,26.8571428571429,39.9642857142857"
"1631,""Celtis zenkeri"",""Afrotropical"",""forest"",""n"",40,NA,0.608438092,"""",""Zanneetal2009"",""JStorPlants"",25.021665,1391.35,62.984875,18.435325,15.266465,11.475,31.7,15.375,11.575,56.225,16.45,51.725"
"1632,""Celtis gomphophylla"",""Afrotropical"",""forest"",""n"",60,NA,0.5681165,"""",""Zanneetal2009"",""JStorPlants"",21.0575,1284.65,71.60183,23.06177,19.23707,12.225,35.625,9,20.35,54.575,18.175,46.1"
"1633,""Ampelocera ruizii"",""Neotropical"",""forest"","""",NA,23.01072875,0.59901191,""Kitajima&Poorter2010/Markesteijn&Poorter2009/Markesteijnetal2011"",""Markesteijnetal2011/Zanneetal2009"","""",25.7031,1818.75,57.19545,29.30305,15.440525,8.75,30.375,2.125,12.375,49.625,28.125,41.625"
"1634,""Celtis mildbraedii"",""Afrotropical"",""forest"",""n"",55,NA,0.593728308,"""",""Zanneetal2009"",""cJB"",24.6882464285714,1346.17857142857,58.9003142857143,30.6777964285714,16.1249260714286,12.1964285714286,31.1428571428571,14.4285714285714,14.5535714285714,56.4107142857143,18.375,50.3928571428571"
"1635,""Phyllostylon rhamnoides"",""Neotropical"",""forest"","""",NA,21.85,0.68,""Markesteijn&Poorter2009/Markesteijnetal2011"",""Markesteijnetal2011/Zanneetal2009"","""",24.366665,1146.55,72.80035,29.0533363636364,23.4668136363636,21.9772727272727,32.8409090909091,9.79545454545454,12.9545454545455,64.7272727272727,25.3863636363636,41.7954545454545"
"1636,""Ampelocera edentula"",""Neotropical"",""forest"","""",NA,NA,0.6994,"""",""Zanneetal2009"","""",25.6077428571429,2505.28571428571,47.3669857142857,6.95447142857143,9.19141428571429,10.5714285714286,34.8571428571429,4.78571428571429,19.8571428571429,48.2857142857143,24.2142857142857,40.7857142857143"
"1637,""Holoptelea grandis"",""Afrotropical"",""forest"",""n"",49,NA,0.594068031,"""",""Zanneetal2009"",""JStorPlants"",26.42916,1138.2,79.5647,41.53552,19.30552,12.2,28.3,15.3,9.4,58.1,18.9,52.9"
"1638,""Celtis tessmannii"",""Afrotropical"",""forest"",""n"",40,NA,0.63151813,"""",""Zanneetal2009"",""CJB"",24.5179384615385,1956.15384615385,63.8041461538462,1.02587692307692,2.33681538461538,10.4230769230769,37.9230769230769,9.07692307692308,34.0384615384615,47.8076923076923,15.3846153846154,46.7307692307692"
"1639,""Gaylussacia oleifolia"",""Neotropical"",""forest"",""n"",5,NA,NA,"""","""",""Oliveira-Filhoetal2007"",17.8555333333333,1578.33333333333,83.0339,29.8146666666667,48.9896,12,37.8333333333333,6.33333333333333,28.3333333333333,51.6666666666667,15.3333333333333,47"
"1640,""Endlicheria sericea"",""Neotropical"",""forest"",""n"",20,NA,0.47,"""",""Zanneetal2009"",""FloradoBrasil"",23.8743,2632.66666666667,27.6927,0,0,19.5833333333333,34.4166666666667,7.75,54.3333333333333,50.0833333333333,27.5,38"
"1641,""Persea caerulea"",""Neotropical"",""forest"","""",12,NA,0.425,"""",""Zanneetal2009"",""Oliveira-Filhoetal2007"",20.5613568627451,1723.66666666667,57.3760862745098,16.9234568627451,22.174031372549,24.3823529411765,33.5,11.7745098039216,41.7745098039216,57.0098039215686,27.5686274509804,38.9705882352941"
"1642,""Aiouea impressa"",""Neotropical"",""forest"","""",NA,NA,0.37,"""",""Zanneetal2009"","""",26.4333,2372,40.1397,0,0,6.5,39.5,3.5,16,42.5,19,42"
"1643,""Endlicheria paniculata"",""Neotropical"",""forest"",""n"",12,NA,0.682,"""",""Zanneetal2009"",""Oliveira-Filhoetal2007"",20.3039806818182,1676.27272727273,46.4611180681818,12.5615382022472,13.5178684269663,11.9827586206897,35.867816091954,4.70114942528736,24.8965517241379,52.2011494252874,19.8448275862069,44.2931034482759"
"1644,""Endlicheria multiflora"",""Neotropical"",""forest"",""n"",20,NA,0.47,"""",""Zanneetal2009"",""FloradoBrasil"",26.5547,1912.75,62.6725875,24.0981375,6.4632,8.78571428571429,28.6428571428571,8.35714285714286,24,52.5,18.5714285714286,52.7142857142857"
"1645,""Beilschmiedia oblongifolia"",""Afrotropical"",""forest"","""",25,NA,0.6027,"""",""Zanneetal2009"",""CJB"",19.3875,1549,27.992,0,0,13.5,39,10,53.5,47,22,39"
"1646,""Ocotea cernua"",""Neotropical"",""forest"","""",NA,NA,0.453654102,"""",""Zanneetal2009"","""",24.5262552083333,2429.44791666667,54.2662302083333,14.8178368421053,14.8662565625,21.0212765957447,34.2978723404255,9.28191489361702,33.6595744680851,54.6595744680851,25.9574468085106,39.7925531914894"
"1647,""Ocotea ceanothifolia"",""Neotropical"",""forest"","""",NA,NA,0.37130213,"""",""Zanneetal2009"","""",26.4542,2477,43.5899,0,0,9,35,9.5,27,47.5,18.5,47"
"1648,""Ocotea catharinensis"",""Neotropical"",""forest"",""n"",25,NA,NA,"""","""",""Oliveira-Filhoetal2007"",18.3504428571429,1562.64285714286,30.1968367857143,3.25771071428571,8.09282857142857,13.1071428571429,36.2857142857143,2.96428571428571,28.8214285714286,51.6428571428571,21.3928571428571,42.1428571428571"
"1649,""Persea aurata"",""Neotropical"",""forest"","""",6,NA,NA,"""","""",""Oliveira-Filhoetal2007"",22.72416,1193.2,56.89564,16.12516,26.08416,17,31.8,3.5,20.5,54.4,17.3,50.8"
"1650,""Beilschmiedia mannii"",""Afrotropical"",""forest"",""n"",35,NA,0.569477775,"""",""Zanneetal2009"",""CJB"",24.3448333333333,2086.42857142857,71.5031380952381,37.3042571428571,15.0722904761905,13.047619047619,29.4285714285714,17.1666666666667,19,52.2142857142857,21.3571428571429,49.1904761904762"
"1651,""Ocotea canaliculata"",""Neotropical"",""forest"","""",NA,NA,0.479426667,"""",""Zanneetal2009"","""",25.01459,1827.1,56.34093,21.8557888888889,18.66369,10.1,31.85,4.5,14.2,50.35,19.55,48.7"
"1652,""Endlicheria formosa"",""Neotropical"",""forest"",""n"",30,NA,0.420852823,"""",""Zanneetal2009"",""FloradoBrasil"",23.6534666666667,2522.66666666667,33.6714166666667,0,0,17.6666666666667,31.9166666666667,6.91666666666667,51.75,49.0833333333333,26.4166666666667,41.6666666666667"
"1653,""Beilschmiedia louisii"",""Afrotropical"",""forest"","""",50,NA,0.738105827,"""",""Zanneetal2009"",""CJB"",24.3958,1800,30.5433,1.9848,26.85,6.5,27.5,6,17,44.5,3,69.5"
"1655,""Endlicheria bracteolata"",""Neotropical"",""forest"",""n"",20,NA,0.573,"""",""Zanneetal2009"",""FloradoBrasil"",26.1482142857143,2611.28571428571,44.0706857142857,5.11044285714286,10.7767142857143,9.14285714285714,28.7142857142857,5.14285714285714,22.9285714285714,47.1428571428571,20.7142857142857,50.6428571428571"
"1656,""Ocotea petalanthera"",""Neotropical"",""forest"","""",NA,NA,0.461775,"""",""Zanneetal2009"","""",26.6708,2307,42.5422,7.9448,13.8625,9,26.5,5,28,46,16.5,58"
"1657,""Beilschmiedia kweo"",""Afrotropical"",""forest"",""n"",30,NA,0.60354656,"""",""Zanneetal2009"",""JStorPlants"",18.6271,1261.25,83.4236,22.5855,25.4467,17.125,35.625,11.625,32.625,54,20.125,44.25"
"1658,""Ocotea percurrens"",""Neotropical"",""forest"",""n"",NA,NA,0.519,"""",""Zanneetal2009"","""",25.929175,2153.75,40.5215,11.430725,19.18195,10.375,32.75,5.375,26.375,49,22.625,44.75"
"1659,""Ocotea percoriacea"",""Neotropical"",""forest"",""n"",5,NA,NA,"""","""",""Oliveira-Filhoetal2007"",19.95260625,1076.375,57.3441,15.07429375,34.3436875,12.03125,32.875,6.125,18.78125,55.125,15.90625,51.28125"
"1660,""Beilschmiedia hutchinsoniana"",""Afrotropical"",""forest"","""",NA,NA,0.6027,"""",""Zanneetal2009"","""",24.1083,2910,64.3941,40.7704,6.52195,25,37,4.5,41.5,55,19,44"
"1661,""Ocotea benthamiana"",""Neotropical"",""forest"","""",NA,NA,0.45,"""",""Zanneetal2009"","""",14.677075,1450.875,32.6113,2.97765,7.327675,30.375,25.5,14.4375,86.3125,54.125,30.3125,44.25"
"1662,""Ocotea pauciflora"",""Neotropical"",""forest"","""",NA,NA,0.59,"""",""Zanneetal2009"","""",25.69918,1795.4,63.37968,10.72982,10.69428,8.1,27.4,1.1,13.9,48.3,25.7,47.2"
"1663,""Ocotea oppositifolia"",""Neotropical"",""forest"","""",7,NA,NA,"""","""",""Oliveira-Filhoetal2007"",22.0389,1434.33333333333,69.2526333333333,12.2386666666667,23.9627666666667,10,36.3333333333333,2.33333333333333,22.3333333333333,49.5,19.1666666666667,44"
"1664,""Ocotea atirrensis"",""Neotropical"",""forest"","""",NA,NA,0.48,"""",""Zanneetal2009"","""",22.8390957446809,3090.04255319149,49.6406957446808,9.16521276595745,7.41524531914894,30.0212765957447,31.9574468085106,10.1382978723404,52.031914893617,53.7021276595745,28.9148936170213,39.1276595744681"
"1665,""Ocotea odorifera"",""Neotropical"",""forest"",""n"",22,NA,0.77,"""",""Zanneetal2009"",""FloradoBrasil"",18.8317567567568,1612.18918918919,44.3407756756757,11.3591540540541,15.3352621621622,12.6351351351351,40.3378378378378,4.01351351351351,24.7702702702703,52.1621621621622,21.0945945945946,38.6216216216216"
"1666,""Beilschmiedia diversiflora"",""Afrotropical"",""forest"","""",20,NA,0.648582486,"""",""Zanneetal2009"",""CJB"",22.9125,1888,60.8121,0,0,9,46,9.5,32,48.5,13,41.5"
"1667,""Ocotea amazonica"",""Neotropical"",""forest"","""",NA,NA,0.443,"""",""Zanneetal2009"","""",23.78,2727.6,37.49008,71.01472,8.68384,16.5,33.8,6.9,40.3,49.8,22.3,43.8"
"1668,""Beilschmiedia corbisieri"",""Afrotropical"",""forest"","""",20,NA,0.662854723,"""",""Zanneetal2009"",""CJB"",25.2208,1808,29.546,6.9454,9.18571,8,28.5,8.5,27.5,47.5,15.5,56"
"1669,""Ocotea nigra"",""Neotropical"",""forest"","""",NA,NA,0.45,"""",""Zanneetal2009"","""",26.54585,2370,38.0902,0,0,14,29.5,7.66666666666667,54.3333333333333,48.8333333333333,25.5,45"
"1670,""Ocotea neesiana"",""Neotropical"",""forest"","""",NA,NA,0.55,"""",""Zanneetal2009"","""",25.4238142857143,2567.28571428571,43.0424142857143,5.96542857142857,5.11475571428571,11.3333333333333,29.25,8.25,29.9166666666667,50.0833333333333,25.1666666666667,45.8333333333333"
"1671,""Ocotea adenotrachelium"",""Neotropical"",""forest"","""",NA,16.36785624,0.543875099,""Dantasetal2013"",""Dantasetal2013"","""",24.94585,1727.5,47.05425,2.48525,5.86,15,41,7.5,20.25,48,23.25,36.5"
"1672,""Ocotea acutifolia"",""Neotropical"",""savanna"","""",8,NA,NA,"""","""",""Oliveira-Filhoetal2007"",19.2054538461538,1562.84615384615,17.8828276923077,23.3207538461538,9.91717153846154,15.6153846153846,40.3846153846154,4.19230769230769,21.3846153846154,56.3076923076923,24.9230769230769,34.6923076923077"
"1673,""Ocotea myriantha"",""Neotropical"",""forest"","""",NA,NA,0.611,"""",""Zanneetal2009"","""",26.1264,2760.33333333333,27.2607333333333,0,0,10.6666666666667,31.8333333333333,5.5,30.1666666666667,47.5,25.3333333333333,42.8333333333333"
"1674,""Chlorocardium rodiei"",""Neotropical"",""forest"","""",NA,NA,0.86237,"""",""Zanneetal2009"","""",26.3055666666667,2098,62.3464333333333,0.9935,2.16666666666667,9.16666666666667,31.8333333333333,9.16666666666667,22.3333333333333,47.5,20.6666666666667,47.3333333333333"
"1675,""Rhodostemonodaphne praeclara"",""Neotropical"",""forest"","""",NA,NA,0.4,"""",""Zanneetal2009"","""",24.67295,3274.5,27.68085,0.3313,4.7,9.83333333333333,36.6666666666667,6,55,47,26.3333333333333,36.5"
"1676,""Persea rufotomentosa"",""Neotropical"",""forest"","""",3,NA,NA,"""","""",""Oliveira-Filhoetal2007"",20.3800888888889,1130.88888888889,90.9685111111111,13.7934333333333,17.9976,10.6666666666667,37.6111111111111,4.55555555555556,21.0555555555556,54.3333333333333,17.6666666666667,44.5555555555556"
"1677,""Rhodostemonodaphne grandis"",""Neotropical"",""forest"",""n"",20,NA,0.39,"""",""Zanneetal2009"",""FloradoBrasil"",26.1722333333333,2296.33333333333,58.2679333333333,53.0158333333333,19.3384333333333,11.1666666666667,33.6666666666667,3.33333333333333,18.8333333333333,48.1666666666667,21.6666666666667,44.6666666666667"
"1678,""Aniba williamsii"",""Neotropical"",""forest"","""",NA,NA,0.637505181,"""",""Zanneetal2009"","""",26.0930333333333,2270,63.7988333333333,10.5990666666667,20.3419333333333,6.25,37.25,1.5,17.75,48.5,20.5,42"
"1679,""Ocotea fragrantissima"",""Neotropical"",""forest"","""",NA,NA,0.531,"""",""Zanneetal2009"","""",26.7125,2284,35.7521,0,0,10,31,0.5,21,43.5,41,28"
"1680,""Aniba terminalis"",""Neotropical"",""forest"","""",NA,NA,0.54,"""",""Zanneetal2009"","""",26.825,2329,44.8532,0.9941,10.2,8,31,0.5,18,41.5,37.5,31.5"
"1681,""Aniba riparia"",""Neotropical"",""forest"",""n"",NA,NA,0.57,"""",""Zanneetal2009"","""",25.6448,2385.25,33.73165,2.48525,7.322225,10.625,34.875,7,25,48.5,22.75,42.5"
"1682,""Ocotea ira"",""Neotropical"",""forest"","""",NA,NA,0.58,"""",""Santiagoetal2004"","""",21.8427444444444,2819.96296296296,53.6933185185185,1.72923333333333,6.64628518518519,32.037037037037,31.0185185185185,12.7592592592593,60.037037037037,54.0925925925926,30.3333333333333,38.6111111111111"
"1683,""Aniba perutilis"",""Neotropical"",""forest"","""",NA,NA,0.5,"""",""Zanneetal2009"","""",21.0355315789474,2186.36842105263,35.8140368421053,1.72632105263158,7.03733157894737,24.1578947368421,32.8157894736842,9.05263157894737,55.6315789473684,52.6052631578947,28,39.3684210526316"
"1684,""Aniba parviflora"",""Neotropical"",""forest"",""n"",NA,NA,0.54,"""",""Zanneetal2009"","""",22.4652666666667,2109.66666666667,41.9518666666667,4.6362,23.6091,14.6666666666667,28.5,3.83333333333333,35.3333333333333,47.1666666666667,24,47.8333333333333"
"1685,""Aniba panurensis"",""Neotropical"",""forest"",""n"",NA,NA,0.610060685,"""",""Zanneetal2009"","""",23.1778421052632,2063.89473684211,51.0265052631579,3.97329473684211,12.7380105263158,15.6111111111111,29.5,8.41666666666667,30.3055555555556,50.6666666666667,25.2222222222222,45.2777777777778"
"1686,""Persea major"",""Neotropical"",""forest"","""",16,NA,NA,"""","""",""Oliveira-Filhoetal2007"",18.2849555555556,1582.38888888889,47.30405,6.07315555555556,15.5414777777778,13.8611111111111,38.3055555555556,4.91666666666667,27.5,53.0833333333333,21.5,40.3611111111111"
"1687,""Ocotea velloziana"",""Neotropical"",""forest"",""n"",16,NA,NA,"""","""",""Oliveira-Filhoetal2007"",20.1112705882353,1269.47058823529,58.2630352941176,22.0925470588235,24.4920588235294,9.70588235294118,32.2941176470588,5.17647058823529,14.5,53.5,17.4705882352941,50.3823529411765"
"1689,""Aniba hostmanniana"",""Neotropical"",""forest"","""",NA,NA,0.619013333,"""",""Zanneetal2009"","""",21.61999,2137.8,55.24891,20.64598,10.86349,20.1,31.7,10.85,41.15,51.8,25.85,42.3"
"1690,""Ocotea usambarensis"",""Afrotropical"",""forest"",""n"",45,NA,0.493449,"""",""Zanneetal2009"",""JStorPlants"",17.5474444444444,1249.77777777778,72.4349722222222,13.9066333333333,29.62225,19.5,37.6388888888889,10.0833333333333,37.3611111111111,55.3055555555556,21.1666666666667,41.0555555555556"
"1691,""Ocotea glaziovii"",""Neotropical"",""forest"",""n"",20,NA,NA,"""","""",""Oliveira-Filhoetal2007"",19.1315130434783,1580.39130434783,39.6652913043478,11.6522565217391,9.54673043478261,14.4565217391304,37.7391304347826,3.91304347826087,32.6521739130435,52.1521739130435,22.304347826087,39.8260869565217"
"1692,""Aniba excelsa"",""Neotropical"",""forest"",""n"",NA,NA,0.55104,"""",""Zanneetal2009"","""",24.9708,1631,48.8019,0,0,17,37.5,14.5,20.5,55.5,22,41"
"1693,""Ocotea tristis"",""Neotropical"",""forest"",""n"",15,NA,NA,"""","""",""Oliveira-Filhoetal2007"",19.35166,1435,85.33656,12.1233,24.25374,9.4,38.6,4.7,25.9,52,16.7,44.8"
"1694,""Aniba desertorum"",""Neotropical"",""forest"",""n"",10,NA,NA,"""","""",""Oliveira-Filhoetal2007"",25.00668,1128,87.95144,25.04368,26.4589,7.7,27.3,4.1,8.4,55.8,16.8,56"
"1695,""Licaria subbullata"",""Neotropical"",""forest"","""",NA,NA,0.84,"""",""Zanneetal2009"","""",26.082325,2184,54.30925,0,0,7.75,35,7.75,12.5,46.75,19.25,45.75"
"1696,""Aniba cylindriflora"",""Neotropical"",""forest"",""n"",NA,NA,0.6695,"""",""Zanneetal2009"","""",26.5944333333333,2211.33333333333,41.4532666666667,4.3017,4.85896666666667,10.8333333333333,25,3.33333333333333,44.1666666666667,48,26.8333333333333,47.8333333333333"
"1697,""Ocotea tomentella"",""Neotropical"",""forest"","""",NA,NA,0.46494,"""",""Zanneetal2009"","""",26.55,2099.5,44.2112,0,0,9.83333333333333,33.5,6.16666666666667,33.6666666666667,46.3333333333333,24.3333333333333,42.3333333333333"
"1698,""Aniba canelilla"",""Neotropical"",""forest"",""n"",NA,NA,0.952421429,"""",""Zanneetal2009"","""",25.0359727272727,1927,59.4654181818182,22.4081,13.3540909090909,9.27272727272727,35.0454545454545,3.40909090909091,16.7272727272727,48.3636363636364,21.4545454545455,43.5"
"1699,""Aniba burchellii"",""Neotropical"",""forest"",""n"",NA,NA,0.52,"""",""Zanneetal2009"","""",26.67295,2526,38.97375,6.44605,4.434615,16.75,27.75,4,71.25,48.5,19,53.5"
"1700,""Aniba affinis"",""Neotropical"",""forest"",""n"",NA,NA,0.52,"""",""Zanneetal2009"","""",26.37605,2601,28.209675,1.242875,16.61,10.5,27.625,1.5,82.75,45.5,27.375,45.125"
"1701,""Licaria polyphylla"",""Neotropical"",""forest"","""",NA,NA,0.84,"""",""Zanneetal2009"","""",25.8847333333333,2791.33333333333,35.6032666666667,0,0,9.83333333333333,31.5,5.83333333333333,33.3333333333333,47.6666666666667,21.5,46.8333333333333"
"1703,""Mezilaurus synandra"",""Neotropical"",""forest"","""",NA,NA,0.925,"""",""Zanneetal2009"","""",26.370825,2261.25,51.983825,20.87015,23.544475,7.25,37.25,0.875,12.875,43.5,18,44.75"
"1704,""Mezilaurus navalium"",""Neotropical"",""forest"","""",NA,NA,0.74,"""",""Zanneetal2009"","""",23.6958,1463,62.7525,5.9586,12.6167,6,21,1,10.5,54.5,16,62.5"
"1705,""Mezilaurus itauba"",""Neotropical"",""forest"","""",NA,NA,0.720305556,"""",""Zanneetal2009"","""",25.7620277777778,2134.55555555556,56.6532833333333,11.7593833333333,21.0128833333333,8.88235294117647,35.5882352941176,4.70588235294118,21.7647058823529,46.9411764705882,20.6470588235294,43.8235294117647"
"1706,""Mezilaurus duckei"",""Neotropical"",""forest"","""",NA,NA,0.674306199,"""",""Zanneetal2009"","""",26.65,2216.375,50.65555,0.993275,13.3875,7.1875,42.3125,2.3125,16.4375,43.625,15.625,42.0625"
"1707,""Mezilaurus crassiramea"",""Neotropical"",""forest"","""",6,NA,NA,"""","""",""Oliveira-Filhoetal2007"",25.05666,1523.6,77.04482,39.15686,51.09796,7.8,29.6,4.4,11.8,54.5,15.3,55"
"1708,""Ocotea splendens"",""Neotropical"",""forest"","""",NA,NA,0.45,"""",""Zanneetal2009"","""",26.132275,2536.5,44.865775,10.804125,8.0192875,9.375,30.25,3.5,23.375,47.625,21.1875,48.5625"
"1709,""Licaria guianensis"",""Neotropical"",""forest"","""",NA,NA,0.747451965,"""",""Zanneetal2009"","""",24.4409,1878.90909090909,58.2279818181818,7.49531818181818,12.2071090909091,9.31818181818182,34.2727272727273,4.81818181818182,16.1363636363636,48.8636363636364,20.9090909090909,44.8636363636364"
"1710,""Ocotea diospyrifolia"",""Neotropical"",""forest"",""n"",20,NA,NA,"""","""",""FloradoBrasil"",20.7045083333333,1461.30555555556,36.87745,22.3892027777778,20.1159536111111,14.0285714285714,36.0714285714286,3.64285714285714,23.6285714285714,55.9428571428571,21.4857142857143,42.3"
"1711,""Licaria chrysophylla"",""Neotropical"",""forest"","""",NA,NA,0.785,"""",""Zanneetal2009"","""",25.4729,2619,49.8604,0.49685,3.5,10.5,41,8,23.5,49.5,21.5,37.5"
"1712,""Ocotea schomburgkiana"",""Neotropical"",""forest"","""",NA,NA,0.65,"""",""Zanneetal2009"","""",24.7160785714286,2242.28571428571,50.7842357142857,15.8241357142857,13.2483214285714,13.7857142857143,32.9285714285714,7.25,29.8928571428571,49.1428571428571,24.1071428571429,43.1785714285714"
"1713,""Licaria armeniaca"",""Neotropical"",""forest"","""",17,NA,0.553,"""",""Zanneetal2009"",""Oliveira-Filhoetal2007"",23.07638,1843.73333333333,43.6987,10.3660642857143,11.86145,13.5,35.1428571428571,3.67857142857143,34.4285714285714,50.0714285714286,23.8571428571429,40.9285714285714"
"1714,""Aiouea piauhyensis"",""Neotropical"",""forest"","""",20,NA,NA,"""","""",""Oliveira-Filhoetal2007"",24.9417,1323,80.919,32.8152,35.92415,8.25,27.5,3.5,9.25,55,17.25,55.5"
"1715,""Endlicheria williamsii"",""Neotropical"",""forest"","""",NA,NA,0.47,"""",""Zanneetal2009"","""",26.3875,2713,22.1973,0,0,15.5,28,6.5,59,51.5,32,40"
"1716,""Tapura capitulifera"",""Neotropical"",""forest"","""",NA,NA,0.7205,"""",""Zanneetal2009"","""",25.7125,1729.5,50.6449,0.4969,6.95,13.25,33.5,10.5,23.75,51.25,22.25,44.25"
"1717,""Tapura acreana"",""Neotropical"",""forest"","""",NA,NA,0.62,"""",""Zanneetal2009"","""",26.30105,2087,63.46365,36.024625,25.2704,7.75,28,4.25,11.75,49,26,46.125"
"1718,""Tapura guianensis"",""Neotropical"",""forest"","""",NA,NA,0.58,"""",""Zanneetal2009"","""",26.2025857142857,2269.57142857143,54.8578095238095,5.10834761904762,7.56644904761905,10.3,34.1,7.55,20.975,49.775,20.525,45.3"
"1719,""Juglans australis"",""Neotropical"",""forest"","""",NA,NA,0.52,"""",""Zanneetal2009"","""",19.9416571428571,679.571428571429,79.1206428571429,14.3392071428571,18.5101407142857,14.1071428571429,31.8214285714286,10.4642857142857,16.6428571428571,59.1071428571429,22.2142857142857,46"
"1720,""Wunderlichia crulsiana"",""Neotropical"",""savanna"",""n"",5,NA,NA,"""","""",""Oliveira-Filhoetal2007"",21.9917,1619,83.477,66.4707,41.5851,6,31.5,4.5,12,52.5,18,50.5"
"1721,""Lessingianthus bardanoides"",""Neotropical"",""savanna"",""n"",NA,7.9,NA,""Cianciarusoetal2013"","""","""",20.4803045454545,1516.86363636364,73.4901136363636,34.6606045454545,30.3904181818182,7.02272727272727,36.8636363636364,3.36363636363636,14.6136363636364,51.75,15.6363636363636,47.5909090909091"
"1722,""Ochthocosmus barrae"",""Neotropical"",""forest"","""",NA,NA,0.73,"""",""Zanneetal2009"","""",23.3889,1662.66666666667,77.3816666666667,29.1319,31.2259666666667,6.5,29.6666666666667,2.5,11,51.8333333333333,16.3333333333333,53.8333333333333"
"1723,""Phyllocosmus africanus"",""Afrotropical"",""forest"",""n"",35,NA,0.78,"""",""Zanneetal2009"",""CJB"",25.3362307692308,2121.15384615385,66.5696,15.8866,14.0393438461538,10.5769230769231,30.8076923076923,17.9615384615385,18.4230769230769,51.0384615384615,16.6153846153846,52.6153846153846"
"1724,""Heliocarpus americanus"",""Neotropical"",""forest"","""",NA,36.77356688,0.283,""Kitajima&Poorter2010/Markesteijn&Poorter2009"",""Poorter2010"","""",20.9023134146341,1725.31707317073,58.8945182926829,17.3027848484848,15.0480807878788,23.6265432098765,34.7530864197531,11.9104938271605,35.1388888888889,57.0092592592593,26.3796296296296,38.9012345679012"
"1725,""Heliocarpus popayanensis"",""Neotropical"",""forest"",""n"",30,NA,0.24,"""",""Zanneetal2009"",""FloradoBrasil"",20.9023134146341,1725.31707317073,58.8945182926829,17.3027848484848,15.0480807878788,23.6265432098765,34.7530864197531,11.9104938271605,35.1388888888889,57.0092592592593,26.3796296296296,38.9012345679012"
"1726,""Grewia villosa"",""Afrotropical"",""savanna"",""n"",4.5,NA,0.779,"""",""Plasetal2012"",""JStorPlants"",24.6165371428571,454.571428571429,109.23358,6.62189696969697,8.75788571428571,18,22.5882352941176,16.3382352941176,7.42647058823529,72.8382352941177,17.3970588235294,60.0588235294118"
"1727,""Grewia hexamita"",""Afrotropical"",""savanna"",""n"",6,8.46,0.965,""Plasetal2012"",""Plasetal2012"",""JStorPlants"",22.7759333333333,628.777777777778,77.7300333333333,28.8274666666667,34.5162888888889,16.625,26.8125,6.6875,7.5625,67,13.5625,59.6875"
"1728,""Grewia oligoneura"",""Afrotropical"",""forest"","""",25,NA,0.414354017,"""",""Zanneetal2009"",""CJB"",24.31095,1852.25,52.1768125,2.3600875,8.41875,8.3125,38.5,7,16.25,48.0625,12.5,49.1875"
"1729,""Grewia flavescens"",""Afrotropical"",""savanna"",""n"",2,NA,NA,"""","""",""JStorPlants"",23.6012835616438,564.212328767123,106.463345205479,24.0225726027397,35.4050817123288,9.95862068965517,17.5896551724138,9.36896551724138,5.37586206896552,68.348275862069,11.1103448275862,71.3172413793103"
"1730,""Eriotheca surinamensis"",""Neotropical"",""forest"",""n"",40,NA,0.41,"""",""Zanneetal2009"",""FloradoBrasil"",26.88125,1581.5,79.73805,9.9258,18.86875,8.5,30.5,7,13.5,54.5,20.25,49.25"
"1732,""Lueheopsis rosea"",""Neotropical"",""forest"","""",NA,NA,0.33,"""",""Zanneetal2009"","""",25.7201333333333,2052.16666666667,62.4825333333333,32.7960666666667,10.6055,9.33333333333333,33.5,5.25,14,46.5833333333333,23.1666666666667,43.5"
"1733,""Apeiba glabra"",""Neotropical"",""forest"",""n"",NA,NA,0.32,"""",""Zanneetal2009"","""",24.8024866666667,2650.2,42.01782,1.45746666666667,6.51695333333333,15.9,35.7,6.16666666666667,29.7,51,24.8333333333333,39.4"
"1734,""Lueheopsis duckeana"",""Neotropical"",""forest"","""",NA,NA,0.615890485,"""",""Zanneetal2009"","""",24.5347333333333,1237.33333333333,65.2553333333333,47.6347333333333,18.2575633333333,13.1666666666667,28.5,5.66666666666667,10.3333333333333,55.5,22.8333333333333,49.1666666666667"
"1735,""Apeiba albiflora"",""Neotropical"",""forest"",""n"",NA,NA,0.245436,"""",""Zanneetal2009"","""",25.5509333333333,1813.66666666667,63.2102222222222,44.15906,21.27262,14.7,32.55,5,14.65,51.7,18.6,48.9"
"1736,""Grewia caffra"",""Afrotropical"",""savanna"",""y"",3,19.58,0.739,""Plasetal2012"",""Plasetal2012"",""CJB"",23.3447916666667,763,73.5281833333333,17.5359166666667,18.7842308333333,14.8333333333333,26.2083333333333,4.79166666666667,10.625,64.4166666666667,12,61.75"
"1737,""Grewia monticola"",""Afrotropical"",""savanna"",""n"",9.5,6.67,NA,""Zizkaetal2014"","""",""JStorPlants"",22.3516,695.538461538462,90.7933307692308,41.7437538461539,25.1270615384615,13.1923076923077,24.9615384615385,10.1538461538462,8.19230769230769,64.6538461538462,14.8461538461538,60.3846153846154"
"1738,""Grewia mollis"",""Afrotropical"",""forest"",""n"",10,NA,0.715,"""",""Nygard&Elfving2000"",""JStorPlants"",25.881091025641,1102.26923076923,86.5218371794872,56.6139333333333,19.2361938461538,12.5986842105263,26.4802631578947,18.2434210526316,9.52631578947368,60.7105263157895,21.0921052631579,52.3947368421053"
"1739,""Grewia flava"",""Afrotropical"",""savanna"",""n"",5,NA,0.874,"""",""Plasetal2012"",""JStorPlants"",19.2375058823529,448.352941176471,91.8961823529412,17.8600764705882,23.0688029411765,10.1363636363636,18.8333333333333,9.92424242424242,6.33333333333333,72.6969696969697,13.3333333333333,67.8333333333333"
"1740,""Cochlospermum orinocense"",""Neotropical"",""forest"","""",NA,NA,0.22386,"""",""Zanneetal2009"","""",26.1296833333333,2242.45833333333,60.5122041666667,17.5536166666667,20.3634779166667,10.6818181818182,30.4090909090909,4.29545454545455,16.25,49.75,23.3181818181818,46.25"
"1741,""Loxopterygium sagotii"",""Neotropical"",""forest"","""",NA,NA,0.561826667,"""",""Zanneetal2009"","""",26.6333,2275,40.2514,3.974,20.025,6,28,5.5,17.5,44,15.5,56"
"1742,""Turraeanthus africanus"",""Afrotropical"",""forest"","""",33,NA,0.48835051,"""",""Zanneetal2009"",""JStorPlants"",23.7894631578947,1877,55.6958578947368,8.00575789473684,9.759,14.5,32.2058823529412,12.3529411764706,28.3529411764706,50.6470588235294,17.5588235294118,50.2352941176471"
"1743,""Mouriri elliptica"",""Neotropical"",""savanna"","""",6,6.502098215,0.543,""Batalaetal2011/Cianciarusoetal2013"",""Batalaetal2011"",""Oliveira-Filhoetal2007"",24.1750117647059,1407.41176470588,80.548,49.5050941176471,41.7263823529412,5.79411764705882,25.0294117647059,3.02941176470588,12.1470588235294,53.7352941176471,14.3235294117647,60.7647058823529"
"1744,""Mouriri crassifolia"",""Neotropical"",""forest"","""",NA,NA,0.895,"""",""Zanneetal2009"","""",25.7604,2381.5,46.79585,13.42035,7.87965,7.25,22.75,2.75,13.5,48,21.25,55.75"
"1745,""Salvertia convallariodora"",""Neotropical"",""forest"",""n"",8,NA,0.65,"""",""Zanneetal2009"",""FloradoBrasil"",24.4995,1527.78787878788,75.6693727272727,34.2279909090909,27.8585090909091,8,27.703125,3.71875,11.640625,54.09375,18.203125,53.984375"
"1746,""Calodendrum capense"",""Afrotropical"",""forest"",""n"",20,NA,0.64575,"""",""Zanneetal2009"",""JStorPlants"",17.614156,850.36,49.338036,28.999012,32.125396,18.3,29.74,10.44,25.28,57.88,22.46,47.84"
"1747,""Theobroma sylvestre"",""Neotropical"",""forest"","""",NA,NA,0.668,"""",""Zanneetal2009"","""",26.41664,2442.2,38.8778,1.38856,9.846,9.5,39,3,21.5,44.5,21.2,39.5"
"1748,""Theobroma subincanum"",""Neotropical"",""forest"","""",NA,NA,0.47,"""",""Zanneetal2009"","""",25.2070833333333,2605.13333333333,42.58622,19.0115483870968,13.9355387096774,11.2258064516129,32.4838709677419,5.25806451612903,29.2741935483871,48.5161290322581,23.5,43.9193548387097"
"1749,""Podocarpus sellowii"",""Neotropical"",""forest"","""",15,NA,NA,"""","""",""Oliveira-Filhoetal2007"",18.7100666666667,1472.25,46.0689,6.95919166666667,6.6900225,12.75,35.0833333333333,5.04166666666667,24.7916666666667,52.5416666666667,19.4583333333333,45.3333333333333"
"1750,""Podocarpus oleifolius"",""Neotropical"",""forest"","""",NA,NA,0.453333333,"""",""Zanneetal2009"","""",14.7509838202247,1591.06741573034,56.1679449438202,5.23363444444444,14.0241777777778,28.6516853932584,26.2584269662921,15.7078651685393,75.9775280898876,54.6573033707865,31.3707865168539,42.3539325842697"
"1751,""Podocarpus brasiliensis"",""Neotropical"",""forest"","""",5,NA,NA,"""","""",""Oliveira-Filhoetal2007"",21.58125,1704.25,79.54975,50.886825,31.4294,7,30.625,4.875,16.875,50.75,15,54.25"
"1752,""Podocarpus henkelii"",""Afrotropical"",""forest"",""n"",35,NA,0.496797,"""",""Zanneetal2009"",""JStorPlants"",18.0841037037037,1147.18518518519,72.6187037037037,45.7213703703704,32.1346259259259,14.5555555555556,34.0925925925926,8.7962962962963,26.5,56.1481481481481,20.6296296296296,45.2962962962963"
"1753,""Podocarpus parlatorei"",""Neotropical"",""forest"","""",NA,NA,0.43,"""",""Zanneetal2009"","""",16.8959916666667,665.791666666667,87.6456791666667,4.75967916666667,13.7671,14.8958333333333,31.1666666666667,18,25.7708333333333,55.8958333333333,24.8541666666667,43.8958333333333"
"1754,""Euterpe edulis"",""Neotropical"",""forest"","""",12,NA,NA,"""","""",""Oliveira-Filhoetal2007"",21.3186368421053,1500.21052631579,34.4900578947368,5.07345263157895,12.4044126315789,12.1315789473684,35.4210526315789,3.73684210526316,20.3421052631579,53,18.2894736842105,46.1842105263158"
"1755,""Euterpe precatoria"",""Neotropical"",""forest"","""",NA,NA,0.387666667,"""",""Zanneetal2009"","""",24.604818627451,2781.78431372549,40.5648774509804,7.52074019607843,10.8660682352941,16.3465346534653,30.9653465346535,7.57425742574257,46.6188118811881,50.3217821782178,25.7524752475248,43.2722772277228"
"1756,""Syagrus romanzoffiana"",""Neotropical"",""forest"","""",20,NA,NA,"""","""",""Oliveira-Filhoetal2007"",20.4482827586207,1422,42.4532313793103,26.5090285714286,15.9612920689655,13.1724137931034,38.0689655172414,4.27586206896552,19.9827586206897,55.9310344827586,19.8620689655172,41.9655172413793"
"1757,""Casearia aculeata"",""Neotropical"",""forest"",""y"",NA,NA,0.66,"""",""Zanneetal2009"","""",25.0171931034483,1756.52873563218,63.6467908045977,25.3298630952381,20.1549043023256,20.9698795180723,35.3433734939759,9.27710843373494,18.5843373493976,59.5421686746988,24.8072289156627,39.8373493975904"
"1758,""Casearia sylvestris"",""Neotropical"",""savanna"",""n"",12,NA,NA,"""","""",""Oliveira-Filhoetal2007"",22.8119997442455,1679.19948849105,57.972757314578,19.9591712041885,20.5759191688312,16.6139896373057,35.0829015544041,7.6839378238342,21.6658031088083,56.4015544041451,21.8147668393782,43.1243523316062"
"1759,""Homalium racemosum"",""Neotropical"",""forest"","""",NA,NA,0.795,"""",""Zanneetal2009"","""",24.421343902439,2136.80487804878,63.3270268292683,12.7398514285714,17.1450621621622,20.5769230769231,34.5641025641026,9.93589743589744,26.7435897435897,55.5512820512821,26.7179487179487,38.7179487179487"
"1760,""Cyrilla racemiflora"",""Neotropical"",""forest"","""",NA,NA,0.59,"""",""Zanneetal2009"","""",22.7088396551724,2174.91379310345,50.1984775862069,5.85220769230769,12.2435262962963,21.7368421052632,35.1140350877193,9.52631578947368,47.3859649122807,53.5438596491228,26.2456140350877,38.6666666666667"
"1761,""Tieghemella heckelii"",""Afrotropical"",""forest"",""n"",46,NA,0.553141321,"""",""Zanneetal2009"",""JStorPlants"",25.2922571428571,1847.85714285714,56.4836285714286,8.94855714285714,7.149,10.5,29.2142857142857,23.3571428571429,14.9285714285714,50.7142857142857,19.0714285714286,51.5714285714286"
"1762,""Micropholis mensalis"",""Neotropical"",""forest"","""",NA,NA,0.6585,"""",""Zanneetal2009"","""",19.6583,1968,72.8511,0,0,25.5,26.5,12,70,48.5,32,41"
"1763,""Micropholis williamii"",""Neotropical"",""forest"","""",NA,NA,0.718,"""",""Zanneetal2009"","""",26.00935,2417.5,44.931175,1.2402,10.4375,9.75,33.75,1.625,17.5,44.25,27.5,38.5"
"1764,""Micropholis egensis"",""Neotropical"",""forest"","""",NA,NA,0.565,"""",""Balhetal2011/Zanneetal2009"","""",25.9250142857143,2263.71428571429,51.3122428571429,2.41348571428571,6.66332857142857,11.7857142857143,30.6428571428571,3.92857142857143,29.9285714285714,48.8571428571429,27.8571428571429,41.4285714285714"
"1765,""Micropholis melinoniana"",""Neotropical"",""forest"","""",NA,NA,0.53,"""",""Zanneetal2009"","""",22.6988,2696.14285714286,57.6922285714286,10.6454,11.5190428571429,21.9285714285714,33.8571428571429,8.78571428571429,28.9285714285714,51.9285714285714,26.5,39.7857142857143"
"1766,""Micropholis splendens"",""Neotropical"",""forest"","""",NA,NA,0.884098015,"""",""Zanneetal2009"","""",26.5083,2317,45.866,0.9917,8.8,7.5,36.5,3.5,20,43,20.5,43.5"
"1767,""Micropholis venulosa"",""Neotropical"",""forest"","""",40,NA,0.670024,"""",""Zanneetal2009"",""Oliveira-Filhoetal2007"",24.5802407407407,2406.40740740741,51.3477037037037,7.42735185185185,8.1246037037037,13.8125,32.8125,7.04166666666667,32.5,49.8541666666667,23.6041666666667,43.5208333333333"
"1768,""Micropholis guyanensis"",""Neotropical"",""forest"","""",NA,NA,0.65720793,"""",""Zanneetal2009"","""",24.3536609756098,2378.85365853659,46.5019682926829,14.8964971428571,16.3651684210526,15.125,30.9625,4.9375,33.65,49.15,24.525,44.425"
"1769,""Micropholis humboldtiana"",""Neotropical"",""forest"","""",NA,NA,0.6,"""",""Zanneetal2009"","""",26.8125,3027,27.7007,0,0,9,27.5,3,42,44,19.5,53"
"1770,""Alseis blackiana"",""Neotropical"",""forest"","""",NA,NA,0.535989568,"""",""Zanneetal2009"","""",26.721875,2188.5,58.484675,11.9229,23.473775,15.875,30.75,10.875,28.75,54.375,24.125,45"
"1771,""Alseis floribunda"",""Neotropical"",""forest"",""n"",NA,NA,0.85,"""",""Zanneetal2009"","""",22.1421916666667,1095.375,48.2190666666667,9.93704583333333,15.4636120833333,12,32.9791666666667,5.5,14.6041666666667,57.0833333333333,17.2083333333333,49.75"
"1772,""Alseis peruviana"",""Neotropical"",""forest"","""",NA,NA,0.65,"""",""Zanneetal2009"","""",24.0736,1212.33333333333,100.843433333333,36.7797666666667,14.7218666666667,13.5,32.5,8.83333333333333,14.1666666666667,59,24.3333333333333,43.1666666666667"
"1773,""Gardenia cornuta"",""Afrotropical"",""savanna"","""",5,18.97,0.861,""Plasetal2012"",""Plasetal2012"",""CJB"",22.3472,661.333333333333,73.8875666666667,26.8382333333333,82.0206666666667,18.3333333333333,32.8333333333333,4.83333333333333,12,64,15.5,51.8333333333333"
"1774,""Gardenia volkensii"",""Afrotropical"",""savanna"",""n"",4,11.21,0.908,""Plasetal2012"",""Plasetal2012"",""JStorPlants"",21.2869222222222,669.833333333333,79.21615,20.0616694444444,30.6584583333333,12.1388888888889,25.3611111111111,7.65277777777778,11.3055555555556,63.9444444444444,13.3055555555556,61.2777777777778"
"1776,""Simira viridiflora"",""Neotropical"",""forest"","""",23,NA,NA,"""","""",""Oliveira-Filhoetal2007"",19.0125,1480,73.6428,19.888,49.115,11.5,36.5,3,20.5,52,17,46.5"
"1777,""Simira rubescens"",""Neotropical"",""forest"","""",NA,29.9,0.66,""Markesteijn&Poorter2009/Markesteijnetal2011"",""Markesteijnetal2011/Zanneetal2009"","""",25.76626,1966.7,63.99475,19.4721,13.56918,15.0625,32.375,5.1875,29.3125,50.5625,26.5,41"
"1778,""Cordiera macrophylla"",""Neotropical"",""forest"","""",NA,18.84266667,0.56,""Markesteijn&Poorter2009/Miatto&Batala2016"",""Zanneetal2009"","""",24.1968583333333,1711.83333333333,71.7735416666667,55.353275,21.9108,8.45833333333333,29.7083333333333,3.29166666666667,17.125,53.0416666666667,19.5,50.8333333333333"
"1779,""Alibertia curviflora"",""Neotropical"",""forest"",""n"",NA,NA,0.73,"""",""Zanneetal2009"","""",26.6917,2437,23.4794,0,0,13,23,3,285,45.5,30,47.5"
"1780,""Alibertia latifolia"",""Neotropical"",""savanna"","""",10,NA,NA,"""","""",""Oliveira-Filhoetal2007"",25.97791,2431.8,50.55623,12.02999,13.41514,14.6,31.45,6.05,30.6,50.25,26.6,41.95"
"1781,""Cordiera sessilis"",""Neotropical"",""savanna"","""",NA,15.794,0.6,""Miatto&Batala2016"",""Abeetal2018"","""",23.8281333333333,1435.33333333333,73.1549527777778,38.8379277777778,34.5229916666667,8.5,29.2142857142857,3.52857142857143,11.1857142857143,55.2857142857143,17.2142857142857,53.5857142857143"
"1782,""Alibertia edulis"",""Neotropical"",""forest"",""n"",NA,NA,0.76,"""",""Zanneetal2009"","""",24.7831597222222,1923.74537037037,72.0066569444444,31.0056684931507,23.9977021917808,17.4884259259259,33.1759259259259,8.64351851851852,21.4444444444444,56.4652777777778,23.1643518518519,43.7083333333333"
"1783,""Kraussia floribunda"",""Afrotropical"",""savanna"",""n"",4,16.58,0.907,""Plasetal2012"",""Plasetal2012"",""CJB"",21.9116666666667,877.933333333333,57.27382,27.8418,31.607104375,13.6785714285714,26.9642857142857,7.78571428571429,16.6428571428571,60.0714285714286,13.7857142857143,59.25"
"1784,""Chomelia paniculata"",""Neotropical"",""forest"","""",NA,NA,0.62,"""",""Zanneetal2009"","""",23.7680666666667,2694,48.3187666666667,34.1393,27.8592666666667,12,31.6666666666667,5,21,54.5,24.5,43.5"
"1785,""Chomelia anisomeris"",""Neotropical"",""savanna"","""",4,NA,NA,"""","""",""Oliveira-Filhoetal2007"",23.2472166666667,1442.66666666667,51.7719,11.9286,23.0349833333333,11.25,31.9166666666667,5.66666666666667,15.75,55.6666666666667,19,49"
"1786,""Chomelia spinosa"",""Neotropical"",""forest"","""",NA,NA,0.53,"""",""Zanneetal2009"","""",26.3857191489362,1829,78.835,35.2279404255319,21.1222674468085,22.5531914893617,33.8085106382979,12.7446808510638,19.0744680851064,60.3404255319149,28.1914893617021,37.9468085106383"
"1787,""Chomelia martiana"",""Neotropical"",""savanna"","""",5,NA,NA,"""","""",""Oliveira-Filhoetal2007"",23.2866477272727,1479.18181818182,55.5312584090909,24.5610068181818,21.5287970454545,11.4285714285714,31.047619047619,3.97619047619048,15.3214285714286,56.0952380952381,19.9880952380952,49.0119047619048"
"1788,""Chomelia obtusa"",""Neotropical"",""savanna"","""",4,NA,NA,"""","""",""Oliveira-Filhoetal2007"",23.2866477272727,1479.18181818182,55.5312584090909,24.5610068181818,21.5287970454545,11.4285714285714,31.047619047619,3.97619047619048,15.3214285714286,56.0952380952381,19.9880952380952,49.0119047619048"
"1789,""Chomelia brasiliana"",""Neotropical"",""savanna"","""",4,NA,NA,"""","""",""Oliveira-Filhoetal2007"",18.6854,1699.5,34.4503833333333,0.496733333333333,2.34166666666667,12.5833333333333,37.8333333333333,4.91666666666667,26.25,51.4166666666667,20.9166666666667,41.1666666666667"
"1790,""Nauclea diderrichii"",""Afrotropical"",""forest"",""n"",43,NA,0.676112528,"""",""Zanneetal2009"",""JStorPlants"",25.5501171428571,1675.71428571429,60.7482828571429,11.9444228571429,9.74922571428571,11.6428571428571,31.6285714285714,14.8,15.6,53.1,16.9571428571429,51.5"
"1791,""Randia armata"",""Neotropical"",""forest"","""",12,NA,0.69,"""",""Zanneetal2009"",""Oliveira-Filhoetal2007"",24.0606586592179,1499.78770949721,78.1531242458101,27.696928021978,19.7601368131868,18.4944134078212,34.6927374301676,12.6173184357542,22.7569832402235,58.6620111731844,22.8296089385475,42.391061452514"
"1792,""Hillia parasitica"",""Neotropical"",""forest"","""",5,NA,NA,"""","""",""Oliveira-Filhoetal2007"",19.7715990140845,1588.7323943662,53.9593746478873,7.76832380952381,12.9962533333333,19.7605633802817,33.6408450704225,9.33802816901408,38.4718309859155,53.5070422535211,25.3380281690141,40.9859154929577"
"1793,""Warszewiczia coccinea"",""Neotropical"",""forest"","""",NA,NA,0.556547811,"""",""Zanneetal2009"","""",24.4463132743363,2630.46017699115,44.1546699115044,10.2932477876106,9.99112221238938,18.2614678899083,33.3715596330275,8.60091743119266,35.7889908256881,52.151376146789,25.9862385321101,40.6146788990826"
"1794,""Warszewiczia cordata"",""Neotropical"",""forest"","""",NA,NA,0.58,"""",""Zanneetal2009"","""",24.325,1902.33333333333,39.7034333333333,20.5423666666667,8.24010666666667,14.6666666666667,32,14.3333333333333,29,54.6666666666667,25.3333333333333,42.8333333333333"
"1795,""Pogonopus tubulosus"",""Neotropical"",""forest"","""",NA,41.55,0.29,""Markesteijn&Poorter2009/Markesteijnetal2011"",""Markesteijnetal2011"","""",22.3051230769231,1093.07692307692,67.3065461538462,23.9347461538462,17.6510538461538,14.5769230769231,31.3076923076923,12.6153846153846,22.3076923076923,58.6923076923077,22.4615384615385,46.2692307692308"
"1796,""Cordia collococca"",""Neotropical"",""forest"",""n"",NA,NA,0.42,"""",""Zanneetal2009"","""",25.2710638888889,1795.52777777778,64.5184972222222,18.8097103448276,16.4880142857143,22.8571428571429,36.3714285714286,11.9142857142857,22.0428571428571,59.5,26.7,36.9428571428571"
"1797,""Cordia gerascanthus"",""Neotropical"",""forest"","""",12,NA,0.745,"""",""Zanneetal2009"",""Oliveira-Filhoetal2007"",25.3696763888889,1224.76388888889,85.3663166666667,33.8389054794521,24.5461536486486,25.3611111111111,37.3402777777778,17.3888888888889,20.2708333333333,67.7152777777778,23.3263888888889,39.2986111111111"
"1798,""Pterodon pubescens"",""Neotropical"",""savanna"","""",NA,9.778,NA,""Miatto&Batala2016"","""","""",23.2226982142857,1417.83928571429,81.0467375,40.3496464285714,33.2559178571429,6.64545454545455,29.8454545454545,3.79090909090909,10.5636363636364,54.5,17.7,52.4272727272727"
"1799,""Pterodon abruptus"",""Neotropical"",""savanna"","""",15,NA,NA,"""","""",""Oliveira-Filhoetal2007"",23.5335181818182,837.636363636364,84.0606318181818,14.6294363636364,22.7882136363636,9.29545454545454,26.9772727272727,5.34090909090909,8.65909090909091,57.7272727272727,15.7272727272727,57.2045454545455"
"1800,""Tetrapleura tetraptera"",""Afrotropical"",""forest"",""n"",36,NA,0.530020242,"""",""Zanneetal2009"",""CJB"",25.1783925925926,1619.85185185185,63.1311814814815,6.62643333333333,9.18252962962963,10.7777777777778,33.7037037037037,13.2222222222222,13.7407407407407,51,16.6851851851852,49.537037037037"
"1801,""Zygia coccinea"",""Neotropical"",""forest"","""",NA,NA,0.69,"""",""Zanneetal2009"","""",24.0632352941176,2368.58823529412,37.9416,2.10481176470588,4.78659176470588,15.5,34,8.38235294117647,33.5882352941176,51.2352941176471,27.5294117647059,38.5294117647059"
"1802,""Zygia ampla"",""Neotropical"",""forest"",""n"",10,NA,NA,"""","""",""Oliveira-Filhoetal2007"",26.2638833333333,1917,69.9855,55.9812666666667,16.1608333333333,7.8,33.5,6.4,14.8,48.6,22.1,44.3"
"1803,""Zygia latifolia"",""Neotropical"",""forest"","""",12,NA,0.75,"""",""Zanneetal2009"",""Oliveira-Filhoetal2007"",25.6826923076923,2025.19230769231,59.7863730769231,30.4209,19.3687588461538,14.7884615384615,31.8846153846154,6.30769230769231,21.4423076923077,53.4038461538462,24.3461538461538,43.9230769230769"
"1804,""Zygia cataractae"",""Neotropical"",""forest"",""n"",18,NA,NA,"""","""",""FloradoBrasil"",26.4947243902439,2278.0487804878,57.1754780487805,27.4846536585366,13.3767814634146,10.7272727272727,29.0757575757576,5.63636363636364,21.8787878787879,50.2575757575758,21.5454545454545,49.3787878787879"
"1805,""Zygia juruana"",""Neotropical"",""forest"",""n"",45,NA,0.690115326,"""",""Zanneetal2009"",""FloradoBrasil"",25.675,2544.75,40.897025,16.8725,5.738975,11.625,28.25,1.5,40,46.25,26.875,45.25"
"1806,""Zygia longifolia"",""Neotropical"",""forest"",""n"",15,NA,0.71,"""",""Zanneetal2009"",""FloradoBrasil"",25.1014666666667,2522.49019607843,52.1902450980392,14.1691901960784,13.9640392156863,21.39,33.71,9.24,37.01,55.4,27.32,39.12"
"1807,""Newtonia paucijuga"",""Afrotropical"",""forest"",""n"",30,NA,0.6194895,"""",""Zanneetal2009"",""JStorPlants"",25.06875,1057.5,78.18355,7.45465,19.7596,15.5,28.75,5.5,13.75,60,17.25,54"
"1808,""Newtonia buchananii"",""Afrotropical"",""forest"",""n"",40,NA,0.493612051,"""",""Zanneetal2009"",""JStorPlants"",19.1973363636364,1280.45454545455,85.8445454545455,44.5315181818182,28.0308909090909,12.2272727272727,36.5454545454545,8.93181818181818,21.1363636363636,54.5909090909091,18.1818181818182,45.2727272727273"
"1809,""Newtonia leucocarpa"",""Afrotropical"",""forest"",""n"",45,NA,0.603634451,"""",""Zanneetal2009"",""CJB"",24.273975,2058,70.642575,353.650775,4.499575,14.5,34.75,10.5,31.75,48.5,20.625,44.875"
"1810,""Newtonia glandulifera"",""Afrotropical"",""forest"",""n"",40,NA,0.71153863,"""",""Zanneetal2009"",""CJB"",24.2291666666667,2124,71.9740333333333,2.32003333333333,4.5,15.5,34.5,18.3333333333333,35.1666666666667,49.1666666666667,19.8333333333333,45.5"
"1811,""Parkia bicolor"",""Afrotropical"",""forest"",""n"",45,NA,0.448450018,"""",""Zanneetal2009"",""CJB"",24.9129032258065,1671.29032258065,64.4727903225807,14.3001258064516,12.9285806451613,13.4838709677419,31.0806451612903,13.7741935483871,23.2741935483871,53.7096774193548,17.7258064516129,51.2903225806452"
"1812,""Parkia filicoidea"",""Afrotropical"",""forest"",""n"",35,NA,0.45725475,"""",""Zanneetal2009"",""JStorPlants"",24.4857047619048,1255.14285714286,81.0749761904762,47.102580952381,17.5760633333333,10.875,31.425,9.05,12.775,56.65,13.7,54.875"
"1813,""Parkia igneiflora"",""Neotropical"",""forest"","""",NA,NA,0.47,"""",""Zanneetal2009"","""",26.2060111111111,2498.77777777778,36.3863888888889,1.10315555555556,5.39523333333333,9.28571428571429,27.8571428571429,3.42857142857143,35.1428571428571,46.5714285714286,23.7857142857143,48.4285714285714"
"1814,""Parkia nitida"",""Neotropical"",""forest"","""",NA,NA,0.383074325,"""",""Zanneetal2009"","""",25.2235071428571,2488.64285714286,45.0587714285714,51.2062428571429,8.79798642857143,11.3928571428571,31.6785714285714,3.71428571428571,26,46.4642857142857,26.25,41.8928571428571"
"1815,""Parkia velutina"",""Neotropical"",""forest"","""",NA,NA,0.435,"""",""Zanneetal2009"","""",25.5839285714286,2660.28571428571,45.1848142857143,1.4893125,10.3196375,11,35.1875,4.8125,24.875,47.875,26.625,38.25"
"1816,""Parkia platycephala"",""Neotropical"",""savanna"","""",18,NA,NA,"""","""",""Oliveira-Filhoetal2007"",24.4037214285714,1361.92857142857,85.3971107142857,31.2993964285714,23.4964025,7.98148148148148,27.7592592592593,4.14814814814815,10.5,53.4259259259259,16.7222222222222,55.537037037037"
"1817,""Parkia discolor"",""Neotropical"",""forest"","""",NA,NA,0.64,"""",""Zanneetal2009"","""",26.5742363636364,2698.63636363636,40.1374272727273,0.360854545454545,2.50909090909091,11,25.5,4.7,42.5,46.15,26.7,47.7"
"1818,""Parkia pendula"",""Neotropical"",""forest"","""",NA,NA,0.521223111,"""",""Zanneetal2009"","""",25.91354,2129.4,63.332975,11.32572,10.829725,10.35,30.7,4.5,22.75,49.5,21.725,47.625"
"1819,""Parkia ulei"",""Neotropical"",""forest"","""",NA,NA,0.3786,"""",""Zanneetal2009"","""",25.9756,2198.28571428571,55.2398714285714,4.11231428571429,7.60828571428571,8.57142857142857,33.2142857142857,5.21428571428571,13.2857142857143,46.9285714285714,20,46.5714285714286"
"1820,""Parkia decussata"",""Neotropical"",""forest"","""",NA,NA,0.775,"""",""Zanneetal2009"","""",26.3805333333333,2482,49.7299666666667,34.7701,9.21376666666667,8.66666666666667,35,3.5,19.8333333333333,46.3333333333333,21.1666666666667,44.3333333333333"
"1821,""Parkia gigantocarpa"",""Neotropical"",""forest"","""",NA,NA,0.26,"""",""Zanneetal2009"","""",26.33125,2513.25,61.4599,133.766925,17.100325,10,31.125,2.375,18.375,46.875,24.75,44"
"1822,""Parkia paraensis"",""Neotropical"",""forest"","""",NA,NA,0.415,"""",""Zanneetal2009"","""",25.9,2113,78.4705,56.6067,25.4474,11.5,28.5,0,19,48.5,17,54.5"
"1823,""Parkia multijuga"",""Neotropical"",""forest"","""",NA,NA,0.39625,"""",""Zanneetal2009"","""",25.6354166666667,2232.91666666667,58.061525,46.3944846153846,22.9873615384615,10.3461538461538,34.5,4.69230769230769,28.4615384615385,47.9230769230769,21.7692307692308,43.6153846153846"
"1824,""Burkea africana"",""Afrotropical"",""savanna"",""n"",20,NA,NA,"""","""",""JStorPlants"",25.4252184375,972.165625,98.396065,74.079500625,26.9244503125,8.89341692789969,23.1426332288401,15.9921630094044,7.02664576802508,61.2805642633229,18.1394984326019,58.6896551724138"
"1825,""Pterocarpus santalinoides"",""Neotropical"",""forest"","""",NA,NA,0.528,"""",""Zanneetal2009"","""",26.8296365217391,1498.02608695652,87.7803869565217,65.1859405172414,25.7524612068966,10.859649122807,27.8464912280702,13.8464912280702,14.1578947368421,56.2324561403509,23.4078947368421,48.7587719298246"
"1826,""Pterocarpus soyauxii"",""Afrotropical"",""forest"",""n"",50,NA,0.657710564,"""",""Zanneetal2009"",""CJB"",24.9086133333333,1870.8,60.6112533333333,22.2513666666667,5.00263333333333,10.1333333333333,35.1666666666667,10.3333333333333,24.4333333333333,48.8666666666667,16.2666666666667,48.6666666666667"
"1827,""Pterocarpus erinaceus"",""Afrotropical"",""savanna"",""n"",30,14.59854015,0.698053273,""Dominguesetal2010"",""Nygard&Elfving2000/Zanneetal2009"",""JStorPlants"",27.046877184466,1055.47572815534,90.8071266990291,67.0596506053269,20.6615362953995,9.39467312348668,22.9140435835351,19.7493946731235,7.27239709443099,61.1089588377724,20.5338983050847,56.5048426150121"
"1828,""Pterocarpus rohrii"",""Neotropical"",""forest"","""",NA,NA,0.468152419,"""",""Borchert1994/Zanneetal2009"","""",24.2941582089552,1945.86567164179,65.0761567164179,20.5206462686567,19.2439429850746,19.8106060606061,34.3030303030303,9.33333333333333,24.2424242424242,56.4469696969697,23.3712121212121,42.2878787878788"
"1829,""Pterocarpus officinalis"",""Neotropical"",""forest"","""",NA,NA,0.378529317,"""",""Zanneetal2009"","""",25.6257777777778,2739.74074074074,52.7589444444444,8.46903846153846,14.0875961538462,24.7222222222222,35.5,9.44444444444444,46.7407407407407,55.8148148148148,26.6111111111111,38"
"1830,""Pterocarpus osun"",""Afrotropical"",""forest"",""y"",30,NA,0.68019,"""",""Zanneetal2009"",""CJB"",26.5388666666667,1770,67.1053333333333,4.63913333333333,5.8139,10,27.3333333333333,19.1666666666667,13.8333333333333,58,16.5,56"
"1831,""Erythrina speciosa"",""Neotropical"",""forest"",""y"",6,NA,NA,"""","""",""Oliveira-Filhoetal2007"",20.65833,1511.9,64.6038,15.1734727272727,12.8901090909091,12,36.9,4.05,21.65,54.05,18.15,44.85"
"1832,""Erythrina edulis"",""Neotropical"",""forest"","""",NA,NA,0.22,"""",""Zanneetal2009"","""",16.7054365306122,1704.97959183673,41.6522693877551,6.60755102040816,10.670492244898,29.030612244898,28.5816326530612,14.0714285714286,65.4897959183673,55.6632653061224,30.265306122449,41.1224489795918"
"1833,""Erythrina falcata"",""Neotropical"",""savanna"",""y"",25,NA,NA,"""","""",""Oliveira-Filhoetal2007"",17.99125,1163.675,65.49035825,9.0162175,20.8043675,14.4875,36.2375,9.9375,21.75,56.625,23.4375,40.3375"
"1834,""Erythrina ulei"",""Neotropical"",""forest"",""n"",15,NA,0.111,"""",""Zanneetal2009"",""Oliveira-Filhoetal2007"",24.1363142857143,1921.85714285714,50.4122571428571,29.8207857142857,21.7459285714286,11.5,33.0714285714286,5.28571428571429,20.2142857142857,53.3571428571429,22.9285714285714,44"
"1835,""Erythrina fusca"",""Neotropical"",""forest"",""y"",NA,NA,0.27462,"""",""Zanneetal2009"","""",24.7437,1968.37209302326,55.592311627907,23.3632609756098,20.9481570731707,21.15,33.9,8.7625,37.45,55.0375,28.35,37.7875"
"1836,""Erythrina smithiana"",""Neotropical"",""forest"","""",NA,NA,0.19,"""",""Zanneetal2009"","""",23.4125,1484.75,110.81005,6.707225,17.2047525,21.125,29.5,11.75,22.375,60.125,28.375,42.25"
"1837,""Erythrina vogelii"",""Afrotropical"",""forest"",""y"",15,NA,0.242976748,"""",""Zanneetal2009"",""JStorPlants"",26.6229,1337.5,62.28375,32.26355,11.25545,9.5,21.25,17,10.75,56.25,17.75,61.25"
"1838,""Erythrina dominguezii"",""Neotropical"",""forest"",""n"",20,NA,NA,"""","""",""Oliveira-Filhoetal2007"",22.1726285714286,1165.42857142857,70.7582571428571,23.4156571428571,19.0751571428571,10.3571428571429,33.2142857142857,4.64285714285714,11.9285714285714,55.3571428571429,20,46.7142857142857"
"1839,""Erythrina crista-galli"",""Neotropical"",""savanna"",""n"",12,NA,NA,"""","""",""Oliveira-Filhoetal2007"",19.158414893617,1246.74468085106,46.7323540425532,16.9044957446809,17.5192546808511,16.1489361702128,31.8191489361702,6.93617021276596,20.7872340425532,59.0851063829787,24.8617021276596,43.3404255319149"
"1840,""Erythrina poeppigiana"",""Neotropical"",""forest"",""n"",NA,NA,0.2,"""",""Zanneetal2009"","""",22.4744770833333,2272.77083333333,49.2049604166667,10.7751404255319,14.5962979166667,20.9893617021277,32.9468085106383,8.14893617021277,35.063829787234,54.2872340425532,26.3085106382979,40.7659574468085"
"1841,""Erythrina berteroana"",""Neotropical"",""forest"","""",NA,NA,0.3,"""",""Zanneetal2009"","""",23.476225862069,2116.12068965517,71.0633637931034,22.5022655172414,17.4023184482759,25.3157894736842,35.2719298245614,11.2719298245614,27.2017543859649,58.0877192982456,27.4122807017544,37.2982456140351"
"1842,""Dinizia excelsa"",""Neotropical"",""forest"",""n"",60,NA,0.93935,"""",""Zanneetal2009"",""FloradoBrasil"",26.08667,2134.3,62.87577,15.89935,14.73107,6.75,38.15,3.15,8.95,45.25,18.75,43.05"
"1843,""Lonchocarpus hedyosmus"",""Neotropical"",""forest"","""",NA,NA,0.77117,"""",""Zanneetal2009"","""",27.9125,1669,72.0163,6.9489,21.1857,5,21,7,10,51.5,16.5,62.5"
"1844,""Lonchocarpus hylobius"",""Neotropical"",""forest"","""",NA,NA,0.67,"""",""Zanneetal2009"","""",24.8542,3565,18.1499,1.9862,17.45,11.5,37,4.5,38,49,22.5,40.5"
"1845,""Tessmannia lescrauwaetii"",""Afrotropical"",""forest"","""",30,NA,0.74907,"""",""Zanneetal2009"",""CJB"",23.9986,1916.66666666667,59.7504666666667,2.648,12.5,8.66666666666667,38.3333333333333,5.83333333333333,27.1666666666667,47.1666666666667,14.5,47.5"
"1846,""Tessmannia africana"",""Afrotropical"",""forest"",""n"",49,NA,0.824214096,"""",""Zanneetal2009"",""JStorPlants"",24.540275,1764.75,59.7879916666667,1.82145,5.61631416666667,8.58333333333333,35.2916666666667,8.79166666666667,23.75,49.75,15.25,49.5"
"1847,""Swartzia benthamiana"",""Neotropical"",""forest"",""n"",20,NA,0.737283333,"""",""Zanneetal2009"",""FloradoBrasil"",26.3068181818182,2362.18181818182,43.0803272727273,0.632009090909091,7.39090909090909,9.72222222222222,33.5,5.22222222222222,31,47.1666666666667,23.7777777777778,42.8888888888889"
"1848,""Swartzia macrostachya"",""Neotropical"",""savanna"",""n"",35,NA,NA,"""","""",""Oliveira-Filhoetal2007"",23.7406125,1325.45833333333,66.888275,26.8681,23.557248,9.8,31.18,4.94,13.64,54.44,19.58,49.14"
"1849,""Swartzia acutifolia"",""Neotropical"",""forest"",""n"",25,NA,NA,"""","""",""Oliveira-Filhoetal2007"",21.1470071428571,1167.85714285714,64.6302285714286,16.4551071428571,25.6210621428571,10.6071428571429,36.1428571428571,3.5,14.6785714285714,55.1785714285714,17.4285714285714,46.4642857142857"
"1850,""Swartzia grandifolia"",""Neotropical"",""forest"",""n"",NA,NA,1.03,"""",""Zanneetal2009"","""",25.8773857142857,2230.85714285714,51.6660142857143,8.65945714285714,12.4656,8.57142857142857,30.2142857142857,4.85714285714286,21.6428571428571,47.3571428571429,19.5,50.0714285714286"
"1851,""Swartzia polyphylla"",""Neotropical"",""forest"",""n"",40,NA,0.691,"""",""Zanneetal2009"",""FloradoBrasil"",26.34138,2338.66666666667,43.76532,7.21408666666667,6.98696,8.5,31.4090909090909,4.40909090909091,32.1363636363636,45.9545454545455,21.9545454545455,46.5"
"1852,""Swartzia corrugata"",""Neotropical"",""forest"",""n"",NA,NA,1.0565,"""",""Zanneetal2009"","""",26.5041666666667,2402.66666666667,42.4834333333333,8.28176666666667,8.44166666666667,8.5,32.3333333333333,2,45.6666666666667,45.5,27.6666666666667,40.1666666666667"
"1853,""Swartzia brachyrachis"",""Neotropical"",""forest"",""n"",12,NA,0.9,"""",""Zanneetal2009"",""FloradoBrasil"",25.4752928571429,2422.78571428571,60.5569285714286,23.9225857142857,13.6416714285714,10.3928571428571,32.9642857142857,7,22.1428571428571,48.25,22.0714285714286,44.9642857142857"
"1854,""Swartzia apetala"",""Neotropical"",""forest"",""n"",20,NA,NA,"""","""",""Oliveira-Filhoetal2007"",23.3379421052632,1255.10526315789,51.0003184210526,17.1784473684211,22.9696263157895,13.8648648648649,31.8513513513514,5.2972972972973,16.6486486486486,56.2297297297297,17.2702702702703,50.9054054054054"
"1855,""Swartzia oblanceolata"",""Neotropical"",""forest"",""n"",13,NA,0.86,"""",""Zanneetal2009"",""FloradoBrasil"",25.27085,1991,53.1536,0.4969,3.15,8.5,34.75,7.75,21.25,49,22.5,42.5"
"1856,""Swartzia leiocalycina"",""Neotropical"",""forest"","""",NA,NA,0.97133,"""",""Zanneetal2009"","""",26.5667,2181,48.7293,0,0,8,32,9,21.5,47.5,21,47"
"1857,""Swartzia jorori"",""Neotropical"",""forest"",""n"",15,NA,0.48,"""",""Zanneetal2009"",""FloradoBrasil"",24.92056875,1696.125,51.45469375,23.5408125,17.1542,9.625,28.90625,3.71875,11.46875,52.71875,24.4375,46.71875"
"1858,""Swartzia remiger"",""Neotropical"",""forest"","""",NA,NA,0.835,"""",""Zanneetal2009"","""",25.7042,1775,71.485,0,0,9,41,15,22,47.5,19,39.5"
"1859,""Swartzia laxiflora"",""Neotropical"",""forest"",""n"",NA,NA,0.9,"""",""Zanneetal2009"","""",25.65835,1990.5,71.8817,31.7792,17.216555,10.75,39.5,1,14.25,48,16.5,44"
"1860,""Swartzia pilulifera"",""Neotropical"",""savanna"",""n"",8,NA,NA,"""","""",""Oliveira-Filhoetal2007"",18.85,1396.66666666667,80.0824,33.4471333333333,30.2062,10.3333333333333,39,6.33333333333333,21.1666666666667,53.6666666666667,17,43.6666666666667"
"1861,""Swartzia argentea"",""Neotropical"",""forest"",""n"",NA,NA,0.86,"""",""Zanneetal2009"","""",26.4773714285714,2670.28571428571,33.7022714285714,0.284,4.17857142857143,10.8333333333333,27.8333333333333,4.16666666666667,57.8333333333333,45.6666666666667,26.0833333333333,46.1666666666667"
"1862,""Swartzia tomentifera"",""Neotropical"",""forest"",""n"",NA,NA,0.9,"""",""Zanneetal2009"","""",26.975,2449,42.6747,2.9751,9.86667,33,28,6.5,41,50.5,28.5,43.5"
"1863,""Swartzia myrtifolia"",""Neotropical"",""forest"",""n"",NA,NA,0.9,"""",""Zanneetal2009"","""",23.5664473684211,2018.68421052632,52.7634,11.6532947368421,22.2733473684211,16.1315789473684,36.4210526315789,6.34210526315789,26.3421052631579,54.0263157894737,22.5263157894737,40.9210526315789"
"1864,""Swartzia flaemingii"",""Neotropical"",""forest"",""n"",25,NA,NA,"""","""",""Oliveira-Filhoetal2007"",23.5102129032258,1441.22580645161,63.5429322580645,35.4111064516129,22.0508516129032,11.35,30.6166666666667,3.66666666666667,19.3833333333333,55.0166666666667,18.1666666666667,51.3"
"1865,""Swartzia panacoco"",""Neotropical"",""forest"",""n"",NA,NA,0.92,"""",""Zanneetal2009"","""",25.9930555555556,2061.22222222222,59.3122111111111,0.331233333333333,2.66666666666667,9.72222222222222,35.1666666666667,9,17.4444444444444,48.6666666666667,20.1666666666667,44.6111111111111"
"1866,""Swartzia recurva"",""Neotropical"",""forest"",""n"",40,NA,0.89,"""",""Zanneetal2009"",""FloradoBrasil"",26.3867454545455,2133.54545454545,57.9947636363636,28.2552272727273,17.2664,10.4,33.1,1.85,24.75,46.65,26.4,40.45"
"1867,""Swartzia arborescens"",""Neotropical"",""forest"",""n"",23,NA,0.83467,"""",""Zanneetal2009"",""FloradoBrasil"",26.085875,2270.71428571429,52.2834392857143,8.22680357142857,9.59108392857143,10.1607142857143,32.1964285714286,5.875,22.4285714285714,49.1785714285714,22.7321428571429,45.0535714285714"
"1868,""Swartzia laevicarpa"",""Neotropical"",""forest"",""n"",NA,NA,0.6125,"""",""Zanneetal2009"","""",26.52624,2216,54.11434,6.86044,5.82234,9.35714285714286,32.5714285714286,5.78571428571429,32,46.5,25.8571428571429,41.7142857142857"
"1869,""Swartzia cuspidata"",""Neotropical"",""forest"",""n"",NA,NA,0.678,"""",""Zanneetal2009"","""",26.4819333333333,2620.33333333333,33.6485333333333,0,0,10,35,2.16666666666667,35.5,45.6666666666667,30.3333333333333,34.6666666666667"
"1870,""Swartzia ulei"",""Neotropical"",""forest"",""n"",NA,NA,1,"""",""Zanneetal2009"","""",26.40625,2436,37.48585,1.9836,5.2375,8,39.25,2.5,22.5,44,21.25,39.5"
"1871,""Swartzia multijuga"",""Neotropical"",""forest"",""n"",7,NA,NA,"""","""",""Oliveira-Filhoetal2007"",23.1185846153846,1555.30769230769,81.7469307692308,42.0037076923077,35.3706061538462,8.34615384615385,31.5,3.46153846153846,25.0384615384615,53.5,18.5384615384615,49.9230769230769"
"1872,""Swartzia latifolia"",""Neotropical"",""forest"",""n"",10,NA,NA,"""","""",""Oliveira-Filhoetal2007"",26.804175,1736.5,72.5571,16.6225,20.061,8.625,30.125,11,24.375,56.125,20.625,49.25"
"1873,""Tipuana tipu"",""Neotropical"",""forest"","""",NA,NA,0.57,"""",""Zanneetal2009"","""",17.80775,832.66,68.0958056,36.63593,17.2657884,13.8265306122449,31.5510204081633,8.66326530612245,14.6326530612245,61.0102040816327,19.0918367346939,49.3061224489796"
"1874,""Baphia kirkii"",""Afrotropical"",""forest"",""n"",27,NA,0.985359453,"""",""Zanneetal2009"",""JStorPlants"",24.0691947368421,943.763157894737,57.1920210526316,7.34529736842105,17.2611886842105,8.39473684210526,20.9342105263158,5.61842105263158,9.57894736842105,60.4342105263158,9.30263157894737,69.6973684210526"
"1875,""Baphia nitida"",""Afrotropical"",""forest"",""n"",9,NA,0.55891475,"""",""Zanneetal2009"",""JStorPlants"",25.8400210526316,1876.21052631579,68.818902631579,10.9658868421053,10.9654526315789,9.71052631578947,27.5921052631579,19.4736842105263,14.6447368421053,52.8684210526316,18.0263157894737,54.4210526315789"
"1876,""Apuleia leiocarpa"",""Neotropical"",""forest"",""n"",35,NA,0.788,"""",""Zanneetal2009"",""Oliveira-Filhoetal2007"",23.5631347826087,1641.19565217391,62.0666593478261,21.3712239130435,20.6300867391304,10.5,33.4333333333333,4.28888888888889,14.8444444444444,53.4888888888889,19.6222222222222,46.8555555555556"
"1877,""Machaerium villosum"",""Neotropical"",""forest"",""n"",18,NA,0.745,"""",""Zanneetal2009"",""Oliveira-Filhoetal2007"",21.1693272727273,1344.63636363636,62.0419636363636,46.9020545454545,16.5328636363636,8.6,35.8,3.5,14.8,53.5,18.5,45.6"
"1878,""Machaerium acutifolium"",""Neotropical"",""forest"","""",12,NA,NA,"""","""",""Oliveira-Filhoetal2007"",23.19323,1266.2,77.96388,34.2654,27.663845,9.2625,29.05,4.3125,13.7875,55.2625,17.4625,53.4625"
"1879,""Machaerium opacum"",""Neotropical"",""savanna"",""n"",6,NA,NA,"""","""",""Oliveira-Filhoetal2007"",22.5630545454545,1229.04545454545,88.7814681818182,37.0853681818182,42.2845090909091,8.26190476190476,32.1666666666667,3.97619047619048,10.952380952381,55.4047619047619,16.9285714285714,50.8095238095238"
"1880,""Machaerium scleroxylon"",""Neotropical"",""forest"",""y"",17,12.8,0.646666667,""Markesteijnetal2011"",""Markesteijnetal2011/Zanneetal2009"",""Oliveira-Filhoetal2007"",21.13854375,1412,59.46650625,26.766975,21.06919375,11.75,36.875,5.28125,15.625,54.5,20.5625,42.53125"
"1881,""Machaerium millei"",""Neotropical"",""forest"","""",NA,NA,0.24,"""",""Zanneetal2009"","""",24.4652666666667,797.333333333333,117.124,1.41243333333333,5.9,18.1666666666667,31.6666666666667,9.33333333333333,20,59.5,23.1666666666667,44.8333333333333"
"1882,""Machaerium nigrum"",""Neotropical"",""forest"",""n"",16,NA,NA,"""","""",""Oliveira-Filhoetal2007"",21.3402666666667,1197.66666666667,63.5821666666667,19.3758166666667,16.9279166666667,12.0833333333333,34.6666666666667,6.08333333333333,16.5,55.4166666666667,18.3333333333333,47"
"1883,""Machaerium nyctitans"",""Neotropical"",""forest"",""y"",25,NA,NA,"""","""",""Oliveira-Filhoetal2007"",19.9352941176471,1307.23529411765,60.6596588235294,15.6567823529412,18.0648941176471,10.9411764705882,38.2352941176471,4.52941176470588,22.5294117647059,53.7941176470588,17.9411764705882,43.8235294117647"
"1884,""Machaerium stipitatum"",""Neotropical"",""forest"",""n"",20,NA,NA,"""","""",""Oliveira-Filhoetal2007"",20.5493258064516,1406.54838709677,43.9495983870968,8.23815161290323,16.2346258064516,12.6935483870968,40.3548387096774,3.66129032258065,19.3387096774194,54.8870967741936,18.7903225806452,40.8387096774194"
"1885,""Mora excelsa"",""Neotropical"",""forest"","""",NA,NA,0.808731667,"""",""Zanneetal2009"","""",25.15415,1802,48.57,0.9927,3.475,9.25,31.25,8.25,24.25,49,23,45"
"1886,""Mora gonggrijpii"",""Neotropical"",""forest"","""",NA,NA,0.803832857,"""",""Zanneetal2009"","""",23.8417,2011,42.6357,0,0,20.5,36,8,27.5,51,25,39"
"1887,""Mora paraensis"",""Neotropical"",""forest"","""",NA,NA,0.85,"""",""Zanneetal2009"","""",25.9,2113,78.4705,56.6067,25.4474,11.5,28.5,0,19,48.5,17,54.5"
"1888,""Ormosia excelsa"",""Neotropical"",""forest"","""",NA,NA,0.61,"""",""Zanneetal2009"","""",26.785925,2048.5,64.4315125,28.1968375,25.0682625,10.6666666666667,31.5,4.16666666666667,25.9166666666667,48.75,22.1666666666667,46.3333333333333"
"1889,""Ormosia arborea"",""Neotropical"",""forest"","""",22,NA,NA,"""","""",""Oliveira-Filhoetal2007"",21.6619071428571,1544.14285714286,51.1395185714286,14.6865214285714,23.1529642857143,12.3461538461538,31.6923076923077,3.5,25.5769230769231,52.4230769230769,18.6538461538462,49.6923076923077"
"1890,""Ormosia coutinhoi"",""Neotropical"",""forest"","""",NA,NA,0.591273333,"""",""Zanneetal2009"","""",24.778125,2148,52.99125,27.57815,8.63255,12.875,36.875,6.625,21.75,49.625,21.625,41.375"
"1892,""Ormosia flava"",""Neotropical"",""forest"","""",NA,NA,0.58,"""",""Zanneetal2009"","""",26.3167,2596,50.9343,0.9937,28.3,9,29.5,1,14.5,42,32,37.5"
"1893,""Ormosia costulata"",""Neotropical"",""forest"","""",NA,NA,0.638705,"""",""Zanneetal2009"","""",26.9138833333333,2546,50.697475,4.80488333333333,8.902055,10.9166666666667,28.4583333333333,3.5,37.5416666666667,46.6666666666667,24.5,47.125"
"1894,""Ormosia lignivalvis"",""Neotropical"",""forest"","""",NA,NA,0.58,"""",""Zanneetal2009"","""",26.23125,2671,28.92155,1.9845,8.766665,11,32.75,1.25,27.25,46.5,25,42"
"1895,""Ormosia smithii"",""Neotropical"",""forest"","""",NA,NA,0.714,"""",""Zanneetal2009"","""",27.1236,1741.33333333333,72.7652333333333,14.5525333333333,8.17023333333333,9.33333333333333,27.5,5.5,17.8333333333333,54,22.3333333333333,49.8333333333333"
"1896,""Ormosia coarctata"",""Neotropical"",""forest"","""",NA,NA,0.6,"""",""Zanneetal2009"","""",26.5284833333333,2622.83333333333,53.1832166666667,14.5688,18.6199,11.5,29.8333333333333,8.58333333333333,20.5,49,26.0833333333333,43.75"
"1897,""Ormosia paraensis"",""Neotropical"",""forest"","""",NA,NA,0.663458333,"""",""Zanneetal2009"","""",25.54416,2260,57.63674,10.72012,13.69594,9.4,34.8,4.2,10.7,48.2,19.9,45.3"
"1898,""Ormosia coccinea"",""Neotropical"",""forest"","""",NA,NA,0.625018333,"""",""Zanneetal2009"","""",25.6112,2757.125,52.67281875,16.2132125,10.6732125,20.25,28.5416666666667,10.2916666666667,37.4166666666667,52.5,27.2083333333333,44.4166666666667"
"1899,""Ormosia fastigiata"",""Neotropical"",""forest"","""",30,NA,NA,"""","""",""Oliveira-Filhoetal2007"",22.99895,1827.625,64.273,8.319125,11.4983625,9.375,32.625,3.5,17.625,52.0625,19.875,47.5"
"1900,""Ormosia stipularis"",""Neotropical"",""forest"","""",8,NA,0.58,"""",""Zanneetal2009"",""Oliveira-Filhoetal2007"",25.42916,2223.6,60.8433,34.3902,21.6996,9.3,27.6,4.8,16.9,49.9,17.7,54.4"
"1901,""Diplotropis martiusii"",""Neotropical"",""forest"","""",NA,NA,0.633333333,"""",""Zanneetal2009"","""",26.4949111111111,2578.22222222222,40.7021888888889,0.883677777777778,4.11555555555556,11,28.0625,2.9375,43.0625,45.875,26.5625,45.25"
"1902,""Diplotropis purpurea"",""Neotropical"",""forest"","""",NA,NA,0.778625833,"""",""Zanneetal2009"","""",23.87625,2654.5,39.3826,6.75749,10.11798,15.2,33.4,5.85,35.75,50.65,22.2,44.4"
"1903,""Plathymenia reticulata"",""Neotropical"",""savanna"",""n"",40,NA,NA,"""","""",""FloradoBrasil"",22.9616484375,1358.9375,79.659459375,29.657265625,28.3604796875,7.76984126984127,30.5873015873016,4.03174603174603,11.1349206349206,54.6111111111111,16.9047619047619,52.484126984127"
"1904,""Prioria oxyphylla"",""Afrotropical"",""forest"",""n"",50,NA,0.569882675,"""",""Zanneetal2009"",""CJB"",24.5291625,1633.125,53.6577375,4.3454625,5.1422375,8.4375,36.4375,7.5625,21.9375,47.25,15.1875,48.3125"
"1905,""Cassia ferruginea"",""Neotropical"",""savanna"",""n"",25,NA,NA,"""","""",""FloradoBrasil"",21.18229375,1245.8125,66.88000625,13.723125,13.70350625,8.9375,32.59375,4.4375,15.15625,53.78125,17.03125,50.21875"
"1906,""Cassia fastuosa"",""Neotropical"",""forest"",""n"",NA,NA,0.805,"""",""Zanneetal2009"","""",26.1124923076923,2216.53846153846,61.9866538461538,21.9956,21.9538615384615,8.11538461538461,31.9615384615385,3.34615384615385,15.0384615384615,48.1923076923077,21.0384615384615,47.1538461538462"
"1907,""Cassia cowanii"",""Neotropical"",""forest"",""n"",NA,NA,0.61992,"""",""Zanneetal2009"","""",23.9430666666667,2629.66666666667,47.0382666666667,0,0,15.6666666666667,30.5,11,34,49.8333333333333,28.5,40.5"
"1908,""Cassia moschata"",""Neotropical"",""forest"",""n"",20,NA,0.805,"""",""Zanneetal2009"",""FloradoBrasil"",25.2196392857143,2394.96428571429,68.2524178571429,33.5576392857143,23.3096357142857,18.3392857142857,32.9642857142857,9.875,18,55.7857142857143,24.9642857142857,42.125"
"1909,""Cassia sieberiana"",""Afrotropical"",""forest"",""n"",NA,NA,0.72,"""",""Nygard&Elfving2000"","""",26.7908142857143,1051.32653061224,103.229506122449,63.0427734693878,23.7159979591837,9.98958333333333,24.1770833333333,17.5416666666667,7.90625,60.125,21.1145833333333,54.7395833333333"
"1910,""Myroxylon peruiferum"",""Neotropical"",""forest"","""",30,NA,0.7925,"""",""Zanneetal2009"",""Oliveira-Filhoetal2007"",21.7800535714286,1047.89285714286,79.4578678571429,15.9241642857143,22.2722035714286,13.1428571428571,35.0535714285714,8.35714285714286,16.1785714285714,57.5892857142857,20.9642857142857,43.7857142857143"
"1911,""Myroxylon balsamum"",""Neotropical"",""forest"","""",50,NA,0.7775,"""",""Zanneetal2009"",""FloradoBrasil"",24.269265625,1843.75,72.916459375,23.369890625,18.094625,21.265625,34.125,11.984375,22.75,58.65625,25.375,40.59375"
"1912,""Parkinsonia aculeata"",""Neotropical"",""forest"",""n"",5,NA,0.635,"""",""Zanneetal2009"",""FloradoBrasil"",22.5759658807212,625.259361997226,85.7223669902913,39.5806517531557,17.3802285893855,20.7237762237762,33.0468531468531,13.5825174825175,9.2972027972028,73.1678321678322,22.1216783216783,44.8454545454545"
"1913,""Batesia floribunda"",""Neotropical"",""forest"",""n"",NA,NA,0.54,"""",""Zanneetal2009"","""",26.3104333333333,2320.83333333333,58.9923166666667,25.6729833333333,38.7530283333333,13.75,29.5,3.33333333333333,18.25,47.5,23.0833333333333,47.25"
"1914,""Inga huberi"",""Neotropical"",""forest"",""n"",NA,NA,0.53,"""",""Zanneetal2009"","""",25.9,2113,78.4705,56.6067,25.4474,11.5,28.5,0,19,48.5,17,54.5"
"1915,""Inga nobilis"",""Neotropical"",""forest"",""n"",20,NA,0.56,"""",""Zanneetal2009"",""Oliveira-Filhoetal2007"",24.3206482089552,2302.01492537313,52.1179074626866,10.7205882352941,11.7571088405797,14.6818181818182,31.9393939393939,6.81818181818182,29.9318181818182,50.6590909090909,24.8939393939394,43.2121212121212"
"1916,""Inga sessilis"",""Neotropical"",""forest"",""n"",20,NA,NA,"""","""",""Oliveira-Filhoetal2007"",18.5308078947368,1627.05263157895,50.9371315789474,5.46490263157895,13.8725060526316,12.8783783783784,36.8918918918919,4.09459459459459,29.4864864864865,51.972972972973,20.1621621621622,42.8243243243243"
"1917,""Inga vulpina"",""Neotropical"",""forest"",""n"",5,NA,NA,"""","""",""Oliveira-Filhoetal2007"",19.2553714285714,1369,68.8543714285714,15.4750142857143,23.3677857142857,10.8571428571429,40,3,22,52.2142857142857,17.3571428571429,42.6428571428571"
"1918,""Inga pezizifera"",""Neotropical"",""forest"",""n"",10,NA,0.606669975,"""",""Zanneetal2009"",""FloradoBrasil"",24.3897,2646.11764705882,48.4581470588235,3.21438823529412,8.39154117647059,18.8235294117647,33.2941176470588,8.94117647058824,36.3823529411765,50.9411764705882,25.7058823529412,41.1470588235294"
"1919,""Inga ingoides"",""Neotropical"",""forest"",""n"",20,NA,0.495,"""",""Zanneetal2009"",""Oliveira-Filhoetal2007"",23.6680902439024,1698.43902439024,61.1520707317073,15.0425390243902,21.8195951219512,12.9625,31.3625,6.05,23.1875,53.975,23.2,45.3375"
"1920,""Inga sertulifera"",""Neotropical"",""forest"",""n"",18,NA,0.65,"""",""Zanneetal2009"",""FloradoBrasil"",24.1225666666667,2145.16666666667,54.135575,5.05224166666667,11.9532083333333,17.5454545454545,35.8636363636364,7.40909090909091,27.3181818181818,51.5909090909091,25.1363636363636,38.8636363636364"
"1921,""Inga coruscans"",""Neotropical"",""forest"",""n"",NA,NA,0.72,"""",""Zanneetal2009"","""",24.00555,2504.91666666667,46.7326333333333,5.55105833333333,12.095025,20.7916666666667,33.25,10.8333333333333,55.2916666666667,53.875,27.0416666666667,39.75"
"1922,""Inga leiocalycina"",""Neotropical"",""forest"",""n"",NA,NA,0.56,"""",""Zanneetal2009"","""",24.18334,2209.6,61.68717,10.82235,12.99743,20.05,33.8,8.775,33.675,51.275,24.825,41.325"
"1923,""Inga chartacea"",""Neotropical"",""forest"",""n"",NA,NA,0.512246408,"""",""Zanneetal2009"","""",22.99834,2581.4,45.10772,0.79544,5.32,19,35.7,8.9,32.9,53.1,27.5,37"
"1924,""Inga punctata"",""Neotropical"",""forest"",""n"",NA,NA,0.56,"""",""Zanneetal2009"","""",23.1337708791209,2149.23626373626,67.9894043956044,24.4525730769231,18.387547967033,22.6722222222222,34.8083333333333,11.7083333333333,29.275,56.25,26.1805555555556,39.0111111111111"
"1925,""Inga acrocephala"",""Neotropical"",""forest"",""n"",NA,NA,0.5125,"""",""Zanneetal2009"","""",23.04480625,2543.8125,62.346825,19.41520625,18.15261875,28.65625,35.46875,13.90625,45.8125,54.9375,27.78125,36.8125"
"1926,""Inga edulis"",""Neotropical"",""forest"",""n"",NA,NA,0.594187,"""",""Poorter2010/Zanneetal2009"","""",23.2615053097345,2143,52.0668902654867,22.4041991150442,13.5466815044248,16.9266055045872,33.6146788990826,7.77064220183486,31.743119266055,52.6559633027523,23.6284403669725,42.6743119266055"
"1927,""Inga vera"",""Neotropical"",""forest"",""n"",30,NA,0.575,"""",""Zanneetal2009"",""Oliveira-Filhoetal2007"",23.3126899563319,1574.63100436681,83.9255213973799,39.8482076586433,22.5767725820569,22.5044543429844,36.8719376391982,15.0267260579065,19.2371937639198,60.9832962138085,24.3608017817372,38.739420935412"
"1928,""Inga graciliflora"",""Neotropical"",""forest"",""n"",NA,NA,0.533435,"""",""Zanneetal2009"","""",24.61875,2214.5,64.6001,0,0,12.5,36.5,9.25,34,48.75,30,33"
"1929,""Inga melinonis"",""Neotropical"",""forest"",""n"",NA,NA,0.54,"""",""Zanneetal2009"","""",26.2167,2261,32.46395,0,0,12.25,31,5,28.5,48.5,32,37"
"1930,""Inga cayennensis"",""Neotropical"",""forest"",""n"",NA,12.09854157,0.600456936,""Dantasetal2013"",""Dantasetal2013/Zanneetal2009"","""",25.5323769230769,1884.30769230769,58.2845769230769,61.8063076923077,27.2736007692308,9.03846153846154,30.3076923076923,3.65384615384615,17.7307692307692,50.8846153846154,20.0384615384615,49.7692307692308"
"1931,""Inga paraensis"",""Neotropical"",""forest"",""n"",NA,NA,0.82,"""",""Zanneetal2009"","""",26.0729333333333,2246.16666666667,56.7387833333333,7.78591666666667,6.6309,11.1666666666667,33,6.08333333333333,22.1666666666667,47,24.5,42.4166666666667"
"1932,""Inga rubiginosa"",""Neotropical"",""forest"",""n"",30,NA,0.66229,"""",""Zanneetal2009"",""FloradoBrasil"",23.2286888888889,1986.33333333333,52.6380333333333,81.3139444444444,14.1468433333333,13.9444444444444,33.9444444444444,6.27777777777778,23.0555555555556,50.2777777777778,24.2777777777778,42.0555555555556"
"1933,""Inga heterophylla"",""Neotropical"",""forest"",""n"",20,NA,0.56,"""",""Zanneetal2009"",""Oliveira-Filhoetal2007"",25.175508,2290.84,59.111252,28.204316,18.53616,12.7291666666667,31.8125,5.72916666666667,24.3541666666667,50.25,23.6041666666667,44.4375"
"1934,""Inga cylindrica"",""Neotropical"",""forest"",""n"",30,16.00721918,0.646440662,""Dantasetal2013"",""Dantasetal2013"",""Oliveira-Filhoetal2007"",23.7576333333333,1897.33333333333,54.94055,12.6924,16.0978055555556,12.9166666666667,32.3333333333333,5.25,25.2222222222222,51.9722222222222,23.7777777777778,43.9166666666667"
"1935,""Inga bourgonii"",""Neotropical"",""forest"",""n"",NA,NA,0.545,"""",""Zanneetal2009"","""",24.3902666666667,2383.66666666667,49.7883,4.96903333333333,6.2654,11,35.5,6.83333333333333,28.6666666666667,48.8333333333333,21.3333333333333,43.3333333333333"
"1936,""Inga thibaudiana"",""Neotropical"",""forest"",""n"",25,NA,NA,"""","""",""Oliveira-Filhoetal2007"",24.8523410958904,2374.54794520548,52.9120602739726,19.3895945205479,15.3683634246575,15.0972222222222,32.6527777777778,6.63194444444444,30.9375,51.4513888888889,23.9652777777778,43.3888888888889"
"1937,""Inga stipularis"",""Neotropical"",""forest"",""n"",10,NA,0.53,"""",""Zanneetal2009"",""FloradoBrasil"",25.7378230769231,2273.15384615385,49.6773538461538,64.4947230769231,14.0618230769231,10.1923076923077,32.5769230769231,4.26923076923077,17.8076923076923,47.9615384615385,22.6923076923077,44.6923076923077"
"1938,""Inga oerstediana"",""Neotropical"",""forest"","""",NA,NA,0.425,"""",""Zanneetal2009"","""",20.40015,1783.39285714286,68.791375,18.1007,13.7405928571429,24.1964285714286,34.125,16.9464285714286,38.9464285714286,56.3571428571429,27.6428571428571,38.0892857142857"
"1939,""Inga umbellifera"",""Neotropical"",""forest"",""n"",NA,NA,0.723571397,"""",""Zanneetal2009"","""",24.5976214285714,2215.71428571429,58.7068571428571,12.2794285714286,13.4135071428571,14.25,34.6785714285714,6.21428571428571,26.5357142857143,50,23.9642857142857,41.4642857142857"
"1940,""Inga laurina"",""Neotropical"",""forest"",""n"",20,NA,0.62,"""",""Zanneetal2009"",""Oliveira-Filhoetal2007"",24.0696132743363,1726.08849557522,74.579114159292,27.1702055555556,21.6634339090909,15.75,32.25,10.4553571428571,19.21875,55.4419642857143,22.4776785714286,45.2857142857143"
"1941,""Inga lateriflora"",""Neotropical"",""forest"",""n"",NA,NA,0.56229,"""",""Zanneetal2009"","""",25.96875,1977.5,52.1233,0.49715,2.9,12.5,37.75,6,14.25,52.25,19.75,42.75"
"1942,""Inga striata"",""Neotropical"",""forest"",""n"",NA,20.03918823,0.617738792,""Dantasetal2013"",""Dantasetal2013"","""",19.8886216216216,1444.16216216216,44.54354,6.32105555555556,17.3780316666667,15.6756756756757,37.8783783783784,7.37837837837838,29.3108108108108,54.972972972973,22.0810810810811,39.8783783783784"
"1943,""Inga capitata"",""Neotropical"",""forest"",""n"",NA,NA,0.59229,"""",""Zanneetal2009"","""",23.5670239130435,1869.10869565217,51.5557869565217,11.7347914893617,17.349614893617,11.6702127659574,33.1595744680851,5.38297872340426,19.6063829787234,52.2127659574468,21.0851063829787,45.6914893617021"
"1944,""Inga splendens"",""Neotropical"",""forest"",""n"",16,NA,0.6,"""",""Zanneetal2009"",""FloradoBrasil"",25.0541666666667,2969.66666666667,52.9858333333333,0.248475,3.525,15.25,34.875,6.5,48.875,49.125,25.375,39.625"
"1945,""Inga pilosula"",""Neotropical"",""forest"",""n"",20,NA,NA,"""","""",""Oliveira-Filhoetal2007"",23.5172770491803,1619.39344262295,59.0459690163934,21.9759606557377,21.4188426229508,11.6636363636364,31.4454545454545,5,17.9090909090909,54.1,20.7,47.8636363636364"
"1946,""Inga cinnamomea"",""Neotropical"",""forest"",""n"",NA,NA,0.52817866,"""",""Zanneetal2009"","""",24.490625,2254.16666666667,48.4441333333333,10.1777333333333,8.93095,15.4545454545455,32.2272727272727,6.68181818181818,34.8181818181818,52.3636363636364,31.6818181818182,36.1363636363636"
"1947,""Inga alba"",""Neotropical"",""forest"",""n"",35,NA,0.586080352,"""",""Zanneetal2009"",""Oliveira-Filhoetal2007"",24.165753125,2026,57.276571875,11.327315625,14.994628125,14.7096774193548,32.1774193548387,7.43548387096774,24.6129032258065,51.4516129032258,24.6451612903226,43.258064516129"
"1948,""Platycyamus regnellii"",""Neotropical"",""forest"",""n"",16,NA,NA,"""","""",""Oliveira-Filhoetal2007"",21.0642857142857,1457.28571428571,74.9887714285714,25.9825571428571,17.0751571428571,8.57142857142857,37.2857142857143,4.35714285714286,14,54.5,17.3571428571429,45.3571428571429"
"1949,""Sweetia fruticosa"",""Neotropical"",""forest"","""",NA,34,0.645,""Markesteijn&Poorter2009/Markesteijnetal2011"",""Markesteijnetal2011/Zanneetal2009"","""",23.37,1286.2,55.84482,23.84316,44.34142,11.5,33.6,2.8,13.3,55.7,16.2,50.5"
"1950,""Afzelia quanzensis"",""Afrotropical"",""forest"",""n"",20,NA,0.71589125,"""",""Zanneetal2009"",""JStorPlants"",23.0507193548387,962.322580645161,92.7885215053763,39.3118161290323,23.9566283870968,10.6397849462366,25.7311827956989,7.65591397849462,9.10752688172043,60.252688172043,11.3602150537634,62.8870967741936"
"1951,""Afzelia bella"",""Afrotropical"",""forest"",""n"",40,NA,0.63746578,"""",""Zanneetal2009"",""JStorPlants"",25.207496,2222.28,65.628824,12.2560208333333,12.461472,14.6086956521739,32.1739130434783,16.4347826086957,25.3260869565217,51,19.3695652173913,48.4782608695652"
"1952,""Afzelia pachyloba"",""Afrotropical"",""forest"",""n"",43,NA,0.683320626,"""",""Zanneetal2009"",""JStorPlants"",26.27705,2592.5,61.2361,5.08185,6.81346,8.5,31.5,11.75,19.75,50.5,15.75,53"
"1953,""Afzelia bipindensis"",""Afrotropical"",""forest"",""n"",40,NA,0.731479377,"""",""Zanneetal2009"",""JStorPlants"",24.5822565217391,1825.4347826087,62.5429304347826,16.1959913043478,7.60863608695652,10.5909090909091,34.3863636363636,9.56818181818182,22.2045454545455,49.9545454545455,15.0227272727273,50.5454545454545"
"1954,""Afzelia africana"",""Afrotropical"",""forest"",""n"",35,NA,0.692640899,"""",""Zanneetal2009"",""JStorPlants"",27.0005778846154,1096.49038461538,93.6496764423077,66.8158115384615,20.2169369230769,10.2427884615385,24.5649038461538,18.2980769230769,8.20673076923077,60.1466346153846,20.1778846153846,55.2572115384615"
"1955,""Cordyla pinnata"",""Afrotropical"",""forest"",""n"",15,NA,0.754405286,"""",""Zanneetal2009"",""JStorPlants"",26.805025,1053.25,112.995725,68.1752208333333,22.5163525,10.1666666666667,25.0833333333333,19.4583333333333,8.52083333333333,59.5625,21.7083333333333,53.2291666666667"
"1956,""Prosopis juliflora"",""Neotropical"",""forest"","""",NA,NA,0.783333333,"""",""Zanneetal2009"","""",25.0786220703125,660.318359375,84.642208984375,7.13108248031496,14.5239212304687,23.7485148514851,31.7485148514851,14.7237623762376,9.93663366336634,74.1207920792079,22.7019801980198,45.5376237623762"
"1957,""Prosopis chilensis"",""Neotropical"",""forest"","""",NA,NA,0.72,"""",""Zanneetal2009"","""",16.5864615625,483.6875,73.67384375,7.45430588235294,20.3307205882353,13.7647058823529,23.8382352941176,16.6764705882353,10.9411764705882,70.1323529411765,21.3970588235294,54.6911764705882"
"1958,""Prosopis africana"",""Afrotropical"",""forest"",""n"",21,NA,0.783178537,"""",""Nygard&Elfving2000/Zanneetal2009"",""JStorPlants"",27.1497871794872,918.435897435897,110.525933333333,65.5847256410256,20.5281333333333,10.5394736842105,23.4078947368421,16.75,6.93421052631579,61.9868421052632,20.7236842105263,55.8421052631579"
"1959,""Prosopis pallida"",""Neotropical"",""forest"","""",NA,NA,0.88,"""",""Zanneetal2009"","""",22.5946,523.2,89.55961,2.98151,14.21864,15.6,23.6,11.05,7.4,66.85,19.3,57.15"
"1960,""Faidherbia albida"",""Afrotropical"",""forest"",""y"",30,NA,0.584937571,"""",""Zanneetal2009"",""JStorPlants"",25.2390776397516,500.621118012422,121.274664596273,15.271565625,12.6513532919255,12.6838709677419,19.5709677419355,13.458064516129,5.57096774193548,69.9290322580645,15.9354838709677,64.4677419354839"
"1961,""Aldina latifolia"",""Neotropical"",""forest"",""n"",25,NA,0.74,"""",""Zanneetal2009"",""FloradoBrasil"",26.0950818181818,2669.72727272727,37.4602636363636,1.9886,3.66348181818182,11.6,30.65,4.7,31.9,45.95,27.2,41.9"
"1962,""Aldina insignis"",""Neotropical"",""forest"","""",NA,NA,0.71463,"""",""Zanneetal2009"","""",24.9083,2214,45.7471,0,0,11,35,10,35,50,26.5,38.5"
"1963,""Aldina heterophylla"",""Neotropical"",""forest"",""n"",40,NA,0.74875,"""",""Zanneetal2009"",""FloradoBrasil"",26.6611333333333,2339.66666666667,45.0072666666667,6.94243333333333,13.7402666666667,14.1666666666667,40.3333333333333,3.16666666666667,31.1666666666667,47.6666666666667,23.3333333333333,36.8333333333333"
"1964,""Cordia dentata"",""Neotropical"",""forest"","""",NA,NA,0.47,"""",""Zanneetal2009"","""",25.6844424354244,1216.77121771218,96.1334922509225,45.2751643884892,23.2832793548387,21.0454545454545,35.7618181818182,14.7272727272727,13.62,65.9109090909091,24.38,39.84"
"1965,""Morus alba"",""Neotropical"",""forest"","""",NA,NA,0.5,"""",""Zanneetal2009"","""",18.2451784313725,904.627450980392,77.6834137254902,33.7142,21.9544060784314,17.67,31.51,10.62,16.24,64.12,21.13,47.45"
"1966,""Ficus obtusifolia"",""Neotropical"",""forest"",""n"",40,NA,NA,"""","""",""Oliveira-Filhoetal2007"",23.6439222929936,1663.52229299363,78.1538299363057,45.459176433121,20.6566606369427,19.8733766233766,35.9545454545455,12.224025974026,22.8376623376623,58.2012987012987,23.3246753246753,40.7435064935065"
"1967,""Ficus americana"",""Neotropical"",""forest"","""",NA,NA,0.4,"""",""Zanneetal2009"","""",22.1658005780347,2031.91329479769,51.373563583815,53.1663081871345,12.7937126744186,20.1156069364162,31.8121387283237,10.121387283237,38.5231213872832,53.6329479768786,26.0346820809249,42.1589595375723"
"1968,""Ficus citrifolia"",""Neotropical"",""forest"","""",35,NA,0.4,"""",""Zanneetal2009"",""Oliveira-Filhoetal2007"",21.9278,1731.93636363636,59.8569681818182,19.4292961538462,15.7448788571429,19.5943396226415,35.7405660377358,10.3537735849057,33.0896226415094,55.8867924528302,24.0943396226415,40.1603773584906"
"1969,""Hagenia abyssinica"",""Afrotropical"",""forest"",""n"",20,NA,0.565677,"""",""Zanneetal2009"",""JStorPlants"",13.0376202777778,1191.5,79.0217805555556,29.1341861111111,38.1383166666667,30.8472222222222,34.8055555555556,16.3472222222222,36.8472222222222,57.0138888888889,25.7361111111111,39.5138888888889"
"1970,""Nectandra turbacensis"",""Neotropical"",""forest"","""",NA,NA,0.545,"""",""Zanneetal2009"","""",23.3086885714286,1894.88571428571,53.8724285714286,26.2630333333333,20.2553032258065,21.4558823529412,36.3382352941176,8.44117647058824,29.9411764705882,56.9705882352941,27.0882352941176,36.5147058823529"
"1971,""Nectandra hihua"",""Neotropical"",""forest"","""",30,NA,0.42,"""",""Zanneetal2009"",""Oliveira-Filhoetal2007"",23.4703392857143,1722.15476190476,78.6465166666667,39.5526634146341,19.4281277108434,20.4879518072289,35.8433734939759,14.7650602409639,21.8674698795181,58.4819277108434,24.1626506024096,39.9578313253012"
"1972,""Nectandra membranacea"",""Neotropical"",""forest"","""",35,NA,NA,"""","""",""Oliveira-Filhoetal2007"",20.5335337349398,1821.74698795181,44.5823048192771,8.01029259259259,12.1543054320988,20.4404761904762,34.2261904761905,9.44642857142857,39.2857142857143,53.6726190476191,25.0416666666667,40.7202380952381"
"1973,""Colubrina elliptica"",""Neotropical"",""forest"","""",NA,NA,0.8,"""",""Zanneetal2009"","""",23.218905,890.05,83.09366625,24.3874875,18.36089125,27.13125,37.95625,20.9625,17.575,69.68125,23.85,38.18125"
"1974,""Colubrina arborescens"",""Neotropical"",""forest"","""",NA,NA,0.7,"""",""Zanneetal2009"","""",25.1286606060606,1423.12121212121,63.5876393939394,119.267411290323,24.114714,32.8712121212121,38.219696969697,12.7727272727273,31.6363636363636,68.1212121212121,21.8787878787879,39.8333333333333"
"1975,""Colubrina glandulosa"",""Neotropical"",""forest"",""n"",40,NA,0.647875,"""",""Zanneetal2009"",""Oliveira-Filhoetal2007"",21.668062962963,1719.44444444444,55.9087103703704,24.8332851851852,22.5075259259259,13.9074074074074,35.9074074074074,6.5,17.2777777777778,53.3333333333333,20.0740740740741,44.0185185185185"
"1976,""Sagotia racemosa"",""Neotropical"",""forest"","""",NA,NA,0.58,"""",""Zanneetal2009"","""",25.8801230769231,2233.15384615385,54.0671230769231,12.1541538461538,13.7059769230769,9.19230769230769,33.2307692307692,6.76923076923077,25,48.8846153846154,20.3461538461538,46.1538461538462"
"1977,""Micrandra minor"",""Neotropical"",""forest"",""n"",40,NA,0.41,"""",""Zanneetal2009"",""FloradoBrasil"",26.1979166666667,2778.66666666667,25.9874166666667,0.3311,0.941666666666667,10.5,30.9,2.4,42,45.2,22,47.3"
"1978,""Micrandra spruceana"",""Neotropical"",""forest"",""n"",35,NA,0.6,"""",""Zanneetal2009"",""FloradoBrasil"",25.3455357142857,2704.85714285714,34.4934928571429,1.06461428571429,2.53061428571429,11.6153846153846,28.6538461538462,6.46153846153846,39.1153846153846,46.3461538461538,23.9615384615385,47.4615384615385"
"1979,""Micrandra rossiana"",""Neotropical"",""forest"",""n"",35,NA,0.674,"""",""Zanneetal2009"",""FloradoBrasil"",26.5972333333333,2882.66666666667,42.6059666666667,3.30766666666667,11.6555566666667,8.83333333333333,30.3333333333333,3.83333333333333,27.8333333333333,48.5,20.8333333333333,48.6666666666667"
"1980,""Micrandra elata"",""Neotropical"",""forest"",""n"",30,NA,0.6,"""",""Zanneetal2009"",""FloradoBrasil"",26.3625,2524.33333333333,42.6133,7.60763333333333,13.9652333333333,8.5,28.3333333333333,3.16666666666667,59.1666666666667,46.5,23.3333333333333,48.1666666666667"
"1981,""Micrandra siphonioides"",""Neotropical"",""forest"",""n"",30,NA,0.584,"""",""Zanneetal2009"",""FloradoBrasil"",25.5802,2825.25,35.2576,0,0,9.625,33.25,4.375,33.25,46.125,22.25,44.625"
"1982,""Spirostachys africana"",""Afrotropical"",""savanna"",""n"",16,12.08,0.862,""Plasetal2012"",""Plasetal2012"",""JStorPlants"",22.1855674418605,766.651162790698,72.6044976744186,19.7802,24.4693095348837,13.046511627907,27.2558139534884,6.93023255813953,9.72093023255814,63.3604651162791,14.093023255814,58.6860465116279"
"1983,""Sapium marmieri"",""Neotropical"",""forest"",""n"",30,NA,0.41,"""",""Zanneetal2009"",""FloradoBrasil"",24.2769307692308,2112.61538461538,53.6307076923077,11.3787153846154,12.3023769230769,12.5909090909091,31.6818181818182,6.77272727272727,21.6363636363636,52.4090909090909,25.5454545454545,42.8181818181818"
"1984,""Sapium haematospermum"",""Neotropical"",""savanna"",""n"",12,NA,NA,"""","""",""Oliveira-Filhoetal2007"",21.5566217391304,1278.86956521739,41.7651652173913,29.5504130434783,29.654542173913,13.8522727272727,28.6136363636364,5,18.5340909090909,58.7840909090909,23.5909090909091,47.8522727272727"
"1985,""Sapium stylare"",""Neotropical"",""forest"","""",NA,NA,0.47,"""",""Zanneetal2009"","""",16.7403513636364,1950.13636363636,46.3310590909091,3.61038181818182,8.44147272727273,30.6904761904762,23.2380952380952,15.452380952381,73.1666666666667,53.9285714285714,31.6904761904762,45"
"1986,""Sapium glandulosum"",""Neotropical"",""forest"","""",20,43.7,0.401125,""Markesteijn&Poorter2009"",""Poorter2010/Zanneetal2009"",""FloradoBrasil"",22.3412611111111,1598.39583333333,62.7735631944444,14.0439230769231,19.3214774125874,17.5390070921986,32.1028368794326,8.65602836879433,23.1595744680851,57.0390070921986,23.1170212765957,44.8156028368794"
"1987,""Hura crepitans"",""Neotropical"",""forest"","""",NA,53.7,0.399915128,""Markesteijn&Poorter2009"",""Poorter2010/Zanneetal2009"","""",25.3529850746269,1812.07462686567,60.3123970149254,23.3704776119403,19.2492591044776,19.530303030303,32.3484848484849,12.1893939393939,27.5833333333333,57.7878787878788,25.25,42.5075757575758"
"1988,""Irvingia gabonensis"",""Afrotropical"",""forest"","""",40,NA,0.774806977,"""",""Zanneetal2009"",""CJB"",25.8347585365854,1634.24390243902,64.8490390243903,9.8633756097561,8.40036731707317,11.2073170731707,31.9512195121951,14.0365853658537,18.9878048780488,53.9756097560976,14.4756097560976,53.5731707317073"
"1989,""Irvingia grandifolia"",""Afrotropical"",""forest"",""n"",45,NA,0.800276364,"""",""Zanneetal2009"",""CJB"",25.019075,1753.5,59.9375,103.544066666667,7.18161666666667,9.54545454545454,33.6363636363636,9.18181818181818,18.5909090909091,48.4090909090909,14.6818181818182,51.6818181818182"
"1990,""Panda oleosa"",""Afrotropical"",""forest"",""n"",35,NA,0.5652465,"""",""Zanneetal2009"",""CJB"",25.2767857142857,1803.38095238095,61.7765380952381,4.35188095238095,4.52965714285714,10.7619047619048,33.9047619047619,12.1666666666667,21.3095238095238,49.1666666666667,16.9285714285714,49.0952380952381"
"1991,""Phyllanthus salviifolius"",""Neotropical"",""forest"","""",NA,NA,0.58,"""",""Zanneetal2009"","""",15.3265871428571,1318.61904761905,40.917919047619,4.63437619047619,27.8340523809524,27.6904761904762,27.7857142857143,13.0952380952381,62.8571428571429,56.6190476190476,30.6904761904762,41.5714285714286"
"1992,""Flueggea virosa"",""Afrotropical"",""savanna"",""n"",6,15.846,0.688,""Plasetal2012/Zizkaetal2014"",""Plasetal2012"",""JStorPlants"",24.7616664,992.256,87.824596,34.2590943089431,19.6024296,14.1814516129032,28.4153225806452,13.3225806451613,10.491935483871,61.6048387096774,17.7258064516129,53.8467741935484"
"1993,""Discocarpus essequeboensis"",""Neotropical"",""forest"",""n"",20,NA,NA,"""","""",""FloradoBrasil"",26.57248,1927.4,63.78424,9.3472,33.153,8.75,31.125,6.625,20.625,50.125,20.875,48.125"
"1994,""Margaritaria discoidea"",""Afrotropical"",""forest"",""n"",30,NA,0.719508054,"""",""Zanneetal2009"",""JStorPlants"",23.7894801980198,1262.72277227723,81.1531633663366,49.8398148514852,23.5497345544554,11.3316831683168,29.2178217821782,12.1881188118812,13.6980198019802,56.6831683168317,17.2178217821782,53.5841584158416"
"1995,""Margaritaria nobilis"",""Neotropical"",""forest"",""n"",30,NA,0.635666667,"""",""Poorter2010/Zanneetal2009"",""Oliveira-Filhoetal2007"",24.4778540697674,1588.58139534884,69.7861574418605,36.4414370588235,19.8162749707602,22.1428571428571,35.5267857142857,12.610119047619,23.6071428571429,59.7619047619048,23.9583333333333,40.5654761904762"
"1996,""Gustavia longifolia"",""Neotropical"",""forest"","""",NA,NA,0.67,"""",""Zanneetal2009"","""",25.36355,3393.25,20.9783,0.4967,1.4375,11.6666666666667,32.3333333333333,8,41.3333333333333,47.3333333333333,23.6666666666667,44.3333333333333"
"1997,""Gustavia macarenensis"",""Neotropical"",""forest"","""",NA,NA,0.67,"""",""Zanneetal2009"","""",22.3208333333333,2573.83333333333,25.4838166666667,5.12481666666667,1.25483833333333,16.1666666666667,34.6666666666667,9.33333333333333,45.0833333333333,52.5833333333333,26.1666666666667,39"
"1998,""Gustavia speciosa"",""Neotropical"",""forest"","""",NA,NA,0.515,"""",""Zanneetal2009"","""",25.2921333333333,2353.77777777778,48.9794777777778,7.29137777777778,18.7833333333333,18.1111111111111,35.8333333333333,8.66666666666667,35.1666666666667,55.6111111111111,24.8333333333333,39.2777777777778"
"1999,""Gustavia elliptica"",""Neotropical"",""forest"","""",NA,NA,0.669,"""",""Zanneetal2009"","""",26.7015625,2389.5,43.27445,3.8440125,8.34977875,14.3125,34.625,2.8125,39.8125,47.0625,25.4375,40.0625"
"2000,""Gustavia augusta"",""Neotropical"",""forest"","""",NA,NA,0.65,"""",""Zanneetal2009"","""",26.2191793650794,1977.20634920635,57.4387285714286,23.7127387096774,15.3366838709677,11.3333333333333,31.6666666666667,4.32456140350877,21.780701754386,49.8333333333333,24.8070175438597,43.5789473684211"
"2001,""Gustavia hexapetala"",""Neotropical"",""forest"","""",NA,NA,0.715893333,"""",""Zanneetal2009"","""",26.0313735294118,2281.26470588235,49.6613764705882,20.4491685714286,19.3401057142857,10.55,32.0333333333333,3.71666666666667,26.4333333333333,47.7,24.3,43.7833333333333"
"2002,""Corythophora alta"",""Neotropical"",""forest"",""n"",30,NA,0.713797416,"""",""Zanneetal2009"",""FloradoBrasil"",26.63125,2410.5,45.31605,0.24795,2.725,10,38.625,2,28.625,45.5,21.75,39.625"
"2003,""Corythophora rimosa"",""Neotropical"",""forest"",""n"",30,NA,0.795666667,"""",""Zanneetal2009"",""FloradoBrasil"",26.4527666666667,2377.33333333333,40.1202666666667,1.65466666666667,3.06,7.16666666666667,38.1666666666667,2.16666666666667,17.3333333333333,44.5,19.8333333333333,41.6666666666667"
"2004,""Lychnophora salicifolia"",""Neotropical"",""savanna"",""n"",4,NA,NA,"""","""",""Oliveira-Filhoetal2007"",20.1696404761905,1190.04761904762,81.7760833333333,24.8210095238095,38.342330952381,9.47619047619048,34.0357142857143,6.44047619047619,14.3571428571429,54.3452380952381,17.2738095238095,48.6904761904762"
"2005,""Lychnophora ericoides"",""Neotropical"",""savanna"",""n"",3,NA,NA,"""","""",""Oliveira-Filhoetal2007"",20.0826875,1381.90625,85.530975,36.136978125,37.768940625,9.09375,34.90625,5.109375,14.859375,53.671875,16.125,49.109375"
"2006,""Piptocarpha rotundifolia"",""Neotropical"",""savanna"",""n"",6,7.90615771,0.420203704,""Batalaetal2011/Cianciarusoetal2013/DantasandBatala2012"",""Batalaetal2011/Miato2011/Ribeiroetal2011"",""Oliveira-Filhoetal2007"",21.4990023809524,1502.09523809524,80.508169047619,31.7403166666667,32.6971595238095,7.90476190476191,34.6904761904762,3.35714285714286,14.2142857142857,53.5833333333333,16.0119047619048,49.3928571428571"
"2007,""Sterculia apetala"",""Neotropical"",""forest"","""",NA,NA,0.402,"""",""Borchert1994/Zanneetal2009"","""",26.051821875,1831.53125,73.6323578125,27.9416031746032,23.2363296875,19.8968253968254,34.7539682539683,11.9206349206349,19.5,60.6507936507937,26.3492063492063,38.8888888888889"
"2008,""Sterculia setigera"",""Afrotropical"",""forest"",""n"",18,NA,0.310465035,"""",""Nygard&Elfving2000/Zanneetal2009"",""JStorPlants"",27.2200756521739,967.165217391304,99.6583313043478,60.2739905172414,22.9197726724138,9.95652173913044,23.204347826087,19.2478260869565,6.59565217391304,61.6913043478261,19.9130434782609,56.8478260869565"
"2009,""Cola acuminata"",""Afrotropical"",""forest"","""",30,NA,0.507858981,"""",""Zanneetal2009"",""cja"",24.1975583333333,1690.58333333333,65.012725,4.78857272727273,6.51054416666667,12.625,36.2083333333333,11.3333333333333,32.0416666666667,52.5833333333333,16.375,47.4583333333333"
"2010,""Adansonia digitata"",""Afrotropical"",""savanna"",""n"",20,14.79289941,0.27552,""Dominguesetal2010"",""Zanneetal2009"",""JStorPlants"",24.3409428853755,723.745059288538,103.799428853755,26.4040318091451,23.932715513834,13.2425447316103,24.7157057654076,11.6252485089463,7.47216699801193,65.7942345924453,14.6570576540755,60.617296222664"
"2011,""Ceiba pentandra"",""Neotropical"",""forest"",""y"",NA,NA,0.327,"""",""Poorter2010"","""",25.3583077419355,1515.02903225806,76.5878432258065,43.6684426229508,19.3958460912052,19.1938110749186,32.2671009771987,14.2296416938111,17.5228013029316,61.0325732899023,22.0700325732899,45.7166123778502"
"2012,""Annona hypoglauca"",""Neotropical"",""forest"","""",NA,NA,0.38,"""",""Zanneetal2009"","""",26.2243083333333,2464.75,42.0937,6.6632625,6.802235,10.875,29.05,3.25,40.375,46.35,26.175,44.725"
"2013,""Annona crassiflora"",""Neotropical"",""savanna"",""n"",NA,9.660975,0.3,""Cianciarusoetal2013/DantasandBatala2012/Miatto&Batala2016"",""Miato2011"","""",22.3992,1348.5,76.8199230769231,37.5730730769231,34.86035,7.95833333333333,34.2708333333333,3.8125,13.6666666666667,53.6875,16.6458333333333,49"
"2014,""Annona glabra"",""Neotropical"",""forest"","""",NA,NA,0.5,"""",""Zanneetal2009"","""",25.701332,1687.50666666667,66.12278,34.5544175675676,23.4068505333333,23.9485294117647,35.1397058823529,9.58823529411765,30.8897058823529,62.7573529411765,23.2647058823529,41.6102941176471"
"2015,""Annona foetida"",""Neotropical"",""forest"","""",NA,NA,0.572,"""",""Zanneetal2009"","""",26.2777666666667,2011,66.5284,10.592,5.69166666666667,9.16666666666667,26.3333333333333,8,31.6666666666667,50.8333333333333,19.3333333333333,54.5"
"2016,""Annona reticulata"",""Neotropical"",""forest"","""",NA,NA,0.55,"""",""Zanneetal2009"","""",24.2978494845361,1435.61855670103,84.5879855670103,44.4699520833333,23.3014071134021,23.8453608247423,36.5824742268041,15.8711340206186,17.5103092783505,63.2628865979381,23.9072164948454,39.5824742268041"
"2017,""Annona montana"",""Neotropical"",""savanna"","""",12,NA,NA,"""","""",""Oliveira-Filhoetal2007"",24.3001303030303,1839.9696969697,58.8906272727273,23.582209375,22.9049603125,15.2741935483871,30.6129032258065,6.01612903225806,23.4193548387097,55.4838709677419,23.4193548387097,45.9193548387097"
"2018,""Annona cacans"",""Neotropical"",""savanna"","""",30,NA,NA,"""","""",""Oliveira-Filhoetal2007"",19.5409666666667,1489.66666666667,37.9021666666667,2.06905,13.2181833333333,12.1666666666667,40.7083333333333,4.16666666666667,22.1666666666667,52.8333333333333,20.5833333333333,38.6666666666667"
"2019,""Annona coriacea"",""Neotropical"",""savanna"","""",10,9.15485,0.2,""Cianciarusoetal2013/DantasandBatala2012/Miatto&Batala2016"",""Miato2011"",""Oliveira-Filhoetal2007"",23.0460063829787,1312.57446808511,76.2146170212766,24.7505468085106,28.5740553191489,8.42553191489362,29.968085106383,4.19148936170213,10.7872340425532,55.0851063829787,15.531914893617,54.5106382978723"
"2020,""Annickia chlorantha"",""Afrotropical"",""forest"","""",30,NA,0.437182482,"""",""Zanneetal2009"",""CJB"",25.07395,2162,67.1164375,1.3667,3.9177125,13.6875,37.4375,13,28.5,48.375,18.1875,44.4375"
"2021,""Annickia polycarpa"",""Afrotropical"",""forest"","""",20,NA,0.498807317,"""",""Zanneetal2009"",""CJB"",25.0923666666667,1989.66666666667,69.0289,4.30623333333333,7.63166666666667,12,30.0833333333333,19.3333333333333,16.8333333333333,52.25,20.6666666666667,49.0833333333333"
"2022,""Plinia cauliflora"",""Neotropical"",""forest"",""n"",NA,14.9,0.64,""Markesteijn&Poorter2009/Markesteijnetal2011"",""Markesteijnetal2011"","""",20.8708391304348,1437.26086956522,48.2852913043478,18.576552173913,16.7775982608696,13.0869565217391,36.4565217391304,5.15217391304348,16.8695652173913,55.5869565217391,20.3695652173913,43.2173913043478"
"2023,""Eugenia whytei"",""Afrotropical"",""forest"","""",NA,NA,0.851412489,"""",""Zanneetal2009"","""",26.0773714285714,1810.14285714286,85.8164571428571,22.5448857142857,17.8214285714286,13.4166666666667,32.9166666666667,22.1666666666667,14.5833333333333,57,16.9166666666667,50.25"
"2024,""Eugenia flavescens"",""Neotropical"",""savanna"","""",3,NA,NA,"""","""",""Oliveira-Filhoetal2007"",24.1410714285714,1563.85714285714,67.4092685714286,30.4214657142857,20.1080314285714,9.74242424242424,33.6060606060606,4.65151515151515,13.4242424242424,52.5909090909091,20.1212121212121,46.3787878787879"
"2025,""Eugenia uruguayensis"",""Neotropical"",""forest"",""n"",7,NA,NA,"""","""",""Oliveira-Filhoetal2007"",18.2852666666667,1458.2,15.0919263333333,6.34880333333333,15.3683773333333,16.75,32.4833333333333,3.96666666666667,29.3166666666667,55.2333333333333,24.1333333333333,43.3833333333333"
"2026,""Eugenia citrifolia"",""Neotropical"",""forest"",""n"",NA,NA,0.664,"""",""Zanneetal2009"","""",26.2648714285714,1965.85714285714,60.1243142857143,55.7999571428571,21.7843571428571,10.2142857142857,29.5,2.71428571428571,22.9285714285714,50.0714285714286,20.9285714285714,49.5"
"2027,""Eugenia sulcata"",""Neotropical"",""forest"",""n"",6,NA,NA,"""","""",""Oliveira-Filhoetal2007"",23.7430666666667,1169.66666666667,60.7309,18.8853,27.7521333333333,17.3333333333333,31.8333333333333,1,16,55.8333333333333,19.3333333333333,48.6666666666667"
"2028,""Eugenia bimarginata"",""Neotropical"",""savanna"","""",NA,8.491837854,0.445,""Batalaetal2011"",""Batalaetal2011"","""",20.43606875,1457.09375,69.483125,19.38121875,30.2837125,9.24193548387097,35.3225806451613,3.48387096774194,20.5645161290323,52.4516129032258,17.0322580645161,47.6935483870968"
"2029,""Eugenia uniflora"",""Neotropical"",""forest"",""n"",8,NA,NA,"""","""",""Oliveira-Filhoetal2007"",20.117528015873,1451.37301587302,45.5874443650794,15.0478991869919,15.64266416,15.8425196850394,35.6141732283465,7.61811023622047,22.0944881889764,55.9527559055118,22.244094488189,42.1574803149606"
"2030,""Eugenia pluriflora"",""Neotropical"",""savanna"","""",8,NA,NA,"""","""",""Oliveira-Filhoetal2007"",18.4973176470588,1459.17647058824,44.1204005882353,13.2100352941176,20.9114647058824,13.6470588235294,41.4411764705882,4.44117647058824,23.9411764705882,52.6764705882353,22.0588235294118,36.4705882352941"
"2031,""Eugenia egensis"",""Neotropical"",""forest"",""n"",8,14.8285494,0.718313543,""Dantasetal2013"",""Dantasetal2013"",""Oliveira-Filhoetal2007"",23.7650695744681,1826.93617021277,58.4296170212766,14.5813717391304,17.3962282978723,12.4318181818182,30.0681818181818,6.29545454545455,24.7272727272727,52.8636363636364,21.1818181818182,48.7159090909091"
"2032,""Eugenia candolleana"",""Neotropical"",""savanna"","""",8,NA,NA,"""","""",""Oliveira-Filhoetal2007"",23.6469129032258,1306.41935483871,53.8850709677419,42.5470548387097,20.2440658064516,11.7096774193548,30.0806451612903,5.51612903225806,18.9193548387097,55.8064516129032,17.6451612903226,52.241935483871"
"2033,""Eugenia pseudopsidium"",""Neotropical"",""forest"",""n"",NA,NA,0.8683775,"""",""Zanneetal2009"","""",25.2386611111111,1560.83333333333,56.95355,24.89046875,23.56181875,14.4166666666667,31.7222222222222,6.08333333333333,14.9722222222222,54.5833333333333,22.5833333333333,45.7222222222222"
"2034,""Eugenia dysenterica"",""Neotropical"",""savanna"",""n"",15,NA,NA,"""","""",""FloradoBrasil"",24.1254032258065,1236.45161290323,79.3093,48.2397387096774,29.4578419354839,8.7258064516129,28.3709677419355,4.82258064516129,9.74193548387097,56.2258064516129,18.1129032258065,53.5"
"2035,""Eugenia complicata"",""Neotropical"",""savanna"","""",4,NA,NA,"""","""",""Oliveira-Filhoetal2007"",21.1708,1567.66666666667,77.1614333333333,29.1122,30.5545,6,36.3333333333333,2.83333333333333,13,55,16.6666666666667,46.8333333333333"
"2036,""Eugenia patrisii"",""Neotropical"",""forest"",""n"",18,NA,0.8305,"""",""Zanneetal2009"",""Oliveira-Filhoetal2007"",26.33034375,2314.96875,55.7925,19.92780625,12.9805875,9.58333333333333,34.0666666666667,3.16666666666667,23.8166666666667,46.65,21.8166666666667,44.1333333333333"
"2037,""Eugenia klotzschiana"",""Neotropical"",""savanna"",""n"",4,NA,NA,"""","""",""Oliveira-Filhoetal2007"",21.83125,1542.5,75.986,63.02955,72.349,9,38,2,15,50.5,15.5,47.25"
"2038,""Eugenia cerasiflora"",""Neotropical"",""savanna"","""",25,NA,NA,"""","""",""Oliveira-Filhoetal2007"",20.1814153846154,1236.07692307692,47.4493846153846,19.6222384615385,23.2244,13.9615384615385,33.2692307692308,6.76923076923077,18.3461538461538,53.9615384615385,18,48.6923076923077"
"2039,""Eugenia involucrata"",""Neotropical"",""forest"",""n"",20,NA,NA,"""","""",""Oliveira-Filhoetal2007"",19.5726583333333,1484.04166666667,49.3275125,10.4296958333333,20.16720625,12.3444444444444,40.0333333333333,5.51111111111111,20.6777777777778,53.8,19.8111111111111,40.2333333333333"
"2040,""Eugenia coffeifolia"",""Neotropical"",""forest"",""n"",NA,NA,0.756755,"""",""Zanneetal2009"","""",25.3347166666667,2455.5,48.6371,6.95746,10.1846,13,35.5833333333333,7.75,32.25,49.25,24.25,40.25"
"2041,""Eugenia sphenophylla"",""Neotropical"",""savanna"","""",15,NA,NA,"""","""",""Oliveira-Filhoetal2007"",18.16875,1393.5,77.39205,7.95055,22.89355,12,31.5,7.5,22,51,14,55"
"2042,""Eugenia wullschlaegeliana"",""Neotropical"",""forest"","""",NA,NA,0.791755,"""",""Zanneetal2009"","""",25.925,2172,63.1798,71.5968,9.4163,6.75,36,7.75,15.25,46.75,18.5,45.25"
"2043,""Eugenia stictopetala"",""Neotropical"",""savanna"","""",20,NA,NA,"""","""",""Oliveira-Filhoetal2007"",24.234494,1287.94,85.80424,42.702682,39.5231894,8.0531914893617,28.2021276595745,4.14893617021277,12.0744680851064,55.1276595744681,18.2659574468085,53.468085106383"
"2044,""Eugenia aurata"",""Neotropical"",""savanna"","""",5,10.20012217,0.435,""Batalaetal2011/Cianciarusoetal2013"",""Batalaetal2011"",""Oliveira-Filhoetal2007"",23.9254884615385,1401.73076923077,71.6173,31.9132461538462,36.0900153846154,8.34615384615385,29.4230769230769,3.11538461538462,10.7115384615385,54.8653846153846,15.5961538461538,54.9807692307692"
"2045,""Eugenia anastomosans"",""Neotropical"",""forest"","""",NA,NA,0.77,"""",""Zanneetal2009"","""",21.9734909090909,1960.27272727273,47.3865,0.5418,1.3303,24.9090909090909,32.5454545454545,10.4090909090909,49.7272727272727,51.1363636363636,24.3181818181818,43.0909090909091"
"2046,""Eugenia florida"",""Neotropical"",""forest"",""n"",NA,NA,0.587,"""",""Zanneetal2009"","""",22.0901187619048,1735.42857142857,57.5911295238095,15.8758380952381,21.4720755238095,14.4466019417476,32.5873786407767,6.24271844660194,28.7572815533981,53.5194174757282,22.2281553398058,45.1844660194175"
"2047,""Eugenia livida"",""Neotropical"",""savanna"","""",4,NA,NA,"""","""",""Oliveira-Filhoetal2007"",22.1375,1581,84.2297,59.544,14.585,6.5,34,3.5,8,55,16,50.5"
"2048,""Eugenia punicifolia"",""Neotropical"",""savanna"","""",4,9.65651783,0.5225,""Batalaetal2011/Cianciarusoetal2013"",""Abeetal2018/Batalaetal2011"",""Oliveira-Filhoetal2007"",22.682700462963,1375.80555555556,70.5365337962963,22.9031065116279,26.4265857407407,11.0399061032864,31.3732394366197,5.02347417840376,16.7347417840376,55.4741784037559,17.9765258215962,50.6549295774648"
"2049,""Eugenia myrcianthes"",""Neotropical"",""savanna"","""",8,NA,NA,"""","""",""Oliveira-Filhoetal2007"",21.6790142857143,1409.25,39.948175,20.9020714285714,23.3105525,11.2321428571429,31.5,4.125,17.375,56.1428571428571,18.9285714285714,49.4642857142857"
"2050,""Psidium sartorianum"",""Neotropical"",""forest"",""n"",25,17.2,0.56,""Markesteijnetal2011"",""Markesteijnetal2011"",""Oliveira-Filhoetal2007"",23.7369556521739,1162.26956521739,88.3566269565217,35.518551754386,22.3735793859649,25.2149122807018,38.109649122807,17.9035087719298,18.5701754385965,65.0087719298246,21.8552631578947,40.0263157894737"
"2051,""Psidium myrsinites"",""Neotropical"",""savanna"",""n"",6,NA,NA,"""","""",""Oliveira-Filhoetal2007"",24.2584163265306,1440.5306122449,83.7332530612245,44.1064816326531,25.5157857142857,6.18367346938776,27.0408163265306,3.8265306122449,9.46938775510204,53.5102040816327,16.4183673469388,56.4081632653061"
"2052,""Psidium longipetiolatum"",""Neotropical"",""forest"",""n"",30,NA,NA,"""","""",""Oliveira-Filhoetal2007"",18.01455,1578.5,26.16395,4.971,8.13,14,39.25,5.5,33.75,49.25,23.5,37.5"
"2053,""Psidium guajava"",""Neotropical"",""forest"","""",NA,NA,0.62853,"""",""Zanneetal2009"","""",21.6281724346076,1268.93863179074,78.0595866197183,24.4595692150866,18.093542147923,19.1310728744939,35.2505060728745,11.6012145748988,17.1118421052632,60.3228744939271,20.2985829959514,44.4463562753036"
"2054,""Psidium laruotteanum"",""Neotropical"",""savanna"","""",NA,6.241677128,0.53,""Batalaetal2011/DantasandBatala2012/Miatto&Batala2016"",""Batalaetal2011/Miato2011"","""",20.917828,1478.52,63.564208,33.2331692307692,32.92175,8.59615384615385,36.2115384615385,3.73076923076923,16.8846153846154,53.0769230769231,17.2307692307692,46.6153846153846"
"2055,""Psidium rufum"",""Neotropical"",""savanna"",""n"",6,NA,NA,"""","""",""Flora do Brasil"",19.035919047619,1452,78.0797142857143,14.5267238095238,21.7526380952381,10.4285714285714,40.5952380952381,3.11904761904762,24.3095238095238,52.0238095238095,17.3809523809524,41.9761904761905"
"2056,""Conocarpus erectus"",""Neotropical"",""forest"",""n"",NA,NA,1,"""",""Zanneetal2009"","""",25.5710583333333,1154.90909090909,89.3911348484849,21.60321,20.7802388148148,22.6307692307692,36.9346153846154,13.0153846153846,24.5192307692308,68.1038461538461,21.7,41.3807692307692"
"2057,""Clusia rosea"",""Neotropical"",""forest"","""",NA,NA,0.605,"""",""Zanneetal2009"","""",22.7081418604651,1751.90697674419,70.6031186046512,19.5221625,17.9874902439024,26.2738095238095,37.1071428571429,11.9047619047619,24.9761904761905,58.9523809523809,24.9761904761905,37.8452380952381"
"2058,""Calophyllum brasiliense"",""Neotropical"",""forest"",""n"",30,NA,0.583405,"""",""Zanneetal2009"",""Oliveira-Filhoetal2007"",23.7902305194805,2051.58441558442,60.8305577922078,23.3488753246753,19.0468329220779,17.9127516778523,33.3489932885906,8.51677852348993,29.7214765100671,54.1879194630872,23.751677852349,42.9697986577181"
"2059,""Ilex mitis"",""Afrotropical"",""forest"",""n"",40,NA,0.5161695,"""",""Zanneetal2009"",""CJB"",18.166973006135,1472.86503067485,82.4324742331288,26.7434950617284,25.7107580246914,16.340490797546,33.8773006134969,9.39877300613497,29.4662576687117,53.3496932515337,20.601226993865,45.5306748466258"
"2060,""Ilex rimbachii"",""Neotropical"",""forest"","""",NA,NA,0.49,"""",""Zanneetal2009"","""",14.0333,836,86.0966,0.9933,9.2,14.5,21.5,14,45,59,29.5,49"
"2062,""Alstonia boonei"",""Afrotropical"",""forest"",""n"",40,NA,0.321482,"""",""Zanneetal2009"",""JStorPlants"",25.1,1721.26086956522,58.5243608695652,7.8812347826087,12.0862173913043,11.3695652173913,31.0652173913043,15.7173913043478,16.0434782608696,52.1739130434783,16.8913043478261,52.0217391304348"
"2063,""Rollinia herzogii"",""Neotropical"",""forest"","""",NA,19.45,0.5,""Markesteijn&Poorter2009/Markesteijnetal2011"",""Markesteijnetal2011"","""",23.3108923076923,1332.61538461538,58.3834,31.0509692307692,16.2964307692308,11.5,29.9615384615385,5.65384615384615,18.2307692307692,55.4230769230769,23.0769230769231,46.9230769230769"
"2064,""Endopleura uchi"",""Neotropical"",""forest"","""",NA,NA,0.771796039,"""",""Zanneetal2009"","""",25.78125,2013.5,59.4607333333333,1.48993333333333,5.08333333333333,8.75,35.8333333333333,6.08333333333333,18.9166666666667,48.75,19.75,44.3333333333333"
"2065,""Trichoscypha arborea"",""Afrotropical"",""forest"",""n"",30,NA,0.644428099,"""",""Zanneetal2009"",""CJB"",24.1089142857143,2384.71428571429,61.8367285714286,18.6437625,9.0428625,15.3125,32.375,16.6875,22.4375,49.5625,18.5,49.0625"
"2066,""Anacardium spruceanum"",""Neotropical"",""forest"",""n"",NA,NA,0.479166667,"""",""Zanneetal2009"","""",26.775525,2020,64.73455,40.59165,18.9423625,10.375,33,5.625,27.25,49.75,22.3125,44.75"
"2067,""Anacardium parvifolium"",""Neotropical"",""forest"",""n"",NA,NA,0.525403843,"""",""Zanneetal2009"","""",26.4667,2588,28.8971,1.49105,16.15,11.5,33.5,0.25,93,44.25,35,31.5"
"2068,""Rhus pentheri"",""Afrotropical"",""savanna"",""y"",3,14.01,0.835,""Plasetal2012"",""Plasetal2012"",""JStorPlants"",19.344775,830,66.019675,83.43975,37.315675,12.25,30.625,7.625,14.125,59.25,17.75,51.5"
"2069,""Anacardium excelsum"",""Neotropical"",""forest"","""",NA,NA,0.391291429,"""",""Zanneetal2009"","""",25.9354182926829,1967.91463414634,57.0824158536585,14.718212195122,17.3476656097561,21.9567901234568,34.9197530864198,11.0802469135802,22.6234567901235,58.4938271604938,27.2469135802469,37.7037037037037"
"2070,""Rhus dentata"",""Afrotropical"",""savanna"",""y"",6,14.52,0.761,""Plasetal2012"",""Plasetal2012"",""JStorPlants"",15.7204705882353,850.764705882353,69.4185117647059,108.885864705882,40.3765588235294,14.1911764705882,31.9411764705882,7.57352941176471,14.75,59.6470588235294,20.9411764705882,47.1323529411765"
"2071,""Sterculia rhinopetala"",""Afrotropical"",""forest"",""n"",37,NA,0.672906149,"""",""Zanneetal2009"",""JStorPlants"",24.22418,1534.8,61.42712,12.5278,7.83198,10.6,37.3,15.8,12.5,52.8,16.4,46.3"
"2072,""Dombeya rotundifolia"",""Afrotropical"",""savanna"",""n"",12,13.43,0.854,""Plasetal2012"",""Plasetal2012"",""JStorPlants"",19.2484164556962,855.974683544304,87.6055443037975,47.1649443037975,27.0944378481013,11.6645569620253,29.1708860759494,9.32911392405063,11.8481012658228,60.3164556962025,14.746835443038,56.1012658227848"
"2073,""Sterculia excelsa"",""Neotropical"",""forest"","""",NA,NA,0.51,"""",""Zanneetal2009"","""",25.6861,2019.33333333333,71.3994666666667,6.6258,33.4721666666667,8,26.1666666666667,2.16666666666667,46.1666666666667,50,20.1666666666667,53.6666666666667"
"2074,""Sterculia striata"",""Neotropical"",""forest"","""",22,NA,NA,"""","""",""Oliveira-Filhoetal2007"",24.2690894736842,1317.89473684211,71.0636,36.5688105263158,29.2892157894737,9.23684210526316,30.7368421052632,4.60526315789474,12.9210526315789,55.6052631578947,19.1052631578947,50.1578947368421"
"2075,""Schrebera arborea"",""Afrotropical"",""forest"",""n"",35,NA,0.662854723,"""",""Zanneetal2009"",""JStorPlants"",25.41584,1283.8,79.63762,50.28198,30.70502,8.9,34.3,20.6,10.7,56,15.5,50.1"
"2076,""Wallacea insignis"",""Neotropical"",""forest"","""",NA,NA,0.65,"""",""Zanneetal2009"","""",26.4854333333333,3006,38.4495666666667,5.1357,4.99611666666667,11,25.6666666666667,3.08333333333333,43.8333333333333,46,26.5,47.8333333333333"
"2077,""Bougainvillea modesta"",""Neotropical"",""forest"","""",NA,21.95,0.42,""Markesteijn&Poorter2009/Markesteijnetal2011"",""Markesteijnetal2011"","""",23.523975,1535,54.60775,19.635725,20.439225,13,29.375,9,18.625,55.75,22.625,48.125"
"2078,""Clusia alata"",""Neotropical"",""forest"","""",NA,NA,0.56,"""",""Zanneetal2009"","""",14.5454622222222,1761.17777777778,52.3080755555556,1.96510666666667,12.1427733333333,28.0333333333333,25.5666666666667,15.5555555555556,83.7888888888889,55.4111111111111,31.0333333333333,43.2888888888889"
"2079,""Chrysochlamys weberbaueri"",""Neotropical"",""forest"",""n"",5,NA,0.43,"""",""Zanneetal2009"",""FloradoBrasil"",24.6435846153846,2557.07692307692,47.7983307692308,3.21045384615385,9.76599230769231,13.2307692307692,34.8461538461538,6.57692307692308,29.2692307692308,51,24.2307692307692,40.8461538461538"
"2080,""Clusia sellowiana"",""Neotropical"",""forest"","""",10,NA,NA,"""","""",""Oliveira-Filhoetal2007"",24.3037,1929,42.4959111111111,11.2500666666667,14.0439555555556,13.4444444444444,32.2222222222222,6.33333333333333,22.4444444444444,52.1111111111111,22.5555555555556,45.2777777777778"
"2081,""Clusia fockeana"",""Neotropical"",""forest"","""",NA,NA,0.65,"""",""Zanneetal2009"","""",26.66665,2201.5,49.8409,1.987,8.3,9.75,28.5,5,21.5,48.25,19.25,52.25"
"2082,""Clusia fluminensis"",""Neotropical"",""forest"","""",8,NA,NA,"""","""",""Oliveira-Filhoetal2007"",22.6417,1097,56.2375,28.7912,20.5724,11,32.5,1.5,19.5,52.5,16,52"
"2083,""Morus mesozygia"",""Afrotropical"",""forest"",""n"",40,NA,0.726444625,"""",""Zanneetal2009"",""JStorPlants"",23.5046277777778,1250.16666666667,74.9488555555556,24.7314444444444,18.1422388888889,13.9411764705882,30.1176470588235,8.32352941176471,15.3235294117647,56.6470588235294,16.8235294117647,52.9705882352941"
"2084,""Ficus coerulescens"",""Neotropical"",""forest"",""n"",NA,NA,0.365,"""",""Zanneetal2009"","""",24.6416583333333,1985.83333333333,51.63555,5.05295,8.9794375,13.4166666666667,31.25,3.95833333333333,16.0416666666667,53.625,28.4583333333333,40.2916666666667"
"2085,""Ficus nymphaeifolia"",""Neotropical"",""forest"",""n"",NA,NA,0.415,"""",""Zanneetal2009"","""",24.9504,2241.90476190476,50.4470047619048,12.3877714285714,16.8664857142857,15.3571428571429,31.952380952381,6.04761904761905,28.047619047619,53.0714285714286,25.7142857142857,42.2619047619048"
"2086,""Ficus hartwegii"",""Neotropical"",""forest"","""",NA,NA,0.39,"""",""Zanneetal2009"","""",23.2251826086957,3266.91304347826,39.8656260869565,3.9743347826087,7.40246652173913,29.1521739130435,31.0434782608696,11.6086956521739,62.2826086956522,53.9130434782609,28.3695652173913,40.6739130434783"
"2087,""Poulsenia armata"",""Neotropical"",""forest"",""y"",25,NA,0.394446667,"""",""Santiagoetal2004/Zanneetal2009"",""FloradoBrasil"",23.2756346153846,2294.15384615385,53.0667076923077,21.9816111111111,11.410237037037,24.44,32.54,9.52,39.56,54.9,26.98,40.46"
"2088,""Ficus saussureana"",""Afrotropical"",""forest"",""n"",30,11.53402537,NA,""Dominguesetal2010"","""",""CJB"",25.85334,1341.6,84.46182,59.52624,13.58202,10,34,22.8,14.9,52.7,20.6,45.3"
"2089,""Ficus calyptroceras"",""Neotropical"",""forest"",""n"",18,NA,NA,"""","""",""Oliveira-Filhoetal2007"",23.0984818181818,1110.54545454545,76.67995,29.2750727272727,23.3620136363636,9.92857142857143,30.6666666666667,4.19047619047619,10.2619047619048,57.4523809523809,19.4047619047619,49.9523809523809"
"2090,""Ficus gomelleira"",""Neotropical"",""forest"",""n"",45,NA,NA,"""","""",""Oliveira-Filhoetal2007"",23.0066387755102,1295.22448979592,66.7105979591837,17.8317204081633,20.4401167346939,11.21875,30.9583333333333,5.28125,16.7083333333333,55.53125,19.5416666666667,49.5416666666667"
"2091,""Ficus boliviana"",""Neotropical"",""forest"","""",NA,38,0.411,""Markesteijn&Poorter2009"",""Poorter2010"","""",24.109375,2256.25,55.99385,22.619625,32.6571,12.75,32.25,4.875,16.625,49.75,28.5,39.5"
"2092,""Ficus maxima"",""Neotropical"",""forest"",""n"",35,NA,0.360453612,"""",""Zanneetal2009"",""Oliveira-Filhoetal2007"",23.9099025125628,1596.608040201,74.7762854271357,31.1569101010101,22.0231716080402,23.7923076923077,36.4282051282051,14.1846153846154,21.6307692307692,60.4461538461538,23.7717948717949,39.774358974359"
"2093,""Ficus luschnathiana"",""Neotropical"",""forest"",""n"",15,NA,NA,"""","""",""Oliveira-Filhoetal2007"",19.4389010204082,1609.76530612245,31.193262244898,8.24405918367347,11.0614890816327,14.6855670103093,36.4226804123711,4.42783505154639,25.7164948453608,53.0721649484536,22.180412371134,41.4278350515464"
"2094,""Clarisia racemosa"",""Neotropical"",""forest"",""n"",NA,NA,0.585417648,"""",""Zanneetal2009"","""",24.3941117647059,2251.41176470588,55.5677647058824,16.4892411764706,11.3515882352941,12.3235294117647,33.5882352941176,5.85294117647059,17.3529411764706,50.6176470588235,25.2352941176471,41.0588235294118"
"2095,""Ficus trigona"",""Neotropical"",""forest"",""n"",35,NA,NA,"""","""",""Oliveira-Filhoetal2007"",23.4713413636364,1847.89393939394,56.2926545454545,17.3061194029851,15.5492362686567,12.8230769230769,31.2384615384615,6.20769230769231,26.1230769230769,51.7846153846154,24.1615384615385,44.5076923076923"
"2096,""Magonia pubescens"",""Neotropical"",""forest"",""n"",20,NA,0.77,"""",""Zanneetal2009"",""FloradoBrasil"",24.285668,1308.08,80.843336,36.170424,29.308644,8.10416666666667,28.3958333333333,4.58333333333333,11.875,54.9791666666667,18.5,53.1041666666667"
"2097,""Allophylus strictus"",""Neotropical"",""forest"",""n"",8,NA,NA,"""","""",""Oliveira-Filhoetal2007"",24.0811066666667,1417.4,62.1116,40.1589,26.1419466666667,9.86666666666667,31.6666666666667,3.4,11.5666666666667,54.7666666666667,21.2,47.1666666666667"
"2098,""Allophylus scrobiculatus"",""Neotropical"",""forest"",""n"",NA,NA,0.46,"""",""Zanneetal2009"","""",25.77295,2376.5,32.3952,0.4964,6.85,12,30.75,3,35.25,47.5,26.75,42.75"
"2099,""Allophylus quercifolius"",""Neotropical"",""forest"",""n"",4,NA,NA,"""","""",""Oliveira-Filhoetal2007"",23.42083,703.8,74.60097,5.56041,16.82809,12,25.45,6.65,8.3,61.55,19,55.5"
"2100,""Allophylus puberulus"",""Neotropical"",""forest"",""n"",15,NA,NA,"""","""",""Oliveira-Filhoetal2007"",22.7188578947368,1348.10526315789,52.4619947368421,23.5666631578947,20.7375157894737,12.6052631578947,32.5789473684211,4.57894736842105,16.4473684210526,55.1578947368421,18.4736842105263,48.9736842105263"
"2101,""Allophylus peruvianus"",""Neotropical"",""forest"",""n"",NA,NA,0.39,"""",""Zanneetal2009"","""",23.6486,2354.33333333333,35.0929666666667,0.331,1.66666666666667,13.5,34,7.16666666666667,31.5,48.1666666666667,27.6666666666667,38.5"
"2102,""Placodiscus pseudostipularis"",""Afrotropical"",""forest"","""",15,NA,0.793291506,"""",""Zanneetal2009"",""JStorPlants"",26.0833,2346.33333333333,84.7425,18.1986666666667,14.3681666666667,13.3333333333333,26.5,25.1666666666667,15.6666666666667,51,23.5,49.6666666666667"
"2103,""Allophylus glabratus"",""Neotropical"",""forest"",""n"",NA,NA,0.39,"""",""Zanneetal2009"","""",21.6729,1826.25,68.385375,5.214825,6.23215,13.125,29.25,7.375,31,52.5,30.25,40.25"
"2104,""Goniodiscus elaeospermus"",""Neotropical"",""forest"","""",NA,NA,0.58,"""",""Zanneetal2009"","""",26.4792,1959,76.7954,53.6112,26.5222,7,35,2,10.5,48,19,46"
"2105,""Zygia racemosa"",""Neotropical"",""forest"","""",NA,NA,0.748,"""",""Zanneetal2009"","""",25.12085,2782.5,25.98225,0,0,11,34.5,6.75,38.5,46.5,20.25,45.75"
"2106,""Anthodiscus pilosus"",""Neotropical"",""forest"","""",NA,NA,0.69,"""",""Zanneetal2009"","""",26.5208,2540,22.7155,0,0,16,29.5,0.5,60,46,31.5,39"
"2107,""Anthodiscus peruanus"",""Neotropical"",""forest"",""n"",NA,NA,0.69,"""",""Zanneetal2009"","""",24.0402666666667,2015.66666666667,31.3456,1.98806666666667,13.3333333333333,12.3333333333333,32.8333333333333,4.33333333333333,38,49.6666666666667,25.5,41.3333333333333"
"2108,""Anthodiscus amazonicus"",""Neotropical"",""forest"",""n"",NA,NA,0.715,"""",""Zanneetal2009"","""",24.7291666666667,2303.16666666667,43.8177333333333,31.78355,11.0076166666667,14.5833333333333,33.3333333333333,4.16666666666667,31.0833333333333,49.1666666666667,27.8333333333333,39.0833333333333"
"2109,""Esenbeckia oligantha"",""Neotropical"",""savanna"","""",4,NA,NA,"""","""",""Oliveira-Filhoetal2007"",24.3805333333333,1225.33333333333,83.9797666666667,60.6245,37.0455333333333,8,25.1666666666667,8.33333333333333,9.16666666666667,58.1666666666667,15.1666666666667,59.3333333333333"
"2110,""Erythrochiton fallax"",""Neotropical"",""forest"","""",NA,13.15789474,0.5625,""Kitajima&Poorter2010"",""Poorter2010/Zanneetal2009"","""",24.00918,1721.4,56.5771,4.37508,11.97334,10.1,30.3,5.6,19.7,53.8,21.7,48.2"
"2111,""Hortia longifolia"",""Neotropical"",""forest"","""",NA,NA,0.9,"""",""Zanneetal2009"","""",25.6638666666667,2196,63.0872666666667,22.5120333333333,13.0049666666667,7,34.6666666666667,3,16,46.1666666666667,19.1666666666667,46.3333333333333"
"2112,""Hortia brasiliana"",""Neotropical"",""savanna"",""n"",25,NA,NA,"""","""",""Oliveira-Filhoetal2007"",21.4319,1458.84375,52.85083125,16.1001,25.8544165625,12.296875,34.578125,4.890625,21.921875,53.6875,18.0625,47.46875"
"2113,""Meriania urceolata"",""Neotropical"",""forest"",""n"",NA,NA,0.49,"""",""Zanneetal2009"","""",25.4210657142857,2351.54285714286,50.4289971428571,14.1317857142857,14.0649,11.0428571428571,30.3714285714286,5.97142857142857,29.5857142857143,48.8,24.4,45.2"
"2114,""Casearia lasiophylla"",""Neotropical"",""forest"",""n"",18,NA,NA,"""","""",""Oliveira-Filhoetal2007"",20.1579333333333,1515.04761904762,51.7284095238095,20.9615142857143,23.4076004761905,11.4761904761905,41.9285714285714,3.47619047619048,19.047619047619,53.5238095238095,18.8333333333333,39.2380952380952"
"2115,""Pera coccinea"",""Neotropical"",""forest"",""n"",NA,NA,0.73,"""",""Zanneetal2009"","""",25.5729,1700.16666666667,78.8449833333333,44.0597333333333,37.9233333333333,7.25,32,1.91666666666667,12.3333333333333,51.5833333333333,16.9166666666667,51"
"2116,""Chaetocarpus schomburgkianus"",""Neotropical"",""forest"",""n"",NA,NA,0.804876667,"""",""Zanneetal2009"","""",22.1423666666667,1950.08333333333,46.0686833333333,43.9274083333333,13.06305,16.8333333333333,29.875,8.5,45.2083333333333,50.25,26.0416666666667,44.1666666666667"
"2117,""Chaetocarpus echinocarpus"",""Neotropical"",""savanna"",""n"",25,NA,NA,"""","""",""Oliveira-Filhoetal2007"",24.1451923076923,1608.92307692308,63.4643307692308,39.9354384615385,32.9176230769231,9.61538461538461,27.6538461538462,3.65384615384615,16.2307692307692,52.9615384615385,16.5,55.8076923076923"
"2118,""Swartzia ingifolia"",""Neotropical"",""forest"",""n"",30,NA,0.815,"""",""Zanneetal2009"",""FloradoBrasil"",26.02605,1950,57.860025,17.122025,17.870225,9.875,30.75,1.75,18.5,49.625,26.5,42.625"
"2119,""Pavonia malvaviscoides"",""Neotropical"",""forest"",""n"",6,NA,NA,"""","""",""Oliveira-Filhoetal2007"",20.6958,1390,90.665,23.8536,22.2125,9.5,44,4,12,55,18,38"
"2120,""Afzelia parviflora"",""Afrotropical"",""forest"","""",15,NA,0.679409966,"""",""Zanneetal2009"",""CJB"",25.4349125,2631.5,74.61945,17.4602625,8.11705375,12.625,31.0625,21.25,26.25,50.875,19.875,48.875"
"2121,""Faurea macnaughtonii"",""Afrotropical"",""forest"",""n"",18,NA,0.814506,"""",""Zanneetal2009"",""JStorPlants"",18.3680555555556,850.888888888889,51.2864333333333,54.1700555555556,93.8493555555556,15.1111111111111,31.1666666666667,9.22222222222222,18.1111111111111,59.3888888888889,21,47.8888888888889"
"2122,""Panopsis sessilifolia"",""Neotropical"",""forest"","""",NA,NA,0.5033,"""",""Zanneetal2009"","""",24.668775,2240.5,52.22405,3.71915,4.24285,14.375,29.875,8.625,31,51.75,22.75,47.125"
"2123,""Strychnos mitis"",""Afrotropical"",""forest"",""n"",40,NA,0.675885,"""",""Zanneetal2009"",""JStorPlants"",24.2951333333333,780.166666666667,83.3726,27.1664833333333,30.4175666666667,21.1666666666667,30.6666666666667,6.16666666666667,11.9166666666667,65.75,17,52.3333333333333"
"2124,""Strychnos madagascariensis"",""Afrotropical"",""savanna"",""n"",20,7.354009313,0.813000207,""Higginsetal2012/Zizkaetal2014"",""Higginsetal2012"",""JStorPlants"",24.1428383561644,1201.47945205479,95.5370869863014,31.2680383561644,24.1753406164384,13.1,27.3034482758621,9.57931034482759,14.5,59.5896551724138,15.2,57.5103448275862"
"2125,""Strychnos bicolor"",""Neotropical"",""savanna"",""n"",NA,14.834,NA,""Miatto&Batala2016"","""","""",21.67605,1478.25,74.28295,34.253625,38.041175,6.875,34.375,4,15.625,53.25,16.625,49.25"
"2126,""Erisma uncinatum"",""Neotropical"",""forest"","""",NA,NA,0.523046786,"""",""Zanneetal2009"","""",19.6333333333333,2090.66666666667,43.4713,44.9914,33.987,15.625,28,7.5,62.625,49.875,23.5,48.75"
"2127,""Erisma fuscum"",""Neotropical"",""forest"",""n"",25,NA,0.56,"""",""Zanneetal2009"",""FloradoBrasil"",26.4333,2372,40.1397,0,0,7.5,40,3,14,43,19,41"
"2128,""Erisma calcaratum"",""Neotropical"",""forest"",""n"",20,NA,0.68,"""",""Zanneetal2009"",""FloradoBrasil"",26.5382,2820.66666666667,41.5191,1.48935,2.91111666666667,9.25,27.5833333333333,2.91666666666667,37,45.4166666666667,23.75,48.6666666666667"
"2129,""Sloanea nitida"",""Neotropical"",""forest"",""n"",20,NA,0.955,"""",""Zanneetal2009"",""FloradoBrasil"",25.8667,2411,50.6624,0,0,8,32.5,8,12,52.5,17,51"
"2130,""Sloanea laurifolia"",""Neotropical"",""forest"",""n"",40,NA,0.8155,"""",""Zanneetal2009"",""FloradoBrasil"",23.3984375,2664.75,51.0536875,3.4789125,2.99890375,21.375,30.4375,7.0625,34.0625,51.25,29.1875,40.5625"
"2131,""Sloanea synandra"",""Neotropical"",""forest"","""",NA,NA,0.653,"""",""Zanneetal2009"","""",25.0208,3374,18.0354,0,0,9.5,29,10,34,46,24,47"
"2132,""Sloanea schomburgkii"",""Neotropical"",""forest"","""",NA,NA,0.8655,"""",""Zanneetal2009"","""",26.4833,2155,45.61285,1.48885,10.45,8.5,33.75,7.25,23.5,47,21.75,45"
"2133,""Sloanea robusta"",""Neotropical"",""forest"","""",25,NA,0.861,"""",""Zanneetal2009"",""Oliveira-Filhoetal2007"",24.3374666666667,2423.33333333333,35.9978666666667,0.9937,6.27776666666667,15.6666666666667,33,7.5,45.1666666666667,47.3333333333333,23.1666666666667,43.8333333333333"
"2134,""Sloanea grandiflora"",""Neotropical"",""forest"","""",NA,NA,0.81025,"""",""Zanneetal2009"","""",25.9845142857143,2157.57142857143,53.5313142857143,3.1192,5.41054857142857,14.5,34.4285714285714,11.8571428571429,34.8571428571429,52.8571428571429,22.2857142857143,43.3571428571429"
"2135,""Sloanea fragrans"",""Neotropical"",""forest"","""",NA,NA,0.47,"""",""Zanneetal2009"","""",24.43752,2078,46.26516,0.59568,1.66,17.2,34.2,10.4,35.4,50.2,24.2,41.6"
"2136,""Cordia cicatricosa"",""Neotropical"",""forest"","""",NA,NA,0.41,"""",""Zanneetal2009"","""",26.2208,2960,17.1852,7.948,33.8,19,27,9,80,48,18,55"
"2137,""Cordia caffra"",""Afrotropical"",""savanna"",""n"",7,20.03,0.627,""Plasetal2012"",""Plasetal2012"",""JStorPlants"",22.250541025641,708.948717948718,86.5399307692308,28.87987,19.353195,15.575,27.6875,9.175,14.5875,63.975,14.3375,57.975"
"2138,""Cordia africana"",""Afrotropical"",""forest"",""n"",24,NA,0.465570199,"""",""Zanneetal2009"",""JStorPlants"",19.8753976190476,1127.7380952381,73.4614357142857,18.7947775,16.4554714285714,22.3214285714286,37.5119047619048,12.1190476190476,19.75,61.1547619047619,20.1547619047619,42.3571428571429"
"2139,""Cordia ucayaliensis"",""Neotropical"",""forest"",""n"",NA,NA,0.41,"""",""Zanneetal2009"","""",24.42395,2559.75,39.71585,48.7086,10.709725,9.625,33.625,5.75,43.75,45.5,24.125,42.375"
"2140,""Cordia tetrandra"",""Neotropical"",""forest"",""n"",NA,NA,0.345,"""",""Zanneetal2009"","""",25.94765625,1995.125,63.3864,23.98356,18.166,13.125,32.15625,6.1875,23.25,54.5625,25.90625,42"
"2141,""Cordia sericicalyx"",""Neotropical"",""forest"",""n"",NA,NA,0.38745,"""",""Zanneetal2009"","""",24.0764,2467,57.5135333333333,10.5885333333333,14.5266666666667,16,33.5,6.66666666666667,23.3333333333333,52,23.6666666666667,43.1666666666667"
"2142,""Cordia scabrifolia"",""Neotropical"",""forest"",""n"",NA,NA,0.474,"""",""Zanneetal2009"","""",25.7791857142857,1996.71428571429,67.3660714285714,31.9298428571429,22.1431571428571,8.64285714285714,34.2857142857143,3.92857142857143,10.3571428571429,48.4285714285714,21.6428571428571,44.3571428571429"
"2143,""Cordia sagotii"",""Neotropical"",""forest"","""",NA,NA,0.40915,"""",""Zanneetal2009"","""",24.75,1751.33333333333,67.7170166666667,22.6832,16.78465,12.1,37,7.4,11.2,51.6,19.2,43.7"
"2144,""Cordia millenii"",""Afrotropical"",""forest"",""n"",NA,NA,0.40915,"""",""Zanneetal2009"","""",23.9934571428571,1482.42857142857,50.5381,24.8505571428571,13.2976757142857,11.9166666666667,27.3333333333333,12.6666666666667,17.3333333333333,53.25,20.5833333333333,52.1666666666667"
"2145,""Cordia lomatoloba"",""Neotropical"",""forest"",""n"",NA,NA,0.41,"""",""Zanneetal2009"","""",25.215625,2149.25,42.273325,3.479,3.925,10.875,33,3.125,20.125,48.75,27.25,39.875"
"2146,""Cordia laevifrons"",""Neotropical"",""forest"","""",NA,NA,0.33,"""",""Zanneetal2009"","""",26.3833,1793,70.1907,0,0,13,36.5,15,16,46.5,20,43"
"2147,""Cordia goeldiana"",""Neotropical"",""forest"",""n"",NA,NA,0.498,"""",""Zanneetal2009"","""",25.697925,2092.5,64.36565,47.848325,18.5473,9.375,40,2,13.25,46.625,19,40.875"
"2148,""Cordia fallax"",""Neotropical"",""forest"",""n"",NA,NA,0.373725,"""",""Zanneetal2009"","""",18.1777666666667,1696,56.8931,0.6616,34.0333333333333,25.5,30.6666666666667,10.8333333333333,61.1666666666667,55.1666666666667,24,45.1666666666667"
"2149,""Cordia ecalyculata"",""Neotropical"",""forest"",""n"",20,NA,NA,"""","""",""Oliveira-Filhoetal2007"",19.6548829268293,1598.0487804878,31.2880463414634,11.9031707317073,16.3046585365854,13.4878048780488,43.3536585365854,3.89024390243902,22.4024390243902,54.3170731707317,19.9634146341463,36.6829268292683"
"2150,""Euclea undulata"",""Afrotropical"",""savanna"",""n"",9,9.55,0.748,""Plasetal2012"",""Plasetal2012"",""JStorPlants"",18.8903512195122,464.268292682927,66.9302804878049,16.7497341463415,29.71867,12.9634146341463,24.7682926829268,11.9024390243902,8.52439024390244,69.9146341463415,15.1585365853659,60.0243902439024"
"2151,""Euclea divinorum"",""Afrotropical"",""savanna"",""n"",15,5.874,0.878,""Plasetal2012/Zizkaetal2014"",""Plasetal2012"",""JStorPlants"",20.410625,815.316666666667,81.3178566666667,24.6209866666667,25.6659593333333,17.8559322033898,31.4491525423729,7.69491525423729,11.9067796610169,63.3305084745763,16.9830508474576,51.5847457627119"
"2152,""Ceiba insignis"",""Neotropical"",""forest"","""",50,NA,0.285,"""",""Zanneetal2009"",""Oliveira-Filhoetal2007"",24.4979071428571,1423.57142857143,58.8966642857143,16.1824071428571,19.5256528571429,14.0384615384615,28,7.30769230769231,16.6923076923077,59.3461538461538,23.5,48.3846153846154"
"2153,""Leonia cymosa"",""Neotropical"",""forest"","""",NA,NA,0.65,"""",""Zanneetal2009"","""",25.5905318181818,2564.68181818182,32.1597181818182,6.95553181818182,4.94836363636364,11.7727272727273,30.8409090909091,3.02272727272727,36.7272727272727,45.7045454545455,26.9772727272727,42.1136363636364"
"2154,""Leonia crassa"",""Neotropical"",""forest"","""",NA,NA,0.65,"""",""Zanneetal2009"","""",25.6987230769231,2628,41.7496538461538,6.18610769230769,6.13816384615385,10.6923076923077,30.9615384615385,5.61538461538461,31.2307692307692,48.2692307692308,27.5384615384615,41.6153846153846"
"2155,""Godmania aesculifolia"",""Neotropical"",""forest"","""",10,NA,0.52,"""",""Zanneetal2009"",""FloradoBrasil"",25.6168090909091,1619.09090909091,89.7025045454545,58.1309829545455,24.9377204545455,22.6436781609195,36.2931034482759,14.9597701149425,16.7011494252874,62.5114942528736,24.4655172413793,39.2413793103448"
"2156,""Markhamia tomentosa"",""Afrotropical"",""forest"",""n"",20,NA,0.473000941,"""",""Zanneetal2009"",""JStorPlants"",25.2544085714286,1620.71428571429,65.57622,28.8729085714286,17.1979942857143,10.6714285714286,31.8714285714286,13.3857142857143,15.2714285714286,52.9714285714286,17.5714285714286,50.5"
"2157,""Markhamia lutea"",""Afrotropical"",""forest"",""n"",24,NA,0.474318186,"""",""Zanneetal2009"",""JStorPlants"",21.3475961538462,1419.11538461538,58.5085769230769,11.1963038461538,16.3303615384615,17.3269230769231,40,9.19230769230769,21.4423076923077,55,19.4615384615385,40.5192307692308"
"2158,""Marquesia macroura"",""Afrotropical"",""forest"",""n"",25,41.8,0.75768,""Vyniaetal2012"",""Zanneetal2009"",""CJB"",21.3948,1205.25,94.771875,99.9007,24.617825,6.125,27,6.375,8.75,56,11.5,61.375"
"2159,""Agarista glaberrima"",""Neotropical"",""savanna"",""n"",4,NA,NA,"""","""",""Oliveira-Filhoetal2007"",19.0162222222222,1396.33333333333,84.4015111111111,19.6612222222222,21.3562555555556,9.61111111111111,34.9444444444444,5.44444444444444,28.5555555555556,52.1111111111111,14.7777777777778,50.2222222222222"
"2160,""Agarista chapadensis"",""Neotropical"",""savanna"",""n"",6,NA,NA,"""","""",""Oliveira-Filhoetal2007"",19.5653,1223.66666666667,74.8396,39.6938,48.2014333333333,8.33333333333333,29.3333333333333,5,13.8333333333333,56,16.1666666666667,54.3333333333333"
"2161,""Sextonia rubra"",""Neotropical"",""forest"","""",NA,NA,0.552296552,"""",""Zanneetal2009"","""",25.00416,2225,61.21872,22.44964,18,13,33.6,4.4,30.7,47.5,22.7,44"
"2162,""Nectandra cissiflora"",""Neotropical"",""forest"","""",35,NA,NA,"""","""",""Oliveira-Filhoetal2007"",21.6212620689655,1754.68965517241,56.7507620689655,18.6826633333333,18.7805066666667,15.6206896551724,32.051724137931,8.10344827586207,32,53.7758620689655,24.2586206896552,43.6896551724138"
"2163,""Nectandra angusta"",""Neotropical"",""forest"","""",NA,NA,0.48,"""",""Zanneetal2009"","""",19.5083416666667,913.083333333333,79.1422666666667,12.0060083333333,17.6920083333333,15.7083333333333,30.875,14,31.875,55.9166666666667,25.7916666666667,43.2916666666667"
"2164,""Pleurothyrium parviflorum"",""Neotropical"",""forest"",""n"",30,NA,0.47,"""",""Zanneetal2009"",""FloradoBrasil"",26.6486,2320.33333333333,38.7303,0.662666666666667,14.7166666666667,10.75,29.75,1,64.25,48,28.75,41.5"
"2165,""Nectandra reticulata"",""Neotropical"",""forest"","""",NA,NA,0.505,"""",""Zanneetal2009"","""",20.7166661428571,1858.08571428571,55.8843857142857,12.2347757142857,14.0051732857143,23.2857142857143,33.4428571428571,11.6571428571429,41.7928571428571,55.1928571428571,26.05,40.5357142857143"
"2166,""Mollia speciosa"",""Neotropical"",""forest"","""",NA,NA,0.49,"""",""Zanneetal2009"","""",27.0722166666667,2869.33333333333,55.4839166666667,3.80338333333333,5.77593333333333,12.75,25.25,7.66666666666667,59,47.1666666666667,25.5,49.3333333333333"
"2167,""Mollia gracilis"",""Neotropical"",""forest"","""",NA,NA,0.49,"""",""Zanneetal2009"","""",25.20168,2501.6,37.2449,1.98812,7.033334,12.6,30.6,4.9,40.7,49.8,24.2,45.3"
"2168,""Luehea paniculata"",""Neotropical"",""forest"","""",10,NA,0.54,"""",""Zanneetal2009"",""Oliveira-Filhoetal2007"",22.9894625,1265.46875,69.44721875,28.83868125,24.10236875,13.140625,28.703125,6.84375,15.8125,56.796875,20.046875,51.265625"
"2169,""Luehea grandiflora"",""Neotropical"",""forest"","""",15,NA,NA,"""","""",""Oliveira-Filhoetal2007"",21.9346953488372,1380.74418604651,65.7661162790698,23.1530023255814,22.2732611627907,8.92857142857143,32.7857142857143,3.79761904761905,14.5595238095238,54.2380952380952,16.6309523809524,50.5952380952381"
"2170,""Luehea cymulosa"",""Neotropical"",""forest"","""",NA,NA,0.48,"""",""Zanneetal2009"","""",25.88095,2196.14285714286,40.8567571428571,10.7185928571429,12.2678142857143,12.9615384615385,29.5769230769231,2.26923076923077,35.7307692307692,48.1538461538462,29.7307692307692,40.8846153846154"
"2171,""Lovoa swynnertonii"",""Afrotropical"",""forest"",""n"",50,NA,0.5678295,"""",""Zanneetal2009"",""JStorPlants"",17.1042,1123,77.5628,0,0,25,50,9,28.5,55.5,24,26.5"
"2172,""Terminalia januariensis"",""Neotropical"",""savanna"",""n"",25,NA,NA,"""","""",""Oliveira-Filhoetal2007"",18.025,1328,64.6011,7.9368,13.975,7.5,45.5,2.5,16.5,52,19.5,35.5"
"2173,""Diospyros capreifolia"",""Neotropical"",""forest"","""",NA,NA,0.73,"""",""Zanneetal2009"","""",25.42605,2407.75,62.129,32.7896,19.024525,10.125,35.25,6.75,15.375,48.375,20.125,44.875"
"2174,""Celtis africana"",""Afrotropical"",""forest"",""n"",40,NA,0.6194895,"""",""Zanneetal2009"",""CJB"",18.5821404545455,892.015151515152,70.2762545454545,47.7264333333333,31.3603765151515,16.3153846153846,32.0769230769231,8.98461538461538,16.9923076923077,60.7230769230769,19.5769230769231,48.3538461538462"
"2175,""Mouriri sagotiana"",""Neotropical"",""forest"","""",NA,NA,0.9,"""",""Zanneetal2009"","""",25.84515,1990.5,63.4723666666667,39.5368833333333,17.4524166666667,10.7,33.8,5.5,18.4,48.3,22.1,43.8"
"2176,""Eugenia hiemalis"",""Neotropical"",""forest"",""n"",4,NA,NA,"""","""",""Oliveira-Filhoetal2007"",20.4808841269841,1463.66666666667,33.2818955555556,22.3530619047619,22.0458587301587,13.3196721311475,34.2049180327869,4.38524590163934,21.2459016393443,55.2213114754098,19.827868852459,45.9672131147541"
"2177,""Mouriri sideroxylon"",""Neotropical"",""forest"","""",NA,NA,0.88,"""",""Zanneetal2009"","""",26.8333,3270,49.5162,0,0,9,33.5,10.5,25,45,19.5,47"
"2178,""Sterculia pruriens"",""Neotropical"",""forest"","""",NA,NA,0.486208,"""",""Zanneetal2009"","""",25.7821285714286,2119.85714285714,62.3850857142857,23.98965,17.9874125,14.3125,31.125,6.1875,27.25,50.8125,21.9375,46.8125"
"2179,""Helicteres ovata"",""Neotropical"",""forest"",""n"",5,NA,NA,"""","""",""Oliveira-Filhoetal2007"",22.4027833333333,1273,74.90945,27.28355,25.5348833333333,10.4166666666667,31.1666666666667,4.66666666666667,9.41666666666667,56.1666666666667,15.5,53.25"
"2180,""Diospyros hispida"",""Neotropical"",""savanna"",""n"",13,7.844064967,0.348,""Batalaetal2011/Cianciarusoetal2013/DantasandBatala2012/Miatto&Batala2016"",""Batalaetal2011"",""Oliveira-Filhoetal2007"",23.9237892307692,1527.84615384615,78.0127584615385,38.6193169230769,31.3701046153846,7.0859375,29.640625,3.171875,12.359375,53.6171875,17.5078125,52.84375"
"2181,""Diospyros guianensis"",""Neotropical"",""forest"","""",NA,NA,0.73,"""",""Zanneetal2009"","""",25.35668,1948.8,74.1016,16.4012,12.72472,13.6,29.8,5.4,24.2,50.5,24.1,46.3"
"2182,""Euclea natalensis"",""Afrotropical"",""savanna"",""n"",18,5.392,NA,""Zizkaetal2014"","""",""JStorPlants"",21.8410785714286,898.595238095238,76.414019047619,33.9213658536585,27.1167902439024,11.5,26.702380952381,6.88095238095238,11.6547619047619,60.5,13.1309523809524,60.1547619047619"
"2183,""Diospyros abyssinica"",""Afrotropical"",""forest"",""n"",36,NA,0.98,"""",""Zanneetal2009"",""JStorPlants"",21.8333352941176,1148.79411764706,82.6195735294118,27.9993705882353,18.1843441176471,18.6470588235294,35.1323529411765,14.7794117647059,19.1323529411765,58,19.9852941176471,44.8676470588235"
"2184,""Euclea crispa"",""Afrotropical"",""savanna"",""n"",8,5.58,0.878,""Plasetal2012"",""Plasetal2012"",""JStorPlants"",17.2709125,807.107142857143,80.8554803571429,57.1838660714286,34.11625,11.9727272727273,30.0545454545455,7.99090909090909,12.4181818181818,59.9454545454545,16.9818181818182,52.9181818181818"
"2185,""Stenostomum acreanum"",""Neotropical"",""forest"","""",NA,NA,0.86961,"""",""Zanneetal2009"","""",25.46,2332.8,51.59125,4.58852,7.9168,13.75,33.9,8.15,27.45,50.5,24.4,41.7"
"2186,""Ficus insipida"",""Neotropical"",""forest"",""n"",30,NA,0.3561875,"""",""Santiagoetal2004/Zanneetal2009"",""Oliveira-Filhoetal2007"",23.8815595628415,1541.8606557377,82.9557880327869,35.0679480978261,19.2993335597826,21.5220994475138,36.7375690607735,16.3370165745856,20.5234806629834,61.8577348066298,24.8314917127072,38.4281767955801"
"2187,""Tabebuia chrysantha"",""Neotropical"",""forest"","""",NA,NA,0.995,"""",""Zanneetal2009"","""",23.7968841176471,1443.90588235294,80.5785623529412,23.8365047058824,16.7078217058824,23.6432926829268,37.155487804878,17.4207317073171,21.6158536585366,63.9298780487805,23.905487804878,39.0121951219512"
"2188,""Blakea subconnata"",""Neotropical"",""forest"","""",NA,NA,0.71,"""",""Zanneetal2009"","""",20.647575,2315.91666666667,43.06425,0.24835,3.00416666666667,32.1666666666667,29.7083333333333,14.3333333333333,74.375,53.625,30.2083333333333,40"
"2189,""Desbordesia glaucescens"",""Afrotropical"",""forest"",""n"",50,NA,0.9310428,"""",""Zanneetal2009"",""CJB"",25.5708333333333,2090.22222222222,70.0138111111111,0.110488888888889,2.08888888888889,11.3333333333333,32.5555555555556,18.5,24.3888888888889,48.2222222222222,17.1666666666667,50.3333333333333"
"2190,""Cedrela fissilis"",""Neotropical"",""forest"","""",40,NA,0.439333334,"""",""Poorter2010/Zanneetal2009"",""Oliveira-Filhoetal2007"",20.9489164383562,1559.34246575342,49.1767326027397,16.8847534246575,14.3699524657534,12.6388888888889,36.3194444444444,5.63194444444444,20.2916666666667,53.7986111111111,20.6180555555556,43.0277777777778"
"2191,""Brunellia comocladifolia"",""Neotropical"",""forest"","""",NA,NA,0.3,"""",""Zanneetal2009"","""",17.564785,1836.65,49.866915,4.22165,10.3971,28.0714285714286,29.952380952381,11.1190476190476,58.9523809523809,54.1904761904762,30.452380952381,39.5714285714286"
"2192,""Trema orientalis"",""Afrotropical"",""forest"",""n"",15,NA,0.415601096,"""",""Zanneetal2009"",""JStorPlants"",22.5061610328639,1348.87323943662,82.4980615023474,43.9305033175355,22.8151591037736,12.6090047393365,30.9715639810427,12.4194312796209,17.2322274881517,56.4218009478673,17.978672985782,50.9928909952607"
"2193,""Trema micrantha"",""Neotropical"",""forest"",""n"",12,30.18568233,NA,""Kitajima&Poorter2010/Markesteijn&Poorter2009"","""",""Oliveira-Filhoetal2007"",22.6355362579618,1702.01433121019,70.0282480573248,30.0953807324841,19.5018353418124,22.9879807692308,35.6570512820513,12.8862179487179,26.4767628205128,58.7035256410256,23.9791666666667,40.3405448717949"
"2194,""Luehea seemannii"",""Neotropical"",""forest"","""",NA,NA,0.37332,"""",""Santiagoetal2004/Zanneetal2009"","""",25.0070775,2396.85,55.4295475,13.17054,15.09742,22.275,35.575,10.925,30.675,56.5125,26.2,38.175"
"2195,""Sclerocarya birrea"",""Afrotropical"",""savanna"",""n"",12,8.667065889,NA,""Higginsetal2012/Plasetal2012/Scogingsetal2012/Zizkaetal2014"","""",""JStorPlants"",25.0980756410256,787.051282051282,110.514244871795,31.0257323404255,24.343868212766,12.2725321888412,24.0300429184549,10.381974248927,8.58583690987125,64.1115879828326,15.6244635193133,60.3154506437768"
"2196,""Combretum hereroense"",""Afrotropical"",""savanna"",""n"",12,6.924053058,0.933336587,""Higginsetal2012"",""Higginsetal2012"",""JStorPlants"",22.7600455555556,648.055555555556,94.5403688888889,28.31338,33.1779944444444,12.6,24.1277777777778,8.05,6.97222222222222,67.3888888888889,11.7666666666667,64.0555555555556"
"2197,""Virola elongata"",""Neotropical"",""forest"","""",NA,NA,0.523333333,"""",""Zanneetal2009"","""",25.9434826086957,2431.54347826087,46.1088282608696,8.0753152173913,10.0451543478261,11.8536585365854,31.1341463414634,5.53658536585366,30.9024390243902,48.1707317073171,26.9634146341463,41.8536585365854"
"2198,""Sorocea sprucei"",""Neotropical"",""forest"","""",8,NA,NA,"""","""",""Oliveira-Filhoetal2007"",25.27375,1617.3,52.59107,20.56357,26.39286,15.85,30.55,9.35,20.45,56.35,25.35,44.15"
"2199,""Brosimum acutifolium"",""Neotropical"",""forest"",""n"",NA,NA,0.640302857,"""",""Zanneetal2009"","""",25.51145,1934.5,63.8789,53.4312,19.291825,9.5,28.375,5.375,10.75,50.75,16.25,55.25"
"2200,""Pseudolmedia rigida"",""Neotropical"",""forest"",""n"",NA,NA,0.640036191,"""",""Zanneetal2009"","""",21.71208,1774.5,56.5795,5.33404,8.28885,20.65,34.4,12.35,33.7,54.45,26.4,39.25"
"2201,""Antiaris africana"",""Afrotropical"",""forest"",""n"",40,9.551098376,NA,""Dominguesetal2010"","""",""JStorPlants"",26.6295650684932,1202.94520547945,74.4307260273973,20.5464171232877,13.7608074657534,10.6586206896552,26.1103448275862,15.8689655172414,10.351724137931,59.2586206896552,14.9,58.9103448275862"
"2202,""Antiaris toxicaria"",""Afrotropical"",""forest"",""n"",60,NA,0.389642131,"""",""Zanneetal2009"",""CJB"",26.6295650684932,1202.94520547945,74.4307260273973,20.5464171232877,13.7608074657534,10.6586206896552,26.1103448275862,15.8689655172414,10.351724137931,59.2586206896552,14.9,58.9103448275862"
"2203,""Perebea mollis"",""Neotropical"",""forest"","""",NA,NA,0.365,"""",""Zanneetal2009"","""",25.927075,2081.5,54.3166,11.66925,9.176575,10,34.125,7.25,17,48.125,23.625,42.375"
"2204,""Perebea guianensis"",""Neotropical"",""forest"","""",NA,NA,0.56,"""",""Zanneetal2009"","""",24.4811411764706,2956.82352941176,40.6936058823529,6.54145882352941,8.24706882352941,15.375,33,9.375,35.90625,51.15625,25.84375,41.1875"
"2205,""Ficus eximia"",""Neotropical"",""forest"",""n"",35,NA,0.39,"""",""Zanneetal2009"",""Oliveira-Filhoetal2007"",20.6133928571429,1442.78571428571,41.1296071428571,23.12354,15.9143733333333,12.2,34.5,3.76666666666667,19.7333333333333,54.2666666666667,20.7,44.7333333333333"
"2206,""Naucleopsis ulei"",""Neotropical"",""forest"",""n"",NA,NA,0.67,"""",""Zanneetal2009"","""",25.1306642857143,2614.85714285714,42.1624214285714,27.1239642857143,7.11887142857143,12.1538461538462,34.3461538461538,5.07692307692308,29.5384615384615,48.1923076923077,23.2307692307692,42.4230769230769"
"2207,""Clarisia biflora"",""Neotropical"",""forest"",""n"",NA,NA,0.474634953,"""",""Zanneetal2009"","""",23.4803137931034,2158,58.9659448275862,10.36755,16.288391,24.3166666666667,32.0166666666667,10.8166666666667,36.2166666666667,56.1,26.75,41.3833333333333"
"2208,""Trichanthera gigantea"",""Neotropical"",""forest"",""n"",5,NA,0.45,"""",""Zanneetal2009"",""FloradoBrasil"",21.8227459459459,2257.78378378378,45.3765243243243,5.15452162162162,9.81828189189189,25.7428571428571,31.5285714285714,10.4571428571429,43.9571428571429,55.0428571428571,28.4428571428571,39.9428571428571"
"2209,""Macropeplus ligustrinus"",""Neotropical"",""forest"",""n"",7,NA,NA,"""","""",""FloradoBrasil"",17.6323,1153,71.999125,28.5237,29.6774925,13.125,32,9.5,36.375,54.375,15.75,52.375"
"2210,""Mollinedia triflora"",""Neotropical"",""forest"",""n"",8,NA,NA,"""","""",""FloradoBrasil"",18.8469533333333,1496.26666666667,39.9778333333333,5.29705333333333,12.5743933333333,13.2666666666667,37.9333333333333,3.66666666666667,21.9333333333333,53.0333333333333,22.1666666666667,40.0333333333333"
"2211,""Matayba opaca"",""Neotropical"",""forest"","""",NA,NA,0.82,"""",""Zanneetal2009"","""",26.4666714285714,2191.42857142857,51.6526285714286,19.4103,22.1466144444444,11.0714285714286,31.5,4.42857142857143,28.9285714285714,49.2857142857143,20.4285714285714,48"
"2212,""Allophylus petiolulatus"",""Neotropical"",""forest"",""n"",10,NA,NA,"""","""",""Oliveira-Filhoetal2007"",20.1910052631579,1700.15789473684,39.1137263157895,5.22921052631579,8.15618263157895,15.5263157894737,36.0789473684211,2.97368421052632,26.1578947368421,51.3421052631579,20.6842105263158,43.2894736842105"
"2213,""Allophylus amazonicus"",""Neotropical"",""forest"",""n"",NA,NA,0.55,"""",""Zanneetal2009"","""",26.3684571428571,2626.14285714286,47.7386714285714,9.6536,30.0121285714286,11,30.0714285714286,6.35714285714286,24.1428571428571,48.6428571428571,30.3571428571429,39.5"
"2214,""Allophylus africanus"",""Afrotropical"",""forest"",""n"",10,NA,0.45,"""",""Zanneetal2009"",""JStorPlants"",23.7382819444444,1362.97222222222,81.0651868055556,37.0168638888889,17.9673498611111,11.3181818181818,29.1153846153846,14.3636363636364,13.1748251748252,55.9965034965035,16.9265734265734,53.9440559440559"
"2215,""Dilodendron bipinnatum"",""Neotropical"",""forest"",""n"",20,NA,NA,"""","""",""FloradoBrasil"",23.8101142857143,1413.35714285714,74.2785428571429,34.9209785714286,21.9269142857143,9.70833333333333,30.5,4.91666666666667,13.4166666666667,56.7083333333333,19.875,49.5833333333333"
"2216,""Plenckia populnea"",""Neotropical"",""savanna"","""",NA,14.49046983,0.4745,""Batalaetal2011/Cianciarusoetal2013/DantasandBatala2012"",""Batalaetal2011/Miato2011"","""",20.4647357142857,1385.17857142857,71.7143928571429,36.28305,28.8499107142857,8.51785714285714,35.3928571428571,4.28571428571429,14.6428571428571,53.5535714285714,17.0892857142857,47.4821428571429"
"2217,""Mystroxylon aethiopicum"",""Afrotropical"",""savanna"",""n"",18,NA,0.848,"""",""Plasetal2012"",""JStorPlants"",21.0749764705882,1180.87058823529,86.8573188235294,22.4267255952381,23.3051196428571,15.2705882352941,31.6147058823529,8.35294117647059,20.15,57.45,17.6147058823529,50.7411764705882"
"2218,""Esenbeckia grandiflora"",""Neotropical"",""forest"",""n"",6,NA,NA,"""","""",""Oliveira-Filhoetal2007"",21.1294219512195,1374.62195121951,45.9271529268293,15.7696432098765,23.1768109756098,12.8109756097561,34.4146341463415,4.8109756097561,20.2621951219512,53.9451219512195,18.6646341463415,46.9024390243902"
"2219,""Galipea jasminiflora"",""Neotropical"",""forest"",""n"",6,NA,NA,"""","""",""Oliveira-Filhoetal2007"",22.1392578947368,1297.57894736842,72.5681736842105,32.3559736842105,25.4760631578947,9.39473684210526,34.9473684210526,3.86842105263158,12.8157894736842,54.0789473684211,16.6578947368421,48.5"
"2220,""Jacaratia spinosa"",""Neotropical"",""forest"",""y"",20,54.19699248,NA,""Kitajima&Poorter2010/Markesteijn&Poorter2009"","""",""FloradoBrasil"",21.6330794117647,1776.52941176471,44.7721264705882,6.06833235294118,12.5502038235294,13.3970588235294,37.3970588235294,6.92647058823529,22.9411764705882,53.3088235294118,19.9558823529412,42.6764705882353"
"2221,""Cedrela montana"",""Neotropical"",""forest"","""",NA,NA,0.34,"""",""Zanneetal2009"","""",14.6789352777778,1499.08333333333,37.6229805555556,1.18684444444444,13.5857861111111,29.4444444444444,25.4444444444444,12.7083333333333,63.625,55.0972222222222,31.2638888888889,43.3055555555556"
"2222,""Trichilia elegans"",""Neotropical"",""forest"",""n"",20,24.2,0.57,""Markesteijn&Poorter2009/Markesteijnetal2011"",""Markesteijnetal2011"",""Oliveira-Filhoetal2007"",20.5786287037037,1528.75925925926,37.8031818518519,14.1332972222222,18.4974667592593,13.8679245283019,40.0943396226415,4.39622641509434,23.0943396226415,54.5849056603774,21.8962264150943,37.9858490566038"
"2223,""Trichilia schomburgkii"",""Neotropical"",""forest"","""",NA,NA,0.686826667,"""",""Zanneetal2009"","""",24.57985,2173,53.8833333333333,16.8695166666667,15.49385,11.7,31.4,5.1,42.7,48,22.4,46"
"2224,""Guarea macrophylla"",""Neotropical"",""forest"",""n"",25,NA,0.645,"""",""Zanneetal2009"",""Oliveira-Filhoetal2007"",21.4083947761194,1836.67164179104,41.8502949253731,19.9887381679389,13.8556794736842,14.3149606299213,36.3700787401575,5.17322834645669,26.1889763779528,53,21.7086614173228,41.9488188976378"
"2225,""Trichilia catigua"",""Neotropical"",""forest"",""n"",10,12.613,NA,""Miatto&Batala2016"","""",""Oliveira-Filhoetal2007"",21.1635183673469,1543.4693877551,35.3342489795918,30.831106122449,21.1888557142857,13.9574468085106,40.3510638297872,4.09574468085106,21.6595744680851,55.7234042553191,21.6382978723404,38.0425531914894"
"2226,""Trichilia casaretti"",""Neotropical"",""forest"",""n"",10,NA,NA,"""","""",""Oliveira-Filhoetal2007"",20.9767235294118,1364.82352941176,38.6957235294118,3.56655882352941,11.4494605882353,12.09375,37.65625,4.125,19.65625,53.5625,19.9375,42.375"
"2227,""Trichilia quadrijuga"",""Neotropical"",""forest"","""",NA,NA,0.54837,"""",""Zanneetal2009"","""",25.2800473684211,2248.73684210526,55.6790210526316,15.3212052631579,9.3183,15.7222222222222,32.5555555555556,7.47222222222222,24.75,52.0833333333333,24.6111111111111,42.8333333333333"
"2228,""Cabralea canjerana"",""Neotropical"",""forest"","""",NA,12.987,0.4775,""Miatto&Batala2016"",""Zanneetal2009"","""",19.7104727631579,1733.02631578947,50.1133867105263,17.1927973684211,13.2496336842105,12.64,37.58,5.51333333333333,28.6733333333333,51.6333333333333,21.0533333333333,41.34"
"2229,""Colubrina spinosa"",""Neotropical"",""forest"","""",NA,NA,0.494594071,"""",""Zanneetal2009"","""",24.2975961538462,3206.23076923077,42.0296192307692,4.58121923076923,6.00416846153846,24,30.4230769230769,8.44230769230769,46.8846153846154,53.3461538461538,28.4230769230769,41.2307692307692"
"2230,""Carpotroche longifolia"",""Neotropical"",""forest"","""",NA,NA,0.45,"""",""Zanneetal2009"","""",25.7574285714286,2894,32.5650928571429,1.27794285714286,3.46666642857143,15.5384615384615,31.5384615384615,6.26923076923077,46.4230769230769,48.8461538461538,26.1923076923077,42.3461538461538"
"2231,""Tetrathylacium macrophyllum"",""Neotropical"",""forest"",""n"",NA,NA,0.62,"""",""Zanneetal2009"","""",24.1517846428571,2742.10714285714,39.6736142857143,3.11634285714286,5.94199892857143,21.6964285714286,32.8392857142857,9.30357142857143,44.8214285714286,51.0714285714286,26.6964285714286,40.4107142857143"
"2232,""Banara guianensis"",""Neotropical"",""forest"",""n"",30,NA,0.61,"""",""Zanneetal2009"",""FloradoBrasil"",22.3230526666667,2396.4380952381,47.3226638095238,8.2019641509434,11.7792097169811,21.8047619047619,32.1761904761905,10.2428571428571,46.3571428571429,53.1952380952381,26.8714285714286,41.0190476190476"
"2233,""Laetia corymbulosa"",""Neotropical"",""forest"","""",NA,NA,0.59,"""",""Zanneetal2009"","""",26.2368,2461.83333333333,36.9666166666667,6.95726666666667,11.5683333333333,13.8,30.8,2.2,39.9,48.2,37.7,31.4"
"2234,""Pilosocereus pachycladus"",""Neotropical"",""savanna"",""y"",10,NA,NA,"""","""",""Oliveira-Filhoetal2007"",22.9709925925926,777.407407407407,76.2816185185185,11.1779592592593,24.2826555555556,11.5925925925926,25.9444444444444,6.46296296296296,9.22222222222222,61.6666666666667,17.9814814814815,56.0740740740741"
"2235,""Erythroxylum amplifolium"",""Neotropical"",""forest"","""",10,NA,NA,"""","""",""Oliveira-Filhoetal2007"",20.6686263157895,1830.36842105263,74.2352263157895,15.0330105263158,21.8225052631579,13.8421052631579,34.8684210526316,9.36842105263158,29.6052631578947,52.8157894736842,20.7105263157895,44.4210526315789"
"2236,""Erythroxylum campestre"",""Neotropical"",""savanna"",""n"",3,6.734511753,0.493,""Batalaetal2011/Cianciarusoetal2013"",""Batalaetal2011"",""FloradoBrasil"",21.9357909090909,1488.31818181818,74.0291590909091,29.6217090909091,33.7829422727273,7.34090909090909,33.1818181818182,3.22727272727273,14.0227272727273,53.0227272727273,16,50.9772727272727"
"2237,""Erythroxylum suberosum"",""Neotropical"",""savanna"",""n"",3,8.401759293,0.487937807,""Batalaetal2011/Cianciarusoetal2013/DantasandBatala2012"",""Batalaetal2011/Buccietal2004/Miato2011/Ribeiroetal2011"",""Oliveira-Filhoetal2007"",22.4540178571429,1390.21428571429,69.5804714285714,29.2488821428571,30.7391160714286,9.47321428571429,32.3303571428571,4.20535714285714,13.9910714285714,54.1875,17.3928571428571,50.2857142857143"
"2238,""Erythroxylum ambiguum"",""Neotropical"",""forest"",""n"",6,NA,NA,"""","""",""Oliveira-Filhoetal2007"",19.0875,1846.5,59.98595,0.49715,10.4,14.75,35.5,6.5,28.25,50.25,21.25,43.5"
"2239,""Erythroxylum squamatum"",""Neotropical"",""forest"",""n"",7,NA,0.71,"""",""Zanneetal2009"",""Oliveira-Filhoetal2007"",24.1692380952381,2228.38095238095,51.0556380952381,13.2657578947368,23.1320210526316,15.0714285714286,33.2142857142857,7.83333333333333,25.3809523809524,52.9761904761905,21.3333333333333,45.4285714285714"
"2240,""Erythroxylum glaucum"",""Neotropical"",""forest"","""",NA,NA,0.71,"""",""Zanneetal2009"","""",24.6417,316,113.424,3.9776,12.325,23,27.5,10.5,47,68,23.5,49"
"2241,""Byrsonima blanchetiana"",""Neotropical"",""savanna"",""n"",7,NA,NA,"""","""",""Oliveira-Filhoetal2007"",21.6166833333333,878.666666666667,75.5280833333333,13.9122166666667,34.0048,10.5,25.5833333333333,5.83333333333333,9.08333333333333,57,15.5833333333333,58.8333333333333"
"2242,""Burdachia prismatocarpa"",""Neotropical"",""forest"",""n"",NA,NA,0.73,"""",""Zanneetal2009"","""",26.4361055555556,2900.27777777778,37.1236333333333,1.21394444444444,4.43333333333333,10.21875,26.21875,3.59375,60.5625,46.15625,25.09375,48.59375"
"2243,""Heteropterys byrsonimifolia"",""Neotropical"",""savanna"",""n"",6,NA,NA,"""","""",""Oliveira-Filhoetal2007"",22.5477,1272.45,78.83178,32.12866,26.368585,8.36842105263158,30.9736842105263,3.52631578947368,11.3421052631579,55.2105263157895,16.9210526315789,52.0526315789474"
"2244,""Spachea elegans"",""Neotropical"",""forest"","""",NA,NA,0.595,"""",""Zanneetal2009"","""",26.572925,1888.25,51.718675,7.7066,7.769675,12.75,32.5,10,15.75,55,21,46.5"
"2245,""Byrsonima sericea"",""Neotropical"",""forest"",""n"",NA,10.45515632,0.634960609,""Dantasetal2013"",""Dantasetal2013"","""",22.9173869565217,1230.03260869565,65.1854673913043,44.2484173913044,24.5144927173913,11.3641304347826,30.7445652173913,4.69021739130435,13.3586956521739,55.2717391304348,16.945652173913,52.2880434782609"
"2246,""Byrsonima pachyphylla"",""Neotropical"",""savanna"","""",4,6.789333333,NA,""Cianciarusoetal2013/Miatto&Batala2016"","""",""Oliveira-Filhoetal2007"",23.04362,1505.63333333333,80.6394233333333,44.01711,37.1346933333333,6.75,30.1,3.8,12.35,53.4666666666667,16.05,53.8333333333333"
"2247,""Byrsonima ligustrifolia"",""Neotropical"",""forest"",""n"",20,NA,NA,"""","""",""Oliveira-Filhoetal2007"",16.6417,1347,27.07,1.988,6.85,12.5,39,3,24.5,50,25.5,35.5"
"2248,""Byrsonima japurensis"",""Neotropical"",""forest"",""n"",NA,NA,0.62,"""",""Zanneetal2009"","""",25.27605,2723.125,42.0244625,3.75323333333333,10.4001111111111,15.7777777777778,29.2222222222222,6.66666666666667,39.2222222222222,49.2777777777778,25.5,45.1111111111111"
"2249,""Byrsonima intermedia"",""Neotropical"",""savanna"","""",NA,11.472,NA,""Miatto&Batala2016"","""","""",19.93945,1495.8125,61.8215265625,19.54334375,24.92062171875,9.6640625,35.5546875,3.1953125,18.453125,52.390625,17.0234375,47.4453125"
"2250,""Heteropterys umbellata"",""Neotropical"",""savanna"","""",NA,11.7969,0.7,""DantasandBatala2012"",""Miato2011"","""",20.28385625,1323.375,75.31145,17.52061875,20.54546875,10.375,35.8125,6.1875,21.5625,54.1875,18.21875,46.0625"
"2251,""Byrsonima densa"",""Neotropical"",""forest"",""n"",NA,NA,0.62,"""",""Zanneetal2009"","""",26.45625,2444.25,48.569525,162.569125,9.926825,11,30.125,1.625,21.5,43.625,31.625,38.125"
"2252,""Physocalymma scaberrimum"",""Neotropical"",""savanna"","""",22,NA,NA,"""","""",""Oliveira-Filhoetal2007"",25.0770909090909,1744.36363636364,68.6513772727273,49.2490681818182,21.4447772727273,7.52272727272727,28.5454545454545,3.45454545454545,14.1363636363636,52.2272727272727,19.8181818181818,51.6363636363636"
"2253,""Trattinnickia lawrancei"",""Neotropical"",""forest"","""",NA,NA,0.45,"""",""Zanneetal2009"","""",25.2333,2535,55.2771,0,0,11,29.5,2.5,13.5,50,35.5,34.5"
"2255,""Trattinnickia burserifolia"",""Neotropical"",""forest"","""",NA,NA,0.46,"""",""Zanneetal2009"","""",25.6708413793103,2127.10344827586,52.6396655172414,17.8415620689655,11.0558710344828,8.82142857142857,31.1428571428571,4.53571428571429,21.7678571428571,47.6785714285714,23.3928571428571,45.625"
"2256,""Protium unifoliolatum"",""Neotropical"",""forest"","""",NA,NA,0.33,"""",""Zanneetal2009"","""",25.8127530612245,2164.32653061224,57.4279102040816,30.1754408163265,23.4540869387755,10.1444444444444,31.7333333333333,3.92222222222222,21.9111111111111,48.3,23.8111111111111,44.4555555555556"
"2257,""Protium heptaphyllum"",""Neotropical"",""forest"","""",NA,12.855,0.629211,""Miatto&Batala2016"",""Zanneetal2009"","""",25.09651125,1834.26875,60.16070375,23.5045937106918,20.72040375,10.7697368421053,30.1217105263158,4.98684210526316,19.0756578947368,52.4605263157895,20.2861842105263,49.5953947368421"
"2258,""Protium tenuifolium"",""Neotropical"",""forest"","""",NA,NA,0.56972875,"""",""Zanneetal2009"","""",25.391668,2274.96,50.899628,26.072084,16.0652108,15.14,34.72,6.24,20.24,50.34,22.78,42.46"
"2259,""Trattinnickia rhoifolia"",""Neotropical"",""forest"","""",NA,NA,0.451141429,"""",""Zanneetal2009"","""",25.9414277777778,2169.72222222222,65.0129833333333,42.6419166666667,23.9089888888889,8.72222222222222,31.8888888888889,3.86111111111111,18.8333333333333,49.0833333333333,22.1388888888889,46.1388888888889"
"2260,""Protium decandrum"",""Neotropical"",""forest"","""",NA,NA,0.51211,"""",""Zanneetal2009"","""",26.0333333333333,2290.08333333333,49.7309916666667,19.9297916666667,5.91779166666667,12.0416666666667,33,4.33333333333333,43.625,47.0833333333333,25.125,41.7083333333333"
"2261,""Protium paniculatum"",""Neotropical"",""forest"","""",NA,NA,0.49,"""",""Zanneetal2009"","""",25.7208384615385,2410.23076923077,48.0019538461538,7.033,11.2855253846154,8.625,32.1666666666667,4.08333333333333,20.5833333333333,44.6666666666667,23,44.7083333333333"
"2262,""Dacryodes peruviana"",""Neotropical"",""forest"","""",NA,NA,0.53,"""",""Zanneetal2009"","""",25.0152833333333,3433.75,25.543525,0.248575,1.66666666666667,16.25,33,10,52.1666666666667,50.25,24.9583333333333,42.0833333333333"
"2263,""Tetragastris panamensis"",""Neotropical"",""forest"","""",NA,NA,0.717302179,"""",""Zanneetal2009"","""",25.425331372549,2407.88235294118,55.3567274509804,18.1436117647059,14.1492352941176,17.15,34.02,6.81,29.64,51.2,25.51,40.47"
"2264,""Protium opacum"",""Neotropical"",""forest"","""",NA,NA,0.57,"""",""Zanneetal2009"","""",25.8027269230769,2651.88461538462,39.4092615384615,0.650019230769231,1.45871923076923,11.2884615384615,32.4615384615385,5.46153846153846,28.7307692307692,46.1923076923077,25.3076923076923,42.1730769230769"
"2265,""Dacryodes microcarpa"",""Neotropical"",""forest"","""",NA,NA,0.52,"""",""Balhetal2011"","""",25.1345142857143,2242,54.1413285714286,75.4614857142857,18.0522428571429,10.8571428571429,29.7857142857143,9.14285714285714,28.8571428571429,52,19,51.0714285714286"
"2266,""Bursera graveolens"",""Neotropical"",""forest"","""",NA,NA,0.32,"""",""Zanneetal2009"","""",24.1618802469136,1190.16049382716,89.4696765432099,49.8972269230769,20.488465,22.88125,35.325,15.9,17.36875,64.6125,25.19375,39.39375"
"2267,""Euplassa legalis"",""Neotropical"",""forest"","""",10,NA,NA,"""","""",""Oliveira-Filhoetal2007"",20.1083,1226,28.4551,8.9433,9.48889,11.5,34.5,2,17,53,22,43"
"2268,""Buddleja americana"",""Neotropical"",""forest"","""",NA,NA,0.52,"""",""Zanneetal2009"","""",20.2987266233766,1547.52597402597,78.8508155844156,20.1304883116883,19.9058598051948,24.3961038961039,34.5551948051948,14.5097402597403,30.8928571428571,58.1883116883117,26.8571428571429,38.5584415584416"
"2269,""Vochysia acuminata"",""Neotropical"",""forest"",""n"",35,NA,NA,"""","""",""Oliveira-Filhoetal2007"",19.8023571428571,1261.28571428571,76.8228571428571,14.1962714285714,24.3822857142857,9.14285714285714,33.0714285714286,5.21428571428571,15.1428571428571,53.6428571428571,15.0714285714286,51.8571428571429"
"2270,""Ruizterania retusa"",""Neotropical"",""forest"",""n"",NA,NA,0.705,"""",""Zanneetal2009"","""",26.4027733333333,2207.6,56.6397333333333,13.7102533333333,21.5275733333333,9.11538461538461,28.5,3.69230769230769,27.9615384615385,48.1153846153846,25.4230769230769,46.3076923076923"
"2271,""Vochysia rufa"",""Neotropical"",""savanna"","""",6,NA,NA,"""","""",""Oliveira-Filhoetal2007"",23.5935516129032,1423.64516129032,83.5242806451613,36.6278677419355,35.643235483871,6.83870967741935,30.1451612903226,3.11290322580645,12.4354838709677,54.4677419354839,17.9193548387097,52.0483870967742"
"2272,""Qualea cordata"",""Neotropical"",""savanna"",""n"",6,NA,NA,"""","""",""Oliveira-Filhoetal2007"",20.8492515151515,1320.90909090909,67.873203030303,19.2411151515152,27.738983030303,10.828125,36,4.640625,15.734375,54.8125,18.328125,45.734375"
"2273,""Vochysia thyrsoidea"",""Neotropical"",""savanna"",""n"",15,5,NA,""Cianciarusoetal2013"","""",""Oliveira-Filhoetal2007"",20.4300057142857,1360.71428571429,80.4943371428571,30.7582571428571,26.8285714285714,8.35714285714286,35.2,4.55714285714286,13.6857142857143,53.7142857142857,17.1285714285714,47.7571428571429"
"2274,""Qualea parviflora"",""Neotropical"",""savanna"",""n"",8,12.12711025,0.53175,""Batalaetal2011/Cianciarusoetal2013/Miatto&Batala2016"",""Abeetal2018/Batalaetal2011/Buccietal2006/Ribeiroetal2011"",""Oliveira-Filhoetal2007"",23.2745506024096,1372.85542168675,80.1924891566265,33.4140207317073,27.5748325301205,8.1144578313253,30.1686746987952,4.29518072289157,11.7951807228916,54.2530120481928,17.2409638554217,52.5120481927711"
"2275,""Vochysia surinamensis"",""Neotropical"",""forest"","""",NA,NA,0.6,"""",""Zanneetal2009"","""",22.9375,2160,53.3012,0,0,18.5,36,8,40.5,53.5,27,37"
"2276,""Vochysia elliptica"",""Neotropical"",""savanna"","""",5,5.7,NA,""Cianciarusoetal2013"","""",""Oliveira-Filhoetal2007"",21.0403724137931,1321.34482758621,89.9001482758621,31.2998965517241,30.2640103448276,7.94827586206897,34.0862068965517,4.55172413793103,12.5689655172414,54.3965517241379,16.9310344827586,49.0172413793103"
"2277,""Vochysia haenkeana"",""Neotropical"",""forest"",""n"",35,NA,NA,"""","""",""Oliveira-Filhoetal2007"",24.6059733333333,1708.8,69.1127533333333,37.1542,23.6713433333333,8.25,28.7,2.93333333333333,15.6666666666667,52,19.0166666666667,52.2166666666667"
"2278,""Callisthene major"",""Neotropical"",""savanna"",""n"",15,NA,NA,"""","""",""Oliveira-Filhoetal2007"",21.6562444444444,1335.33333333333,81.3324222222222,21.8544611111111,25.2638777777778,8.16666666666667,35.0277777777778,4.27777777777778,10.25,55.3055555555556,17.4444444444444,47.5"
"2279,""Strychnos brasiliensis"",""Neotropical"",""forest"",""y"",NA,15.179,NA,""Miatto&Batala2016"","""","""",19.1117675,1592.35,29.25193025,7.8230512195122,15.5085846341463,14.7875,44.4125,3.55,25.6,53.8625,23.2625,32.2875"
"2280,""Strychnos pseudoquina"",""Neotropical"",""savanna"",""y"",7,8.655,0.7,""Miatto&Batala2016"",""Ribeiroetal2011"",""Oliveira-Filhoetal2007"",23.491925,1408.5625,75.02363125,20.92945625,20.40711875,6.0625,28.21875,3.75,10.3125,54.125,14.25,57.5"
"2281,""Sloanea guianensis"",""Neotropical"",""forest"",""n"",40,NA,0.821152911,"""",""Zanneetal2009"",""Oliveira-Filhoetal2007"",22.836575,1897.47222222222,51.3160944444444,18.2744166666667,13.7274805555556,12.2638888888889,31.7638888888889,4.83333333333333,23.5277777777778,51.1527777777778,21.375,46.9305555555556"
"2282,""Sloanea eichleri"",""Neotropical"",""forest"",""n"",30,12.3987968,0.627294097,""Dantasetal2013"",""Dantasetal2013/Zanneetal2009"",""FloradoBrasil"",25.2030272727273,1978,64.3592363636364,9.29730909090909,11.8292363636364,12.4545454545455,31,5.5,21.1818181818182,50.9090909090909,21.0454545454545,47.9545454545455"
"2283,""Symmeria paniculata"",""Neotropical"",""forest"","""",NA,NA,0.67,"""",""Zanneetal2009"","""",26.6476888888889,2202.11111111111,58.5673166666667,36.8728055555556,24.3610555555556,11.5294117647059,31.9117647058824,5.61764705882353,24.5882352941176,49.7352941176471,24,44.1176470588235"
"2284,""Coccoloba acuminata"",""Neotropical"",""forest"","""",NA,NA,0.58,"""",""Zanneetal2009"","""",26.2644166666667,2126.875,66.0478958333333,22.7300041666667,21.8481833333333,21.4782608695652,34.3695652173913,11.1304347826087,20.695652173913,58.5,28.304347826087,37.4347826086956"
"2285,""Rhoicissus tridentata"",""Afrotropical"",""savanna"",""n"",10,13.33,NA,""Plasetal2012"","""",""JStorPlants"",18.8570806451613,892.569892473118,75.4626139784946,44.4103967741936,24.1448516129032,16.5913978494624,32.9677419354839,10.8870967741935,15.5,61.4462365591398,18.7365591397849,48.3010752688172"
"2286,""Cordia trichotoma"",""Neotropical"",""forest"",""n"",NA,NA,0.56,"""",""Zanneetal2009"","""",21.7026711940299,1222.53731343284,59.3275582089552,13.8392909090909,21.965691969697,11.9850746268657,34.5223880597015,5.49253731343284,16.2014925373134,56.9477611940299,19.1417910447761,46.3880597014925"
"2287,""Cordia superba"",""Neotropical"",""savanna"",""n"",7,NA,NA,"""","""",""Oliveira-Filhoetal2007"",23.2239866666667,1150.84444444444,56.20674,19.2417288888889,23.6656977777778,11.1666666666667,30.8777777777778,5.32222222222222,14.6888888888889,55.8777777777778,16.7777777777778,52.3222222222222"
"2288,""Cordia insignis"",""Neotropical"",""savanna"",""n"",6,NA,NA,"""","""",""Oliveira-Filhoetal2007"",24.7993083333333,973.666666666667,59.2743666666667,18.4696083333333,23.6124166666667,10.4583333333333,24.6666666666667,5.41666666666667,8.29166666666667,58.9583333333333,17.0416666666667,58.25"
"2289,""Ehretia rigida"",""Afrotropical"",""savanna"",""n"",6,13.95,0.883,""Plasetal2012"",""Plasetal2012"",""JStorPlants"",19.7377904761905,620.142857142857,75.2427428571429,31.0361857142857,23.1019476190476,12.1125,25.3625,7.45,8.4125,65.2375,14.3875,60.2625"
"2290,""Cordia exaltata"",""Neotropical"",""forest"",""n"",NA,NA,0.398725,"""",""Zanneetal2009"","""",26.3509764705882,2277.35294117647,63.6724705882353,24.3013352941176,20.3941835294118,9.29411764705882,31.3823529411765,5.44117647058824,14.5882352941176,48.4117647058824,22.4705882352941,46.1764705882353"
"2291,""Eriotheca pubescens"",""Neotropical"",""savanna"",""n"",10,4.496294689,0.257,""Batalaetal2011/Cianciarusoetal2013"",""Batalaetal2011"",""FloradoBrasil"",21.9744142857143,1353.92857142857,87.1057285714286,18.8814285714286,33.5615857142857,6.85714285714286,35.3214285714286,3.5,10.8928571428571,53.75,15.5,49.1785714285714"
"2292,""Eriotheca candolleana"",""Neotropical"",""forest"",""n"",25,NA,NA,"""","""",""Oliveira-Filhoetal2007"",22.8375,1538.6,66.95916,11.12488,15.7592,10,34.8,2.1,11.6,55.1,19.2,45.8"
"2293,""Rinorea pubiflora"",""Neotropical"",""forest"","""",NA,NA,0.75,"""",""Zanneetal2009"","""",26.1547823529412,2417.91176470588,53.8251470588235,7.62739411764706,9.93236764705882,10,34.5147058823529,7.39705882352941,23.3088235294118,48.8823529411765,20.9558823529412,44.5147058823529"
"2294,""Leonia glycycarpa"",""Neotropical"",""forest"","""",20,NA,0.6,"""",""Zanneetal2009"",""Oliveira-Filhoetal2007"",25.1736128205128,2498.84615384615,41.7759923076923,10.2428435897436,5.17560435897436,12.2435897435897,31.5641025641026,5.5,33.0897435897436,48.2564102564103,27.2564102564103,41.2179487179487"
"2295,""Aloysia virgata"",""Neotropical"",""savanna"","""",7,NA,NA,"""","""",""Oliveira-Filhoetal2007"",21.402285483871,1425.38709677419,43.4745338709677,24.2743174603175,22.3893228571429,13.8064516129032,37.2983870967742,4.54838709677419,20.7661290322581,57.1612903225806,22.0725806451613,40.7338709677419"
"2296,""Lippia origanoides"",""Neotropical"",""savanna"",""n"",2,16.4427,NA,""DantasandBatala2012"","""",""FloradoBrasil"",21.7289131294964,682.962230215827,86.3277025179856,11.8000616216216,13.836889028777,20.3132854578097,36.3545780969479,19.3330341113106,11.4281867145422,70.1409335727109,22.0978456014363,41.516157989228"
"2297,""Jacaranda obtusifolia"",""Neotropical"",""forest"",""n"",NA,NA,0.482625,"""",""Zanneetal2009"","""",26.8007740740741,2326.11111111111,62.9466185185185,24.8358777777778,20.1873140740741,10.8846153846154,28.3269230769231,6.80769230769231,20.0769230769231,51.4423076923077,25.4038461538462,46.25"
"2298,""Jacaranda decurrens"",""Neotropical"",""savanna"","""",NA,11.3,NA,""Cianciarusoetal2013"","""","""",20.85,1299.25,80.056425,15.632425,27.299375,8.625,32.875,4.625,11,56.125,14.875,52.25"
"2299,""Jacaranda copaia"",""Neotropical"",""forest"",""n"",45,NA,0.350670892,"""",""Zanneetal2009"",""Oliveira-Filhoetal2007"",25.1283957142857,2460.57142857143,49.70071,11.9160194444444,14.5915559722222,14.2928571428571,33.2285714285714,6.93571428571429,33.0071428571429,50.85,24.6357142857143,42.1785714285714"
"2300,""Cestrum pedicellatum"",""Neotropical"",""forest"",""n"",4,NA,NA,"""","""",""Oliveira-Filhoetal2007"",22.3402666666667,1447.66666666667,80.2912666666667,8.94536666666667,21.0211,6.5,29.25,3,10.75,53.75,19.5,51.25"
"2301,""Cestrum obovatum"",""Neotropical"",""savanna"","""",4,NA,NA,"""","""",""Oliveira-Filhoetal2007"",20.6511857142857,1088.71428571429,75.0561714285714,26.6588428571429,25.2504,10.5714285714286,32.8571428571429,6.71428571428571,15.6428571428571,56.6428571428571,14.3571428571429,52.7142857142857"
"2302,""Aureliana velutina"",""Neotropical"",""forest"","""",7,NA,NA,"""","""",""Oliveira-Filhoetal2007"",19.1249875,1375.125,78.7151,12.046525,25.110575,9.75,38.5,4.125,29.5625,52.5625,17.8125,43.875"
"2303,""Cestrum intermedium"",""Neotropical"",""forest"",""n"",15,NA,NA,"""","""",""Oliveira-Filhoetal2007"",18.4644256410256,1652.02564102564,28.6828023076923,5.27565897435897,10.9194430769231,15.5769230769231,43.5897435897436,3.57692307692308,26.1282051282051,52.7051282051282,23.6282051282051,32.7692307692308"
"2304,""Celtis brasiliensis"",""Neotropical"",""forest"",""y"",8,NA,NA,"""","""",""Oliveira-Filhoetal2007"",21.4490358974359,1104.64102564103,57.3875533333333,21.6389128205128,22.3422666666667,12.2692307692308,32.6153846153846,7.52564102564103,15.8461538461538,56.9102564102564,20.1153846153846,47.2307692307692"
"2305,""Celtis philippensis"",""Afrotropical"",""forest"",""n"",20,NA,0.655682375,"""",""Zanneetal2009"",""JStorPlants"",25.36755,1226.39473684211,67.3606447368421,20.8415162162162,24.5649394736842,20.8421052631579,33.7631578947368,14.1578947368421,14.6710526315789,57.4078947368421,17.6315789473684,48.5789473684211"
"2306,""Davilla rugosa"",""Neotropical"",""savanna"","""",NA,17.71465,0.6,""Cianciarusoetal2013/DantasandBatala2012"",""Miato2011"","""",22.2137064516129,1655.85483870968,59.9664370967742,17.3188338709677,18.9739506451613,11.241935483871,33.6854838709677,4.34677419354839,19.0564516129032,52.5725806451613,18.7741935483871,47.4758064516129"
"2307,""Davilla elliptica"",""Neotropical"",""savanna"","""",4,9.322563684,0.53,""Batalaetal2011/Cianciarusoetal2013/DantasandBatala2012"",""Batalaetal2011/Miato2011"",""Oliveira-Filhoetal2007"",22.5486102564103,1402.0641025641,81.4136551282051,34.4338551282051,34.4132252564103,7.51973684210526,31.8223684210526,3.32894736842105,12.0986842105263,54.3223684210526,17.0394736842105,51.1710526315789"
"2308,""Curatella americana"",""Neotropical"",""savanna"",""n"",16,NA,NA,"""","""",""Oliveira-Filhoetal2007"",25.0382324742268,1659.72164948454,78.6256211340206,40.7341302564103,26.8163497435897,16.1424870466321,33.0414507772021,9.55181347150259,15.3652849740933,57.8756476683938,22.5,44.4507772020725"
"2309,""Ocotea pulchella"",""Neotropical"",""savanna"",""n"",NA,8.09835,0.5,""Cianciarusoetal2013/DantasandBatala2012"",""Miato2011"","""",17.0917,1401,28.875,2.9814,16.7333,12,47.5,2.5,27,50,23,29.5"
"2310,""Ocotea puberula"",""Neotropical"",""forest"",""n"",NA,NA,0.455115,"""",""Zanneetal2009"","""",19.8485361111111,1673.27777777778,40.2889497222222,14.0066287037037,14.5188667592593,15.3207547169811,39.4905660377358,7.08490566037736,26.8160377358491,53.9292452830189,22.2075471698113,38.2877358490566"
"2311,""Nectandra lanceolata"",""Neotropical"",""forest"","""",20,NA,NA,"""","""",""Oliveira-Filhoetal2007"",18.1809382978723,1641.53191489362,26.3499885106383,10.6139553191489,18.3248723404255,15.0212765957447,46.1170212765957,3.4468085106383,25.936170212766,53.2127659574468,23.0744680851064,30.8404255319149"
"2312,""Nectandra globosa"",""Neotropical"",""forest"","""",NA,NA,0.39,"""",""Zanneetal2009"","""",22.5416625,1746.41666666667,63.5750041666667,16.7725666666667,14.5952333333333,20.5714285714286,31.6428571428571,11.952380952381,30.3809523809524,55.6666666666667,23.9761904761905,44.4285714285714"
"2313,""Nectandra gardneri"",""Neotropical"",""forest"","""",10,NA,NA,"""","""",""Oliveira-Filhoetal2007"",24.2180333333333,1590,83.004,27.8331666666667,35.0885,7.16666666666667,25.1666666666667,2.5,8.66666666666667,54.3333333333333,13.6666666666667,61.1666666666667"
"2314,""Ocotea oblonga"",""Neotropical"",""forest"","""",NA,NA,0.385395,"""",""Zanneetal2009"","""",24.5183764705882,2405.11764705882,48.8134941176471,14.6641823529412,13.0432647058824,16.8214285714286,32.1785714285714,7.32142857142857,27.1071428571429,50.9285714285714,26.7857142857143,41.1071428571429"
"2315,""Nectandra cuspidata"",""Neotropical"",""forest"","""",30,NA,0.518,"""",""Zanneetal2009"",""Oliveira-Filhoetal2007"",23.3825206185567,1966.34020618557,54.9025505154639,18.1197164948454,17.7383901030928,15.8247422680412,32.9175257731959,7.45360824742268,24.6855670103093,53.4329896907216,22.8762886597938,44.180412371134"
"2316,""Ocotea aciphylla"",""Neotropical"",""forest"",""n"",21,NA,0.51052,"""",""Zanneetal2009"",""Oliveira-Filhoetal2007"",21.5885096774194,1898.95161290323,48.6761029032258,5.65455483870968,9.69860048387097,15.1065573770492,33.6147540983607,8.24590163934426,39.5491803278689,50.8852459016393,23.8114754098361,42.5901639344262"
"2317,""Ocotea minarum"",""Neotropical"",""forest"",""n"",8,NA,NA,"""","""",""Oliveira-Filhoetal2007"",25.5333,2067,77.7624,0,0,6.5,23.5,1.5,27,50,13,63.5"
"2318,""Persea splendens"",""Neotropical"",""forest"","""",8,NA,NA,"""","""",""Oliveira-Filhoetal2007"",20.2542,1686,81.9868,59.556,34.8183,5.5,38.5,3,10,52,14,47.5"
"2319,""Nectandra amazonum"",""Neotropical"",""forest"","""",NA,NA,0.633333333,"""",""Zanneetal2009"","""",25.9933333333333,2019.86666666667,56.7083133333333,7.48737333333333,8.22225333333333,11.5909090909091,28.5454545454545,3.95454545454545,26.7727272727273,50.9090909090909,26.6818181818182,44.8181818181818"
"2320,""Aniba rosaeodora"",""Neotropical"",""forest"","""",NA,NA,0.744611111,"""",""Zanneetal2009"","""",25.8765181818182,2549.18181818182,42.1551363636364,1.4443,5.41964272727273,9.63636363636364,37.0454545454545,3.09090909090909,24.9545454545455,45.2272727272727,19.8636363636364,43"
"2321,""Aniba puchury-minor"",""Neotropical"",""forest"",""n"",NA,NA,0.533333333,"""",""Zanneetal2009"","""",23.5222166666667,1884.83333333333,42.4972166666667,10.7648833333333,13.8811,16.75,29.1666666666667,3.41666666666667,35.9166666666667,49.9166666666667,28.0833333333333,42.5833333333333"
"2322,""Ocotea guianensis"",""Neotropical"",""forest"","""",NA,NA,0.529206667,"""",""Balhetal2011/Poorter2010/Zanneetal2009"","""",21.4350923076923,2027.61538461538,55.7986653846154,18.1514615384615,19.11335,16.3076923076923,30.6153846153846,8.15384615384615,41.25,50.7692307692308,24.2115384615385,45.0576923076923"
"2323,""Ocotea glomerata"",""Neotropical"",""forest"","""",NA,NA,0.508068,"""",""Zanneetal2009"","""",24.1936974358974,1490.12820512821,60.3084717948718,56.3896846153846,27.5380575,11.1794871794872,31.6923076923077,5.55128205128205,15.8333333333333,53.6666666666667,19.2179487179487,49.1282051282051"
"2324,""Persea fusca"",""Neotropical"",""forest"","""",5,NA,NA,"""","""",""Oliveira-Filhoetal2007"",24.1597333333333,1748.66666666667,79.4775666666667,7.288,17.8083333333333,5.5,27.6666666666667,2,16.3333333333333,52.6666666666667,16,56.5"
"2325,""Ocotea spixiana"",""Neotropical"",""forest"",""n"",10,NA,NA,"""","""",""Oliveira-Filhoetal2007"",20.805,1311.2,76.68596,29.78801,48.34749,8.15,36.45,3.7,15.75,53.15,16.7,46.7"
"2326,""Nectandra nitidula"",""Neotropical"",""savanna"","""",16,NA,NA,"""","""",""Oliveira-Filhoetal2007"",20.0711214285714,1435.5,70.5745857142857,19.3053857142857,19.4036071428571,9.82142857142857,35.1071428571429,4.07142857142857,16.5357142857143,52.0714285714286,17.75,47.3571428571429"
"2327,""Piper arboreum"",""Neotropical"",""forest"",""n"",7,NA,NA,"""","""",""Oliveira-Filhoetal2007"",22.9510738993711,1659.38050314465,59.0332547169811,16.2258617088608,18.5876968769716,13.6102236421725,34.0239616613419,6.4185303514377,21.8290734824281,53.9936102236422,20.3610223642173,45.6166134185303"
"2328,""Piper crassinervium"",""Neotropical"",""forest"",""n"",4,NA,NA,"""","""",""Oliveira-Filhoetal2007"",19.8204785046729,2024.01869158879,50.5572196261682,8.04925140186916,14.0372114953271,22.8785046728972,32.892523364486,8.95327102803738,44.7009345794393,53.3691588785047,25.0981308411215,42.0233644859813"
"2329,""Vitex triflora"",""Neotropical"",""forest"","""",15,NA,NA,"""","""",""Oliveira-Filhoetal2007"",24.3245815,2214.7,56.889205,9.318755,15.352408,12.7,33.7,5.3,21.35,50.7,25.375,40.8"
"2330,""Vitex orinocensis"",""Neotropical"",""forest"","""",NA,NA,0.526666667,"""",""Zanneetal2009"","""",25.7840588235294,2226.52941176471,60.6400529411765,8.58718235294118,16.3556664705882,11.8235294117647,31.7647058823529,8.41176470588235,19.3823529411765,52.9411764705882,24.5882352941176,43.7058823529412"
"2331,""Vitex megapotamica"",""Neotropical"",""savanna"","""",20,NA,NA,"""","""",""Oliveira-Filhoetal2007"",19.1545166666667,1544.19444444444,28.2076397222222,4.80432777777778,11.6904963888889,14.2222222222222,39.7916666666667,4.22222222222222,24.6944444444444,53.5,21.8194444444444,38.4583333333333"
"2332,""Vitex gigantea"",""Neotropical"",""forest"","""",NA,NA,0.52,"""",""Zanneetal2009"","""",25.2802,1770.75,75.749875,4.399325,14.669575,17.875,31.875,11.875,32.125,57,23,44.875"
"2333,""Vitex excelsa"",""Neotropical"",""forest"","""",NA,NA,0.52,"""",""Zanneetal2009"","""",25.7542,1672,53.2181,28.8144,28.2931,8,33.5,1,12.5,49,26,40.5"
"2334,""Gallesia integrifolia"",""Neotropical"",""forest"",""n"",35,27.35745614,0.43,""Kitajima&Poorter2010/Markesteijn&Poorter2009/Markesteijnetal2011"",""Markesteijnetal2011/Zanneetal2009"",""FloradoBrasil"",22.1251826086957,1234.26086956522,56.7670217391304,19.1796217391304,20.9957682608696,12.2826086956522,36.2173913043478,4.97826086956522,14.8913043478261,55.6086956521739,19.2391304347826,44.6521739130435"
"2335,""Tapura amazonica"",""Neotropical"",""forest"","""",15,NA,NA,"""","""",""Oliveira-Filhoetal2007"",24.4307074074074,1993.77777777778,62.4040074074074,30.3960407407407,27.7262211111111,9.07407407407407,30.8888888888889,2.75925925925926,20.0740740740741,50.6296296296296,20.5185185185185,48.5185185185185"
"2336,""Mollia lepidota"",""Neotropical"",""forest"","""",NA,NA,0.49,"""",""Zanneetal2009"","""",25.1612076923077,1896.46153846154,57.8429769230769,18.1818384615385,25.1669923076923,10.4090909090909,28.4545454545455,2.95454545454545,23.1363636363636,51.3636363636364,23.5909090909091,47.9545454545455"
"2337,""Daphnopsis martii"",""Neotropical"",""forest"",""n"",8,NA,NA,"""","""",""Oliveira-Filhoetal2007"",22.0167,2579,43.7281,0,0,11.5,34.5,3,17,52,17,48.5"
"2338,""Daphnopsis racemosa"",""Neotropical"",""forest"",""n"",7,NA,NA,"""","""",""Oliveira-Filhoetal2007"",18.1178755555556,1510.08888888889,21.8055126666667,8.68017111111111,17.1639868888889,15.5555555555556,37.8111111111111,4.57777777777778,27.2,53.5444444444444,23.9,38.2"
"2339,""Freziera canescens"",""Neotropical"",""forest"","""",NA,NA,0.58,"""",""Zanneetal2009"","""",11.4282710714286,1549.10714285714,34.6935785714286,2.65953571428571,14.3994046428571,34.6428571428571,21.0178571428571,14.6785714285714,85.0714285714286,55.2321428571429,33.125,45.875"
"2340,""Ternstroemia dentata"",""Neotropical"",""forest"",""n"",10,NA,0.69,"""",""Zanneetal2009"",""FloradoBrasil"",25.906775,2649.875,51.2749,25.7082125,11.4638125,9.8125,26.1875,5.625,26.1875,46.25,23.125,50.75"
"2341,""Ilex brasiliensis"",""Neotropical"",""forest"",""n"",12,NA,NA,"""","""",""Oliveira-Filhoetal2007"",19.3402058823529,1549.17647058824,36.4463941176471,23.1417294117647,20.3295829411765,11.5294117647059,39.9117647058824,2.88235294117647,19.3823529411765,52.9117647058824,19.2058823529412,40.7941176470588"
"2342,""Ilex conocarpa"",""Neotropical"",""forest"","""",4,NA,NA,"""","""",""Oliveira-Filhoetal2007"",20.9526545454545,1322.27272727273,82.1101727272727,25.7388727272727,34.7074454545455,8.90909090909091,34.1363636363636,6,13.4090909090909,53.6363636363636,16.5909090909091,49.3636363636364"
"2343,""Ilex asperula"",""Neotropical"",""savanna"","""",3,NA,NA,"""","""",""Oliveira-Filhoetal2007"",18.2277666666667,1455.33333333333,65.2042666666667,12.5886333333333,32.512,11.8333333333333,33.3333333333333,6.5,26.3333333333333,52,16.5,50.3333333333333"
"2344,""Ilex lundii"",""Neotropical"",""forest"",""n"",6,NA,NA,"""","""",""Oliveira-Filhoetal2007"",22.76082,1494.8,68.97176,17.47544,23.75432,8.8,31.4,4.3,13.9,54.2,17.9,50.6"
"2345,""Pourouma melinonii"",""Neotropical"",""forest"",""n"",NA,NA,0.32,"""",""Zanneetal2009"","""",21.63164,2332,42.28456,1.788,8.21,19.4,36.5,13.1,49.6,51.1,24.5,39"
"2346,""Cecropia concolor"",""Neotropical"",""forest"","""",NA,25.18755221,0.242,""Kitajima&Poorter2010/Markesteijn&Poorter2009/Markesteijnetal2011"",""Markesteijnetal2011/Poorter2010/Zanneetal2009"","""",25.1693272727273,1743.09090909091,54.8010636363636,43.5451090909091,18.8822936363636,10.3636363636364,31.7272727272727,4.36363636363636,17.7727272727273,52.3636363636364,20.4545454545455,47.6818181818182"
"2347,""Pourouma hirsutipetiolata"",""Neotropical"",""forest"","""",NA,NA,0.39,"""",""Zanneetal2009"","""",24.6271,4245,34.8716,0,0,20.75,27.5,15.75,74.5,52.75,27.25,45.5"
"2348,""Coussapoa asperifolia"",""Neotropical"",""forest"",""n"",NA,NA,0.45164,"""",""Zanneetal2009"","""",25.01354375,2624.875,43.7989125,5.183225,5.879216875,15.7083333333333,32,8,36.75,50.4583333333333,24.375,43.5416666666667"
"2349,""Pourouma guianensis"",""Neotropical"",""forest"",""n"",NA,NA,0.38,"""",""Zanneetal2009"","""",22.181678,2017.33333333333,51.4146333333333,6.396425,17.36311875,13.84375,32.96875,4.84375,23.96875,50.8125,23.5,43.53125"
"2350,""Pourouma tomentosa"",""Neotropical"",""forest"",""n"",NA,NA,0.395,"""",""Zanneetal2009"","""",24.6838625,2559.25,39.5615,7.9536125,9.64455,9.9375,30.6875,4.75,27,47.5625,22.9375,46.5625"
"2351,""Cecropia sciadophylla"",""Neotropical"",""forest"",""n"",NA,NA,0.377946213,"""",""Zanneetal2009"","""",25.1708352941176,2497.94117647059,48.8816470588235,9.52836470588235,12.0729664705882,11.8125,32.125,6.75,27.90625,50.28125,23.875,43.96875"
"2352,""Pourouma bicolor"",""Neotropical"",""forest"",""n"",NA,NA,0.401610495,"""",""Santiagoetal2004/Zanneetal2009"","""",23.4511076666667,2720.66666666667,41.6795033333333,5.73518,6.35067666666667,20.8,32.65,10.0666666666667,56.2,51.3833333333333,25.45,41.9833333333333"
"2353,""Pourouma mollis"",""Neotropical"",""forest"",""n"",NA,NA,0.39,"""",""Zanneetal2009"","""",23.5525875,2819.625,47.5634875,3.105225,15.7366125,18.5,35.8125,8.9375,27.6875,52.9375,24.6875,39.4375"
"2354,""Aspidosperma tomentosum"",""Neotropical"",""savanna"",""n"",12,NA,NA,"""","""",""Oliveira-Filhoetal2007"",21.9119275862069,1376.51724137931,72.0522724137931,32.5818,27.6884620689655,8.53448275862069,32.9827586206897,3.62068965517241,11.448275862069,54.9310344827586,17.0862068965517,49.948275862069"
"2355,""Aspidosperma subincanum"",""Neotropical"",""forest"",""n"",12,NA,NA,"""","""",""Oliveira-Filhoetal2007"",23.45,1426.06451612903,75.5048451612903,31.6847483870968,22.3703032258065,8.38709677419355,34.1290322580645,2.85483870967742,10.8709677419355,55.1612903225806,18.5483870967742,47.1774193548387"
"2356,""Aspidosperma quebracho-blanco"",""Neotropical"",""forest"","""",NA,NA,0.705,"""",""Zanneetal2009"","""",19.4318981818182,772.163636363636,67.8529145454545,14.9067464285714,32.1756875,13.8303571428571,24.7053571428571,8.6875,12.6071428571429,65.8928571428571,23.3035714285714,51.9732142857143"
"2357,""Aspidosperma pyrifolium"",""Neotropical"",""forest"",""n"",14,NA,NA,"""","""",""Oliveira-Filhoetal2007"",24.6358374233129,748.858895705521,84.538073006135,10.8138591463415,21.3556959146341,11.776397515528,24.5931677018634,6.64596273291925,7.22049689440994,62.5621118012422,18.8012422360248,56.583850931677"
"2358,""Aspidosperma pyricollum"",""Neotropical"",""forest"",""n"",6,NA,NA,"""","""",""Oliveira-Filhoetal2007"",22.5791666666667,1047.66666666667,56.8466333333333,25.4362555555556,17.1108555555556,13,28.7777777777778,4.66666666666667,17.1666666666667,57.5555555555556,17.6111111111111,53.5555555555556"
"2359,""Aspidosperma olivaceum"",""Neotropical"",""forest"",""n"",15,NA,NA,"""","""",""Oliveira-Filhoetal2007"",18.1045166666667,1434.83333333333,60.8928666666667,5.79650833333333,10.2151416666667,11.25,38.125,5.58333333333333,24.0833333333333,51.625,18.2083333333333,43.5"
"2360,""Aspidosperma megalocarpon"",""Neotropical"",""forest"","""",NA,NA,0.784275,"""",""Zanneetal2009"","""",24.2297628571429,2077.97142857143,76.1302685714286,21.3482114285714,18.8266228571429,25.25,36.7058823529412,15.4411764705882,25.3088235294118,59.8235294117647,23.9411764705882,39.2647058823529"
"2361,""Aspidosperma discolor"",""Neotropical"",""forest"",""n"",25,NA,0.8115,"""",""Zanneetal2009"",""Oliveira-Filhoetal2007"",23.6299363636364,1469.90909090909,68.6031090909091,22.6520545454545,22.6219909090909,9.09090909090909,30.1363636363636,6,13.3636363636364,53.8636363636364,18.0454545454545,51.8636363636364"
"2362,""Aspidosperma decussatum"",""Neotropical"",""forest"","""",NA,NA,0.79212,"""",""Zanneetal2009"","""",21.2375,2213.66666666667,56.7395333333333,2.6508,18.3952333333333,23.6666666666667,31.6666666666667,15.6666666666667,58,49,26.6666666666667,41.6666666666667"
"2363,""Microplumeria anomala"",""Neotropical"",""forest"","""",NA,NA,0.73,"""",""Zanneetal2009"","""",27.3902666666667,2002.33333333333,60.9421333333333,17.8976666666667,17.3617666666667,10.6666666666667,30.6666666666667,4.5,13.5,54.5,28.5,41"
"2364,""Macoubea guianensis"",""Neotropical"",""forest"",""n"",NA,NA,0.414426667,"""",""Zanneetal2009"","""",25.3395928571429,2321.78571428571,42.6620214285714,3.47533571428571,6.01606428571429,11.2692307692308,31.9230769230769,8.34615384615385,27.8076923076923,48.0769230769231,24.1923076923077,43.7692307692308"
"2365,""Himatanthus obovatus"",""Neotropical"",""savanna"",""n"",6,5.7,NA,""Cianciarusoetal2013"","""",""Oliveira-Filhoetal2007"",23.9543658536585,1470.80487804878,76.9112097560976,42.7840682926829,32.350792195122,7.19512195121951,29.2073170731707,3.47560975609756,10.9634146341463,53.6829268292683,17.0853658536585,53.6707317073171"
"2366,""Himatanthus bracteatus"",""Neotropical"",""forest"","""",NA,NA,0.53,"""",""Zanneetal2009"","""",24.3134823529412,1732.52941176471,46.7517058823529,30.0279714285714,20.4815514285714,11.9393939393939,28.8939393939394,4.74242424242424,20.6969696969697,53.969696969697,17.9545454545455,53.0454545454545"
"2367,""Himatanthus attenuatus"",""Neotropical"",""forest"",""n"",NA,NA,0.48,"""",""Zanneetal2009"","""",26.84505,2423.4375,45.4293375,3.16815625,4.9627875,11.5,32.2307692307692,3.80769230769231,36.8076923076923,45.0769230769231,24.9230769230769,42.8076923076923"
"2368,""Symplocos uniflora"",""Neotropical"",""forest"",""n"",8,NA,NA,"""","""",""Oliveira-Filhoetal2007"",16.9519694444444,1653.25,17.6849441666667,5.57829166666667,11.6747733333333,15.625,42.5833333333333,4.84722222222222,30.2222222222222,52.0138888888889,24.6527777777778,32.7916666666667"
"2369,""Symplocos platyphylla"",""Neotropical"",""forest"",""n"",6,NA,NA,"""","""",""Oliveira-Filhoetal2007"",21.1833,1647,83.2504,48.6276,61.9531,7,33,4.5,12.5,50.5,19.5,47.5"
"2370,""Symplocos nitens"",""Neotropical"",""forest"",""n"",10,NA,NA,"""","""",""Oliveira-Filhoetal2007"",21.3912,1282.77777777778,80.2041222222222,42.1392333333333,34.2579,9.83333333333333,29.2222222222222,6.88888888888889,14.8333333333333,55.3333333333333,16.7222222222222,54"
"2371,""Symplocos pubescens"",""Neotropical"",""forest"",""n"",5,NA,NA,"""","""",""Oliveira-Filhoetal2007"",18.4125166666667,1479.66666666667,60.82125,10.1028333333333,24.181955,10.5,36.5833333333333,2.91666666666667,20,51.6666666666667,18.0833333333333,45.1666666666667"
"2372,""Styrax pohlii"",""Neotropical"",""forest"",""n"",20,NA,0.54,"""",""Haoetal2008"",""Oliveira-Filhoetal2007"",22.3236333333333,1845,67.3252,16.5450333333333,19.5605333333333,11.8333333333333,39.6666666666667,4.83333333333333,14.6666666666667,50.8333333333333,20.6666666666667,39.6666666666667"
"2373,""Styrax ferrugineus"",""Neotropical"",""savanna"",""n"",8,7.212079821,0.456975948,""Batalaetal2011/Cianciarusoetal2013/DantasandBatala2012/Miatto&Batala2016"",""Batalaetal2011/Buccietal2004/Haoetal2008/Miato2011"",""Oliveira-Filhoetal2007"",21.5825592592593,1468.25925925926,76.0195555555556,37.8857481481482,29.9466555555556,8.46296296296296,33.5925925925926,3.62962962962963,18.6481481481481,53.8148148148148,17.1851851851852,49.2592592592593"
"2374,""Humiriastrum glaziovii"",""Neotropical"",""forest"",""n"",16,NA,NA,"""","""",""Oliveira-Filhoetal2007"",20.6819666666667,1739,70.2007,10.2703333333333,17.2339,15.1666666666667,39.8333333333333,5.66666666666667,41.5,52.8333333333333,22.1666666666667,37.8333333333333"
"2375,""Sacoglottis guianensis"",""Neotropical"",""forest"","""",22,NA,0.835775242,"""",""Zanneetal2009"",""Oliveira-Filhoetal2007"",26.0132,2105.88888888889,60.6490888888889,22.7538789473684,16.6671052631579,9.77777777777778,31.5277777777778,5.83333333333333,21.3055555555556,50.9444444444444,21.1111111111111,47.3888888888889"
"2376,""Vantanea parviflora"",""Neotropical"",""forest"","""",NA,NA,0.833475783,"""",""Zanneetal2009"","""",26.06805,2555.83333333333,45.3612333333333,8.4377,13.6787833333333,10.1666666666667,32,3.25,21.3333333333333,46.5833333333333,23.8333333333333,43.8333333333333"
"2377,""Humiriastrum diguense"",""Neotropical"",""forest"","""",NA,NA,0.58,"""",""Santiagoetal2004"","""",24.5534666666667,2856.25,53.121775,2.6702,4.68030769230769,24.1666666666667,34.625,11.7083333333333,63.75,51.8333333333333,25.75,39.75"
"2378,""Vantanea compacta"",""Neotropical"",""forest"","""",25,NA,NA,"""","""",""Oliveira-Filhoetal2007"",20.0803571428571,1537,53.9212,12.1757,19.5496,13.4285714285714,33.7857142857143,4.28571428571429,23.0714285714286,53.4285714285714,19.4285714285714,46.8571428571429"
"2379,""Sacoglottis mattogrossensis"",""Neotropical"",""forest"","""",26,NA,0.77,"""",""Zanneetal2009"",""Oliveira-Filhoetal2007"",24.3058705882353,1673.82352941176,57.3454705882353,12.6201470588235,26.1072529411765,9.97058823529412,30.2352941176471,4.35294117647059,17.0294117647059,52.4705882352941,18.4411764705882,51.2352941176471"
"2380,""Humiriastrum cuspidatum"",""Neotropical"",""forest"",""n"",NA,NA,0.721,"""",""Zanneetal2009"","""",25.87832,2440.2,45.96454,19.05216,6.10854,9.2,30.9,3.4,31.1,45.9,23.8,45.1"
"2381,""Astronium lecointei"",""Neotropical"",""forest"",""n"",NA,NA,0.79032,"""",""Zanneetal2009"","""",25.8196,1982.9,55.75459,18.8835818181818,18.2253181818182,8.3,31.85,2.05,18.9,47.25,23.55,44.55"
"2382,""Astronium graveolens"",""Neotropical"",""forest"","""",30,14.09021547,0.818313954,""Dantasetal2013/Miatto&Batala2016"",""Borchert1994/Dantasetal2013/Zanneetal2009"",""Oliveira-Filhoetal2007"",24.9292405405405,1525.12612612613,75.1405684684685,33.3068864864865,21.0449562162162,22.2792792792793,37.036036036036,13.6216216216216,19.8243243243243,61.6756756756757,22.7342342342342,40.3423423423423"
"2383,""Astronium fraxinifolium"",""Neotropical"",""savanna"",""n"",15,NA,0.67,"""",""Ribeiroetal2011"",""Oliveira-Filhoetal2007"",24.325504,1352.12,78.574444,33.60336,25.236664,8.64,28.28,4.58,11.02,56.28,17.98,53.72"
"2384,""Schinopsis brasiliensis"",""Neotropical"",""forest"",""n"",15,17.7,0.51,""Markesteijnetal2011"",""Markesteijnetal2011"",""Oliveira-Filhoetal2007"",23.56520546875,715.484375,76.8767546875,9.82563359375,22.236855703125,11.625,26.2109375,6.4765625,7.3671875,62.23828125,18.26953125,55.51953125"
"2385,""Alangium chinense"",""Afrotropical"",""forest"",""n"",30,NA,0.3611895,"""",""Zanneetal2009"",""CJB"",18.3214357142857,1482.64285714286,62.6566357142857,26.3733571428571,14.0671428571429,24.3571428571429,36,8.82142857142857,33.8571428571429,54.8214285714286,21.5714285714286,42.6785714285714"
"2386,""Strombosia pustulata"",""Afrotropical"",""forest"",""n"",45,NA,0.830275079,"""",""Zanneetal2009"",""CJB"",24.7720095238095,2010.19047619048,68.9088571428571,56.2420523809524,7.03453142857143,12.5714285714286,32.4523809523809,12.952380952381,31.7142857142857,49.5952380952381,18.0238095238095,49.5"
"2387,""Ximenia coriacea"",""Neotropical"",""savanna"","""",4,NA,NA,"""","""",""Oliveira-Filhoetal2007"",22.5354,1579.5,69.56345,32.27175,32.5237,10.5,30.75,3.5,15.75,52.25,16,53"
"2388,""Connarus suberosus"",""Neotropical"",""savanna"",""n"",12,6.813993792,0.429,""Batalaetal2011/Cianciarusoetal2013/DantasandBatala2012/Miatto&Batala2016"",""Batalaetal2011"",""Oliveira-Filhoetal2007"",23.83125,1502.9375,78.500309375,45.910425,28.41221875,6.66129032258065,29.1774193548387,3.62903225806452,10.4838709677419,53.5322580645161,16.5967741935484,54.3064516129032"
"2389,""Rourea induta"",""Neotropical"",""savanna"","""",3,5.677033333,0.223,""Batalaetal2011/Cianciarusoetal2013/Miatto&Batala2016"",""Batalaetal2011"",""Oliveira-Filhoetal2007"",23.6428666666667,1500.06666666667,78.3130577777778,40.5861266666667,29.4799688888889,6.75,29.1477272727273,2.88636363636364,10.2386363636364,53.9090909090909,15.2613636363636,55.5454545454545"
"2390,""Ouratea discophora"",""Neotropical"",""forest"","""",NA,NA,0.791,"""",""Zanneetal2009"","""",25.8499857142857,2261.57142857143,63.3115571428571,40.0036571428571,14.1748857142857,9.28571428571429,30.5,7.71428571428571,23.2142857142857,48.5,18.3571428571429,50.9285714285714"
"2391,""Ouratea parviflora"",""Neotropical"",""savanna"","""",5,NA,NA,"""","""",""Oliveira-Filhoetal2007"",19.615628125,1487.1875,50.3397,8.06841875,11.1318540625,12.09375,35.21875,4.125,24.71875,51.78125,19.8125,45.015625"
"2392,""Ouratea hexasperma"",""Neotropical"",""savanna"",""n"",8,6.86,0.542696629,""Cianciarusoetal2013"",""Buccietal2004"",""FloradoBrasil"",23.3017516129032,1430.29032258065,78.893964516129,40.2637580645161,28.1539451612903,8.41935483870968,30.6451612903226,4.12903225806452,11.741935483871,54.2096774193548,16.0322580645161,53.3387096774194"
"2393,""Ouratea semiserrata"",""Neotropical"",""forest"","""",7,NA,NA,"""","""",""Oliveira-Filhoetal2007"",19.42209,1557.5,77.18213,12.72247,17.45673,11.3333333333333,36.6111111111111,7.33333333333333,23.6111111111111,53.2222222222222,17.8888888888889,45.6666666666667"
"2394,""Terminalia fagifolia"",""Neotropical"",""savanna"",""n"",30,NA,NA,"""","""",""FloradoBrasil"",23.9462322580645,1149.58064516129,84.9047709677419,24.2537032258065,27.7806064516129,7.91666666666667,26.3833333333333,4.08333333333333,8.61666666666667,55.55,17.4166666666667,56.3166666666667"
"2395,""Pisonia zapallo"",""Neotropical"",""forest"",""n"",NA,NA,0.3,"""",""Zanneetal2009"","""",20.28916,1051,57.63256,16.28711,30.235433,14.9,34.95,7.95,17.45,58.45,24.2,40.7"
"2396,""Neea hermaphrodita"",""Neotropical"",""forest"",""n"",8,NA,NA,"""","""",""Oliveira-Filhoetal2007"",24.02376,1299,59.1764,17.89764,30.9494,14.05,30.55,5.95,17.3,57.2,22.6,46.75"
"2397,""Gaylussacia brasiliensis"",""Neotropical"",""forest"",""n"",4,NA,NA,"""","""",""Oliveira-Filhoetal2007"",18.61446,1541.11764705882,46.7696905882353,14.6222223529412,23.7562572941176,13.3511904761905,36.0714285714286,4.24404761904762,30.0238095238095,52.9880952380952,20.1369047619048,43.7559523809524"
"2398,""Agarista oleifolia"",""Neotropical"",""forest"",""n"",6,NA,NA,"""","""",""Oliveira-Filhoetal2007"",18.0273785714286,1416,71.3647357142857,20.5699857142857,31.4280142857143,11.6785714285714,36.1428571428571,5.78571428571429,20.3928571428571,52.4285714285714,17.2857142857143,46.6428571428571"
"2399,""Agarista coriifolia"",""Neotropical"",""savanna"",""n"",5,NA,NA,"""","""",""Oliveira-Filhoetal2007"",19.0961,1348.86666666667,78.5283466666667,19.7346733333333,24.5619046666667,10.3333333333333,37.3666666666667,5.86666666666667,23,53.1,15.4,47.3666666666667"
"2400,""Simarouba versicolor"",""Neotropical"",""forest"","""",NA,NA,0.41,"""",""Zanneetal2009"","""",24.6036705882353,1218.85294117647,92.4946205882353,22.8151264705882,25.8311773529412,8.15151515151515,27.6060606060606,4.74242424242424,9.04545454545454,56.5,18.8636363636364,53.469696969697"
"2401,""Picramnia glazioviana"",""Neotropical"",""forest"",""n"",9,NA,NA,"""","""",""Oliveira-Filhoetal2007"",19.3096043478261,1420.69565217391,53.784947826087,12.8230347826087,16.5954347826087,10.695652173913,36.7826086956522,4.78260869565217,21.8478260869565,51.3478260869565,17.804347826087,45.3695652173913"
"2402,""Picramnia sellowii"",""Neotropical"",""forest"",""n"",15,16.18122977,0.631,""Kitajima&Poorter2010"",""Poorter2010"",""FloradoBrasil"",22.7124088888889,1698.64444444444,58.7473377777778,18.3498644444444,23.0523426666667,13.3522727272727,31.0909090909091,6.85227272727273,23.6590909090909,52.4090909090909,23.4318181818182,45.5340909090909"
"2403,""Moronobea coccinea"",""Neotropical"",""forest"",""n"",40,NA,0.832186667,"""",""Zanneetal2009"",""FloradoBrasil"",24.6851888888889,2528.55555555556,42.9660888888889,6.84402222222222,6.79113333333333,13.7222222222222,34.8888888888889,6.33333333333333,33.7222222222222,45.4444444444444,24.8333333333333,40.2222222222222"
"2404,""Haploclathra paniculata"",""Neotropical"",""forest"","""",NA,NA,0.82,"""",""Zanneetal2009"","""",26.46082,2686.4,30.38408,0.19872,3.52,10.6,29.7,1.4,44.4,44.7,24.3,46"
"2405,""Caraipa llanorum"",""Neotropical"",""forest"","""",NA,NA,0.6,"""",""Zanneetal2009"","""",27.115,2579.86666666667,61.0019666666667,28.88712,17.6378993333333,10.6538461538462,24.6538461538462,8.46153846153846,32.3846153846154,52,24.7692307692308,50.5"
"2406,""Caraipa grandifolia"",""Neotropical"",""forest"","""",NA,NA,0.78,"""",""Zanneetal2009"","""",26.4364625,2465.875,42.5271083333333,10.47065,7.25829708333333,10.7954545454545,31,3.09090909090909,35.7727272727273,46.25,27.6136363636364,41.5227272727273"
"2407,""Caraipa densifolia"",""Neotropical"",""forest"","""",NA,NA,0.640608758,"""",""Zanneetal2009"","""",25.9104862068966,2070.68965517241,62.2107172413793,32.7821586206897,25.2595772413793,9.72,28.72,3.58,19.02,49.58,22.3,49.02"
"2409,""Kielmeyera speciosa"",""Neotropical"",""savanna"","""",3,NA,NA,"""","""",""Oliveira-Filhoetal2007"",22.132275,1525.75,78.488675,8.94055,22.332325,5.5,34.25,3.625,9.375,53.875,17.25,48.75"
"2410,""Kielmeyera rubriflora"",""Neotropical"",""savanna"",""n"",8,NA,NA,"""","""",""Oliveira-Filhoetal2007"",22.8289666666667,1446.2380952381,83.7911904761905,41.7503619047619,32.0281428571429,7.20238095238095,31.0119047619048,3.4047619047619,12.5119047619048,53.5952380952381,18.047619047619,50.9642857142857"
"2411,""Clusia nemorosa"",""Neotropical"",""forest"","""",15,NA,NA,"""","""",""Oliveira-Filhoetal2007"",23.6059652631579,1490.34736842105,52.2485484210526,17.3141810526316,20.2306437894737,11.4787234042553,30.4574468085106,6.15957446808511,20,53.7606382978723,18.7606382978723,50.7393617021277"
"2412,""Vismia latifolia"",""Neotropical"",""forest"",""n"",NA,NA,0.43,"""",""Zanneetal2009"","""",25.7286375,2101.25,52.165525,13.297625,15.4580125,13.75,33.625,4.8125,16.1875,50.6875,22.25,44"
"2413,""Kielmeyera coriacea"",""Neotropical"",""savanna"",""n"",NA,7.159269721,0.312971999,""Batalaetal2011/Cianciarusoetal2013/DantasandBatala2012"",""Batalaetal2011/Buccietal2004/Miato2011"","""",22.1959,1431.49180327869,75.2459737704918,42.8707737704918,34.9324409836066,7.42622950819672,32.3688524590164,3.18852459016393,12.6393442622951,53.3934426229508,16.7377049180328,50.827868852459"
"2414,""Vismia guianensis"",""Neotropical"",""forest"",""n"",25,NA,0.475,"""",""Zanneetal2009"",""Oliveira-Filhoetal2007"",23.6854891566265,1736.39759036145,57.8403192771084,19.381221686747,20.3199926506024,14.0246913580247,31.3518518518519,6.09259259259259,23.6111111111111,53.1543209876543,20.8333333333333,47.8024691358025"
"2415,""Clusia insignis"",""Neotropical"",""forest"","""",NA,NA,0.56,"""",""Zanneetal2009"","""",25.7249923076923,2777.07692307692,40.6381230769231,1.52623846153846,4.36574846153846,10.6153846153846,30.1538461538462,6.34615384615385,29.8846153846154,46.5,21.5384615384615,48.3846153846154"
"2416,""Clethra scabra"",""Neotropical"",""forest"",""n"",20,NA,NA,"""","""",""FloradoBrasil"",17.3061885714286,1448.75238095238,53.5436866666667,7.44346442307692,19.34208875,14.1809523809524,37.9571428571429,7.24761904761905,29.4047619047619,52.3714285714286,22.3333333333333,39.6571428571429"
"2417,""Cybianthus fulvopulverulentus"",""Neotropical"",""forest"",""n"",NA,NA,0.5925,"""",""Zanneetal2009"","""",25.2807833333333,2583.16666666667,42.5608388888889,4.96518888888889,16.1861572222222,12.1111111111111,29.2777777777778,6.66666666666667,36.8333333333333,47.8611111111111,22,48.6944444444444"
"2418,""Virola bicuhyba"",""Neotropical"",""forest"","""",NA,NA,0.56,"""",""Zanneetal2009"","""",20.13916,1685.2,32.67342,0.79524,4.05,14.3,37.7,2.5,24.5,51.9,20.4,41.8"
"2419,""Staudtia kamerunensis"",""Afrotropical"",""forest"",""n"",40,NA,0.796561551,"""",""Zanneetal2009"",""CJB"",24.3079387096774,2003.96774193548,58.9946064516129,8.27421851851852,7.96923333333333,16.0322580645161,35.2096774193548,12.5645161290323,33.2741935483871,50.2903225806452,17.7903225806452,46.9193548387097"
"2420,""Staudtia stipitata"",""Afrotropical"",""forest"",""n"",37,15.3,NA,""Meiretal2007"","""",""JStorPlants"",24.3079387096774,2003.96774193548,58.9946064516129,8.27421851851852,7.96923333333333,16.0322580645161,35.2096774193548,12.5645161290323,33.2741935483871,50.2903225806452,17.7903225806452,46.9193548387097"
"2421,""Staudtia gabonensis"",""Afrotropical"",""forest"",""n"",35,NA,0.74907,"""",""Zanneetal2009"",""JStorPlants"",24.3079387096774,2003.96774193548,58.9946064516129,8.27421851851852,7.96923333333333,16.0322580645161,35.2096774193548,12.5645161290323,33.2741935483871,50.2903225806452,17.7903225806452,46.9193548387097"
"2422,""Osteophloeum platyspermum"",""Neotropical"",""forest"","""",NA,NA,0.465857143,"""",""Zanneetal2009"","""",25.1602941176471,3112.52941176471,30.9976176470588,9.39615294117647,4.63746470588235,15.5588235294118,33.9411764705882,9.02941176470588,44.6176470588235,49.2352941176471,26.4705882352941,39.5294117647059"
"2423,""Virola venosa"",""Neotropical"",""forest"","""",NA,NA,0.622,"""",""Zanneetal2009"","""",25.9652833333333,2201.66666666667,56.9958666666667,30.9674166666667,17.0600666666667,7.25,30.5,2.5,12,46.5,20,49.4166666666667"
"2424,""Hedyosmum scabrum"",""Neotropical"",""forest"","""",NA,NA,0.45,"""",""Zanneetal2009"","""",14.745164516129,1264.03225806452,53.7585612903226,7.91846129032258,18.1939,23.8709677419355,25.2903225806452,18.2741935483871,66.8870967741936,55.8387096774194,31.5967741935484,43.0483870967742"
"2425,""Mansonia altissima"",""Afrotropical"",""forest"","""",30,NA,0.564380772,"""",""Zanneetal2009"",""JStorPlants"",25.5347285714286,1721.04761904762,67.4186571428571,28.1008952380952,15.3023752380952,11.547619047619,29.1904761904762,17.3095238095238,13.3333333333333,54.5714285714286,18.547619047619,52.2380952380952"
"2426,""Cola gigantea"",""Afrotropical"",""forest"",""n"",50,8.605851979,0.480102042,""Dominguesetal2010"",""Zanneetal2009"",""CJB"",26.3934782608696,1239.91304347826,73.7871391304348,32.9104,15.8131291304348,10.7619047619048,26.8809523809524,17.4285714285714,9.92857142857143,57.3809523809524,17.4285714285714,55.5714285714286"
"2427,""Trichilia prieuriana"",""Afrotropical"",""forest"",""n"",25,NA,0.662854723,"""",""Zanneetal2009"",""JStorPlants"",24.0306571428571,1573.78571428571,56.9808714285714,7.58570714285714,12.1272835714286,11.4285714285714,34.4642857142857,13.25,20.25,50.9285714285714,16.2142857142857,49.3571428571429"
"2428,""Geissanthus ambiguus"",""Neotropical"",""forest"","""",NA,18.46262272,0.509,""Kitajima&Poorter2010/Markesteijn&Poorter2009"",""Poorter2010/Zanneetal2009"","""",19.2708333333333,1435.66666666667,54.8378962962963,10.5976444444444,17.5130259259259,18.5185185185185,31.1111111111111,11.2592592592593,46.037037037037,54.037037037037,26.462962962963,42.4259259259259"
"2429,""Cola buntingii"",""Afrotropical"",""forest"","""",12,NA,0.71381047,"""",""Zanneetal2009"",""JStorPlants"",25.58914,2539,54.5151,0.19848,7.94,8,30.2,21.4,16.2,48.7,15.1,54.4"
"2430,""Sterculia rugosa"",""Neotropical"",""forest"","""",NA,NA,0.47776,"""",""Zanneetal2009"","""",26.48125,2477,50.2428,0,0,20.5,29.75,8.25,34,52.25,25.75,44.5"
"2431,""Brosimum guianense"",""Neotropical"",""forest"",""n"",NA,12.695,0.843487,""Miatto&Batala2016"",""Zanneetal2009"","""",25.9451846153846,2391.76923076923,44.3392,9.85258461538462,8.77501538461538,12.8333333333333,29.875,6.16666666666667,23.125,50.6666666666667,25.125,44.8333333333333"
"2432,""Vochysia ferruginea"",""Neotropical"",""forest"",""n"",NA,NA,0.380123334,"""",""Santiagoetal2004/Zanneetal2009"","""",25.2457,2838.74193548387,50.9821967741935,10.7041161290323,14.2685816129032,15.8,32.9166666666667,8.56666666666667,28.9,51.75,23.8,43.35"
"2433,""Casearia obliqua"",""Neotropical"",""forest"",""n"",30,NA,NA,"""","""",""Oliveira-Filhoetal2007"",18.4967357142857,1536.5,37.1283071428571,7.02588571428571,18.86,12.8214285714286,41.6071428571429,3.5,21.3214285714286,52.6071428571429,22.1428571428571,36.2857142857143"
"2434,""Casearia negrensis"",""Neotropical"",""forest"",""n"",NA,NA,0.52,"""",""Zanneetal2009"","""",25.3618,2456.83333333333,41.3039333333333,0.331033333333333,1.825,8.5,32.3333333333333,7.58333333333333,31.1666666666667,46.1666666666667,22.75,44.8333333333333"
"2435,""Cochlospermum planchoni"",""Afrotropical"",""savanna"",""n"",2.5,10.86792968,NA,""Dominguesetal2010"","""",""CJB"",26.989775,1091.86363636364,92.5186795454545,68.6723466666667,20.7350946666667,9.55555555555556,22.2555555555556,17.6222222222222,7.22222222222222,60.6777777777778,19.7333333333333,58.0555555555556"
"2436,""Urera baccifera"",""Neotropical"",""forest"",""y"",7,47.9,NA,""Markesteijn&Poorter2009"","""",""FloradoBrasil"",21.7679194478528,1860,53.5353025153374,18.1203113207547,14.7009516875,19.5,35.840490797546,10.1656441717791,29.6871165644172,55.5889570552147,25.5490797546012,38.5981595092025"
"2437,""Acrocomia aculeata"",""Neotropical"",""forest"",""y"",15,NA,NA,"""","""",""Oliveira-Filhoetal2007"",24.7786285714286,1582.87142857143,70.6324157142857,35.9718449275362,22.7652808571429,19.5,33.7142857142857,9.74285714285714,16.2428571428571,59.8071428571429,24.0428571428571,42.2785714285714"
"2438,""Euclea racemosa"",""Afrotropical"",""savanna"",""n"",15,7.96,0.817,""Plasetal2012"",""Plasetal2012"",""JStorPlants"",20.4133863636364,871.712121212121,81.2711439393939,28.80968125,22.7056543939394,21.6060606060606,32.4242424242424,13.2727272727273,14.8712121212121,64.9545454545455,18.6742424242424,48.9469696969697"
"2439,""Scolopia mundii"",""Afrotropical"",""savanna"",""y"",23,15.7,0.783,""Plasetal2012"",""Plasetal2012"",""JStorPlants"",16.36666,818.6,52.76308,90.30388,34.19376,13.1,29.4,8.9,21.3,56.9,20.5,49.9"
"2440,""Mammea africana"",""Afrotropical"",""forest"",""n"",45,NA,0.626699791,"""",""Zanneetal2009"",""CJB"",26.2021,2196,66.83865,1.4916,14.65,11.5,27.25,20.5,21,52,19.25,53.25"
"2441,""Ocotea porosa"",""Neotropical"",""forest"",""n"",15,NA,0.57,"""",""Zanneetal2009"",""FloradoBrasil"",16.7617804347826,1631.28260869565,25.1025369565217,4.53736956521739,13.730847826087,15.6413043478261,45.4130434782609,3.93478260869565,29.1630434782609,51.2826086956522,24.3695652173913,30.1847826086957"
"2442,""Toulicia radlkoferi"",""Neotropical"",""forest"","""",NA,NA,0.6,"""",""Zanneetal2009"","""",24.8417,1719,46.9259,35.7912,36.9556,18,36,1,16,47,33.5,31"
"2443,""Heisteria concinna"",""Neotropical"",""forest"","""",NA,NA,0.64,"""",""Zanneetal2009"","""",25.42845,3236.16666666667,58.7379833333333,11.9237333333333,6.68656666666667,24.1666666666667,34.8333333333333,18.1666666666667,63.9166666666667,53,28.0833333333333,37.1666666666667"
"2444,""Licania pallida"",""Neotropical"",""forest"","""",NA,NA,0.88,"""",""Zanneetal2009"","""",26.21668,2078,60.79592,7.35152,12.83904,8.2,32.8,1.6,29.9,47.5,26.9,40.3"
"2445,""Licania triandra"",""Neotropical"",""forest"","""",NA,NA,0.653,"""",""Poorter2010"","""",25.9902666666667,2352,42.7534,0,0,11.3333333333333,29.8333333333333,4.16666666666667,32.5,48.6666666666667,27.1666666666667,43.3333333333333"
"2446,""Couepia grandiflora"",""Neotropical"",""savanna"","""",NA,8.532,0.4,""Cianciarusoetal2013/Miatto&Batala2016"",""Abeetal2018"","""",23.367025,1403.33333333333,77.617925,46.8330333333333,33.493775,6,28.625,3.45833333333333,11.2083333333333,53.7916666666667,14.8333333333333,56.5416666666667"
"2447,""Cordia sellowiana"",""Neotropical"",""forest"",""n"",20,22.4100924,0.383067413,""Dantasetal2013"",""Dantasetal2013"",""Oliveira-Filhoetal2007"",23.42081875,1561.5,64.26645625,30.5097117647059,23.5444941176471,9.63333333333333,33.3,4.4,14.0333333333333,51.5,21.3,45.4"
"2448,""Sloanea sinemariensis"",""Neotropical"",""forest"",""n"",30,NA,0.57,"""",""Balhetal2011"",""FloradoBrasil"",24.957275,2284,43.0666,14.39125,7.5013,10.8333333333333,29.3333333333333,10,21,49.5,20.5,50.6666666666667"
"2449,""Mezilaurus lindaviana"",""Neotropical"",""forest"","""",25,NA,0.68,"""",""Zanneetal2009"",""Oliveira-Filhoetal2007"",24.4667,1387,53.6522,3.976,10.3,10.5,25.5,0.5,7.5,58,19,55.5"
"2450,""Lafoensia pacari"",""Neotropical"",""savanna"","""",8,11.31496155,0.598515152,""Batalaetal2011/Cianciarusoetal2013"",""Batalaetal2011/Ribeiroetal2011"",""Oliveira-Filhoetal2007"",21.7626,1407.92682926829,71.5716268292683,24.5403268292683,26.7935048780488,9.1125,32.3125,3.7125,14.0875,54.6375,17.0375,50.625"
"2451,""Persea venosa"",""Neotropical"",""forest"","""",15,NA,NA,"""","""",""Oliveira-Filhoetal2007"",19.590080952381,1491.19047619048,46.540819047619,14.987480952381,16.0898076190476,14.3809523809524,35.5714285714286,4.07142857142857,31.2857142857143,54.0476190476191,18.6190476190476,45.7142857142857"
"2452,""Casearia rupestris"",""Neotropical"",""forest"",""n"",20,NA,NA,"""","""",""Oliveira-Filhoetal2007"",24.1404571428571,1269.42857142857,59.0914571428571,24.5568142857143,28.3824428571429,9.78571428571429,32.2142857142857,4.64285714285714,12.1428571428571,56.2857142857143,20.7142857142857,47.1428571428571"
"2453,""Olea capensis"",""Afrotropical"",""forest"",""n"",40,NA,0.774290071,"""",""Zanneetal2009"",""JStorPlants"",19.306452688172,1386.8064516129,70.6082193548387,27.4627043956044,27.6435230769231,17.6182795698925,31.9247311827957,10.3064516129032,26.8924731182796,55.1666666666667,20.2741935483871,47.8494623655914"
"2454,""Erythroxylum orinocense"",""Neotropical"",""savanna"","""",4,NA,NA,"""","""",""Oliveira-Filhoetal2007"",27.925,2755,68.622,18.8879,27.8947,7,27,8.5,8,54,23.5,49.5"
"2455,""Maytenus guyanensis"",""Neotropical"",""forest"","""",NA,NA,0.75,"""",""Zanneetal2009"","""",25.42917,2453.3,53.85714,35.23486,8.99336,13.5555555555556,28.8888888888889,7.33333333333333,35.5,50.7777777777778,21.8888888888889,49.2222222222222"
"2456,""Mouriri brevipes"",""Neotropical"",""forest"","""",NA,NA,0.775,"""",""Zanneetal2009"","""",26.9458,3370,45.004,0.993,5.4,6.5,17.5,2.5,40.5,45,25,57.5"
"2457,""Casearia pitumba"",""Neotropical"",""forest"",""n"",NA,NA,0.73,"""",""Zanneetal2009"","""",25.40792,2463.8,47.1982175,7.28003,11.866645,12.4102564102564,32.8333333333333,4.78205128205128,31.4871794871795,47.8846153846154,23.2307692307692,43.8333333333333"
"2458,""Maranthes kerstingii"",""Afrotropical"",""forest"",""n"",30,NA,0.828748839,"""",""Zanneetal2009"",""CJB"",25.29584,1373.4,81.34453,68.90889,17.65,8.8,26.8,16.9,11,57.15,21.1,52.15"
"2459,""Sacoglottis cydonoides"",""Neotropical"",""forest"","""",NA,NA,0.782186667,"""",""Zanneetal2009"","""",25.2333,1666,43.6461,0,0,14,37.5,11,13,55,21.5,41.5"
"2460,""Acacia ataxacantha"",""Afrotropical"",""forest"",""y"",15,NA,0.694,"""",""Nygard&Elfving2000"",""JStorPlants"",25.6660074074074,775.21164021164,113.749301058201,29.0618592592593,18.001117989418,11.8936170212766,22.9308510638298,11.3085106382979,7.21808510638298,64.2154255319149,16.3696808510638,60.6968085106383"
"2461,""Acacia dudgeoni"",""Afrotropical"",""forest"",""n"",7,12.67427123,0.728,""Dominguesetal2010"",""Nygard&Elfving2000"",""CJB"",28.5125,837.666666666667,113.545,102.2378,53.5653666666667,14.8333333333333,30.5,16.1666666666667,7,67.3333333333333,24.6666666666667,44.3333333333333"
"2462,""Caryocar amygdaliferum"",""Neotropical"",""forest"","""",NA,NA,0.68,"""",""Zanneetal2009"","""",28.0597333333333,2855.33333333333,50.7964333333333,17.5633,22.8056,15.1666666666667,29,9.5,24.1666666666667,55.3333333333333,22.5,48.6666666666667"
"2463,""Guarea laurentii"",""Afrotropical"",""forest"","""",35,NA,0.563227873,"""",""Zanneetal2009"",""CJB"",25.06665,1492,58.54235,0,0,7,39.5,11.5,12,53,11.5,48.5"
"2464,""Heisteria maytenoides"",""Neotropical"",""forest"","""",NA,NA,0.87,"""",""Zanneetal2009"","""",27.5486,2805.33333333333,63.4939,5.30126666666667,22.2309666666667,17.3333333333333,23.8333333333333,15.1666666666667,68.1666666666667,52.1666666666667,29.6666666666667,46.6666666666667"
"2465,""Licania membranacea"",""Neotropical"",""forest"","""",NA,NA,0.88,"""",""Zanneetal2009"","""",26.0417,2262,72.3046,26.8218,31.9111,5.5,29,5.5,9,49,18,53"
"2466,""Acacia sieberiana"",""Afrotropical"",""savanna"",""y"",21,NA,NA,"""","""",""JStorPlants"",25.6805405498282,913.147766323024,103.17477628866,57.3808103092784,20.5360831271478,12.1461267605634,26.5070422535211,14.0052816901408,8.62676056338028,62.3926056338028,19.5827464788732,53.9049295774648"
"2467,""Inga marginata"",""Neotropical"",""forest"",""n"",20,NA,0.551739641,"""",""Zanneetal2009"",""Oliveira-Filhoetal2007"",19.7712888888889,2118.88888888889,39.2944333333333,0.552066666666667,6.41481111111111,23.7222222222222,31.4444444444444,9.5,68.2222222222222,52.5,27.8333333333333,40.7222222222222"
"2468,""Rauvolfia praecox"",""Neotropical"",""forest"",""n"",NA,NA,0.459606604,"""",""Zanneetal2009"","""",25.20835,2449.5,37.31765,0,0,10.5,27.25,2,31,47,29.75,43.25"
"2469,""Ocotea leucoxylon"",""Neotropical"",""forest"","""",NA,NA,0.461775,"""",""Zanneetal2009"","""",22.0792396226415,2230.24528301887,53.3119264150943,6.82946530612245,16.014604,23.7830188679245,34.0754716981132,11.9433962264151,40.8018867924528,53.5377358490566,26.4905660377358,39.4622641509434"
"2470,""Sterculia dawei"",""Afrotropical"",""forest"",""n"",27,NA,0.393477,"""",""Zanneetal2009"",""JStorPlants"",24.82832,1652,44.1564,5.35788,7.55384,7.1,32.8,5.6,14.3,48.1,13,54"
"2471,""Acacia gourmaensis"",""Afrotropical"",""savanna"",""y"",7,13.71742112,0.748,""Dominguesetal2010"",""Nygard&Elfving2000"",""CJB"",28.03099375,926.1875,105.686228125,62.770540625,25.00281875,9.43548387096774,22.5967741935484,17.241935483871,6.38709677419355,63.2096774193548,22.9516129032258,54.4354838709677"
"2472,""Byrsonima verbascifolia"",""Neotropical"",""savanna"","""",6,7.562308109,0.328611111,""Batalaetal2011/Cianciarusoetal2013/DantasandBatala2012"",""Barbosa&Fearnside2004/Batalaetal2011/Miato2011"",""Oliveira-Filhoetal2007"",23.6190181818182,1636.67272727273,74.46152,33.8984581818182,26.0447581818182,8.44444444444444,30.4907407407407,4.88888888888889,13.1481481481481,54.287037037037,18.1018518518519,51.462962962963"
"2473,""Boehmeria caudata"",""Neotropical"",""forest"",""n"",6,NA,NA,"""","""",""Oliveira-Filhoetal2007"",18.9898834482759,1705.52413793103,48.8885426206897,7.584175,11.7769706896552,21.1137931034483,35.1413793103448,9.49310344827586,37.3206896551724,54.6758620689655,25.6,39.3"
"2474,""Licania polita"",""Neotropical"",""forest"","""",NA,NA,0.88,"""",""Zanneetal2009"","""",26.1718625,2107,60.54805,18.3840625,23.00865,8.78571428571429,27.8571428571429,3.5,25.7142857142857,47.2142857142857,24.9285714285714,47.2857142857143"
"2475,""Cordia alliodora"",""Neotropical"",""forest"",""n"",25,NA,0.512977334,"""",""Borchert1994/Poorter2010/Santiagoetal2004/Zanneetal2009"",""Oliveira-Filhoetal2007"",24.3338753963415,1694.71341463415,85.1836591463415,33.1099103343465,21.3848863525836,21.0353846153846,36.2907692307692,15.0738461538462,19.5846153846154,60.3061538461538,24.24,39.4938461538462"
"2476,""Marila laxiflora"",""Neotropical"",""forest"","""",NA,NA,0.48,"""",""Santiagoetal2004"","""",24.14765625,2596.6875,57.72673125,4.53306875,6.24708125,24.78125,35.375,13.34375,37.90625,54.46875,25.71875,38.875"
"2477,""Theobroma speciosum"",""Neotropical"",""forest"","""",NA,NA,0.63,"""",""Zanneetal2009"","""",26.1297086956522,1986.47826086957,63.4809826086956,26.5307652173913,18.6121943478261,9.47826086956522,31.3913043478261,3.47826086956522,14.6739130434783,48.4782608695652,23.7826086956522,44.8913043478261"
"2478,""Miconia punctata"",""Neotropical"",""forest"",""n"",18,NA,NA,"""","""",""Oliveira-Filhoetal2007"",23.5062943396226,2542.94339622642,49.6152264150943,9.68928653846154,9.66321698113208,16.6415094339623,32.0849056603774,8.06603773584906,42.2452830188679,50.3018867924528,24.6320754716981,43.2735849056604"
"2479,""Curupira tefeensis"",""Neotropical"",""forest"",""n"",NA,NA,0.81,"""",""Zanneetal2009"","""",26.4417,2699,32.0749,0,0,8,25,2.5,39,45,22.5,52.5"
"2480,""Trichilia emarginata"",""Neotropical"",""forest"","""",8,NA,NA,"""","""",""Oliveira-Filhoetal2007"",21.6238636363636,844.363636363636,68.0675,14.2686818181818,36.5773,11.6363636363636,33.8181818181818,5.18181818181818,11.0909090909091,57.5454545454545,17.3181818181818,48.9545454545455"
"2481,""Casearia battiscombei"",""Afrotropical"",""forest"",""n"",40,NA,0.50808475,"""",""Zanneetal2009"",""JStorPlants"",17.0032333333333,1258.66666666667,83.8473444444444,23.3883333333333,30.1695666666667,23.6666666666667,41.1111111111111,9.33333333333333,29.2777777777778,54.6666666666667,21.6666666666667,37.3333333333333"
"2482,""Parinari congoensis"",""Afrotropical"",""forest"",""n"",20,8.673026886,NA,""Dominguesetal2010"","""",""CJB"",25.3527666666667,1716.66666666667,35.8237666666667,6.94963333333333,7.70084666666667,9.5,29.1666666666667,3.33333333333333,34.3333333333333,49.8333333333333,17,53.8333333333333"
"2483,""Guarea thompsonii"",""Afrotropical"",""forest"",""n"",49,NA,0.551854374,"""",""Zanneetal2009"",""JStorPlants"",24.954675,1677.75,57.6822125,3.72615,2.98620375,8.4375,34.0625,13.5625,16.75,50.0625,12.9375,53.125"
"2484,""Cecropia purpurascens"",""Neotropical"",""forest"",""n"",NA,NA,0.21,"""",""Zanneetal2009"","""",26.5389,2379.66666666667,43.4803666666667,0.330566666666667,2.93333333333333,11.3333333333333,37.1666666666667,2.66666666666667,20,43.6666666666667,20.8333333333333,42"
"2485,""Simarouba amara"",""Neotropical"",""forest"","""",40,NA,0.396653717,"""",""Santiagoetal2004/Zanneetal2009"",""Oliveira-Filhoetal2007"",24.0410947368421,1799.58947368421,65.08698,15.3489680851064,25.3908063157895,14.2526315789474,32.5368421052632,7.48421052631579,19.0526315789474,54.4,21.6947368421053,45.7947368421053"
"2486,""Acacia grandicornuta"",""Afrotropical"",""savanna"",""y"",12,10,0.911,""Plasetal2012"",""Plasetal2012"",""JStorPlants"",21.37345,532.5,81.1866125,12.42255,11.88462625,11.375,21.5,6.5625,6.6875,65.9375,11.375,67.0625"
"2487,""Garcinia macrophylla"",""Neotropical"",""forest"",""n"",30,NA,0.67,"""",""Zanneetal2009"",""FloradoBrasil"",24.0841472222222,2137.77777777778,58.4741694444444,9.3450972972973,12.2572648648649,17.8472222222222,34.5,9.09722222222222,35.6666666666667,52.1805555555556,24.7916666666667,40.7777777777778"
"2488,""Heisteria citrifolia"",""Neotropical"",""savanna"","""",4,NA,NA,"""","""",""Oliveira-Filhoetal2007"",23.443775,1280.5,84.91475,42.9617,62.0694,8.625,30.125,5,11.5,56,16.5,53.5"
"2489,""Hedyosmum brasiliense"",""Neotropical"",""forest"","""",5,NA,NA,"""","""",""Oliveira-Filhoetal2007"",19.0373948717949,1653.25641025641,54.2440692307692,10.2093666666667,21.6819743589744,11.525641025641,37.2564102564103,4.83333333333333,24.9871794871795,51.5128205128205,18.8333333333333,43.8717948717949"
"2490,""Sterculia apeibophylla"",""Neotropical"",""forest"","""",NA,NA,0.47,"""",""Zanneetal2009"","""",24.59375,1740.5,67.0947,29.787,31.78415,7,29.5,3.25,13.75,46.75,21.25,49.5"
"2491,""Calophyllum angulare"",""Neotropical"",""forest"","""",NA,NA,0.6425,"""",""Zanneetal2009"","""",26.2875,2665,24.7926,0,0,8,32.5,1,15.5,42.5,26,41.5"
"2492,""Symplocos oblongifolia"",""Neotropical"",""savanna"",""n"",NA,NA,0.38,"""",""Haoetal2008"","""",17.7750083333333,1523.08333333333,55.9679583333333,20.44645,26.22455,12.875,41.7916666666667,4.91666666666667,27.0416666666667,52.5833333333333,19.7916666666667,38.375"
"2493,""Hasseltia floribunda"",""Neotropical"",""forest"",""n"",25,NA,0.53,"""",""Zanneetal2009"",""FloradoBrasil"",24.1878409836066,2479.34426229508,50.3179295081967,7.22875409836066,8.74504409836065,20.0655737704918,33.7131147540984,8.79508196721311,39.9836065573771,53.4262295081967,27.4754098360656,38.8852459016393"
"2494,""Zanthoxylum schreberi"",""Neotropical"",""forest"","""",NA,NA,0.76,"""",""Zanneetal2009"","""",23.479175862069,1657.27586206897,60.772675862069,10.8184807692308,17.5481,23.448275862069,37.3793103448276,11.5172413793103,29.2758620689655,60.2241379310345,27.4137931034483,35.1551724137931"
"2495,""Cupania paniculata"",""Neotropical"",""savanna"","""",3,NA,NA,"""","""",""Oliveira-Filhoetal2007"",21.74082,1123.6,86.77502,37.94844,34.85184,7.9,29.8,4.1,12.2,55.3,16.5,53.8"
"2496,""Vismia macrophylla"",""Neotropical"",""forest"",""n"",NA,NA,0.49369,"""",""Zanneetal2009"","""",25.5071759259259,2523.92592592593,50.5620333333333,28.7011907407407,18.474212962963,17.2830188679245,32.7830188679245,7.30188679245283,33.8396226415094,52.811320754717,24.9905660377358,42.2830188679245"
"2497,""Cupania scrobiculata"",""Neotropical"",""forest"",""n"",NA,NA,0.628,"""",""Zanneetal2009"","""",25.335684375,2541.90625,57.758275,14.711059375,18.3846625,15.53125,32.59375,9,24.921875,52.375,21.75,45.75"
"2498,""Tarrietia densiflora"",""Afrotropical"",""forest"","""",NA,NA,0.651345786,"""",""Zanneetal2009"","""",26.0222,2177.66666666667,71.9903333333333,4.3081,15.5398,14.1666666666667,32.1666666666667,10.6666666666667,52,48.8333333333333,20.6666666666667,47.1666666666667"
"2499,""Aspidosperma capitatum"",""Neotropical"",""forest"","""",NA,NA,0.73,"""",""Zanneetal2009"","""",26.5667,2951,22.6379,0,0,11,31.5,2,39.5,44,27,41.5"
"2500,""Roupala montana var. brasiliensis"",""Neotropical"",""forest"","""",NA,NA,0.83,"""",""Zanneetal2009"","""",20.698748951049,1671.37762237762,60.2409444755245,18.8249964788732,24.9382601408451,14.2394366197183,34.7359154929577,6.48943661971831,24.9295774647887,53.7253521126761,21.5211267605634,43.7781690140845"
"2501,""Roupala montana"",""Neotropical"",""savanna"",""n"",20,7.137177689,NA,""Batalaetal2011/Cianciarusoetal2013/Miatto&Batala2016"","""",""Oliveira-Filhoetal2007"",20.698748951049,1671.37762237762,60.2409444755245,18.8249964788732,24.9382601408451,14.2394366197183,34.7359154929577,6.48943661971831,24.9295774647887,53.7253521126761,21.5211267605634,43.7781690140845"
"2502,""Xylosma benthami"",""Neotropical"",""forest"","""",15,NA,NA,"""","""",""Oliveira-Filhoetal2007"",22.3276454545455,1682.54545454545,51.4164,9.93851818181818,13.0204272727273,18.55,31.85,8.75,34.9,55.15,24.4,43.7"
"2503,""Endodesmia calophylloides"",""Afrotropical"",""forest"",""n"",35,NA,0.679220029,"""",""Zanneetal2009"",""CJB"",23.9590416666667,2126.75,60.1127166666667,0.745725,1.09259166666667,12.0833333333333,40.375,11.2916666666667,27.3333333333333,47.625,14.9166666666667,44.8333333333333"
"2504,""Myrsine coriacea"",""Neotropical"",""savanna"",""n"",20,10.4969,NA,""Cianciarusoetal2013/DantasandBatala2012"","""",""FloradoBrasil"",18.0175146938776,1598.2693877551,73.2634616326531,16.6059032786885,18.3278665306122,26.9673469387755,33.6612244897959,16.3142857142857,39.9734693877551,56.4755102040816,26.6020408163265,39.734693877551"
"2505,""Myrsine ferruginea"",""Neotropical"",""forest"",""n"",20,NA,0.62,"""",""Haoetal2008"",""FloradoBrasil"",18.0175146938776,1598.2693877551,73.2634616326531,16.6059032786885,18.3278665306122,26.9673469387755,33.6612244897959,16.3142857142857,39.9734693877551,56.4755102040816,26.6020408163265,39.734693877551"
"2506,""Guarea pubescens"",""Neotropical"",""forest"","""",NA,NA,0.530427226,"""",""Zanneetal2009"","""",25.7512352941176,2532.35294117647,47.6827176470588,4.20665294117647,4.84886470588235,11.3823529411765,32.9117647058824,7.38235294117647,29.4411764705882,48.5588235294118,24.5588235294118,42.7058823529412"
"2507,""Casearia mestrensis"",""Neotropical"",""savanna"",""n"",12,NA,NA,"""","""",""Oliveira-Filhoetal2007"",21.1292,1341,69.0535,0,0,13.5,38.5,5.5,20.5,55.5,19,42.5"
"2508,""Pachira brevipes"",""Neotropical"",""forest"","""",NA,NA,0.56,"""",""Zanneetal2009"","""",26.3638666666667,2805,21.8802,0.3312,5.86666666666667,12.75,29.5,0.75,59,46.25,27,43.5"
"2509,""Coula edulis"",""Afrotropical"",""forest"","""",30,NA,0.894763816,"""",""Zanneetal2009"",""JStorPlants"",24.8944,1884.85714285714,67.5668085714286,14.7290742857143,6.516762,11.4571428571429,35.4571428571429,12.0142857142857,25.3428571428571,48.7571428571429,16.6571428571429,47.9571428571429"
"2510,""Cinnamomum porphyrium"",""Neotropical"",""forest"","""",NA,NA,0.47,"""",""Zanneetal2009"","""",18.82832,738.933333333333,87.4891333333333,11.7898466666667,35.4229093333333,15.1428571428571,30.75,19.6785714285714,23.4285714285714,58.1071428571429,26,43.1428571428571"
"2511,""Cola caricifolia"",""Afrotropical"",""forest"","""",10,15.38461538,NA,""Dominguesetal2010"","""",""CJB"",25.79583,1822.6,70.14244,29.9393,11.721143,10.75,27.3,18.95,14,53.2,19.45,53.1"
"2512,""Rapanea melanophloeos"",""Afrotropical"",""forest"",""n"",20,NA,0.74907,"""",""Zanneetal2009"",""JStorPlants"",16.5093207920792,1109.54455445545,60.6914405940594,61.4006656565657,47.5305892079208,18.8,32.465,10.45,30.405,55.78,21.41,46.12"
"2513,""Styrax guyanensis"",""Neotropical"",""forest"",""n"",NA,NA,0.34,"""",""Zanneetal2009"","""",25.0849,2009.125,55.0188,1.9879625,5.6035625,14.4375,32.875,5.75,38.0625,49.9375,24.8125,42.375"
"2514,""Anacardium giganteum"",""Neotropical"",""forest"",""n"",NA,NA,0.442953333,"""",""Zanneetal2009"","""",26.434375,2330.5,55.6854375,22.4751625,14.440175,10.1875,29.9375,3,25.8125,45.875,21.5625,48.5"
"2515,""Lacunaria crenata"",""Neotropical"",""forest"",""n"",25,NA,0.8065,"""",""Zanneetal2009"",""FloradoBrasil"",22.4143555555556,2375.44444444444,46.7641111111111,3.53118888888889,11.2303,16.5555555555556,33.4444444444444,9.55555555555556,31.6111111111111,53.6111111111111,23.5,42.8888888888889"
"2516,""Cleistanthus caudatus"",""Afrotropical"",""forest"","""",NA,NA,0.920858507,"""",""Zanneetal2009"","""",24.3654,1728.15384615385,42.8815,1.29958461538462,1.31945384615385,8.92307692307692,36.9615384615385,7.76923076923077,18.2692307692308,48.2692307692308,13.9230769230769,49.1923076923077"
"2517,""Acacia amythethophylla"",""Afrotropical"",""savanna"",""y"",12,NA,0.666,"""",""Abbotetal1997"",""CJB"",24.0806034482759,960.413793103448,113.715520689655,48.1854689655172,19.5056472413793,12.3103448275862,25.3103448275862,15.2413793103448,8.5,60.5862068965517,15.3620689655172,59.2413793103448"
"2518,""Licania emarginata"",""Neotropical"",""forest"","""",NA,NA,0.88,"""",""Zanneetal2009"","""",27.4917,2300,80.9901,59.598,36.5717,9,27.5,12,12,56,33,40"
"2519,""Ficus pertusa"",""Neotropical"",""forest"",""n"",20,NA,0.42,"""",""Zanneetal2009"",""Oliveira-Filhoetal2007"",23.0065291237113,1490.69845360825,82.1514226804124,34.2378325581395,20.6890079381443,22.5471204188482,36.8180628272251,15.7801047120419,19.9960732984293,61.8232984293194,23.7068062827225,39.4973821989529"
"2520,""Heisteria spruceana"",""Neotropical"",""forest"","""",NA,NA,0.73,"""",""Zanneetal2009"","""",24.2802,2174,45.800975,23.116775,7.13545,15,32.25,6.375,43.125,49,26.625,41.25"
"2521,""Combretum molle"",""Afrotropical"",""savanna"",""n"",17,11.92,0.766,""Plasetal2012"",""Plasetal2012"",""JStorPlants"",22.1572403041825,971.61216730038,88.7904148288973,46.3674254752852,24.1865123193916,15.4049429657795,30.0836501901141,13.032319391635,11.6653992395437,61.4790874524715,16.9961977186312,52.9239543726236"
"2522,""Helicteres lhotzkyana"",""Neotropical"",""savanna"","""",6,NA,NA,"""","""",""Oliveira-Filhoetal2007"",23.8785307692308,1287.15384615385,58.7894115384615,46.4863076923077,27.1839961538462,10.4807692307692,31.1538461538462,4.38461538461539,12.9423076923077,55.9038461538462,19.9615384615385,48.9423076923077"
"2523,""Campomanesia eugenioides"",""Neotropical"",""savanna"","""",8,NA,NA,"""","""",""Oliveira-Filhoetal2007"",22.5094511111111,898.533333333333,57.2674955555556,18.8208577777778,20.5504266666667,11.8333333333333,28.0666666666667,6.37777777777778,10.9888888888889,60.0888888888889,17.5444444444444,54.4444444444444"
"2524,""Neea macrophylla"",""Neotropical"",""forest"",""n"",10,NA,NA,"""","""",""Oliveira-Filhoetal2007"",24.8423666666667,2227.16666666667,33.6764166666667,2.64906666666667,3.58853333333333,15,35.3333333333333,6.41666666666667,40.9166666666667,50.6666666666667,26.9166666666667,37.5"
"2525,""Ceiba samauma"",""Neotropical"",""forest"","""",NA,39.1,0.361666667,""Markesteijn&Poorter2009/Markesteijnetal2011"",""Markesteijnetal2011/Zanneetal2009"","""",24.8371181818182,2111.81818181818,49.9154272727273,24.0189636363636,18.4238909090909,11.8636363636364,31,7.04545454545455,18.6818181818182,52.5909090909091,21.8636363636364,47.1818181818182"
"2526,""Cola lateritia"",""Afrotropical"",""forest"",""n"",50,NA,0.507407443,"""",""Zanneetal2009"",""JStorPlants"",25.3089,1711.72727272727,65.4836454545455,7.58964545454546,7.06583318181818,10.4090909090909,31.1590909090909,13.4090909090909,28.5,50.75,17,51.8181818181818"
"2527,""Casearia gossypiosperma"",""Neotropical"",""forest"",""n"",NA,25.2472,0.52,""Markesteijn&Poorter2009/Markesteijnetal2011/Miatto&Batala2016"",""Markesteijnetal2011"","""",23.515425,1543.1,54.48719,29.164795,20.4198885,11.875,31.9,3.525,15.2,54.6,21.3,46.675"
"2528,""Cola cordifolia"",""Afrotropical"",""savanna"",""n"",15,NA,0.523102673,"""",""Zanneetal2009"",""JStorPlants"",27.1988636363636,1043.36363636364,118.413354545455,73.9137454545455,26.0570454545455,9.40909090909091,25.5454545454545,21.3181818181818,10.8636363636364,58.3181818181818,22.7727272727273,51.6818181818182"
"2529,""Tetragastris balsamifera"",""Neotropical"",""forest"","""",10,NA,0.65,"""",""Zanneetal2009"",""Oliveira-Filhoetal2007"",22.905175,1517.25,38.575575,5.7117,10.23375,26.625,34.75,10.375,22.25,55.75,26.125,39.5"
"2530,""Sapindus saponaria"",""Neotropical"",""forest"","""",19,46.8,0.7055,""Markesteijn&Poorter2009"",""Poorter2010/Zanneetal2009"",""Oliveira-Filhoetal2007"",22.9504043678161,1046.72873563218,85.0016303448276,23.5000162412993,20.6796308064516,23.1662790697674,35.6372093023256,17.506976744186,16.8395348837209,66.5953488372093,24.1674418604651,40.1941860465116"
"2531,""Pycnanthus angolensis"",""Afrotropical"",""forest"",""n"",37,15.55209953,0.40889426,""Dominguesetal2010"",""Zanneetal2009"",""JStorPlants"",24.9259573770492,1987.2131147541,61.9163803278689,9.83121607142857,7.87613892857143,13.3189655172414,32.9568965517241,15.5258620689655,25.1034482758621,50.7758620689655,17.3275862068966,49.6551724137931"
"2532,""Hebepetalum humiriifolium"",""Neotropical"",""forest"",""n"",NA,NA,0.8705,"""",""Zanneetal2009"","""",26.1276125,3316.75,36.6417125,1.36455,1.41705,12.5625,29.3125,7.5,33.75,48.0625,23.3125,47.1875"
"2533,""Grewia bicolor"",""Afrotropical"",""savanna"",""n"",9,7.344015184,NA,""Higginsetal2012/Zizkaetal2014"","""",""JStorPlants"",24.9140338345865,580.466165413534,108.659802255639,15.0869727272727,23.445792481203,13.3082706766917,22.6052631578947,10.0263157894737,6.20300751879699,67.4661654135338,13.8458646616541,63.4812030075188"
"2534,""Brosimum utile"",""Neotropical"",""forest"",""n"",NA,NA,0.505820124,"""",""Zanneetal2009"","""",25.5355294117647,2407.41176470588,44.7340823529412,30.6657722222222,8.166085,18.2222222222222,31.1388888888889,7.94444444444444,33.6388888888889,48.2222222222222,23.1388888888889,45.7777777777778"
"2535,""Trichilia claussenii"",""Neotropical"",""forest"",""n"",7,NA,NA,"""","""",""Oliveira-Filhoetal2007"",20.3536054054054,1318.35135135135,51.4539594594595,12.4294891891892,23.2031710810811,14.5675675675676,36.6756756756757,7.54054054054054,20.472972972973,56.2162162162162,23.2972972972973,40.0810810810811"
"2536,""Discophora guianensis"",""Neotropical"",""forest"",""n"",NA,NA,0.56,"""",""Zanneetal2009"","""",24.6626911111111,2870.48888888889,35.5772644444444,3.75332888888889,10.7577355555556,17.5333333333333,33.5111111111111,7.66666666666667,49.0555555555556,50.3111111111111,25.1777777777778,41.3333333333333"
"2537,""Maranthes robusta"",""Afrotropical"",""forest"","""",12,NA,0.864510532,"""",""Zanneetal2009"",""CJB"",26.5777777777778,1344.33333333333,65.9124111111111,14.3532222222222,11.7544222222222,10,22.9444444444444,19.1111111111111,10.2222222222222,57.8333333333333,16.8333333333333,60.1111111111111"
"2538,""Adenocalymma axillare"",""Neotropical"",""savanna"","""",NA,13.7,NA,""Cianciarusoetal2013"","""","""",23.9421875,1485.5,83.0013375,50.254175,30.2518875,6.625,27.875,3.125,12.25,54.5,16,56.0625"
"2539,""Klainedoxa gabonensis"",""Afrotropical"",""forest"",""y"",50,NA,0.925656179,"""",""Zanneetal2009"",""CJB"",25.07833,1895.55,64.490755,9.841095,7.69995,10.9736842105263,32.7894736842105,15.0526315789474,30.1842105263158,49.8421052631579,17.7105263157895,49.4210526315789"
"2540,""Vismia baccifera"",""Neotropical"",""forest"","""",NA,NA,0.43,"""",""Zanneetal2009"","""",21.3730654545455,2199.28181818182,55.0416509090909,10.6845054545455,12.5053117272727,24.0227272727273,32.7272727272727,11.6590909090909,42.4090909090909,54.85,27.3318181818182,39.9727272727273"
"2541,""Helicteres macropetala"",""Neotropical"",""savanna"","""",5,NA,NA,"""","""",""Oliveira-Filhoetal2007"",24.0875,1516,68.8403,0,0,6.5,17,3.5,8,55,13,70"
"2542,""Acacia robusta"",""Afrotropical"",""savanna"",""y"",30,10.53,0.745,""Plasetal2012"",""Plasetal2012"",""JStorPlants"",23.5247490196078,835.323529411765,89.3937470588235,35.0588117647059,21.6534284313726,13.0050505050505,27.0353535353535,7.69191919191919,8.77777777777778,63.6313131313131,13.3484848484848,59.5252525252525"
"2543,""Cecropia ficifolia"",""Neotropical"",""forest"",""n"",NA,NA,0.266,"""",""Zanneetal2009"","""",24.0631,2731.57142857143,52.0416142857143,9.50551428571429,12.0997328571429,15.0714285714286,28.8571428571429,10,46.2857142857143,52.6428571428571,26.3571428571429,45.1428571428571"
"2544,""Anacardium humile"",""Neotropical"",""savanna"",""n"",NA,9.6,NA,""Cianciarusoetal2013"","""","""",23.1300944444444,1402.66666666667,78.44635,42.48505,39.2919611111111,7.25,28.1111111111111,3.27777777777778,10.3333333333333,54.2777777777778,15.1111111111111,56.6944444444444"
"2545,""Symphonia globulifera"",""Neotropical"",""forest"",""n"",35,NA,NA,"""","""",""Oliveira-Filhoetal2007"",23.8567,2387.51256281407,53.8736371859296,8.26891914893617,9.60129486772487,19.0181347150259,33.7642487046632,9.75647668393782,37.3963730569948,51.9145077720207,23.0440414507772,43.1787564766839"
"2546,""Spondias mombin"",""Neotropical"",""forest"","""",15,33.93333333,0.333285177,""Markesteijn&Poorter2009/Markesteijnetal2011"",""Borchert1994/Markesteijnetal2011/Zanneetal2009"",""Oliveira-Filhoetal2007"",24.9348855421687,1552.30120481928,63.612034939759,34.889578313253,19.9996380952381,23.4880952380952,34.5773809523809,11.672619047619,21.7916666666667,62.8690476190476,23.1488095238095,42.25"
"2547,""Acacia kamerunensis"",""Afrotropical"",""forest"",""y"",5,NA,0.744,"""",""Nygard&Elfving2000"",""JStorPlants"",25.1428714285714,1595,53.8566142857143,8.94922857142857,8.57381428571429,10.0714285714286,29.5,19.0714285714286,14.4285714285714,51.7142857142857,18.7142857142857,51.5714285714286"
"2548,""Ficus enormis"",""Neotropical"",""forest"",""n"",30,NA,NA,"""","""",""Oliveira-Filhoetal2007"",20.3298115384615,1412.53846153846,58.3372846153846,14.746588,16.79342,12.0961538461538,34.9230769230769,5.11538461538461,19.0192307692308,53.9038461538462,17.6153846153846,47.3653846153846"
"2549,""Calophyllum longifolium"",""Neotropical"",""forest"",""n"",NA,NA,0.542198492,"""",""Zanneetal2009"","""",25.541675,2400,39.627625,21.2530375,22.8913375,11.5,24.625,2.875,37.0625,48.25,22.0625,53.125"
"2550,""Symplocos celastrinea"",""Neotropical"",""forest"",""n"",8,NA,NA,"""","""",""Oliveira-Filhoetal2007"",16.8923869565217,1642.26086956522,63.4763695652174,6.13639130434783,14.6261956521739,12.3913043478261,39,3.32608695652174,30.3478260869565,51.2608695652174,19.4782608695652,41.6086956521739"
"2551,""Terminalia macroptera"",""Afrotropical"",""savanna"",""n"",13,5.995203837,0.87,""Dominguesetal2010"",""Zanneetal2009"",""JStorPlants"",27.2851634146341,960.682926829268,111.423226829268,82.9137682926829,25.2898073170732,11.2317073170732,24.9268292682927,15.7073170731707,8,61.3292682926829,20.8536585365854,54.1585365853659"
"2552,""Fridericia platyphylla"",""Neotropical"",""savanna"",""n"",NA,7.5,NA,""Cianciarusoetal2013"","""","""",22.6956325396825,1356.07142857143,73.6665531746032,31.7717344,26.4306814285714,9.00403225806452,31.4717741935484,5.05241935483871,13.2217741935484,54.3387096774194,17.7338709677419,50.7661290322581"
"2553,""Allophylus abyssinicus"",""Afrotropical"",""forest"",""n"",25,NA,0.5678295,"""",""Zanneetal2009"",""CJB"",15.87915,961,79.7559,3.9772,5.18125,40,46,19.75,19.25,62.5,23.5,30"
"2554,""Scleronema praecox"",""Neotropical"",""forest"","""",36,NA,0.593333333,"""",""Zanneetal2009"",""FloradoBrasil"",26.29998,2904.4,21.8599,1.59104,3.115,10.75,25.75,3.125,32.5,45.25,30.125,44.25"
"2555,""Gochnatia pulchra"",""Neotropical"",""savanna"",""n"",NA,10.3086,0.6,""DantasandBatala2012"",""Miato2011"","""",20.2771,1322,69.25165,68.48925,30.302,9.75,43.5,2.25,13,53.75,14.25,42"
"2556,""Heisteria densifrons"",""Neotropical"",""forest"","""",NA,NA,0.65,"""",""Zanneetal2009"","""",26.4764,2521.33333333333,57.2298,33.1125333333333,13.3755233333333,10.25,31.25,1.75,22,46.25,24.75,44.25"
"2557,""Tovomita macrophylla"",""Neotropical"",""forest"",""n"",NA,NA,0.86,"""",""Zanneetal2009"","""",26.13125,3087.5,39.74365,20.3811,7.60365,11,28.25,5.75,19.5,47.5,23.5,48.25"
"2558,""Acacia burkei"",""Afrotropical"",""savanna"",""y"",27,14.67,0.789,""Plasetal2012"",""Plasetal2012"",""JStorPlants"",21.54661875,686.25,79.7607375,26.5379588235294,34.1915647058824,11.8529411764706,25.2352941176471,7.08823529411765,13.2058823529412,63.6470588235294,12.9411764705882,61.8529411764706"
"2559,""Virola michelii"",""Neotropical"",""forest"","""",NA,NA,0.47018,"""",""Zanneetal2009"","""",26.3286375,2188.625,56.824775,12.0476875,22.3957625,8.5,34,4.375,15.75,47.375,21.5625,44.625"
"2560,""Guarea cedrata"",""Afrotropical"",""forest"",""n"",49,NA,0.509923151,"""",""Zanneetal2009"",""JStorPlants"",24.7107214285714,1920.85714285714,59.7557285714286,11.5628285714286,8.28720714285714,12.3214285714286,32.4285714285714,17.75,18.4285714285714,50.4285714285714,16.5,51.1071428571429"
"2561,""Anopyxis klaineana"",""Afrotropical"",""forest"",""n"",45,NA,0.799771586,"""",""Zanneetal2009"",""JStorPlants"",25.7006916666667,1986.33333333333,69.1729333333333,112.574325,13.1624,11.2083333333333,29.1666666666667,15.2083333333333,24.4166666666667,50.5833333333333,17.5416666666667,53.2083333333333"
"2562,""Miconia tomentosa"",""Neotropical"",""forest"",""n"",NA,NA,0.71,"""",""Zanneetal2009"","""",24.7599430769231,2219.8,52.1866553846154,10.1977092307692,13.3441415384615,12.2142857142857,32.484126984127,5.62698412698413,27.968253968254,50.0396825396825,22.7222222222222,44.8253968253968"
"2563,""Homalium letestui"",""Afrotropical"",""forest"",""n"",35,NA,0.71414932,"""",""Zanneetal2009"",""CJB"",26.1794176470588,1700.82352941176,67.1127764705882,30.9897235294118,13.8409470588235,13.59375,29.34375,15.46875,26.3125,54.125,21.65625,48.78125"
"2564,""Albizia gummifera"",""Afrotropical"",""forest"",""n"",30,NA,0.5,"""",""Zanneetal2009"",""JStorPlants"",20.7587649350649,1414.96103896104,77.5550974025974,23.6910350649351,22.8848337662338,14.0194805194805,33.5064935064935,8.98051948051948,22.1233766233766,54.6818181818182,18.2012987012987,48.2922077922078"
"2565,""Esenbeckia febrifuga"",""Neotropical"",""savanna"",""n"",11,NA,NA,"""","""",""Oliveira-Filhoetal2007"",20.5756185185185,1470.07407407407,38.0341555555556,18.5423777777778,20.911427037037,11.4259259259259,42.1666666666667,4.27777777777778,17.2962962962963,55.037037037037,16.6111111111111,41.1666666666667"
"2566,""Scleronema micranthum"",""Neotropical"",""forest"","""",33,NA,0.624845129,"""",""Zanneetal2009"",""FloradoBrasil"",26.43125,2560.16666666667,35.5659166666667,0.826416666666667,3.87222166666667,8.66666666666667,32.1666666666667,3.25,21.9166666666667,43.9166666666667,21.6666666666667,46.0833333333333"
"2567,""Escallonia myrtilloides"",""Neotropical"",""forest"","""",NA,NA,0.67,"""",""Zanneetal2009"","""",10.082027960199,1372.44278606965,50.9934502487562,5.53169203980099,19.1068112935323,32.5625,20.4,19.6925,93.0875,55.2275,32.0675,47.5375"
"2568,""Rinorea paniculata"",""Neotropical"",""forest"","""",NA,NA,0.75,"""",""Zanneetal2009"","""",24.4027733333333,2219.26666666667,49.58286,3.03445333333333,9.91357333333333,16.3214285714286,34.0714285714286,8.21428571428571,30.6428571428571,50.25,21.9285714285714,43.9285714285714"
"2569,""Jacaranda caroba"",""Neotropical"",""savanna"",""n"",NA,10.7,NA,""Cianciarusoetal2013"","""","""",19.6471545454545,1324.63636363636,71.7621409090909,19.4572954545455,24.1894909090909,9.84090909090909,34.7386363636364,5.70454545454545,18.2727272727273,53.6363636363636,15.7727272727273,49.5"
"2570,""Sterculia frondosa"",""Neotropical"",""forest"","""",NA,NA,0.47,"""",""Zanneetal2009"","""",25.4513833333333,2632.83333333333,33.1958666666667,0.331433333333333,0.925,12.0833333333333,34.25,4.91666666666667,38,46.8333333333333,25.1666666666667,40.6666666666667"
"2571,""Antrocaryon nannanii"",""Afrotropical"",""forest"",""n"",40,NA,0.48216,"""",""Zanneetal2009"",""CJB"",24.17418,1579.2,51.94358,21.25896,6.7242,8.1,32.9,5.6,13.4,50.9,13.6,53.5"
"2572,""Acacia exuvialis"",""Afrotropical"",""savanna"",""y"",5,8.192,NA,""Zizkaetal2014"","""",""JStorPlants"",20.75459,689.2,79.94125,20.95463,19.62935,12.5555555555556,27,7.38888888888889,8.88888888888889,62.3888888888889,13.4444444444444,59.3888888888889"
"2573,""Cordia glabrata"",""Neotropical"",""forest"",""n"",NA,NA,0.77,"""",""Zanneetal2009"","""",24.3829833333333,1235.875,64.410825,39.7945833333333,32.9056041666667,9.47916666666667,28.1458333333333,3.5625,10.7083333333333,57.875,19.8958333333333,52.125"
"2574,""Salacia elliptica"",""Neotropical"",""forest"",""n"",15,NA,NA,"""","""",""Oliveira-Filhoetal2007"",23.7136964285714,1437.60714285714,70.0063928571429,62.1826678571429,27.8354142857143,10.7321428571429,31.6428571428571,4.48214285714286,18.125,55.5,21.4464285714286,46.8928571428571"
"2575,""Otoba parvifolia"",""Neotropical"",""forest"","""",NA,NA,0.425753461,"""",""Zanneetal2009"","""",24.2919571428571,2512.89285714286,32.9979071428571,1.70400357142857,3.30985964285714,14.5178571428571,33.75,5.21428571428571,34.0892857142857,50.3035714285714,27.0535714285714,39.1607142857143"
"2576,""Syzygium cordatum"",""Afrotropical"",""forest"",""n"",20,NA,0.619854092,"""",""Zanneetal2009"",""JStorPlants"",19.8062035714286,1030.30952380952,74.5105916666667,51.9528788235294,31.5134302352941,12.2409638554217,29.7710843373494,7.53012048192771,15.6746987951807,57.4939759036145,15.2771084337349,54.9156626506024"
"2577,""Thespesia acutiloba"",""Afrotropical"",""savanna"",""n"",5,16.96,0.712,""Plasetal2012"",""Plasetal2012"",""JStorPlants"",22.1826333333333,835.5,55.1963666666667,15.2463166666667,24.7051,17.4166666666667,28,3.16666666666667,21.8333333333333,62.1666666666667,13.8333333333333,58.1666666666667"
"2578,""Ceiba speciosa"",""Neotropical"",""forest"","""",NA,36.45,0.27,""Markesteijn&Poorter2009/Markesteijnetal2011"",""Markesteijnetal2011/Zanneetal2009"","""",20.6090848484848,1221.48484848485,59.3852848484849,25.9478939393939,31.6489484848485,14.2424242424242,33.1363636363636,7.21212121212121,16.4848484848485,59.8484848484849,22.1515151515152,44.6666666666667"
"2579,""Ziziphus thyrsiflora"",""Neotropical"",""forest"","""",NA,NA,0.88,"""",""Zanneetal2009"","""",24.790625,728.75,101.59535,3.7285,17.83405,15.125,31.75,6.25,13,63.125,23.25,44.75"
"2580,""Acacia tortilis"",""Afrotropical"",""savanna"",""y"",21,9.93,0.851,""Plasetal2012"",""Plasetal2012"",""JStorPlants"",26.7819871794872,184.548717948718,125.223741025641,1.84037755102041,5.61187397959184,12.8512820512821,11.5589743589744,7.24102564102564,3.23589743589744,77.3615384615385,10.3051282051282,78.1282051282051"
"2581,""Acacia nilotica"",""Afrotropical"",""savanna"",""y"",14,11.25,0.966,""Plasetal2012"",""Plasetal2012"",""JStorPlants"",24.6643423076923,665.942307692308,113.061053846154,21.9396634615385,13.0489326923077,12.2549019607843,24.6274509803922,8.5,7.35294117647059,66.7450980392157,13.2058823529412,62.1666666666667"
"2582,""Musanga cecropioides"",""Afrotropical"",""forest"",""n"",45,13.1,0.24291873,""Meiretal2007"",""Zanneetal2009"",""CJB"",24.8425944444444,2137.88888888889,65.3032333333333,10.0335722222222,13.4544611111111,13.9444444444444,32.6666666666667,15.1111111111111,23.2777777777778,50.0555555555556,18.2777777777778,48.9444444444444"
"2583,""Psychotria vellosiana"",""Neotropical"",""forest"","""",NA,30.463,NA,""Miatto&Batala2016"","""","""",18.5003208791209,1484.27472527473,54.3893307692308,8.46466413043478,21.9019119565217,11.3846153846154,37.1538461538462,4.31868131868132,22.2527472527473,52.2912087912088,18.6208791208791,44.2307692307692"
"2584,""Ziziphus cinnamomum"",""Neotropical"",""forest"",""n"",NA,NA,0.835,"""",""Zanneetal2009"","""",25.6744142857143,2638.28571428571,50.7648428571429,15.4543428571429,5.16208571428571,20.6428571428571,31.0714285714286,13.0714285714286,37.4285714285714,51.1428571428571,25.4285714285714,43.5"
"2585,""Marlierea tomentosa"",""Neotropical"",""forest"",""n"",12,NA,NA,"""","""",""Oliveira-Filhoetal2007"",21.9089357142857,1834.57142857143,40.9580214285714,2.44248571428571,8.451245,14.6153846153846,33.0769230769231,4.15384615384615,24.6538461538462,52.0769230769231,19.5,47.5769230769231"
"2586,""Siphoneugena dussi"",""Neotropical"",""savanna"","""",12,NA,NA,"""","""",""Oliveira-Filhoetal2007"",19.7991157894737,1743.42105263158,52.2244105263158,18.2129764705882,19.9059611111111,17.1578947368421,33.5263157894737,8.89473684210526,43.7631578947368,52.7894736842105,25.3421052631579,41.3157894736842"
"2587,""Acacia mellifera"",""Afrotropical"",""savanna"",""y"",9,NA,NA,"""","""",""JStorPlants"",22.5328125,690.583333333333,86.9134291666667,11.422775,19.8118375,16.2173913043478,29.4782608695652,10.2173913043478,8.41304347826087,67.195652173913,14.5434782608696,55.8913043478261"
"2588,""Mimosa bimucronata"",""Neotropical"",""forest"","""",15,NA,NA,"""","""",""Oliveira-Filhoetal2007"",21.3365512820513,1369.4358974359,48.2051223076923,19.4926615384615,20.6573212820513,13.9358974358974,35.9358974358974,4.64102564102564,18.8076923076923,55.974358974359,20.2307692307692,43.8974358974359"
"2589,""Marlierea montana"",""Neotropical"",""forest"","""",NA,NA,0.95,"""",""Zanneetal2009"","""",25.58645,2157.66666666667,47.4943583333333,3.55863333333333,13.3328916666667,12.75,33.4583333333333,6.95833333333333,37.0833333333333,48.625,22.0833333333333,44.5416666666667"
"2590,""Couepia elata"",""Neotropical"",""forest"","""",NA,NA,0.768678705,"""",""Zanneetal2009"","""",25.3014,2404.33333333333,41.0725666666667,0,0,8.83333333333333,33.5,4.16666666666667,40.1666666666667,45.3333333333333,25.5,40.6666666666667"
"2591,""Pteleopsis hylodendron"",""Afrotropical"",""forest"",""n"",50,NA,0.678448855,"""",""Zanneetal2009"",""CJB"",25.00332,1692.6,54.3516,2.78196,5.64444,11.75,29.625,17.5,13.75,50.125,18.75,51.875"
"2592,""Buchenavia tetraphylla"",""Neotropical"",""forest"",""n"",50,NA,0.6172125,"""",""Zanneetal2009"",""FloradoBrasil"",24.1329958333333,1749.41666666667,67.4319333333333,19.4806238095238,23.3099347826087,11.6739130434783,27.6739130434783,5.28260869565217,17.2391304347826,54.4565217391304,20.195652173913,52.1739130434783"
"2593,""Buchenavia ochroprumna"",""Neotropical"",""forest"","""",NA,NA,0.69,"""",""Zanneetal2009"","""",26.2472333333333,2354.66666666667,60.8663666666667,28.1309333333333,8.05616666666667,9.66666666666667,33,5.83333333333333,11.8333333333333,48.5,16.6666666666667,50.1666666666667"
"2594,""Campomanesia guaviroba"",""Neotropical"",""forest"",""n"",6,NA,NA,"""","""",""Oliveira-Filhoetal2007"",19.6892388888889,1544.47222222222,50.0477111111111,10.1895833333333,11.5453777777778,12.0277777777778,38.0277777777778,4.02777777777778,22.9027777777778,52.2777777777778,19.1666666666667,42.8194444444444"
"2595,""Marlierea lituatinervia"",""Neotropical"",""forest"",""n"",5,NA,NA,"""","""",""Oliveira-Filhoetal2007"",18.5958,1144,61.6948,24.8,27.304,10.5,33.5,8,16,54.5,18,48"
"2596,""Pteleopsis myrtifolia"",""Afrotropical"",""forest"",""n"",30,NA,0.5166,"""",""Zanneetal2009"",""JStorPlants"",24.0955709677419,983.870967741935,83.4876064516129,37.1003387096774,25.6896693548387,12.5,26.5645161290323,5.75806451612903,9.74193548387097,61.4516129032258,11.7741935483871,61.6774193548387"
"2597,""Buchenavia pallidovirens"",""Neotropical"",""forest"","""",NA,NA,0.82,"""",""Zanneetal2009"","""",20.3542,2141,55.5034,0,0,18.5,33,6.5,68.5,46,29.5,38"
"2598,""Buchenavia parvifolia"",""Neotropical"",""forest"","""",31,NA,0.817637236,"""",""Zanneetal2009"",""FloradoBrasil"",25.9180333333333,2970,42.2061666666667,6.9578,7.8693,9,32.8333333333333,1.33333333333333,18.8333333333333,46.5,25.5,41.5"
"2599,""Nectandra purpurea"",""Neotropical"",""forest"","""",NA,NA,0.430676763,"""",""Zanneetal2009"","""",21.7973454545455,2171.86363636364,47.1097863636364,6.09925454545455,8.30245136363636,26.6428571428571,31.2619047619048,9.45238095238095,58.3809523809524,53.1190476190476,27.9761904761905,40.7619047619048"
"2600,""Couepia longipendula"",""Neotropical"",""forest"","""",NA,NA,0.9375,"""",""Zanneetal2009"","""",26.2,2666,27.4382,1.48755,4.366665,10,31.5,2.5,20.5,44.5,21.5,47"
"2601,""Buchenavia tomentosa"",""Neotropical"",""forest"","""",40,10.78992249,0.622045313,""Dantasetal2013"",""Dantasetal2013"",""FloradoBrasil"",24.380172,1535.36,77.475352,30.324508,33.924724,6.58333333333333,27.5833333333333,3.08333333333333,10.6666666666667,53.7291666666667,16,56.3958333333333"
"2602,""Buchenavia viridiflora"",""Neotropical"",""forest"","""",51,NA,0.775,"""",""Zanneetal2009"",""FloradoBrasil"",26.1446428571429,2842.42857142857,26.7672714285714,6.23917142857143,7.78178571428571,11.3333333333333,26.8333333333333,3.41666666666667,85.4166666666667,47.5833333333333,27.1666666666667,46.0833333333333"
"2603,""Marlierea schomburgkiana"",""Neotropical"",""forest"",""n"",NA,NA,0.92127,"""",""Zanneetal2009"","""",25.35914,2409.4,45.11434,0.3313,2.3,16.75,32.1666666666667,8.75,43.3333333333333,48.9166666666667,24.25,43.5833333333333"
"2604,""Pausinystalia talbotii"",""Afrotropical"",""forest"","""",27,NA,0.58654181,"""",""Zanneetal2009"",""JStorPlants"",25.5104,2285,67.843,1.48815,12.96665,8.75,34.25,13.5,16.25,49.5,18,47.75"
"2605,""Diospyros lasiocalyx"",""Neotropical"",""savanna"","""",NA,NA,0.3,"""",""Miato2011"","""",23.90834,1575.6,65.20262,17.28228,19.082374,8.875,36.875,3.5,15.625,52.375,16.25,47.25"
"2606,""Maytenus opaca"",""Neotropical"",""savanna"",""n"",4,NA,NA,"""","""",""Oliveira-Filhoetal2007"",20.34916,868.6,64.30524,16.08172,50.79828,13.1,32.6,8.4,12.8,57.6,15.9,51.2"
"2607,""Maytenus laevis"",""Neotropical"",""forest"",""n"",7,NA,0.91,"""",""Zanneetal2009"",""FloradoBrasil"",25.4472333333333,2707,49.6098,10.5877333333333,4.36873333333333,15.1666666666667,30,9,53.6666666666667,50.6666666666667,23.1666666666667,46.8333333333333"
"2608,""Maytenus communis"",""Neotropical"",""forest"",""n"",9,NA,NA,"""","""",""Oliveira-Filhoetal2007"",19.22295,1342.5,55.6544,1.9203,8.225,9.75,34.75,6.5,33.25,52,18.75,46.75"
"2610,""Dacryodes normandii"",""Afrotropical"",""forest"",""n"",NA,NA,0.516787301,"""",""Zanneetal2009"","""",24.83255,1902.625,68.6122875,2.359075,5.932929375,11.96875,35.09375,11.15625,30.5,47.90625,16.625,48.34375"
"2611,""Maytenus chapadensis"",""Neotropical"",""forest"",""n"",5,NA,NA,"""","""",""Oliveira-Filhoetal2007"",21.7625,1621,83.3748,71.4816,33.4722,5.5,37.5,5,13.5,53,21.5,41"
"2612,""Maytenus eggersii"",""Neotropical"",""forest"","""",NA,NA,0.75,"""",""Zanneetal2009"","""",11.4,750,76.5346,10.9263,34.6364,19.5,24.5,24,46.5,57,34,41.5"
"2613,""Maytenus rigida"",""Neotropical"",""savanna"",""n"",7,NA,NA,"""","""",""Oliveira-Filhoetal2007"",23.8217041666667,694.770833333333,69.8666125,9.85559583333333,21.1960104166667,12.1145833333333,25.3854166666667,6.77083333333333,7.3125,63.1770833333333,18.2708333333333,56.3958333333333"
"2614,""Panopsis rubescens"",""Neotropical"",""forest"","""",NA,NA,0.52,"""",""Zanneetal2009"","""",25.44583125,2133.25,65.81378125,54.51325,20.06615,8.93333333333333,30.5666666666667,4.56666666666667,19.9333333333333,49.7,19.6666666666667,50"
"2615,""Dacryodes igaganga"",""Afrotropical"",""forest"",""n"",15,NA,0.537293472,"""",""Zanneetal2009"",""CJB"",24.5949428571429,2057.5,69.0226642857143,4.18770714285714,5.55872142857143,10.8928571428571,37.6071428571429,12.6785714285714,37,47.7142857142857,16.5,45.7142857142857"
"2616,""Eremanthus capitatus"",""Neotropical"",""savanna"",""n"",6,NA,NA,"""","""",""Oliveira-Filhoetal2007"",22.93125,1394.5,60.826,0.49655,10.65,9.75,26,3,19,53.25,13.75,60.25"
"2617,""Eremanthus erythropappus"",""Neotropical"",""savanna"",""n"",NA,8.774166837,0.466,""Batalaetal2011/Cianciarusoetal2013"",""Batalaetal2011"","""",18.1331734,1532.08,75.470286,13.138442,22.87929,10.3,37.27,4.75,27.87,51.87,17.4,45.28"
"2618,""Eugenia illepida"",""Neotropical"",""forest"","""",NA,NA,0.69,"""",""Zanneetal2009"","""",24.6208,2056,55.6457,0.9944,8,11.5,31.5,1.5,10,48,35,34"
"2619,""Bulnesia sarmientoi"",""Neotropical"",""forest"","""",NA,NA,0.77,"""",""Zanneetal2009"","""",24.3680555555556,706.777777777778,66.7022333333333,48.6990444444444,40.1076333333333,13.2777777777778,23.3888888888889,6,12,66.8333333333333,26.7222222222222,49.8333333333333"
"2620,""Marlierea bipennis"",""Neotropical"",""forest"",""n"",7,NA,NA,"""","""",""Oliveira-Filhoetal2007"",26.3042,3404,27.3219,0,0,11,15,1,27,43.5,19,66"
"2621,""Bulnesia arborea"",""Neotropical"",""forest"","""",NA,NA,0.943333333,"""",""Zanneetal2009"","""",27.1555555555556,1420.55555555556,63.4738555555556,14.4652777777778,17.0513066666667,20.1666666666667,32.5555555555556,9.16666666666667,20.4444444444444,64.4444444444444,28.8888888888889,38.3333333333333"
"2622,""Myrcia amapensis"",""Neotropical"",""savanna"",""n"",NA,NA,0.704,"""",""Batalaetal2011"","""",25.5292,2185,56.3428,0,0,8,34.5,3.5,9,48.5,21.5,44"
"2623,""Myrcianthes mato"",""Neotropical"",""forest"","""",NA,NA,0.69,"""",""Zanneetal2009"","""",18.67418,938.3,80.86911,2.68237,14.84453,15.75,31.3,15.1,29.75,58.85,25.75,42.85"
