"site_i","site_j","distance_km","sim_DDT","sim_PCP","sim_isotope","sim_overall"
"S001","S002",378.513236809677,0.57508234937678,0.111277850564058,0.914168805220273,0.533509668387037
"S001","S003",1000.93539026707,0.283408216870059,0.997527330490805,0.777668114739661,0.686201220700175
"S001","S004",202.701348290416,0.594472691452982,0.622382655839723,0.897586358938532,0.704813902077079
"S001","S005",2151.88084484645,0.0577575301688251,0.681118485397244,0.737458150475176,0.492111388680415
"S001","S006",2183.23412674765,0.0778909697300346,0.222585967278061,0.757408516256346,0.352628484421481
"S001","S007",219.403990216544,0.764561909822591,0.296725918731228,0.849113703257515,0.636800510603778
"S001","S008",1203.00639879069,0.239079181535565,0.287445952108358,0.789657764943205,0.438727632862376
"S001","S009",2038.42764758488,0.0656780206501835,0.838540481050532,0.744571774421261,0.549596758707326
"S001","S010",61.3803570953029,0.886231664871225,0.985367214669791,0.917332165456444,0.92964368166582
"S001","S011",2038.01722392367,0.0959384244615193,0.608064656694287,0.744352691371046,0.482785257508951
"S001","S012",154.760953282402,0.583036129208536,0.22540085255231,0.921981060042502,0.576806013934449
"S001","S013",90.3264422864811,0.887455414258123,0.317346152323462,0.942115294349364,0.71563895364365
"S001","S014",892.889030379299,0.275239332677571,0.836818488458785,0.82059724086807,0.644218354001475
"S001","S015",1979.80220437562,0.0584236105995059,0.575927260047906,0.790859950780071,0.475070273809161
"S001","S016",119.964264345052,0.610948398392103,0.353082368915161,0.944621652794659,0.636217473367308
"S001","S017",273.59453220451,0.621300149525133,0.245690913289312,0.87903656349669,0.582009208770378
"S001","S018",1048.91407547091,0.300197226176015,0.606148972276562,0.785483857876463,0.56394335210968
"S001","S019",2009.74181864879,0.101920188219753,0.213246371951435,0.711097613955074,0.342088058042087
"S001","S020",1999.29690937734,0.0577575301688251,0.881924886748625,0.654497716099718,0.53139337767239
"S001","S021",110.348964636825,0.660669160060456,0.385413104580572,0.878392263858303,0.641491509499777
"S001","S022",1080.39839145174,0.206280567434704,0.463087292335173,0.780674694890732,0.483347518220203
"S001","S023",161.939917129872,0.677444219323267,0.265432586453459,0.939919044533889,0.627598616770205
"S001","S024",89.7962660287008,0.697591100754766,0.974495820322717,0.990659158395709,0.887582026491064
"S001","S025",1269.70484550652,0.156222043561443,0.341802352340394,0.78200366311313,0.426676019671656
"S001","S026",2124.38482151169,0.0577575301688251,0.717334056562743,0.695768587742348,0.490286724824639
"S001","S027",1125.32271941132,0.123165841142834,0.410916146297647,0.803381877647419,0.445821288362634
"S001","S028",147.886835904202,0.795216678721057,0.421746334828492,0.904061598623254,0.707008204057601
"S001","S029",1927.85873646723,0.0641752452733877,0.583141660705311,0.709762850143947,0.452359918707549
"S001","S030",39.0418871903212,0.763945356793593,0.465355595530143,0.891751091866636,0.707017348063457
"S001","S031",131.281326272417,0.960287167706054,0.721271048993162,0.927051773545804,0.869536663415006
"S001","S032",260.418758608459,0.44943435774035,0.476797360247861,0.931210033795365,0.619147250594525
"S001","S033",1057.46882853101,0.24171899999981,0.392732505976223,0.846347015823701,0.493599507266578
"S001","S034",1950.79741853549,0.0635209435510616,0.247362147875463,0.767559961248761,0.359481017558429
"S001","S035",1063.7538540904,0.300987082392471,0.860168195752869,0.82547744006659,0.662210906070643
"S001","S036",395.092252920486,0.6839149770913,0.084682461474928,0.970940766163408,0.579846068243212
"S001","S037",1168.51661341841,0.176049030908247,0.720728174950152,0.800660316270751,0.565812507376384
"S001","S038",1364.70307088362,0.183372534980611,0.237264499432925,0.769170475027452,0.396602503146996
"S001","S039",231.108158673266,0.794783756615731,0.224454957436294,0.945294911620749,0.654844541890925
"S001","S040",2261.70843360528,0.0577575301688251,0.341266785070086,0.682906869478375,0.360643728239095
"S001","S041",998.822734048688,0.434633847904653,0.757728931739576,0.75305514318653,0.648472640943586
"S001","S042",2069.25471440321,0.0577575301688251,0.404275892073278,0.710264914126379,0.390766112122827
"S001","S043",1024.95107933678,0.230071378281391,0.411165218357344,0.821592584395898,0.487609727011545
"S001","S044",262.10517995803,0.418615268437896,0.321593228226655,0.960839793879964,0.567016096848172
"S001","S045",2253.47943932307,0.0577575301688251,0.512342565344924,0.711224147167081,0.42710808089361
"S001","S046",26.6410593811937,0.861199967217874,0.380777376750968,0.94051964785017,0.727498997273004
"S001","S047",70.2839946359537,0.513619216672444,0.274988701930456,0.974620508773454,0.587742809125451
"S001","S048",1858.02624544255,0.0808252599470395,0.209930727893203,0.689556170545924,0.326770719462055
"S001","S049",195.096029131582,0.54474444224603,0.90843676610544,0.951362020826655,0.801514409726041
"S001","S050",2135.40736026126,0.0804293415520216,0.753370326978547,0.651153063369302,0.494984243966624
"S001","S051",1058.58494615424,0.35135925601679,0.800442322538305,0.847117357549951,0.666306312035015
"S001","S052",1187.63430995936,0.224006454754247,0.741243969325856,0.812572182384613,0.592607535488239
"S001","S053",1127.03468802777,0.3229931774835,0.56990619333096,0.831885247261001,0.574928206025154
"S001","S054",113.043873657114,0.730641064978012,0.98494493096873,0.922615535075381,0.879400510340708
"S001","S055",1218.75568647588,0.233965077244073,0.928935885370618,0.738160083075615,0.633687015230102
"S001","S056",264.943445983934,0.596424737265116,0.185943224142163,0.875599081358293,0.552655680921857
"S001","S057",2092.85281724688,0.0702939471229672,0.188022536088843,0.705696527114199,0.32133767010867
"S001","S058",1124.7132801542,0.20294145478551,0.379808067188564,0.812290151921703,0.465013224631926
"S001","S059",946.655845174237,0.258024401570209,0.36929860053196,0.815931350071262,0.48108478405781
"S001","S060",2090.79247862113,0.0701818989938838,0.897297847810866,0.682796545650193,0.550092097484981
"S002","S003",909.632781808092,0.492813276528467,0.111553685961974,0.843770690960087,0.482712551150176
"S002","S004",313.819717617059,0.967382282895435,0.17879330267313,0.981816600165938,0.709330728578168
"S002","S005",1986.8854341179,0.100433494840204,0.075793401034452,0.806656447649517,0.327627781174724
"S002","S006",2051.89993881482,0.135443158383222,0.0247688880044243,0.823935552967716,0.328049199785121
"S002","S007",334.476648698646,0.752172377394816,0.375018977242943,0.852826388375806,0.660005914337855
"S002","S008",1187.49461075883,0.415730341567005,0.0319863677039572,0.842828766776027,0.430181825348997
"S002","S009",1918.75865018432,0.114206288406103,0.0933109823422544,0.811571734887086,0.339696335211814
"S002","S010",400.098225873316,0.509656187926239,0.109649545664747,0.879209443965642,0.499505059185543
"S002","S011",1894.96804724333,0.16682554170805,0.067664128000912,0.812702374145938,0.3490640146183
"S002","S012",320.072779093099,0.986357998358431,0.493688685308913,0.945949171965388,0.808665285210911
"S002","S013",296.802517339362,0.64801266648142,0.350651330571784,0.954960411586138,0.651208136213114
"S002","S014",758.724709256879,0.478608555758752,0.132977284917551,0.897459440465868,0.503015093714057
"S002","S015",1812.04900830513,0.101591729711092,0.0640879475793782,0.864779484183694,0.343486387158055
"S002","S016",260.343622031288,0.941294470842847,0.315161164534941,0.94832053291515,0.734925389430979
"S002","S017",283.361540568573,0.925611155600594,0.452918054942565,0.897942642318568,0.758823950953909
"S002","S018",1007.82056113307,0.522007372511676,0.0674509547565486,0.851708087515303,0.480388804927843
"S002","S019",1861.0823087259,0.177227119438119,0.0237295979113393,0.775442948529072,0.325466555292844
"S002","S020",1809.60422545842,0.100433494840204,0.126176108913656,0.712842242989527,0.313150615581129
"S002","S021",274.711870365144,0.870454357706292,0.288723578003806,0.909340042109301,0.689505992606466
"S002","S022",985.179029586557,0.358697441606845,0.0515313585145876,0.840669709772745,0.416966169964726
"S002","S023",392.59323380195,0.848899928545052,0.419232062087333,0.89141151744235,0.719847836024912
"S002","S024",290.777240437924,0.824383150465313,0.10843980026917,0.90750593482931,0.613442961854598
"S002","S025",1214.88621290438,0.271651605601775,0.0380350310861779,0.842607788294609,0.384098141660854
"S002","S026",1951.19954679445,0.100433494840204,0.0798233919506983,0.75912379341803,0.313126893402977
"S002","S027",1061.59091837553,0.214170790107382,0.0457258655220681,0.86857873051303,0.376158462047493
"S002","S028",256.595332273275,0.723176921165287,0.26385018997097,0.887052502083826,0.624693204406694
"S002","S029",1784.85707678686,0.111593140257104,0.0648907505776422,0.776395132649279,0.317626341161341
"S002","S030",352.630615765104,0.439331490580342,0.239124341971837,0.879773008682912,0.51940961374503
"S002","S031",359.98895627549,0.598864973641732,0.154280212299375,0.931854136018123,0.561666440653077
"S002","S032",142.655163016735,0.781513044570756,0.233386045816635,0.951732264853411,0.655543785080267
"S002","S033",978.297134073207,0.420320672790188,0.0437024291116702,0.901380687717677,0.455134596539845
"S002","S034",1811.09424281711,0.110455387163073,0.0275259281264902,0.835827022607327,0.324602779298963
"S002","S035",993.665135817831,0.523380838794048,0.095717667946943,0.896958615487301,0.505352374076098
"S002","S036",86.4132951232891,0.840868190696178,0.761000154529225,0.895139329027992,0.832335891417798
"S002","S037",1081.31906296131,0.306128385089601,0.0802010821494092,0.875249290141967,0.420526252460326
"S002","S038",1275.64705648547,0.318863090093676,0.0264022835120531,0.824743395864705,0.390002923156811
"S002","S039",157.449509375732,0.723570838721639,0.495769181643677,0.966660875762131,0.728666965375816
"S002","S040",2123.20889478139,0.100433494840204,0.0379754343115055,0.746851804739488,0.295086911297066
"S002","S041",918.411717446091,0.755776713327523,0.0843184468341798,0.819384611579761,0.553159923913821
"S002","S042",1925.13356078924,0.100433494840204,0.0449869523047815,0.77315699338791,0.306192480177632
"S002","S043",991.994426716977,0.400066840045988,0.0457535817255068,0.848843579063657,0.431554666945051
"S002","S044",324.27927724354,0.72792230346063,0.346020502911929,0.93441904762439,0.669453951332316
"S002","S045",2083.13863823576,0.100433494840204,0.0570123794240585,0.77468575342453,0.310710542562931
"S002","S046",357.252979377994,0.495260900430861,0.292238608064246,0.886097468320104,0.557865658938403
"S002","S047",321.910377445621,0.893122901840156,0.404663354468285,0.904766160997668,0.734184139102037
"S002","S048",1736.96723808787,0.140545541059694,0.0233606401673037,0.743401810367204,0.302435997198067
"S002","S049",427.894208825268,0.947245977617593,0.122493776909886,0.903111848704862,0.657617201077447
"S002","S050",1945.3349256059,0.13985708592723,0.147706707550252,0.709305854213727,0.332289882563737
"S002","S051",1003.27639076048,0.61097207451691,0.089071501152565,0.896652634960307,0.532232070209927
"S002","S052",1114.35233871553,0.389520657340648,0.0824840356501517,0.869205029605223,0.447069907532007
"S002","S053",1054.15535119236,0.561646828203873,0.0634179362170137,0.905495874490272,0.510186879637053
"S002","S054",470.819743539396,0.787092837977956,0.112978753497022,0.884696588831944,0.594922726768974
"S002","S055",1082.12661504993,0.406837520743981,0.103369988635862,0.802885253248652,0.437697587542832
"S002","S056",113.728466974382,0.964216125598343,0.598450688791868,0.914019533211454,0.825562115867222
"S002","S057",1962.47878003201,0.122232837086976,0.0209227436735695,0.769101224131566,0.304085601630704
"S002","S058",1052.45667908251,0.352891120733299,0.0422642253436327,0.87113964052872,0.42209832886855
"S002","S059",898.536601746138,0.448673832277815,0.0410947544835111,0.869974324188968,0.453247636983431
"S002","S060",1929.9618913129,0.122037998679564,0.0998493758201483,0.744470082763437,0.32211915242105
"S003","S004",801.567702246959,0.476738832489288,0.623925417194833,0.857632464392337,0.652765571358819
"S003","S005",1159.6818398979,0.203796244183374,0.679434304486254,0.902288899319051,0.595173149329559
"S003","S006",1182.30511629798,0.274836667017834,0.222035585743598,0.970259238051358,0.48904383027093
"S003","S007",782.175643059131,0.370680533818146,0.297461442570433,0.821825324719935,0.496655767036171
"S003","S008",325.085915632204,0.843585920605756,0.286735193267038,0.935214701872212,0.688511938581669
"S003","S009",1038.00200427266,0.231743530147174,0.836467047570813,0.94843093804698,0.672213838588323
"S003","S010",955.46070805295,0.251165335874938,0.982930727202716,0.784771493810667,0.672955852296107
"S003","S011",1038.71566842254,0.338516735756841,0.60656111375806,0.937136363098243,0.627404737537715
"S003","S012",848.346329369069,0.486090317001078,0.225959575905963,0.838838214320675,0.516962702409239
"S003","S013",1000.92754504339,0.319349245400657,0.318132789572112,0.805955429683089,0.481145821551953
"S003","S014",168.771843212639,0.971176261991607,0.838892793089741,0.918256716704071,0.909441923928473
"S003","S015",991.480145388784,0.206146495132471,0.574503182272472,0.902225261782631,0.560958313062524
"S003","S016",941.092666372419,0.463882412354193,0.353957589053161,0.800373730732442,0.539404577379932
"S003","S017",743.559972765317,0.456153466382829,0.246299931620347,0.848104314313754,0.51685257077231
"S003","S018",152.360896658997,0.944073402943065,0.604650166194784,0.989758801844675,0.846160790327508
"S003","S019",1012.0965582527,0.359623264792222,0.212719084149564,0.908280502671923,0.493540950537903
"S003","S020",1028.09625776616,0.203796244183374,0.884111001063699,0.840354095452676,0.64275378023325
"S003","S021",931.481313471591,0.42897146408972,0.386368466106027,0.862041630845201,0.559127187013649
"S003","S022",79.5776616505864,0.727856692769366,0.46194223050732,0.965313398142958,0.718370773806548
"S003","S023",1141.60885927469,0.418349155231068,0.266090540419439,0.782750058841343,0.489063251497283
"S003","S024",983.12106603434,0.406266961495671,0.972086214220967,0.770854132951385,0.716402436222674
"S003","S025",310.154382896806,0.551226232205787,0.340957188085591,0.967795898421535,0.619993106237638
"S003","S026",1137.22194012731,0.203796244183374,0.715560326513173,0.88791010066128,0.602422223785942
"S003","S027",159.608768043764,0.434588109346544,0.409900086471861,0.965526372789919,0.603338189536108
"S003","S028",888.645662106042,0.356391188029234,0.422791759120006,0.806341704933135,0.528508217360792
"S003","S029",929.114139298314,0.22644101847905,0.581699744101344,0.86990099402305,0.559347252201148
"S003","S030",964.118773383785,0.216508391355033,0.466509118402979,0.809481305842663,0.497499605200225
"S003","S031",870.652676443106,0.295128609858516,0.72305893477453,0.827464168580168,0.615217237737738
"S003","S032",859.502938482337,0.630588676608902,0.477979244952884,0.832871041565927,0.647146321042571
"S003","S033",71.4429079592715,0.85290046516413,0.391761408283426,0.90787426893904,0.717512047462199
"S003","S034",951.173684650424,0.224132328457455,0.246750503034683,0.974327791690045,0.481736874394061
"S003","S035",93.759631893435,0.941595946966622,0.858041284082452,0.940697026591419,0.913444752546831
"S003","S036",995.391475390617,0.414391008185547,0.0848923722553671,0.757907710921281,0.419063697120732
"S003","S037",172.78189029542,0.621185344774123,0.718946052367535,0.935637704291691,0.758589700477783
"S003","S038",370.005670167277,0.647026176607597,0.236677822739563,0.945056519992172,0.609586839779777
"S003","S039",971.175434203008,0.356585315830862,0.225011336106308,0.817507138412747,0.466367930116639
"S003","S040",1261.10318408762,0.203796244183374,0.340422945096142,0.854756865313094,0.46632535153087
"S003","S041",28.3469119485021,0.652062001697188,0.755855318513828,0.964678708457856,0.790865342889624
"S003","S042",1070.05462705277,0.203796244183374,0.403276251401646,0.911681801727449,0.50625143243749
"S003","S043",162.057709653024,0.811802074132796,0.410148542658671,0.862807421644093,0.694919346145187
"S003","S044",742.135641574726,0.677013568873455,0.322390393121785,0.805721704913706,0.601708555636315
"S003","S045",1263.00451675536,0.203796244183374,0.511075711505332,0.911714372369008,0.542195442685905
"S003","S046",1006.40926049225,0.244071147077771,0.381721247240031,0.776139742339414,0.467310712219072
"S003","S047",1013.53235306818,0.551786630387703,0.275670343583625,0.765300515109978,0.530919163027102
"S003","S048",857.198847993896,0.285190249032538,0.209411638583298,0.878293103262809,0.457631663626215
"S003","S049",828.913352029096,0.520259033211136,0.91068859803417,0.788010293668938,0.739652641638082
"S003","S050",1161.0372956097,0.283793259208494,0.755237780410359,0.835918634016285,0.624983224545046
"S003","S051",122.884588063142,0.806605239557191,0.798463093213496,0.899887680187527,0.834985337652738
"S003","S052",205.25781169406,0.790402117582049,0.739411117964029,0.936146864759066,0.821986700101715
"S003","S053",146.628211530045,0.877443353689838,0.568497003663609,0.931293915096174,0.792411424149874
"S003","S054",977.318344412981,0.387889800416006,0.987386411241601,0.787376206492699,0.720884139383435
"S003","S055",237.475303799493,0.825540909956553,0.926638933930865,0.947746757714157,0.899975533867192
"S003","S056",916.947904440395,0.475178508137703,0.186404139975468,0.870867320239787,0.510816656117652
"S003","S057",1091.9309895925,0.248030730722238,0.187557618496815,0.903541919391708,0.446376756203587
"S003","S058",145.30346787843,0.716074703220611,0.378868927361481,0.941963709230521,0.678969113270871
"S003","S059",113.53254807837,0.910433735548717,0.368385447142636,0.927507386963008,0.735442189884787
"S003","S060",1097.2099973589,0.24763537122871,0.895079126781918,0.874102011743332,0.672272169917987
"S004","S005",1949.64644798999,0.0971575835176834,0.423916331883067,0.82158493921439,0.44755295153838
"S004","S006",1983.36702457461,0.131025311759329,0.138533645467173,0.838168562361055,0.369242506529186
"S004","S007",26.016634521157,0.777533753402551,0.476758013654612,0.849509476151995,0.701267081069719
"S004","S008",1018.97655693563,0.402170166893989,0.178901375083578,0.852615341052294,0.47789562767662
"S004","S009",1839.56687260323,0.11048113999931,0.52189305162535,0.826038197872607,0.486137463165756
"S004","S010",170.192837930373,0.526840523066854,0.613275464043575,0.867605090698196,0.669240359269542
"S004","S011",1836.96400681313,0.161384073382801,0.37844889595566,0.82751612676553,0.455783032034664
"S004","S012",47.9616077531101,0.980761837492496,0.362157991450127,0.937165954396325,0.760028594446316
"S004","S013",204.224109528945,0.669862036900115,0.509889132265899,0.939547472333226,0.706432880499747
"S004","S014",690.267457614743,0.462997437283189,0.743748691530466,0.914078382232014,0.70694150368189
"S004","S015",1777.37629320653,0.0982780394112127,0.358447137679111,0.880446104935954,0.445723760675426
"S004","S016",150.962010646766,0.973032572010202,0.567307532756965,0.933089311001992,0.824476471923053
"S004","S017",77.5984330920855,0.956820454505515,0.394758611899017,0.895260049543462,0.748946371982665
"S004","S018",857.659105665589,0.504980683708593,0.377256607200006,0.865483141449191,0.582573477452597
"S004","S019",1808.26491110525,0.17144637539303,0.13272084332332,0.789392593254012,0.364519937323454
"S004","S020",1796.61377917164,0.0971575835176834,0.705709369574827,0.725518315520957,0.509461756204489
"S004","S021",136.377202402488,0.899803906994211,0.619254249719685,0.908744110534507,0.809267422416134
"S004","S022",881.137483610408,0.346997549930382,0.288217498889191,0.852635325945651,0.495950124921741
"S004","S023",341.618236201428,0.877522716256744,0.426478122362416,0.877993702235156,0.727331513618105
"S004","S024",186.474392939426,0.852179293585864,0.606509296757162,0.89100568813672,0.783231426159916
"S004","S025",1077.74103739528,0.262790950379256,0.21273185582188,0.854728601304209,0.443417135835115
"S004","S026",1921.86475615899,0.0971575835176834,0.446456275247802,0.772878970725883,0.438830943163789
"S004","S027",930.700450252699,0.207185027863598,0.255747082460154,0.881656170491026,0.448196093604926
"S004","S028",101.269823962251,0.747560642728305,0.67763188911405,0.878026433848833,0.767739655230396
"S004","S029",1726.6785326163,0.107953226777388,0.362937255520558,0.790705709464701,0.420532063920882
"S004","S030",164.357549953333,0.454144652376096,0.747700134577628,0.872057456714028,0.691300747889251
"S004","S031",84.4837275223444,0.619057206474045,0.862897043640558,0.921724932706026,0.801226394273543
"S004","S032",172.112826410968,0.75602187316942,0.766083944939891,0.940375823824699,0.820827213978003
"S004","S033",859.997737486887,0.406610771991918,0.244429900104072,0.909365037659327,0.520135236585106
"S004","S034",1749.89440378723,0.106852584591912,0.153953910548949,0.85046145206382,0.370422649068227
"S004","S035",867.622074935337,0.506309350656314,0.535353766141534,0.911618005729774,0.651093707509207
"S004","S036",372.358154564377,0.869220168245595,0.136061730963042,0.878981130367839,0.628087676525492
"S004","S037",970.756683990639,0.296143176027071,0.448568715663992,0.891396620972645,0.545369504221236
"S004","S038",1167.7469477021,0.308462504025913,0.147669309293547,0.835648263627976,0.430593358982479
"S004","S039",239.706012331252,0.747967842201892,0.36063819473481,0.949097034415703,0.685901023784135
"S004","S040",2061.27264068411,0.0971575835176834,0.212398528041804,0.760683397905756,0.356746503155081
"S004","S041",800.717057964047,0.731125002297989,0.471597344942674,0.833601988089559,0.678774778443407
"S004","S042",1868.15639852945,0.0971575835176834,0.25161430340054,0.786745921793875,0.378505936237366
"S004","S043",835.0749154628,0.387017573034451,0.255902100590164,0.851135081246608,0.498018251623741
"S004","S044",59.6958241006922,0.704179139692248,0.516713030495298,0.919122497901806,0.71333822269645
"S004","S045",2051.09404155007,0.0971575835176834,0.31887312651911,0.788414968473734,0.401481892836843
"S004","S046",205.276821804193,0.51195986239123,0.61180589333297,0.872348359132124,0.665371371618774
"S004","S047",213.445432661109,0.863991271688326,0.441832206200283,0.888518542544474,0.731447340144361
"S004","S048",1658.68767591801,0.135961266361101,0.130657243968538,0.754775138800659,0.340464549710099
"S004","S049",118.882898045508,0.916348976291226,0.685113900120908,0.889034001458015,0.830165625956716
"S004","S050",1932.71343732822,0.135295267063387,0.826131098547297,0.721944363019505,0.561123576210063
"S004","S051",864.79645016545,0.591043560231529,0.498181418547907,0.903006452409266,0.664077143729567
"S004","S052",991.961983919985,0.376815382733126,0.461337390254205,0.87932111038034,0.57249129445589
"S004","S053",930.9888567566,0.543327190848843,0.35469973018483,0.920780098723726,0.6062690065858
"S004","S054",221.682739034527,0.813631644795207,0.631895892116107,0.872834631689283,0.772787389533532
"S004","S055",1016.76074733586,0.393567409584831,0.57815358344179,0.816781679714824,0.596167557580482
"S004","S056",222.489480141789,0.99672708777794,0.298760292237396,0.915164091985083,0.73688382400014
"S004","S057",1892.9582028542,0.118245880985985,0.117021965368694,0.782839549787,0.339369132047226
"S004","S058",928.74344440929,0.341380617988507,0.236385953566171,0.881939839174614,0.48656880357643
"S004","S059",752.912334607751,0.434039116144356,0.229845043796974,0.879202364538297,0.514362174826543
"S004","S060",1888.70311525641,0.118057397762626,0.558462617599794,0.757861264312676,0.478127093225032
"S005","S006",204.43900786935,0.741517667182848,0.326794782479356,0.922082674357646,0.66346504133995
"S005","S007",1932.58567457412,0.0755433005840262,0.20210550834432,0.747463794568679,0.341704201165675
"S005","S008",1084.60180602131,0.241583268764174,0.422020482883698,0.843836554547681,0.502480102065184
"S005","S009",272.78733347104,0.879404245089164,0.812266671424058,0.938809315442166,0.876826743985129
"S005","S010",2110.16742035928,0.0511865521203679,0.69123315171948,0.726213669080782,0.48954445764021
"S005","S011",162.809110154782,0.602027086571466,0.892744316489442,0.95700063052473,0.817257344528546
"S005","S012",1997.38691203674,0.0990633809387253,0.153524687297677,0.783930051993301,0.345506040076568
"S005","S013",2140.84360449769,0.0650821767954484,0.2161503306172,0.775552740505241,0.352261749305963
"S005","S014",1260.19559674644,0.209844754406832,0.569972541411459,0.898568059886351,0.55946178523488
"S005","S015",174.837255723052,0.988599122446459,0.845561047593668,0.927759554883617,0.920639908307914
"S005","S016",2079.20547071108,0.0945374933805075,0.240490928335966,0.770803381444131,0.368610601053535
"S005","S017",1884.42355097124,0.0929623632200474,0.167344622735482,0.777820469723899,0.346042485226476
"S005","S018",1158.92897214283,0.192398613753214,0.889931759704102,0.896692071713513,0.659674148390276
"S005","S019",163.67892338759,0.566693715716975,0.313082637636923,0.929027624539162,0.602934659297686
"S005","S020",219.516124056741,1,0.60069534309636,0.8614257809017,0.820707041332687
"S005","S021",2072.37663006036,0.0874227732433279,0.262511990044169,0.792302408799563,0.38074572402902
"S005","S022",1082.45437653773,0.279995013040225,0.679892415583302,0.87142853778579,0.610438655469772
"S005","S023",2282.41433328109,0.0852579865933789,0.180791041260253,0.728891555470878,0.33164686110817
"S005","S024",2123.45216624348,0.082795680888609,0.698944491287488,0.732058077712431,0.504599416629509
"S005","S025",962.379744232012,0.369714342816855,0.501825100431751,0.87344360613784,0.581661016462149
"S005","S026",58.1720744151511,1,0.94951365987134,0.91977649126687,0.956430050379403
"S005","S027",1068.38760448969,0.468941141739488,0.603296129979487,0.879032756328129,0.650423342682368
"S005","S028",2028.18876470538,0.0726311855804084,0.287259224800221,0.74316268387802,0.367684364752883
"S005","S029",246.55678844452,0.899997030362362,0.856153038285562,0.960317204566111,0.905489091071345
"S005","S030",2113.93127352402,0.0441235969923398,0.316962298398624,0.743612257660342,0.368232717683769
"S005","S031",2023.74456821114,0.0601461022402258,0.491271044451104,0.771048412195045,0.440821852962125
"S005","S032",1976.1561841201,0.128511603917458,0.324755495853428,0.781311363044734,0.411526154271874
"S005","S033",1114.29989604605,0.23894493262371,0.576599394079244,0.831963559918617,0.549169295540524
"S005","S034",236.346687806689,0.909267509894535,0.36317051023978,0.925875914198038,0.732771311444118
"S005","S035",1115.9721333529,0.191893717530085,0.791843372912771,0.879099752786298,0.620945614409718
"S005","S036",2064.95556864841,0.0844513310915762,0.0576787898995135,0.722808447438789,0.288312856143293
"S005","S037",1006.49456809819,0.328076387986067,0.945042124160545,0.919434096508025,0.730850869551545
"S005","S038",830.189249134781,0.314973723709127,0.348345412024087,0.856014171485202,0.506444435739472
"S005","S039",2085.43985692944,0.0726707480972718,0.152880420648912,0.779845661521617,0.335132276755934
"S005","S040",201.871988541571,1,0.501038794844998,0.925204582433742,0.808747792426247
"S005","S041",1167.50892640306,0.13288778692058,0.89889465330768,0.924202384047635,0.651994941425298
"S005","S042",140.770657228546,1,0.593547085772449,0.912986374972352,0.8355111535816
"S005","S043",1188.28790794092,0.251041787988874,0.603661810936673,0.780624438872316,0.545109345932621
"S005","S044",1890.00319248854,0.137972822597592,0.21904309252375,0.758056254706546,0.371690723275963
"S005","S045",104.515806015641,1,0.752207694151941,0.918788272940333,0.890331989030758
"S005","S046",2154.60020408005,0.0497407830879776,0.259354510126155,0.723208901772072,0.344101398328735
"S005","S047",2156.37627399191,0.112452042863613,0.187299888160227,0.730919621135962,0.343557184053267
"S005","S048",362.268164018472,0.714597518234652,0.308214697433687,0.840903810326534,0.621238675331624
"S005","S049",1987.10884213663,0.106026836970903,0.618753074208908,0.73613166124277,0.48697052414086
"S005","S050",154.170642142709,0.718115168597614,0.513134456054855,0.858407618808926,0.696552414487132
"S005","S051",1134.77144457039,0.164383118360386,0.850927626162158,0.822468375783228,0.612593040101924
"S005","S052",1003.69049237848,0.257838686979756,0.918885702391219,0.848190017496073,0.674971468955682
"S005","S053",1057.19220521048,0.178819659965653,0.836721077975996,0.877586425146628,0.631042387696092
"S005","S054",2135.78918518639,0.0790504844818205,0.670864199581115,0.729552533131079,0.493155739064671
"S005","S055",933.310337470815,0.246863894599844,0.733224430365825,0.920430128562368,0.633506151176012
"S005","S056",2026.04163199078,0.0968395952751226,0.12664936719759,0.801289578835663,0.341592847102792
"S005","S057",204.291453270696,0.821657234125553,0.276049674351716,0.919280628303302,0.672329178926857
"S005","S058",1059.86339247544,0.28460193226598,0.557624077647887,0.854356511240364,0.56552750705141
"S005","S059",1238.10873357658,0.22384522478239,0.542194358910368,0.840371014167856,0.535470199286871
"S005","S060",64.0607518730315,0.822969041830267,0.759077364399086,0.900557642746566,0.827534682991973
"S006","S007",1964.34553308732,0.101876602442971,0.0660470256372617,0.797693810465798,0.321872479515344
"S006","S008",1050.63686892834,0.325795701782791,0.774357633654041,0.911629503336055,0.670594279590963
"S006","S009",154.219515809105,0.843204557316715,0.265444510203255,0.976935899918876,0.695194989146282
"S006","S010",2137.39085411979,0.0690294437822828,0.225891387458687,0.761784218220315,0.352235016487095
"S006","S011",165.635640114861,0.811885020701758,0.366056413290222,0.962053234532791,0.713331556174923
"S006","S012",2030.38084431668,0.133595442594219,0.0501710667906553,0.815516132868935,0.333094214084603
"S006","S013",2180.73851279722,0.087768882220577,0.0706368002768886,0.78750785596764,0.315304512821702
"S006","S014",1303.82328970178,0.282993600414226,0.186264052689763,0.906485552962764,0.458581068688918
"S006","S015",303.472271500043,0.750069113300278,0.38648277780695,0.902681031148612,0.679744307418613
"S006","S016",2120.0568789257,0.127491896099619,0.0785911806138101,0.782114098280745,0.329399058331391
"S006","S017",1922.94193876265,0.125367698349288,0.0546873495859317,0.822921383799528,0.334325477244916
"S006","S018",1154.78675976692,0.259465987485057,0.367213304745988,0.960654586012597,0.529111292747881
"S006","S019",207.48651374719,0.7642349478603,0.958040502549029,0.935937802981553,0.886071084463627
"S006","S020",398.598639134343,0.741517667182848,0.196304103983537,0.864055648386417,0.600625806517601
"S006","S021",2111.46386051484,0.117897087436179,0.0857875486847071,0.836566919704767,0.346750518608551
"S006","S022",1102.88388858088,0.377597224492269,0.480656608294399,0.942117855944511,0.600123896243726
"S006","S023",2322.02327818993,0.114977687473433,0.0590815690028606,0.760303402926224,0.311454219800839
"S006","S024",2163.03541646611,0.111657057616933,0.228411412995438,0.750917107075971,0.363661859229447
"S006","S025",942.417494574048,0.498591414849848,0.651212508497869,0.943685261504119,0.697829728283946
"S006","S026",259.103297161466,0.741517667182848,0.310296109938831,0.9149418227663,0.65558519996266
"S006","S027",1068.63492385765,0.632407240573344,0.541682212498972,0.937052883683663,0.703714112251993
"S006","S028",2068.00635655644,0.0979493662724809,0.0938748158837766,0.782529444070561,0.324784542075606
"S006","S029",270.096346219641,0.823911237667412,0.381701363968478,0.89219482933844,0.69926914365811
"S006","S030",2146.33601158827,0.0595044446614103,0.103581625359335,0.785451025301363,0.316179031774036
"S006","S031",2052.91798912262,0.0811121634751213,0.160544814109804,0.804027977078804,0.348561651554577
"S006","S032",2027.13744647351,0.173308890138378,0.106128401626396,0.81015234617958,0.363196545981451
"S006","S033",1127.82736142859,0.322237679826972,0.566762271752306,0.881054344594349,0.590018098724542
"S006","S034",242.088305442564,0.815511012011037,0.899838431990507,0.984274083232445,0.899874509077996
"S006","S035",1124.51241751228,0.258785091741808,0.258770282808748,0.91753200546372,0.478362460004759
"S006","S036",2133.14906437165,0.113889843531876,0.018849127598884,0.738782381681653,0.290507117604138
"S006","S037",1016.85988135668,0.442439071252995,0.308834835398873,0.928507377706721,0.559927094786197
"S006","S038",825.083265440749,0.424769007737557,0.938134309220523,0.927988128593801,0.763630481850627
"S006","S039",2138.16194609292,0.0980027197104559,0.0499605238113135,0.797505090097251,0.31515611120634
"S006","S040",86.4949261559069,0.741517667182848,0.652234489308264,0.880184373594194,0.757978843361769
"S006","S041",1185.28215271683,0.179210547235433,0.293754082699539,0.994097853406535,0.489020827780502
"S006","S042",141.312086977878,0.741517667182848,0.550579373250669,0.937727372310748,0.743274804248088
"S006","S043",1182.77267926571,0.338551323992892,0.541354076999312,0.838501741838363,0.572802380943523
"S006","S044",1923.79274302919,0.186068152795029,0.0715821397749042,0.78389027037589,0.347180187648608
"S006","S045",241.644771803262,0.741517667182848,0.434447540247236,0.938552163161411,0.704839123530498
"S006","S046",2188.45204103712,0.0670797005780743,0.0847557007217168,0.753917819517538,0.301917740272443
"S006","S047",2194.3376107858,0.151651198400758,0.0612086262097289,0.746244524414432,0.319701449674973
"S006","S048",326.180069221597,0.963695876525141,0.94314448687123,0.890021978049304,0.932287447148558
"S006","S049",2008.92683619595,0.14298625867367,0.202205276294533,0.765740767571443,0.370310767513215
"S006","S050",358.563510912699,0.968439728922247,0.167689662949109,0.859591294247268,0.665240228706208
"S006","S051",1136.46277158775,0.22168469563902,0.278078708497337,0.873146074147887,0.457636492761415
"S006","S052",1003.98097894849,0.347717523655679,0.300287053236328,0.908699057531865,0.518901211474624
"S006","S053",1062.33563209073,0.241153606825066,0.390565973633487,0.90982782419562,0.513849134884724
"S006","S054",2156.50585800588,0.106606339916548,0.219234920175297,0.764406023354605,0.363415761148817
"S006","S055",973.826659110946,0.332917077401166,0.239613918229949,0.974445410029122,0.515658801886746
"S006","S056",2080.45218921665,0.130596477415073,0.0413883524044845,0.84523493460139,0.339073254806983
"S006","S057",90.4130287229109,0.902465938819375,0.844718732218909,0.93052986997151,0.892571513669931
"S006","S058",1064.84646858251,0.383810049121595,0.586048550589508,0.914113532800979,0.627990710837361
"S006","S059",1245.68684299067,0.301874432247604,0.6027262680049,0.900398788267949,0.601666496173485
"S006","S060",202.205592686779,0.901027413538822,0.248062522183802,0.900084775588586,0.683058237103737
"S007","S008",995.61085826174,0.312700879371614,0.0852926642249252,0.868341348186441,0.422111630594327
"S007","S009",1820.03177813928,0.0859028154638562,0.248816694633046,0.779474838289325,0.371398116128742
"S007","S010",181.17613609972,0.677578974239198,0.292383992060525,0.913562833528623,0.627841933276116
"S007","S011",1818.70042607107,0.125481564316722,0.180428543905601,0.771026063583545,0.35897872393529
"S007","S012",66.5811812060088,0.762575432699523,0.759626437475034,0.899410691324089,0.807204187166215
"S007","S013",227.679664174854,0.861521488898384,0.935022897106955,0.833224991508663,0.876589792504668
"S007","S014",674.19493138809,0.35999613522656,0.354588148832282,0.814754225774587,0.50977950327781
"S007","S015",1760.64886424296,0.0764144928604441,0.170892545360074,0.778906192047218,0.342071076755912
"S007","S016",176.031553580808,0.799082965738991,0.840387243472149,0.829676478679166,0.823048895963436
"S007","S017",77.8637952914619,0.812622420163855,0.828006243404227,0.94881008881945,0.863146250795844
"S007","S018",835.552145445013,0.392639526399729,0.179860110686753,0.829341709887451,0.467280448991311
"S007","S019",1790.34967363695,0.133305343766605,0.0632757256333908,0.74816535740458,0.314915475601525
"S007","S020",1781.30644713924,0.0755433005840262,0.336452597255943,0.69980651494893,0.370600804262966
"S007","S021",160.78645284346,0.86411466693882,0.769890580275265,0.932809732295051,0.855604993169712
"S007","S022",861.704608478014,0.269802307418859,0.137410002270911,0.843396593674466,0.416869634454745
"S007","S023",363.328859660292,0.886055413721121,0.894537921016213,0.894959039808311,0.891850791515215
"S007","S024",210.067347128165,0.912406296720478,0.289158167585,0.842224330918282,0.681262931741253
"S007","S025",1055.87754298254,0.204328834008606,0.101421617022699,0.84297256076291,0.382907670598072
"S007","S026",1905.34055336408,0.0755433005840262,0.212851606970779,0.731712914371963,0.340035940642256
"S007","S027",909.495423358457,0.161093352363596,0.121929471031665,0.848971136256327,0.377331319883863
"S007","S028",127.048102110518,0.961451048854045,0.703564901997064,0.937661635008262,0.867559195286457
"S007","S029",1708.51191953929,0.083937277608139,0.173033245023238,0.718318723565844,0.325096415399073
"S007","S030",182.011717324672,0.58408352099021,0.637632643899322,0.950608417553626,0.724108194147719
"S007","S031",93.4161437021918,0.796180492184423,0.411393080514509,0.907365223039369,0.704979598579433
"S007","S032",194.042889312275,0.587832524699846,0.622331295158548,0.890604380338446,0.70025606673228
"S007","S033",839.746855191086,0.316153599720785,0.116533913651413,0.897559150715386,0.443415554695861
"S007","S034",1731.5177923199,0.0830814911585133,0.0733987605876768,0.80204518906518,0.319508480270457
"S007","S035",846.877371585821,0.393672609798612,0.255234198148153,0.847659125763446,0.498855311236737
"S007","S036",395.480620590927,0.894518767289879,0.285389499633271,0.825742647561547,0.668550304828232
"S007","S037",950.649988961553,0.230261315200881,0.213858729867565,0.806297979423968,0.416806008164138
"S007","S038",1147.36546464214,0.239840008539218,0.0704025265765398,0.843942553247124,0.384728362787627
"S007","S039",265.399757980756,0.961974755344992,0.756438663653119,0.852903754593533,0.857105724530548
"S007","S040",2042.58833176732,0.0755433005840262,0.101262700332374,0.702522663125503,0.293109554680634
"S007","S041",780.715135901251,0.568474367243204,0.224837813419658,0.793342574858155,0.528884918507006
"S007","S042",1849.92780365208,0.0755433005840262,0.119959135496331,0.754575792244926,0.316692742775094
"S007","S043",812.655970347737,0.300919226194223,0.122003377167409,0.943468881719943,0.455463828360525
"S007","S044",45.7965971387703,0.547523049552693,0.922674648242591,0.87911896684956,0.783105554881615
"S007","S045",2034.28153126785,0.0755433005840262,0.152025318407087,0.753096139104893,0.326888252698669
"S007","S046",224.319935673292,0.658440691675251,0.779263519442989,0.88915180646122,0.775618672526486
"S007","S047",235.556284694347,0.671782376382867,0.926743114003258,0.827579970847777,0.808701820411301
"S007","S048",1639.37320448383,0.105714473751111,0.0622918881040261,0.760848826857484,0.30961839623754
"S007","S049",107.398932675448,0.712492258962302,0.326633542148809,0.8895043713781,0.64287672416307
"S007","S050",1917.2888115694,0.105196636817396,0.393864621561712,0.695992284116017,0.398351180831708
"S007","S051",843.329476431556,0.459556317811227,0.237511983546537,0.908447424179502,0.535171908512422
"S007","S052",971.100087536695,0.292986678876307,0.219946297802197,0.877835608718213,0.463589528465572
"S007","S053",910.234076785453,0.422455230026365,0.169105938806746,0.84552275117206,0.479027973335057
"S007","S054",226.195284566753,0.955633619189256,0.301261430361784,0.911500479398787,0.722798509649943
"S007","S055",999.396408216968,0.306011945191413,0.275639354029004,0.782103729968848,0.454585009729755
"S007","S056",246.463971213257,0.780086909382538,0.626649754552073,0.923501944489707,0.776746202808106
"S007","S057",1873.94882019643,0.0919401636674239,0.0557911597631375,0.745792122772088,0.297841148734217
"S007","S058",907.962379028758,0.265434953243486,0.112698897678059,0.872403888715687,0.416845913212411
"S007","S059",731.383283486335,0.337480063099247,0.109580466529003,0.885927179818156,0.444329236482135
"S007","S060",1871.44051838278,0.0917936115993128,0.266251528267233,0.722684310550344,0.360243150138963
"S008","S009",896.837054372698,0.274712420497447,0.342793172904715,0.890846109279712,0.502783900893958
"S008","S010",1148.96828233312,0.211879541088313,0.291714548473875,0.814664465360212,0.439419518307467
"S008","S011",936.848404082238,0.401283055451852,0.472722676682186,0.877603752812759,0.583869828315599
"S008","S012",1061.35438066237,0.410058947564898,0.0647905626679342,0.856401354693001,0.443750288308611
"S008","S013",1223.14958532422,0.269398527176067,0.0912198669025415,0.806027577175948,0.388881990418185
"S008","S014",491.395032756141,0.868622878895125,0.240540087156912,0.88095659864685,0.663373188232962
"S008","S015",938.87601437782,0.24436929315326,0.499101140106561,0.852917764619068,0.532129399292963
"S008","S016",1168.31931300299,0.39132467187863,0.101492097705493,0.800555209526172,0.431123993036765
"S008","S017",976.723247808686,0.384804641876065,0.0706228584948184,0.883802105709283,0.446409868693389
"S008","S018",185.145687033931,0.796407030741134,0.474216678168692,0.940089826773014,0.73690451189428
"S008","S019",922.583439393006,0.426303066478381,0.741865976498594,0.859241671264768,0.675803571413914
"S008","S020",1011.53035550786,0.241583268764174,0.253505738759514,0.805865437949638,0.433651481824442
"S008","S021",1155.10140128393,0.361874287447725,0.110785436801201,0.893673606335968,0.455444443528298
"S008","S022",287.295073466318,0.862812755631,0.62071656222497,0.967636755634028,0.817055357829999
"S008","S023",1357.53612461096,0.352913457250241,0.0762975225336985,0.80763137693626,0.4122807855734
"S008","S024",1205.43583719585,0.342721088725028,0.294968891722046,0.782312007540772,0.473333995995949
"S008","S025",135.004107444704,0.65343223344691,0.840971251777975,0.96583760773207,0.820080364318985
"S008","S026",1078.30077786246,0.241583268764174,0.40071421324357,0.840918941483572,0.494405474497105
"S008","S027",178.523889361837,0.515167570642334,0.69952459814063,0.95009515754861,0.721595775443858
"S008","S028",1116.17784258071,0.30064658844942,0.121229276762986,0.839168124760985,0.420347996657797
"S008","S029",838.278649228217,0.268426739882583,0.49292645591586,0.814004484124173,0.525119226640872
"S008","S030",1170.24859987352,0.182643430640107,0.133764582226114,0.845362103025299,0.387256705297173
"S008","S031",1072.75852163974,0.248966340044593,0.207326443406033,0.848890646950261,0.435061143466963
"S008","S032",1113.57344460798,0.531955729280686,0.137053471179198,0.847939968038415,0.505649722832766
"S008","S033",258.870808410322,0.989078978217485,0.731912810206141,0.932596437270258,0.884529408564628
"S008","S034",851.906400572367,0.26568998246973,0.860551857005158,0.911329432346406,0.679190423940432
"S008","S035",232.800321371792,0.794317083760486,0.334174122604903,0.920677545190298,0.683056250518563
"S008","S036",1273.86012841147,0.349574420130952,0.02434163076554,0.767437829209176,0.380451293368556
"S008","S037",231.675812241945,0.736362864292552,0.398827133583668,0.887748939274709,0.67431297905031
"S008","S038",275.532776138389,0.766994992214883,0.825422997584897,0.971103169627809,0.85450705314253
"S008","S039",1222.45385751854,0.300810351929672,0.0645186689457166,0.821894555111094,0.395741191995494
"S008","S040",1135.96628625975,0.241583268764174,0.842291030606231,0.803259353093939,0.629044550821448
"S008","S041",302.80182766737,0.550070323993754,0.379351955650481,0.907496475691764,0.612306251778666
"S008","S042",967.277326685379,0.241583268764174,0.711014328938159,0.868231116971508,0.60694290489128
"S008","S043",196.229941576313,0.962322929180543,0.699100846265012,0.917293896814156,0.859572557419904
"S008","S044",963.326488890115,0.571119114760701,0.0924406716792113,0.821250935764334,0.494936907401416
"S008","S045",1188.35365679154,0.241583268764174,0.561042496859188,0.866038120772932,0.556221295465432
"S008","S046",1214.29748619186,0.205894983300904,0.109452915601505,0.800752354279849,0.372033417727419
"S008","S047",1230.77362688061,0.465479432573558,0.0790443892454414,0.773503104916734,0.439342308911911
"S008","S048",733.766432604386,0.338069000520718,0.73033113304746,0.869953430618249,0.646117854728809
"S008","S049",1012.99036587413,0.438883195484877,0.261126471163416,0.810174220665189,0.503394629104494
"S008","S050",1129.30122941889,0.336412986841589,0.216553250928533,0.801471889242218,0.45147937567078
"S008","S051",203.501194817486,0.68044082357728,0.359108887692032,0.931853404582017,0.657134371950443
"S008","S052",184.772925229026,0.936955084568603,0.387788587838068,0.969606418794373,0.764783363733681
"S008","S053",203.21014373658,0.740198859301844,0.504374150469058,0.910689047458062,0.718420685742988
"S008","S054",1153.10362673686,0.327218374377519,0.283118433456607,0.816131375276767,0.475489394370298
"S008","S055",383.694091256331,0.978609160953937,0.309435728165109,0.897984909918318,0.728676599679121
"S008","S056",1174.60414544571,0.400853899239414,0.0534486271016417,0.89980807566234,0.451370200667798
"S008","S057",964.543057520691,0.294019523872724,0.654114398584276,0.857538507180411,0.601890809879137
"S008","S058",202.543657919426,0.848846200167041,0.756818975005207,0.966128227278982,0.857264467483743
"S008","S059",291.55786139152,0.926575859029793,0.778356461937044,0.967704857533417,0.890879059500084
"S008","S060",1020.69536102595,0.293550858519414,0.320346195869787,0.831719606866417,0.481872220418539
"S009","S010",1991.57063349906,0.0582059415862588,0.850992877139248,0.745902981674363,0.55170060013329
"S009","S011",128.384586983533,0.684585149472898,0.725146454387625,0.980934306801227,0.79688863688725
"S009","S012",1886.28508356127,0.112648286032189,0.189007739328414,0.799998090943787,0.36721803876813
"S009","S013",2038.38329504466,0.0740071214789845,0.266107595228851,0.776369713182144,0.372161476629993
"S009","S014",1165.5377773701,0.238621493560741,0.701706177864209,0.898358225209292,0.61289529887808
"S009","S015",274.703719411595,0.88954584838486,0.686821057614748,0.903770252316867,0.826712386105492
"S009","S016",1978.10559201575,0.107501747812148,0.296073859480581,0.77113579449889,0.391570467263873
"S009","S017",1780.68550051219,0.105710614588427,0.206021776619365,0.804958067409013,0.372230152872268
"S009","S018",1004.39041258203,0.218782903116082,0.722861908249406,0.939459137932028,0.627034649765839
"S009","S019",163.582472959497,0.644406390896507,0.254306591954008,0.954944197766368,0.617885726872294
"S009","S020",394.696834094434,0.879404245089164,0.739529718784629,0.878308279824551,0.832414081232781
"S009","S021",1968.99033531403,0.0994113614205535,0.323184490118172,0.818615379964465,0.41373707716773
"S009","S022",958.429767167237,0.318391700522024,0.552253949332311,0.920602349213457,0.59708266635593
"S009","S023",2179.34912965448,0.0969497100673361,0.22257596873117,0.745159151115415,0.354894943304641
"S009","S024",2020.61730943686,0.094149739839173,0.860486482920818,0.738352032695366,0.564329418485119
"S009","S025",790.254597909944,0.420414553240381,0.407615803964742,0.922030648405742,0.583353668536955
"S009","S026",308.600663359564,0.879404245089164,0.855455488164458,0.933892681537539,0.88958413826372
"S009","S027",919.424800184556,0.533248667331532,0.490037339381453,0.916649302285606,0.64664510299953
"S009","S028",1925.8385327851,0.0825913520272401,0.353651374488382,0.765831667157646,0.400691464557756
"S009","S029",174.522266805124,0.977119051976309,0.695424578637807,0.911665340332058,0.861402990315391
"S009","S030",2001.87453001481,0.0501744189191014,0.390219504935403,0.768352824650489,0.402915582834998
"S009","S031",1907.74043915894,0.0683941458960407,0.604814972390548,0.788284721387823,0.487164613224804
"S009","S032",1888.72812483045,0.146134845988182,0.399813887825866,0.795212593866225,0.447053775893424
"S009","S033",981.376851287807,0.271712280169267,0.468352470573876,0.862073995883145,0.53404624887543
"S009","S034",145.144890876693,0.967156788865319,0.294991301511843,0.969355961219601,0.743834683865588
"S009","S035",976.863896626213,0.218208768722317,0.974856412026015,0.901368166580188,0.698144449109506
"S009","S036",2001.10800027237,0.0960324350981654,0.0710096719817293,0.726917631398639,0.297986579492845
"S009","S037",870.260176208288,0.3730666412155,0.859503138175531,0.92192930233594,0.718166360575657
"S009","S038",676.227870828348,0.358167163131207,0.282949368330647,0.908222782201015,0.516446437887623
"S009","S039",2000.11371603894,0.082636339889289,0.188214567982807,0.785032010393804,0.3519609727553
"S009","S040",240.422391060628,0.879404245089164,0.406977114143068,0.90095379866122,0.729111719297817
"S009","S041",1039.63325121175,0.151111150148139,0.90362832667337,0.981642871569283,0.678794116130264
"S009","S042",136.039428768996,0.879404245089164,0.482118515693837,0.951542144930634,0.771021635237878
"S009","S043",1032.04580535946,0.285468019276415,0.49033436983535,0.819162516896174,0.531654968669313
"S009","S044",1780.13457104376,0.156893514408272,0.269668940299773,0.769676397456902,0.398746284054982
"S009","S045",351.071398737103,0.879404245089164,0.610993239948363,0.95430326071419,0.814900248583905
"S009","S046",2044.32351432553,0.0565619092308729,0.319297244673917,0.738955992470897,0.371605048791896
"S009","S047",2051.38022126658,0.12787298161406,0.230589158400226,0.734480197737581,0.364314112583956
"S009","S048",182.089306135149,0.812592754953325,0.250352526368434,0.888868796703584,0.650604692675114
"S009","S049",1861.97283411201,0.120566664947305,0.761761002854045,0.750888973183155,0.544405546994835
"S009","S050",407.807879536765,0.816592792913802,0.631731516393788,0.873981418213868,0.774101909173819
"S009","S051",987.257488221746,0.186925545650191,0.954566106976139,0.85394416024436,0.665145270956897
"S009","S052",855.102754868759,0.293197000605351,0.883969213265909,0.887944660064555,0.688370291311938
"S009","S053",914.216999302678,0.203341820288259,0.679640644917912,0.895037154278325,0.592673206494832
"S009","S054",2009.08218028398,0.0898909516564881,0.825916196222803,0.74861959742687,0.554808915102054
"S009","S055",837.132296132098,0.280717196873224,0.902689296706392,0.978966917857874,0.72079113714583
"S009","S056",1943.14257125742,0.110119544925899,0.155920920620256,0.827279406847058,0.364439957464404
"S009","S057",76.8808172428254,0.934333941090135,0.224225950133363,0.947657857087843,0.702072582770447
"S009","S058",916.67850311516,0.323630382563281,0.45293945345696,0.893387790064079,0.556652542028107
"S009","S059",1097.3104543798,0.254541897008576,0.440406407177026,0.879793313862562,0.524913872682721
"S009","S060",231.882427400744,0.935825641536249,0.934517432641031,0.917032539833574,0.929125204670285
"S010","S011",1993.82541050904,0.0850236696356545,0.61709446756665,0.741559664533292,0.481225933911866
"S010","S012",124.376641162493,0.516705079468556,0.222102610263665,0.923706572340467,0.554171420690896
"S010","S013",137.186144859089,0.786491089276959,0.312702494201145,0.879841988220293,0.659678523899466
"S010","S014",853.787489968785,0.243925812036888,0.824573503156817,0.804718406074103,0.624405907089269
"S010","S015",1938.83143927581,0.0517768536893882,0.584479827899396,0.77010042220194,0.468785701263574
"S010","S016",142.23396895883,0.541441816257442,0.347915790406944,0.878664987202315,0.589340864622233
"S010","S017",246.622775850504,0.550615865898399,0.242095770897567,0.921772078908549,0.571494571901505
"S010","S018",997.919320283328,0.266044287543693,0.615150335075529,0.792835645271639,0.558010089296954
"S010","S019",1966.28882851302,0.09032489808998,0.216413098362418,0.712997254907573,0.339911750453324
"S010","S020",1961.27000643726,0.0511865521203679,0.869019869203464,0.660549503196288,0.526918641506707
"S010","S021",125.823927263593,0.585505929649452,0.379773437357795,0.909714612861004,0.624997993289417
"S010","S022",1034.6849872454,0.182812370708239,0.469964177253816,0.797234661555062,0.483337069839039
"S010","S023",222.757494816391,0.600372518348246,0.261548568396243,0.975706207549559,0.61254243143135
"S010","S024",129.788586950792,0.618227322621247,0.988967164540057,0.911926387729741,0.839706958297015
"S010","S025",1218.73804289775,0.138448921755043,0.346878145783384,0.797754855732572,0.427693974423666
"S010","S026",2083.80108185773,0.0511865521203679,0.727986527137632,0.697011287255217,0.492061455504405
"S010","S027",1075.99115689542,0.109153468451279,0.417018285345885,0.812790454556467,0.446320736117877
"S010","S028",148.689999994759,0.704746201116329,0.415575011247144,0.970265397285801,0.696862203216424
"S010","S029",1883.91650893619,0.0568741344621536,0.591801363008337,0.697476321439786,0.448717272970092
"S010","S030",53.8598229537915,0.862015415466563,0.458546146998539,0.959561892625645,0.760041151696916
"S010","S031",87.7879153773518,0.851036895390609,0.71071684456835,0.93993018398754,0.8338946413155
"S010","S032",269.267237958634,0.39830295911056,0.469820486829344,0.92258900003253,0.596904148657478
"S010","S033",1010.19511889147,0.214219031800839,0.398564616448938,0.864216507332325,0.492333385194034
"S010","S034",1906.407617375,0.0562942715574484,0.251035496404614,0.769372042132067,0.35890060336471
"S010","S035",1015.48568372882,0.266744283133412,0.872941765208945,0.824855128291465,0.654847058877941
"S010","S036",428.137415114012,0.606107108777988,0.0834433211949317,0.896146142807515,0.528565524260145
"S010","S037",1121.31239047756,0.156020225760782,0.731431048466208,0.789420833988959,0.558957369405316
"S010","S038",1316.64720242422,0.162510546967524,0.240787897040431,0.791264616629365,0.398187686879106
"S010","S039",264.717589698013,0.704362531838165,0.221170556227828,0.896197542397369,0.607243543487787
"S010","S040",2216.54585401188,0.0511865521203679,0.346334625294438,0.675986396563753,0.357835857992853
"S010","S041",952.171414652294,0.385186278637927,0.768981269580296,0.757302946008952,0.637156831409058
"S010","S042",2025.12348380373,0.0511865521203679,0.410279422792402,0.715796450148562,0.392420808353777
"S010","S043",973.374867898741,0.203896540613535,0.417271056146445,0.869999700690222,0.497055765816734
"S010","S044",226.479773141425,0.370990106288231,0.316887423554366,0.935161447422531,0.541012992421709
"S010","S045",2212.26207491112,0.0511865521203679,0.519950895176288,0.715536338373572,0.428891261890076
"S010","S046",84.01759117349,0.97175490490177,0.375205543138371,0.971920677140098,0.77296037506008
"S010","S047",123.516366967917,0.455185613501474,0.270964851286875,0.895164000691749,0.540438155160033
"S010","S048",1811.73159580621,0.0716299046865144,0.213048216713353,0.708882505156011,0.331186875518626
"S010","S049",136.975447943319,0.482769773981046,0.895143805920949,0.963806495955501,0.780573358619165
"S010","S050",2097.11975717585,0.0712790292681445,0.74234642070972,0.656989807265537,0.490205085747801
"S010","S051",1008.87573452265,0.311385698427674,0.812328957795236,0.870500039181049,0.66473823180132
"S010","S052",1138.87542039467,0.198521613338757,0.752251504099673,0.832700667029054,0.594491261489162
"S010","S053",1078.60957066616,0.286246781423249,0.578369347839468,0.827431629636174,0.564015919632964
"S010","S054",70.7860845982,0.647517247438749,0.970532443231787,0.993503887984736,0.870517859551757
"S010","S055",1176.89095738734,0.207347259927739,0.942730660753632,0.743885423461741,0.631321114714371
"S010","S056",287.221412050234,0.528570487876847,0.183222356859683,0.901041236186753,0.537611360307761
"S010","S057",2047.07416871699,0.0622967217891571,0.190814686433272,0.709074171033021,0.320728526418484
"S010","S058",1076.24001276735,0.179853143345951,0.385448248667217,0.829811976740213,0.46503778958446
"S010","S059",897.137089461524,0.228669394980968,0.374782715554136,0.838766178322201,0.480739429619102
"S010","S060",2048.67415732305,0.0621974211891738,0.910622795697096,0.685997193329566,0.552939136738612
"S011","S012",1884.32636343303,0.164549707394213,0.13705829202582,0.79734827908985,0.366318759503294
"S011","S013",2032.18621557234,0.108105064119441,0.192966979165819,0.778387763795273,0.359819935693511
"S011","S014",1152.40891169955,0.34856364287842,0.508839746900123,0.903152817984749,0.586852069254431
"S011","S015",153.379081967438,0.608969877579545,0.947148060173248,0.915446950152635,0.823854962635143
"S011","S016",1971.08237001612,0.15703196000515,0.214696909439203,0.773253600898208,0.38166082344752
"S011","S017",1774.60133921319,0.154415582444083,0.149395960842172,0.798506051211731,0.367439198165995
"S011","S018",1023.94465518571,0.319584646679139,0.99684953829065,0.929439748039072,0.748624644336287
"S011","S019",43.870967005599,0.941309333678466,0.350696870149859,0.95219754084053,0.748067914889618
"S011","S020",268.712173640836,0.602027086571466,0.536267353490951,0.874564095741594,0.670952845268004
"S011","S021",1963.14027480672,0.145214019756485,0.234356087122265,0.812605536144689,0.397391881007813
"S011","S022",959.926970382146,0.465087068814116,0.761575742377009,0.906893886931927,0.711185566041017
"S011","S023",2173.71821580859,0.141618190435453,0.161400174557299,0.741963275814442,0.348327213602398
"S011","S024",2014.58140936379,0.137528165651365,0.623978722138509,0.738347353908619,0.499951413899497
"S011","S025",819.444405105841,0.614115794892838,0.562115144462738,0.90863588905955,0.694955609471709
"S011","S026",186.736989071081,0.602027086571466,0.847672923279228,0.933692661072996,0.79446422364123
"S011","S027",935.13201658235,0.778936948518546,0.675777060504671,0.90810391353638,0.787605974186532
"S011","S028",1919.35842818091,0.120644381624159,0.256449040299561,0.760612592952057,0.379235338291925
"S011","S029",110.615991916405,0.668921192250018,0.959012589015667,0.927341412252579,0.851758397839421
"S011","S030",2000.65428263587,0.0732917139054705,0.282966290436802,0.762430341274418,0.372896115205563
"S011","S031",1908.44078179485,0.099905973637759,0.438579432789555,0.785121102453636,0.441202169626984
"S011","S032",1874.48824575293,0.213464820410872,0.289923623171858,0.793236884342926,0.432208442641885
"S011","S033",988.090795791594,0.396900634462308,0.645872937445985,0.855265995335148,0.632679855747814
"S011","S034",87.7907192801377,0.662101174869093,0.406802377267304,0.961262834710661,0.676722128949019
"S011","S035",987.123694948327,0.318745986369012,0.706913670717706,0.898499953209998,0.641386536765572
"S011","S036",1975.41944777636,0.140278291417958,0.0514924118647793,0.727520245444891,0.306430316242543
"S011","S037",878.093983018227,0.54495286890571,0.843680985187436,0.927212932438003,0.771948928843716
"S011","S038",692.934355093159,0.523188625121333,0.390196168813366,0.892819601556657,0.602068131830452
"S011","S039",1985.05481358843,0.120710097133886,0.136483126636831,0.785773868630482,0.347655697467066
"S011","S040",228.340959045381,0.602027086571466,0.561234370906156,0.910658566224548,0.69130667456739
"S011","S041",1043.8358789847,0.220733900325604,0.802483092863179,0.965136540506769,0.66278451123185
"S011","S042",31.3981037542911,0.602027086571466,0.664856751042075,0.942444631771291,0.736442823128277
"S011","S043",1052.76934729611,0.416994174495624,0.676186674937865,0.808581247881826,0.633920699105105
"S011","S044",1777.28267644674,0.229180423398131,0.195549475916849,0.768207918221184,0.397645939178721
"S011","S045",258.521548083633,0.602027086571466,0.842579090405037,0.946897393669857,0.79716785688212
"S011","S046",2042.23924461843,0.0826221680011949,0.231537264871029,0.735890009687343,0.350016480853189
"S011","S047",2046.53146136291,0.186789008953112,0.167210910634151,0.735305847240829,0.36310192227603
"S011","S048",204.956874706619,0.842470161467561,0.345244088078529,0.874064917736403,0.687259722427498
"S011","S049",1867.51967703413,0.176116389670644,0.552388290310372,0.74823716244496,0.492247280808659
"S011","S050",282.464514194724,0.83834336454297,0.458097869237873,0.870583323004087,0.72234151892831
"S011","S051",1002.51846788513,0.273049372739265,0.759660802000119,0.846488408852373,0.626399527863919
"S011","S052",870.136013036289,0.428284196394123,0.82032998831317,0.877774451169113,0.708796211958802
"S011","S053",926.3312327536,0.297029259902619,0.937246042927781,0.893723535874305,0.709332946234902
"S011","S054",2015.76498504153,0.131307189070199,0.598910201312279,0.744506831410103,0.491574740597527
"S011","S055",822.260937190765,0.410054464502137,0.654581942920299,0.960960930885967,0.675199112769467
"S011","S056",1926.73811868511,0.160855877476581,0.113065502752633,0.821488897053388,0.365136759094201
"S011","S057",93.5116090355658,0.732698577421,0.309214709355117,0.942893826223259,0.661602370999792
"S011","S058",928.933432914597,0.472739414245932,0.624617897138393,0.88362774698298,0.660328352789101
"S011","S059",1109.22608138574,0.3718191918194,0.607334428117617,0.869614832331711,0.616256150756243
"S011","S060",109.534591936633,0.731530660293818,0.67766200284307,0.914797176331258,0.774663279822715
"S012","S013",163.017459393759,0.656975122176623,0.710268112286941,0.925009861954563,0.764084365472709
"S012","S014",738.153940342962,0.472079377055423,0.269354532268333,0.870389658484455,0.537274522602737
"S012","S015",1825.18491050542,0.100205815167604,0.129814495422914,0.833451114757497,0.354490475116005
"S012","S016",116.647828606979,0.954313213264776,0.638380367858213,0.920289983855683,0.837661188326224
"S012","S017",122.374756873579,0.938412987111235,0.917416316031556,0.944132235599255,0.933320512914015
"S012","S018",902.016581160142,0.514886147078961,0.136626495124843,0.847476381934094,0.499663008045966
"S012","S019",1855.75736494442,0.174809386783814,0.0480659140415403,0.764038667443694,0.328971322756349
"S012","S020",1844.57209558916,0.0990633809387253,0.255578287832754,0.704950444879937,0.353197371217139
"S012","S021",99.1748327733488,0.88249333320657,0.584829238740086,0.9499051420067,0.805742571317785
"S012","S022",927.896215578527,0.353804090519618,0.104380270498488,0.845336889963863,0.434507083660656
"S012","S023",296.901180795671,0.86064079163737,0.84918304705527,0.929791464343702,0.879871767678781
"S012","S024",145.749292881987,0.83578492985033,0.219652188709403,0.913380314795777,0.65627247778517
"S012","S025",1122.39372637501,0.267945733952221,0.0770425416219098,0.846581764645281,0.397190013406471
"S012","S026",1969.7104044423,0.0990633809387253,0.161687707914049,0.747112379191996,0.335954489348257
"S012","S027",976.076561092144,0.211249071837161,0.0926208497029992,0.867901709265964,0.390590543602041
"S012","S028",75.8988828627752,0.733178949599284,0.534446500036501,0.936890307328085,0.734838585654623
"S012","S029",1774.07756350988,0.110070786454529,0.131440627481747,0.753140532613117,0.331550648849797
"S012","S030",116.544474624596,0.445407743751771,0.484362613703029,0.92995956462469,0.619909974026497
"S012","S031",44.9217821092377,0.607147683334456,0.312505060153116,0.982737867435677,0.634130203641083
"S012","S032",177.958886519002,0.770851642333814,0.472739304670512,0.988671195441541,0.744087380815289
"S012","S033",906.204210208609,0.414586657481999,0.0885222416720458,0.917521123772354,0.473543340975466
"S012","S034",1797.20928823227,0.108948554590074,0.0557556390202999,0.825242887301922,0.329982360304098
"S012","S035",913.426789686439,0.516240876532054,0.193882644661078,0.887273604699982,0.532465708631038
"S012","S036",369.166800817251,0.852497969394087,0.375697165809413,0.895705306498299,0.7079668139006
"S012","S037",1017.07388017838,0.301952181157678,0.162452745092234,0.852596804328322,0.439000576859411
"S012","S038",1213.85940097779,0.314513159295182,0.0534796204525783,0.833856864553938,0.400616548100566
"S012","S039",222.74451578041,0.733578315303225,0.995803498055556,0.947101621464998,0.89216114494126
"S012","S040",2108.45482890748,0.0990633809387253,0.0769218243025831,0.728156423454352,0.301380542898554
"S012","S041",847.103031470072,0.74546640616365,0.170792747217651,0.810721875493003,0.575660342958101
"S012","S042",1915.53307712409,0.0990633809387253,0.0911241307396624,0.764945735600553,0.31837774909298
"S012","S043",879.015936860052,0.394609127557344,0.0926769907576019,0.885071109037078,0.457452409117341
"S012","S044",107.402296438622,0.717991986201885,0.70088805599305,0.958878466476032,0.792586169556989
"S012","S045",2098.88859863346,0.0990633809387253,0.115482451027583,0.765404515836053,0.326650115934121
"S012","S046",158.07421263679,0.502110695361228,0.591949171128734,0.922482564486153,0.672180810325372
"S012","S047",169.435598674441,0.88093891774713,0.819673139187051,0.902018234243449,0.867543430392543
"S012","S048",1705.53587567791,0.138628218557843,0.0473185650440548,0.747070856636084,0.311005880079327
"S012","S049",109.994304718511,0.934323646435964,0.248119473982351,0.938404356041383,0.706949158819899
"S012","S050",1980.66827257288,0.137949155331426,0.299189979324376,0.701246903042523,0.379462012566108
"S012","S051",909.902768092025,0.602637192473398,0.180420381919085,0.91880041189908,0.567285995430521
"S012","S052",1037.66432892114,0.384206815893782,0.167077022635306,0.880850101757208,0.477377980095432
"S012","S053",976.785850396785,0.553984841251534,0.12845734185164,0.891884601483179,0.524775594862118
"S012","S054",181.22937944387,0.797978866991389,0.228846147094355,0.928787988922942,0.651871001002896
"S012","S055",1064.40712626126,0.40128744261814,0.209382940528972,0.795254636856406,0.468641673334506
"S012","S056",217.993241344809,0.977551890087637,0.824944635464545,0.948989761055615,0.917162095535932
"S012","S057",1939.97739289224,0.120565336522782,0.0423804399334726,0.758962391499713,0.307302722651989
"S012","S058",974.517270170623,0.34807697948496,0.0856090621505472,0.880079558099869,0.437921866578459
"S012","S059",797.953488612721,0.442553023121352,0.0832402194062785,0.884827369652179,0.470206870726603
"S012","S060",1936.39376241596,0.120373156101243,0.202251699889922,0.734127585205355,0.352250813732173
"S013","S014",880.946161149064,0.31014440641805,0.379229374948367,0.861217098697822,0.51686362668808
"S013","S015",1967.56402775546,0.0658327276625447,0.182768299994397,0.834045114661177,0.360882047439373
"S013","S016",62.0378364177864,0.688427146396792,0.898787875754041,0.99304695438348,0.860087325511438
"S013","S017",257.797555365294,0.700091677331772,0.774204796530467,0.873331642477239,0.782542705446493
"S013","S018",1061.44202737141,0.338267389384251,0.192359044086788,0.813459013838537,0.448028482436525
"S013","S019",2002.41935968067,0.114845418239917,0.0676729156357257,0.742136685666488,0.308218339847377
"S013","S020",1981.47963094629,0.0650821767954484,0.359833538084423,0.681904922176805,0.368940212352226
"S013","S021",69.460606582547,0.744453354440063,0.823392221364179,0.880169520072416,0.816005031958886
"S013","S022",1080.4603315994,0.232440485595715,0.146958970412457,0.802928394465028,0.394109283491067
"S013","S023",141.61116530201,0.763355779275494,0.836413438480612,0.898016278648187,0.832595165468098
"S013","S024",17.8708923551713,0.786057631230887,0.30925249903471,0.938278275461077,0.677862801908891
"S013","S025",1281.23617210965,0.176033681299965,0.108469661370332,0.804747357455228,0.363083566708509
"S013","S026",2111.18033879709,0.0650821767954484,0.227643202780767,0.726833479979736,0.339852953185317
"S013","S027",1133.38275656568,0.138785384779917,0.130402657955143,0.82946132163057,0.366216454788543
"S013","S028",112.829280490941,0.896063808890981,0.752457404170483,0.878107105350378,0.842209439470614
"S013","S029",1921.68071233917,0.0723137683790409,0.185057762284344,0.747596791738446,0.33498944080061
"S013","S030",84.1582437992256,0.677967443083828,0.681943346919327,0.868041460386292,0.742650750129816
"S013","S031",164.492628668854,0.924156277520701,0.439981824816693,0.918152104595086,0.760763402310827
"S013","S032",195.701272726305,0.506430351902308,0.6655786688049,0.935072288555439,0.702360436420882
"S013","S033",1061.08566063786,0.272373119952034,0.124632149663906,0.863246515239178,0.420083928285039
"S013","S034",1945.51869898974,0.0715764899627803,0.0784994258587455,0.799111426491381,0.316395780770969
"S013","S035",1069.6063010669,0.339157412932213,0.272971067273187,0.856757183400134,0.489628554535178
"S013","S036",306.380779462347,0.770647140243124,0.266845716751006,0.930845636335045,0.656112831109725
"S013","S037",1171.4446299861,0.198375071107563,0.228720313191542,0.839168642116711,0.422088008805272
"S013","S038",1368.84772601169,0.206627321254108,0.0752949759779911,0.788036848531942,0.356653048588014
"S013","S039",143.676731720752,0.895575984828643,0.707287470772652,0.976672369782141,0.859845275127812
"S013","S040",2257.63654534786,0.0650821767954484,0.10829970115779,0.717609127030161,0.296997001661133
"S013","S041",1001.38321093233,0.489752883267932,0.240462360991722,0.783230434704675,0.50448189298811
"S013","S042",2063.25065698117,0.0650821767954484,0.12829539882659,0.739291643149255,0.310889739590431
"S013","S043",1039.09360851792,0.259248379788997,0.130481700014939,0.819790774866249,0.403173618223395
"S013","S044",261.337180715247,0.47170287285682,0.986793640131627,0.940635615586265,0.799710709524904
"S013","S045",2241.3342764356,0.0650821767954484,0.162589941783743,0.740947903895532,0.322873340824908
"S013","S046",64.7495717888441,0.764276573666421,0.833416509749762,0.895243489394458,0.830978857603547
"S013","S047",25.1465257981168,0.578754953117063,0.866526031329247,0.941603392698801,0.795628125715037
"S013","S048",1857.01648980356,0.0910752908241663,0.0666207087513716,0.709921655710325,0.289205885095288
"S013","S049",244.742620822646,0.613827391769776,0.349332132035956,0.910922030391646,0.624693851399126
"S013","S050",2117.86611739482,0.0906291631780255,0.421235268976155,0.678577617860785,0.396814016671655
"S013","S051",1067.87651604765,0.395917643153388,0.254017291214387,0.860152424743948,0.503362453037241
"S013","S052",1194.06237301133,0.252414319812909,0.235230921598531,0.831109509182256,0.439584916864565
"S013","S053",1132.94372749439,0.363954258765224,0.180857537638891,0.865168977990504,0.469993591464873
"S013","S054",200.955580071824,0.82329889844528,0.322196848113468,0.885581609986969,0.677025785515239
"S013","S055",1210.23779462446,0.263635866641997,0.294794228977554,0.767421028070268,0.441950374563273
"S013","S056",185.389735453931,0.672061635641383,0.585931868972641,0.881978718694351,0.713324074436125
"S013","S057",2090.33791279347,0.0792084266923202,0.0596682283778936,0.735831707095393,0.291569454055202
"S013","S058",1130.74530384544,0.228677916124001,0.120530628743702,0.832587894438891,0.393932146435531
"S013","S059",956.124998816045,0.290746326434784,0.117195489937257,0.832423136782064,0.413454984384702
"S013","S060",2080.64493289674,0.0790821689364,0.284754019490902,0.712512247052463,0.358782811826588
"S014","S015",1087.40568054316,0.212264758932352,0.481946579215498,0.955601792292961,0.549937710146937
"S014","S016",819.489311687332,0.450511587233794,0.42193423518337,0.855658469687016,0.576034764034727
"S014","S017",624.228708798045,0.44300541837619,0.293601201070276,0.854242164192251,0.530282927879572
"S014","S018",310.717134006096,0.916861678515942,0.507236666761319,0.923083041896184,0.782393795724482
"S014","S019",1121.87695754012,0.370296596886271,0.17844850664572,0.860336366191344,0.469693823241112
"S014","S020",1107.5201476912,0.209844754406832,0.948854603189469,0.790112413360342,0.649603923652215
"S014","S021",812.293337679963,0.416606902995721,0.460569537953696,0.870642454163517,0.582606298370978
"S014","S022",233.225314389234,0.749458899743635,0.38752000799639,0.897209269571217,0.678062725770414
"S014","S023",1022.55607413824,0.406290768784655,0.317192545473417,0.809572816539233,0.511018710265768
"S014","S024",863.4801279111,0.394556829036054,0.815476119371859,0.814466480727001,0.674833143044971
"S014","S025",476.395083406235,0.567586187779527,0.286026527837146,0.900054509782697,0.58455574179979
"S014","S026",1231.68060641709,0.209844754406832,0.600278400932843,0.843292669212339,0.551138608184005
"S014","S027",328.08704235146,0.447486338324752,0.343862228428106,0.926549141503017,0.572632569418625
"S014","S028",768.191899750701,0.346118661796979,0.503987830867893,0.821156742430931,0.557087745031934
"S014","S029",1041.80418022765,0.233161607569242,0.487983723068764,0.864152684620069,0.528432671752691
"S014","S030",854.620337825025,0.210267810205997,0.556100996749264,0.8197154368309,0.528694747928721
"S014","S031",766.482628067335,0.286621900129173,0.861920546618858,0.85563584715931,0.668059431302447
"S014","S032",723.435233072482,0.612412753803268,0.569773931651541,0.868470274618775,0.683552320024528
"S014","S033",239.786219583221,0.878213871717862,0.328645822019654,0.905342565968337,0.704067419901951
"S014","S034",1066.26697968131,0.230784397466452,0.206997218687063,0.920944299350402,0.452908638501306
"S014","S035",262.420571420897,0.914455632081491,0.719804649390236,0.954571157378591,0.862943812950106
"S014","S036",843.26373661489,0.402446710332573,0.101195734371133,0.803648737810351,0.435763727504686
"S014","S037",329.000563218845,0.639621631093256,0.603118661951445,0.974040434846853,0.738926909297185
"S014","S038",518.457674274936,0.666229398235836,0.198547319780391,0.875713368574451,0.580163362196893
"S014","S039",834.671402662098,0.346307194109713,0.268224185449924,0.86755187378031,0.494027751113316
"S014","S040",1378.94057598718,0.209844754406832,0.285578355243538,0.832178490084474,0.442533866578281
"S014","S041",188.694842007647,0.63326713739504,0.634081579319801,0.902451368198864,0.723266694971235
"S014","S042",1183.32961922369,0.209844754406832,0.338305540925088,0.854826290270696,0.467658861867539
"S014","S043",311.274128695728,0.835895713171593,0.344070656532619,0.838790921234657,0.672919096979623
"S014","S044",630.784001909011,0.657499507136119,0.384304640327619,0.843363140100487,0.628389095854742
"S014","S045",1361.18869507483,0.209844754406832,0.428737731105035,0.857552525969838,0.498711670493902
"S014","S046",894.780592793933,0.237036104278993,0.455029832637024,0.80349217566959,0.498519370861869
"S014","S047",896.213817032287,0.535882077116874,0.328612125237479,0.812515560808362,0.559003254387572
"S014","S048",983.453849806811,0.293654468497504,0.175673914396642,0.808076867738098,0.425801750210748
"S014","S049",737.596712974622,0.505263223141359,0.921163166971225,0.818203912756371,0.748210100956318
"S014","S050",1243.33274230088,0.292216017128049,0.900279256934286,0.78642470810574,0.659639994056025
"S014","S051",287.895007442196,0.783355861455998,0.669824934444944,0.894118572332137,0.78243312274436
"S014","S052",368.658178311316,0.813860622953405,0.620286657990452,0.901700899975092,0.778616060306316
"S014","S053",313.172717727824,0.852152156345876,0.476908039266514,0.961785113140094,0.763615102917495
"S014","S054",885.555860620379,0.376709366432687,0.849609416879523,0.80881269326964,0.678377158860617
"S014","S055",330.251084651529,0.850042306700951,0.777350723470963,0.884720371938358,0.837371134036758
"S014","S056",777.618942414362,0.461482087311923,0.222202576432823,0.880470187446778,0.521384950397174
"S014","S057",1213.62645574875,0.255392085277699,0.157340734446053,0.852466134866424,0.421732984863392
"S014","S058",312.152449435313,0.737327230128283,0.317830412689187,0.908078979601889,0.65441220747312
"S014","S059",226.428009143017,0.937454683747805,0.309035896687099,0.895814618148197,0.714101732861034
"S014","S060",1199.76731120156,0.254984991829269,0.750875428702409,0.826241204509734,0.610700541680471
"S015","S016",1905.84867459997,0.0956277334604123,0.203349761300533,0.829177476296221,0.376051657019055
"S015","S017",1711.51161330283,0.0940344383373475,0.141500094509381,0.81632288740922,0.350619140085316
"S015","S018",999.214430410731,0.194617423164498,0.950141444412336,0.903027590373785,0.68259548598354
"S015","S019",111.961876970329,0.573229029694659,0.370266154676715,0.87294300973771,0.605479398036361
"S015","S020",123.299816666472,0.988599122446459,0.507924583593196,0.803331005429645,0.766618237156433
"S015","S021",1899.24248633052,0.0884309638339403,0.221969913307646,0.831997117988804,0.38079933171013
"S015","S022",915.264087544278,0.283224015359562,0.804072535647388,0.87437009722722,0.653888882744723
"S015","S023",2109.08849428928,0.0862412120925147,0.15286986224357,0.775804805939628,0.338305293425237
"S015","S024",1950.2218118539,0.083750510200451,0.591000236262871,0.785540712230022,0.486763819564448
"S015","S025",811.609836394704,0.373978020435557,0.59348180933815,0.877108595598772,0.614856141790826
"S015","S026",145.761668267291,0.988599122446459,0.802871764945307,0.858851563650571,0.883440817014112
"S015","S027",907.828015187853,0.474349138181523,0.713486189668235,0.897421035805952,0.695085454551903
"S015","S028",1854.99271230875,0.0734687943083239,0.24289521105302,0.785113376782726,0.367159127381357
"S015","S029",138.354138592897,0.910376116999946,0.987628390932181,0.896241416749021,0.931415308227049
"S015","S030",1941.71761476073,0.0446324460446095,0.268010973081637,0.783465624870319,0.365369681332189
"S015","S031",1852.15130081147,0.0608397285356514,0.415399658998511,0.819154175110364,0.431797854214842
"S015","S032",1801.86979580401,0.129993645553148,0.274600597285625,0.832492964691498,0.41236240251009
"S015","S033",948.910552987846,0.241700530779756,0.681913382505207,0.866498197669936,0.596704036984966
"S015","S034",151.582579878168,0.919753507007366,0.429502412952093,0.91574453100186,0.75500015032044
"S015","S035",952.141681525684,0.194106704298109,0.669551911930226,0.916444115906272,0.593367577378202
"S015","S036",1890.14164616368,0.0854252539518616,0.0487709380113677,0.776677102427279,0.303624431463503
"S015","S037",842.952065404917,0.331859881864132,0.799090808525335,0.960675324150935,0.697208671513468
"S015","S038",674.983660534267,0.318606112991149,0.411969559164797,0.853912131213177,0.528162601123041
"S015","S039",1910.9959447318,0.0735088130742373,0.129269728640454,0.836627563923277,0.346468701879323
"S015","S040",342.430468728712,0.988599122446459,0.59255188761459,0.85875009815331,0.813300369404786
"S015","S041",1000.56552576795,0.134420296258938,0.760070304727188,0.900576926016851,0.598355842334326
"S015","S042",165.988484668566,0.988599122446459,0.70195651450784,0.862763303637834,0.851106313530711
"S015","S043",1028.85628526442,0.253936891393984,0.713918661053035,0.804044126837418,0.590633226428146
"S015","S044",1717.78284887688,0.139563974380388,0.185214306782538,0.809898597400808,0.378225626187912
"S015","S045",273.796288533924,0.988599122446459,0.889595962695543,0.866898926844104,0.915031337328702
"S015","S046",1982.13197240741,0.0503144115330443,0.219300071280414,0.770208695064701,0.346607725959387
"S015","S047",1983.33128528616,0.113748879915381,0.158373489646938,0.785543000216498,0.352555123259606
"S015","S048",262.24757621635,0.722838511596346,0.364509101159304,0.804374465631294,0.630574026128981
"S015","S049",1816.96619050141,0.107249576257483,0.523193497629886,0.784602737373262,0.471681937086877
"S015","S050",194.353101145214,0.726396728757471,0.43388650821815,0.800059107873669,0.653447448283097
"S015","S051",973.125019595528,0.166278843090202,0.719511255004067,0.855737734783642,0.58050927762597
"S015","S052",843.765486351012,0.260812174647383,0.776973957132762,0.868627622045391,0.635471251275179
"S015","S053",894.977664095843,0.180881872040441,0.989545438921496,0.920880934556858,0.697102748506265
"S015","S054",1965.68912887775,0.0799621228533932,0.567256635390895,0.774171164249864,0.473796640831384
"S015","S055",762.166650069935,0.249710817048812,0.619986017461397,0.885986503104091,0.585227779204767
"S015","S056",1851.51486760736,0.0979563840148637,0.107089771604669,0.841401275857496,0.348815810492343
"S015","S057",245.890913191175,0.831132878301794,0.32646924209353,0.863935618583623,0.673845912992982
"S015","S058",897.681325417143,0.287884063220371,0.659472286755399,0.875181565281432,0.607512638419067
"S015","S059",1073.80326848469,0.226426687723985,0.641224380490761,0.861923279665254,0.576524782626666
"S015","S060",121.33955305547,0.832459814240669,0.641846251445932,0.840659621321446,0.771655229002682
"S016","S017",197.53291780968,0.98333856648684,0.695845884472208,0.868928473503717,0.849370974820922
"S016","S018",1004.47247074423,0.491362653484443,0.214020515046899,0.80781607488525,0.504399747805531
"S016","S019",1941.14737290624,0.166822907610506,0.0752935341711762,0.737180721868848,0.32643238788351
"S016","S020",1919.48648166668,0.0945374933805075,0.400354241296969,0.677317493986413,0.39073640955463
"S016","S021",19.6870443997106,0.924741815307676,0.916114072715313,0.87522193127985,0.905359273100946
"S016","S022",1020.57172805977,0.337639918489998,0.16350795819221,0.797359171161556,0.432835682614588
"S016","S023",203.246553274658,0.901843105255826,0.751758257624122,0.897502496542783,0.85036795314091
"S016","S024",45.6074786603977,0.875797294046729,0.344077292737468,0.941620826747235,0.720498471177144
"S016","S025",1223.76423883279,0.255704154348533,0.120684384265121,0.799161856917347,0.391850131843667
"S016","S026",2049.3895590062,0.0945374933805075,0.253278007994695,0.722022544263949,0.356612681879717
"S016","S027",1075.16048965635,0.201597780544122,0.145087246360262,0.823694296727694,0.390126441210693
"S016","S028",52.6553682552545,0.768279155531154,0.837191315625176,0.875586000910275,0.827018824022202
"S016","S029",1860.55108924669,0.105042005908002,0.205897038974952,0.743182481190476,0.351373842024477
"S016","S030",92.3868380194168,0.46673119219213,0.758736700077544,0.865254678915301,0.696907523728325
"S016","S031",132.875004146048,0.636214268958258,0.489527992851004,0.914373628020178,0.680038629943147
"S016","S032",141.849120744219,0.735633907746011,0.740529202451147,0.930495332184695,0.802219480793951
"S016","S033",1001.91929879089,0.39564552527835,0.138666923560073,0.857489071566724,0.463933840135049
"S016","S034",1884.49580014624,0.103971045211406,0.0873392131518109,0.793664691883499,0.328324983415572
"S016","S035",1010.92536514013,0.492655489701929,0.303710224221903,0.850820658472021,0.549062124131951
"S016","S036",286.143638440704,0.89331045357491,0.239837694912701,0.935635786812186,0.689594645099932
"S016","S037",1112.04309000287,0.288156956252891,0.2544764113553,0.833699150527734,0.458777506045308
"S016","S038",1309.56985044921,0.300144063661042,0.0837739115192472,0.782608538930699,0.388842171370329
"S016","S039",123.929207851009,0.768697640467117,0.6357014034032,0.971467296488798,0.791955446786372
"S016","S040",2196.72593460059,0.0945374933805075,0.120495284904607,0.713188388721754,0.309407055668956
"S016","S041",942.054063949205,0.711408441446977,0.267540726214164,0.777875132248926,0.585608099970022
"S016","S042",2002.12184299895,0.0945374933805075,0.142742689668523,0.734272338972228,0.323850840673753
"S016","S043",982.618712387786,0.376580704502858,0.145175189313131,0.815158452336732,0.44563811538424
"S016","S044",204.999634818558,0.685189239450679,0.910816445507445,0.938808528792118,0.844938071250081
"S016","S045",2179.60601045365,0.0945374933805075,0.180899126668056,0.73594164569193,0.337126088580165
"S016","S046",102.500100231441,0.526148740667092,0.927267191995179,0.895194363480407,0.782870098714226
"S016","S047",81.611930111534,0.840691649285257,0.778823090983993,0.946500226453989,0.85533832224108
"S016","S048",1796.62017728145,0.132294740701106,0.0741228387126161,0.704985774155762,0.303801117856495
"S016","S049",215.24012263582,0.891637401259567,0.388670276335095,0.910351017502144,0.730219565032269
"S016","S050",2055.8768847209,0.131646701691495,0.468670395250669,0.674020179864722,0.424779092268962
"S016","S051",1010.03117207778,0.575104635582151,0.282622071421778,0.854566482086243,0.570764396363391
"S016","S052",1135.40013829873,0.366653641033823,0.26172017663365,0.8254445560638,0.484606124577091
"S016","S053",1074.21528391322,0.528675053954728,0.201223828800717,0.859199090555774,0.529699324437073
"S016","S054",212.764007726892,0.836181303894394,0.35847929951565,0.884367025996612,0.693009209802219
"S016","S055",1148.99904242663,0.382953908807721,0.32799088297696,0.762170913151848,0.491038568312176
"S016","S056",146.662652818462,0.976227679513997,0.526628459850515,0.876727449025211,0.793194529463241
"S016","S057",2029.66742566577,0.115057093705405,0.0663874424516851,0.730889145562111,0.304111227239734
"S016","S058",1072.04685804496,0.332174460755789,0.134103532096027,0.826872148854436,0.431050047235418
"S016","S059",898.472012835381,0.422334197534978,0.130392824712878,0.826812042389126,0.459846354878994
"S016","S060",2019.0861499379,0.1148736933898,0.316820049727536,0.707761157994723,0.379818300370686
"S017","S018",809.494664494714,0.483175847302562,0.148925294588007,0.856613614394025,0.496238252094865
"S017","S019",1745.05580989661,0.164043398826882,0.0523926958803805,0.770341401555223,0.328925832087495
"S017","S020",1728.02289395075,0.0929623632200474,0.278584851137489,0.715463816186164,0.362337010181233
"S017","S021",188.56606610874,0.940410400673583,0.637474207206023,0.981157536743332,0.853014048207646
"S017","S022",823.039712581247,0.332014353436688,0.113776339786503,0.864135765147121,0.436642152790104
"S017","S023",399.167902302653,0.917123700820388,0.925624530778522,0.91216464342338,0.918304291674097
"S017","S024",240.098749164038,0.89063657614455,0.239424768091706,0.871083087193326,0.66704814380986
"S017","S025",1027.94632071547,0.251443756581816,0.0839777321109469,0.864510971174764,0.399977486622509
"S017","S026",1855.52647105989,0.0929623632200474,0.176242459490428,0.753077975163342,0.340760932624606
"S017","S027",878.558122307876,0.198238872527186,0.100958363269194,0.878120439286077,0.392439225027485
"S017","S028",145.153976514618,0.781296678188851,0.582556131493652,0.949335840275959,0.771062883319487
"S017","S029",1664.12729620398,0.103291855510477,0.143272607195734,0.747026591816277,0.331197018174163
"S017","S030",234.582461935631,0.47463936440489,0.527963810146983,0.954455556319919,0.652352910290597
"S017","S031",162.02962052477,0.646994118446154,0.340636039159312,0.947278304724395,0.644969487443287
"S017","S032",155.039406997195,0.723377192302075,0.515294197857117,0.933823568501869,0.724164986220354
"S017","S033",804.583661763185,0.389053503664145,0.0964908080716987,0.933606651667601,0.473050321134482
"S017","S034",1687.8622852977,0.102238738554323,0.0607746320247285,0.829772628784774,0.330928666454609
"S017","S035",813.921804746821,0.484447143015367,0.211335509596942,0.884633351476999,0.526805334696436
"S017","S036",354.583241783916,0.908446474103449,0.344670709800368,0.853564342206813,0.70222717537021
"S017","S037",914.591036345534,0.283355848284929,0.177076363536842,0.842641010207154,0.434357740676308
"S017","S038",1112.15397982268,0.295143233299984,0.058293731556807,0.858400703098716,0.403945889318502
"S017","S039",251.360376528683,0.781722253824979,0.913566376677465,0.894189580405958,0.863159403636134
"S017","S040",1999.90169848825,0.0929623632200474,0.0838461480991769,0.727198409013369,0.301335640110864
"S017","S041",744.645251092399,0.699555356999108,0.186167113264831,0.818153814374202,0.567958761546047
"S017","S042",1805.69135792575,0.0929623632200474,0.0993269131443353,0.774542253149952,0.322277176504778
"S017","S043",788.432647006652,0.370306330132445,0.101019558011016,0.934647450619699,0.46865777958772
"S017","S044",44.2295989138947,0.673773004493639,0.763980369375665,0.91401211247218,0.783921828780495
"S017","S045",1985.30749237413,0.0929623632200474,0.125877912796584,0.773882926845457,0.330907734287363
"S017","S046",272.160535108322,0.535063668403504,0.645235059355946,0.904575535732776,0.694958087830742
"S017","S047",272.073670598367,0.826684521265622,0.89345820960836,0.857634974235032,0.859259235036338
"S017","S048",1599.26510808244,0.130090520674774,0.0515780722635711,0.769012098240736,0.31689356372636
"S017","S049",184.588572165252,0.876781443980634,0.270454612204451,0.912511930054685,0.686582662079924
"S017","S050",1864.28550325991,0.129453278924035,0.326122365709141,0.711586283388294,0.389053976007157
"S017","S051",813.876569187304,0.565522567933289,0.196661405259855,0.942420685721274,0.568201552971473
"S017","S052",938.380861177533,0.36054466577138,0.182116907793865,0.902499741536952,0.481720438367399
"S017","S053",877.157592915475,0.519866569693195,0.140020773128719,0.884454641403373,0.514780661408429
"S017","S054",299.232276773515,0.85034934293466,0.249446345236445,0.92327988094744,0.674358523039515
"S017","S055",952.892771451323,0.376573347717516,0.228231106063923,0.804503711602298,0.469769388461246
"S017","S056",215.747584672707,0.959962326938068,0.756817668397877,0.9701188040138,0.895632933116582
"S017","S057",1832.54087564952,0.113140077588415,0.0461954286106406,0.766684920607977,0.308673475602344
"S017","S058",875.013243841548,0.326639958063137,0.0933153909022069,0.898755164592197,0.439570171185847
"S017","S059",702.64312720891,0.415297504382415,0.0907333104411622,0.90948633636592,0.471839050396499
"S017","S060",1823.94634671551,0.112959732984975,0.220457927721186,0.741980251497179,0.358465970734446
"S018","S019",1002.82735632606,0.339510759369888,0.351805219021536,0.899155583503274,0.530157187298233
"S018","S020",1052.97211118925,0.192398613753214,0.534577863727803,0.831764286999836,0.519580254826951
"S018","S021",992.486711819551,0.4543835921576,0.233617757243433,0.870812838250402,0.519604729217145
"S018","S022",149.188599523379,0.68715014479766,0.763982640432299,0.967971453541096,0.806368079590352
"S018","S023",1198.88100278622,0.443132021225152,0.160891689487474,0.790848436264395,0.464957382325674
"S018","S024",1043.59586974998,0.430334082317296,0.622012901066962,0.778576375437882,0.610307786274047
"S018","S025",220.832265115008,0.520398024830002,0.563891663556996,0.970896198508596,0.685061962298531
"S018","S026",1143.79997569959,0.192398613753214,0.845002362192384,0.878983845358943,0.638794940434847
"S018","S027",91.8505620751032,0.410283075269385,0.67791279881963,0.97541129508485,0.687869056391288
"S018","S028",951.9063329604,0.377503684478575,0.255641107417697,0.814553959205128,0.482566250367134
"S018","S029",918.006473791205,0.21377694288141,0.962043470131045,0.86361801173926,0.679812808250572
"S018","S030",1014.34301994714,0.229334277059482,0.282074815973744,0.817613690415278,0.443007594482835
"S018","S031",917.686291778769,0.312611931379995,0.437197705080043,0.836020393023093,0.52861000982771
"S018","S032",940.389775797771,0.66794454185776,0.289010229898419,0.841393747942254,0.599449506566144
"S018","S033",104.322276172536,0.805200644519224,0.647914166217599,0.917121512276884,0.790078774337902
"S018","S034",936.429004302905,0.211597370036382,0.408088043020885,0.966879112925141,0.528854841994136
"S018","S035",79.2924114394137,0.997375780348519,0.704686566266294,0.94938982482482,0.883817390479878
"S018","S036",1094.23211330017,0.438939394853959,0.0513301869928772,0.765410365479012,0.41855998244195
"S018","S037",164.644890771767,0.586444562299268,0.841023000548696,0.938174064130768,0.788547208992911
"S018","S038",331.078666155509,0.610840204343175,0.391429351998754,0.945610199380116,0.649293251907348
"S018","S039",1050.62231702958,0.377709312347153,0.136053141772389,0.825425075464119,0.446395843194554
"S018","S040",1237.42063964442,0.192398613753214,0.563008106387383,0.847080293525674,0.534162337888757
"S018","S041",125.970355867543,0.690689939642873,0.799954900606712,0.955057216473735,0.815234018907773
"S018","S042",1055.23140441345,0.192398613753214,0.666957976609128,0.902345139315739,0.587233909892694
"S018","S043",29.8277373892447,0.766400746642787,0.678323707805852,0.869723040467568,0.771482498305402
"S018","S044",800.14955778342,0.717119629430217,0.194933404780689,0.813952493460445,0.57533517589045
"S018","S045",1263.41341313624,0.192398613753214,0.845241992938926,0.90239751454061,0.64667937374425
"S018","S046",1057.99178129047,0.25852984134168,0.230807815583765,0.784170266079431,0.424502641001625
"S018","S047",1070.97413756629,0.584474288405496,0.166684119062812,0.772819682827144,0.507992696765151
"S018","S048",829.418099059469,0.269240528890328,0.346335203876943,0.87130871578678,0.495628149518017
"S018","S049",864.551475983038,0.551079006769256,0.550648012153056,0.796157817793281,0.632628278905198
"S018","S050",1180.46454874392,0.267921667953266,0.456654649441704,0.827370442068467,0.517315586487812
"S018","S051",38.8990042790324,0.854388267948944,0.757267519731323,0.908865590918048,0.840173792866105
"S018","S052",155.470998654606,0.74619761683909,0.817745570095958,0.944411935577687,0.836118374170912
"S018","S053",109.604484671877,0.929422808602049,0.94020813264851,0.939491009935475,0.936373983728678
"S018","S054",1009.41869535638,0.410868264275631,0.597023357655706,0.795487607772646,0.601126409901328
"S018","S055",307.098286089541,0.779371216131398,0.652519707573496,0.938044037072363,0.789978320259086
"S018","S056",1000.57545772229,0.503327926256979,0.112709294215562,0.879781910485075,0.498606376985872
"S018","S057",1065.58251070095,0.234159215987398,0.310191957238947,0.894340669397827,0.479563947541391
"S018","S058",106.922063765358,0.676027081830928,0.626591951087682,0.950623572335431,0.751080868418013
"S018","S059",109.327860750001,0.859516274873644,0.609253859071897,0.935633328213199,0.80146782071958
"S018","S060",1095.11177308408,0.233785967604957,0.675527054651231,0.865179771806933,0.59149759802104
"S019","S020",231.179365385117,0.566693715716975,0.188067282432825,0.918364692473774,0.557708563541191
"S019","S021",1933.50832440574,0.154268118418644,0.082187946254346,0.78299639356735,0.339817486080113
"S019","S022",933.757180712591,0.494085262064321,0.460488498563877,0.886738565972621,0.613770775533606
"S019","S023",2144.00833482294,0.150448089027265,0.0566025360588857,0.711858764628593,0.306303129904914
"S019","S024",1984.86706139239,0.146103051070289,0.218827384894084,0.70518905737673,0.356706497780368
"S019","S025",802.159468394035,0.652405933863404,0.623887958907512,0.887415596086533,0.721236496285816
"S019","S026",173.516551304375,0.566693715716975,0.297276241104807,0.977565193180252,0.613845050000678
"S019","S027",913.155954866705,0.827503691559714,0.518953499084385,0.877048185657677,0.741168458767259
"S019","S028",1889.59762010357,0.128166562582252,0.089935875785991,0.732411327867603,0.316837922078615
"S019","S029",84.9638599118088,0.629661761760269,0.365685366560011,0.92145685823733,0.63893466218587
"S019","S030",1972.1920709914,0.0778614545540091,0.0992353924141024,0.735256786785485,0.304117877917866
"S019","S031",1880.55397140164,0.106135114210909,0.153808434391398,0.752965269148202,0.337636272583503
"S019","S032",1842.83915843566,0.2267743586231,0.101675307228878,0.759400051654031,0.362616572502003
"S019","S033",963.30263180585,0.421647401403418,0.542981211655409,0.824634932473411,0.596421181844079
"S019","S034",72.8264217405043,0.623242015743755,0.862081663597115,0.925829577973634,0.803717752438168
"S019","S035",963.360242522195,0.33861980856326,0.247912411786848,0.860762360067822,0.482431526805977
"S019","S036",1941.06467778057,0.149024647264227,0.0180582276774456,0.69439368445487,0.287158853132181
"S019","S037",854.018878125327,0.578930697283254,0.295876280910183,0.883255696997832,0.586020891730423
"S019","S038",672.489607494167,0.555809452219927,0.898770665064116,0.880419102193843,0.778333073159295
"S019","S039",1953.13553996611,0.12823637545606,0.0478642053398035,0.749959799188021,0.308686793327962
"S019","S040",264.60686568655,0.566693715716975,0.624867057916699,0.930770474861284,0.707443749498319
"S019","S041",1018.17313703355,0.234496665897294,0.281428309015295,0.941457563510758,0.485794179474449
"S019","S042",66.9374296060268,0.566693715716975,0.5274773394422,0.980123347226189,0.691431467461788
"S019","S043",1031.92035912258,0.442993774284684,0.518639131985386,0.788384111149779,0.583339005806616
"S019","S044",1748.56940839773,0.243469829946905,0.068578589163484,0.734999014997729,0.349015811369373
"S019","S045",266.073049153515,0.566693715716975,0.416218339789651,0.986685515751805,0.65653252375281
"S019","S046",2013.52276993026,0.0877736627536906,0.0811993941133287,0.705908407181199,0.29162715468274
"S019","S047",2017.09865810713,0.198435309488725,0.0586403430143044,0.701679251592418,0.319584968031816
"S019","S048",199.427020938932,0.79302502633502,0.984451580451801,0.901091318785701,0.892855975190841
"S019","S049",1840.97430534882,0.187097252061034,0.193720844519279,0.717192126509391,0.366003407696568
"S019","S050",261.312463657549,0.789140433871707,0.160653488964041,0.914086654451493,0.621293525762414
"S019","S051",980.177394653553,0.290074009648069,0.266410665636973,0.817398769758308,0.457961148347784
"S019","S052",848.216553337281,0.454987729400776,0.287687159391499,0.851772533247395,0.531482474013224
"S019","S053",903.320091798182,0.315549043524176,0.374178021658377,0.854768399480776,0.514831821554443
"S019","S054",1989.41425465134,0.139494196405207,0.210035933101038,0.715480678454329,0.355003602653525
"S019","S055",792.185619808615,0.435621373156599,0.229559838638762,0.956574929040872,0.540585380278745
"S019","S056",1894.53598879231,0.170885246455578,0.0396517179372686,0.79108804713561,0.333875003842819
"S019","S057",137.234600797073,0.689696009699321,0.88171505272626,0.989375044464779,0.853595368963453
"S019","S058",905.95415141816,0.502214731472546,0.561458247924903,0.856390501963499,0.640021160453649
"S019","S059",1085.59530093008,0.395002130029241,0.577436176698916,0.844214331586669,0.605550879438275
"S019","S060",101.67134254782,0.688596638406542,0.237653943416549,0.960055584089577,0.628768721970889
"S020","S021",1914.10103502565,0.0874227732433279,0.437013526176211,0.726085725612387,0.416840675010642
"S020","S022",955.205287818071,0.279995013040225,0.408408207847425,0.827798732683448,0.505400651190366
"S020","S023",2122.4387643741,0.0852579865933789,0.300969606869837,0.65799094809634,0.348072847186519
"S020","S024",1964.44518752167,0.082795680888609,0.859432115975121,0.648929132027853,0.530385642963861
"S020","S025",880.030897522225,0.369714342816855,0.301444000878216,0.827565415175952,0.499574586290341
"S020","S026",164.8575834777,1,0.632634756595029,0.935353849290566,0.855996201961865
"S020","S027",961.129805812595,0.468941141739488,0.362397175786734,0.811792476642163,0.547710264722795
"S020","S028",1869.63912512257,0.0726311855804084,0.478211173270476,0.679436529571398,0.410092962807427
"S020","S029",258.966719621796,0.899997030362362,0.514287143075937,0.872013224051326,0.762099132496541
"S020","S030",1960.74802592339,0.0441235969923398,0.527658990603792,0.683152068493477,0.41831155202987
"S020","S031",1873.87309366508,0.0601461022402258,0.817837278242887,0.695388344482792,0.524457241655301
"S020","S032",1809.27535787609,0.128511603917458,0.540632617824927,0.700108166311174,0.45641746268452
"S020","S033",992.596335524227,0.23894493262371,0.346360570855585,0.764195909016356,0.449833804165217
"S020","S034",274.542785663754,0.909267509894535,0.218154834250965,0.852608938844666,0.660010427663389
"S020","S035",999.001209438148,0.191893717530085,0.758603738624118,0.792860209971221,0.581119222041808
"S020","S036",1885.01867777863,0.0844513310915762,0.0960200383811882,0.638640384079321,0.273037251184029
"S020","S037",891.643168810666,0.328076387986067,0.635628114069456,0.811155979638133,0.591620160564552
"S020","S038",739.876780502107,0.314973723709127,0.209249466791852,0.82914406061752,0.4511224170395
"S020","S039",1916.5508368228,0.0726707480972718,0.254505753050907,0.689616182725218,0.338930894624466
"S020","S040",417.654348618304,1,0.300971670774003,0.908204200189152,0.736391956987718
"S020","S041",1040.23051452475,0.13288778692058,0.668260002310582,0.869088994489288,0.556745594573483
"S020","S042",273.820246281992,1,0.356540970331926,0.921433191520261,0.759324720617396
"S020","S043",1082.79953667976,0.251041787988874,0.362616838634775,0.740250398527892,0.451303008383847
"S020","S044",1737.4122250124,0.137972822597592,0.364649227001935,0.677366180815217,0.393329410138248
"S020","S045",289.087627541573,1,0.451847658918322,0.920135702846586,0.790661120588303
"S020","S046",1999.97108675973,0.0497407830879776,0.431757151286174,0.65240907728985,0.377969003888
"S020","S047",1998.44472025209,0.112452042863613,0.311805127695457,0.645214844036625,0.356490671531898
"S020","S048",378.476443994067,0.714597518234652,0.185143133422269,0.900460620892487,0.600067090849803
"S020","S049",1843.71798515785,0.106026836970903,0.970815933099589,0.662229942739541,0.579690904270011
"S020","S050",136.426733065956,0.718115168597614,0.854234117098092,0.994547609052998,0.855632298249568
"S020","S051",1023.84988942536,0.164383118360386,0.705930004653402,0.758736976539799,0.543016699851195
"S020","S052",898.902899991611,0.257838686979756,0.653721503700807,0.792744624258354,0.568101604979639
"S020","S053",945.52485314536,0.178819659965653,0.502614455010747,0.786592357331479,0.48934215743596
"S020","S054",1992.16681456597,0.0790504844818205,0.895405274974327,0.662476638637985,0.545644132698044
"S020","S055",792.57742815924,0.246863894599844,0.819251675502216,0.886392710585964,0.650836093562675
"S020","S056",1856.25115574447,0.0968395952751226,0.210837937488844,0.73301305338196,0.346896862048642
"S020","S057",356.682178107456,0.821657234125553,0.165821753846342,0.92668301551806,0.638054001163319
"S020","S058",948.256164593445,0.28460193226598,0.334962186641489,0.795928965350323,0.47183102808593
"S020","S059",1118.58672764663,0.22384522478239,0.325693626450574,0.786422986491953,0.445320612574973
"S020","S060",196.800392527622,0.822969041830267,0.791349302810383,0.955578418519385,0.856632254386678
"S021","S022",1011.0180266185,0.312229751144776,0.17847991103071,0.876249329349409,0.455652997174965
"S021","S023",210.60184150922,0.975237726170919,0.688696319089402,0.90368031541857,0.85587145355963
"S021","S024",51.6397901152281,0.947072230918138,0.37558345951137,0.870236282374161,0.730963990934556
"S021","S025",1212.12965111393,0.236460323873976,0.131735105768454,0.876883784495186,0.415026404712539
"S021","S026",2043.01943248576,0.0874227732433279,0.276469945761223,0.765430873728539,0.376441197577697
"S021","S027",1064.07539941106,0.18642589754237,0.158372467666861,0.892761111559262,0.412519825589498
"S021","S028",44.496478026038,0.830803952858492,0.91385051333595,0.935383933784303,0.893346133326248
"S021","S029",1852.65550041404,0.0971367352269255,0.224750437862705,0.760901732154165,0.360929635081265
"S021","S030",78.7269751357666,0.504715137204909,0.828212034587232,0.938209651882318,0.757045607891486
"S021","S031",113.30398001354,0.687991240827128,0.534352661344967,0.947349735684628,0.723231212618908
"S021","S032",150.201654163651,0.680271435250926,0.808337328839692,0.939149863807964,0.809252875966194
"S021","S033",991.636990495426,0.36586996126426,0.151364254398005,0.949505959649381,0.488913391770548
"S021","S034",1876.42003064038,0.0961463730882322,0.0953366133684009,0.844083509053089,0.345188831836574
"S021","S035",1000.21221923041,0.455579131868254,0.331520094786583,0.901225127682978,0.562774784779271
"S021","S036",303.786310269396,0.966010662422238,0.219718687477127,0.852907960173363,0.679545770024243
"S021","S037",1101.98546174518,0.266470786818833,0.277778083466228,0.858703659979615,0.467650843421559
"S021","S038",1299.39435988561,0.277555766283734,0.0914448473331992,0.868466197842387,0.412488937153107
"S021","S039",142.658185202641,0.83125649531849,0.582375001702546,0.90092775240813,0.771519749809722
"S021","S040",2188.46735103458,0.0874227732433279,0.131528691124093,0.740126427554545,0.319692630640655
"S021","S041",931.925490226542,0.657869133568882,0.292038660012271,0.831678772312532,0.593862188631228
"S021","S042",1994.22214277337,0.0874227732433279,0.155813226671043,0.786627787187214,0.343287929033861
"S021","S043",970.315836056203,0.348239924291817,0.158468463302653,0.931372931009076,0.479360439534515
"S021","S044",192.354638158178,0.633623141118907,0.83441176338991,0.914163747945013,0.79406621748461
"S021","S045",2173.0308785745,0.0874227732433279,0.197463538718362,0.786188858179957,0.357025056713882
"S021","S046",96.5181338162721,0.568968258985925,0.987972054466988,0.895968797670778,0.817636370374564
"S021","S047",84.353774683251,0.777422721874052,0.713490793806075,0.858043354398114,0.782985623359414
"S021","S048",1787.6528067901,0.122338478671599,0.0809100535841787,0.777527922701781,0.326925484985853
"S021","S049",195.733940586716,0.82453438903699,0.4242596941919,0.906332742723575,0.718375608650822
"S021","S050",2050.45448994528,0.121739209901461,0.511585193601005,0.722168976759053,0.45183112675384
"S021","S051",998.656433498079,0.531823304700098,0.308500960567172,0.956878842674904,0.599067702647391
"S021","S052",1124.67394207879,0.339059953598786,0.285685139469505,0.915187592469733,0.513310895179341
"S021","S053",1063.54399002558,0.488887929101978,0.219649315291381,0.901330373684029,0.53662253935913
"S021","S054",196.598264658574,0.904232176000589,0.391304216573311,0.912120411663615,0.735885601412505
"S021","S055",1141.32535344386,0.354133492810022,0.358024063536993,0.817345575049817,0.509834377132277
"S021","S056",161.485854327627,0.902758556507373,0.482451743161448,0.988689910753298,0.791300070140706
"S021","S057",2021.05985702747,0.106398105697161,0.0724663493651137,0.778987341070415,0.31928393204423
"S021","S058",1061.34997241161,0.307175613838157,0.146383006319891,0.912165241627949,0.455241287261999
"S021","S059",886.950571435358,0.390550092495006,0.142332520148283,0.921488511503915,0.484790374715735
"S021","S060",2012.05706262028,0.106228507756381,0.345830349258252,0.753733642891207,0.401930833301947
"S022","S023",1221.17214139541,0.304498232549343,0.122918457758254,0.792549921238074,0.40665553718189
"S022","S024",1062.65776844185,0.295704126975698,0.475207058540092,0.773551682516479,0.514820956010757
"S022","S025",245.272046619628,0.757327970851609,0.738094864613571,0.99681653799739,0.830746457820857
"S022","S026",1061.0231467128,0.279995013040225,0.645567135839267,0.867445736208984,0.597669295029492
"S022","S027",109.034132204425,0.597079224061282,0.887340579409022,0.965795214246846,0.81673833923905
"S022","S028",968.14365912568,0.259401711451103,0.195305368248009,0.820461711557013,0.425056263752042
"S022","S029",850.522565763481,0.311106596571204,0.794124864574189,0.84109742851871,0.648776296554701
"S022","S030",1043.63006286328,0.15758708168849,0.215500262707076,0.825240286837013,0.399442543744193
"S022","S031",950.035285241689,0.21481133391324,0.334011457117993,0.835809261506848,0.461544017512694
"S022","S032",937.88453898071,0.458978188654367,0.22079879854974,0.837980085267971,0.505919024157359
"S022","S033",46.9580368901458,0.853389958732522,0.848074461287468,0.920617253364607,0.874027224461532
"S022","S034",872.31484284685,0.307934694678249,0.534158790296555,0.941178672876171,0.594424052616992
"S022","S035",69.9007900080597,0.685346911884165,0.538368303573293,0.931499601069692,0.718404938842383
"S022","S036",1070.63460230755,0.301617268731296,0.039215371792702,0.759550515048843,0.366794385190947
"S022","S037",96.397169200549,0.853444573561072,0.642526972623488,0.909062096228862,0.801677880804474
"S022","S038",291.703460871839,0.888947210399037,0.512353725442326,0.975999664134583,0.792433533325315
"S022","S039",1049.58777127004,0.259543008670771,0.10394223849038,0.81684515809967,0.393443468420274
"S022","S040",1181.86881521124,0.279995013040225,0.736938349893403,0.829877688826006,0.615603683919878
"S022","S041",85.3479877353361,0.474607692035888,0.611151657192273,0.937793597806524,0.674517649011562
"S022","S042",991.285437796116,0.279995013040225,0.87300148106995,0.894609973519294,0.682535489209823
"S022","S043",171.363705796921,0.896593783092875,0.887878430617249,0.888951646075298,0.891141286595141
"S022","S044",821.711299272249,0.492768857200218,0.148925737292809,0.810763886187915,0.484152826893647
"S022","S045",1186.02854905815,0.279995013040225,0.9038626178237,0.892930803775377,0.692262811546434
"S022","S046",1085.95442860983,0.177648817912452,0.176333164382096,0.78577163186539,0.379917871386646
"S022","S047",1093.10359366596,0.401621591908346,0.127343773399739,0.766274778710552,0.431746714672879
"S022","S048",777.672485311006,0.391821977960303,0.453328630191086,0.883163852095247,0.576104820082212
"S022","S049",907.594884889574,0.378674019296445,0.420685522273489,0.796404066468199,0.531921202679378
"S022","S050",1087.19089180815,0.389902658075054,0.348876224846159,0.82329974913913,0.520692877353448
"S022","S051",110.498931932584,0.58709302203454,0.578539239237954,0.9157003776239,0.693777546298798
"S022","S052",136.176511016544,0.920868854698899,0.624743419843725,0.957405014266263,0.834339096269629
"S022","S053",86.7802061293221,0.638653017509146,0.812567572969408,0.920796188508525,0.79067225966236
"S022","S054",1055.85830841176,0.282328187289763,0.456115481181563,0.799245075465441,0.512562914645589
"S022","S055",172.454500272531,0.8816724695178,0.498513729126111,0.926970482668091,0.769052227104001
"S022","S056",994.941063566939,0.34586185740819,0.0861079441960662,0.883932666590098,0.438634156064785
"S022","S057",1012.52313071394,0.340768633697005,0.406019640791085,0.884258669645863,0.543682314711318
"S022","S058",86.6998603849025,0.983812761954655,0.820165168586979,0.960161038832131,0.921379656457922
"S022","S059",166.646526364721,0.799461470230656,0.797470815210082,0.950015043514112,0.84898244298495
"S022","S060",1019.74697263704,0.340225450543707,0.516090942895901,0.856767324310644,0.571027905916751
"S023","S024",159.144265600104,0.971119354289782,0.258662946076344,0.93460225987861,0.721461520081579
"S023","S025",1419.17237072532,0.230605028584496,0.0907254824375874,0.793322294477459,0.371550935166514
"S023","S026",2252.63424681374,0.0852579865933789,0.190403833984601,0.695976389138008,0.323879403238662
"S023","S027",1272.31468358802,0.181809568418594,0.109070535527272,0.81050520750705,0.367128437150972
"S023","S028",254.413046859955,0.851898906864977,0.629365484732429,0.954141877121248,0.811802089572885
"S023","S029",2063.22419595424,0.0947314087903734,0.154784799269776,0.700275586976195,0.316597265012115
"S023","S030",188.978692012844,0.51753036583867,0.570386579645771,0.941419698860985,0.676445548115142
"S023","S031",286.181562879261,0.705460035399155,0.368006710963905,0.944999125862664,0.672821957408575
"S023","S032",324.011367149049,0.66342636769314,0.556698942954455,0.931903036484036,0.717342782377211
"S023","S033",1201.09850480901,0.356810189097599,0.104244004845618,0.860590681213636,0.440548291718951
"S023","S034",2087.01485361108,0.0937655702701485,0.0656579747012672,0.768714978192861,0.309379507721426
"S023","S035",1209.09318946445,0.444297956654117,0.228316668983689,0.825779924418938,0.499464850018915
"S023","S036",372.798092311903,0.990538651755291,0.319035664032066,0.918406973155996,0.742660429647784
"S023","S037",1311.66659986145,0.259872364228174,0.1913047436069,0.792740797796611,0.414639301877228
"S023","S038",1508.89477434447,0.270682854396176,0.0629777297580666,0.784818113284966,0.372826232479736
"S023","S039",237.879499020942,0.852362939836481,0.845619448747113,0.912665326793728,0.870215905125774
"S023","S040",2399.06866800244,0.0852579865933789,0.0905833254318096,0.677181434322993,0.284340915449394
"S023","S041",1141.58304428625,0.641578797939749,0.201125950182252,0.755816100891576,0.532840283004526
"S023","S042",2204.79264180169,0.0852579865933789,0.10730799567379,0.713626570396711,0.302064184221293
"S023","S043",1175.91592422552,0.339616711928284,0.109136647368291,0.856273503889905,0.435008954395494
"S023","S044",400.246982765527,0.617933191394078,0.825367461613293,0.952595965033193,0.798632206013521
"S023","S045",2382.84892591591,0.0852579865933789,0.135992412269703,0.713717519359564,0.311655972740882
"S023","S046",145.079616127605,0.583414939473135,0.697080768606308,0.99144488307221,0.757313530383885
"S023","S047",128.263452238543,0.758171967554058,0.965249061470845,0.917423588802483,0.880281539275795
"S023","S048",1998.0917196645,0.1193090997629,0.0557224560807501,0.702639459169285,0.292557005004312
"S023","S049",356.46877158958,0.804117042714163,0.292186089727957,0.985829142488067,0.694044091643395
"S023","S050",2258.84386370524,0.118724670250145,0.352326839733651,0.654482521764183,0.37517801058266
"S023","S051",1206.39594728614,0.518654150400427,0.212463475978156,0.865300237605193,0.532139287994592
"S023","S052",1333.47790686377,0.330664058183298,0.19675030397119,0.827514799742337,0.451643053965608
"S023","S053",1272.45712714708,0.476781952329823,0.151271674931682,0.829526685180492,0.485860104147332
"S023","S054",256.570446445261,0.92719154697889,0.269489773598201,0.980627520332391,0.725769613636494
"S023","S055",1351.8237176702,0.345364342289011,0.246569854703357,0.741852233734595,0.444595476908988
"S023","S056",295.442777819079,0.880404201929592,0.700528999195681,0.896574984356286,0.825836061827186
"S023","S057",2231.61688412807,0.103763446668993,0.0499073080656004,0.707488180712862,0.287052978482485
"S023","S058",1270.22600913515,0.29956924717468,0.10081343762975,0.825378581797706,0.408587088867379
"S023","S059",1094.49318414423,0.380879184160672,0.0980238827128408,0.832856914250418,0.43725332704131
"S023","S060",2222.24293730162,0.103598048358863,0.23817208856356,0.684350417194038,0.342040184705487
"S024","S025",1263.37559014186,0.223945006454952,0.350747889536563,0.774885639401452,0.449859511797656
"S024","S026",2093.89299244257,0.082795680888609,0.736107884305946,0.690042105854746,0.502981890349767
"S024","S027",1115.51186441394,0.176558790686369,0.421670506664222,0.796208743404097,0.464812680251563
"S024","S028",95.2897556728312,0.877233990962939,0.41099004052679,0.897183595202534,0.728469208897421
"S024","S029",1904.08394896633,0.0919955045354687,0.598403449808739,0.70474059242216,0.465046515588789
"S024","S030",75.939728701669,0.532921482362135,0.453487082807913,0.884892324250516,0.623766963140188
"S024","S031",149.258238769569,0.726440094395076,0.702875622563618,0.918486425674423,0.782600714211039
"S024","S032",183.396010283144,0.644266185812978,0.464637034702446,0.922573430124321,0.677158883546582
"S024","S033",1043.23451109482,0.346505280440475,0.403010970171391,0.838506912974693,0.529341054528853
"S024","S034",1927.89236898923,0.0910575600553597,0.25383602753016,0.761072599547454,0.368655395710991
"S024","S035",1051.73988858266,0.431466344778215,0.882680230960881,0.818409604419723,0.71085206005294
"S024","S036",305.356046140158,0.98039521483478,0.0825227047619569,0.979886589544239,0.680934836380325
"S024","S037",1153.60456377293,0.252367082547024,0.739590832428069,0.794494718591638,0.59548421118891
"S024","S038",1350.99988563399,0.262865358778529,0.243474106799506,0.762058125940974,0.422799197173003
"S024","S039",141.311898672634,0.877711824062912,0.218730417872382,0.938709960864192,0.678384067599829
"S024","S040",2239.98101423715,0.082795680888609,0.350198305578233,0.677781528067667,0.370258504844837
"S024","S041",983.540580239187,0.623049587981263,0.777559960686793,0.746614691133806,0.715741413267287
"S024","S042",2045.65285756532,0.082795680888609,0.414856465920395,0.704197888067571,0.400616678292192
"S024","S043",1021.26861705211,0.329808361993814,0.421926097354816,0.814173313492086,0.521969257613572
"S024","S044",243.478785716565,0.600086881820841,0.313391256750965,0.951888213861357,0.621788784144388
"S024","S045",2223.99941171438,0.082795680888609,0.525751424131562,0.705201308810304,0.437916137943492
"S024","S046",66.6284704094051,0.600765433101485,0.371065962117267,0.936172273545524,0.636001222921426
"S024","S047",36.4210750923208,0.73627547157171,0.267975340667199,0.981618485454254,0.661956432564388
"S024","S048",1839.26768036847,0.115863375922643,0.215424964905115,0.683241448622241,0.338176596483333
"S024","S049",230.395435153725,0.780893623293986,0.885267831597236,0.945037952303405,0.870399802398209
"S024","S050",2100.82227758017,0.115295825111588,0.734156234795752,0.645624230655556,0.498358763520965
"S024","S051",1050.00794247935,0.503675083636578,0.821391232107315,0.839216982523936,0.721427766089277
"S024","S052",1176.19521166046,0.321114266669803,0.760643559333465,0.805058002461742,0.628938609488337
"S024","S053",1115.07804857522,0.463012181683559,0.584821588195451,0.82490703796778,0.62424693594893
"S024","S054",196.389938266847,0.954765799778526,0.959824718477075,0.916925832578835,0.943838783611479
"S024","S055",1192.68184849981,0.33538999707842,0.953247685621667,0.731810001992662,0.67348256156425
"S024","S056",178.014420511069,0.854977560091876,0.181200894743867,0.867423715468209,0.634534056767984
"S024","S057",2072.63312751155,0.100766691328075,0.192943399209837,0.699770114425387,0.331160068321099
"S024","S058",1112.87901721939,0.290917493881352,0.389748277281257,0.80482169912899,0.4951624900972
"S024","S059",938.258893443499,0.36987914738453,0.378963760367553,0.808349219045958,0.519064042266014
"S024","S060",2063.2109431187,0.10060606982794,0.920781627892169,0.677097285202142,0.566161660974084
"S025","S026",953.016174841312,0.369714342816855,0.476489787726255,0.867998226281248,0.571400785608119
"S025","S027",153.323421867739,0.788402445231055,0.83180560175119,0.968555887229664,0.86292131140397
"S025","S028",1171.13896932219,0.196452171768699,0.144153889335318,0.820881325072297,0.387162462058771
"S025","S029",717.303374956528,0.410795069699284,0.586139484404156,0.842793455247788,0.613242669783743
"S025","S030",1235.03730822521,0.119345104807571,0.159059637226968,0.825492945501753,0.367965895845431
"S025","S031",1138.46219153843,0.162682631628441,0.246532141220887,0.83685700252098,0.415357258456769
"S025","S032",1155.13014139931,0.347597020278759,0.16297045932241,0.839315064352244,0.449960847984471
"S025","S033",239.043166367306,0.64629608579204,0.870318466485908,0.921686476910864,0.812767009729604
"S025","S034",733.020765019461,0.406606789304215,0.723699372405489,0.943369472327553,0.691225211345752
"S025","S035",221.419752875087,0.519032386106651,0.397366880138168,0.934189609753945,0.616862958666255
"S025","S036",1301.06430820763,0.228423194102077,0.0289446645341052,0.76092886348984,0.339432240708674
"S025","S037",156.853678581982,0.88737803755854,0.474245858869101,0.911947806569052,0.757857234332231
"S025","S038",141.161092331676,0.851938070103909,0.694157011525299,0.972896183517828,0.839663755049012
"S025","S039",1266.07664933123,0.196559180105357,0.0767192324461885,0.818547383518102,0.363941932023216
"S025","S040",1026.39843407505,0.369714342816855,0.998433108295945,0.830982980398594,0.733043477170465
"S025","S041",297.450156891131,0.359433680360104,0.45108789967369,0.939199677481927,0.583240419171907
"S025","S042",850.370636618881,0.369714342816855,0.845468055459611,0.894850382176017,0.703344260150828
"S025","S043",245.903888032131,0.679015550427895,0.831301717849425,0.888012695324845,0.799443321200722
"S025","S044",1019.89990634603,0.373187638722307,0.109921321904612,0.812015526219272,0.431708162282064
"S025","S045",1066.66290767206,0.369714342816855,0.667136356531852,0.893335043219774,0.643395247522827
"S025","S046",1278.63712313715,0.134538418793824,0.130150603091486,0.78654010573217,0.350409709205827
"S025","S047",1291.15061233988,0.304159265250141,0.0939917851868616,0.767720202760644,0.388623751065882
"S025","S048",619.698021827955,0.517374232883149,0.614187487171349,0.881494238397333,0.671018652817277
"S025","S049",1085.19759742142,0.286780426648,0.31050582360734,0.79732002486996,0.4648687583751
"S025","S050",1000.14237452641,0.514839901709442,0.257503749944719,0.823074290230148,0.531805980628103
"S025","S051",214.357388944465,0.444621967078557,0.427016841458976,0.916396207034107,0.596011671857213
"S025","S052",109.574720974039,0.697399741149563,0.461119909887774,0.957906917661363,0.705475522899567
"S025","S053",163.600301906254,0.483669793828459,0.599751952760233,0.923464651193469,0.668962132594054
"S025","S054",1229.63904856159,0.21381503319437,0.336656494330859,0.799832885713238,0.450101471079489
"S025","S055",281.264521503318,0.667715222295643,0.367950423407343,0.927701068793987,0.654455571498991
"S025","S056",1214.46141722645,0.261930858665913,0.0635558314135484,0.884726705739306,0.403404465272922
"S025","S057",854.314481361776,0.449961769289749,0.550091404583416,0.884699606054278,0.628250926642481
"S025","S058",164.857096797283,0.769788724174443,0.899934419167297,0.961159575802454,0.876960906381398
"S025","S059",325.328856123611,0.605454533023827,0.925544672652541,0.950195251920428,0.827064819198932
"S025","S060",898.323134142286,0.449244532934821,0.38092407462504,0.856995256501752,0.562387954687204
"S026","S027",1052.58844977994,0.468941141739488,0.572837916363038,0.857372101949252,0.633050386683926
"S026","S028",1998.71426207425,0.0726311855804084,0.302533009202991,0.715980066994375,0.363714753925925
"S026","S029",247.798574572203,0.899997030362362,0.812929004792491,0.922602813029929,0.878509616061594
"S026","S030",2086.22101658709,0.0441235969923398,0.333815417085808,0.71877946405188,0.365572826043343
"S026","S031",1997.01112574933,0.0601461022402258,0.51739228745553,0.736206354868369,0.437914914854708
"S026","S032",1943.94745887388,0.128511603917458,0.342022984585006,0.742677572135143,0.404404053545869
"S026","S033",1094.56217252287,0.23894493262371,0.54748900095178,0.80613507746764,0.530856337014377
"S026","S034",244.578442383569,0.909267509894535,0.344835360335115,0.905304878394302,0.719802582874651
"S026","S035",1097.59082299033,0.191893717530085,0.833946267839966,0.841832599610717,0.622557528326923
"S026","S036",2028.39342043806,0.0844513310915762,0.0607456136095283,0.679651144148447,0.27494936294985
"S026","S037",988.323148506632,0.328076387986067,0.995290709444453,0.865745687758267,0.729704261729595
"S026","S038",817.906369203088,0.314973723709127,0.330758727070381,0.862387700984698,0.502706717254735
"S026","S039",2052.63453896025,0.0726707480972718,0.161009185133395,0.734070269572375,0.322583400934347
"S026","S040",260.0177924563,1,0.4757431798308,0.944065189326117,0.806602789718972
"S026","S041",1146.32157253297,0.13288778692058,0.946689543602228,0.920336244133875,0.666637858218894
"S026","S042",172.590355037167,1,0.563581065717766,0.966596989577516,0.843392685098427
"S026","S043",1173.37966483299,0.251041787988874,0.573185135427041,0.771434579443233,0.531887167619716
"S026","S044",1862.31183681943,0.137972822597592,0.230689774966934,0.718882898106354,0.362515165223627
"S026","S045",132.105539637511,1,0.714231480657591,0.970634887852025,0.894955456169872
"S026","S046",2126.45847468455,0.0497407830879776,0.273144580312092,0.690167664376437,0.337684342592169
"S026","S047",2127.18237070741,0.112452042863613,0.197258761064697,0.686849478984167,0.332186760970826
"S026","S048",370.987893638142,0.714597518234652,0.292654065386398,0.896255342941622,0.634502308854224
"S026","S049",1962.35570255226,0.106026836970903,0.651652630561154,0.70125905196533,0.486312839832463
"S026","S050",101.886173965385,0.718115168597614,0.540418192745521,0.931499355080762,0.730010905474632
"S026","S051",1118.16607320712,0.164383118360386,0.896172074320089,0.799084360537416,0.61987985107263
"S026","S052",988.329294170295,0.257838686979756,0.967743531478767,0.832849717670053,0.686143978709525
"S026","S053",1040.11210238324,0.178819659965653,0.794478093040481,0.836214782487445,0.603170845164526
"S026","S054",2111.07920829427,0.0790504844818205,0.70653454282271,0.699449953049099,0.495011660117877
"S026","S055",907.444380282219,0.246863894599844,0.772210512974797,0.935530100001154,0.651534835858598
"S026","S056",1992.9028725273,0.0968395952751226,0.133383407264253,0.773340933592178,0.334521312043851
"S026","S057",246.911176622308,0.821657234125553,0.262112936599989,0.980206014929082,0.687992061884875
"S026","S058",1042.80998149166,0.28460193226598,0.529471678799825,0.837289240892388,0.550454283986064
"S026","S059",1219.34549053668,0.22384522478239,0.514820950090578,0.825505393597093,0.521390522823354
"S026","S060",77.3944388627047,0.822969041830267,0.799438066538129,0.978772156470182,0.867059754946193
"S027","S028",1022.50512140128,0.154883372593393,0.173302378622881,0.83508673230404,0.387757494506771
"S027","S029",828.465097315001,0.521047432290616,0.704659217454372,0.845470439052401,0.690392362932463
"S027","S030",1089.912752471,0.0940919724566456,0.191222127973293,0.838158221642655,0.374490774024198
"S027","S031",994.072339141926,0.128259384572486,0.296381919888332,0.856552946967435,0.427064750476084
"S027","S032",1003.24880777413,0.274046340742802,0.195923733837942,0.861296942953339,0.443755672511361
"S027","S033",88.3031453447185,0.509541414381704,0.955748537785001,0.940237501418673,0.801842484528459
"S027","S034",847.470688216519,0.515735068763075,0.601977191950706,0.944456817196394,0.687389692636725
"S027","S035",68.2003139756057,0.409206402360593,0.477716042428178,0.964486541028525,0.617136328605765
"S027","S036",1147.75514213028,0.180089404777565,0.0347973907282764,0.782361924263711,0.332416239923184
"S027","S037",76.7347983487317,0.699611014655488,0.57014025617365,0.93415010822804,0.734633793019059
"S027","S038",243.560255287815,0.671670057655348,0.577403690681609,0.943638343665883,0.730904030667614
"S027","S039",1114.42721782839,0.154967738227674,0.0922321661271244,0.842830490943318,0.363343465099372
"S027","S040",1150.55053324134,0.468941141739488,0.83050225245442,0.827134068608653,0.70885915426752
"S027","S041",144.563604501826,0.283378392494304,0.542299665599775,0.931580416161149,0.585752824751743
"S027","S042",966.472714928185,0.468941141739488,0.983840366741007,0.88042930993446,0.777736939471652
"S027","S043",121.67487044767,0.535337520307263,0.999394228770876,0.887963810868087,0.807565186648742
"S027","S044",872.268140944067,0.294222046898671,0.132147850018317,0.833158495432732,0.419842797449906
"S027","S045",1172.82898316703,0.468941141739488,0.802033979005837,0.880315193928142,0.717096771557822
"S027","S046",1133.1936828776,0.106070418354571,0.156467572251835,0.803641623226897,0.355393204611101
"S027","S047",1144.09780945392,0.239799908462892,0.112997297672655,0.789684073032409,0.380827093055985
"S027","S048",742.68043334498,0.656231136791468,0.510884592354615,0.855882761057833,0.674332830067972
"S027","S049",944.303512118977,0.226098389613688,0.373291335083144,0.815717752309211,0.471702492335348
"S027","S050",1088.66169007461,0.653016622187872,0.309572031497023,0.807476365185502,0.590021672956799
"S027","S051",67.8427763393183,0.350541046048176,0.513361343756261,0.931590288829168,0.598497559544535
"S027","S052",64.9960377809735,0.54983166122582,0.554360188146105,0.964711678693806,0.689634509355244
"S027","S053",26.8488361515511,0.381326448138758,0.721024181007657,0.95340002060703,0.685250216584481
"S027","S054",1090.55650235181,0.1685722949976,0.404729775349073,0.815473287925335,0.462925119424003
"S027","S055",230.106843655778,0.526428313975883,0.442351461246116,0.915159074746523,0.627979616656174
"S027","S056",1062.23814296923,0.206506929453676,0.076407073094657,0.901953982254856,0.394955994934396
"S027","S057",979.034553793912,0.570725994080193,0.457569111807665,0.872394776584786,0.633563294157548
"S027","S058",25.3350553936238,0.606903312450425,0.924295797599178,0.97187982628323,0.834359645444278
"S027","S059",178.864291465579,0.477341834312212,0.898720101070106,0.955932123968849,0.777331353117056
"S027","S060",1004.65874218478,0.569816260277023,0.457948436296997,0.843985014003554,0.623916570192525
"S028","S029",1808.85179467883,0.0807015835942984,0.245937858088265,0.713675649761129,0.346771697147897
"S028","S030",111.614678846533,0.607502089353774,0.906288307005376,0.986230204076613,0.833340200145254
"S028","S031",106.539858877362,0.828102994045709,0.58472655379308,0.95191643254886,0.788248660129216
"S028","S032",120.808604846358,0.565172197423189,0.884539995375076,0.931937311893711,0.793883168230658
"S028","S033",949.327231944985,0.30396621005053,0.165633494963481,0.888161795641471,0.452587166885161
"S028","S034",1832.69825783939,0.0798787868147107,0.10432407924178,0.789755382790917,0.324652749615802
"S028","S035",958.283533457192,0.378496943595985,0.362772783894809,0.845079505667456,0.528783077719417
"S028","S036",297.623375988051,0.860036007030482,0.200790035340474,0.879985644683877,0.646937229018277
"S028","S037",1059.49336747644,0.221384983010399,0.303964466192854,0.80706651199959,0.444138653734281
"S028","S038",1257.0006412052,0.230594427767194,0.100065433020753,0.814997693338299,0.381885851375416
"S028","S039",146.955588399602,0.999455592272004,0.532203694259896,0.897234506216636,0.809631264249512
"S028","S040",2144.83656359792,0.0726311855804084,0.143928015802011,0.6929547126507,0.303171304677706
"S028","S041",889.486984163199,0.546560276632618,0.319569399754674,0.777952166698412,0.548027281028568
"S028","S042",1950.42182239923,0.0726311855804084,0.170501875741424,0.735865703882813,0.326332921734882
"S028","S043",930.129007502764,0.289319105644783,0.173407423851166,0.896242556089927,0.452989695195292
"S028","S044",152.934304187067,0.526416610264202,0.762527618307424,0.931946377996025,0.740296868855884
"S028","S045",2128.7754503775,0.0726311855804084,0.216078599110848,0.735406797203292,0.34137219396485
"S028","S046",138.000293715831,0.684840577645681,0.90285876913623,0.947381092607747,0.845026813129886
"S028","S047",128.842426760066,0.645885870374971,0.652023928180156,0.881162504717674,0.726357434424267
"S028","S048",1744.40765048203,0.101639291667059,0.0885375150568357,0.730347260442564,0.306841355722153
"S028","S049",184.122808511115,0.685026429679693,0.464255026397226,0.948489863871718,0.699257106649546
"S028","S050",2005.99670458623,0.101141416804003,0.559812776964471,0.675761272264135,0.44557182201087
"S028","S051",957.385108491086,0.441840903767108,0.337583615772136,0.895430764847218,0.558285094795487
"S028","S052",1082.7583739067,0.281692349705888,0.312616927276903,0.856939061666128,0.483749446216306
"S028","S053",1021.5773335258,0.406170024002726,0.24035584823339,0.846715422941869,0.497747098392662
"S028","S054",217.892336246384,0.918794945489698,0.428192807098046,0.970328450178311,0.772438734255352
"S028","S055",1097.41423797752,0.294215505666151,0.391775304945718,0.764548206746287,0.483513005786052
"S028","S056",147.938298034751,0.750015377223152,0.440888773147913,0.925720410969119,0.705541520446728
"S028","S057",1977.60946859105,0.0883959667898573,0.0792978154606273,0.728657257650791,0.298783679967092
"S028","S058",1019.4068161195,0.255202714198474,0.16018266027507,0.8536328193106,0.423006064594715
"S028","S059",845.839206812576,0.324470560634101,0.155750331231645,0.863446686253951,0.447889192706566
"S028","S060",1967.92886191634,0.0882550641502602,0.378432078563726,0.705051706844719,0.390579616519568
"S029","S030",1890.43924182539,0.0490263806476945,0.271368234795956,0.714114765276477,0.344836460240043
"S029","S031",1798.4036460393,0.0668292229986686,0.420603197328534,0.740687391556595,0.409373270627932
"S029","S032",1763.88884973002,0.142791142172676,0.278040404474846,0.750831790753931,0.390554445800484
"S029","S033",879.442810063565,0.265495245609316,0.673477016718738,0.79920423632011,0.579392166216055
"S029","S034",30.1524457632857,0.98980445311056,0.424188777005365,0.89280136459185,0.768931531569258
"S029","S035",879.131850435848,0.213215945226868,0.677939109565556,0.844233030077092,0.578462694956505
"S029","S036",1865.50259428456,0.0938351219420957,0.049381871217103,0.696330072278775,0.279849021812658
"S029","S037",769.874254740214,0.364530522788475,0.809100685907891,0.883330030825792,0.685653746507386
"S029","S038",587.56521626139,0.349971958887809,0.406872832830969,0.828148054102513,0.528330948607097
"S029","S039",1874.47599064,0.0807455420914141,0.130889036632941,0.750737247008261,0.320790608577538
"S029","S040",338.38293857973,0.899997030362362,0.585221067308625,0.953891194127064,0.81303643059935
"S029","S041",934.702475011475,0.147653583775799,0.769591388528017,0.895425325196381,0.604223432500066
"S029","S042",141.570958020186,0.899997030362362,0.69327218292774,0.903175091879076,0.832148101723059
"S029","S043",947.067700348582,0.278936240364925,0.705086338472267,0.751199079745723,0.578407219527638
"S029","S044",1666.9914522117,0.153303642059842,0.187534409179674,0.728798617252529,0.356545556164015
"S029","S045",350.075030156556,0.899997030362362,0.878590229216764,0.909276557857019,0.895954605812048
"S029","S046",1931.95530604206,0.0552677191256405,0.222047151837572,0.694861681222499,0.32405885072857
"S029","S047",1936.08439521633,0.124947126568115,0.160357368318924,0.70423391327383,0.329846136053623
"S029","S048",126.130284982978,0.79399986236281,0.359999537058099,0.830384134474927,0.661461177965279
"S029","S049",1758.01838473326,0.117807985353256,0.529747324432488,0.707374860566449,0.451643390117398
"S029","S050",323.28750719796,0.797908375662621,0.439321623600373,0.870027032218249,0.702419010493748
"S029","S051",895.569592221431,0.182648511955869,0.728524272499852,0.790190528241408,0.567121104232376
"S029","S052",763.506052925919,0.286488375273798,0.786706785939405,0.81610575926577,0.629766973492991
"S029","S053",818.862431066075,0.1986891666672,0.977303169596317,0.842794647896921,0.672928994720146
"S029","S054",1906.36086248038,0.0878341614638359,0.574362422748383,0.70071501230381,0.454303865505343
"S029","S055",711.676086762372,0.274294121282212,0.627752323802901,0.897307078730613,0.599784507938575
"S029","S056",1816.19314601,0.107599905342057,0.108431240523161,0.7695235496426,0.328518231835939
"S029","S057",185.109259431824,0.912955494747281,0.322430292257681,0.913645039136607,0.716343608713857
"S029","S058",821.488554122723,0.316225412600964,0.651313553432601,0.821894254773551,0.596477740269039
"S029","S059",1001.34193590531,0.248717737093271,0.633291403130575,0.808531036755462,0.563513392326436
"S029","S060",182.978141882795,0.91441306367302,0.649886391824074,0.906662760364787,0.823654071953961
"S030","S031",97.5662339702695,0.73360692295751,0.645188235656682,0.943398357070531,0.774064505228241
"S030","S032",228.074623641492,0.343343290779251,0.976002877382185,0.923653917345178,0.747666695168871
"S030","S033",1021.24521359778,0.184660107698645,0.182760269202611,0.891253096396963,0.41955782443274
"S030","S034",1913.49473682056,0.0485265298849815,0.115111359636201,0.792116394272731,0.318584761264638
"S030","S035",1027.91345737298,0.229937684048579,0.400284082990665,0.845873007126921,0.492031591388721
"S030","S036",376.364749138475,0.522473671190495,0.181973661192267,0.867884811001499,0.52411071446142
"S030","S037",1132.23082345915,0.134491839730367,0.335394889069281,0.806751890781825,0.425546206527158
"S030","S038",1328.6894239605,0.140086596661908,0.11041236243177,0.820937631162192,0.35714553008529
"S030","S039",212.360697045594,0.607171360521557,0.482329985052808,0.887466663412636,0.658989336329
"S030","S040",2224.59940663043,0.0441235969923398,0.158810408000947,0.694402545831797,0.299112183608361
"S030","S041",962.397391543221,0.332036510012092,0.352613398280089,0.780896868083894,0.488515592125359
"S030","S042",2031.8733651147,0.0441235969923398,0.18813204851424,0.739340837476346,0.323865494327642
"S030","S043",990.706713174858,0.175761961169171,0.191338035049963,0.906492908005568,0.424530968074901
"S030","S044",223.938998170381,0.319799190606034,0.691069864240677,0.920270596756188,0.643713217200967
"S030","S045",2215.42643986955,0.0441235969923398,0.238421479611528,0.738666922247675,0.340403999617181
"S030","S046",44.1177235129697,0.887070814994961,0.818250345345432,0.935090221561446,0.880137127300613
"S030","S047",73.7925615801444,0.392377015736876,0.590921661997388,0.869143380367117,0.617480686033794
"S030","S048",1821.30198815926,0.061746082048176,0.0976924388988178,0.736264779901804,0.298567766949599
"S030","S049",169.45830153359,0.41615498729297,0.512259755321407,0.935433017591946,0.621282586735441
"S030","S050",2096.88675871864,0.061443622028633,0.617698333562578,0.679443315348721,0.452861756979977
"S030","S051",1023.37314323882,0.268419272200478,0.372490313692344,0.89950066403925,0.513470083310691
"S030","S052",1151.95433559318,0.171128691001301,0.34494202877876,0.861727698132283,0.459266139304115
"S030","S053",1091.23545583043,0.246749138214529,0.265209035993846,0.846704532951632,0.452887569053335
"S030","S054",122.046468612528,0.558169849072678,0.472468643574264,0.958351112557877,0.662996535068273
"S030","S055",1180.9333802356,0.178736534412464,0.432285512145964,0.767882289633965,0.459634778730798
"S030","S056",239.010077510899,0.455635908710524,0.399572339793899,0.927868607666074,0.594358952056833
"S030","S057",2055.94173043495,0.0537007345152852,0.0874973392547113,0.731782532616369,0.290993535462122
"S030","S058",1088.93466720855,0.155036182084327,0.176745809293687,0.85794484726112,0.396575612879711
"S030","S059",911.408281170763,0.197116543519007,0.171855170178998,0.868654421405632,0.412542045034546
"S030","S060",2052.93088957592,0.0536151358673345,0.417562574335941,0.708228670391764,0.393135460198346
"S031","S032",219.188710728979,0.468020788837535,0.661051571269127,0.978965498165023,0.702679286090562
"S031","S033",926.580527970092,0.251715328631571,0.283266586559184,0.907847432938333,0.48094311604303
"S031","S034",1821.11688220645,0.0661478625220008,0.178415155879337,0.813201328381055,0.352588115594131
"S031","S035",932.640282882625,0.313434452228985,0.620414416861227,0.873809878370295,0.602552915820169
"S031","S036",404.156297984259,0.712198392409059,0.117407265400626,0.900116181460616,0.576573946423434
"S031","S037",1037.66197948583,0.18332956726767,0.519840366785223,0.838516221574867,0.513895385209253
"S031","S038",1233.65650827521,0.190955936044271,0.171132014394824,0.825765925404749,0.395951291947948
"S031","S039",250.701164701349,0.827652168376175,0.311193632060535,0.939576112337702,0.692807304258137
"S031","S040",2131.6821225364,0.0601461022402258,0.246145852054025,0.71657520415253,0.34095571948226
"S031","S041",868.108846606124,0.452608201505922,0.546527941448272,0.79928664785251,0.599474263602235
"S031","S042",1939.71080239389,0.0601461022402258,0.29159249675834,0.754407771885614,0.368715456961393
"S031","S043",893.81487990485,0.239586017619072,0.296561568354104,0.885602972382411,0.473916852785196
"S031","S044",138.879562422329,0.435927171075179,0.445870146424945,0.964599139294013,0.615465485598046
"S031","S045",2125.67570594985,0.0601461022402258,0.369537859550181,0.754668576817751,0.394784179536052
"S031","S046",141.67844374896,0.826999277348199,0.52792549663889,0.937294279617025,0.764073017868038
"S031","S047",164.13144115183,0.534860023069332,0.381255704515409,0.905037150399891,0.607050959328211
"S031","S048",1727.52227029605,0.0841678017421767,0.151416956323428,0.73938639372733,0.324990383930978
"S031","S049",82.5115102303847,0.567272437418197,0.793969460400996,0.952316684740491,0.771186194186562
"S031","S050",2009.77644362681,0.0837555100774202,0.957392431270659,0.69170627382073,0.577618071722936
"S031","S051",927.309943927345,0.365889775301404,0.577335873635727,0.910911928163638,0.61804585903359
"S031","S052",1056.45115554403,0.233270278191217,0.534637815315515,0.871891518753363,0.546599870753365
"S031","S053",995.899195993561,0.336350612968275,0.411056837891521,0.877782729956949,0.541730060272248
"S031","S054",137.777699778362,0.760856845274083,0.732295813009327,0.945065818039067,0.812739492107492
"S031","S055",1090.4354185332,0.243640741136812,0.670014560488657,0.784293780400944,0.565983027342138
"S031","S056",254.055370108283,0.621089979458814,0.257799372928838,0.943184202792176,0.607357851726609
"S031","S057",1962.558266827,0.0732009647602459,0.135615211839155,0.74818239183992,0.318999522813107
"S031","S058",993.56949062963,0.211334131716348,0.273944563037161,0.870447128365449,0.451908607706319
"S031","S059",815.385932662607,0.268695042740789,0.266364388997393,0.87660164160637,0.470553691114851
"S031","S060",1962.3951096911,0.0730842828625266,0.64719495994985,0.723697577332972,0.481325606715116
"S032","S033",924.580538164709,0.537829375606966,0.187253822132991,0.908866219983823,0.544649805907927
"S032","S034",1788.85520619815,0.141335308387258,0.117941619132262,0.820209836309203,0.359828921276241
"S032","S035",936.709563920773,0.669701986972609,0.410125925104134,0.882215211768886,0.65401437461521
"S032","S036",202.369773020198,0.657149459793673,0.177606816931424,0.905018026985821,0.579924767903639
"S032","S037",1032.22483462642,0.391712444489959,0.343641291272491,0.849746005964714,0.528366580575721
"S032","S038",1229.44364089993,0.408007380438302,0.113127087010149,0.825977465152599,0.449037310867017
"S032","S039",111.711158644445,0.565480049131963,0.470755453259247,0.957380598554817,0.664538700315343
"S032","S040",2101.65373127726,0.128511603917458,0.162715102261691,0.725083228423939,0.33876997820103
"S032","S041",864.149661977514,0.967068583919328,0.361283154436862,0.805413039471715,0.711254925942635
"S032","S042",1905.22463154867,0.128511603917458,0.192757678152388,0.759774339863982,0.360347873977943
"S032","S043",921.419638623659,0.511913195595762,0.196042490738517,0.875059763739724,0.527671816691334
"S032","S044",190.617960447581,0.931426939726181,0.674486175971016,0.967328190091951,0.857747101929716
"S032","S045",2075.06787306487,0.128511603917458,0.244283582699077,0.760403990907219,0.377733059174585
"S032","S046",244.329796007885,0.387052854152576,0.798614691476108,0.925118362051133,0.703595302559939
"S032","S047",219.390664714809,0.875034155949373,0.576741242416914,0.911746899821604,0.78784076606263
"S032","S048",1706.67847590045,0.179837741719191,0.100094416894391,0.740314912065939,0.340082356893174
"S032","S049",285.243028421777,0.825037068551433,0.52485475933778,0.942103667012563,0.763998498300592
"S032","S050",1945.66314111337,0.178956815754811,0.632885771012639,0.696457320020816,0.502766635596089
"S032","S051",940.939634521454,0.781781032013977,0.381648786416931,0.909422741125212,0.690950853185374
"S032","S052",1060.31362708902,0.498418625314938,0.353423167874215,0.87258281670804,0.574808203299064
"S032","S053",999.163241522247,0.718665967389394,0.271729768569109,0.887556650688023,0.625984128882175
"S032","S054",338.700928764006,0.615123320167989,0.484085297823619,0.928088643081922,0.675765753691177
"S032","S055",1053.32102990232,0.520576749896011,0.442914177984221,0.789839714850348,0.58444354757686
"S032","S056",62.1811146295453,0.753547479940579,0.389983753361178,0.938525632718511,0.694018955340089
"S032","S057",1936.98997177813,0.156405370244475,0.0896486488742687,0.754139742100623,0.333397920406456
"S032","S058",997.203509363601,0.451548599456997,0.18109148383635,0.872154066781537,0.501598050024961
"S032","S059",831.716147984638,0.574109204439765,0.176080597876868,0.87618047531401,0.542123425876881
"S032","S060",1917.21618160041,0.156156061024666,0.427829245192308,0.729490782753274,0.437825362990083
"S033","S034",900.323583405538,0.262788376383782,0.629848927988759,0.888761574477342,0.593799626283294
"S033","S035",27.2500259139542,0.803087621164491,0.456576409027169,0.944340813996364,0.734668281396008
"S033","S036",1064.24881013428,0.353434283641286,0.0332575553072835,0.822734500801259,0.403142113249943
"S033","S037",111.117310137096,0.728321029411778,0.544910716170332,0.898179672198399,0.723803805926836
"S033","S038",307.796701778698,0.758618623197825,0.604137665771139,0.908781205771368,0.757179164913444
"S033","S039",1036.10532611588,0.30413178174284,0.0881507579127424,0.880926050848424,0.424402863501336
"S033","S040",1207.97577305254,0.23894493262371,0.868954771700885,0.778870327862179,0.628923344062258
"S033","S041",60.4334872961875,0.556143984563385,0.51830211243828,0.875906845261254,0.650117647420973
"S033","S042",1019.48658711447,0.23894493262371,0.971446761176245,0.828260163955959,0.679550619251971
"S033","S043",124.902323920816,0.951813379509149,0.955169572818533,0.925447441510652,0.944143464612778
"S033","S044",800.930400645412,0.577425187814597,0.126300114426438,0.879798406229694,0.52784123615691
"S033","S045",1218.24785929224,0.23894493262371,0.766542802688714,0.827907401740265,0.611131712350896
"S033","S046",1064.02807418217,0.208168394875774,0.14954365339046,0.853243206432366,0.4036517515662
"S033","S047",1072.85560267632,0.47061907372902,0.107997002024297,0.82936316922174,0.469326414991685
"S033","S048",801.838904940166,0.334376941602038,0.534538711969801,0.814164781270215,0.561026811614018
"S033","S049",881.099490974002,0.443729171431619,0.356772647673526,0.86506308045314,0.555188299852761
"S033","S050",1123.55829371381,0.332739013284371,0.295873016442412,0.760091812242232,0.462901280656338
"S033","S051",66.6533722682557,0.687953984022153,0.49064435365039,0.987576524790163,0.722058287487569
"S033","S052",136.20658295173,0.926722577680791,0.529828939226857,0.960030920537806,0.805527479148485
"S033","S053",75.9881787634357,0.748371844517237,0.689117806705696,0.94091363199838,0.792801094407104
"S033","S054",1028.77489377071,0.330831391207233,0.386819890987928,0.866874419865568,0.528175234020243
"S033","S055",217.081363139122,0.96792174899059,0.422776762273033,0.860718208910786,0.750472240058136
"S033","S056",982.741585459643,0.405279970626644,0.0730259483866501,0.95913090217354,0.479145607062278
"S033","S057",1037.64431609023,0.290808530248025,0.478754707664117,0.820364282344255,0.529975840085466
"S033","S058",74.4439150973778,0.839575932325012,0.967090987909105,0.958798183727389,0.921821701320502
"S033","S059",126.020117626266,0.936806745907859,0.940331128471239,0.963702464711942,0.946946779697013
"S033","S060",1051.19793943351,0.290344983199248,0.437683548371783,0.793725743822343,0.507251425131124
"S034","S035",899.334479242379,0.211042092059731,0.287574161770719,0.929611234457785,0.476075829429412
"S034","S036",1891.98778738905,0.0928784215564588,0.0209472355578194,0.749035411144787,0.287620356086355
"S034","S037",790.30455090633,0.360813934750753,0.34321143042947,0.943291361578959,0.549105575586394
"S034","S038",605.49573217809,0.34640380337098,0.959178683847694,0.923431792926808,0.743004760048494
"S034","S039",1899.58463538776,0.0799222971309079,0.0555216603727374,0.808767315212262,0.314737090905302
"S034","S040",312.806074879169,0.909267509894535,0.724835110526981,0.875768527815993,0.83662371607917
"S034","S041",956.142877862556,0.146148174739019,0.32645202989356,0.979753310914381,0.484117838515653
"S034","S042",119.187718930916,0.909267509894535,0.61186470112501,0.925011753394659,0.815381321471401
"S034","S043",965.309335135902,0.27609233284712,0.601612531487234,0.841000162169506,0.572901675501287
"S034","S044",1690.22283945803,0.151740627588899,0.0795499916763495,0.793795659221682,0.34169542616231
"S034","S045",337.976250343216,0.909267509894535,0.482806162530985,0.926585241138842,0.772886304521454
"S034","S046",1955.16110198881,0.0547042345038227,0.094189909775504,0.762316440460828,0.303736861580051
"S034","S047",1959.72113690746,0.123673222280489,0.0680217959510032,0.756712430077313,0.316135816102935
"S034","S048",126.787949355603,0.785904599535881,0.848677656206699,0.876249646984204,0.836943967575595
"S034","S049",1779.90758678611,0.116606868514636,0.224712869672881,0.774610925989454,0.371976888058991
"S034","S050",326.923287897083,0.789773263405076,0.186355302227053,0.848293177919627,0.608140581183919
"S034","S051",914.818956869594,0.180786310487936,0.309031820170435,0.880017966781602,0.456612032479991
"S034","S052",782.475325170609,0.283567469610414,0.333712189389457,0.913139924598772,0.510139861199548
"S034","S053",838.569255842964,0.196663421952021,0.434040111811547,0.922570996245627,0.517758176669732
"S034","S054",1928.11839119505,0.0869386441521367,0.243638093663475,0.772214796449908,0.367597178088506
"S034","S055",736.023880953004,0.271497542707181,0.266285490496228,0.960060667891899,0.499281233698436
"S034","S056",1841.47243812318,0.106502865461843,0.045995315306694,0.853118650122461,0.335205610296999
"S034","S057",155.823149208876,0.903647414192613,0.760110379472872,0.919332670790619,0.861030154818701
"S034","S058",841.173610149142,0.313001321579158,0.651281974357471,0.919232095997676,0.627838463978102
"S034","S059",1021.44138273431,0.246181923742501,0.669816098731888,0.904648884841397,0.606882302438595
"S034","S060",174.453927156539,0.905090122406026,0.275674513740283,0.889351751379613,0.690038795841974
"S035","S036",1079.79171467578,0.4400942989618,0.0728411600988007,0.805096032816964,0.439343830625855
"S035","S037",109.482940439341,0.584905602954378,0.837892145406898,0.951101638083142,0.791299795481473
"S035","S038",301.166125115119,0.609237225475023,0.275835005995842,0.910326396946808,0.598466209472557
"S035","S039",1048.03892803751,0.378703112497045,0.193069015765764,0.868820572190233,0.480197566817681
"S035","S040",1205.39887142505,0.191893717530085,0.396744249270213,0.819515259139648,0.469384408646649
"S035","S041",76.4769994316058,0.692507230726538,0.880907868345873,0.912266107265475,0.828560402112629
"S035","S042",1018.51820827323,0.191893717530085,0.469996326380601,0.860428945210909,0.507439663040532
"S035","S043",102.503616337952,0.764389542742538,0.478005604470727,0.877347263493061,0.706580803568775
"S035","S044",808.855230923507,0.719006460312911,0.276624266890063,0.853886162513571,0.616505629905515
"S035","S045",1220.1466419564,0.191893717530085,0.595630677668211,0.861511160716789,0.549678518638362
"S035","S046",1070.95554123261,0.259210065489399,0.327532589143391,0.819017000793809,0.468586551808867
"S035","S047",1080.83140066604,0.586012112908195,0.236536535591944,0.813127833488642,0.54522549399626
"S035","S048",798.337627477491,0.268533982603439,0.24405776559718,0.827566817877157,0.446719522025925
"S035","S049",885.137982067372,0.552528964134952,0.781408414056487,0.832659324915478,0.722198901035639
"S035","S050",1128.9568530813,0.267218582647166,0.648025194890885,0.788794714608516,0.568012830715522
"S035","S051",40.6485433375495,0.856636269682015,0.9305648900884,0.932783532773168,0.906661564181194
"S035","S052",124.47484112759,0.744239430389092,0.861743055585863,0.944355420449191,0.850112635474715
"S035","S053",63.3667821969868,0.93186823553834,0.662552040571722,0.988500438672697,0.860973571594253
"S035","S054",1032.25329644063,0.41194930974969,0.847218304187307,0.828309683033095,0.695825765656697
"S035","S055",233.101460775129,0.777325974870227,0.925971543676222,0.894171723473967,0.865823080673472
"S035","S056",995.410239348993,0.504652244594408,0.159942447622835,0.911471239817029,0.525355310678091
"S035","S057",1034.52014666225,0.233544730771229,0.218588105230134,0.854629174388507,0.435587336796623
"S035","S058",61.1400069425171,0.674253038277854,0.441550930462076,0.950785248456635,0.688863072398855
"S035","S059",122.244388402291,0.857260715374353,0.429333009933863,0.938434879206094,0.74167620150477
"S035","S060",1052.61158987279,0.233172461874528,0.958620593876847,0.826752503166349,0.672848519639241
"S036","S037",1166.85073074236,0.257413621291036,0.0610330359091115,0.783528740753372,0.367325132651173
"S036","S038",1360.75984136351,0.268121829646862,0.0200921418325968,0.747837397238381,0.34535045623928
"S036","S039",164.276655824856,0.860504472315185,0.377280423841665,0.925858653433552,0.721214516530134
"S036","S040",2203.73810533496,0.0844513310915762,0.0288993113793701,0.668958913471658,0.260769851980868
"S036","S041",1004.43610308854,0.635508597506019,0.064166351070475,0.734595861584479,0.478090270053658
"S036","S042",2005.43685260888,0.0844513310915762,0.0342350776557376,0.692922263264917,0.270536224004077
"S036","S043",1078.39370212265,0.336403479947008,0.0348184827633762,0.797797684429165,0.389673215713183
"S036","S044",392.488298853026,0.612086710278334,0.263321656186258,0.93299174277309,0.60280003641256
"S036","S045",2160.43541417024,0.0844513310915762,0.0433864295517873,0.6940687603025,0.273968840315288
"S036","S046",370.75944978865,0.58898755585084,0.222393625896297,0.921102449425687,0.577494543724275
"S036","S047",330.165801970555,0.750998638539652,0.30794887528268,0.988517668603208,0.682488394141846
"S036","S048",1819.48135218181,0.118180274821281,0.0177774507772198,0.670814429063184,0.268924051553895
"S036","S049",479.138206512524,0.796509011343538,0.0932177831572915,0.927497219503129,0.60574133800132
"S036","S050",2020.40460824491,0.11760137479967,0.112404827270745,0.635424479284833,0.288476893785083
"S036","S051",1089.6083745145,0.513746982864925,0.067783426141252,0.82306555679824,0.468198655268139
"S036","S052",1200.24446656958,0.327535530376817,0.0627703638759595,0.790008967029931,0.393438287094236
"S036","S053",1140.14133328503,0.472270952242038,0.0482610592610719,0.811889021177343,0.444140344226818
"S036","S054",498.22598874884,0.936047821390769,0.0859768488697532,0.900705103087437,0.64090992444932
"S036","S055",1165.09422249583,0.34209672997531,0.0786645773255755,0.719930130248565,0.38023047918315
"S036","S056",151.252157351879,0.872074391179031,0.455421066648733,0.850375022695946,0.725956826841236
"S036","S057",2043.9307321064,0.102781704564986,0.0159222111687617,0.688876849965278,0.269193588566342
"S036","S058",1138.45939359414,0.296734918203755,0.0321630820175625,0.789986035673436,0.372961345298251
"S036","S059",984.949454748249,0.377275553560167,0.0312731145122925,0.793023395221365,0.400524021097942
"S036","S060",2008.5870200246,0.102617871145867,0.0759853904287795,0.666677776711101,0.281760346095249
"S037","S038",197.648655023836,0.96006215394722,0.329201088120823,0.887461194433244,0.725574812167096
"S037","S039",1143.88169558645,0.221505572355784,0.161771011831575,0.846081373014475,0.409785985733944
"S037","S040",1097.22397179371,0.328076387986067,0.473502766967156,0.852704087965918,0.551427747639714
"S037","S041",170.083672608278,0.405051359338373,0.95116887419822,0.924821583586588,0.760347272374394
"S037","S042",909.491761430175,0.328076387986067,0.560926998727696,0.877296153463137,0.5887665133923
"S037","S043",194.062965080385,0.765193098869206,0.570485840082194,0.835353341657904,0.723677426869768
"S037","S044",911.600141475573,0.420550907197417,0.231781300456125,0.82419770190403,0.492176636519191
"S037","S045",1110.68043110057,0.328076387986067,0.710867957091255,0.880232521186255,0.639725622087859
"S037","S046",1174.95419329686,0.151613419646921,0.274436983808032,0.786575942548398,0.404208782001117
"S037","S047",1183.45031030714,0.342761768239137,0.198192105274249,0.792083754628547,0.444345876047311
"S037","S048",690.812400438085,0.459106531459204,0.291275872360231,0.826654643732177,0.525679015850537
"S037","S049",992.095377544209,0.323177286917112,0.654735972492792,0.800628992105803,0.592847417171902
"S037","S050",1020.781037755,0.456857621635757,0.542975220824847,0.807378106721258,0.602403649727287
"S037","S051",132.491167076495,0.501051353830948,0.900412377827088,0.887171990998197,0.762878574218744
"S037","S052",50.0982671190708,0.785910527004175,0.972322480553383,0.903891593543885,0.887374867033814
"S037","S053",55.0422567150776,0.545054952181585,0.790736664860336,0.952702331250942,0.762831316097621
"S037","S054",1139.65897666787,0.240951459405782,0.709877562523497,0.793167238019319,0.581332086649533
"S037","S055",156.712998984888,0.752458584768156,0.775864283316607,0.907112647522397,0.81181183853572
"S037","S056",1089.72951422265,0.295173925406772,0.134014520580328,0.868526763988045,0.432571736658382
"S037","S057",926.717205769913,0.399286191808706,0.260878570623172,0.875133303480215,0.511766021970698
"S037","S058",57.7329371208289,0.86748678871113,0.526978242823424,0.910754289654751,0.768406440396435
"S037","S059",231.692360194761,0.68229605353951,0.512396508652519,0.896698447666496,0.697130336619508
"S037","S060",943.12867586238,0.398649732019604,0.803220666034707,0.848261506242108,0.68337730143214
"S038","S039",1341.13179942484,0.230720033536455,0.053255193121361,0.802611342660701,0.362195523106172
"S038","S040",907.039008625624,0.314973723709127,0.695246387321867,0.821238872266869,0.610486327765954
"S038","S041",367.515866139729,0.421901183869228,0.313125828372713,0.92486551949381,0.553297510578584
"S038","S042",724.201153392901,0.314973723709127,0.586887578717949,0.891268908974356,0.597710070467144
"S038","S043",359.835343188728,0.79702454234153,0.577053916138204,0.892638836140012,0.755572431539915
"S038","S044",1108.71594267635,0.438045500979655,0.0763026563162159,0.799567492384408,0.43797188322676
"S038","S045",934.695094687202,0.314973723709127,0.463097379530026,0.888436041684895,0.55550238164135
"S038","S046",1371.59148765009,0.157920421113961,0.0903449536902009,0.778119034636765,0.342128136480309
"S038","S047",1380.65047230053,0.357020393762945,0.0652450567132397,0.754070447920728,0.392111966132304
"S038","S048",499.127287679613,0.44077080548396,0.884796201686086,0.895228582662173,0.74026519661074
"S038","S049",1186.13915336427,0.336621213104166,0.215539794576473,0.787632702786003,0.446597903488881
"S038","S050",861.595027559036,0.438611712274829,0.178748033518184,0.824628176703304,0.480662640832106
"S038","S051",311.380687963069,0.521894704182344,0.296416734538135,0.906445701276136,0.574919046665539
"S038","S052",178.939649586452,0.818603799527943,0.320089618602512,0.946587244701427,0.695093554277294
"S038","S053",238.172672915796,0.567728818327683,0.416322023184506,0.899871146135315,0.627973995882501
"S038","S054",1332.981996618,0.250974854508252,0.233692466015293,0.792772261873537,0.42581319413236
"S038","S055",235.411360850348,0.783760282263478,0.25541536630191,0.918965486475338,0.652713711680242
"S038","S056",1286.6325443273,0.30745293332644,0.0441177259990344,0.874900539865581,0.408823733063685
"S038","S057",735.477553218237,0.383339561349249,0.792459624335823,0.879700812122175,0.685166665935749
"S038","S058",240.595259116275,0.903573570882392,0.624695786977927,0.946277579921184,0.824848979260501
"S038","S059",421.085330697523,0.710679043783054,0.642473324001649,0.941990173565113,0.765047513783272
"S038","S060",766.19749340139,0.382728520393223,0.264421117259758,0.854270304958898,0.50047331420396
"S039","S040",2212.39065903708,0.0726707480972718,0.0765990217173271,0.721972826440078,0.290414198751559
"S039","S041",975.679648823221,0.54685799034868,0.170076015121855,0.793032700597464,0.503322235356
"S039","S042",2015.73604536768,0.0726707480972718,0.0907417281478277,0.748130909414876,0.303847795219992
"S039","S043",1031.20050138829,0.289476698996792,0.0922880715856824,0.839100031175517,0.40695493391933
"S039","S044",277.619042539564,0.526703351639195,0.697946777903237,0.95794953981743,0.727533223119954
"S039","S045",2183.94654900278,0.0726707480972718,0.114997828697297,0.749471086581306,0.312379887791958
"S039","S046",207.288224281069,0.684467745142766,0.58946505528108,0.908612681514865,0.727515160646237
"S039","S047",168.231595219226,0.646237687165986,0.816233379264644,0.935605147366752,0.799358737932461
"S039","S048",1818.04813579964,0.10169465502315,0.0471199925938392,0.721644633820001,0.29015309381233
"S039","S049",330.668274675742,0.685399566500461,0.247078240127329,0.925599199923541,0.619359002183777
"S039","S050",2052.86643325912,0.10119650896553,0.297934427994383,0.686164549337083,0.361765162098999
"S039","S051",1051.7984021209,0.442081576393701,0.179663247435544,0.87863038707025,0.500125070299831
"S039","S052",1171.75796737255,0.281845788731377,0.166375883584945,0.847180864198109,0.43180084550481
"S039","S053",1110.5815485496,0.406391266548825,0.127918270366781,0.876537918055427,0.470282484990344
"S039","S054",334.372468894898,0.919295417019034,0.227885793793095,0.90204669710786,0.683075969306663
"S039","S055",1164.34176198004,0.294375766108154,0.208504264611908,0.777129172063872,0.426669734261312
"S039","S056",61.179752535324,0.750423913801098,0.828421106247732,0.90235038225273,0.82706513410052
"S039","S057",2048.05822426574,0.0884441164503486,0.0422025903348854,0.743942411024954,0.291529705936729
"S039","S058",1108.60700650937,0.255341724206412,0.0852498035547704,0.848171166865616,0.396254231542266
"S039","S059",942.189113110603,0.324647301133711,0.0828909016636841,0.84911226636308,0.418883489720158
"S039","S060",2026.79008340281,0.0883031370604822,0.201402950238066,0.720016971110066,0.336574352802871
"S040","S041",1264.8850920945,0.13288778692058,0.450381093785892,0.884696380813389,0.489321753839953
"S040","S042",198.72184287236,1,0.844143298577468,0.914360363396587,0.919501220658019
"S040","S043",1265.61679262779,0.251041787988874,0.82999915808416,0.738062910760074,0.606367952277703
"S040","S044",2001.63621740207,0.137972822597592,0.109749087097221,0.702897391518809,0.316873100404541
"S040","S045",198.434281702397,1,0.666091026109328,0.919567017767612,0.861886014625647
"S040","S046",2266.48399969196,0.0497407830879776,0.129946671191224,0.671748911373256,0.283812121884153
"S040","S047",2271.61391590528,0.112452042863613,0.093844510238403,0.676426572251208,0.294241041784408
"S040","S048",408.007954756855,0.714597518234652,0.615151362738362,0.846686165981458,0.725478348984824
"S040","S049",2088.87716310352,0.106026836970903,0.310019294608269,0.683405363260255,0.366483831613142
"S040","S050",349.19244518702,0.718115168597614,0.257100269455168,0.907070195002098,0.627428544351627
"S040","S051",1218.32311533091,0.164383118360386,0.426347752312603,0.770869470767424,0.453866780480138
"S040","S052",1085.74460308022,0.257838686979756,0.460397384926396,0.800180983460174,0.506139018455442
"S040","S053",1143.57159337269,0.178819659965653,0.598812206400963,0.816345696225512,0.531325854197376
"S040","S054",2236.7270152414,0.0790504844818205,0.336128990062776,0.678818794041053,0.36466608952855
"S040","S055",1048.69016629073,0.246863894599844,0.367373884941403,0.893655657241076,0.502631145594108
"S040","S056",2154.26228099991,0.0968395952751226,0.0634562463085622,0.748277578779708,0.302857806787798
"S040","S057",172.090217570269,0.821657234125553,0.550954690917925,0.927444846408109,0.766685590483862
"S040","S058",1146.11059694309,0.28460193226598,0.898524319391711,0.805271424774624,0.662799225477438
"S040","S059",1326.93619413757,0.22384522478239,0.92409444438323,0.792793674730788,0.646911114632136
"S040","S060",225.639989306406,0.822969041830267,0.380327207852636,0.935776023423567,0.71302409103549
"S041","S042",1075.21487493843,0.13288778692058,0.533536301887209,0.943175553526795,0.536533214111528
"S041","S043",134.139921068355,0.52934528544096,0.542628374257007,0.834252820245142,0.635408826647703
"S041","S044",741.531861779306,0.963144657177572,0.243680493278865,0.779316720410699,0.662047290289045
"S041","S045",1271.16020898912,0.13288778692058,0.676155474450078,0.944098160777536,0.584380474049398
"S041","S046",1005.03300001079,0.374306655567266,0.288526034916109,0.749468470126302,0.470767053536559
"S041","S047",1013.36814949482,0.846218042075005,0.208366895354217,0.742039632408594,0.598874856612606
"S041","S048",859.560973581664,0.185961724648676,0.277052543593985,0.892858972832864,0.451957747025175
"S041","S049",824.026294802009,0.797867429564988,0.68834882033403,0.761227474662115,0.749147908187044
"S041","S050",1172.41143713634,0.185050800667659,0.570850493065749,0.864610247864455,0.540170513865954
"S041","S051",99.356861719807,0.808402883739207,0.946637765650272,0.868102860691517,0.874381170026999
"S041","S052",196.505135545144,0.515391186936247,0.978244248407047,0.903711607239028,0.799115680860774
"S041","S053",135.806197263734,0.743138572940494,0.752124103302461,0.904732802583047,0.799998492942001
"S041","S054",972.055769994974,0.594866438170612,0.746321270365246,0.759902823106606,0.700363510547488
"S041","S055",253.283648521192,0.538303858229188,0.815695618688758,0.979798536503693,0.777932671140546
"S041","S056",922.314561781631,0.728732094342114,0.140894560593453,0.840278715957985,0.569968456964517
"S041","S057",1095.00209716408,0.161731414757159,0.248139576322083,0.936053404747906,0.448641465275716
"S041","S058",134.06172821726,0.466925104346751,0.501245301953312,0.909002380462012,0.625724262254025
"S041","S059",89.026170441239,0.593659244014545,0.487375610278115,0.895493527265424,0.658842793852695
"S041","S060",1104.7117667794,0.161473615854419,0.844456423904509,0.905426249250795,0.637118763003241
"S042","S043",1084.03583825436,0.251041787988874,0.983244384552785,0.79643132310219,0.676905831881283
"S042","S044",1808.47255421437,0.137972822597592,0.130012389226056,0.735111069459908,0.334365427094519
"S042","S045",231.737641034064,1,0.789073404043852,0.993272863788282,0.927448755944045
"S042","S046",2073.43278302569,0.0497407830879776,0.153939113667321,0.707596087442936,0.303758661399411
"S042","S047",2077.64093559094,0.112452042863613,0.111171302783008,0.69998982891001,0.307871058185544
"S042","S048",234.475501169246,0.714597518234652,0.519275900466385,0.919179659408714,0.717684359369917
"S042","S049",1898.87512202017,0.106026836970903,0.367259084009441,0.7184429253581,0.397242948779481
"S042","S050",272.023297272731,0.718115168597614,0.304569461000789,0.916656770585409,0.646447133394604
"S042","S051",1033.87327034685,0.164383118360386,0.505065612711816,0.821756007596856,0.497068246223019
"S042","S052",901.476989298752,0.257838686979756,0.545401930812278,0.857707636744271,0.553649418178768
"S042","S053",957.711649786151,0.178819659965653,0.709372694671708,0.853464346519096,0.580552233718819
"S042","S054",2047.12991486902,0.0790504844818205,0.398189490610437,0.718052075643123,0.39843068357846
"S042","S055",853.23093364728,0.246863894599844,0.435203223860799,0.961882770719269,0.547983296393304
"S042","S056",1957.35470878192,0.0968395952751226,0.0751723628150543,0.794410152248182,0.32214070344612
"S042","S057",82.9436851726737,0.821657234125553,0.465084710158187,0.985791145873059,0.757511030052266
"S042","S058",960.312903159632,0.28460193226598,0.939477407967035,0.861754788698995,0.695278042977337
"S042","S059",1140.61744145759,0.22384522478239,0.913481629186588,0.85042682118995,0.66258455838631
"S042","S060",95.9277295999251,0.822969041830267,0.450548157514909,0.95769480998823,0.743737336444468
"S043","S044",777.96944558731,0.549601019427517,0.132227949906056,0.854351230284515,0.512060066539363
"S043","S045",1292.7824023025,0.251041787988874,0.802520122606905,0.794424113010101,0.61599534120196
"S043","S046",1034.4633791651,0.198137463433705,0.156562413257349,0.849627140339177,0.401442339010077
"S043","S047",1048.19185029902,0.447941531027484,0.113065789675039,0.801614140933065,0.454207153878529
"S043","S048",857.652377478654,0.351305149518361,0.510575113167164,0.806393535593659,0.556091266093061
"S043","S049",839.463162665994,0.422347362247124,0.373517601299583,0.85455588721572,0.550140283587476
"S043","S050",1210.25818204382,0.34958429924148,0.309759674996078,0.736224927040002,0.465189633759187
"S043","S051",64.5430748009794,0.654803806478909,0.513672511785092,0.936483624853518,0.701653314372506
"S043","S052",185.091231909652,0.97363894817144,0.5546962071493,0.920341447136657,0.816225534152465
"S043","S053",139.037445952239,0.712310334459447,0.721461221458545,0.872113228116675,0.768628261344889
"S043","S054",983.735682066726,0.31488974451267,0.404975097611717,0.86965284530955,0.529839229144646
"S043","S055",333.942102679778,0.983357777115516,0.442619587457644,0.824089380964919,0.750022248512693
"S043","S056",981.965926720976,0.385750898489515,0.0764533863564809,0.928595573764342,0.463599952870112
"S043","S057",1093.70566178156,0.305531038445788,0.457291929604397,0.786633066515918,0.516485344855367
"S043","S058",136.336431007677,0.882080406095974,0.923735885797792,0.913654486864377,0.906490259586048
"S043","S059",95.7466438358237,0.891665194769528,0.898175682289842,0.928888079674794,0.906242985578055
"S043","S060",1124.4451704223,0.30504402380746,0.458226016434189,0.762985519383725,0.508751853208458
"S044","S045",1991.48815440146,0.137972822597592,0.1647658995472,0.735791107685554,0.346176609943449
"S044","S046",264.965523521519,0.360511455455618,0.844570207848719,0.947809683710152,0.717630449004829
"S044","S047",271.98357479492,0.815030386031807,0.8550823767242,0.93824092079277,0.869451227849592
"S044","S048",1599.19148148818,0.193077668305428,0.0675123004871467,0.716396709550033,0.325662226114203
"S044","S049",145.693382606008,0.768461751921521,0.354007279565927,0.965879362773498,0.696116131420315
"S044","S050",1873.47151823457,0.192131887238972,0.426872703516783,0.673844606999476,0.430949732585077
"S044","S051",806.609238949592,0.839336934192394,0.257416830514335,0.8812007938197,0.659318186175476
"S044","S052",933.255324535645,0.535112958469359,0.238379040999042,0.844633794908654,0.539375264792352
"S044","S053",872.217459935797,0.77157524303588,0.183277972499668,0.859500131663184,0.604784449066244
"S044","S054",271.776427182983,0.572942431658278,0.326508841372843,0.941275752389909,0.613575675140343
"S044","S055",957.079145825139,0.558902397700725,0.298739490191923,0.764176618856481,0.540606168916376
"S044","S056",248.86503059195,0.701874423179429,0.57819384185264,0.911219192751053,0.730429152594374
"S044","S057",1833.38234430564,0.167920170196553,0.0604667743601738,0.72979580943554,0.319394251330756
"S044","S058",869.990445438745,0.484792290407386,0.122143702433697,0.843974641370065,0.483636878070382
"S044","S059",694.818939199105,0.616375992526628,0.118763929124659,0.848469074685894,0.527869665445727
"S044","S060",1829.03668651046,0.167652506454852,0.288564911558326,0.705966345376788,0.387394587796655
"S045","S046",2255.89007434318,0.0497407830879776,0.195088458029902,0.707706212273414,0.317511817797098
"S045","S047",2257.12500558196,0.112452042863613,0.140888416987921,0.701216816335905,0.318185758729146
"S045","S048",462.301514571863,0.714597518234652,0.409746802418947,0.91299963109473,0.679114650582776
"S045","S049",2089.81871626751,0.106026836970903,0.465430823200107,0.718716234082081,0.43005796475103
"S045","S050",177.329664068297,0.718115168597614,0.385983685978933,0.9155011898499,0.673200014808816
"S045","S051",1239.15626805504,0.164383118360386,0.640074307565621,0.821131873036668,0.541863099654225
"S045","S052",1108.15318431854,0.257838686979756,0.691192895384886,0.856610895541229,0.601880825968623
"S045","S053",1161.52155619628,0.178819659965653,0.8989945561925,0.854846098461382,0.644220104873178
"S045","S054",2238.52606211091,0.0790504844818205,0.504629212655998,0.717873654654521,0.433851117264113
"S045","S055",1035.40773759058,0.246863894599844,0.551537058061347,0.961878718249394,0.586759890303528
"S045","S056",2124.30682071361,0.0968395952751226,0.0952666284655017,0.794093135722574,0.328733119821066
"S045","S057",275.748715213977,0.821657234125553,0.366985975413268,0.990161396045482,0.726268201861434
"S045","S058",1164.19592606593,0.28460193226598,0.741316636326843,0.860875181774937,0.628931250122587
"S045","S059",1342.24361088105,0.22384522478239,0.720804058673785,0.849209650133896,0.597952977863357
"S045","S060",168.506859676594,0.822969041830267,0.570983833957569,0.958713148636285,0.784222008141374
"S046","S047",43.692305900889,0.442328852560779,0.722177100637734,0.919088304294679,0.694531419164397
"S046","S048",1863.60331507909,0.0696067112167666,0.0799368718665951,0.696647812580815,0.282063798554726
"S046","S049",212.035749333327,0.4691338958044,0.419156721698308,0.981159766438298,0.623150127980335
"S046","S050",2136.19159496698,0.0692657463079563,0.505431874756877,0.648932389662703,0.407876670242512
"S046","S051",1066.75821997816,0.302590579763356,0.304790327816588,0.857897883127718,0.488426263569221
"S046","S052",1195.08111330962,0.19291435149095,0.282248934172375,0.820435319777107,0.431866201813477
"S046","S053",1134.29635049613,0.278161713860387,0.217007385290693,0.822855740763903,0.439341613304994
"S046","S054",139.62974160727,0.629228061207097,0.386597630769529,0.975406673100632,0.663744121692419
"S046","S055",1221.90923617017,0.201490716852723,0.353717769601262,0.735590416493924,0.430266300982636
"S046","S056",244.167368593201,0.513640964180647,0.488325293190333,0.888904726798927,0.630290328056636
"S046","S057",2098.04793434736,0.0605371449579144,0.0715947280619739,0.701543931209116,0.277891934743002
"S046","S058",1132.00839602378,0.174773174208429,0.144622319492917,0.818321804291563,0.37923909933097
"S046","S059",954.787950358475,0.222210606173676,0.140620552348363,0.825736559289383,0.396189239270474
"S046","S060",2093.76197871014,0.0604406491128209,0.341670720653711,0.678596927778368,0.360236099181633
"S047","S048",1870.20576645708,0.157364166533094,0.0577285783586677,0.676750388043156,0.297281044311639
"S047","S049",241.346019580649,0.942862701920824,0.302705385988901,0.927784125630376,0.7244507378467
"S047","S050",2134.79499351975,0.156593326225399,0.365011325881816,0.64198212175557,0.387862257954262
"S047","S051",1078.23928555316,0.68408510548558,0.220112595245008,0.829232022267438,0.577809907666009
"S047","S052",1205.21966207841,0.436133321111904,0.203833716938696,0.796524207128591,0.47883041505973
"S047","S053",1144.19501102108,0.628857268184119,0.156717764326208,0.820165474114215,0.535246835541514
"S047","S054",183.018241825062,0.702970639472475,0.279191956102556,0.900085315248286,0.627415970274439
"S047","S055",1224.95246264042,0.455522436952124,0.255446873294685,0.727186392615959,0.47938523428759
"S047","S056",210.51886555089,0.861163504095464,0.676184959006741,0.856075704493677,0.797808055865294
"S047","S057",2103.92650112987,0.136860041137823,0.0517040731327433,0.696036435756105,0.29486685000889
"S047","S058",1141.96477465251,0.395120447595975,0.104442927378899,0.796710431570141,0.432091268848338
"S047","S059",966.357767126911,0.502365163129716,0.101552942785018,0.799315812606451,0.467744639507062
"S047","S060",2095.97116380947,0.136641887055098,0.246746770414502,0.673660695821919,0.352349784430506
"S048","S049",1682.90772000139,0.148372803242911,0.190708791553462,0.705117394683314,0.348066329826562
"S048","S050",449.393644104866,0.995101551231913,0.158155581115747,0.89631530305648,0.68319081180138
"S048","S051",810.484494020155,0.230035949140265,0.262268400835535,0.811515093781856,0.434606481252552
"S048","S052",677.946562120274,0.360816656090162,0.283214078738651,0.847980034231696,0.497336923020169
"S048","S053",736.165286951045,0.25023828855075,0.368360144791917,0.818660996588612,0.47908647664376
"S048","S054",1830.40085650326,0.110622388777822,0.206770206292986,0.710052134492686,0.342481576521165
"S048","S055",655.136535808303,0.34545865091961,0.22599054595619,0.907585793853587,0.493011663576462
"S048","S056",1761.05480447114,0.135516277070701,0.0390351963909732,0.783242448934193,0.319264640798623
"S048","S057",236.358982890158,0.869702703944621,0.89564085246489,0.908730584052297,0.891358046820603
"S048","S058",738.679425099077,0.39826885065185,0.55272845952737,0.848826952067453,0.599941420748891
"S048","S059",919.524268702259,0.313246574568828,0.568457956761293,0.843340348849393,0.575014960059838
"S048","S060",301.093731529935,0.868316403063475,0.233958800197025,0.902931350155994,0.668402184472165
"S049","S050",1979.02746030672,0.147646006667648,0.829304091476088,0.658723506457074,0.545224534866936
"S049","S051",876.85823711912,0.644998330901926,0.727151234940625,0.868868027028534,0.747005864290362
"S049","S052",1007.75786063126,0.411213841541271,0.67337327438954,0.831162037097206,0.638583051009339
"S049","S053",947.96780017904,0.592926063002626,0.517723739253039,0.836977959717473,0.649209253991046
"S049","S054",148.723799433562,0.745570524786234,0.922322393407272,0.969628096825011,0.879173671672839
"S049","S055",1054.94001858631,0.429495115690238,0.843879511625378,0.746906769352095,0.67342713222257
"S049","S056",327.927771088747,0.91334984652705,0.204684829016025,0.900253715142163,0.672762796895079
"S049","S057",1918.73592217787,0.129040228172203,0.170806584639492,0.712566953818102,0.337471255543266
"S049","S058",945.54468849585,0.372544332804506,0.345031612297537,0.829447700850944,0.515674548650996
"S049","S059",765.52423719628,0.473661375059379,0.335484426394518,0.836092124626044,0.548412642026647
"S049","S060",1925.10358125663,0.128834538824329,0.815138355098674,0.689245928697414,0.544406274206806
"S050","S051",1152.47619760594,0.228909129828583,0.60302949425815,0.754638485660677,0.52885903658247
"S050","S052",1025.57102430842,0.359049214185631,0.558431211541896,0.78844507325112,0.568641832992883
"S050","S053",1074.09014911126,0.24901250911447,0.429350415216844,0.782613070074604,0.486991998135306
"S050","S054",2127.5499410528,0.11008051067379,0.764885734512668,0.658914591100575,0.511293612095678
"S050","S055",926.513052212688,0.343766439416587,0.699832731703768,0.881764396994001,0.641787856038119
"S050","S056",1992.53547166076,0.134852457530228,0.246815168428392,0.729071114270711,0.37024624674311
"S050","S057",348.448705603284,0.873983869151796,0.141650599492587,0.922191310197645,0.645941926280676
"S050","S058",1076.81598305773,0.396317951091007,0.286136127766938,0.791626170026037,0.491360082961327
"S050","S059",1249.37824339817,0.311712152271523,0.278218607435482,0.782149728238318,0.457360162648441
"S050","S060",176.125434389914,0.87259074411905,0.675997573002418,0.95150582753673,0.833364714886066
"S051","S052",132.595333749351,0.63754248939878,0.926042949572276,0.95630738236728,0.839964273779445
"S051","S053",78.3866988857637,0.91926759279131,0.711989080641956,0.929224337891525,0.853493670441597
"S051","S054",1022.93161361926,0.480891744056794,0.788391608116941,0.872801964447045,0.714028438873593
"S051","S055",269.43166273072,0.665885623439767,0.861676607766049,0.853638148813374,0.793733460006397
"S051","S056",1000.44771358506,0.589109126539477,0.148836826192613,0.965074237215159,0.567673396649083
"S051","S057",1046.84170409461,0.200062886971756,0.234898294098942,0.813514859910518,0.416158680327072
"S051","S058",75.6603274405839,0.577589607532106,0.474497732683779,0.953251904441303,0.668446414885729
"S051","S059",111.970459463721,0.734360621363222,0.461368158746112,0.962260964870895,0.71932991499341
"S051","S060",1071.13227600709,0.199743987932767,0.892058667577485,0.787264600122707,0.626355751877653
"S052","S053",61.2669592019402,0.693533084814742,0.768851035441511,0.935176468673646,0.799186862976633
"S052","S054",1154.34312036582,0.306588919637289,0.730084490198643,0.834770570074167,0.623814659970033
"S052","S055",199.245456889329,0.957435431786956,0.797949547433106,0.890202546439056,0.881862508553039
"S052","S056",1118.68640927984,0.375582099061519,0.137829293532384,0.922970428349576,0.478793940314493
"S052","S057",914.305477604898,0.31380322142987,0.253658098911544,0.848461617607999,0.471974312649804
"S052","S058",63.370093225877,0.905962531339344,0.512392792259735,0.99240656154473,0.803587295047936
"S052","S059",242.334300188475,0.868159962356485,0.49821464431991,0.99069463103262,0.785689745903005
"S052","S060",939.923532267671,0.3133030209816,0.826084639714969,0.821483584853877,0.653623748516815
"S053","S054",1094.87838410881,0.442068195952304,0.561326216249014,0.83113511497832,0.611509842393212
"S053","S055",204.400171921975,0.724365384640438,0.613504335774029,0.886578641082788,0.741482787165751
"S053","S056",1057.62494423521,0.541548928645336,0.105970195046545,0.911640841119768,0.51971998827055
"S053","S057",972.45430130187,0.217632916183062,0.329918394095523,0.848300461231491,0.465283923836692
"S053","S058",2.73193906862419,0.628314989086348,0.666439620472767,0.941184047962017,0.745312885840377
"S053","S059",183.373100988881,0.798854030232234,0.647998924829192,0.930011364862,0.792288106641142
"S053","S060",993.636570306276,0.217286010623147,0.635136030607182,0.820779303587654,0.557733781605994
"S054","S055",1203.66051219395,0.320218898798295,0.91495069149074,0.746297468719226,0.66048901966942
"S054","S056",358.006689584619,0.816303333953813,0.188785401392218,0.903771746326715,0.636286827224249
"S054","S057",2066.37615882275,0.096208590636885,0.185191843828591,0.711437857401419,0.330946097288965
"S054","S058",1092.42696902571,0.277758073715193,0.374090030518407,0.832060093004063,0.494636065745888
"S054","S059",912.009281426893,0.353147959973991,0.3637387846078,0.840678984043788,0.519188576208526
"S054","S060",2073.7502278839,0.0960552347218478,0.883788966770463,0.68824848179675,0.556030894429687
"S055","S056",1106.76669133545,0.392279297999796,0.172729333547167,0.82556105581535,0.463523229120771
"S055","S057",883.718916090733,0.300446322805845,0.202406365229208,0.952985690666041,0.485279459567031
"S055","S058",206.614854221766,0.867400627375689,0.40886359669164,0.894817541652617,0.723693921906648
"S055","S059",338.731942010057,0.906755623965318,0.397550149959618,0.882384732675815,0.728896835533584
"S055","S060",872.044636164273,0.299967413173676,0.965941634877062,0.92216638587564,0.729358477975459
"S056","S057",1990.4283021521,0.117858872596897,0.0349615165717456,0.78688425279982,0.313234880656154
"S056","S058",1055.70495596291,0.340263309191518,0.0706227365682447,0.920466309145257,0.443784118301673
"S056","S059",891.708945891605,0.432618544216275,0.0686685724541011,0.928716603583178,0.476667906751185
"S056","S060",1967.58812345561,0.117671006262585,0.166846454837776,0.761307969062232,0.348608476720864
"S057","S058",974.975472205447,0.346375496308831,0.495046188672699,0.852769581639773,0.564730422207101
"S057","S059",1155.82356827719,0.2724313929039,0.509134168984134,0.841088222979192,0.540884594955742
"S057","S060",173.882301100267,0.998406006012332,0.209543059250126,0.96727148665052,0.725073517304326
"S058","S059",180.848100719237,0.786520397103951,0.972329532823254,0.983588321013814,0.914146083647006
"S058","S060",996.30318400738,0.345823375850239,0.42327981518643,0.82545413337305,0.531519108136573
"S059","S060",1174.78707251543,0.271997138901559,0.411567464953734,0.814474170196224,0.499346258017172
