Original.F,Location.T,coords.x1,coords.x2
C_undulatum_LL_&_UTM,Single Plant,403842.013,6463261.297
C_undulatum_LL_&_UTM,Single Plant,403840.315,6463260.949
C_undulatum_LL_&_UTM,Single Plant,403841.748,6463259.299
C_undulatum_LL_&_UTM,Single Plant,403840.513,6463259.953
C_undulatum_LL_&_UTM,Single Plant,403840.605,6463260.175
C_undulatum_LL_&_UTM,Single Plant,403840.603,6463260.397
C_undulatum_LL_&_UTM,Single Plant,403840.791,6463260.51
C_undulatum_LL_&_UTM,Single Plant,403843.934,6463257.989
C_undulatum_LL_&_UTM,Single Plant,403844.133,6463256.883
C_undulatum_LL_&_UTM,Single Plant,403844.141,6463256.107
C_undulatum_LL_&_UTM,Single Plant,403847.63,6463256.916
C_undulatum_LL_&_UTM,Single Plant,403846.482,6463258.346
C_undulatum_LL_&_UTM,Single Plant,403848.092,6463258.029
C_undulatum_LL_&_UTM,Single Plant,403844.756,6463260.99
C_undulatum_LL_&_UTM,Single Plant,403844.556,6463262.208
C_undulatum_LL_&_UTM,Single Plant,403846.717,6463263.559
C_undulatum_LL_&_UTM,Single Plant,403845.968,6463262.775
C_undulatum_LL_&_UTM,Single Plant,403847.107,6463262.232
C_undulatum_LL_&_UTM,Single Plant,403848.326,6463263.241
C_undulatum_LL_&_UTM,Single Plant,403845.679,6463263.327
C_undulatum_LL_&_UTM,Single Plant,403847.182,6463264.339
C_undulatum_LL_&_UTM,Single Plant,403849.52,6463266.911
C_undulatum_LL_&_UTM,Single Plant,403854.053,6463257.309
C_undulatum_LL_&_UTM,Single Plant,403856.705,6463256.668
C_undulatum_LL_&_UTM,Single Plant,403858.571,6463259.236
C_undulatum_LL_&_UTM,Single Plant,403861.555,6463263.476
C_undulatum_LL_&_UTM,Single Plant,403867.739,6463279.276
C_undulatum_LL_&_UTM,Single Plant,403868.188,6463281.72
C_undulatum_LL_&_UTM,Single Plant,403866.405,6463280.373
C_undulatum_LL_&_UTM,Single Plant,403868.49,6463279.838
C_undulatum_LL_&_UTM,Single Plant,403870.206,6463278.191
C_undulatum_LL_&_UTM,Single Plant,403871.046,6463279.308
C_undulatum_LL_&_UTM,Single Plant,403870.682,6463277.863
C_undulatum_LL_&_UTM,Single Plant,403870.648,6463281.521
C_undulatum_LL_&_UTM,Single Plant,403872.918,6463281.321
C_undulatum_LL_&_UTM,Single Plant,403873.041,6463278.218
C_undulatum_LL_&_UTM,Single Plant,403873.036,6463278.772
C_undulatum_LL_&_UTM,Single Plant,403875.422,6463276.356
C_undulatum_LL_&_UTM,Single Plant,403876.74,6463276.811
C_undulatum_LL_&_UTM,Single Plant,403878.729,6463276.387
C_undulatum_LL_&_UTM,Single Plant,403877.234,6463274.599
C_undulatum_LL_&_UTM,Single Plant,403871.578,6463272.994
C_undulatum_LL_&_UTM,Single Plant,403875.318,6463277.352
C_undulatum_LL_&_UTM,Single Plant,403836.33,6463262.574
C_undulatum_LL_&_UTM,Single Plant,403837.154,6463265.353
C_undulatum_LL_&_UTM,Single Plant,403838.091,6463266.249
C_undulatum_LL_&_UTM,Single Plant,403838.64,6463268.139
C_undulatum_LL_&_UTM,Single Plant,403838.356,6463268.247
C_undulatum_LL_&_UTM,Single Plant,403837.17,6463273.779
C_undulatum_LL_&_UTM,Single Plant,403837.06,6463275.441
C_undulatum_LL_&_UTM,Single Plant,403836.195,6463276.984
C_undulatum_LL_&_UTM,Single Plant,403836.664,6463277.321
C_undulatum_LL_&_UTM,Single Plant,403832.812,6463274.846
C_undulatum_LL_&_UTM,Single Plant,403830.555,6463273.716
C_undulatum_LL_&_UTM,Single Plant,403829.825,6463270.938
C_undulatum_LL_&_UTM,Single Plant,403833.624,6463268.978
C_undulatum_LL_&_UTM,Single Plant,403848.529,6463271.89
C_undulatum_LL_&_UTM,Single Plant,403831.734,6463268.961
C_undulatum_LL_&_UTM,Single Plant,403831.263,6463268.734
C_undulatum_LL_&_UTM,Single Plant,403827.935,6463270.92
C_undulatum_LL_&_UTM,Single Plant,403830.119,6463269.832
C_undulatum_LL_&_UTM,Single Plant,403828.169,6463266.156
C_undulatum_LL_&_UTM,Single Plant,403829.893,6463263.733
C_undulatum_LL_&_UTM,Single Plant,403829.888,6463264.176
C_undulatum_LL_&_UTM,Single Plant,403827.341,6463263.709
C_undulatum_LL_&_UTM,Single Plant,403825.824,6463264.249
C_undulatum_LL_&_UTM,Single Plant,403831.586,6463264.525
C_undulatum_LL_&_UTM,Single Plant,403836.358,6463259.581
C_undulatum_LL_&_UTM,Single Plant,403836.266,6463259.358
C_undulatum_LL_&_UTM,Single Plant,403822.183,6463259.448
C_undulatum_LL_&_UTM,Single Plant,403821.711,6463259.443
C_undulatum_LL_&_UTM,Single Plant,403825.394,6463259.7
C_undulatum_LL_&_UTM,Single Plant,403822.622,6463262.999
C_undulatum_LL_&_UTM,Single Plant,403819.965,6463264.194
C_undulatum_LL_&_UTM,Single Plant,403820.159,6463263.641
C_undulatum_LL_&_UTM,Single Plant,403819.792,6463262.418
C_undulatum_LL_&_UTM,Single Plant,403819.705,6463261.642
C_undulatum_LL_&_UTM,Single Plant,403819.8,6463261.643
C_undulatum_LL_&_UTM,Single Plant,403819.802,6463261.421
C_undulatum_LL_&_UTM,Single Plant,403818.571,6463261.631
C_undulatum_LL_&_UTM,Single Plant,403819.464,6463267.182
C_undulatum_LL_&_UTM,Single Plant,403818.506,6463268.615
C_undulatum_LL_&_UTM,Single Plant,403818.696,6463268.505
C_undulatum_LL_&_UTM,Single Plant,403819.28,6463266.626
C_undulatum_LL_&_UTM,Single Plant,403823.066,6463266.108
C_undulatum_LL_&_UTM,Single Plant,403822.26,6463271.421
C_undulatum_LL_&_UTM,Single Plant,403823.799,6463278.531
C_undulatum_LL_&_UTM,Single Plant,403819.042,6463281.923
C_undulatum_LL_&_UTM,Single Plant,403818.391,6463280.808
C_undulatum_LL_&_UTM,Single Plant,403813.991,6463276.332
C_undulatum_LL_&_UTM,Single Plant,403817.021,6463275.696
C_undulatum_LL_&_UTM,Single Plant,403815.964,6463287.658
C_undulatum_LL_&_UTM,Single Plant,403813.85,6463291.297
C_undulatum_LL_&_UTM,Single Plant,403812.651,6463288.182
C_undulatum_LL_&_UTM,Single Plant,403812.39,6463285.74
C_undulatum_LL_&_UTM,Single Plant,403810.533,6463282.286
C_undulatum_LL_&_UTM,Single Plant,403810.081,6463280.065
C_undulatum_LL_&_UTM,Single Plant,403811.608,6463278.527
C_undulatum_LL_&_UTM,Single Plant,403812.085,6463277.977
C_undulatum_LL_&_UTM,Single Plant,403811.338,6463277.083
C_undulatum_LL_&_UTM,Single Plant,403812.283,6463277.092
C_undulatum_LL_&_UTM,Single Plant,403812.291,6463276.205
C_undulatum_LL_&_UTM,Single Plant,403812.092,6463277.312
C_undulatum_LL_&_UTM,Single Plant,403811.324,6463278.524
C_undulatum_LL_&_UTM,Single Plant,403809.154,6463278.171
C_undulatum_LL_&_UTM,Single Plant,403808.03,6463277.052
C_undulatum_LL_&_UTM,Single Plant,403810.419,6463274.303
C_undulatum_LL_&_UTM,Single Plant,403809.288,6463273.96
C_undulatum_LL_&_UTM,Single Plant,403809.182,6463275.178
C_undulatum_LL_&_UTM,Single Plant,403809.182,6463275.178
C_undulatum_LL_&_UTM,Single Plant,403809.749,6463275.184
C_undulatum_LL_&_UTM,Single Plant,403809.755,6463274.519
C_undulatum_LL_&_UTM,Single Plant,403811.655,6463273.539
C_undulatum_LL_&_UTM,Single Plant,403812.046,6463272.101
C_undulatum_LL_&_UTM,Single Plant,403814.501,6463272.346
C_undulatum_LL_&_UTM,Single Plant,403814.508,6463271.57
C_undulatum_LL_&_UTM,Single Plant,403815.66,6463269.696
C_undulatum_LL_&_UTM,Single Plant,403813.964,6463269.126
C_undulatum_LL_&_UTM,Single Plant,403812.205,6463265.229
C_undulatum_LL_&_UTM,Single Plant,403809.25,6463267.973
C_undulatum_LL_&_UTM,Single Plant,403806.735,6463264.069
C_undulatum_LL_&_UTM,Single Plant,403804.37,6463264.269
C_undulatum_LL_&_UTM,Single Plant,403804.375,6463263.715
C_undulatum_LL_&_UTM,Single Plant,403805.567,6463267.606
C_undulatum_LL_&_UTM,Single Plant,403807.623,6463270.064
C_undulatum_LL_&_UTM,Single Plant,403808.757,6463270.075
C_undulatum_LL_&_UTM,Single Plant,403808.374,6463270.626
C_undulatum_LL_&_UTM,Single Plant,403798.226,6463264.433
C_undulatum_LL_&_UTM,Single Plant,403800.116,6463264.451
C_undulatum_LL_&_UTM,Single Plant,403798.842,6463269.206
C_undulatum_LL_&_UTM,Single Plant,403802.383,6463274.56
C_undulatum_LL_&_UTM,Single Plant,403794.517,6463276.925
C_undulatum_LL_&_UTM,Single Plant,403794.123,6463278.584
C_undulatum_LL_&_UTM,Single Plant,403796.671,6463278.941
C_undulatum_LL_&_UTM,Single Plant,403803.008,6463278.446
C_undulatum_LL_&_UTM,Single Plant,403804.98,6463279.795
C_undulatum_LL_&_UTM,Single Plant,403804.679,6463281.677
C_undulatum_LL_&_UTM,Single Plant,403805.345,6463281.24
C_undulatum_LL_&_UTM,Single Plant,403804.48,6463282.783
C_undulatum_LL_&_UTM,Single Plant,403804.198,6463282.559
C_undulatum_LL_&_UTM,Single Plant,403802.479,6463284.428
C_undulatum_LL_&_UTM,Single Plant,403802.489,6463283.43
C_undulatum_LL_&_UTM,Single Plant,403803.529,6463283.329
C_undulatum_LL_&_UTM,Single Plant,403803.531,6463283.107
C_undulatum_LL_&_UTM,Single Plant,403802.016,6463283.425
C_undulatum_LL_&_UTM,Single Plant,403800.867,6463285.078
C_undulatum_LL_&_UTM,Single Plant,403803.865,6463287.877
C_undulatum_LL_&_UTM,Single Plant,403801.124,6463287.851
C_undulatum_LL_&_UTM,Single Plant,403796.549,6463291.91
C_undulatum_LL_&_UTM,Single Plant,403792.955,6463292.209
C_undulatum_LL_&_UTM,Single Plant,403792.326,6463288.766
C_undulatum_LL_&_UTM,Single Plant,403792.039,6463289.096
C_undulatum_LL_&_UTM,Single Plant,403786.655,6463288.824
C_undulatum_LL_&_UTM,Single Plant,403785.715,6463288.261
C_undulatum_LL_&_UTM,Single Plant,403784.997,6463284.263
C_undulatum_LL_&_UTM,Single Plant,403785.48,6463283.159
C_undulatum_LL_&_UTM,Single Plant,403787.367,6463283.509
C_undulatum_LL_&_UTM,Single Plant,403787.356,6463284.618
C_undulatum_LL_&_UTM,Single Plant,403790.191,6463284.645
C_undulatum_LL_&_UTM,Single Plant,403789.535,6463284.084
C_undulatum_LL_&_UTM,Single Plant,403788.312,6463283.518
C_undulatum_LL_&_UTM,Single Plant,403788.876,6463283.745
C_undulatum_LL_&_UTM,Single Plant,403788.608,6463282.191
C_undulatum_LL_&_UTM,Single Plant,403792.835,6463284.891
C_undulatum_LL_&_UTM,Single Plant,403795.475,6463285.581
C_undulatum_LL_&_UTM,Single Plant,403794.092,6463281.91
C_undulatum_LL_&_UTM,Single Plant,403788.938,6463277.205
C_undulatum_LL_&_UTM,Single Plant,403785.547,6463275.954
C_undulatum_LL_&_UTM,Single Plant,403781.766,6463276.029
C_undulatum_LL_&_UTM,Single Plant,403781.762,6463276.472
C_undulatum_LL_&_UTM,Single Plant,403771.296,6463283.912
C_undulatum_LL_&_UTM,Single Plant,403781.275,6463288.108
C_undulatum_LL_&_UTM,Single Plant,403780.81,6463287.328
C_undulatum_LL_&_UTM,Single Plant,403780.722,6463286.551
C_undulatum_LL_&_UTM,Single Plant,403779.63,6463282.106
C_undulatum_LL_&_UTM,Single Plant,403786.114,6463275.959
C_undulatum_LL_&_UTM,Single Plant,403787.993,6463267.108
C_undulatum_LL_&_UTM,Single Plant,403787.389,6463261.005
C_undulatum_LL_&_UTM,Single Plant,403789.484,6463259.362
C_undulatum_LL_&_UTM,Single Plant,403786.759,6463257.673
C_undulatum_LL_&_UTM,Single Plant,403785.724,6463257.22
C_undulatum_LL_&_UTM,Single Plant,403783.738,6463267.401
C_undulatum_LL_&_UTM,Single Plant,403771.667,6463254.538
C_undulatum_LL_&_UTM,Single Plant,403777.014,6463258.801
C_undulatum_LL_&_UTM,Single Plant,403778.091,6463264.909
C_undulatum_LL_&_UTM,Single Plant,403776.498,6463263.452
C_undulatum_LL_&_UTM,Single Plant,403773.402,6463260.984
C_undulatum_LL_&_UTM,Single Plant,403773.195,6463262.867
C_undulatum_LL_&_UTM,Single Plant,403773.64,6463265.864
C_undulatum_LL_&_UTM,Single Plant,403772.513,6463265.078
C_undulatum_LL_&_UTM,Single Plant,403773.605,6463269.522
C_undulatum_LL_&_UTM,Single Plant,403774.994,6463272.64
C_undulatum_LL_&_UTM,Single Plant,403775.929,6463273.646
C_undulatum_LL_&_UTM,Single Plant,403774.599,6463284.498
C_undulatum_LL_&_UTM,Single Plant,403774.123,6463284.826
C_undulatum_LL_&_UTM,Single Plant,403759.292,6463284.132
C_undulatum_LL_&_UTM,Single Plant,403753.873,6463277.429
C_undulatum_LL_&_UTM,Single Plant,403755.845,6463278.778
C_undulatum_LL_&_UTM,Single Plant,403756.716,6463276.569
C_undulatum_LL_&_UTM,Single Plant,403757.203,6463275.133
C_undulatum_LL_&_UTM,Single Plant,403751.585,6463279.514
C_undulatum_LL_&_UTM,Single Plant,403734.097,6463279.904
C_undulatum_LL_&_UTM,Single Plant,403732.411,6463278.336
C_undulatum_LL_&_UTM,Single Plant,403715.438,6463274.296
C_undulatum_LL_&_UTM,Single Plant,403710.246,6463273.582
C_undulatum_LL_&_UTM,Single Plant,403706.941,6463273.329
C_undulatum_LL_&_UTM,Single Plant,403705.523,6463273.316
C_undulatum_LL_&_UTM,Single Plant,403705.791,6463274.981
C_undulatum_LL_&_UTM,Single Plant,403702.381,6463275.836
C_undulatum_LL_&_UTM,Single Plant,403701.436,6463275.827
C_undulatum_LL_&_UTM,Single Plant,403701.071,6463274.383
C_undulatum_LL_&_UTM,Single Plant,403698.63,6463272.697
C_undulatum_LL_&_UTM,Single Plant,403697.204,6463273.57
C_undulatum_LL_&_UTM,Single Plant,403691.963,6463278.177
C_undulatum_LL_&_UTM,Single Plant,403691.6,6463276.511
C_undulatum_LL_&_UTM,Single Plant,403691.338,6463274.291
C_undulatum_LL_&_UTM,Single Plant,403691.002,6463279.831
C_undulatum_LL_&_UTM,Single Plant,403693.339,6463282.624
C_undulatum_LL_&_UTM,Single Plant,403693.619,6463282.96
C_undulatum_LL_&_UTM,Single Plant,403693.591,6463285.952
C_undulatum_LL_&_UTM,Single Plant,403691.683,6463287.819
C_undulatum_LL_&_UTM,Single Plant,403689.645,6463283.476
C_undulatum_LL_&_UTM,Single Plant,403689.828,6463284.032
C_undulatum_LL_&_UTM,Single Plant,403688.143,6463282.354
C_undulatum_LL_&_UTM,Single Plant,403685.91,6463278.674
C_undulatum_LL_&_UTM,Single Plant,403682.736,6463284.52
C_undulatum_LL_&_UTM,Single Plant,403685.362,6463286.651
C_undulatum_LL_&_UTM,Single Plant,403686.491,6463287.216
C_undulatum_LL_&_UTM,Single Plant,403687.897,6463288.449
C_undulatum_LL_&_UTM,Single Plant,403685.735,6463287.209
C_undulatum_LL_&_UTM,Single Plant,403685.077,6463286.759
C_undulatum_LL_&_UTM,Single Plant,403684.319,6463286.974
C_undulatum_LL_&_UTM,Single Plant,403684.794,6463286.756
C_undulatum_LL_&_UTM,Single Plant,403684.773,6463288.973
C_undulatum_LL_&_UTM,Single Plant,403686.688,6463296.419
C_undulatum_LL_&_UTM,Single Plant,403685.256,6463297.847
C_undulatum_LL_&_UTM,Single Plant,403684.042,6463296.394
C_undulatum_LL_&_UTM,Single Plant,403679.817,6463293.361
C_undulatum_LL_&_UTM,Single Plant,403675.926,6463285.01
C_undulatum_LL_&_UTM,Single Plant,403667.808,6463284.047
C_undulatum_LL_&_UTM,Single Plant,403659.279,6463286.516
C_undulatum_LL_&_UTM,Single Plant,403667.146,6463284.04
C_undulatum_LL_&_UTM,Single Plant,403668.094,6463283.717
C_undulatum_LL_&_UTM,Single Plant,403668.76,6463283.28
C_undulatum_LL_&_UTM,Single Plant,403672.359,6463282.427
C_undulatum_LL_&_UTM,Single Plant,403677.767,6463280.26
C_undulatum_LL_&_UTM,Single Plant,403673.308,6463282.103
C_undulatum_LL_&_UTM,Single Plant,403671.128,6463282.748
C_undulatum_LL_&_UTM,Single Plant,403670.467,6463282.631
C_undulatum_LL_&_UTM,Single Plant,403669.519,6463282.954
C_undulatum_LL_&_UTM,Single Plant,403669.8,6463283.289
C_undulatum_LL_&_UTM,Single Plant,403669.7,6463283.843
C_undulatum_LL_&_UTM,Single Plant,403670.267,6463283.848
C_undulatum_LL_&_UTM,Single Plant,403670.178,6463283.293
C_undulatum_LL_&_UTM,Single Plant,403669.69,6463284.84
C_undulatum_LL_&_UTM,Single Plant,403644.089,6463574.607
C_undulatum_LL_&_UTM,Single Plant,403644.363,6463575.608
C_undulatum_LL_&_UTM,Single Plant,403644.736,6463576.166
C_undulatum_LL_&_UTM,Single Plant,403645.206,6463576.503
C_undulatum_LL_&_UTM,Single Plant,403644.831,6463576.166
C_undulatum_LL_&_UTM,Single Plant,403646.154,6463576.179
C_undulatum_LL_&_UTM,Single Plant,403647.381,6463576.301
C_undulatum_LL_&_UTM,Single Plant,403644.271,6463575.385
C_undulatum_LL_&_UTM,Single Plant,403642.013,6463574.255
C_undulatum_LL_&_UTM,Single Plant,403642.2,6463574.479
C_undulatum_LL_&_UTM,Single Plant,403646.639,6463574.853
C_undulatum_LL_&_UTM,Single Plant,403646.45,6463574.851
C_undulatum_LL_&_UTM,Single Plant,403646.915,6463575.632
C_undulatum_LL_&_UTM,Single Plant,403646.92,6463575.078
C_undulatum_LL_&_UTM,Single Plant,403647.109,6463575.079
C_undulatum_LL_&_UTM,Single Plant,403644.263,6463576.272
C_undulatum_LL_&_UTM,Single Plant,403644.552,6463575.61
C_undulatum_LL_&_UTM,Single Plant,403644.554,6463575.388
C_undulatum_LL_&_UTM,Single Plant,403644.273,6463575.163
C_undulatum_LL_&_UTM,Single Plant,403643.896,6463575.049
C_undulatum_LL_&_UTM,Single Plant,403645.034,6463574.616
C_undulatum_LL_&_UTM,Single Plant,403645.814,6463572.074
C_undulatum_LL_&_UTM,Single Plant,403645.725,6463571.519
C_undulatum_LL_&_UTM,Single Plant,403645.242,6463572.623
C_undulatum_LL_&_UTM,Single Plant,403643.926,6463571.834
C_undulatum_LL_&_UTM,Single Plant,403644.773,6463572.286
C_undulatum_LL_&_UTM,Single Plant,403646.488,6463570.75
C_undulatum_LL_&_UTM,Single Plant,403645.363,6463569.853
C_undulatum_LL_&_UTM,Single Plant,403644.131,6463570.173
C_undulatum_LL_&_UTM,Single Plant,403643.654,6463570.612
C_undulatum_LL_&_UTM,Single Plant,403643.835,6463571.501
C_undulatum_LL_&_UTM,Single Plant,403644.115,6463571.836
C_undulatum_LL_&_UTM,Single Plant,403643.194,6463569.278
C_undulatum_LL_&_UTM,Single Plant,403644.131,6463570.173
C_undulatum_LL_&_UTM,Single Plant,403642.709,6463570.604
C_undulatum_LL_&_UTM,Single Plant,403645.061,6463571.734
C_undulatum_LL_&_UTM,Single Plant,403646.749,6463573.191
C_undulatum_LL_&_UTM,Single Plant,403647.132,6463572.641
C_undulatum_LL_&_UTM,Single Plant,403646.658,6463572.858
C_undulatum_LL_&_UTM,Single Plant,403645.271,6463569.519
C_undulatum_LL_&_UTM,Single Plant,403645.37,6463569.077
C_undulatum_LL_&_UTM,Single Plant,403645.277,6463568.965
C_undulatum_LL_&_UTM,Single Plant,403646.224,6463568.752
C_undulatum_LL_&_UTM,Single Plant,403647.23,6463572.309
C_undulatum_LL_&_UTM,Single Plant,403647.596,6463573.532
C_undulatum_LL_&_UTM,Single Plant,403652.128,6463574.018
C_undulatum_LL_&_UTM,Single Plant,403651.393,6463571.794
C_undulatum_LL_&_UTM,Single Plant,403650.92,6463571.9
C_undulatum_LL_&_UTM,Single Plant,403650.744,6463570.457
C_undulatum_LL_&_UTM,Single Plant,403655.919,6463572.945
C_undulatum_LL_&_UTM,Single Plant,403657.517,6463573.847
C_undulatum_LL_&_UTM,Single Plant,403649.607,6463570.779
C_undulatum_LL_&_UTM,Single Plant,403646.024,6463569.859
C_undulatum_LL_&_UTM,Single Plant,403645.559,6463569.078
C_undulatum_LL_&_UTM,Single Plant,403647.001,6463566.542
C_undulatum_LL_&_UTM,Single Plant,403646.531,6463566.205
C_undulatum_LL_&_UTM,Single Plant,403646.342,6463566.203
C_undulatum_LL_&_UTM,Single Plant,403646.724,6463565.764
C_undulatum_LL_&_UTM,Single Plant,403646.806,6463567.095
C_undulatum_LL_&_UTM,Single Plant,403646.704,6463567.981
C_undulatum_LL_&_UTM,Single Plant,403645.399,6463565.973
C_undulatum_LL_&_UTM,Single Plant,403643.707,6463565.07
C_undulatum_LL_&_UTM,Single Plant,403643.896,6463565.072
C_undulatum_LL_&_UTM,Single Plant,403644.662,6463563.97
C_undulatum_LL_&_UTM,Single Plant,403645.919,6463560.989
C_undulatum_LL_&_UTM,Single Plant,403647.076,6463558.561
C_undulatum_LL_&_UTM,Single Plant,403645.848,6463558.439
C_undulatum_LL_&_UTM,Single Plant,403645.845,6463558.771
C_undulatum_LL_&_UTM,Single Plant,403648.68,6463558.798
C_undulatum_LL_&_UTM,Single Plant,403650.373,6463559.701
C_undulatum_LL_&_UTM,Single Plant,403651.148,6463557.712
C_undulatum_LL_&_UTM,Single Plant,403651.167,6463555.717
C_undulatum_LL_&_UTM,Single Plant,403649.759,6463554.595
C_undulatum_LL_&_UTM,Single Plant,403648.528,6463554.916
C_undulatum_LL_&_UTM,Single Plant,403648.72,6463554.586
C_undulatum_LL_&_UTM,Single Plant,403653.263,6463553.852
C_undulatum_LL_&_UTM,Single Plant,403656.09,6463554.766
C_undulatum_LL_&_UTM,Single Plant,403656.38,6463554.103
C_undulatum_LL_&_UTM,Single Plant,403657.54,6463551.343
C_undulatum_LL_&_UTM,Single Plant,403657.734,6463550.79
C_undulatum_LL_&_UTM,Single Plant,403657.07,6463551.117
C_undulatum_LL_&_UTM,Single Plant,403659.886,6463553.139
C_undulatum_LL_&_UTM,Single Plant,403662.255,6463552.496
C_undulatum_LL_&_UTM,Single Plant,403662.273,6463550.611
C_undulatum_LL_&_UTM,Single Plant,403653.681,6463539.666
C_undulatum_LL_&_UTM,Single Plant,403640.582,6463545.64
C_undulatum_LL_&_UTM,Single Plant,403635.318,6463552.575
C_undulatum_LL_&_UTM,Single Plant,403642.404,6463552.863
C_undulatum_LL_&_UTM,Single Plant,403633.584,6463556.106
C_undulatum_LL_&_UTM,Single Plant,403633.369,6463558.875
C_undulatum_LL_&_UTM,Single Plant,403637.841,6463565.68
C_undulatum_LL_&_UTM,Single Plant,403631.693,6463556.199
C_undulatum_LL_&_UTM,Single Plant,403631.556,6463550.655
C_undulatum_LL_&_UTM,Single Plant,403626.075,6463550.603
C_undulatum_LL_&_UTM,Single Plant,403626.363,6463550.051
C_undulatum_LL_&_UTM,Single Plant,403636.415,6463536.51
C_undulatum_LL_&_UTM,Single Plant,403632.661,6463533.704
C_undulatum_LL_&_UTM,Single Plant,403633.126,6463534.484
C_undulatum_LL_&_UTM,Single Plant,403633.368,6463538.921
C_undulatum_LL_&_UTM,Single Plant,403632.312,6463540.574
C_undulatum_LL_&_UTM,Single Plant,403632.882,6463540.357
C_undulatum_LL_&_UTM,Single Plant,403631.656,6463540.013
C_undulatum_LL_&_UTM,Single Plant,403648.358,6463552.919
C_undulatum_LL_&_UTM,Single Plant,403646.391,6463560.993
C_undulatum_LL_&_UTM,Single Plant,403584.052,6463306.316
C_undulatum_LL_&_UTM,Single Plant,403617.769,6463295.671
C_undulatum_LL_&_UTM,Single Plant,403595.025,6463315.288
C_undulatum_LL_&_UTM,Single Plant,403585.835,6463307.663
C_undulatum_LL_&_UTM,Single Plant,403495.579,6461785.819
C_undulatum_LL_&_UTM,Single Plant,403491.308,6461787.774
C_undulatum_LL_&_UTM,Single Plant,403696.358,6461838.375
C_undulatum_LL_&_UTM,Single Plant,403693.993,6461838.685
C_undulatum_LL_&_UTM,Single Plant,403694.289,6461837.358
C_undulatum_LL_&_UTM,Single Plant,403375.157,6461449.663
C_undulatum_LL_&_UTM,Single Plant,403374.774,6461450.213
C_undulatum_LL_&_UTM,Single Plant,403373.714,6461452.42
C_undulatum_LL_&_UTM,Single Plant,403374.03,6461448.987
C_undulatum_LL_&_UTM,Single Plant,403354.012,6461467.422
C_undulatum_LL_&_UTM,Single Plant,403355.438,6461466.549
C_undulatum_LL_&_UTM,Single Plant,403390.43,6461433.4
C_undulatum_LL_&_UTM,Single Plant,403419.092,6461410.057
C-undulatum ALL,Single Plant,408569.085,6464711.656
C-undulatum ALL,Single Plant,408538.063,6464692.643
C-undulatum ALL,Single Plant,408441.281,6464628.589
C-undulatum ALL,Single Plant,408458.355,6464621.758
C-undulatum ALL,Single Plant,408475.895,6464615.818
C-undulatum ALL,Single Plant,408559.784,6464641.843
C-undulatum ALL,Single Plant,408535.053,6464648.717
C-undulatum ALL,Single Plant,408495.324,6464662.773
C-undulatum ALL,Single Plant,408486.977,6464666.024
C-undulatum ALL,Single Plant,408464.435,6464671.144
C-undulatum ALL,Single Plant,408432.388,6464671.744
C-undulatum ALL,Single Plant,408413.323,6464710.817
C-undulatum ALL,Single Plant,408429.644,6464714.289
C-undulatum ALL,Single Plant,408454.118,6464715.062
C-undulatum ALL,Single Plant,408470.933,6464716.099
C-undulatum ALL,Single Plant,408478.333,6464702.53
C-undulatum ALL,Single Plant,408481.195,6464710.094
C-undulatum ALL,Single Plant,408487.055,6464710.146
C-undulatum ALL,Single Plant,408485.694,6464703.815
C-undulatum ALL,Single Plant,408493.861,6464688.922
C-undulatum ALL,Single Plant,408494.718,6464698.796
C-undulatum ALL,Single Plant,408499.055,6464689.412
C-undulatum ALL,Single Plant,408503.382,6464681.248
C-undulatum ALL,Single Plant,408509.158,6464701.254
C-undulatum ALL,Single Plant,408508.872,6464701.473
C-undulatum ALL,Single Plant,408522.196,6464722.987
C-undulatum ALL,Single Plant,408536.361,6464713.913
C-undulatum ALL,Single Plant,408577.926,6464716.501
C-undulatum ALL,Single Plant,408567.782,6464719.958
C-undulatum ALL,Single Plant,407700.058,6464911.49
C-undulatum ALL,Single Plant,407665.161,6464923.923
C-undulatum ALL,Single Plant,407679.237,6464935.358
C-undulatum ALL,Single Plant,407679.841,6464920.73
C-undulatum ALL,Single Plant,407673.229,6464899.275
C-undulatum ALL,Single Plant,407655.779,6464895.237
C-undulatum ALL,Single Plant,407649.607,6464898.286
C-undulatum ALL,Single Plant,407543.578,6464958.3
C-undulatum ALL,Single Plant,407546.854,6464961.877
C-undulatum ALL,Single Plant,407580.261,6464978.364
C-undulatum ALL,Single Plant,407607.012,6464978.273
C-undulatum ALL,Single Plant,407625.892,6464980.993
C-undulatum ALL,Single Plant,407626.522,6464984.546
C-undulatum ALL,Single Plant,407626.788,6464986.433
C-undulatum ALL,Single Plant,407625.054,6464990.076
C-undulatum ALL,Single Plant,407624.191,6464991.399
C-undulatum ALL,Single Plant,407621.976,6464995.924
C-undulatum ALL,Single Plant,407620.818,6464998.574
C-undulatum ALL,Single Plant,407619.099,6465000.554
C-undulatum ALL,Single Plant,407617.853,6465002.427
C-undulatum ALL,Single Plant,407615.965,6465002.188
C-undulatum ALL,Single Plant,407614.091,6465000.287
C-undulatum ALL,Single Plant,407609.538,6464991.599
C-undulatum ALL,Single Plant,407609.75,6464989.051
C-undulatum ALL,Single Plant,407609.073,6464990.819
C-undulatum ALL,Single Plant,407606.705,6464991.352
C-undulatum ALL,Single Plant,407606.72,6464989.689
C-undulatum ALL,Single Plant,407606.444,6464988.799
C-undulatum ALL,Single Plant,407605.199,6464990.673
C-undulatum ALL,Single Plant,407604.991,6464992.666
C-undulatum ALL,Single Plant,407604.769,6464996.323
C-undulatum ALL,Single Plant,407591.488,6465001.635
C-undulatum ALL,Single Plant,407591.011,6465002.185
C-undulatum ALL,Single Plant,407590.719,6465003.069
C-undulatum ALL,Single Plant,407590.41,6465005.838
C-undulatum ALL,Single Plant,407588.577,6464999.502
C-undulatum ALL,Single Plant,407587.677,6464994.505
C-undulatum ALL,Single Plant,407548.3,6464969.207
C-undulatum ALL,Single Plant,407550.85,6464969.452
C-undulatum ALL,Single Plant,407551.99,6464968.908
C-undulatum ALL,Single Plant,407555.323,6464966.166
C-undulatum ALL,Single Plant,407554.191,6464965.823
C-undulatum ALL,Single Plant,407553.994,6464966.708
C-undulatum ALL,Single Plant,407553.898,6464966.929
C-undulatum ALL,Single Plant,407551.99,6464968.908
C-undulatum ALL,Single Plant,407546.296,6464971.406
C-undulatum ALL,Single Plant,407550.987,6464985.749
C-undulatum ALL,Single Plant,407554.781,6464984.231
C-undulatum ALL,Single Plant,407558.067,6464986.7
C-undulatum ALL,Single Plant,407561.821,6464989.727
C-undulatum ALL,Single Plant,407565.325,6464988.982
C-undulatum ALL,Single Plant,407568.449,6464988.456
C-undulatum ALL,Single Plant,407572.699,6464988.827
C-undulatum ALL,Single Plant,407572.386,6464992.15
C-undulatum ALL,Single Plant,407576.127,6464996.507
C-undulatum ALL,Single Plant,407576.873,6464997.623
C-undulatum ALL,Single Plant,407577.236,6464999.289
C-undulatum ALL,Single Plant,407576.29,6464999.391
C-undulatum ALL,Single Plant,407576.562,6465000.724
C-undulatum ALL,Single Plant,407577.787,6465001.068
C-undulatum ALL,Single Plant,407578.923,6465000.967
C-undulatum ALL,Single Plant,407579.203,6465001.302
C-undulatum ALL,Single Plant,407579.673,6465001.639
C-undulatum ALL,Single Plant,407580.332,6465001.867
C-undulatum ALL,Single Plant,407580.324,6465002.753
C-undulatum ALL,Single Plant,407579.365,6465004.297
C-undulatum ALL,Single Plant,407579.648,6465004.41
C-undulatum ALL,Single Plant,407580.496,6465004.639
C-undulatum ALL,Single Plant,407580.775,6465005.196
C-undulatum ALL,Single Plant,407581.72,6465005.205
C-undulatum ALL,Single Plant,407583.329,6465004.998
C-undulatum ALL,Single Plant,407588.154,6465004.487
C-undulatum ALL,Single Plant,407594.318,6465002.325
C-undulatum ALL,Single Plant,407601.869,6464992.971
C-undulatum ALL,Single Plant,407601.402,6464992.412
C-undulatum ALL,Single Plant,407600.564,6464990.963
C-undulatum ALL,Single Plant,407600.472,6464990.741
C-undulatum ALL,Single Plant,407599.527,6464990.732
C-undulatum ALL,Single Plant,407598.385,6464991.498
C-undulatum ALL,Single Plant,407597.159,6464991.265
C-undulatum ALL,Single Plant,407597.714,6464992.601
C-undulatum ALL,Single Plant,407598.181,6464993.159
C-undulatum ALL,Single Plant,407599.318,6464992.948
C-undulatum ALL,Single Plant,407598.363,6464993.937
C-undulatum ALL,Single Plant,407597.606,6464994.041
C-undulatum ALL,Single Plant,407598.355,6464994.824
C-undulatum ALL,Single Plant,407600.435,6464994.842
C-undulatum ALL,Single Plant,407602.408,6464996.19
C-undulatum ALL,Single Plant,407602.397,6464997.41
C-undulatum ALL,Single Plant,407601.817,6464998.735
C-undulatum ALL,Single Plant,407599.711,6465001.709
C-undulatum ALL,Single Plant,407602.804,6465004.619
C-undulatum ALL,Single Plant,407607.216,6465007.985
C-undulatum ALL,Single Plant,407609.386,6465008.448
C-undulatum ALL,Single Plant,407614.591,6465007.719
C-undulatum ALL,Single Plant,407622.752,6465014.666
C-undulatum ALL,Single Plant,407633.834,6465022.637
C-undulatum ALL,Single Plant,406838.88,6466581.741
C-undulatum ALL,Single Plant,406836.053,6466580.717
C-undulatum ALL,Single Plant,406832.76,6466579.025
C-undulatum ALL,Single Plant,406831.071,6466577.568
C-undulatum ALL,Single Plant,406827.801,6466573.326
C-undulatum ALL,Single Plant,406848.277,6466525.622
C-undulatum ALL,Single Plant,406853.638,6466518.243
C-undulatum ALL,Single Plant,406874.468,6466618.759
C-undulatum ALL,Single Plant,406874.177,6466619.532
C-undulatum ALL,Single Plant,406871.552,6466617.069
C-undulatum ALL,Single Plant,406871.182,6466616.179
C-undulatum ALL,Single Plant,406869.675,6466615.611
C-undulatum ALL,Single Plant,406865.981,6466616.353
C-undulatum ALL,Single Plant,406862.901,6466612.002
C-undulatum ALL,Single Plant,406862.757,6466607.012
C-undulatum ALL,Single Plant,406881.952,6466565.061
C-undulatum ALL,Single Plant,406881.286,6466565.498
C-undulatum ALL,Single Plant,406881.02,6466563.611
C-undulatum ALL,Single Plant,406879.234,6466562.486
C-undulatum ALL,Single Plant,406879.152,6466561.044
C-undulatum ALL,Single Plant,406881.065,6466558.623
C-undulatum ALL,Single Plant,406882.976,6466556.423
C-undulatum ALL,Single Plant,406885.359,6466554.228
C-undulatum ALL,Single Plant,406889.258,6466551.713
C-undulatum ALL,Single Plant,406894.672,6466548.991
C-undulatum ALL,Single Plant,406903.676,6466546.412
C-undulatum ALL,Single Plant,406906.356,6466542.778
C-undulatum ALL,Single Plant,406906.768,6466539.124
C-undulatum ALL,Single Plant,406909.502,6466529.504
C-undulatum ALL,Single Plant,406909.321,6466528.616
C-undulatum ALL,Single Plant,406909.35,6466525.401
C-undulatum ALL,Single Plant,406909.558,6466523.407
C-undulatum ALL,Single Plant,406905.847,6466515.614
C-undulatum ALL,Single Plant,406905.602,6466511.399
C-undulatum ALL,Single Plant,406904.672,6466509.728
C-undulatum ALL,Single Plant,406901.866,6466506.376
C-undulatum ALL,Single Plant,406904.832,6466502.523
C-undulatum ALL,Single Plant,406906.711,6466503.76
C-undulatum ALL,Single Plant,406911.791,6466506.577
C-undulatum ALL,Single Plant,406916.986,6466507.068
C-undulatum ALL,Single Plant,406914.473,6466502.722
C-undulatum ALL,Single Plant,406915.727,6466499.962
C-undulatum ALL,Single Plant,406917.355,6466497.649
C-undulatum ALL,Single Plant,406920.193,6466497.453
C-undulatum ALL,Single Plant,406922.375,6466496.586
C-undulatum ALL,Single Plant,406926.051,6466497.838
C-undulatum ALL,Single Plant,406929.58,6466504.744
C-undulatum ALL,Single Plant,406923.398,6466508.9
C-undulatum ALL,Single Plant,406919.87,6466512.194
C-undulatum ALL,Single Plant,406914.132,6466519.347
C-undulatum ALL,Single Plant,406911.137,6466526.415
C-undulatum ALL,Single Plant,406904.212,6466539.433
C-undulatum ALL,Single Plant,406905.337,6466540.552
C-undulatum ALL,Single Plant,406907.03,6466541.454
C-undulatum ALL,Single Plant,406908.911,6466542.58
C-undulatum ALL,Single Plant,406914.676,6466553.164
C-undulatum ALL,Single Plant,406913.19,6466560.578
C-undulatum ALL,Single Plant,406915.067,6466572.568
C-undulatum ALL,Single Plant,406912.674,6466575.761
C-undulatum ALL,Single Plant,406912.812,6466581.416
C-undulatum ALL,Single Plant,406916.355,6466576.459
C-undulatum ALL,Single Plant,406916.157,6466577.455
C-undulatum ALL,Single Plant,406916.867,6466582.561
C-undulatum ALL,Single Plant,406917.957,6466587.449
C-undulatum ALL,Single Plant,406921.255,6466588.587
C-undulatum ALL,Single Plant,406923.816,6466587.613
C-undulatum ALL,Single Plant,406929.765,6466567.602
C-undulatum ALL,Single Plant,406934.393,6466547.246
C-undulatum ALL,Single Plant,406934.897,6466543.814
C-undulatum ALL,Single Plant,406937.727,6466513.354
C-undulatum ALL,Single Plant,406930.005,6466510.069
C-undulatum ALL,Single Plant,406926.975,6466510.595
C-undulatum ALL,Single Plant,406931.429,6466509.417
C-undulatum ALL,Single Plant,406931.642,6466506.758
C-undulatum ALL,Single Plant,406935.265,6466503.354
C-undulatum ALL,Single Plant,406936.042,6466501.144
C-undulatum ALL,Single Plant,406933.702,6466498.462
C-undulatum ALL,Single Plant,406932.293,6466497.563
C-undulatum ALL,Single Plant,406937.031,6466496.275
C-undulatum ALL,Single Plant,406939.295,6466496.85
C-undulatum ALL,Single Plant,406943.363,6466496.555
C-undulatum ALL,Single Plant,406945.442,6466496.574
C-undulatum ALL,Single Plant,406951.87,6466496.632
C-undulatum ALL,Single Plant,406959.37,6466503.573
C-undulatum ALL,Single Plant,406958.687,6466505.895
C-undulatum ALL,Single Plant,406952.637,6466516.261
C-undulatum ALL,Single Plant,406953.286,6466517.708
C-undulatum ALL,Single Plant,406949.399,6466529.313
C-undulatum ALL,Single Plant,406946.819,6466532.282
C-undulatum ALL,Single Plant,406939.817,6466543.415
C-undulatum ALL,Single Plant,406940.298,6466542.533
C-undulatum ALL,Single Plant,406940.586,6466541.981
C-undulatum ALL,Single Plant,406939.45,6466542.192
C-undulatum ALL,Single Plant,406937.974,6466548.609
C-undulatum ALL,Single Plant,406936.893,6466553.033
C-undulatum ALL,Single Plant,406938.285,6466566.349
C-undulatum ALL,Single Plant,406948.574,6466568.105
C-undulatum ALL,Single Plant,406957.727,6466580.383
C-undulatum ALL,Single Plant,406955.603,6466574.821
C-undulatum ALL,Single Plant,406953.763,6466569.261
C-undulatum ALL,Single Plant,406953.859,6466569.04
C-undulatum ALL,Single Plant,406954.537,6466567.273
C-undulatum ALL,Single Plant,406956.278,6466562.965
C-undulatum ALL,Single Plant,406956.696,6466558.534
C-undulatum ALL,Single Plant,406952.445,6466558.163
C-undulatum ALL,Single Plant,406953.948,6466559.285
C-undulatum ALL,Single Plant,406954.331,6466558.735
C-undulatum ALL,Single Plant,406952.734,6466557.612
C-undulatum ALL,Single Plant,406960.907,6466521.657
C-undulatum ALL,Single Plant,406961.293,6466520.885
C-undulatum ALL,Single Plant,406962.338,6466520.34
C-undulatum ALL,Single Plant,406964.589,6466522.245
C-undulatum ALL,Single Plant,406963.084,6466531.876
C-undulatum ALL,Single Plant,406971.821,6466517.1
C-undulatum ALL,Single Plant,406977.781,6466527.021
C-undulatum ALL,Single Plant,406936.157,6466613.222
C-undulatum ALL,Single Plant,406875.649,6466613.67
C-undulatum ALL,Single Plant,406869.68,6466615.057
C-undulatum ALL,Single Plant,406866.167,6466616.688
C-undulatum ALL,Single Plant,406897.826,6466638.815
C-undulatum ALL,Single Plant,406923.962,6466623.643
C-undulatum ALL,Single Plant,406916.976,6466622.471
C-undulatum ALL,Single Plant,406918.313,6466621.042
C-undulatum ALL,Single Plant,406919.263,6466620.496
C-undulatum ALL,Single Plant,406921.243,6466621.069
C-undulatum ALL,Single Plant,406919.726,6466621.609
C-undulatum ALL,Single Plant,406919.34,6466622.492
C-undulatum ALL,Single Plant,406919.051,6466623.044
C-undulatum ALL,Single Plant,406919.241,6466622.935
C-undulatum ALL,Single Plant,406919.522,6466623.27
C-undulatum ALL,Single Plant,406921.882,6466623.624
C-undulatum ALL,Single Plant,406934.385,6466620.966
C-undulatum ALL,Single Plant,406938.029,6466615.346
C-undulatum ALL,Single Plant,406947.832,6466628.849
C-undulatum ALL,Single Plant,406947.27,6466659.551
C-undulatum ALL,Single Plant,406949.937,6466657.358
C-undulatum ALL,Single Plant,406945.011,6466658.422
C-undulatum ALL,Single Plant,406940.672,6466667.805
C-undulatum ALL,Single Plant,406975.131,6466693.837
C-undulatum ALL,Single Plant,406973.512,6466684.732
C-undulatum ALL,Single Plant,406970.978,6466682.714
C-undulatum ALL,Single Plant,406959.719,6466673.3
C-undulatum ALL,Single Plant,406956.835,6466657.753
C-undulatum ALL,Single Plant,406953.165,6466645.415
C-undulatum ALL,Single Plant,406953.187,6466642.976
C-undulatum ALL,Single Plant,406951.051,6466638.744
C-undulatum ALL,Single Plant,406952.201,6466637.092
C-undulatum ALL,Single Plant,406951.853,6466633.763
C-undulatum ALL,Single Plant,406949.245,6466629.416
C-undulatum ALL,Single Plant,406942.876,6466622.928
C-undulatum ALL,Single Plant,406944.792,6466620.174
C-undulatum ALL,Single Plant,406988.034,6466574.339
C-undulatum ALL,Single Plant,406991.381,6466570.157
C-undulatum ALL,Single Plant,406997.687,6466573.207
C-undulatum ALL,Single Plant,407001.961,6466571.029
C-undulatum ALL,Single Plant,407000.532,6466572.236
C-undulatum ALL,Single Plant,406999.424,6466569.343
C-undulatum ALL,Single Plant,406998.488,6466568.337
C-undulatum ALL,Single Plant,406997.856,6466565.006
C-undulatum ALL,Single Plant,406974.287,6466557.807
C-undulatum ALL,Single Plant,406972.747,6466560.787
C-undulatum ALL,Single Plant,406974.164,6466560.91
C-undulatum ALL,Single Plant,406976.622,6466560.933
C-undulatum ALL,Single Plant,406980.593,6466560.858
C-undulatum ALL,Single Plant,406992.254,6466546.885
C-undulatum ALL,Single Plant,406995.258,6466528.399
C-undulatum ALL,Single Plant,406953.163,6466614.485
C-undulatum ALL,Single Plant,406952.696,6466613.816
C-undulatum ALL,Single Plant,406957.658,6466619.182
C-undulatum ALL,Single Plant,406955.282,6466620.491
C-undulatum ALL,Single Plant,406955.908,6466624.488
C-undulatum ALL,Single Plant,406958.982,6466629.504
C-undulatum ALL,Single Plant,406958.227,6466629.386
C-undulatum ALL,Single Plant,406966.983,6466622.925
C-undulatum ALL,Single Plant,406967.108,6466619.601
C-undulatum ALL,Single Plant,406966.353,6466619.483
C-undulatum ALL,Single Plant,406958.596,6466619.967
C-undulatum ALL,Single Plant,406959.245,6466621.414
C-undulatum ALL,Single Plant,406961.752,6466626.425
C-undulatum ALL,Single Plant,406963.82,6466638.084
C-undulatum ALL,Single Plant,406965.672,6466642.314
C-undulatum ALL,Single Plant,406989.841,6466666.811
C-undulatum ALL,Single Plant,406980.716,6466682.581
C-undulatum ALL,Single Plant,406981.118,6466680.035
C-undulatum ALL,Single Plant,406984.696,6466660.778
C-undulatum ALL,Single Plant,406976.941,6466671.461
C-undulatum ALL,Single Plant,406981.133,6466678.372
C-undulatum ALL,Single Plant,406979.482,6466683.124
C-undulatum ALL,Single Plant,406972.503,6466691.707
C-undulatum ALL,Single Plant,406970.166,6466688.804
C-undulatum ALL,Single Plant,406962.789,6466720.331
C-undulatum ALL,Single Plant,406964.808,6466706.271
C-undulatum ALL,Single Plant,406926.665,6466700.603
C-undulatum ALL,Single Plant,406935.855,6466698.469
C-undulatum ALL,Single Plant,406954.094,6466699.3
C-undulatum ALL,Single Plant,406940.619,6466663.149
C-undulatum ALL,Single Plant,406913.152,6466647.933
C-undulatum ALL,Single Plant,406912.988,6466634.851
C-undulatum ALL,Single Plant,406909.946,6466636.708
C-undulatum ALL,Single Plant,406908.711,6466637.362
C-undulatum ALL,Single Plant,406910.569,6466640.926
C-undulatum ALL,Single Plant,406909.902,6466641.474
C-undulatum ALL,Single Plant,406909.134,6466642.797
C-undulatum ALL,Single Plant,406908.174,6466644.452
C-undulatum ALL,Single Plant,406905.8,6466645.539
C-undulatum ALL,Single Plant,406906.842,6466645.326
C-undulatum ALL,Single Plant,406906.377,6466644.435
C-undulatum ALL,Single Plant,406905.623,6466644.207
C-undulatum ALL,Single Plant,406904.969,6466643.425
C-undulatum ALL,Single Plant,406905.135,6466645.865
C-undulatum ALL,Single Plant,406903.587,6466639.421
C-undulatum ALL,Single Plant,406900.26,6466641.386
C-undulatum ALL,Single Plant,406900.283,6466638.837
C-undulatum ALL,Single Plant,406899.825,6466637.281
C-undulatum ALL,Single Plant,406897.97,6466633.273
C-undulatum ALL,Single Plant,406896.085,6466632.702
C-undulatum ALL,Single Plant,406275.07,6463927.418
C-undulatum ALL,Single Plant,406263.731,6463927.092
C-undulatum ALL,Single Plant,406245.577,6463927.924
C-undulatum ALL,Single Plant,406260.366,6463943.69
C-undulatum ALL,Single Plant,406267.932,6463943.094
C-undulatum ALL,Single Plant,406254.191,6463967.69
C-undulatum ALL,Single Plant,406228.489,6463967.122
C-undulatum ALL,Single Plant,406220.375,6463965.495
C-undulatum ALL,Single Plant,406218.752,6463967.365
C-undulatum ALL,Single Plant,406223.163,6463970.731
C-undulatum ALL,Single Plant,406228.738,6463991.513
C-undulatum ALL,Single Plant,406236.162,6463996.126
C-undulatum ALL,Single Plant,406226.738,6464003.467
C-undulatum ALL,Single Plant,406242.692,6464005.498
C-undulatum ALL,Single Plant,406225.588,6463994.921
C-undulatum ALL,Single Plant,406215.885,6463991.395
C-undulatum ALL,Single Plant,406200.13,6463988.257
C-undulatum ALL,Single Plant,406206.975,6463994.196
C-undulatum ALL,Single Plant,406226.672,6464010.673
C-undulatum ALL,Single Plant,406196.452,6463997.647
C-undulatum ALL,Single Plant,406189.671,6463995.035
C-undulatum ALL,Single Plant,406178.894,6464005.578
C-undulatum ALL,Single Plant,406188.506,6464018.97
C-undulatum ALL,Single Plant,406171.763,6464010.169
C-undulatum ALL,Single Plant,404897.398,6464703.795
C-undulatum ALL,Single Plant,404903.521,6464706.069
C-undulatum ALL,Single Plant,404885.677,6464744.593
C-undulatum ALL,Single Plant,404913.838,6464714.701
C-undulatum ALL,Single Plant,404917.894,6464715.626
C-undulatum ALL,Single Plant,404921.466,6464717.765
C-undulatum ALL,Single Plant,404920.898,6464717.871
C-undulatum ALL,Single Plant,404912.993,6464703.94
C-undulatum ALL,Single Plant,404937.006,6464693.299
C-undulatum ALL,Single Plant,404945.758,6464687.283
C-undulatum ALL,Single Plant,404961.18,6464675.453
C-undulatum ALL,Single Plant,406048.078,6455778.855
C-undulatum ALL,Single Plant,406036.588,6455754.914
C-undulatum ALL,Single Plant,406022.322,6455735.049
C-undulatum ALL,Single Plant,405962.922,6455847.579
C-undulatum ALL,Single Plant,405950.512,6455820.969
C-undulatum ALL,Single Plant,405934.721,6455812.952
C-undulatum ALL,Single Plant,405952.081,6455794.266
C-undulatum ALL,Single Plant,405961.354,6455812.755
C-undulatum ALL,Single Plant,405989.578,6455875.65
C-undulatum ALL,Single Plant,406018.38,6455875.916
C-undulatum ALL,Single Plant,406026.601,6455854.928
C-undulatum ALL,Single Plant,406017.702,6455846.975
C-undulatum ALL,Single Plant,406011.728,6455829.183
C-undulatum ALL,Single Plant,405997.246,6455822.508
C-undulatum ALL,Single Plant,405969.83,6455825.582
C-undulatum ALL,Single Plant,406029.365,6455821.363
C-undulatum ALL,Single Plant,406010.091,6455801.785
C-undulatum ALL,Single Plant,406010.53,6455784.939
C-undulatum ALL,Single Plant,405990.945,6455788.86
C-undulatum ALL,Single Plant,405955.838,6455796.518
C-undulatum ALL,Single Plant,405974.458,6455774.296
C-undulatum ALL,Single Plant,405991.031,6455769.238
C-undulatum ALL,Single Plant,405989.242,6455768.668
C-undulatum ALL,Single Plant,405969.862,6455740.109
C-undulatum ALL,Single Plant,407712.391,6457028.686
C-undulatum ALL,Single Plant,407696.007,6457033.638
C-undulatum ALL,Single Plant,407678.287,6457040.018
C-undulatum ALL,Single Plant,407686.47,6457022.909
C-undulatum ALL,Single Plant,407680.866,6457015.985
C-undulatum ALL,Single Plant,407666.662,6457019.958
C-undulatum ALL,Single Plant,407665.773,6457013.853
C-undulatum ALL,Single Plant,407655.175,6457005.553
C-undulatum ALL,Single Plant,407662.069,6456984.774
C-undulatum ALL,Single Plant,407681.744,6456991.937
C-undulatum ALL,Single Plant,407695.83,6456980.091
C-undulatum ALL,Single Plant,407699.511,6457011.719
C-undulatum ALL,Single Plant,407709.248,6457010.699
C-undulatum ALL,Single Plant,407721.284,6457016.683
C-undulatum ALL,Single Plant,407747.875,6456948.413
C-undulatum ALL,Single Plant,407743.571,6456902.035
C-undulatum ALL,Single Plant,407736.603,6456889.334
C-undulatum ALL,Single Plant,407731.783,6456900.044
C-undulatum ALL,Single Plant,407737.657,6456898.101
C-undulatum ALL,Single Plant,407749.384,6456906.854
C-undulatum ALL,Single Plant,407776.806,6456955.547
C-undulatum ALL,Single Plant,407746.724,6456939.866
C-undulatum ALL,Single Plant,407736.628,6456928.356
C-undulatum ALL,Single Plant,407725.089,6456930.137
C-undulatum ALL,Single Plant,406969.651,6456758.097
C-undulatum ALL,Single Plant,406940.585,6456755.393
C-undulatum ALL,Single Plant,406956.396,6456740.904
C-undulatum ALL,Single Plant,406966.345,6456727.026
C-undulatum ALL,Single Plant,406957.959,6456714.534
C-undulatum ALL,Single Plant,406929.173,6456722.585
C-undulatum ALL,Single Plant,406916.905,6456742.206
C-undulatum ALL,Single Plant,406904.593,6456714.823
C-undulatum ALL,Single Plant,406922.313,6456698.134
C-undulatum ALL,Single Plant,406927.097,6456691.304
C-undulatum ALL,Single Plant,406930.088,6456674.037
C-undulatum ALL,Single Plant,406918.801,6456668.946
C-undulatum ALL,Single Plant,406913.995,6456678.103
C-undulatum ALL,Single Plant,406905.17,6456682.679
C-undulatum ALL,Single Plant,406886.499,6456689.825
C-undulatum ALL,Single Plant,406874.07,6456675.3
C-undulatum ALL,Single Plant,406867.238,6456668.475
C-undulatum ALL,Single Plant,406878.892,6456643.638
C-undulatum ALL,Single Plant,406888.391,6456637.739
C-undulatum ALL,Single Plant,406875.761,6456645.273
C-undulatum ALL,Single Plant,406870.705,6456630.039
C-undulatum ALL,Single Plant,406866.498,6456625.344
C-undulatum ALL,Single Plant,406852.085,6456621.222
C-undulatum ALL,Single Plant,406847.278,6456609.87
C-undulatum ALL,Single Plant,407049.214,6458755.727
C-undulatum ALL,Single Plant,407039.917,6458770.386
C-undulatum ALL,Single Plant,406894.995,6458730.154
C-undulatum ALL,Single Plant,406893.116,6458729.029
C-undulatum ALL,Single Plant,406890.745,6458730.116
C-undulatum ALL,Single Plant,406889.026,6458732.095
C-undulatum ALL,Single Plant,406884.298,6458732.607
C-undulatum ALL,Single Plant,406884.617,6458728.729
C-undulatum ALL,Single Plant,406881.856,6458720.722
C-undulatum ALL,Single Plant,406876.102,6458699.052
C-undulatum ALL,Single Plant,406869.108,6458699.432
C-undulatum ALL,Single Plant,406864.907,6458693.962
C-undulatum ALL,Single Plant,406863.846,6458696.391
C-undulatum ALL,Single Plant,406843.599,6458699.865
C-undulatum ALL,Single Plant,406817.802,6458700.738
C-undulatum ALL,Single Plant,406814.059,6458696.824
C-undulatum ALL,Single Plant,406814.522,6458697.825
C-undulatum ALL,Single Plant,406816.687,6458698.732
C-undulatum ALL,Single Plant,406871.026,6458799.888
C-undulatum ALL,Single Plant,406871.203,6458801.22
C-undulatum ALL,Single Plant,406872.612,6458802.119
C-undulatum ALL,Single Plant,406875.162,6458802.143
C-undulatum ALL,Single Plant,406877.792,6458803.83
C-undulatum ALL,Single Plant,406892.228,6458795.314
C-undulatum ALL,Single Plant,406893.193,6458793.106
C-undulatum ALL,Single Plant,406890.865,6458789.426
C-undulatum ALL,Single Plant,406893.149,6458777.253
C-undulatum ALL,Single Plant,406948.311,6458788.287
C-undulatum ALL,Single Plant,407015.835,6458738.461
C-undulatum ALL,Single Plant,407007.612,6458739.052
C-undulatum ALL,Single Plant,407016.922,6458753.992
C-undulatum ALL,Single Plant,407018.513,6458755.669
C-undulatum ALL,Single Plant,407027.165,6458759.96
C-undulatum ALL,Single Plant,407026.664,6458763.06
C-undulatum ALL,Single Plant,407024.571,6458764.704
C-undulatum ALL,Single Plant,407022.479,6458766.237
C-undulatum ALL,Single Plant,407021.445,6458765.673
C-undulatum ALL,Single Plant,407017.012,6458764.857
C-undulatum ALL,Single Plant,407015.58,6458766.506
C-undulatum ALL,Single Plant,406920.489,6458710.765
C-undulatum ALL,Single Plant,406926.343,6458711.04
C-undulatum ALL,Single Plant,406929.41,6458706.19
C-undulatum ALL,Single Plant,406925.59,6458689.97
C-undulatum ALL,Single Plant,406937.138,6458697.835
C-undulatum ALL,Single Plant,406944.242,6458695.794
C-undulatum ALL,Single Plant,406948.783,6458715.79
C-undulatum ALL,Single Plant,406951.313,6458718.03
C-undulatum ALL,Single Plant,406957.761,6458715.317
C-undulatum ALL,Single Plant,406961.463,6458692.625
C-undulatum ALL,Single Plant,406957.549,6458686.714
C-undulatum ALL,Single Plant,406953.962,6458686.459
C-undulatum ALL,Single Plant,406953.317,6458684.68
C-undulatum ALL,Single Plant,406955.21,6458684.253
C-undulatum ALL,Single Plant,406988.1,6458692.868
C-undulatum ALL,Single Plant,406980.143,6458684.924
C-undulatum ALL,Single Plant,406977.15,6458681.682
C-undulatum ALL,Single Plant,406972.897,6458681.865
C-undulatum ALL,Single Plant,406970.977,6458685.173
C-undulatum ALL,Single Plant,406968.822,6458693.69
C-undulatum ALL,Single Plant,406975.692,6458706.834
C-undulatum ALL,Single Plant,406977.408,6458705.186
C-undulatum ALL,Single Plant,406977.599,6458704.966
C-undulatum ALL,Single Plant,406980.272,6458701.887
C-undulatum ALL,Single Plant,406984.509,6458703.366
C-undulatum ALL,Single Plant,406984.694,6458703.812
C-undulatum ALL,Single Plant,406983.261,6458705.572
C-undulatum ALL,Single Plant,406983.359,6458705.241
C-undulatum ALL,Single Plant,406991.362,6458708.085
C-undulatum ALL,Single Plant,406991.514,6458712.188
C-undulatum ALL,Single Plant,406985.069,6458724.878
C-undulatum ALL,Single Plant,406985.439,6458725.768
C-undulatum ALL,Single Plant,406985.714,6458726.658
C-undulatum ALL,Single Plant,406986.71,6458721.013
C-undulatum ALL,Single Plant,406986.282,6458716.131
C-undulatum ALL,Single Plant,407017.526,6458739.585
C-undulatum ALL,Single Plant,407014.239,6458737.449
C-undulatum ALL,Single Plant,407016.159,6458734.03
C-undulatum ALL,Single Plant,407014.31,6458729.579
C-undulatum ALL,Single Plant,407018.298,6458727.398
C-undulatum ALL,Single Plant,406999.946,6458688.763
C-undulatum ALL,Single Plant,407007.068,6458684.615
C-undulatum ALL,Single Plant,407006.864,6458686.276
C-undulatum ALL,Single Plant,407006.098,6458687.378
C-undulatum ALL,Single Plant,407001.813,6458691.219
C-undulatum ALL,Single Plant,407000.49,6458691.207
C-undulatum ALL,Single Plant,406999.927,6458690.758
C-undulatum ALL,Single Plant,406997.691,6458687.412
C-undulatum ALL,Single Plant,406996.476,6458685.96
C-undulatum ALL,Single Plant,406996.3,6458684.517
C-undulatum ALL,Single Plant,406997.26,6458682.863
C-undulatum ALL,Single Plant,407004.737,6458681.268
C-undulatum ALL,Single Plant,407005.768,6458682.164
C-undulatum ALL,Single Plant,407008.045,6458681.076
C-undulatum ALL,Single Plant,407008.834,6458708.577
C-undulatum ALL,Single Plant,407009.789,6458707.366
C-undulatum ALL,Single Plant,407010.256,6458708.035
C-undulatum ALL,Single Plant,407010.723,6458708.594
C-undulatum ALL,Single Plant,407014.685,6458709.184
C-undulatum ALL,Single Plant,407016.272,6458711.305
C-undulatum ALL,Single Plant,407015.16,6458708.856
C-undulatum ALL,Single Plant,407013.771,6458705.85
C-undulatum ALL,Single Plant,407023.715,6458703.058
C-undulatum ALL,Single Plant,407032.4,6458703.692
C-undulatum ALL,Single Plant,407030.322,6458703.673
C-undulatum ALL,Single Plant,407027.782,6458702.541
C-undulatum ALL,Single Plant,407027.212,6458702.868
C-undulatum ALL,Single Plant,407026.073,6458703.412
C-undulatum ALL,Single Plant,407023.523,6458703.389
C-undulatum ALL,Single Plant,407020.131,6458702.471
C-undulatum ALL,Single Plant,407016.941,6458700.003
C-undulatum ALL,Single Plant,407016.688,6458696.675
C-undulatum ALL,Single Plant,407045.892,6458684.747
C-undulatum ALL,Single Plant,407041.197,6458681.711
C-undulatum ALL,Single Plant,407027.64,6458687.02
C-undulatum ALL,Single Plant,407030.696,6458693.699
C-undulatum ALL,Single Plant,407032.493,6458693.494
C-undulatum ALL,Single Plant,407034.655,6458694.622
C-undulatum ALL,Single Plant,407040.504,6458695.562
C-undulatum ALL,Single Plant,407036.49,6458679.894
C-undulatum ALL,Single Plant,407037.693,6458672.256
C-undulatum ALL,Single Plant,407054.595,6458683.385
C-undulatum ALL,Single Plant,407055.5,6458687.827
C-undulatum ALL,Single Plant,407073.29,6458705.173
C-undulatum ALL,Single Plant,407073.471,6458706.061
C-undulatum ALL,Single Plant,407076.571,6458707.974
C-undulatum ALL,Single Plant,407079.088,6458711.655
C-undulatum ALL,Single Plant,407080.994,6458709.788
C-undulatum ALL,Single Plant,407079.246,6458704.672
C-undulatum ALL,Single Plant,407082.129,6458699.267
C-undulatum ALL,Single Plant,407083.013,6458695.616
C-undulatum ALL,Single Plant,407081.914,6458691.726
C-undulatum ALL,Single Plant,407078.807,6458690.589
C-undulatum ALL,Single Plant,407094.04,6458687.957
C-undulatum ALL,Single Plant,407104.825,6458686.17
C-undulatum ALL,Single Plant,407105.596,6458684.514
C-undulatum ALL,Single Plant,407106.839,6458682.863
C-undulatum ALL,Single Plant,407107.205,6458684.196
C-undulatum ALL,Single Plant,407090.986,6458681.055
C-undulatum ALL,Single Plant,407086.922,6458681.24
C-undulatum ALL,Single Plant,407079.945,6458679.736
C-undulatum ALL,Single Plant,407079.659,6458680.066
C-undulatum ALL,Single Plant,407077.935,6458682.6
C-undulatum ALL,Single Plant,407070.63,6458686.081
C-undulatum ALL,Single Plant,407062.586,6458687.67
C-undulatum ALL,Single Plant,407118.308,6458668.223
C-undulatum ALL,Single Plant,406876.627,6458703.713
C-undulatum ALL,Single Plant,407639.877,6463557.705
C-undulatum ALL,Single Plant,407637.308,6463559.566
C-undulatum ALL,Single Plant,407643.59,6463565.166
C-undulatum ALL,Single Plant,407641.369,6463559.936
C-undulatum ALL,Single Plant,407639.679,6463558.701
C-undulatum ALL,Single Plant,407641.364,6463560.49
C-undulatum ALL,Single Plant,407641.07,6463561.596
C-undulatum ALL,Single Plant,407638.251,6463559.797
C-undulatum ALL,Single Plant,407638.539,6463559.356
C-undulatum ALL,Single Plant,407641.531,6463562.93
C-undulatum ALL,Single Plant,411032.47,6459195.065
C-undulatum ALL,Single Plant,411027.464,6459173.293
C-undulatum ALL,Single Plant,411029.486,6459168.877
C-undulatum ALL,Single Plant,411027.083,6459173.623
C-undulatum ALL,Single Plant,411027.559,6459173.294
C-undulatum ALL,Single Plant,411029.188,6459170.648
C-undulatum ALL,Single Plant,411028.891,6459172.197
C-undulatum ALL,Single Plant,411029.147,6459175.303
C-undulatum ALL,Single Plant,411043.888,6459185.742
C-undulatum ALL,Single Plant,411033.127,6459173.897
C-undulatum ALL,Single Plant,405570.896,6465171.426
C-undulatum ALL,Single Plant,405575.393,6465165.592
C-undulatum ALL,Single Plant,405580.383,6465157.434
C-undulatum ALL,Single Plant,405571.063,6465153.357
C-undulatum ALL,Single Plant,405567.765,6465152.218
C-undulatum ALL,Single Plant,405567.346,6465146.45
C-undulatum ALL,Single Plant,405571.992,6465144.83
pop18_ALL_DPaW C. undulatum,Single Plant,404388.006,6461317.638
pop18_ALL_DPaW C. undulatum,Single Plant,404388.326,6461318.421
pop18_ALL_DPaW C. undulatum,Single Plant,404390.293,6461316.121
pop18_ALL_DPaW C. undulatum,Single Plant,404390.327,6461315.463
pop18_ALL_DPaW C. undulatum,Single Plant,404394.55,6461314.524
pop18_ALL_DPaW C. undulatum,Single Plant,404492.028,6461203.9
pop18_ALL_DPaW C. undulatum,Single Plant,404492.398,6461204.102
pop18_ALL_DPaW C. undulatum,Single Plant,404493.171,6461202.474
pop18_ALL_DPaW C. undulatum,Single Plant,404525.073,6461169.135
pop18_ALL_DPaW C. undulatum,Single Plant,404525.898,6461167.018
pop18_ALL_DPaW C. undulatum,Single Plant,404529.265,6461168.99
pop18_ALL_DPaW C. undulatum,Single Plant,404528.407,6461167.97
pop18_ALL_DPaW C. undulatum,Single Plant,404560.855,6461194.324
pop18_ALL_DPaW C. undulatum,Single Plant,404555.569,6461197.001
pop18_ALL_DPaW C. undulatum,Single Plant,404554.97,6461197.595
pop18_ALL_DPaW C. undulatum,Single Plant,404552.196,6461202.425
pop18_ALL_DPaW C. undulatum,Single Plant,404539.85,6461204.201
pop18_ALL_DPaW C. undulatum,Single Plant,404407.944,6461338.177
pop18_ALL_DPaW C. undulatum,Single Plant,404405.621,6461337.39
pop18_ALL_DPaW C. undulatum,Single Plant,404398.268,6461330.808
pop18_ALL_DPaW C. undulatum,Single Plant,404403.735,6461334.072
pop18_ALL_DPaW C. undulatum,Single Plant,404569.086,6461214.029
pop18_ALL_DPaW C. undulatum,Single Plant,404562.438,6461209.987
pop18_ALL_DPaW C. undulatum,Single Plant,404554.282,6461320.403
pop18_ALL_DPaW C. undulatum,Single Plant,404373.772,6461456.922
pop18_ALL_DPaW C. undulatum,Single Plant,404374.636,6461456.071
pop18_ALL_DPaW C. undulatum,Single Plant,404374.623,6461455.035
pop18_ALL_DPaW C. undulatum,Single Plant,404376.793,6461455.08
pop18_ALL_DPaW C. undulatum,Single Plant,404383.393,6461454.199
pop18_ALL_DPaW C. undulatum,Single Plant,404384.192,6461453.381
pop18_ALL_DPaW C. undulatum,Single Plant,404384.044,6461451.942
pop18_ALL_DPaW C. undulatum,Single Plant,404385.641,6461455.082
pop18_ALL_DPaW C. undulatum,Single Plant,404366.965,6461455.129
pop18_ALL_DPaW C. undulatum,Single Plant,404356.85,6461445.893
pop18_ALL_DPaW C. undulatum,Single Plant,404355.85,6461447.161
pop18_ALL_DPaW C. undulatum,Single Plant,404354.669,6461446.871
pop18_ALL_DPaW C. undulatum,Single Plant,404353.427,6461445.834
pop18_ALL_DPaW C. undulatum,Single Plant,404354.492,6461444.616
pop18_ALL_DPaW C. undulatum,Single Plant,404353.626,6461443.349
pop18_ALL_DPaW C. undulatum,Single Plant,404352.91,6461443.616
pop18_ALL_DPaW C. undulatum,Single Plant,404350.901,6461443.646
pop18_ALL_DPaW C. undulatum,Single Plant,404351.799,6461449.938
pop18_ALL_DPaW C. undulatum,Single Plant,404353.116,6461450.145
pop18_ALL_DPaW C. undulatum,Single Plant,404355.788,6461451.503
pop18_ALL_DPaW C. undulatum,Single Plant,404350.222,6461442.087
pop18_ALL_DPaW C. undulatum,Single Plant,404350.919,6461434.386
pop18_ALL_DPaW C. undulatum,Single Plant,404350.98,6461432.413
pop18_ALL_DPaW C. undulatum,Single Plant,404349.716,6461433.659
pop18_ALL_DPaW C. undulatum,Single Plant,404349.334,6461434.987
pop18_ALL_DPaW C. undulatum,Single Plant,404345.311,6461435.706
pop18_ALL_DPaW C. undulatum,Single Plant,404341.757,6461435.316
pop18_ALL_DPaW C. undulatum,Single Plant,404343.551,6461432.549
pop18_ALL_DPaW C. undulatum,Single Plant,404345.301,6461432.081
pop18_ALL_DPaW C. undulatum,Single Plant,404342.937,6461427.223
pop18_ALL_DPaW C. undulatum,Single Plant,404338.083,6461430.42
pop18_ALL_DPaW C. undulatum,Single Plant,404337.603,6461430.696
pop18_ALL_DPaW C. undulatum,Single Plant,404335.091,6461426.582
pop18_ALL_DPaW C. undulatum,Single Plant,404334.331,6461426.339
pop18_ALL_DPaW C. undulatum,Single Plant,404334.341,6461424.697
pop18_ALL_DPaW C. undulatum,Single Plant,404336.48,6461418.493
pop18_ALL_DPaW C. undulatum,Single Plant,404334.77,6461413.374
pop18_ALL_DPaW C. undulatum,Single Plant,404330.544,6461416.74
pop18_ALL_DPaW C. undulatum,Single Plant,404323.423,6461395.328
pop18_ALL_DPaW C. undulatum,Single Plant,404318.75,6461376.54
pop18_ALL_DPaW C. undulatum,Single Plant,404319.222,6461373.838
pop18_ALL_DPaW C. undulatum,Single Plant,404320.658,6461367.112
pop18_ALL_DPaW C. undulatum,Single Plant,404320.128,6461367.858
pop18_ALL_DPaW C. undulatum,Single Plant,404324.94,6461366.275
pop18_ALL_DPaW C. undulatum,Single Plant,404330.775,6461366.476
pop18_ALL_DPaW C. undulatum,Single Plant,404330.471,6461366.981
pop18_ALL_DPaW C. undulatum,Single Plant,404331.367,6461367.442
pop18_ALL_DPaW C. undulatum,Single Plant,404332.349,6461367.05
pop18_ALL_DPaW C. undulatum,Single Plant,404333.21,6461368.791
pop18_ALL_DPaW C. undulatum,Single Plant,404337.096,6461373.638
pop18_ALL_DPaW C. undulatum,Single Plant,404334.92,6461386.348
pop18_ALL_DPaW C. undulatum,Single Plant,404346.198,6461393.102
pop18_ALL_DPaW C. undulatum,Single Plant,404349.711,6461392.056
pop18_ALL_DPaW C. undulatum,Single Plant,404351.816,6461399.08
pop18_ALL_DPaW C. undulatum,Single Plant,404352.924,6461400.58
pop18_ALL_DPaW C. undulatum,Single Plant,404356.474,6461394.452
pop18_ALL_DPaW C. undulatum,Single Plant,404361.092,6461398.225
pop18_ALL_DPaW C. undulatum,Single Plant,404351.527,6461408.067
pop18_ALL_DPaW C. undulatum,Single Plant,404357.594,6461414.459
pop18_ALL_DPaW C. undulatum,Single Plant,404361.71,6461414.317
pop18_ALL_DPaW C. undulatum,Single Plant,404359.542,6461413.352
pop18_ALL_DPaW C. undulatum,Single Plant,404349.744,6461415.827
pop18_ALL_DPaW C. undulatum,Single Plant,404346.455,6461415.354
pop18_ALL_DPaW C. undulatum,Single Plant,404347.472,6461419.617
pop18_ALL_DPaW C. undulatum,Single Plant,404352.107,6461420.729
pop18_ALL_DPaW C. undulatum,Single Plant,404358.64,6461426.181
pop18_ALL_DPaW C. undulatum,Single Plant,404359.916,6461428.824
pop18_ALL_DPaW C. undulatum,Single Plant,404361.248,6461431.457
pop18_ALL_DPaW C. undulatum,Single Plant,404357.356,6461430.042
pop18_ALL_DPaW C. undulatum,Single Plant,404360.828,6461433.775
pop18_ALL_DPaW C. undulatum,Single Plant,404363.163,6461433.291
pop18_ALL_DPaW C. undulatum,Single Plant,404364.916,6461433.592
pop18_ALL_DPaW C. undulatum,Single Plant,404367.306,6461431.502
pop18_ALL_DPaW C. undulatum,Single Plant,404399.475,6461449.557
pop18_ALL_DPaW C. undulatum,Single Plant,404394.132,6461385.393
pop18_ALL_DPaW C. undulatum,Single Plant,404415.107,6461358.555
pop18_ALL_DPaW C. undulatum,Single Plant,404359.824,6461509.401
pop18_ALL_DPaW C. undulatum,Single Plant,404358.822,6461511.83
pop18_ALL_DPaW C. undulatum,Single Plant,404359.445,6461510.575
pop18_ALL_DPaW C. undulatum,Single Plant,404359.228,6461511.097
pop18_ALL_DPaW C. undulatum,Single Plant,404357.574,6461512.577
pop18_ALL_DPaW C. undulatum,Single Plant,404355.553,6461512.708
pop18_ALL_DPaW C. undulatum,Single Plant,404351.967,6461509.392
pop18_ALL_DPaW C. undulatum,Single Plant,404357.088,6461506.392
pop18_ALL_DPaW C. undulatum,Single Plant,404353.436,6461485.214
pop18_ALL_DPaW C. undulatum,Single Plant,404341.517,6461475.913
pop18_ALL_DPaW C. undulatum,Single Plant,404335.482,6461473.637
pop18_ALL_DPaW C. undulatum,Single Plant,404335.71,6461470.241
pop18_ALL_DPaW C. undulatum,Single Plant,404335.554,6461464.936
pop18_ALL_DPaW C. undulatum,Single Plant,404335.563,6461464.829
pop18_ALL_DPaW C. undulatum,Single Plant,404329.544,6461457.515
pop18_ALL_DPaW C. undulatum,Single Plant,404351.626,6461501.688
pop18_ALL_DPaW C. undulatum,Single Plant,404352.204,6461501.037
pop18_ALL_DPaW C. undulatum,Single Plant,404350.962,6461503.027
pop18_ALL_DPaW C. undulatum,Single Plant,404349.951,6461504.989
pop18_ALL_DPaW C. undulatum,Single Plant,404355.806,6461504.713
pop18_ALL_DPaW C. undulatum,Single Plant,404357.081,6461503.625
pop18_ALL_DPaW C. undulatum,Single Plant,404357.531,6461503.851
pop18_ALL_DPaW C. undulatum,Single Plant,404301.232,6461498.682
pop18_ALL_DPaW C. undulatum,Single Plant,404297.455,6461494.465
pop18_ALL_DPaW C. undulatum,Single Plant,404297.425,6461493.865
pop18_ALL_DPaW C. undulatum,Single Plant,404296.065,6461493.147
pop18_ALL_DPaW C. undulatum,Single Plant,404297.406,6461491.179
pop18_ALL_DPaW C. undulatum,Single Plant,404294.123,6461493.935
pop18_ALL_DPaW C. undulatum,Single Plant,404294.576,6461491.326
pop18_ALL_DPaW C. undulatum,Single Plant,404295.546,6461490.143
pop18_ALL_DPaW C. undulatum,Single Plant,404293.901,6461483.772
pop18_ALL_DPaW C. undulatum,Single Plant,404289.944,6461482.274
pop18_ALL_DPaW C. undulatum,Single Plant,404289.52,6461484.657
pop18_ALL_DPaW C. undulatum,Single Plant,404289.431,6461484.919
pop18_ALL_DPaW C. undulatum,Single Plant,404291.236,6461485.125
pop18_ALL_DPaW C. undulatum,Single Plant,404287.798,6461486.116
pop18_ALL_DPaW C. undulatum,Single Plant,404288.23,6461487.356
pop18_ALL_DPaW C. undulatum,Single Plant,404284.078,6461490.5
pop18_ALL_DPaW C. undulatum,Single Plant,404283.917,6461489.736
pop18_ALL_DPaW C. undulatum,Single Plant,404284.515,6461487.772
pop18_ALL_DPaW C. undulatum,Single Plant,404283.276,6461484.314
pop18_ALL_DPaW C. undulatum,Single Plant,404283.113,6461483.032
pop18_ALL_DPaW C. undulatum,Single Plant,404283.053,6461478.856
pop18_ALL_DPaW C. undulatum,Single Plant,404281.879,6461478.751
pop18_ALL_DPaW C. undulatum,Single Plant,404281.112,6461478.566
pop18_ALL_DPaW C. undulatum,Single Plant,404279.401,6461480.034
pop18_ALL_DPaW C. undulatum,Single Plant,404280.068,6461483.133
pop18_ALL_DPaW C. undulatum,Single Plant,404280.256,6461483.681
pop18_ALL_DPaW C. undulatum,Single Plant,404279.188,6461484.388
pop18_ALL_DPaW C. undulatum,Single Plant,404283.577,6461477.317
pop18_ALL_DPaW C. undulatum,Single Plant,404285.228,6461475.636
pop18_ALL_DPaW C. undulatum,Single Plant,404284.943,6461474.571
pop18_ALL_DPaW C. undulatum,Single Plant,404285.504,6461473.749
pop18_ALL_DPaW C. undulatum,Single Plant,404279.204,6461473.828
pop18_ALL_DPaW C. undulatum,Single Plant,404278.321,6461473.46
pop18_ALL_DPaW C. undulatum,Single Plant,404276.748,6461474.971
pop18_ALL_DPaW C. undulatum,Single Plant,404273.981,6461475.335
pop18_ALL_DPaW C. undulatum,Single Plant,404275.447,6461469.757
pop18_ALL_DPaW C. undulatum,Single Plant,404275.515,6461467.57
pop18_ALL_DPaW C. undulatum,Single Plant,404263.693,6461458.746
pop18_ALL_DPaW C. undulatum,Single Plant,404264.93,6461452.542
pop18_ALL_DPaW C. undulatum,Single Plant,404262.318,6461452.631
pop18_ALL_DPaW C. undulatum,Single Plant,404259.22,6461454.72
pop18_ALL_DPaW C. undulatum,Single Plant,404255.637,6461451.6
pop18_ALL_DPaW C. undulatum,Single Plant,404267.612,6461440.512
pop18_ALL_DPaW C. undulatum,Single Plant,404271.115,6461440.291
pop18_ALL_DPaW C. undulatum,Single Plant,404257.374,6461441.102
pop18_ALL_DPaW C. undulatum,Single Plant,404251.096,6461435.22
pop18_ALL_DPaW C. undulatum,Single Plant,404250.294,6461434.262
pop18_ALL_DPaW C. undulatum,Single Plant,404257.621,6461433.79
pop18_ALL_DPaW C. undulatum,Single Plant,404257.026,6461430.949
pop18_ALL_DPaW C. undulatum,Single Plant,404255.923,6461425.095
pop18_ALL_DPaW C. undulatum,Single Plant,404254.434,6461424.907
pop18_ALL_DPaW C. undulatum,Single Plant,404262.27,6461428.893
pop18_ALL_DPaW C. undulatum,Single Plant,404262.698,6461428.895
pop18_ALL_DPaW C. undulatum,Single Plant,404268.384,6461430.565
pop18_ALL_DPaW C. undulatum,Single Plant,404268.245,6461427.436
pop18_ALL_DPaW C. undulatum,Single Plant,404405.425,6461504.95
pop18_ALL_DPaW C. undulatum,Single Plant,404379.422,6461501.68
pop18_ALL_DPaW C. undulatum,Single Plant,404375.532,6461498.506
pop18_ALL_DPaW C. undulatum,Single Plant,404375.546,6461511.249
pop18_ALL_DPaW C. undulatum,Single Plant,404375.263,6461511.121
pop18_ALL_DPaW C. undulatum,Single Plant,404375.903,6461511.536
pop18_ALL_DPaW C. undulatum,Single Plant,404373.678,6461515.356
pop18_ALL_DPaW C. undulatum,Single Plant,404378.481,6461515.512
pop18_ALL_DPaW C. undulatum,Single Plant,404384.725,6461517.421
pop18_ALL_DPaW C. undulatum,Single Plant,404385.081,6461516.295
pop18_ALL_DPaW C. undulatum,Single Plant,404385.201,6461516.269
pop18_ALL_DPaW C. undulatum,Single Plant,404385.716,6461514.812
pop18_ALL_DPaW C. undulatum,Single Plant,404386.912,6461514.083
pop18_ALL_DPaW C. undulatum,Single Plant,404388.075,6461529.541
pop18_ALL_DPaW C. undulatum,Single Plant,404397.466,6461528.729
pop18_ALL_DPaW C. undulatum,Single Plant,404412.591,6461536.919
pop18_ALL_DPaW C. undulatum,Single Plant,404394.528,6461544.854
pop18_ALL_DPaW C. undulatum,Single Plant,404392.331,6461546.696
pop18_ALL_DPaW C. undulatum,Single Plant,404392.533,6461541.744
pop18_ALL_DPaW C. undulatum,Single Plant,404392.167,6461538.436
pop18_ALL_DPaW C. undulatum,Single Plant,404386.467,6461538.168
pop18_ALL_DPaW C. undulatum,Single Plant,404386.303,6461538.402
pop18_ALL_DPaW C. undulatum,Single Plant,404384.798,6461533.746
pop18_ALL_DPaW C. undulatum,Single Plant,404384.23,6461533.506
pop18_ALL_DPaW C. undulatum,Single Plant,404385.272,6461532.742
pop18_ALL_DPaW C. undulatum,Single Plant,404370.495,6461521.809
pop18_ALL_DPaW C. undulatum,Single Plant,404369.774,6461520.139
pop18_ALL_DPaW C. undulatum,Single Plant,404369.579,6461517.725
pop18_ALL_DPaW C. undulatum,Single Plant,404365.785,6461576.043
pop18_ALL_DPaW C. undulatum,Single Plant,404365.214,6461577.213
pop18_ALL_DPaW C. undulatum,Single Plant,404368.473,6461598.061
pop18_ALL_DPaW C. undulatum,Single Plant,404368.098,6461600.879
pop18_ALL_DPaW C. undulatum,Single Plant,404366.566,6461601.588
pop18_ALL_DPaW C. undulatum,Single Plant,404366.093,6461602.471
pop18_ALL_DPaW C. undulatum,Single Plant,404375.802,6461595.255
pop18_ALL_DPaW C. undulatum,Single Plant,404377.842,6461592.979
pop18_ALL_DPaW C. undulatum,Single Plant,404379.72,6461603.397
pop18_ALL_DPaW C. undulatum,Single Plant,404378.558,6461604.748
pop18_ALL_DPaW C. undulatum,Single Plant,404378.567,6461605.048
pop18_ALL_DPaW C. undulatum,Single Plant,404376.986,6461606.494
pop18_ALL_DPaW C. undulatum,Single Plant,404376.291,6461611.213
pop18_ALL_DPaW C. undulatum,Single Plant,404384.638,6461645.55
pop18_ALL_DPaW C. undulatum,Single Plant,404382.033,6461644.976
pop18_ALL_DPaW C. undulatum,Single Plant,404391.354,6461650.105
pop18_ALL_DPaW C. undulatum,Single Plant,404392.996,6461664.261
pop18_ALL_DPaW C. undulatum,Single Plant,404393.96,6461667.32
pop18_ALL_DPaW C. undulatum,Single Plant,404396.067,6461667.547
pop18_ALL_DPaW C. undulatum,Single Plant,404399.782,6461665.531
pop18_ALL_DPaW C. undulatum,Single Plant,404400.909,6461664.32
pop18_ALL_DPaW C. undulatum,Single Plant,404401.972,6461664.688
pop18_ALL_DPaW C. undulatum,Single Plant,404403.528,6461665.113
pop18_ALL_DPaW C. undulatum,Single Plant,404399.107,6461668.962
pop18_ALL_DPaW C. undulatum,Single Plant,404398.89,6461670.614
pop18_ALL_DPaW C. undulatum,Single Plant,404400.764,6461674.63
pop18_ALL_DPaW C. undulatum,Single Plant,404406.981,6461673.414
pop18_ALL_DPaW C. undulatum,Single Plant,404410.125,6461674.903
pop18_ALL_DPaW C. undulatum,Single Plant,404409.326,6461677.141
pop18_ALL_DPaW C. undulatum,Single Plant,404406.585,6461676.938
pop18_ALL_DPaW C. undulatum,Single Plant,404398.934,6461681.769
pop18_ALL_DPaW C. undulatum,Single Plant,404415.378,6461684.741
pop18_ALL_DPaW C. undulatum,Single Plant,404415.443,6461691.519
pop18_ALL_DPaW C. undulatum,Single Plant,404414.561,6461693.407
pop18_ALL_DPaW C. undulatum,Single Plant,404416.185,6461696.921
pop18_ALL_DPaW C. undulatum,Single Plant,404414.404,6461709.692
pop18_ALL_DPaW C. undulatum,Single Plant,404406.513,6461710.954
pop18_ALL_DPaW C. undulatum,Single Plant,404404.857,6461718.174
pop18_ALL_DPaW C. undulatum,Single Plant,404405.599,6461718.48
pop18_ALL_DPaW C. undulatum,Single Plant,404414.645,6461715.902
pop18_ALL_DPaW C. undulatum,Single Plant,404420.756,6461719.009
pop18_ALL_DPaW C. undulatum,Single Plant,404434.995,6461732.529
pop18_ALL_DPaW C. undulatum,Single Plant,404427.371,6461716.496
pop18_ALL_DPaW C. undulatum,Single Plant,404430.063,6461702.114
pop18_ALL_DPaW C. undulatum,Single Plant,404424.593,6461694.97
pop18_ALL_DPaW C. undulatum,Single Plant,404425.6,6461690.764
pop18_ALL_DPaW C. undulatum,Single Plant,404427.148,6461690.533
pop18_ALL_DPaW C. undulatum,Single Plant,404420.232,6461688.398
pop18_ALL_DPaW C. undulatum,Single Plant,404416.579,6461689.884
pop18_ALL_DPaW C. undulatum,Single Plant,404417.068,6461688.158
pop18_ALL_DPaW C. undulatum,Single Plant,404416.241,6461681.147
pop18_ALL_DPaW C. undulatum,Single Plant,404416.716,6461680.168
pop18_ALL_DPaW C. undulatum,Single Plant,404416.711,6461679.8
pop18_ALL_DPaW C. undulatum,Single Plant,404418.979,6461679.901
pop18_ALL_DPaW C. undulatum,Single Plant,404413.768,6461676.087
pop18_ALL_DPaW C. undulatum,Single Plant,404416.017,6461675.089
pop18_ALL_DPaW C. undulatum,Single Plant,404417.12,6461664.574
pop18_ALL_DPaW C. undulatum,Single Plant,404411.916,6461660.705
pop18_ALL_DPaW C. undulatum,Single Plant,404405.434,6461658.81
pop18_ALL_DPaW C. undulatum,Single Plant,404403.539,6461656.374
pop18_ALL_DPaW C. undulatum,Single Plant,404404.123,6461649.476
pop18_ALL_DPaW C. undulatum,Single Plant,404392.705,6461644.579
pop18_ALL_DPaW C. undulatum,Single Plant,404393.578,6461636.892
pop18_ALL_DPaW C. undulatum,Single Plant,404392.706,6461635.917
pop18_ALL_DPaW C. undulatum,Single Plant,404392.922,6461635.477
pop18_ALL_DPaW C. undulatum,Single Plant,404380.039,6461578.168
pop18_ALL_DPaW C. undulatum,Single Plant,404381.37,6461577.621
pop18_ALL_DPaW C. undulatum,Single Plant,404383.103,6461577.579
pop18_ALL_DPaW C. undulatum,Single Plant,404376.181,6461576.564
pop18_ALL_DPaW C. undulatum,Single Plant,404376.318,6461563.086
pop18_ALL_DPaW C. undulatum,Single Plant,404377.679,6461562.397
pop18_ALL_DPaW C. undulatum,Single Plant,404370.307,6461563.5
pop18_ALL_DPaW C. undulatum,Single Plant,404366.258,6461568.123
pop18_ALL_DPaW C. undulatum,Single Plant,404370.67,6461566.59
pop18_ALL_DPaW C. undulatum,Single Plant,404394.44,6461553.3
pop18_ALL_DPaW C. undulatum,Single Plant,404396.552,6461557.374
pop18_ALL_DPaW C. undulatum,Single Plant,404397.123,6461558.472
pop18_ALL_DPaW C. undulatum,Single Plant,404395.511,6461559.592
pop18_ALL_DPaW C. undulatum,Single Plant,404398.158,6461561.953
pop18_ALL_DPaW C. undulatum,Single Plant,404410.238,6461561.178
pop18_ALL_DPaW C. undulatum,Single Plant,404410.937,6461554.767
pop18_ALL_DPaW C. undulatum,Single Plant,404414.28,6461557.715
pop18_ALL_DPaW C. undulatum,Single Plant,404417.26,6461559.659
pop18_ALL_DPaW C. undulatum,Single Plant,404415.375,6461561.284
pop18_ALL_DPaW C. undulatum,Single Plant,404423.966,6461578.525
pop18_ALL_DPaW C. undulatum,Single Plant,404420.433,6461613.59
pop18_ALL_DPaW C. undulatum,Single Plant,404422.955,6461616.365
pop18_ALL_DPaW C. undulatum,Single Plant,404420.172,6461618.951
pop18_ALL_DPaW C. undulatum,Single Plant,404420.091,6461619.95
pop18_ALL_DPaW C. undulatum,Single Plant,404426.808,6461637.288
pop18_ALL_DPaW C. undulatum,Single Plant,404431.594,6461643.399
pop18_ALL_DPaW C. undulatum,Single Plant,404434.009,6461653.633
pop18_ALL_DPaW C. undulatum,Single Plant,404449.572,6461655.999
pop18_ALL_DPaW C. undulatum,Single Plant,404452.297,6461655.032
pop18_ALL_DPaW C. undulatum,Single Plant,404453.064,6461660.36
pop18_ALL_DPaW C. undulatum,Single Plant,404450.532,6461661.596
pop18_ALL_DPaW C. undulatum,Single Plant,404448.119,6461675.894
pop18_ALL_DPaW C. undulatum,Single Plant,404447.069,6461676.101
pop18_ALL_DPaW C. undulatum,Single Plant,404440.627,6461675.997
pop18_ALL_DPaW C. undulatum,Single Plant,404446.154,6461681.752
pop18_ALL_DPaW C. undulatum,Single Plant,404453.073,6461684.755
pop18_ALL_DPaW C. undulatum,Single Plant,404455.273,6461684.624
pop18_ALL_DPaW C. undulatum,Single Plant,404447.139,6461691.199
pop18_ALL_DPaW C. undulatum,Single Plant,404488.754,6461750.294
pop18_ALL_DPaW C. undulatum,Single Plant,404497.745,6461757.334
pop18_ALL_DPaW C. undulatum,Single Plant,404510.052,6461751.58
pop18_ALL_DPaW C. undulatum,Single Plant,404471.583,6461682.427
pop18_ALL_DPaW C. undulatum,Single Plant,404466.555,6461664.723
pop18_ALL_DPaW C. undulatum,Single Plant,404466.452,6461663.42
pop18_ALL_DPaW C. undulatum,Single Plant,404468.333,6461657.4
pop18_ALL_DPaW C. undulatum,Single Plant,404459.671,6461649.812
pop18_ALL_DPaW C. undulatum,Single Plant,404444.454,6461628.364
pop18_ALL_DPaW C. undulatum,Single Plant,404442.749,6461627.189
pop18_ALL_DPaW C. undulatum,Single Plant,404446.089,6461626.301
pop18_ALL_DPaW C. undulatum,Single Plant,404447.74,6461624.929
pop18_ALL_DPaW C. undulatum,Single Plant,404431.925,6461574.968
pop18_ALL_DPaW C. undulatum,Single Plant,404420.418,6461561.067
pop18_ALL_DPaW C. undulatum,Single Plant,404421.732,6461552.496
pop18_ALL_DPaW C. undulatum,Single Plant,404413.114,6461549.769
pop18_ALL_DPaW C. undulatum,Single Plant,404409.856,6461551
pop18_ALL_DPaW C. undulatum,Single Plant,404407.47,6461547.988
pop18_ALL_DPaW C. undulatum,Single Plant,404452.852,6461566.36
pop18_ALL_DPaW C. undulatum,Single Plant,404456.78,6461568.047
pop18_ALL_DPaW C. undulatum,Single Plant,404457.668,6461569.059
pop18_ALL_DPaW C. undulatum,Single Plant,404459.271,6461568.346
pop18_ALL_DPaW C. undulatum,Single Plant,404473.132,6461575.034
pop18_ALL_DPaW C. undulatum,Single Plant,404473.446,6461573.738
pop18_ALL_DPaW C. undulatum,Single Plant,404472.617,6461574.072
pop18_ALL_DPaW C. undulatum,Single Plant,404476.016,6461593.003
pop18_ALL_DPaW C. undulatum,Single Plant,404479.741,6461591.81
pop18_ALL_DPaW C. undulatum,Single Plant,404479.535,6461592.933
pop18_ALL_DPaW C. undulatum,Single Plant,404480.118,6461591.5
pop18_ALL_DPaW C. undulatum,Single Plant,404481.94,6461576.62
pop18_ALL_DPaW C. undulatum,Single Plant,404490.562,6461589.712
pop18_ALL_DPaW C. undulatum,Single Plant,404491.046,6461591.555
pop18_ALL_DPaW C. undulatum,Single Plant,404501.281,6461598.418
pop18_ALL_DPaW C. undulatum,Single Plant,404503.093,6461611.13
pop18_ALL_DPaW C. undulatum,Single Plant,404500.977,6461612.303
pop18_ALL_DPaW C. undulatum,Single Plant,404500.356,6461612.059
pop18_ALL_DPaW C. undulatum,Single Plant,404502.228,6461611.859
pop18_ALL_DPaW C. undulatum,Single Plant,404504.492,6461608.151
pop18_ALL_DPaW C. undulatum,Single Plant,404509.013,6461604.867
pop18_ALL_DPaW C. undulatum,Single Plant,404512.256,6461610.779
pop18_ALL_DPaW C. undulatum,Single Plant,404509.044,6461617.389
pop18_ALL_DPaW C. undulatum,Single Plant,404504.142,6461621.789
pop18_ALL_DPaW C. undulatum,Single Plant,404523.752,6461624.546
pop18_ALL_DPaW C. undulatum,Single Plant,404524.287,6461627.842
pop18_ALL_DPaW C. undulatum,Single Plant,404517.914,6461629.746
pop18_ALL_DPaW C. undulatum,Single Plant,404512.129,6461640.291
pop18_ALL_DPaW C. undulatum,Single Plant,404520.707,6461635.159
pop18_ALL_DPaW C. undulatum,Single Plant,404541.93,6461651.649
pop18_ALL_DPaW C. undulatum,Single Plant,404544.581,6461650.038
pop18_ALL_DPaW C. undulatum,Single Plant,404513.351,6461658.681
pop18_ALL_DPaW C. undulatum,Single Plant,404508.144,6461654.084
pop18_ALL_DPaW C. undulatum,Single Plant,404541.315,6461602.53
pop18_ALL_DPaW C. undulatum,Single Plant,404552.133,6461596.607
pop18_ALL_DPaW C. undulatum,Single Plant,404552.035,6461591.464
pop18_ALL_DPaW C. undulatum,Single Plant,404537.711,6461586.331
pop18_ALL_DPaW C. undulatum,Single Plant,404534.155,6461587.765
pop18_ALL_DPaW C. undulatum,Single Plant,404532.147,6461588.266
pop18_ALL_DPaW C. undulatum,Single Plant,404532.621,6461589.534
pop18_ALL_DPaW C. undulatum,Single Plant,404536.763,6461595.153
pop18_ALL_DPaW C. undulatum,Single Plant,404515.665,6461603.187
pop18_ALL_DPaW C. undulatum,Single Plant,404507.596,6461596.979
pop18_ALL_DPaW C. undulatum,Single Plant,404507.973,6461595.372
pop18_ALL_DPaW C. undulatum,Single Plant,404489.343,6461583.871
pop18_ALL_DPaW C. undulatum,Single Plant,404486.719,6461576.78
pop18_ALL_DPaW C. undulatum,Single Plant,404484.118,6461571.696
pop18_ALL_DPaW C. undulatum,Single Plant,404461.834,6461540.162
pop18_ALL_DPaW C. undulatum,Single Plant,404467.021,6461549.13
pop18_ALL_DPaW C. undulatum,Single Plant,404491.241,6461560.06
pop18_ALL_DPaW C. undulatum,Single Plant,404490.96,6461560.542
pop18_ALL_DPaW C. undulatum,Single Plant,404491.305,6461560.798
pop18_ALL_DPaW C. undulatum,Single Plant,404492.754,6461562.631
pop18_ALL_DPaW C. undulatum,Single Plant,404495.379,6461565.223
pop18_ALL_DPaW C. undulatum,Single Plant,404496.375,6461564.708
pop18_ALL_DPaW C. undulatum,Single Plant,404505.293,6461569.365
pop18_ALL_DPaW C. undulatum,Single Plant,404504.602,6461572.961
pop18_ALL_DPaW C. undulatum,Single Plant,404503.952,6461574.149
pop18_ALL_DPaW C. undulatum,Single Plant,404508.408,6461570.204
pop18_ALL_DPaW C. undulatum,Single Plant,404510.614,6461575.46
pop18_ALL_DPaW C. undulatum,Single Plant,404515.587,6461574.683
pop18_ALL_DPaW C. undulatum,Single Plant,404516.565,6461575.676
pop18_ALL_DPaW C. undulatum,Single Plant,404519.264,6461577.711
pop18_ALL_DPaW C. undulatum,Single Plant,404522.94,6461575.484
pop18_ALL_DPaW C. undulatum,Single Plant,404522.374,6461576.696
pop18_ALL_DPaW C. undulatum,Single Plant,404526.793,6461581.734
pop18_ALL_DPaW C. undulatum,Single Plant,404528.157,6461582.667
pop18_ALL_DPaW C. undulatum,Single Plant,404529.87,6461585.295
pop18_ALL_DPaW C. undulatum,Single Plant,404528.688,6461586.522
pop18_ALL_DPaW C. undulatum,Single Plant,404532.493,6461578.607
pop18_ALL_DPaW C. undulatum,Single Plant,404533.585,6461579.731
pop18_ALL_DPaW C. undulatum,Single Plant,404533.668,6461579.825
pop18_ALL_DPaW C. undulatum,Single Plant,404538.223,6461577.695
pop18_ALL_DPaW C. undulatum,Single Plant,404540.658,6461578.275
pop18_ALL_DPaW C. undulatum,Single Plant,404540.012,6461575.434
pop18_ALL_DPaW C. undulatum,Single Plant,404543.3,6461575.445
pop18_ALL_DPaW C. undulatum,Single Plant,404543.822,6461578.721
pop18_ALL_DPaW C. undulatum,Single Plant,404548.891,6461581.139
pop18_ALL_DPaW C. undulatum,Single Plant,404548.749,6461582.51
pop18_ALL_DPaW C. undulatum,Single Plant,404551.054,6461580.703
pop18_ALL_DPaW C. undulatum,Single Plant,404551.47,6461579.33
pop18_ALL_DPaW C. undulatum,Single Plant,404576.274,6461585.225
pop18_ALL_DPaW C. undulatum,Single Plant,404584.645,6461591.596
pop18_ALL_DPaW C. undulatum,Single Plant,404591.858,6461590.557
pop18_ALL_DPaW C. undulatum,Single Plant,404594.482,6461588.317
pop18_ALL_DPaW C. undulatum,Single Plant,404595.743,6461586.867
pop18_ALL_DPaW C. undulatum,Single Plant,404601.288,6461584.929
pop18_ALL_DPaW C. undulatum,Single Plant,404602.977,6461592.248
pop18_ALL_DPaW C. undulatum,Single Plant,404613.445,6461590.237
pop18_ALL_DPaW C. undulatum,Single Plant,404614.289,6461590.552
pop18_ALL_DPaW C. undulatum,Single Plant,404668.915,6461572.562
pop18_ALL_DPaW C. undulatum,Single Plant,404658.484,6461565.262
pop18_ALL_DPaW C. undulatum,Single Plant,404654.996,6461564.821
pop18_ALL_DPaW C. undulatum,Single Plant,404652.876,6461559.827
pop18_ALL_DPaW C. undulatum,Single Plant,404647.231,6461564.19
pop18_ALL_DPaW C. undulatum,Single Plant,404646.315,6461566.451
pop18_ALL_DPaW C. undulatum,Single Plant,404646.58,6461565.235
pop18_ALL_DPaW C. undulatum,Single Plant,404646.598,6461565.184
pop18_ALL_DPaW C. undulatum,Single Plant,404643.461,6461561.759
pop18_ALL_DPaW C. undulatum,Single Plant,404641.912,6461560.593
pop18_ALL_DPaW C. undulatum,Single Plant,404637.3,6461561.667
pop18_ALL_DPaW C. undulatum,Single Plant,404631.39,6461567.189
pop18_ALL_DPaW C. undulatum,Single Plant,404628.493,6461567.937
pop18_ALL_DPaW C. undulatum,Single Plant,404626.747,6461564.746
pop18_ALL_DPaW C. undulatum,Single Plant,404623.753,6461566.737
pop18_ALL_DPaW C. undulatum,Single Plant,404627.891,6461560.072
pop18_ALL_DPaW C. undulatum,Single Plant,404620.586,6461556.678
pop18_ALL_DPaW C. undulatum,Single Plant,404601.14,6461554.663
pop18_ALL_DPaW C. undulatum,Single Plant,404593.532,6461541.844
pop18_ALL_DPaW C. undulatum,Single Plant,404599.011,6461539.275
pop18_ALL_DPaW C. undulatum,Single Plant,404602.585,6461539.962
pop18_ALL_DPaW C. undulatum,Single Plant,404584.898,6461538.934
pop18_ALL_DPaW C. undulatum,Single Plant,404574.902,6461535.18
pop18_ALL_DPaW C. undulatum,Single Plant,404570.705,6461542.66
pop18_ALL_DPaW C. undulatum,Single Plant,404569.621,6461542.081
pop18_ALL_DPaW C. undulatum,Single Plant,404550.54,6461533.6
pop18_ALL_DPaW C. undulatum,Single Plant,404547.806,6461541.008
pop18_ALL_DPaW C. undulatum,Single Plant,404536.312,6461541.979
pop18_ALL_DPaW C. undulatum,Single Plant,404536.709,6461542.52
pop18_ALL_DPaW C. undulatum,Single Plant,404534.904,6461541.307
pop18_ALL_DPaW C. undulatum,Single Plant,404527.835,6461534.502
pop18_ALL_DPaW C. undulatum,Single Plant,404528.864,6461531.793
pop18_ALL_DPaW C. undulatum,Single Plant,404531.047,6461536.136
pop18_ALL_DPaW C. undulatum,Single Plant,404524.201,6461539.943
pop18_ALL_DPaW C. undulatum,Single Plant,404523.764,6461539.007
pop18_ALL_DPaW C. undulatum,Single Plant,404508.879,6461540.115
pop18_ALL_DPaW C. undulatum,Single Plant,404509.18,6461542.894
pop18_ALL_DPaW C. undulatum,Single Plant,404504.837,6461540.748
pop18_ALL_DPaW C. undulatum,Single Plant,404500.835,6461538.823
pop18_ALL_DPaW C. undulatum,Single Plant,404500.583,6461540.474
pop18_ALL_DPaW C. undulatum,Single Plant,404499.164,6461540.771
pop18_ALL_DPaW C. undulatum,Single Plant,404493.438,6461541.312
pop18_ALL_DPaW C. undulatum,Single Plant,404529.324,6461531.875
pop18_ALL_DPaW C. undulatum,Single Plant,404598.862,6461530.906
pop18_ALL_DPaW C. undulatum,Single Plant,404606.108,6461537.676
pop18_ALL_DPaW C. undulatum,Single Plant,404606.359,6461539.207
pop18_ALL_DPaW C. undulatum,Single Plant,404607.347,6461539.944
pop18_ALL_DPaW C. undulatum,Single Plant,404611.887,6461539.739
pop18_ALL_DPaW C. undulatum,Single Plant,404615.122,6461540.191
pop18_ALL_DPaW C. undulatum,Single Plant,404623.099,6461545.975
pop18_ALL_DPaW C. undulatum,Single Plant,404621.917,6461543.218
pop18_ALL_DPaW C. undulatum,Single Plant,404628.451,6461549.323
pop18_ALL_DPaW C. undulatum,Single Plant,404632.565,6461549.053
pop18_ALL_DPaW C. undulatum,Single Plant,404640.952,6461555.269
pop18_ALL_DPaW C. undulatum,Single Plant,404645.4,6461555.015
pop18_ALL_DPaW C. undulatum,Single Plant,404653.105,6461561.779
pop18_ALL_DPaW C. undulatum,Single Plant,404658.026,6461555.213
pop18_ALL_DPaW C. undulatum,Single Plant,404660.058,6461554.295
pop18_ALL_DPaW C. undulatum,Single Plant,404675.605,6461566.938
pop18_ALL_DPaW C. undulatum,Single Plant,404676.682,6461569.619
pop18_ALL_DPaW C. undulatum,Single Plant,404716.267,6461544.031
pop18_ALL_DPaW C. undulatum,Single Plant,404712.735,6461539.84
pop18_ALL_DPaW C. undulatum,Single Plant,404714.001,6461537.155
pop18_ALL_DPaW C. undulatum,Single Plant,404712.57,6461533.029
pop18_ALL_DPaW C. undulatum,Single Plant,404710.548,6461535.97
pop18_ALL_DPaW C. undulatum,Single Plant,404710.556,6461535.449
pop18_ALL_DPaW C. undulatum,Single Plant,404711.481,6461533.522
pop18_ALL_DPaW C. undulatum,Single Plant,404698.525,6461532.663
pop18_ALL_DPaW C. undulatum,Single Plant,404694.654,6461538.239
pop18_ALL_DPaW C. undulatum,Single Plant,404694.937,6461538.82
pop18_ALL_DPaW C. undulatum,Single Plant,404693.429,6461538.438
pop18_ALL_DPaW C. undulatum,Single Plant,404687.676,6461537.648
pop18_ALL_DPaW C. undulatum,Single Plant,404672.443,6461527.115
pop18_ALL_DPaW C. undulatum,Single Plant,404676.517,6461537.671
pop18_ALL_DPaW C. undulatum,Single Plant,404676.478,6461528.873
pop18_ALL_DPaW C. undulatum,Single Plant,404673.316,6461523.844
pop18_ALL_DPaW C. undulatum,Single Plant,404649.479,6461518.501
pop18_ALL_DPaW C. undulatum,Single Plant,404615.844,6461497.363
pop18_ALL_DPaW C. undulatum,Single Plant,404612.741,6461500.331
pop18_ALL_DPaW C. undulatum,Single Plant,404612.311,6461494.138
pop18_ALL_DPaW C. undulatum,Single Plant,404609.664,6461492.132
pop18_ALL_DPaW C. undulatum,Single Plant,404656.076,6461504.172
pop18_ALL_DPaW C. undulatum,Single Plant,404654.335,6461512.836
pop18_ALL_DPaW C. undulatum,Single Plant,404656.029,6461512.255
pop18_ALL_DPaW C. undulatum,Single Plant,404657.256,6461510.4
pop18_ALL_DPaW C. undulatum,Single Plant,404662.207,6461507.706
pop18_ALL_DPaW C. undulatum,Single Plant,404668.677,6461511.011
pop18_ALL_DPaW C. undulatum,Single Plant,404671.857,6461511.835
pop18_ALL_DPaW C. undulatum,Single Plant,404673.317,6461512.1
pop18_ALL_DPaW C. undulatum,Single Plant,404679.049,6461506.812
pop18_ALL_DPaW C. undulatum,Single Plant,404686.89,6461511.94
pop18_ALL_DPaW C. undulatum,Single Plant,404686.408,6461501.667
pop18_ALL_DPaW C. undulatum,Single Plant,404685.287,6461499.509
pop18_ALL_DPaW C. undulatum,Single Plant,404687.885,6461502.683
pop18_ALL_DPaW C. undulatum,Single Plant,404690.008,6461498.352
pop18_ALL_DPaW C. undulatum,Single Plant,404689.404,6461496.582
pop18_ALL_DPaW C. undulatum,Single Plant,404694.801,6461506.911
pop18_ALL_DPaW C. undulatum,Single Plant,404700.662,6461510.797
pop18_ALL_DPaW C. undulatum,Single Plant,404700.584,6461510.375
pop18_ALL_DPaW C. undulatum,Single Plant,404698.899,6461509.413
pop18_ALL_DPaW C. undulatum,Single Plant,404701.779,6461506.496
pop18_ALL_DPaW C. undulatum,Single Plant,404703.135,6461507.291
pop18_ALL_DPaW C. undulatum,Single Plant,404704.531,6461505.688
pop18_ALL_DPaW C. undulatum,Single Plant,404703.234,6461507.151
pop18_ALL_DPaW C. undulatum,Single Plant,404701.28,6461516.133
pop18_ALL_DPaW C. undulatum,Single Plant,404700.904,6461530.656
pop18_ALL_DPaW C. undulatum,Single Plant,404703.426,6461527.727
pop18_ALL_DPaW C. undulatum,Single Plant,404705.678,6461527.046
pop18_ALL_DPaW C. undulatum,Single Plant,404704.51,6461517.962
pop18_ALL_DPaW C. undulatum,Single Plant,404705.969,6461516.401
pop18_ALL_DPaW C. undulatum,Single Plant,404705.545,6461517.542
pop18_ALL_DPaW C. undulatum,Single Plant,404710.814,6461524.012
pop18_ALL_DPaW C. undulatum,Single Plant,404712.608,6461524.09
pop18_ALL_DPaW C. undulatum,Single Plant,404713.2,6461523.823
pop18_ALL_DPaW C. undulatum,Single Plant,404715.682,6461524.757
pop18_ALL_DPaW C. undulatum,Single Plant,404714.608,6461526.784
pop18_ALL_DPaW C. undulatum,Single Plant,404715.913,6461523.451
pop18_ALL_DPaW C. undulatum,Single Plant,404716.947,6461523.61
pop18_ALL_DPaW C. undulatum,Single Plant,404716.99,6461519.294
pop18_ALL_DPaW C. undulatum,Single Plant,404729.717,6461535.925
pop18_ALL_DPaW C. undulatum,Single Plant,404729.638,6461535.737
pop18_ALL_DPaW C. undulatum,Single Plant,404729.278,6461535.131
pop18_ALL_DPaW C. undulatum,Single Plant,404730.364,6461537.979
pop18_ALL_DPaW C. undulatum,Single Plant,404723.036,6461540.642
pop18_ALL_DPaW C. undulatum,Single Plant,404720.188,6461541.323
pop18_ALL_DPaW C. undulatum,Single Plant,404719.787,6461541.84
pop18_ALL_DPaW C. undulatum,Single Plant,404748.266,6461517.653
pop18_ALL_DPaW C. undulatum,Single Plant,404745.904,6461515.008
pop18_ALL_DPaW C. undulatum,Single Plant,404744.635,6461514.522
pop18_ALL_DPaW C. undulatum,Single Plant,404742.533,6461516.821
pop18_ALL_DPaW C. undulatum,Single Plant,404743.771,6461513.952
pop18_ALL_DPaW C. undulatum,Single Plant,404741.027,6461513.952
pop18_ALL_DPaW C. undulatum,Single Plant,404740.068,6461517.543
pop18_ALL_DPaW C. undulatum,Single Plant,404742.838,6461512.198
pop18_ALL_DPaW C. undulatum,Single Plant,404742.366,6461512.324
pop18_ALL_DPaW C. undulatum,Single Plant,404741.122,6461512.466
pop18_ALL_DPaW C. undulatum,Single Plant,404737.795,6461513.415
pop18_ALL_DPaW C. undulatum,Single Plant,404736.934,6461513.239
pop18_ALL_DPaW C. undulatum,Single Plant,404740.65,6461510.004
pop18_ALL_DPaW C. undulatum,Single Plant,404735.101,6461501.129
pop18_ALL_DPaW C. undulatum,Single Plant,404732.178,6461503.793
pop18_ALL_DPaW C. undulatum,Single Plant,404732.194,6461503.456
pop18_ALL_DPaW C. undulatum,Single Plant,404729.318,6461507.301
pop18_ALL_DPaW C. undulatum,Single Plant,404728.422,6461506.506
pop18_ALL_DPaW C. undulatum,Single Plant,404723.353,6461497.738
pop18_ALL_DPaW C. undulatum,Single Plant,404723.503,6461496.961
pop18_ALL_DPaW C. undulatum,Single Plant,404722.561,6461495.983
pop18_ALL_DPaW C. undulatum,Single Plant,404721.755,6461494.479
pop18_ALL_DPaW C. undulatum,Single Plant,404718.043,6461492.796
pop18_ALL_DPaW C. undulatum,Single Plant,404716.866,6461491.162
pop18_ALL_DPaW C. undulatum,Single Plant,404717.534,6461480.954
pop18_ALL_DPaW C. undulatum,Single Plant,404712.953,6461486.14
pop18_ALL_DPaW C. undulatum,Single Plant,404710.19,6461487.853
pop18_ALL_DPaW C. undulatum,Single Plant,404709.164,6461485.464
pop18_ALL_DPaW C. undulatum,Single Plant,404714.239,6461477.248
pop18_ALL_DPaW C. undulatum,Single Plant,404715.744,6461477.455
pop18_ALL_DPaW C. undulatum,Single Plant,404706.757,6461477.381
pop18_ALL_DPaW C. undulatum,Single Plant,404700.837,6461476.269
pop18_ALL_DPaW C. undulatum,Single Plant,404702.407,6461471.62
pop18_ALL_DPaW C. undulatum,Single Plant,404699.213,6461471.055
pop18_ALL_DPaW C. undulatum,Single Plant,404695.215,6461474.344
pop18_ALL_DPaW C. undulatum,Single Plant,404697.025,6461468.709
pop18_ALL_DPaW C. undulatum,Single Plant,404686.586,6461456.201
pop18_ALL_DPaW C. undulatum,Single Plant,404685.043,6461455.604
pop18_ALL_DPaW C. undulatum,Single Plant,404690.402,6461450.872
pop18_ALL_DPaW C. undulatum,Single Plant,404690.969,6461453.81
pop18_ALL_DPaW C. undulatum,Single Plant,404690.916,6461447.734
pop18_ALL_DPaW C. undulatum,Single Plant,404689.035,6461447.316
pop18_ALL_DPaW C. undulatum,Single Plant,404688.111,6461445.101
pop18_ALL_DPaW C. undulatum,Single Plant,404689.683,6461443.566
pop18_ALL_DPaW C. undulatum,Single Plant,404687.449,6461445.881
pop18_ALL_DPaW C. undulatum,Single Plant,404686.431,6461444.459
pop18_ALL_DPaW C. undulatum,Single Plant,404675.763,6461437.785
pop18_ALL_DPaW C. undulatum,Single Plant,404666.599,6461418.857
pop18_ALL_DPaW C. undulatum,Single Plant,404667.57,6461416.122
pop18_ALL_DPaW C. undulatum,Single Plant,404668.044,6461416.962
pop18_ALL_DPaW C. undulatum,Single Plant,404670.122,6461415.199
pop18_ALL_DPaW C. undulatum,Single Plant,404650.92,6461393.876
pop18_ALL_DPaW C. undulatum,Single Plant,404647.788,6461391.873
pop18_ALL_DPaW C. undulatum,Single Plant,404676.956,6461420.738
pop18_ALL_DPaW C. undulatum,Single Plant,404681.782,6461427.821
pop18_ALL_DPaW C. undulatum,Single Plant,404683.694,6461426.473
pop18_ALL_DPaW C. undulatum,Single Plant,404683.541,6461427.714
pop18_ALL_DPaW C. undulatum,Single Plant,404681.896,6461428.173
pop18_ALL_DPaW C. undulatum,Single Plant,404680.499,6461429.145
pop18_ALL_DPaW C. undulatum,Single Plant,404680.895,6461430.895
pop18_ALL_DPaW C. undulatum,Single Plant,404679.788,6461429.335
pop18_ALL_DPaW C. undulatum,Single Plant,404678.92,6461429.862
pop18_ALL_DPaW C. undulatum,Single Plant,404681.97,6461431.775
pop18_ALL_DPaW C. undulatum,Single Plant,404681.649,6461433.623
pop18_ALL_DPaW C. undulatum,Single Plant,404682.518,6461432.167
pop18_ALL_DPaW C. undulatum,Single Plant,404685.373,6461428.945
pop18_ALL_DPaW C. undulatum,Single Plant,404683.896,6461432.764
pop18_ALL_DPaW C. undulatum,Single Plant,404687.094,6461429.825
pop18_ALL_DPaW C. undulatum,Single Plant,404684.66,6461435.854
pop18_ALL_DPaW C. undulatum,Single Plant,404678.709,6461437.546
pop18_ALL_DPaW C. undulatum,Single Plant,404682.094,6461441.972
pop18_ALL_DPaW C. undulatum,Single Plant,404686.955,6461458.021
pop18_ALL_DPaW C. undulatum,Single Plant,404688.142,6461437.384
pop18_ALL_DPaW C. undulatum,Single Plant,404690.175,6461435.549
pop18_ALL_DPaW C. undulatum,Single Plant,404689.645,6461435.404
pop18_ALL_DPaW C. undulatum,Single Plant,404690.559,6461434.629
pop18_ALL_DPaW C. undulatum,Single Plant,404689.472,6461440.597
pop18_ALL_DPaW C. undulatum,Single Plant,404694.678,6461441.639
pop18_ALL_DPaW C. undulatum,Single Plant,404696.162,6461442.545
pop18_ALL_DPaW C. undulatum,Single Plant,404695.36,6461439.967
pop18_ALL_DPaW C. undulatum,Single Plant,404693.845,6461443.847
pop18_ALL_DPaW C. undulatum,Single Plant,404691.374,6461442.597
pop18_ALL_DPaW C. undulatum,Single Plant,404690.391,6461448.202
pop18_ALL_DPaW C. undulatum,Single Plant,404690.826,6461449.605
pop18_ALL_DPaW C. undulatum,Single Plant,404690.894,6461451.846
pop18_ALL_DPaW C. undulatum,Single Plant,404698.19,6461451.867
pop18_ALL_DPaW C. undulatum,Single Plant,404696.431,6461456.782
pop18_ALL_DPaW C. undulatum,Single Plant,404694.001,6461461.717
pop18_ALL_DPaW C. undulatum,Single Plant,404701.331,6461466.756
pop18_ALL_DPaW C. undulatum,Single Plant,404702.395,6461467.126
pop18_ALL_DPaW C. undulatum,Single Plant,404704.064,6461467.096
pop18_ALL_DPaW C. undulatum,Single Plant,404704.959,6461467.123
pop18_ALL_DPaW C. undulatum,Single Plant,404706.706,6461464.648
pop18_ALL_DPaW C. undulatum,Single Plant,404701.481,6461462.524
pop18_ALL_DPaW C. undulatum,Single Plant,404701.299,6461457.938
pop18_ALL_DPaW C. undulatum,Single Plant,404714.627,6461471.493
pop18_ALL_DPaW C. undulatum,Single Plant,404717.801,6461476.488
pop18_ALL_DPaW C. undulatum,Single Plant,404718.161,6461476.907
pop18_ALL_DPaW C. undulatum,Single Plant,404725.778,6461470.133
pop18_ALL_DPaW C. undulatum,Single Plant,404723.686,6461469.028
pop18_ALL_DPaW C. undulatum,Single Plant,404723.331,6461477.509
pop18_ALL_DPaW C. undulatum,Single Plant,404726.132,6461478.404
pop18_ALL_DPaW C. undulatum,Single Plant,404729.124,6461479.395
pop18_ALL_DPaW C. undulatum,Single Plant,404728.37,6461481.44
pop18_ALL_DPaW C. undulatum,Single Plant,404728.728,6461481.046
pop18_ALL_DPaW C. undulatum,Single Plant,404734.551,6461478.082
pop18_ALL_DPaW C. undulatum,Single Plant,404741.443,6461486.065
pop18_ALL_DPaW C. undulatum,Single Plant,404734.921,6461487.201
pop18_ALL_DPaW C. undulatum,Single Plant,404744.566,6461492.852
pop18_ALL_DPaW C. undulatum,Single Plant,404742.34,6461490.241
pop18_ALL_DPaW C. undulatum,Single Plant,404749.778,6461494.596
pop18_ALL_DPaW C. undulatum,Single Plant,404751.987,6461495.763
pop18_ALL_DPaW C. undulatum,Single Plant,404750.699,6461498.156
pop18_ALL_DPaW C. undulatum,Single Plant,404748.633,6461498.076
pop18_ALL_DPaW C. undulatum,Single Plant,404743.386,6461501.523
pop18_ALL_DPaW C. undulatum,Single Plant,404743.542,6461507.93
pop18_ALL_DPaW C. undulatum,Single Plant,404748.929,6461512.054
pop18_ALL_DPaW C. undulatum,Single Plant,404749.9,6461515.6
pop18_ALL_DPaW C. undulatum,Single Plant,404752.36,6461515.751
pop18_ALL_DPaW C. undulatum,Single Plant,404756.671,6461506.153
pop18_ALL_DPaW C. undulatum,Single Plant,404755.123,6461504.329
pop18_ALL_DPaW C. undulatum,Single Plant,404749.745,6461505.439
pop18_ALL_DPaW C. undulatum,Single Plant,404755.177,6461502.739
pop18_ALL_DPaW C. undulatum,Single Plant,404755.496,6461501.624
pop18_ALL_DPaW C. undulatum,Single Plant,404756.829,6461504.018
pop18_ALL_DPaW C. undulatum,Single Plant,404756.172,6461506.573
pop18_ALL_DPaW C. undulatum,Single Plant,404759.307,6461508.207
pop18_ALL_DPaW C. undulatum,Single Plant,404756.481,6461512.43
pop18_ALL_DPaW C. undulatum,Single Plant,404764.409,6461506.271
pop18_ALL_DPaW C. undulatum,Single Plant,404766.874,6461500.447
pop18_ALL_DPaW C. undulatum,Single Plant,404767.909,6461497.778
pop18_ALL_DPaW C. undulatum,Single Plant,404770.132,6461496.857
pop18_ALL_DPaW C. undulatum,Single Plant,404770.45,6461496.404
pop18_ALL_DPaW C. undulatum,Single Plant,404773.253,6461492.912
pop18_ALL_DPaW C. undulatum,Single Plant,404765.791,6461493.929
pop18_ALL_DPaW C. undulatum,Single Plant,404759.66,6461496.088
pop18_ALL_DPaW C. undulatum,Single Plant,404759.269,6461496.001
pop18_ALL_DPaW C. undulatum,Single Plant,404756.245,6461501.111
pop18_ALL_DPaW C. undulatum,Single Plant,404753.408,6461493.8
pop18_ALL_DPaW C. undulatum,Single Plant,404755.762,6461493.427
pop18_ALL_DPaW C. undulatum,Single Plant,404756.751,6461491.892
pop18_ALL_DPaW C. undulatum,Single Plant,404758.341,6461492.502
pop18_ALL_DPaW C. undulatum,Single Plant,404749.917,6461492.853
pop18_ALL_DPaW C. undulatum,Single Plant,404746.146,6461488.01
pop18_ALL_DPaW C. undulatum,Single Plant,404736.022,6461469.571
pop18_ALL_DPaW C. undulatum,Single Plant,404736.706,6461468.896
pop18_ALL_DPaW C. undulatum,Single Plant,404731.752,6461468.458
pop18_ALL_DPaW C. undulatum,Single Plant,404732.442,6461469.576
pop18_ALL_DPaW C. undulatum,Single Plant,404730.329,6461471.027
pop18_ALL_DPaW C. undulatum,Single Plant,404724.51,6461467.365
pop18_ALL_DPaW C. undulatum,Single Plant,404728.493,6461465.095
pop18_ALL_DPaW C. undulatum,Single Plant,404726.224,6461461.225
pop18_ALL_DPaW C. undulatum,Single Plant,404721.316,6461459.882
pop18_ALL_DPaW C. undulatum,Single Plant,404720.036,6461459.946
pop18_ALL_DPaW C. undulatum,Single Plant,404721.286,6461464.271
pop18_ALL_DPaW C. undulatum,Single Plant,404714.046,6461462.63
pop18_ALL_DPaW C. undulatum,Single Plant,404710.587,6461456.157
pop18_ALL_DPaW C. undulatum,Single Plant,404706.73,6461461.641
pop18_ALL_DPaW C. undulatum,Single Plant,404705.254,6461438.889
pop18_ALL_DPaW C. undulatum,Single Plant,404709.082,6461441.546
pop18_ALL_DPaW C. undulatum,Single Plant,404719.546,6461444.032
pop18_ALL_DPaW C. undulatum,Single Plant,404721.854,6461442.533
pop18_ALL_DPaW C. undulatum,Single Plant,404723.022,6461447.692
pop18_ALL_DPaW C. undulatum,Single Plant,404723.753,6461447.894
pop18_ALL_DPaW C. undulatum,Single Plant,404724.442,6461445.247
pop18_ALL_DPaW C. undulatum,Single Plant,404725.031,6461443.186
pop18_ALL_DPaW C. undulatum,Single Plant,404730.246,6461445.143
pop18_ALL_DPaW C. undulatum,Single Plant,404733.663,6461447.903
pop18_ALL_DPaW C. undulatum,Single Plant,404733.122,6461452.551
pop18_ALL_DPaW C. undulatum,Single Plant,404734.578,6461453.737
pop18_ALL_DPaW C. undulatum,Single Plant,404738.93,6461449.522
pop18_ALL_DPaW C. undulatum,Single Plant,404747.194,6461447.611
pop18_ALL_DPaW C. undulatum,Single Plant,404747.529,6461452.254
pop18_ALL_DPaW C. undulatum,Single Plant,404747.013,6461452.687
pop18_ALL_DPaW C. undulatum,Single Plant,404748.625,6461454.552
pop18_ALL_DPaW C. undulatum,Single Plant,404741.496,6461459.349
pop18_ALL_DPaW C. undulatum,Single Plant,404747.016,6461458.485
pop18_ALL_DPaW C. undulatum,Single Plant,404759.174,6461473.619
pop18_ALL_DPaW C. undulatum,Single Plant,404761.56,6461477.507
pop18_ALL_DPaW C. undulatum,Single Plant,404761.216,6461476.855
pop18_ALL_DPaW C. undulatum,Single Plant,404756.222,6461490.149
pop18_ALL_DPaW C. undulatum,Single Plant,404755.044,6461491.741
pop18_ALL_DPaW C. undulatum,Single Plant,404754.044,6461492.152
pop18_ALL_DPaW C. undulatum,Single Plant,404772.449,6461485.558
pop18_ALL_DPaW C. undulatum,Single Plant,404776.549,6461492.581
pop18_ALL_DPaW C. undulatum,Single Plant,404762.09,6461471.374
pop18_ALL_DPaW C. undulatum,Single Plant,404760.464,6461473.626
pop18_ALL_DPaW C. undulatum,Single Plant,404642.8,6461421.6
pop18_ALL_DPaW C. undulatum,Single Plant,404647.413,6461422.966
pop18_ALL_DPaW C. undulatum,Single Plant,404763.205,6461455.624
pop18_ALL_DPaW C. undulatum,Single Plant,404762.915,6461454.816
pop18_ALL_DPaW C. undulatum,Single Plant,404747.557,6461433.769
pop18_ALL_DPaW C. undulatum,Single Plant,404736.154,6461429.505
pop18_ALL_DPaW C. undulatum,Single Plant,404738.629,6461422.591
pop18_ALL_DPaW C. undulatum,Single Plant,404731.821,6461425.228
pop18_ALL_DPaW C. undulatum,Single Plant,404738.204,6461418.445
pop18_ALL_DPaW C. undulatum,Single Plant,404737.78,6461417.02
pop18_ALL_DPaW C. undulatum,Single Plant,404738.367,6461413.432
pop18_ALL_DPaW C. undulatum,Single Plant,404732.234,6461415.174
pop18_ALL_DPaW C. undulatum,Single Plant,404722.184,6461431.511
pop18_ALL_DPaW C. undulatum,Single Plant,404738.058,6461433.519
pop18_ALL_DPaW C. undulatum,Single Plant,404726.65,6461433.937
pop18_ALL_DPaW C. undulatum,Single Plant,404728.015,6461410.674
pop18_ALL_DPaW C. undulatum,Single Plant,404724.859,6461409.221
pop18_ALL_DPaW C. undulatum,Single Plant,404724.015,6461406.935
pop18_ALL_DPaW C. undulatum,Single Plant,404727.233,6461400.61
pop18_ALL_DPaW C. undulatum,Single Plant,404724.132,6461402.131
pop18_ALL_DPaW C. undulatum,Single Plant,404721.346,6461395.802
pop18_ALL_DPaW C. undulatum,Single Plant,404715.244,6461393.168
pop18_ALL_DPaW C. undulatum,Single Plant,404714.37,6461392.731
pop18_ALL_DPaW C. undulatum,Single Plant,404711.8,6461390.994
pop18_ALL_DPaW C. undulatum,Single Plant,404711.956,6461390.46
pop18_ALL_DPaW C. undulatum,Single Plant,404710.719,6461393.477
pop18_ALL_DPaW C. undulatum,Single Plant,404712.472,6461389.813
pop18_ALL_DPaW C. undulatum,Single Plant,404714.559,6461391.549
pop18_ALL_DPaW C. undulatum,Single Plant,404710.083,6461395.288
pop18_ALL_DPaW C. undulatum,Single Plant,404709.313,6461396.585
pop18_ALL_DPaW C. undulatum,Single Plant,404708.311,6461396.099
pop18_ALL_DPaW C. undulatum,Single Plant,404707.999,6461396.401
pop18_ALL_DPaW C. undulatum,Single Plant,404707.323,6461395.253
pop18_ALL_DPaW C. undulatum,Single Plant,404706.948,6461395.378
pop18_ALL_DPaW C. undulatum,Single Plant,404704.43,6461389.191
pop18_ALL_DPaW C. undulatum,Single Plant,404706.516,6461389.922
pop18_ALL_DPaW C. undulatum,Single Plant,404703.071,6461376.593
pop18_ALL_DPaW C. undulatum,Single Plant,404707.912,6461372.961
pop18_ALL_DPaW C. undulatum,Single Plant,404702.457,6461370.507
pop18_ALL_DPaW C. undulatum,Single Plant,404700.784,6461369.796
pop18_ALL_DPaW C. undulatum,Single Plant,404697.576,6461361.114
pop18_ALL_DPaW C. undulatum,Single Plant,404699.065,6461359.8
pop18_ALL_DPaW C. undulatum,Single Plant,404685.732,6461366.678
pop18_ALL_DPaW C. undulatum,Single Plant,404688.306,6461358.521
pop18_ALL_DPaW C. undulatum,Single Plant,404687.886,6461353.707
pop18_ALL_DPaW C. undulatum,Single Plant,404683.408,6461352.466
pop18_ALL_DPaW C. undulatum,Single Plant,404680.686,6461344.823
pop18_ALL_DPaW C. undulatum,Single Plant,404673.16,6461340.984
pop18_ALL_DPaW C. undulatum,Single Plant,404681.004,6461335.55
pop18_ALL_DPaW C. undulatum,Single Plant,404674.432,6461331.804
pop18_ALL_DPaW C. undulatum,Single Plant,404673.755,6461330.014
pop18_ALL_DPaW C. undulatum,Single Plant,404675.366,6461329.697
pop18_ALL_DPaW C. undulatum,Single Plant,404674.439,6461325.996
pop18_ALL_DPaW C. undulatum,Single Plant,404666.37,6461329.822
pop18_ALL_DPaW C. undulatum,Single Plant,404669.298,6461319.62
pop18_ALL_DPaW C. undulatum,Single Plant,404671.057,6461318.625
pop18_ALL_DPaW C. undulatum,Single Plant,404623.27,6461299.235
pop18_ALL_DPaW C. undulatum,Single Plant,404666.693,6461371.438
pop18_ALL_DPaW C. undulatum,Single Plant,404663.258,6461371.124
pop18_ALL_DPaW C. undulatum,Single Plant,404659.752,6461371.367
pop18_ALL_DPaW C. undulatum,Single Plant,404658.302,6461376.914
pop18_ALL_DPaW C. undulatum,Single Plant,404661.568,6461377.718
pop18_ALL_DPaW C. undulatum,Single Plant,404656.603,6461383.26
pop18_ALL_DPaW C. undulatum,Single Plant,404654.18,6461385.324
pop18_ALL_DPaW C. undulatum,Single Plant,404653.173,6461385.33
pop18_ALL_DPaW C. undulatum,Single Plant,404667.486,6461398.855
pop18_ALL_DPaW C. undulatum,Single Plant,404666.298,6461400.425
pop18_ALL_DPaW C. undulatum,Single Plant,404682.609,6461401.712
pop18_ALL_DPaW C. undulatum,Single Plant,404672.894,6461406.533
pop18_ALL_DPaW C. undulatum,Single Plant,404675.337,6461405.236
pop18_ALL_DPaW C. undulatum,Single Plant,404680.74,6461411.926
pop18_ALL_DPaW C. undulatum,Single Plant,404678.814,6461412.111
pop18_ALL_DPaW C. undulatum,Single Plant,404684.752,6461415.11
pop18_ALL_DPaW C. undulatum,Single Plant,404695.505,6461414.493
pop18_ALL_DPaW C. undulatum,Single Plant,404692.483,6461415.82
pop18_ALL_DPaW C. undulatum,Single Plant,404691.273,6461416.321
pop18_ALL_DPaW C. undulatum,Single Plant,404687.123,6461417.206
pop18_ALL_DPaW C. undulatum,Single Plant,404689.069,6461418.718
pop18_ALL_DPaW C. undulatum,Single Plant,404695.263,6461419.699
pop18_ALL_DPaW C. undulatum,Single Plant,404697.724,6461421.476
pop18_ALL_DPaW C. undulatum,Single Plant,404696.38,6461422.406
pop18_ALL_DPaW C. undulatum,Single Plant,404689.434,6461423.608
pop18_ALL_DPaW C. undulatum,Single Plant,404698.946,6461425.473
pop18_ALL_DPaW C. undulatum,Single Plant,404701.529,6461423.221
pop18_ALL_DPaW C. undulatum,Single Plant,404708.779,6461432.935
pop18_ALL_DPaW C. undulatum,Single Plant,404716.252,6461430.167
pop18_ALL_DPaW C. undulatum,Single Plant,404528.417,6461173.542
pop18_ALL_DPaW C. undulatum,Single Plant,404530.177,6461170.476
pop18_ALL_DPaW C. undulatum,Single Plant,404533.179,6461171.373
pop18_ALL_DPaW C. undulatum,Single Plant,404531.548,6461170.889
pop18_ALL_DPaW C. undulatum,Single Plant,404543.915,6461188.092
pop18_ALL_DPaW C. undulatum,Single Plant,404522.654,6461187.918
pop18_ALL_DPaW C. undulatum,Single Plant,404414.007,6461338.869
pop18_ALL_DPaW C. undulatum,Single Plant,404402.197,6461334.686
pop18_ALL_DPaW C. undulatum,Single Plant,404414.842,6461324.688
pop18_ALL_DPaW C. undulatum,Single Plant,404416.879,6461326.675
pop18_ALL_DPaW C. undulatum,Single Plant,404416.574,6461326.183
pop18_ALL_DPaW C. undulatum,Single Plant,404412.42,6461322.803
pop18_ALL_DPaW C. undulatum,Single Plant,404575.546,6461228.925
pop18_ALL_DPaW C. undulatum,Single Plant,404387.945,6461485.543
pop18_ALL_DPaW C. undulatum,Single Plant,404387.513,6461486.09
pop18_ALL_DPaW C. undulatum,Single Plant,404382.297,6461483.083
pop18_ALL_DPaW C. undulatum,Single Plant,404384.409,6461485.859
pop18_ALL_DPaW C. undulatum,Single Plant,404385.914,6461489.747
pop18_ALL_DPaW C. undulatum,Single Plant,404389.482,6461488.839
pop18_ALL_DPaW C. undulatum,Single Plant,404392.063,6461488.665
pop18_ALL_DPaW C. undulatum,Single Plant,404387.534,6461492.121
pop18_ALL_DPaW C. undulatum,Single Plant,404386.893,6461491.832
pop18_ALL_DPaW C. undulatum,Single Plant,404380.953,6461487.617
pop18_ALL_DPaW C. undulatum,Single Plant,404379.861,6461486.909
pop18_ALL_DPaW C. undulatum,Single Plant,404376.82,6461486.611
pop18_ALL_DPaW C. undulatum,Single Plant,404379.356,6461483.845
pop18_ALL_DPaW C. undulatum,Single Plant,404380.223,6461480.324
pop18_ALL_DPaW C. undulatum,Single Plant,404376.883,6461483.012
pop18_ALL_DPaW C. undulatum,Single Plant,404375.885,6461482.291
pop18_ALL_DPaW C. undulatum,Single Plant,404365.718,6461474.969
pop18_ALL_DPaW C. undulatum,Single Plant,404366.626,6461472.066
pop18_ALL_DPaW C. undulatum,Single Plant,404356.405,6461461.101
pop18_ALL_DPaW C. undulatum,Single Plant,404350.279,6461458.29
pop18_ALL_DPaW C. undulatum,Single Plant,404345.962,6461455.453
pop18_ALL_DPaW C. undulatum,Single Plant,404351.741,6461452.918
pop18_ALL_DPaW C. undulatum,Single Plant,404346.822,6461451.705
pop18_ALL_DPaW C. undulatum,Single Plant,404348.074,6461451.827
pop18_ALL_DPaW C. undulatum,Single Plant,404351.049,6461452.366
pop18_ALL_DPaW C. undulatum,Single Plant,404351.875,6461454.94
pop18_ALL_DPaW C. undulatum,Single Plant,404351.876,6461454.08
pop18_ALL_DPaW C. undulatum,Single Plant,404351.571,6461453.018
pop18_ALL_DPaW C. undulatum,Single Plant,404352.33,6461455
pop18_ALL_DPaW C. undulatum,Single Plant,404349.671,6461454.353
pop18_ALL_DPaW C. undulatum,Single Plant,404348.414,6461454.285
pop18_ALL_DPaW C. undulatum,Single Plant,404347.867,6461452.566
pop18_ALL_DPaW C. undulatum,Single Plant,404346.497,6461452.783
pop18_ALL_DPaW C. undulatum,Single Plant,404346.277,6461450.992
pop18_ALL_DPaW C. undulatum,Single Plant,404344.246,6461450.832
pop18_ALL_DPaW C. undulatum,Single Plant,404344.317,6461449.81
pop18_ALL_DPaW C. undulatum,Single Plant,404345.57,6461450.134
pop18_ALL_DPaW C. undulatum,Single Plant,404345.681,6461450.479
pop18_ALL_DPaW C. undulatum,Single Plant,404346.66,6461451.776
pop18_ALL_DPaW C. undulatum,Single Plant,404345.987,6461449.308
pop18_ALL_DPaW C. undulatum,Single Plant,404344.27,6461449.383
pop18_ALL_DPaW C. undulatum,Single Plant,404346.204,6461448.774
pop18_ALL_DPaW C. undulatum,Single Plant,404343.746,6461448.645
pop18_ALL_DPaW C. undulatum,Single Plant,404345.378,6461447.158
pop18_ALL_DPaW C. undulatum,Single Plant,404337.462,6461438.095
pop18_ALL_DPaW C. undulatum,Single Plant,404338.583,6461436.728
pop18_ALL_DPaW C. undulatum,Single Plant,404337.04,6461434.045
pop18_ALL_DPaW C. undulatum,Single Plant,404339.202,6461433.722
pop18_ALL_DPaW C. undulatum,Single Plant,404336.077,6461433.49
pop18_ALL_DPaW C. undulatum,Single Plant,404333.269,6461434.794
pop18_ALL_DPaW C. undulatum,Single Plant,404333.838,6461433.325
pop18_ALL_DPaW C. undulatum,Single Plant,404334.079,6461432.974
pop18_ALL_DPaW C. undulatum,Single Plant,404333.904,6461430.45
pop18_ALL_DPaW C. undulatum,Single Plant,404331.436,6461432.518
pop18_ALL_DPaW C. undulatum,Single Plant,404332.223,6461428.309
pop18_ALL_DPaW C. undulatum,Single Plant,404329.33,6461431.241
pop18_ALL_DPaW C. undulatum,Single Plant,404330.268,6461436.709
pop18_ALL_DPaW C. undulatum,Single Plant,404325.456,6461430.875
pop18_ALL_DPaW C. undulatum,Single Plant,404330.622,6461421.699
pop18_ALL_DPaW C. undulatum,Single Plant,404328.654,6461424.401
pop18_ALL_DPaW C. undulatum,Single Plant,404323.041,6461404.685
pop18_ALL_DPaW C. undulatum,Single Plant,404317.804,6461401.267
pop18_ALL_DPaW C. undulatum,Single Plant,404317.532,6461399.121
pop18_ALL_DPaW C. undulatum,Single Plant,404310.526,6461381.138
pop18_ALL_DPaW C. undulatum,Single Plant,404309.037,6461377.002
pop18_ALL_DPaW C. undulatum,Single Plant,404314.083,6461374.63
pop18_ALL_DPaW C. undulatum,Single Plant,404329.491,6461361.154
pop18_ALL_DPaW C. undulatum,Single Plant,404339.415,6461356.675
pop18_ALL_DPaW C. undulatum,Single Plant,404342.921,6461352.677
pop18_ALL_DPaW C. undulatum,Single Plant,404343.145,6461358.109
pop18_ALL_DPaW C. undulatum,Single Plant,404344.489,6461358.293
pop18_ALL_DPaW C. undulatum,Single Plant,404347.387,6461352.62
pop18_ALL_DPaW C. undulatum,Single Plant,404352.052,6461376.843
pop18_ALL_DPaW C. undulatum,Single Plant,404352.994,6461379.277
pop18_ALL_DPaW C. undulatum,Single Plant,404343.943,6461371.836
pop18_ALL_DPaW C. undulatum,Single Plant,404343.836,6461379.864
pop18_ALL_DPaW C. undulatum,Single Plant,404348.826,6461382.181
pop18_ALL_DPaW C. undulatum,Single Plant,404349.693,6461383.554
pop18_ALL_DPaW C. undulatum,Single Plant,404349.832,6461380.472
pop18_ALL_DPaW C. undulatum,Single Plant,404354.153,6461381.825
pop18_ALL_DPaW C. undulatum,Single Plant,404349.127,6461387.613
pop18_ALL_DPaW C. undulatum,Single Plant,404349.217,6461388.425
pop18_ALL_DPaW C. undulatum,Single Plant,404356.058,6461389.404
pop18_ALL_DPaW C. undulatum,Single Plant,404359.16,6461417.095
pop18_ALL_DPaW C. undulatum,Single Plant,404375.267,6461425.701
pop18_ALL_DPaW C. undulatum,Single Plant,404379.666,6461423.471
pop18_ALL_DPaW C. undulatum,Single Plant,404380.798,6461422.974
pop18_ALL_DPaW C. undulatum,Single Plant,404380.531,6461423.843
pop18_ALL_DPaW C. undulatum,Single Plant,404378.603,6461430.656
pop18_ALL_DPaW C. undulatum,Single Plant,404381.833,6461433.827
pop18_ALL_DPaW C. undulatum,Single Plant,404377.906,6461436.909
pop18_ALL_DPaW C. undulatum,Single Plant,404372.067,6461435.298
pop18_ALL_DPaW C. undulatum,Single Plant,404399.912,6461442.693
pop18_ALL_DPaW C. undulatum,Single Plant,404400.768,6461443.189
pop18_ALL_DPaW C. undulatum,Single Plant,404385.907,6461404.531
pop18_ALL_DPaW C. undulatum,Single Plant,404374.031,6461387.792
pop18_ALL_DPaW C. undulatum,Single Plant,404378.024,6461381.401
pop18_ALL_DPaW C. undulatum,Single Plant,404381.279,6461364.752
pop18_ALL_DPaW C. undulatum,Single Plant,404419.116,6461354.105
pop18_ALL_DPaW C. undulatum,Single Plant,404366.757,6461509.5
pop18_ALL_DPaW C. undulatum,Single Plant,404365.581,6461512.332
pop18_ALL_DPaW C. undulatum,Single Plant,404361.563,6461511.754
pop18_ALL_DPaW C. undulatum,Single Plant,404361.429,6461511.287
pop18_ALL_DPaW C. undulatum,Single Plant,404363.827,6461514.821
pop18_ALL_DPaW C. undulatum,Single Plant,404361.502,6461518.454
pop18_ALL_DPaW C. undulatum,Single Plant,404358.247,6461519.365
pop18_ALL_DPaW C. undulatum,Single Plant,404370.069,6461493.386
pop18_ALL_DPaW C. undulatum,Single Plant,404370.463,6461492.873
pop18_ALL_DPaW C. undulatum,Single Plant,404370.024,6461493.104
pop18_ALL_DPaW C. undulatum,Single Plant,404370.994,6461491.887
pop18_ALL_DPaW C. undulatum,Single Plant,404365.075,6461494.022
pop18_ALL_DPaW C. undulatum,Single Plant,404345.214,6461469.927
pop18_ALL_DPaW C. undulatum,Single Plant,404342.191,6461467.887
pop18_ALL_DPaW C. undulatum,Single Plant,404340.469,6461468.046
pop18_ALL_DPaW C. undulatum,Single Plant,404336.325,6461463.585
pop18_ALL_DPaW C. undulatum,Single Plant,404335.343,6461457.703
pop18_ALL_DPaW C. undulatum,Single Plant,404334.692,6461457.042
pop18_ALL_DPaW C. undulatum,Single Plant,404333.327,6461456.219
pop18_ALL_DPaW C. undulatum,Single Plant,404338.648,6461503.22
pop18_ALL_DPaW C. undulatum,Single Plant,404337.225,6461505.784
pop18_ALL_DPaW C. undulatum,Single Plant,404335.565,6461505.162
pop18_ALL_DPaW C. undulatum,Single Plant,404336.68,6461507.254
pop18_ALL_DPaW C. undulatum,Single Plant,404296.797,6461476.247
pop18_ALL_DPaW C. undulatum,Single Plant,404300.247,6461477.228
pop18_ALL_DPaW C. undulatum,Single Plant,404296.619,6461475.089
pop18_ALL_DPaW C. undulatum,Single Plant,404303.738,6461470.383
pop18_ALL_DPaW C. undulatum,Single Plant,404299.164,6461468.02
pop18_ALL_DPaW C. undulatum,Single Plant,404297.216,6461468.579
pop18_ALL_DPaW C. undulatum,Single Plant,404291.664,6461448.26
pop18_ALL_DPaW C. undulatum,Single Plant,404292.842,6461457.713
pop18_ALL_DPaW C. undulatum,Single Plant,404291.835,6461461.672
pop18_ALL_DPaW C. undulatum,Single Plant,404288.49,6461461.643
pop18_ALL_DPaW C. undulatum,Single Plant,404281.868,6461456.644
pop18_ALL_DPaW C. undulatum,Single Plant,404286.958,6461439.454
pop18_ALL_DPaW C. undulatum,Single Plant,404283.459,6461422.215
pop18_ALL_DPaW C. undulatum,Single Plant,404286.08,6461421.756
pop18_ALL_DPaW C. undulatum,Single Plant,404287.224,6461418.714
pop18_ALL_DPaW C. undulatum,Single Plant,404291.647,6461413.25
pop18_ALL_DPaW C. undulatum,Single Plant,404413.504,6461519.69
pop18_ALL_DPaW C. undulatum,Single Plant,404405.799,6461507.537
pop18_ALL_DPaW C. undulatum,Single Plant,404399.852,6461502.661
pop18_ALL_DPaW C. undulatum,Single Plant,404387.407,6461503.608
pop18_ALL_DPaW C. undulatum,Single Plant,404388.436,6461506.136
pop18_ALL_DPaW C. undulatum,Single Plant,404386.925,6461503.979
pop18_ALL_DPaW C. undulatum,Single Plant,404385.746,6461504.999
pop18_ALL_DPaW C. undulatum,Single Plant,404384.489,6461505.762
pop18_ALL_DPaW C. undulatum,Single Plant,404380.801,6461505.526
pop18_ALL_DPaW C. undulatum,Single Plant,404392.862,6461505.953
pop18_ALL_DPaW C. undulatum,Single Plant,404392.596,6461512.5
pop18_ALL_DPaW C. undulatum,Single Plant,404395.562,6461515.515
pop18_ALL_DPaW C. undulatum,Single Plant,404394.674,6461519.174
pop18_ALL_DPaW C. undulatum,Single Plant,404395.058,6461519.16
pop18_ALL_DPaW C. undulatum,Single Plant,404401.69,6461515.173
pop18_ALL_DPaW C. undulatum,Single Plant,404399.8,6461523.891
pop18_ALL_DPaW C. undulatum,Single Plant,404399.825,6461525.703
pop18_ALL_DPaW C. undulatum,Single Plant,404402.138,6461526.602
pop18_ALL_DPaW C. undulatum,Single Plant,404402.548,6461528.183
pop18_ALL_DPaW C. undulatum,Single Plant,404403.436,6461531.972
pop18_ALL_DPaW C. undulatum,Single Plant,404404.357,6461530.505
pop18_ALL_DPaW C. undulatum,Single Plant,404404.874,6461530.438
pop18_ALL_DPaW C. undulatum,Single Plant,404405.956,6461530.305
pop18_ALL_DPaW C. undulatum,Single Plant,404406.78,6461530.233
pop18_ALL_DPaW C. undulatum,Single Plant,404407.779,6461529.275
pop18_ALL_DPaW C. undulatum,Single Plant,404408.662,6461526.323
pop18_ALL_DPaW C. undulatum,Single Plant,404407.071,6461524.829
pop18_ALL_DPaW C. undulatum,Single Plant,404411.318,6461529
pop18_ALL_DPaW C. undulatum,Single Plant,404382.153,6461546.355
pop18_ALL_DPaW C. undulatum,Single Plant,404353.212,6461537.55
pop18_ALL_DPaW C. undulatum,Single Plant,404356.533,6461538.325
pop18_ALL_DPaW C. undulatum,Single Plant,404360.834,6461541.43
pop18_ALL_DPaW C. undulatum,Single Plant,404365.517,6461555.531
pop18_ALL_DPaW C. undulatum,Single Plant,404368.255,6461548.45
pop18_ALL_DPaW C. undulatum,Single Plant,404362.218,6461602.686
pop18_ALL_DPaW C. undulatum,Single Plant,404366.919,6461608.674
pop18_ALL_DPaW C. undulatum,Single Plant,404363.913,6461616.677
pop18_ALL_DPaW C. undulatum,Single Plant,404364.103,6461617.406
pop18_ALL_DPaW C. undulatum,Single Plant,404365.861,6461623.917
pop18_ALL_DPaW C. undulatum,Single Plant,404383.395,6461650.776
pop18_ALL_DPaW C. undulatum,Single Plant,404373.7,6461654.365
pop18_ALL_DPaW C. undulatum,Single Plant,404387.865,6461666.498
pop18_ALL_DPaW C. undulatum,Single Plant,404387.086,6461669.28
pop18_ALL_DPaW C. undulatum,Single Plant,404387.54,6461674.547
pop18_ALL_DPaW C. undulatum,Single Plant,404392.706,6461670.623
pop18_ALL_DPaW C. undulatum,Single Plant,404390.832,6461669.648
pop18_ALL_DPaW C. undulatum,Single Plant,404386.922,6461682.811
pop18_ALL_DPaW C. undulatum,Single Plant,404381.362,6461679.146
pop18_ALL_DPaW C. undulatum,Single Plant,404382.272,6461680.848
pop18_ALL_DPaW C. undulatum,Single Plant,404383.378,6461685.76
pop18_ALL_DPaW C. undulatum,Single Plant,404382.528,6461688.772
pop18_ALL_DPaW C. undulatum,Single Plant,404387.224,6461690.971
pop18_ALL_DPaW C. undulatum,Single Plant,404391.368,6461684.09
pop18_ALL_DPaW C. undulatum,Single Plant,404393.397,6461686.524
pop18_ALL_DPaW C. undulatum,Single Plant,404392.397,6461689.698
pop18_ALL_DPaW C. undulatum,Single Plant,404383.493,6461700.691
pop18_ALL_DPaW C. undulatum,Single Plant,404389.102,6461702.426
pop18_ALL_DPaW C. undulatum,Single Plant,404400.474,6461696.445
pop18_ALL_DPaW C. undulatum,Single Plant,404401.491,6461697.682
pop18_ALL_DPaW C. undulatum,Single Plant,404398.56,6461698.494
pop18_ALL_DPaW C. undulatum,Single Plant,404398.277,6461700.851
pop18_ALL_DPaW C. undulatum,Single Plant,404388.899,6461702.164
pop18_ALL_DPaW C. undulatum,Single Plant,404385.601,6461705.752
pop18_ALL_DPaW C. undulatum,Single Plant,404395.506,6461711.267
pop18_ALL_DPaW C. undulatum,Single Plant,404397.739,6461710.477
pop18_ALL_DPaW C. undulatum,Single Plant,404396.73,6461720.445
pop18_ALL_DPaW C. undulatum,Single Plant,404398.755,6461728.927
pop18_ALL_DPaW C. undulatum,Single Plant,404434.452,6461696.978
pop18_ALL_DPaW C. undulatum,Single Plant,404434.177,6461695.79
pop18_ALL_DPaW C. undulatum,Single Plant,404430.16,6461686.321
pop18_ALL_DPaW C. undulatum,Single Plant,404433.652,6461687.506
pop18_ALL_DPaW C. undulatum,Single Plant,404430.596,6461686.047
pop18_ALL_DPaW C. undulatum,Single Plant,404431.11,6461683.049
pop18_ALL_DPaW C. undulatum,Single Plant,404430.769,6461679.375
pop18_ALL_DPaW C. undulatum,Single Plant,404427.933,6461681.541
pop18_ALL_DPaW C. undulatum,Single Plant,404427.819,6461681.145
pop18_ALL_DPaW C. undulatum,Single Plant,404427.756,6461679.479
pop18_ALL_DPaW C. undulatum,Single Plant,404423.613,6461677.528
pop18_ALL_DPaW C. undulatum,Single Plant,404425.6,6461674.381
pop18_ALL_DPaW C. undulatum,Single Plant,404423.442,6461673.167
pop18_ALL_DPaW C. undulatum,Single Plant,404415.209,6461660.237
pop18_ALL_DPaW C. undulatum,Single Plant,404419.369,6461662.718
pop18_ALL_DPaW C. undulatum,Single Plant,404412.195,6461655.129
pop18_ALL_DPaW C. undulatum,Single Plant,404406.441,6461646.874
pop18_ALL_DPaW C. undulatum,Single Plant,404405.444,6461645.661
pop18_ALL_DPaW C. undulatum,Single Plant,404404.186,6461643.711
pop18_ALL_DPaW C. undulatum,Single Plant,404411.052,6461642.416
pop18_ALL_DPaW C. undulatum,Single Plant,404410.694,6461642.38
pop18_ALL_DPaW C. undulatum,Single Plant,404410.621,6461638.981
pop18_ALL_DPaW C. undulatum,Single Plant,404409.042,6461637.938
pop18_ALL_DPaW C. undulatum,Single Plant,404398.057,6461633.645
pop18_ALL_DPaW C. undulatum,Single Plant,404397.666,6461626.151
pop18_ALL_DPaW C. undulatum,Single Plant,404400.561,6461618.879
pop18_ALL_DPaW C. undulatum,Single Plant,404401.813,6461617.089
pop18_ALL_DPaW C. undulatum,Single Plant,404402.077,6461613.074
pop18_ALL_DPaW C. undulatum,Single Plant,404402.517,6461605.075
pop18_ALL_DPaW C. undulatum,Single Plant,404400.465,6461597.575
pop18_ALL_DPaW C. undulatum,Single Plant,404398.787,6461574.875
pop18_ALL_DPaW C. undulatum,Single Plant,404388,6461566.492
pop18_ALL_DPaW C. undulatum,Single Plant,404382.297,6461568.982
pop18_ALL_DPaW C. undulatum,Single Plant,404383.335,6461562.032
pop18_ALL_DPaW C. undulatum,Single Plant,404382.186,6461561.415
pop18_ALL_DPaW C. undulatum,Single Plant,404392.794,6461561.851
pop18_ALL_DPaW C. undulatum,Single Plant,404392.266,6461562.835
pop18_ALL_DPaW C. undulatum,Single Plant,404400.26,6461570.42
pop18_ALL_DPaW C. undulatum,Single Plant,404400.626,6461571.952
pop18_ALL_DPaW C. undulatum,Single Plant,404402.267,6461567.691
pop18_ALL_DPaW C. undulatum,Single Plant,404406.17,6461565.876
pop18_ALL_DPaW C. undulatum,Single Plant,404408.843,6461596.572
pop18_ALL_DPaW C. undulatum,Single Plant,404408.023,6461608.072
pop18_ALL_DPaW C. undulatum,Single Plant,404416.99,6461616.457
pop18_ALL_DPaW C. undulatum,Single Plant,404421.11,6461621.594
pop18_ALL_DPaW C. undulatum,Single Plant,404418.976,6461628.388
pop18_ALL_DPaW C. undulatum,Single Plant,404416.843,6461628.951
pop18_ALL_DPaW C. undulatum,Single Plant,404415.663,6461629.727
pop18_ALL_DPaW C. undulatum,Single Plant,404415.937,6461635.514
pop18_ALL_DPaW C. undulatum,Single Plant,404420.866,6461646.695
pop18_ALL_DPaW C. undulatum,Single Plant,404424.926,6461653.387
pop18_ALL_DPaW C. undulatum,Single Plant,404425.437,6461657.021
pop18_ALL_DPaW C. undulatum,Single Plant,404423.994,6461655.687
pop18_ALL_DPaW C. undulatum,Single Plant,404428.126,6461662.773
pop18_ALL_DPaW C. undulatum,Single Plant,404431.186,6461663.221
pop18_ALL_DPaW C. undulatum,Single Plant,404428.079,6461667.434
pop18_ALL_DPaW C. undulatum,Single Plant,404426.403,6461667.986
pop18_ALL_DPaW C. undulatum,Single Plant,404428.015,6461670.536
pop18_ALL_DPaW C. undulatum,Single Plant,404435.366,6461669.946
pop18_ALL_DPaW C. undulatum,Single Plant,404429.837,6461674.327
pop18_ALL_DPaW C. undulatum,Single Plant,404430.447,6461680.338
pop18_ALL_DPaW C. undulatum,Single Plant,404430.703,6461684.201
pop18_ALL_DPaW C. undulatum,Single Plant,404431.11,6461687.02
pop18_ALL_DPaW C. undulatum,Single Plant,404434.09,6461688.509
pop18_ALL_DPaW C. undulatum,Single Plant,404439.649,6461684.327
pop18_ALL_DPaW C. undulatum,Single Plant,404441.239,6461685.443
pop18_ALL_DPaW C. undulatum,Single Plant,404441.47,6461686.585
pop18_ALL_DPaW C. undulatum,Single Plant,404441.032,6461687.721
pop18_ALL_DPaW C. undulatum,Single Plant,404447.943,6461691.166
pop18_ALL_DPaW C. undulatum,Single Plant,404517.379,6461743.165
pop18_ALL_DPaW C. undulatum,Single Plant,404479.35,6461692.521
pop18_ALL_DPaW C. undulatum,Single Plant,404478.474,6461685.119
pop18_ALL_DPaW C. undulatum,Single Plant,404476.676,6461684.282
pop18_ALL_DPaW C. undulatum,Single Plant,404483.492,6461681.074
pop18_ALL_DPaW C. undulatum,Single Plant,404484.19,6461681.034
pop18_ALL_DPaW C. undulatum,Single Plant,404484.861,6461682.156
pop18_ALL_DPaW C. undulatum,Single Plant,404485.256,6461681.871
pop18_ALL_DPaW C. undulatum,Single Plant,404485.306,6461682.143
pop18_ALL_DPaW C. undulatum,Single Plant,404485.231,6461685.408
pop18_ALL_DPaW C. undulatum,Single Plant,404484.944,6461674.177
pop18_ALL_DPaW C. undulatum,Single Plant,404482.355,6461675.559
pop18_ALL_DPaW C. undulatum,Single Plant,404480.879,6461675.717
pop18_ALL_DPaW C. undulatum,Single Plant,404480.378,6461676.431
pop18_ALL_DPaW C. undulatum,Single Plant,404483.303,6461665.014
pop18_ALL_DPaW C. undulatum,Single Plant,404474.01,6461646.04
pop18_ALL_DPaW C. undulatum,Single Plant,404475.667,6461644.102
pop18_ALL_DPaW C. undulatum,Single Plant,404469.739,6461642.095
pop18_ALL_DPaW C. undulatum,Single Plant,404464.657,6461626.839
pop18_ALL_DPaW C. undulatum,Single Plant,404460.418,6461624.63
pop18_ALL_DPaW C. undulatum,Single Plant,404457.128,6461620.15
pop18_ALL_DPaW C. undulatum,Single Plant,404451.356,6461623.619
pop18_ALL_DPaW C. undulatum,Single Plant,404453.292,6461616.327
pop18_ALL_DPaW C. undulatum,Single Plant,404460.642,6461617.508
pop18_ALL_DPaW C. undulatum,Single Plant,404466.074,6461616.47
pop18_ALL_DPaW C. undulatum,Single Plant,404465.54,6461626.988
pop18_ALL_DPaW C. undulatum,Single Plant,404445.129,6461596.638
pop18_ALL_DPaW C. undulatum,Single Plant,404445.596,6461595.789
pop18_ALL_DPaW C. undulatum,Single Plant,404451.237,6461595.062
pop18_ALL_DPaW C. undulatum,Single Plant,404441.993,6461589.522
pop18_ALL_DPaW C. undulatum,Single Plant,404441.558,6461589.776
pop18_ALL_DPaW C. undulatum,Single Plant,404434.159,6461584.303
pop18_ALL_DPaW C. undulatum,Single Plant,404432.822,6461578.898
pop18_ALL_DPaW C. undulatum,Single Plant,404433.73,6461572.779
pop18_ALL_DPaW C. undulatum,Single Plant,404432.42,6461567.917
pop18_ALL_DPaW C. undulatum,Single Plant,404430.398,6461566.111
pop18_ALL_DPaW C. undulatum,Single Plant,404425.511,6461558.114
pop18_ALL_DPaW C. undulatum,Single Plant,404433.327,6461555.985
pop18_ALL_DPaW C. undulatum,Single Plant,404429.186,6461549.683
pop18_ALL_DPaW C. undulatum,Single Plant,404426.224,6461548.731
pop18_ALL_DPaW C. undulatum,Single Plant,404432.069,6461549.977
pop18_ALL_DPaW C. undulatum,Single Plant,404444.044,6461548.883
pop18_ALL_DPaW C. undulatum,Single Plant,404445.274,6461549.371
pop18_ALL_DPaW C. undulatum,Single Plant,404448.478,6461548.13
pop18_ALL_DPaW C. undulatum,Single Plant,404448.969,6461563.86
pop18_ALL_DPaW C. undulatum,Single Plant,404448.993,6461563.168
pop18_ALL_DPaW C. undulatum,Single Plant,404449.318,6461564.127
pop18_ALL_DPaW C. undulatum,Single Plant,404444.026,6461570.371
pop18_ALL_DPaW C. undulatum,Single Plant,404446.651,6461575.595
pop18_ALL_DPaW C. undulatum,Single Plant,404460.349,6461581.52
pop18_ALL_DPaW C. undulatum,Single Plant,404458.359,6461585.349
pop18_ALL_DPaW C. undulatum,Single Plant,404455.307,6461584.595
pop18_ALL_DPaW C. undulatum,Single Plant,404466.161,6461583.344
pop18_ALL_DPaW C. undulatum,Single Plant,404466.052,6461585.799
pop18_ALL_DPaW C. undulatum,Single Plant,404457.495,6461593.186
pop18_ALL_DPaW C. undulatum,Single Plant,404461.877,6461604.356
pop18_ALL_DPaW C. undulatum,Single Plant,404466.391,6461599.394
pop18_ALL_DPaW C. undulatum,Single Plant,404473.476,6461604.78
pop18_ALL_DPaW C. undulatum,Single Plant,404479.877,6461598.956
pop18_ALL_DPaW C. undulatum,Single Plant,404480.396,6461596.378
pop18_ALL_DPaW C. undulatum,Single Plant,404480.561,6461594.725
pop18_ALL_DPaW C. undulatum,Single Plant,404481.968,6461597.119
pop18_ALL_DPaW C. undulatum,Single Plant,404486.779,6461590.152
pop18_ALL_DPaW C. undulatum,Single Plant,404488.911,6461593.368
pop18_ALL_DPaW C. undulatum,Single Plant,404486.679,6461594.184
pop18_ALL_DPaW C. undulatum,Single Plant,404492.925,6461596.909
pop18_ALL_DPaW C. undulatum,Single Plant,404493.057,6461598.157
pop18_ALL_DPaW C. undulatum,Single Plant,404494.228,6461597.66
pop18_ALL_DPaW C. undulatum,Single Plant,404485.039,6461605.171
pop18_ALL_DPaW C. undulatum,Single Plant,404474.465,6461613.418
pop18_ALL_DPaW C. undulatum,Single Plant,404475.156,6461620.907
pop18_ALL_DPaW C. undulatum,Single Plant,404499.569,6461623.464
pop18_ALL_DPaW C. undulatum,Single Plant,404496.144,6461624.935
pop18_ALL_DPaW C. undulatum,Single Plant,404486.184,6461624.633
pop18_ALL_DPaW C. undulatum,Single Plant,404486.195,6461626.518
pop18_ALL_DPaW C. undulatum,Single Plant,404497.361,6461631.28
pop18_ALL_DPaW C. undulatum,Single Plant,404503.517,6461626.578
pop18_ALL_DPaW C. undulatum,Single Plant,404512.094,6461639.962
pop18_ALL_DPaW C. undulatum,Single Plant,404508.381,6461653.058
pop18_ALL_DPaW C. undulatum,Single Plant,404503.504,6461652.63
pop18_ALL_DPaW C. undulatum,Single Plant,404489.102,6461649.551
pop18_ALL_DPaW C. undulatum,Single Plant,404496.589,6461646.192
pop18_ALL_DPaW C. undulatum,Single Plant,404518.22,6461647.199
pop18_ALL_DPaW C. undulatum,Single Plant,404503.754,6461669.384
pop18_ALL_DPaW C. undulatum,Single Plant,404497.161,6461672.648
pop18_ALL_DPaW C. undulatum,Single Plant,404496.328,6461673.356
pop18_ALL_DPaW C. undulatum,Single Plant,404493.162,6461670.338
pop18_ALL_DPaW C. undulatum,Single Plant,404511.478,6461674.347
pop18_ALL_DPaW C. undulatum,Single Plant,404606.232,6461599.839
pop18_ALL_DPaW C. undulatum,Single Plant,404603.586,6461599.495
pop18_ALL_DPaW C. undulatum,Single Plant,404605.093,6461601.107
pop18_ALL_DPaW C. undulatum,Single Plant,404596.882,6461604.095
pop18_ALL_DPaW C. undulatum,Single Plant,404590.032,6461608.15
pop18_ALL_DPaW C. undulatum,Single Plant,404587.499,6461608.767
pop18_ALL_DPaW C. undulatum,Single Plant,404560.25,6461596.165
pop18_ALL_DPaW C. undulatum,Single Plant,404565.733,6461601.393
pop18_ALL_DPaW C. undulatum,Single Plant,404564.375,6461602.554
pop18_ALL_DPaW C. undulatum,Single Plant,404569.985,6461606.431
pop18_ALL_DPaW C. undulatum,Single Plant,404571.411,6461604.934
pop18_ALL_DPaW C. undulatum,Single Plant,404575.701,6461606.352
pop18_ALL_DPaW C. undulatum,Single Plant,404579.462,6461598.012
pop18_ALL_DPaW C. undulatum,Single Plant,404575.102,6461599.934
pop18_ALL_DPaW C. undulatum,Single Plant,404572.003,6461598.867
pop18_ALL_DPaW C. undulatum,Single Plant,404526.974,6461590.288
pop18_ALL_DPaW C. undulatum,Single Plant,404526.56,6461596.597
pop18_ALL_DPaW C. undulatum,Single Plant,404517.035,6461603.04
pop18_ALL_DPaW C. undulatum,Single Plant,404517.581,6461602.378
pop18_ALL_DPaW C. undulatum,Single Plant,404490.463,6461573.875
pop18_ALL_DPaW C. undulatum,Single Plant,404484.046,6461571.965
pop18_ALL_DPaW C. undulatum,Single Plant,404456.157,6461537.197
pop18_ALL_DPaW C. undulatum,Single Plant,404462.516,6461540.014
pop18_ALL_DPaW C. undulatum,Single Plant,404471.109,6461545.905
pop18_ALL_DPaW C. undulatum,Single Plant,404469.086,6461548.574
pop18_ALL_DPaW C. undulatum,Single Plant,404474.791,6461547.048
pop18_ALL_DPaW C. undulatum,Single Plant,404477.026,6461550.224
pop18_ALL_DPaW C. undulatum,Single Plant,404490.675,6461546.1
pop18_ALL_DPaW C. undulatum,Single Plant,404494.104,6461545.58
pop18_ALL_DPaW C. undulatum,Single Plant,404497.251,6461550.327
pop18_ALL_DPaW C. undulatum,Single Plant,404507.304,6461555.246
pop18_ALL_DPaW C. undulatum,Single Plant,404509.316,6461558.484
pop18_ALL_DPaW C. undulatum,Single Plant,404510.03,6461560.977
pop18_ALL_DPaW C. undulatum,Single Plant,404512.571,6461561.258
pop18_ALL_DPaW C. undulatum,Single Plant,404511.453,6461561.286
pop18_ALL_DPaW C. undulatum,Single Plant,404512.825,6461562.311
pop18_ALL_DPaW C. undulatum,Single Plant,404509.864,6461565.724
pop18_ALL_DPaW C. undulatum,Single Plant,404508.519,6461564.537
pop18_ALL_DPaW C. undulatum,Single Plant,404507.421,6461564.108
pop18_ALL_DPaW C. undulatum,Single Plant,404506.633,6461564.277
pop18_ALL_DPaW C. undulatum,Single Plant,404505.24,6461565.902
pop18_ALL_DPaW C. undulatum,Single Plant,404504.76,6461566.994
pop18_ALL_DPaW C. undulatum,Single Plant,404515.385,6461566.719
pop18_ALL_DPaW C. undulatum,Single Plant,404514.404,6461568.338
pop18_ALL_DPaW C. undulatum,Single Plant,404514.873,6461571.611
pop18_ALL_DPaW C. undulatum,Single Plant,404514.082,6461568.893
pop18_ALL_DPaW C. undulatum,Single Plant,404515.46,6461571.713
pop18_ALL_DPaW C. undulatum,Single Plant,404516.799,6461571.857
pop18_ALL_DPaW C. undulatum,Single Plant,404520.066,6461571.238
pop18_ALL_DPaW C. undulatum,Single Plant,404520.684,6461570.795
pop18_ALL_DPaW C. undulatum,Single Plant,404522.456,6461572.228
pop18_ALL_DPaW C. undulatum,Single Plant,404521.095,6461569.649
pop18_ALL_DPaW C. undulatum,Single Plant,404521.289,6461570.049
pop18_ALL_DPaW C. undulatum,Single Plant,404525.229,6461572.2
pop18_ALL_DPaW C. undulatum,Single Plant,404528.404,6461571.701
pop18_ALL_DPaW C. undulatum,Single Plant,404525.328,6461563.864
pop18_ALL_DPaW C. undulatum,Single Plant,404530.572,6461565.429
pop18_ALL_DPaW C. undulatum,Single Plant,404537.603,6461570.445
pop18_ALL_DPaW C. undulatum,Single Plant,404545.252,6461574.511
pop18_ALL_DPaW C. undulatum,Single Plant,404547.446,6461575.584
pop18_ALL_DPaW C. undulatum,Single Plant,404550.633,6461572.214
pop18_ALL_DPaW C. undulatum,Single Plant,404555.2,6461578.507
pop18_ALL_DPaW C. undulatum,Single Plant,404570.274,6461583.436
pop18_ALL_DPaW C. undulatum,Single Plant,404573.722,6461584.546
pop18_ALL_DPaW C. undulatum,Single Plant,404575.561,6461580.573
pop18_ALL_DPaW C. undulatum,Single Plant,404584.811,6461587.064
pop18_ALL_DPaW C. undulatum,Single Plant,404599.958,6461584.863
pop18_ALL_DPaW C. undulatum,Single Plant,404600.702,6461579.588
pop18_ALL_DPaW C. undulatum,Single Plant,404602.331,6461578.198
pop18_ALL_DPaW C. undulatum,Single Plant,404603.157,6461579.051
pop18_ALL_DPaW C. undulatum,Single Plant,404607.352,6461583.457
pop18_ALL_DPaW C. undulatum,Single Plant,404615.343,6461589.938
pop18_ALL_DPaW C. undulatum,Single Plant,404622.006,6461587.696
pop18_ALL_DPaW C. undulatum,Single Plant,404654.339,6461568.723
pop18_ALL_DPaW C. undulatum,Single Plant,404650.982,6461570.708
pop18_ALL_DPaW C. undulatum,Single Plant,404648.156,6461567.202
pop18_ALL_DPaW C. undulatum,Single Plant,404647.604,6461565.738
pop18_ALL_DPaW C. undulatum,Single Plant,404649.991,6461570.302
pop18_ALL_DPaW C. undulatum,Single Plant,404646.339,6461573.465
pop18_ALL_DPaW C. undulatum,Single Plant,404644.712,6461571.965
pop18_ALL_DPaW C. undulatum,Single Plant,404638.25,6461572.64
pop18_ALL_DPaW C. undulatum,Single Plant,404634.732,6461582.954
pop18_ALL_DPaW C. undulatum,Single Plant,404627.906,6461585.824
pop18_ALL_DPaW C. undulatum,Single Plant,404630.471,6461580.153
pop18_ALL_DPaW C. undulatum,Single Plant,404630.184,6461578.716
pop18_ALL_DPaW C. undulatum,Single Plant,404631.399,6461571.201
pop18_ALL_DPaW C. undulatum,Single Plant,404631.11,6461571.482
pop18_ALL_DPaW C. undulatum,Single Plant,404628.05,6461573.061
pop18_ALL_DPaW C. undulatum,Single Plant,404621.079,6461563.536
pop18_ALL_DPaW C. undulatum,Single Plant,404616.851,6461563.587
pop18_ALL_DPaW C. undulatum,Single Plant,404592.852,6461566.163
pop18_ALL_DPaW C. undulatum,Single Plant,404581.535,6461543.765
pop18_ALL_DPaW C. undulatum,Single Plant,404571.593,6461545.23
pop18_ALL_DPaW C. undulatum,Single Plant,404569.938,6461543.564
pop18_ALL_DPaW C. undulatum,Single Plant,404561.848,6461545.774
pop18_ALL_DPaW C. undulatum,Single Plant,404553.508,6461552.159
pop18_ALL_DPaW C. undulatum,Single Plant,404551.26,6461551.249
pop18_ALL_DPaW C. undulatum,Single Plant,404563.442,6461567.572
pop18_ALL_DPaW C. undulatum,Single Plant,404569.866,6461561.747
pop18_ALL_DPaW C. undulatum,Single Plant,404566.439,6461533.684
pop18_ALL_DPaW C. undulatum,Single Plant,404555.216,6461540.918
pop18_ALL_DPaW C. undulatum,Single Plant,404551.221,6461543.266
pop18_ALL_DPaW C. undulatum,Single Plant,404545.083,6461545.596
pop18_ALL_DPaW C. undulatum,Single Plant,404545.159,6461546.638
pop18_ALL_DPaW C. undulatum,Single Plant,404543.755,6461549.186
pop18_ALL_DPaW C. undulatum,Single Plant,404536.473,6461546.441
pop18_ALL_DPaW C. undulatum,Single Plant,404530.853,6461545.35
pop18_ALL_DPaW C. undulatum,Single Plant,404530.001,6461545.886
pop18_ALL_DPaW C. undulatum,Single Plant,404532.191,6461547.271
pop18_ALL_DPaW C. undulatum,Single Plant,404526.569,6461548.095
pop18_ALL_DPaW C. undulatum,Single Plant,404522.954,6461551.668
pop18_ALL_DPaW C. undulatum,Single Plant,404519.493,6461545.626
pop18_ALL_DPaW C. undulatum,Single Plant,404532.787,6461544.12
pop18_ALL_DPaW C. undulatum,Single Plant,404529.907,6461542.158
pop18_ALL_DPaW C. undulatum,Single Plant,404529.678,6461542.306
pop18_ALL_DPaW C. undulatum,Single Plant,404511.998,6461540.647
pop18_ALL_DPaW C. undulatum,Single Plant,404509.437,6461542.834
pop18_ALL_DPaW C. undulatum,Single Plant,404509.505,6461541.149
pop18_ALL_DPaW C. undulatum,Single Plant,404509.967,6461540.113
pop18_ALL_DPaW C. undulatum,Single Plant,404511.077,6461547.647
pop18_ALL_DPaW C. undulatum,Single Plant,404512.614,6461546.971
pop18_ALL_DPaW C. undulatum,Single Plant,404511.105,6461547.843
pop18_ALL_DPaW C. undulatum,Single Plant,404511.269,6461547.778
pop18_ALL_DPaW C. undulatum,Single Plant,404511.779,6461550.772
pop18_ALL_DPaW C. undulatum,Single Plant,404508.672,6461553.653
pop18_ALL_DPaW C. undulatum,Single Plant,404498.983,6461542.118
pop18_ALL_DPaW C. undulatum,Single Plant,404490.02,6461544.426
pop18_ALL_DPaW C. undulatum,Single Plant,404481.846,6461536.099
pop18_ALL_DPaW C. undulatum,Single Plant,404482.144,6461535.159
pop18_ALL_DPaW C. undulatum,Single Plant,404480.394,6461536.137
pop18_ALL_DPaW C. undulatum,Single Plant,404467.293,6461537.94
pop18_ALL_DPaW C. undulatum,Single Plant,404469.077,6461536.954
pop18_ALL_DPaW C. undulatum,Single Plant,404474.034,6461534.681
pop18_ALL_DPaW C. undulatum,Single Plant,404463.191,6461534.805
pop18_ALL_DPaW C. undulatum,Single Plant,404463.929,6461534.148
pop18_ALL_DPaW C. undulatum,Single Plant,404459.128,6461534.841
pop18_ALL_DPaW C. undulatum,Single Plant,404503.117,6461528.385
pop18_ALL_DPaW C. undulatum,Single Plant,404543.719,6461523.291
pop18_ALL_DPaW C. undulatum,Single Plant,404557.804,6461512.952
pop18_ALL_DPaW C. undulatum,Single Plant,404560.197,6461513.417
pop18_ALL_DPaW C. undulatum,Single Plant,404599.204,6461520.942
pop18_ALL_DPaW C. undulatum,Single Plant,404605.767,6461523.139
pop18_ALL_DPaW C. undulatum,Single Plant,404607.319,6461524.224
pop18_ALL_DPaW C. undulatum,Single Plant,404608.728,6461526.254
pop18_ALL_DPaW C. undulatum,Single Plant,404611.811,6461530.42
pop18_ALL_DPaW C. undulatum,Single Plant,404612.328,6461529.182
pop18_ALL_DPaW C. undulatum,Single Plant,404614.018,6461531.113
pop18_ALL_DPaW C. undulatum,Single Plant,404613.413,6461532.734
pop18_ALL_DPaW C. undulatum,Single Plant,404613.461,6461536.223
pop18_ALL_DPaW C. undulatum,Single Plant,404615.599,6461523.56
pop18_ALL_DPaW C. undulatum,Single Plant,404614.232,6461522.638
pop18_ALL_DPaW C. undulatum,Single Plant,404615.634,6461524.964
pop18_ALL_DPaW C. undulatum,Single Plant,404617.134,6461531.333
pop18_ALL_DPaW C. undulatum,Single Plant,404622.598,6461532.095
pop18_ALL_DPaW C. undulatum,Single Plant,404625.744,6461534.602
pop18_ALL_DPaW C. undulatum,Single Plant,404629.384,6461539.717
pop18_ALL_DPaW C. undulatum,Single Plant,404628.33,6461543.63
pop18_ALL_DPaW C. undulatum,Single Plant,404634.929,6461539.811
pop18_ALL_DPaW C. undulatum,Single Plant,404638.371,6461542.048
pop18_ALL_DPaW C. undulatum,Single Plant,404645.788,6461549.264
pop18_ALL_DPaW C. undulatum,Single Plant,404657.904,6461542.601
pop18_ALL_DPaW C. undulatum,Single Plant,404657.516,6461542.48
pop18_ALL_DPaW C. undulatum,Single Plant,404657.747,6461544.279
pop18_ALL_DPaW C. undulatum,Single Plant,404658.036,6461546.701
pop18_ALL_DPaW C. undulatum,Single Plant,404679.827,6461557.34
pop18_ALL_DPaW C. undulatum,Single Plant,404683.98,6461557.176
pop18_ALL_DPaW C. undulatum,Single Plant,404692.128,6461559.25
pop18_ALL_DPaW C. undulatum,Single Plant,404692.555,6461559.899
pop18_ALL_DPaW C. undulatum,Single Plant,404693.019,6461556.739
pop18_ALL_DPaW C. undulatum,Single Plant,404693.012,6461555.268
pop18_ALL_DPaW C. undulatum,Single Plant,404692.998,6461553.98
pop18_ALL_DPaW C. undulatum,Single Plant,404692.407,6461555.338
pop18_ALL_DPaW C. undulatum,Single Plant,404695.345,6461556.368
pop18_ALL_DPaW C. undulatum,Single Plant,404696.232,6461556.494
pop18_ALL_DPaW C. undulatum,Single Plant,404698.012,6461557.798
pop18_ALL_DPaW C. undulatum,Single Plant,404700.186,6461557.043
pop18_ALL_DPaW C. undulatum,Single Plant,404702.36,6461556.466
pop18_ALL_DPaW C. undulatum,Single Plant,404703.516,6461551.096
pop18_ALL_DPaW C. undulatum,Single Plant,404694.854,6461546.263
pop18_ALL_DPaW C. undulatum,Single Plant,404695.419,6461546.673
pop18_ALL_DPaW C. undulatum,Single Plant,404693.821,6461546.41
pop18_ALL_DPaW C. undulatum,Single Plant,404687.417,6461542.638
pop18_ALL_DPaW C. undulatum,Single Plant,404683.874,6461546.976
pop18_ALL_DPaW C. undulatum,Single Plant,404678.081,6461533.254
pop18_ALL_DPaW C. undulatum,Single Plant,404678.559,6461533.023
pop18_ALL_DPaW C. undulatum,Single Plant,404670.766,6461531.75
pop18_ALL_DPaW C. undulatum,Single Plant,404662.833,6461527.499
pop18_ALL_DPaW C. undulatum,Single Plant,404663.64,6461531.765
pop18_ALL_DPaW C. undulatum,Single Plant,404659.365,6461523.088
pop18_ALL_DPaW C. undulatum,Single Plant,404653.12,6461523.27
pop18_ALL_DPaW C. undulatum,Single Plant,404651.69,6461524.401
pop18_ALL_DPaW C. undulatum,Single Plant,404652.732,6461532.967
pop18_ALL_DPaW C. undulatum,Single Plant,404651.726,6461535.472
pop18_ALL_DPaW C. undulatum,Single Plant,404644.646,6461527.384
pop18_ALL_DPaW C. undulatum,Single Plant,404645.183,6461527.508
pop18_ALL_DPaW C. undulatum,Single Plant,404644.636,6461529.864
pop18_ALL_DPaW C. undulatum,Single Plant,404627.497,6461522.761
pop18_ALL_DPaW C. undulatum,Single Plant,404607.26,6461511.918
pop18_ALL_DPaW C. undulatum,Single Plant,404605.227,6461510.322
pop18_ALL_DPaW C. undulatum,Single Plant,404614.083,6461468.046
pop18_ALL_DPaW C. undulatum,Single Plant,404617.069,6461469.296
pop18_ALL_DPaW C. undulatum,Single Plant,404616.506,6461469.71
pop18_ALL_DPaW C. undulatum,Single Plant,404619.572,6461481.518
pop18_ALL_DPaW C. undulatum,Single Plant,404620.481,6461479.422
pop18_ALL_DPaW C. undulatum,Single Plant,404636.75,6461486.183
pop18_ALL_DPaW C. undulatum,Single Plant,404632.285,6461492.295
pop18_ALL_DPaW C. undulatum,Single Plant,404636.91,6461488.986
pop18_ALL_DPaW C. undulatum,Single Plant,404651.489,6461496.951
pop18_ALL_DPaW C. undulatum,Single Plant,404657.353,6461497.519
pop18_ALL_DPaW C. undulatum,Single Plant,404665.218,6461496.12
pop18_ALL_DPaW C. undulatum,Single Plant,404668.364,6461492.945
pop18_ALL_DPaW C. undulatum,Single Plant,404667.267,6461497.978
pop18_ALL_DPaW C. undulatum,Single Plant,404663.769,6461497.067
pop18_ALL_DPaW C. undulatum,Single Plant,404667.651,6461499.452
pop18_ALL_DPaW C. undulatum,Single Plant,404668.487,6461498.262
pop18_ALL_DPaW C. undulatum,Single Plant,404669.018,6461500.015
pop18_ALL_DPaW C. undulatum,Single Plant,404675.873,6461501.677
pop18_ALL_DPaW C. undulatum,Single Plant,404683.521,6461492.069
pop18_ALL_DPaW C. undulatum,Single Plant,404679.194,6461493.335
pop18_ALL_DPaW C. undulatum,Single Plant,404684.567,6461491.642
pop18_ALL_DPaW C. undulatum,Single Plant,404681.108,6461495.066
pop18_ALL_DPaW C. undulatum,Single Plant,404680.76,6461493.453
pop18_ALL_DPaW C. undulatum,Single Plant,404684.37,6461490.502
pop18_ALL_DPaW C. undulatum,Single Plant,404686.985,6461488.327
pop18_ALL_DPaW C. undulatum,Single Plant,404678.991,6461490.328
pop18_ALL_DPaW C. undulatum,Single Plant,404683.954,6461485.73
pop18_ALL_DPaW C. undulatum,Single Plant,404682.415,6461488.975
pop18_ALL_DPaW C. undulatum,Single Plant,404676.439,6461488.956
pop18_ALL_DPaW C. undulatum,Single Plant,404682.221,6461485.199
pop18_ALL_DPaW C. undulatum,Single Plant,404679.433,6461487.029
pop18_ALL_DPaW C. undulatum,Single Plant,404679.765,6461484.715
pop18_ALL_DPaW C. undulatum,Single Plant,404698.931,6461495.428
pop18_ALL_DPaW C. undulatum,Single Plant,404693.578,6461492.779
pop18_ALL_DPaW C. undulatum,Single Plant,404700.374,6461492.975
pop18_ALL_DPaW C. undulatum,Single Plant,404700.691,6461495.362
pop18_ALL_DPaW C. undulatum,Single Plant,404702.441,6461499.225
pop18_ALL_DPaW C. undulatum,Single Plant,404705.212,6461499.642
pop18_ALL_DPaW C. undulatum,Single Plant,404705.98,6461498.09
pop18_ALL_DPaW C. undulatum,Single Plant,404708.008,6461496.499
pop18_ALL_DPaW C. undulatum,Single Plant,404707.871,6461507.566
pop18_ALL_DPaW C. undulatum,Single Plant,404709.437,6461506.462
pop18_ALL_DPaW C. undulatum,Single Plant,404711.714,6461508.239
pop18_ALL_DPaW C. undulatum,Single Plant,404714.78,6461508.326
pop18_ALL_DPaW C. undulatum,Single Plant,404714.563,6461505.079
pop18_ALL_DPaW C. undulatum,Single Plant,404715.127,6461510.223
pop18_ALL_DPaW C. undulatum,Single Plant,404715.124,6461511.084
pop18_ALL_DPaW C. undulatum,Single Plant,404715.182,6461511.424
pop18_ALL_DPaW C. undulatum,Single Plant,404712.393,6461511.895
pop18_ALL_DPaW C. undulatum,Single Plant,404715.954,6461516.946
pop18_ALL_DPaW C. undulatum,Single Plant,404716.519,6461517.62
pop18_ALL_DPaW C. undulatum,Single Plant,404717.809,6461512.585
pop18_ALL_DPaW C. undulatum,Single Plant,404718.98,6461512.282
pop18_ALL_DPaW C. undulatum,Single Plant,404720.178,6461510.672
pop18_ALL_DPaW C. undulatum,Single Plant,404720.637,6461519.39
pop18_ALL_DPaW C. undulatum,Single Plant,404722.388,6461520.233
pop18_ALL_DPaW C. undulatum,Single Plant,404722.24,6461520.938
pop18_ALL_DPaW C. undulatum,Single Plant,404724.85,6461521.267
pop18_ALL_DPaW C. undulatum,Single Plant,404723.975,6461523.627
pop18_ALL_DPaW C. undulatum,Single Plant,404725.965,6461522.372
pop18_ALL_DPaW C. undulatum,Single Plant,404724.893,6461519.406
pop18_ALL_DPaW C. undulatum,Single Plant,404723.915,6461518.295
pop18_ALL_DPaW C. undulatum,Single Plant,404727.404,6461518.496
pop18_ALL_DPaW C. undulatum,Single Plant,404723.69,6461525.667
pop18_ALL_DPaW C. undulatum,Single Plant,404725.253,6461528.524
pop18_ALL_DPaW C. undulatum,Single Plant,404731.349,6461524.636
pop18_ALL_DPaW C. undulatum,Single Plant,404733.827,6461522.958
pop18_ALL_DPaW C. undulatum,Single Plant,404725.853,6461512.129
pop18_ALL_DPaW C. undulatum,Single Plant,404721.703,6461511.391
pop18_ALL_DPaW C. undulatum,Single Plant,404722.038,6461503.758
pop18_ALL_DPaW C. undulatum,Single Plant,404712.037,6461495.138
pop18_ALL_DPaW C. undulatum,Single Plant,404710.842,6461492.866
pop18_ALL_DPaW C. undulatum,Single Plant,404709.374,6461491.83
pop18_ALL_DPaW C. undulatum,Single Plant,404707.274,6461491.477
pop18_ALL_DPaW C. undulatum,Single Plant,404704.054,6461494.368
pop18_ALL_DPaW C. undulatum,Single Plant,404701.853,6461487.549
pop18_ALL_DPaW C. undulatum,Single Plant,404700.228,6461487.59
pop18_ALL_DPaW C. undulatum,Single Plant,404698.569,6461488.169
pop18_ALL_DPaW C. undulatum,Single Plant,404696.593,6461488.56
pop18_ALL_DPaW C. undulatum,Single Plant,404692.622,6461486.326
pop18_ALL_DPaW C. undulatum,Single Plant,404692.031,6461487.135
pop18_ALL_DPaW C. undulatum,Single Plant,404687.122,6461485.862
pop18_ALL_DPaW C. undulatum,Single Plant,404686.705,6461484.677
pop18_ALL_DPaW C. undulatum,Single Plant,404682.899,6461478.685
pop18_ALL_DPaW C. undulatum,Single Plant,404677.712,6461472.067
pop18_ALL_DPaW C. undulatum,Single Plant,404677.348,6461471.187
pop18_ALL_DPaW C. undulatum,Single Plant,404678.121,6461466.29
pop18_ALL_DPaW C. undulatum,Single Plant,404680.012,6461467.212
pop18_ALL_DPaW C. undulatum,Single Plant,404681.149,6461467.178
pop18_ALL_DPaW C. undulatum,Single Plant,404680.838,6461472.876
pop18_ALL_DPaW C. undulatum,Single Plant,404676.842,6461468.896
pop18_ALL_DPaW C. undulatum,Single Plant,404669.7,6461465.87
pop18_ALL_DPaW C. undulatum,Single Plant,404679.083,6461459.388
pop18_ALL_DPaW C. undulatum,Single Plant,404675.234,6461464.319
pop18_ALL_DPaW C. undulatum,Single Plant,404682.448,6461455.17
pop18_ALL_DPaW C. undulatum,Single Plant,404675.154,6461472.673
pop18_ALL_DPaW C. undulatum,Single Plant,404675.671,6461464.376
pop18_ALL_DPaW C. undulatum,Single Plant,404678.974,6461456.15
pop18_ALL_DPaW C. undulatum,Single Plant,404678.298,6461456.695
pop18_ALL_DPaW C. undulatum,Single Plant,404675.62,6461458.468
pop18_ALL_DPaW C. undulatum,Single Plant,404676.016,6461460.447
pop18_ALL_DPaW C. undulatum,Single Plant,404670.883,6461465.302
pop18_ALL_DPaW C. undulatum,Single Plant,404669.881,6461466.405
pop18_ALL_DPaW C. undulatum,Single Plant,404669.126,6461463.856
pop18_ALL_DPaW C. undulatum,Single Plant,404668.388,6461464.684
pop18_ALL_DPaW C. undulatum,Single Plant,404667.884,6461466.187
pop18_ALL_DPaW C. undulatum,Single Plant,404665.908,6461465.469
pop18_ALL_DPaW C. undulatum,Single Plant,404665.446,6461465.123
pop18_ALL_DPaW C. undulatum,Single Plant,404670.614,6461469.572
pop18_ALL_DPaW C. undulatum,Single Plant,404668.786,6461470.798
pop18_ALL_DPaW C. undulatum,Single Plant,404668.289,6461474.182
pop18_ALL_DPaW C. undulatum,Single Plant,404671.201,6461474.646
pop18_ALL_DPaW C. undulatum,Single Plant,404670.119,6461474.294
pop18_ALL_DPaW C. undulatum,Single Plant,404669.405,6461473.882
pop18_ALL_DPaW C. undulatum,Single Plant,404666.202,6461481.928
pop18_ALL_DPaW C. undulatum,Single Plant,404664.291,6461479.418
pop18_ALL_DPaW C. undulatum,Single Plant,404664.696,6461477.315
pop18_ALL_DPaW C. undulatum,Single Plant,404664.52,6461477.081
pop18_ALL_DPaW C. undulatum,Single Plant,404664.078,6461475.035
pop18_ALL_DPaW C. undulatum,Single Plant,404657.548,6461483.059
pop18_ALL_DPaW C. undulatum,Single Plant,404657.669,6461486.038
pop18_ALL_DPaW C. undulatum,Single Plant,404654.467,6461478.426
pop18_ALL_DPaW C. undulatum,Single Plant,404653.794,6461480.046
pop18_ALL_DPaW C. undulatum,Single Plant,404655.528,6461480.283
pop18_ALL_DPaW C. undulatum,Single Plant,404656.121,6461476.174
pop18_ALL_DPaW C. undulatum,Single Plant,404655.339,6461476.176
pop18_ALL_DPaW C. undulatum,Single Plant,404657.614,6461467.713
pop18_ALL_DPaW C. undulatum,Single Plant,404655.324,6461469.039
pop18_ALL_DPaW C. undulatum,Single Plant,404651.609,6461473.258
pop18_ALL_DPaW C. undulatum,Single Plant,404652.814,6461475.814
pop18_ALL_DPaW C. undulatum,Single Plant,404653.077,6461482.402
pop18_ALL_DPaW C. undulatum,Single Plant,404652.54,6461483.698
pop18_ALL_DPaW C. undulatum,Single Plant,404650.61,6461478.633
pop18_ALL_DPaW C. undulatum,Single Plant,404673.389,6461489.026
pop18_ALL_DPaW C. undulatum,Single Plant,404676.232,6461485.569
pop18_ALL_DPaW C. undulatum,Single Plant,404672.915,6461485.473
pop18_ALL_DPaW C. undulatum,Single Plant,404672.36,6461479.191
pop18_ALL_DPaW C. undulatum,Single Plant,404673.198,6461470.553
pop18_ALL_DPaW C. undulatum,Single Plant,404676.59,6461480.863
pop18_ALL_DPaW C. undulatum,Single Plant,404677.171,6461484.154
pop18_ALL_DPaW C. undulatum,Single Plant,404672.037,6461481.931
pop18_ALL_DPaW C. undulatum,Single Plant,404667.354,6461476.545
pop18_ALL_DPaW C. undulatum,Single Plant,404659.741,6461468.854
pop18_ALL_DPaW C. undulatum,Single Plant,404657.132,6461471.591
pop18_ALL_DPaW C. undulatum,Single Plant,404654.459,6461471.268
pop18_ALL_DPaW C. undulatum,Single Plant,404648.964,6461476.547
pop18_ALL_DPaW C. undulatum,Single Plant,404649.136,6461474.78
pop18_ALL_DPaW C. undulatum,Single Plant,404658.493,6461463.931
pop18_ALL_DPaW C. undulatum,Single Plant,404659.589,6461463.705
pop18_ALL_DPaW C. undulatum,Single Plant,404657.15,6461462.663
pop18_ALL_DPaW C. undulatum,Single Plant,404660.554,6461463.487
pop18_ALL_DPaW C. undulatum,Single Plant,404654.779,6461458.498
pop18_ALL_DPaW C. undulatum,Single Plant,404661.533,6461452.511
pop18_ALL_DPaW C. undulatum,Single Plant,404663.759,6461452.76
pop18_ALL_DPaW C. undulatum,Single Plant,404664.741,6461456.025
pop18_ALL_DPaW C. undulatum,Single Plant,404665.564,6461457.538
pop18_ALL_DPaW C. undulatum,Single Plant,404667.208,6461459.144
pop18_ALL_DPaW C. undulatum,Single Plant,404668.952,6461458.028
pop18_ALL_DPaW C. undulatum,Single Plant,404670.343,6461459.597
pop18_ALL_DPaW C. undulatum,Single Plant,404676.033,6461456.069
pop18_ALL_DPaW C. undulatum,Single Plant,404677.179,6461455.923
pop18_ALL_DPaW C. undulatum,Single Plant,404675.175,6461453.571
pop18_ALL_DPaW C. undulatum,Single Plant,404674.021,6461450.606
pop18_ALL_DPaW C. undulatum,Single Plant,404662.003,6461451.435
pop18_ALL_DPaW C. undulatum,Single Plant,404659.682,6461451.994
pop18_ALL_DPaW C. undulatum,Single Plant,404643.079,6461436.583
pop18_ALL_DPaW C. undulatum,Single Plant,404642.153,6461431.505
pop18_ALL_DPaW C. undulatum,Single Plant,404640.396,6461430.076
pop18_ALL_DPaW C. undulatum,Single Plant,404638.822,6461424.195
pop18_ALL_DPaW C. undulatum,Single Plant,404621.091,6461461.378
pop18_ALL_DPaW C. undulatum,Single Plant,404621.613,6461463.63
pop18_ALL_DPaW C. undulatum,Single Plant,404646.67,6461463.505
pop18_ALL_DPaW C. undulatum,Single Plant,404646.176,6461467.135
pop18_ALL_DPaW C. undulatum,Single Plant,404643.224,6461468.608
pop18_ALL_DPaW C. undulatum,Single Plant,404642.258,6461470.788
pop18_ALL_DPaW C. undulatum,Single Plant,404644.226,6461473.751
pop18_ALL_DPaW C. undulatum,Single Plant,404640.787,6461488.628
pop18_ALL_DPaW C. undulatum,Single Plant,404644.637,6461491.392
pop18_ALL_DPaW C. undulatum,Single Plant,404644.281,6461490.403
pop18_ALL_DPaW C. undulatum,Single Plant,404652.48,6461495.543
pop18_ALL_DPaW C. undulatum,Single Plant,404652.751,6461466.846
pop18_ALL_DPaW C. undulatum,Single Plant,404653.842,6461466.277
pop18_ALL_DPaW C. undulatum,Single Plant,404651.284,6461411.408
pop18_ALL_DPaW C. undulatum,Single Plant,404645.188,6461412.601
pop18_ALL_DPaW C. undulatum,Single Plant,404643.206,6461420.274
pop18_ALL_DPaW C. undulatum,Single Plant,404643.485,6461423.195
pop18_ALL_DPaW C. undulatum,Single Plant,404763.117,6461455.513
pop18_ALL_DPaW C. undulatum,Single Plant,404740.875,6461436.784
pop18_ALL_DPaW C. undulatum,Single Plant,404709.58,6461429.444
pop18_ALL_DPaW C. undulatum,Single Plant,404702.978,6461419.597
pop18_ALL_DPaW C. undulatum,Single Plant,404716.304,6461417.933
pop18_ALL_DPaW C. undulatum,Single Plant,404719.316,6461414.752
pop18_ALL_DPaW C. undulatum,Single Plant,404713.544,6461405.806
pop18_ALL_DPaW C. undulatum,Single Plant,404716.493,6461403.823
pop18_ALL_DPaW C. undulatum,Single Plant,404717.032,6461403.431
pop18_ALL_DPaW C. undulatum,Single Plant,404718.009,6461403.207
pop18_ALL_DPaW C. undulatum,Single Plant,404718.295,6461402.044
pop18_ALL_DPaW C. undulatum,Single Plant,404711.413,6461403.303
pop18_ALL_DPaW C. undulatum,Single Plant,404710.912,6461404.134
pop18_ALL_DPaW C. undulatum,Single Plant,404709.663,6461406.626
pop18_ALL_DPaW C. undulatum,Single Plant,404708.223,6461407.133
pop18_ALL_DPaW C. undulatum,Single Plant,404710.105,6461400.039
pop18_ALL_DPaW C. undulatum,Single Plant,404701.392,6461400.104
pop18_ALL_DPaW C. undulatum,Single Plant,404700.273,6461399.401
pop18_ALL_DPaW C. undulatum,Single Plant,404702.373,6461397.548
pop18_ALL_DPaW C. undulatum,Single Plant,404694.114,6461388.266
pop18_ALL_DPaW C. undulatum,Single Plant,404695.169,6461384.519
pop18_ALL_DPaW C. undulatum,Single Plant,404696.542,6461379.785
pop18_ALL_DPaW C. undulatum,Single Plant,404681.32,6461377.63
pop18_ALL_DPaW C. undulatum,Single Plant,404681.692,6461380.411
pop18_ALL_DPaW C. undulatum,Single Plant,404675.685,6461378.748
pop18_ALL_DPaW C. undulatum,Single Plant,404679.683,6461375.347
pop18_ALL_DPaW C. undulatum,Single Plant,404685.433,6461370.236
pop18_ALL_DPaW C. undulatum,Single Plant,404677.587,6461357.938
pop18_ALL_DPaW C. undulatum,Single Plant,404679.793,6461351.056
pop18_ALL_DPaW C. undulatum,Single Plant,404668.974,6461352.083
pop18_ALL_DPaW C. undulatum,Single Plant,404671.34,6461341.519
pop18_ALL_DPaW C. undulatum,Single Plant,404666.572,6461338.718
pop18_ALL_DPaW C. undulatum,Single Plant,404659.575,6461342.617
pop18_ALL_DPaW C. undulatum,Single Plant,404659.358,6461340.795
pop18_ALL_DPaW C. undulatum,Single Plant,404659.078,6461340.338
pop18_ALL_DPaW C. undulatum,Single Plant,404655.15,6461338.574
pop18_ALL_DPaW C. undulatum,Single Plant,404660.513,6461337.114
pop18_ALL_DPaW C. undulatum,Single Plant,404643.026,6461302.854
pop18_ALL_DPaW C. undulatum,Single Plant,404640.81,6461300.413
pop18_ALL_DPaW C. undulatum,Single Plant,404633.092,6461297.642
pop18_ALL_DPaW C. undulatum,Single Plant,404627.71,6461303.095
pop18_ALL_DPaW C. undulatum,Single Plant,404641.514,6461396.88
pop18_ALL_DPaW C. undulatum,Single Plant,404620.528,6461402.927
pop18_ALL_DPaW C. undulatum,Single Plant,404617.531,6461404.869
pop18_ALL_DPaW C. undulatum,Single Plant,404618.045,6461406.688
pop18_ALL_DPaW C. undulatum,Single Plant,404618.83,6461408.802
pop18_ALL_DPaW C. undulatum,Single Plant,404618.071,6461410.516
pop18_ALL_DPaW C. undulatum,Single Plant,404658.483,6461355.381
pop18_ALL_DPaW C. undulatum,Single Plant,404669.879,6461371.739
pop18_ALL_DPaW C. undulatum,Single Plant,404667.872,6461377.587
pop18_ALL_DPaW C. undulatum,Single Plant,404667.226,6461374.411
pop18_ALL_DPaW C. undulatum,Single Plant,404668.154,6461382.157
pop18_ALL_DPaW C. undulatum,Single Plant,404679.127,6461381.373
pop18_ALL_DPaW C. undulatum,Single Plant,404685.941,6461390.91
pop18_ALL_DPaW C. undulatum,Single Plant,404688.758,6461395.628
pop18_ALL_DPaW C. undulatum,Single Plant,404689.056,6461404.78
pop18_ALL_DPaW C. undulatum,Single Plant,404695.769,6461405.122
pop18_ALL_DPaW C. undulatum,Single Plant,404701.447,6461410.067
pop18_ALL_DPaW C. undulatum,Single Plant,404701.415,6461413.225
pop18_ALL_DPaW C. undulatum,Single Plant,404712.73,6461421.041
pop18_ALL_DPaW C. undulatum,Single Plant,404711.091,6461426.691
pop18_ALL_DPaW C. undulatum,Single Plant,404721.247,6461424.571
pop18_ALL_DPaW C. undulatum,Single Plant,404725.052,6461427.718
pop18_ALL_DPaW C. undulatum,Single Plant,404726.441,6461433.77
