Unique_ID,Worksheet,Notes,Reference_code,Reference,
1,Density,Algae,Li 2002,"Li, W. K. W. 2002. Macroecological patterns of phytoplankton in the northwestern North Atlantic Ocean. Nature 419:154–157.",
2,Density,Bacteria,Bratbak Dundas 1984,"Bratbak, G., and I. A. N. Dundas. 1984. Bacterial dry matter content and biomass estimations. Applied and environmental microbiology 48:755–757.",
3,Density,Birds,Beauchamp 1987,"Beauchamp, A.J. 1987. The social structure of the Weka (Gallirallus australis) at Double Cove, Marlboruogh Sounds. Notornis 34: 317-325. ",
4,Density,Birds,Best Powlesland 1985,"Best, H. and Powlesland, R. 1985. Kakapo. New Zealand Wildlife Service, Dunedin. ",
5,Density,Birds,Blake 1977,"Blake, E.R. 1977. Manual of Neotropical birds. Vol. 1. Univ. of Chicago Press, Chicago. ",
6,Density,Birds,Brothers Skira 1984,"Brothers, N. P. and Skira, I. J. 1984. The Weka on Macquarie Island. Notornis 31: 145-154. ",
7,Density,Birds,Brown 1982,"Brown, L. H., Urban, E. K. and Newman, K. 1982. The birds of Africa. Vol. 1. Academic Press, London. ",
8,Density,Birds,Cajal 1988,"Cajal, J. L. 1988. The lesser rhea in the Argentine Puna Region: Present situation. Biol. Conserv. 45: 81-91.",
9,Density,Birds,Campbell Lack 1985,"Campbell, B. and Lack, E. (eds) 1985. A dictionary of birds. T & AD Poyser, Calton.",
10,Density,Birds,Colbourne Kleinpaste 1983,"Colbourne, R. and Kleinpaste, R. 1983. A banding study of North Island brown kiwis in an exotic forest. Notornis 30: 109-124. ",
11,Density,Birds,Colbourne Kleinpaste 1984,"Colbourne, R. and Kleinpaste, R. 1984. North Island brown kiwi vocalisations and their use in censusing populations. Notornis 31: 191-201",
12,Density,Birds,Crome 1976,"Crome, F. H. J. 1976. Some observations on the biology of the cassowary in Northern Qeensland. Emu 76: 8-14. ",
13,Density,Birds,Ebenman 1995,"Ebenman, B., A. Hendenström, U. Wennergren, B. Ekstam, J. Landin, and T. Tyrberg. 1995. The relationship between population density and body size: the role of extinction and mobility. Oikos:225–230.",
14,Density,Birds,Johnsgard 1978,"Johnsgard, P.A. 1978. Ducks, geese and swans of the world. Lincoln.",
15,Density,Birds,Juanes 1986,"Juanes, F. 1986. Population density and body size in birds. The American Naturalist 128:921–929.",
16,Density,Birds,Livezey 1989,"Livezey, B. C. 1989. Flightlessness in grebes (Aves, Podicipedidae): its independent evolution in three genera. Evolution 43: 29-54. ",
17,Density,Birds,Marchant Higgins 1990,"Marchant, S. and Higgins, P. (eds) 1990. Handbook of Australian, New Zealand and Antarctic birds. Vol. 1. Oxford Univ. Press, Oxford.",
18,Density,Birds,Penny Diamond 1971,"Penny, M. J. and Diamond, A. W. 1971. The white-throated rail Dryolimnas cuvieri in Aldabra. Philos. Trans. R. Soc. Lond. B 260: 529-548. ",
19,Density,Birds,Recher Clark 1974,"Recher, H. F. and Clark, S. S. 1974. A biological survey of Lord Howe Island with recommendations for the conservation of the island's wildlife. Biol. Conserv. 6: 263-273. ",
20,Density,Birds,Reid Stack 1974,"Reid, B. and Stack, D. J. 1974. An assessment of the numbers of Takahe in the 'Special area' of the Murchison mountains during the years 1963-1967. Notornis 21: 296-305. ",
21,Density,Birds,Ripley 1977,"Ripley, S.D. 1977. Rails of the world. David R. Godin, Boston. ",
22,Density,Birds,Weller 1975,"Weller, M. W. 1975. Ecological studies of the Auckland island flightless teal. Auk 92: 280-297. ",
23,Density,Damuth Ref: 1,Abaturov 1973,"Abaturov, B. D. & Seredneva, T. A. 1973. The role of the little suslik in the formation of biological production in semiarid land. Soviet Journal of Ecology, 4: 515-518.",
24,Density,Damuth Ref: 2,Abrahamson 1970,"Abrahamson, S. A. A. & Goldman, C. R. 1970. Distribution, density and production of the crayfish Pacifosticus leniusculur Dana in Lake Tahoe, California-Nevada. Oikos, 21: 83-91.",
25,Density,Damuth Ref: 3,Adamczyk 1968,"Adamczyk, K. & Ryszkowski, L., 1968. Estimation of the density of a rodent population using stained bait. Acta Theriologica, 13: 295-311.",
26,Density,Damuth Ref: 4,Adamovitch 1973,"Adamovitch, V. L. & Vatolin, B. A. 1973. Distribution of elk in the Bryansk region and damage to forests by it. Soviet Journal of Ecology, 4: 426-430.",
27,Density,Damuth Ref: 5,Adams 1959,"Adams, L. 1959. An analysis of a population of snowshoe hares in northwestern Montana. Ecological Monographs, 29: 141-170.",
28,Density,Damuth Ref: 6,Adams 1960,"Adams, W. H., Jr. 1960. Population ecology of white-tailed deer in northeastern Alabama. Ecology, 41: 706-715.",
29,Density,Damuth Ref: 7,Afolayan 1975,"Afolayan, T. A. 1975. Effects of elephant activities on forest plantations in the Kilimanjaro forest- game reserve in northern Tanzania. Oikos, 26: 405-410.",
30,Density,Damuth Ref: 8,Airoldi 1976,"Airoldi, J. P. 1976. Expiriences de capture et recapture chez le campagnol de terrestre, Aruicola terrestris schennan Shaw (Mammalia-Rodentia). La Terre et La Vie, 30: 31-51.",
31,Density,Damuth Ref: 9,Airoldi 1978,"Airoldi, J. P. 1978. Etude par capture et recapture d'une population de campagnols terrestres, Arvicola terrestris scherman Shaw (Mammalia-Rodentia). La Terre et La Vie, 32: 3-45.",
32,Density,Damuth Ref: 10,Alain 1968,"Alain, G. & Moisan, G. 1968. Le domaine vital de Lepus arnericanus dans la rigion de Quebec. La Terre et La Vie, 22: 57-68.",
33,Density,Damuth Ref: 11,Albignac 1973,"Albignac, R., 1973. Mammiferes carnivores. Fame de Madagascar, 36: 1-208.",
34,Density,Damuth Ref: 12,Albignac 1976,"Albignac, R., 1976. L'écologie de Mungotictis decemlineata dans les forêts décidues de l'ouest de Madagascar. La Terre et La Vie, 30: 347-376.",
35,Density,Damuth Ref: 13,Allen 1963,"Allen, L. D. C., 1963. The Lechwe (Kobus leche smithemani) of the Bangweulu swamps. The Puku, 1:1-8.",
36,Density,Damuth Ref: 14,Allsopp 1978,"Allsopp, R., 1978. Social biology of bushbuck (Tragelaphus scriptus Pallas 1776) in the Nairobi National Park, Kenya. East African Wildlife Journal, 16: 153-165.",
37,Density,Damuth Ref: 15,Anderson 1956,"Anderson, R. O. & Hooper, F. F., 1956. Seasonal abundance and production of littoral bottom fauna in a southern Michigan lake. Transactions of the American Microscopical Society, 75: 259-270.",
38,Density,Damuth Ref: 16,Andrzewski 1963,"Andrzewski, R., 1963. Processes of incoming, settlement, and disappearance of individuals and variations in the numbers of small rodents. Ada Theriologica, 7: 170-213.",
39,Density,Damuth Ref: 17,Ansell 1964,"Ansell, W. F. H., 1964. Addenda and corrigenda to ""Mammals of Northern Rhodesia"". The Puku, 2: 14-52,",
40,Density,Damuth Ref: 18,Ansell 1973,"Ansell, W. F. H., 1973a. Addenda and corrigenda to ""Mammals of Northern Rhodesia"". No. 4. The Puku, 7: 1-20.",
41,Density,Damuth Ref: 19,Ansell 1973,"Ansell, W. F. H., 1973b. A further Oenomys hypoxanthus from Tanzania. The Puku, 7: 192.",
42,Density,Damuth Ref: 20,Ansell 1973,"Ansell, W. F. H. & Ansell, P. D. H., 1973. Mammals of the north-eastern montane areas of Zambia. The Puku, 7: 21-69.",
43,Density,Damuth Ref: 21,Armitage 1962,"Armitage, K. B., 1962. Social behaviour of a colony of the yellow-bellied marmot (Marmota flaviventris). Animal Behaviour, 10: 319-331.",
44,Density,Damuth Ref: 22,Aulak 1967,"Aulak, W., 1967. Estimation of small-mammal density in three forest biotopes. Ekologia Polska, 15: 755-778.",
45,Density,Damuth Ref: 23,Aulak 1973,"Aulak, W., 1973. Production and energy requirements in a population of the Bank Vole, in a deciduous forest of Circeo-alnetum type. Acta Theriologica, 18: 167-190.",
46,Density,Damuth Ref: 24,Babitskiy 1970,"Babitskiy, V. A., 1970. Biology and production of Eurycercus lamellatus (O. F. M.) along the shores of Lake Narach. Hydrobiological Journal, 6: 26-32.",
47,Density,Damuth Ref: 25,Baker 1969,"Baker, R. H., 1969. Cotton rats of the Sigmodon fulviventer group. University of Kansas Museum of Natural History, Miscellaneous Publications, 51: 177-232.",
48,Density,Damuth Ref: 26,Baldwin 1972,"Baldwin, J. D. & Baldwin, J., 1972. The ecology and behavior of squirrel monkeys (Saimiri oerstedi) in a natural forest in Western Panama. Folia Primatologica, 18: 161-184.",
49,Density,Damuth Ref: 27,Banfield 1958,"Banfield, A. W. F. & Tener, J. S., 1958. A preliminary study of the Ungara caribou. Journal of Mammalogy, 39: 560-573.",
50,Density,Damuth Ref: 28,Bannikov 1961,"Bannikov, A.-G., 1961. L'ecologie de Saiga tatarica L. en Eurasie, sa distribution et son exploitation rationnelle. La Terre et La Vie, 15: 77-85.",
51,Density,Damuth Ref: 29,Barbault 1976,"Barbault, R., 1976. Population dynamics and reproductive patterns of three African skinks. Copeia, 76: 483-490.",
52,Density,Damuth Ref: 30,Barbault 1983,"Barbault, R., 1983. Reptiles in savanna ecosystems. In F. Bourliere (Ed.), Ecosystems of the World. Vol. 13. Tropical Savannas. (Series editor D. W. Goodall): 325-336. Amsterdam: Elsevier.",
53,Density,Damuth Ref: 31,Barbour 1982,"Barbour, D. B. & Humphrey, S. R., 1982. Status and habitat of the Key Largo woodrat and cotton mouse (Neotoma fioridana smalli and Peromyscus gossypinus allapaticola). Journal of Mammalogy, 63: 144-148.",
54,Density,Damuth Ref: 32,Barkalow 1970,"Barkalow, F. S., Jr., Hamilton, R. B. & Souts, R. F., Jr., 1970. The vital statistics of an unexploited gray squirrel population. Journal of Wildlife Management, 34: 489-500.",
55,Density,Damuth Ref: 33,Barnett 1977,"Barnett, J. L., How, R. A. & Humphries, W. F., 1977. Small mammal populations in pine and native forests in north-eastern New South Wales. Australian Wildlife Research, 4: 233-240.",
56,Density,Damuth Ref: 34,Barnett 1978,"Barnett, J. L., How, R. A. & Humphries, W. F., 1978. The use of habitat components by small mammals in eastern Australia. Australian Journal of Ecology, 3: 277-285.",
57,Density,Damuth Ref: 35,Barnett 1982,"Barnett, J. L., How, R. A. & Humphries, W. F., 1982. Habitat effects on organ weights, longevity, and reproduction in the mountain brushtail possum, Trichosurus caninus (Ogilby). Australian Journal of Zoology, 30: 23-32.",
58,Density,Damuth Ref: 36,Barrette 1977,"Barrette, C., 1977. Some aspects of the behaviour of muntjacs in Wilpattu National Park. Mammalia, 41: 1-34.",
59,Density,Damuth Ref: 37,Batcheler 1975,"Batcheler, C. L., 1975. Development of a distance method for deer census from pellet groups. Journal of Wildlife Management, 39: 641-652.",
60,Density,Damuth Ref: 38,Batzli 1968,"Batzli, G. O., 1968. Dispersion patterns of mice in California annual grassland. Journal of Mammalogy, 49: 239-250.",
61,Density,Damuth Ref: 39,Bauchot 1966,"Bauchot, R. & Stephan, H., 1966. Données nouvelles sur l'encephalisation des insectivores et des prosimiens. Mammalia, 30: 160-196",
62,Density,Damuth Ref: 40,Bayless 1969,"Bayless, S. R., 1969. Winter food habits, range use, and home range of antelope in Montana. Journal of Wildlife Management, 33: 538-551.",
63,Density,Damuth Ref: 41,Beatley 1976,"Beatley, J. C., 1976a. Rainfall and fluctuating plant populations in relation to distributions and numbers of desert rodents in southern Nevada. Oecologia (Berlin), 24: 21-42.",
64,Density,Damuth Ref: 42,Beatley 1976,"Beatley, J. C., 1976b. Environments of kangaroo rats (Dipodomys) and effects of environmental change on populations in southern Nevada. Journal of Mammalogy, 57: 67-93.",
65,Density,Damuth Ref: 43,Beattie 1972,"Beattie, M., Bromley, H. J., Chambers, M., Goldspink, R., Vijverberg, J., Van Zalinge, N. P. & Golterman, H. L., 1972. Limnological studies on Tjeukemeer-a typical Dutch ""polder reservoir"". In Z. Kajak & A. Hillbricht-Ilkowska (Eds), Productivity Problems of Freshwaters: 421-446. Warsaw: Polish Scientific Publishers.",
66,Density,Damuth Ref: 44,Beecham 1983,"Beecham, J. J., 1983. Population characteristics of black bears in west central Idaho. Journal of Wildlife Management, 47: 405-412.",
67,Density,Damuth Ref: 45,Begg 1976,"Begg, R. J., 1976. Aggressiveness, body weight and injuries in long-haired rats (Rattus uillosissimus). Australian Zoologist, 19: 35-43.",
68,Density,Damuth Ref: 46,Bekoff 1975,"Bekoff, M. & Jamieson, R., 1975. Physical development in coyotes (Canis latrans), with a comparison to other canids. Journal of Mammalogy, 56: 685-692.",
69,Density,Damuth Ref: 47,Bell 1973,"Bell, R. H. V. & Grimsdell, J. J. R., 1973. The persecuted black lechwe of Zambia. Oryx, 12: 77-92.",
70,Density,Damuth Ref: 48,Bellier 1967,"Bellier, L., 1967. Recherches ecologiques dans la savane de Lamto (Cote d'lvoire): densites et biomasses des petits mammiferes. La Terre et La Vie, 21: 319-329.",
71,Density,Damuth Ref: 49,Bennett 1979,"Bennett, A. F. & Gorman, G. C., 1979. Population density and energetics of lizards on a tropical island. Oecologia, 42: 339-358.",
72,Density,Damuth Ref: 743,Benson 1964,"Benson, C. W., 1964. Leopard weights. The Puku, 2: 131.",
73,Density,Damuth Ref: 50,Bertram 1977,"Bertram, R. C. & Rempel, R. D., 1977. Migration of the North Kings deer herd. California Fish and Game, 63: 157-169.",
74,Density,Damuth Ref: 51,Best 1973,"Best, T. L., 1973. Ecological separation of three genera of pocket gophers (Geomyidae). Ecology, 54: 1311-1319.",
75,Density,Damuth Ref: 52,Bigler 1974,"Bigler, W. J., 1974. Seasonal movements and activity patterns of the collared peccary. Journal of Mammalogy, 55: 851-855.",
76,Density,Damuth Ref: 53,Bigler 1975,"Bigler, W. J. & Jenkins, J. H., 1975. Population characteristics of Peromyscus gossypinus and Sigmodon hispidus in tropical hammocks of South Florida. Journal of Mammalogy, 56: 633-644.",
77,Density,Damuth Ref: 54,Birkenholz 1963,"Birkenholz, D. E., 1963. A study of the life history and ecology of the round-tailed muskrat (Neofiber alleni True) in north-central Florida. Ecological Monographs, 33: 255-280.",
78,Density,Damuth Ref: 55,Blair 1940,"Blair, W. F., 1940. Home ranges and populations of the meadow vole in southern Michigan. Journal of Wildlife Management, 4: 149-161.",
79,Density,Damuth Ref: 56,Blair 1943,"Blair, W. F., 1943. Populations of the deermouse and associated small mammals in the mesquite association of southern New Mexico. University of Michigan Contributions of the Laboratory of Vertebrate Biology, 21: 1-40.",
80,Density,Damuth Ref: 57,Blankenship 1972,"Blankenship, L. H. & Field, C. R., 1972. Factors affecting the distribution of wild ungulates on a ranch in Kenya. A preliminary report. Zoologica Africana, 7: 281-302.",
81,Density,Damuth Ref: 58,Bleich 1975,"Bleich, V. C. & Schwartz, O. A., 1975. Observations on the home range of the desert woodrat, Neotoma lepida intermdia. Journal of Mammalogy, 56: 518-519.",
82,Density,Damuth Ref: 59,Block 1966,"Block, W., 1966. Seasonal fluctuations and distribution of mite populations in moorland soils, with a note on biomass. Journal of Animal Ecology, 35: 487-503.",
83,Density,Damuth Ref: 60,Bobek 1969,"Bobek, B., 1969. Survival, turnover, and production of small rodents in a beech forest. Ada Theriologica, 14: 191-210.",
84,Density,Damuth Ref: 61,Bobek 1971,"Bobek, B., 1971. Influence of population density upon rodent production in a deciduous forest. Annales Zoologici Fennici, 8: 137-144.",
85,Density,Damuth Ref: 62,Bopp 1958,"Bopp, P., 1958. Zur Frage der Hirschpopulation im Schweizerischen Nationalpark. Revue Suisse de Zoologie, 65: 305-311.",
86,Density,Damuth Ref: 63,Borner 1978,"Borner, M., 1978. Status and conservation of the Sumatran tiger. Carnivore, 1: 97-102.",
87,Density,Damuth Ref: 64,Borowski 1967,"Borowski, S., Krasinski, Z. & Milkowski, L., 1967. Food and role of the European bison in forest ecosystems. Acta Theriologica, 12: 367-376.",
88,Density,Damuth Ref: 65,Bouffard 1978,"Bouffard, S. H. & Hein, D., 1978. Census methods for eastern gray squirrels. Journal of Wildlife Management, 42: 550-557.",
89,Density,Damuth Ref: 66,Bourliere 1962,"Bourliere, F., 1962. Les populations des ongules sauvages Africains: caracteristiques ecologiques et implications economiques. La Terre et La Vie, 16: 150-160.",
90,Density,Damuth Ref: 67,Bourliere 1965,"Bourliere, F., 1965. Densities and biomasses of some ungulate populations in eastern Congo and Rwanda, with notes on population structure and lion/ungulate ratios. Zoologica Africana, 1: 199-207.",
91,Density,Damuth Ref: 68,Bourliere 1969,"Bourliere, F., Bertrand, M. & Hunkeler, C., 1969. L'ecologie de la mone de Lowe (Cercopithecus campbelli lowei) en Côte d'lvoire. La Terre el La Vie, 23: 135-163.",
92,Density,Damuth Ref: 69,Bourquin 1971,"Bourquin, O., Vincent, J. & Hitchins, P. M., 1971. The vertebrates of the Hluhluwe Game Reserve—Corridor (state land)—Umfolozi Game Reserve complex. The Lammergeyer, 14: 5-58.",
93,Density,Damuth Ref: 70,Brady 1979,"Brady, C. A., 1979. Observations on the behavior of the crab-eating fox (Cerdocyon thous). In J. F. Eisenberg (Ed.), Vertebrate Ecology in the Northern Neotropics: 161-171. Washington, D.C.: Smithsonian Institution Press.",
94,Density,Damuth Ref: 71,Braithwaite 1978,"Braithwaite, R. W., Cockburn, A. & Lee, A. K., 1978. Resource partitioning by small mammals in lowland heath communities of south-eastern Australia. Australian Journal of Ecology, 3: 423-445.",
95,Density,Damuth Ref: 73,Brian 1965,"Brian, M. V., Hibble, J. & Stradling, D. J., 1965. Ant pattern and density in a southern English heath. Journal of Animal Ecology, 34: 545-555.",
96,Density,Damuth Ref: 72,Brian 1967,"Brian, M. V., Elmes, G. & Kelley, A. F., 1967. Populations of the ant Tetramorium caespitum. Journal of Animal Ecology, 36: 337-342.",
97,Density,Damuth Ref: 74,Briederman 1971,"Briederman, L., 1971. Die Migrationen des Elches (Alces alces L. 1758) in Mitteleuropa von 1957 bis ende 1966. Lynx (Praha), n. s., 12: 5-24.",
98,Density,Damuth Ref: 75,Broadbrooks 1965,"Broadbrooks, H. E., 1965. Ecology and distribution of pikas of Washington and Alaska. American Midland Naturalist, 73: 299-335.",
99,Density,Damuth Ref: 80,Brown 1964,"Brown, L. N., 1964. Dynamics in an ecologically isolated population of the brush mouse. Journal of Mammalogy, 45: 436-442.",
100,Density,Damuth Ref: 77,Brown 1969,"Brown, J. H. & Lee, A. K., 1969. Bergmann’s Rule and climatic adaptation in woodrats. Eriolufion, 23: 329-338.",
101,Density,Damuth Ref: 79,Brown 1969,"Brown, L. E., 1969. Field experiments on the movements of Apodemus syluaticus L. using trapping and tracking techniques. Oecologia (Berlin), 2: 198-222.",
102,Density,Damuth Ref: 81,Brown 1970,"Brown, L. N., 1970. Population dynamics of the western jumping mouse (Zapus princeps) during a four- year study. Journal of Mammalogy, 51: 651-658.",
103,Density,Damuth Ref: 78,Brown 1972,"Brown, J. H. & Lieberman, G. A., 1972. Woodrats and cholla: dependence of a small mammal population on the density of cacti. Ecology, 53: 310-313.",
104,Density,Damuth Ref: 76,Brown 1973,"Brown, J. H., 1973. Species diversity of seed-eating desert rodents in sand dune habitats. Ecology, 54: 775-787.",
105,Density,Damuth Ref: 83,Bruckner 1957,"Bruckner, C. H., 1957. Population studies on small mammals of southeastern Manitoba. Journal of Mammalogy, 38: 87-97.",
106,Density,Damuth Ref: 82,Bruns 1977,"Bruns, E. H., 1977. Winter behavior of pronghorns in relation to habitat. Journal of Wildlife Management, 41: 560-571.",
107,Density,Damuth Ref: 736,Buckner 1969,"Buckner, C. H., 1969. Some aspects of the population ecology of the common shrew, Sorex araneus, near Oxford, England. Journal of Mammalogy, 50:326-332. ",
108,Density,Damuth Ref: 84,Buechner 1960,"Buechner, H. K., 1960.The bighorn sheep in the United States, its past, present, and future. Wildlife Monographs, 4: 1-174.",
109,Density,Damuth Ref: 85,Buechner 1961,"Buechner, H. K., 1961. Regulation of numbers of pronghorn antelope in relation to land use. La Terre et La Vie, 15: 266-285. ",
110,Density,Damuth Ref: 86,Buechner 1963,"Buechner, H. K., Buss, I. O., Longhurst, W. M., & Brooks, A. C., 1963. Numbers and migration of elephants in Murchison Falls National Park, Uganda. Journal of Wildlife Management, 27: 36-53. ",
111,Density,Damuth Ref: 88,Bunnell 1974,"Bunnell, S. D. & Johnson, D. R., 1974. Physical factors affecting pika density and dispersal. Journal of Mammalogy, 55: 866-869. ",
112,Density,Damuth Ref: 87,Bunnell 1975,"Bunnell, F. L., Maclean, S. F., Jr., & Brown, J., 1975. Barrow, Alaska. In T. Rosswall & O.W. Heal (Eds), Structure and Function of Tundra Ecosystems. Ecological Bulletin (Stockholm), 20: 73-124. ",
113,Density,Damuth Ref: 89,Burckhardt 1961,"Burckhardt, D., Kuster, A. & Schloeth, R., 1961. Recherches suisses sur les ongulks-gibier. La Terre et La Vie, 15: 101-109. ",
114,Density,Damuth Ref: 90,Burgis 1974,"Burgis, M. J., 1974. Revised estimates for the biomass and production of zooplankton in Lake George, Uganda. Freshwater Biology, 4: 535-541. ",
115,Density,Damuth Ref: 91,Burke 1974,"Burke, M. V. & Mann, K. H., 1974. Productivity and production: biomass ratios of bivalve and gastropod populations in an Eastern Canadian estuary. Journal of the Fisheries Research Board of Canada, 31: 167-177. ",
116,Density,Damuth Ref: 92,Burkey 1971,"Burkey, A.J., 1971.Biomass turnover, respiration and interpopulation variation in the stream limpet, Ferrissia riuularis (Say). Ecological Monographs, 41: 235-251. ",
117,Density,Damuth Ref: 93,Burt 1964,"Burt, W. M. & Grossenheider, R. P., 1964. A Field Guide to the Mammals, 2nd edition. Boston: Houghton Mifflin. ",
118,Density,Damuth Ref: 94,Burton 1975,"Burton, T. M. & Likens, G. E., 1975. Salamander populations and biomass in the Hubbard Brook Experimental Forest, New Hampshire. Copeia, 75: 541-546. ",
119,Density,Damuth Ref: 95,Buss 1966,"Buss, I. O. & Savidge, J. M., 1966. Change in population number and reproductive rate of elephants in Uganda. Journal of Wildlife Management, 30: 791-809. ",
120,Density,Damuth Ref: 96,Cabon-Raczynska 1974,"Cabon-Raczynska, K., 1974. Variability of the body weight of European hares. Acta Theriologica, 19: 69-80. ",
121,Density,Damuth Ref: 97,Calaby 1974,"Calaby, J. H. & Kieth, K., 1974. Mammals. In H. J. Frith & J. H. Calaby (Eds), Fauna Survey of the Port Essington District, Coburg Peninsula, Northern Territory of Australia. CSIRO Division of Wildlife Research Technical Paper, 28: 179-208.",
122,Density,Damuth Ref: 98,Camenzind 1978,"Camenzind, F. J., 1978. Behavioral ecology of coyotes on the National Elk Refuge, Jackson, Wyoming. In M. Bekoff (Ed.), Coyotes: Biology, Behavior, and Management: 267-294. New York: Academic Press.",
123,Density,Damuth Ref: 99,Carl 1971,"Carl, E. A., 1971. Population control in Arctic ground squirrels. Ecology, 52: 395-413. ",
124,Density,Damuth Ref: 100,Carroll 1977,"Carroll, B. K. & Brown, D. L., 1977. Factors affecting neonatal faun survival in south-central Texas. Journal of Wildlife Management, 41: 63-69. ",
125,Density,Damuth Ref: 101,Carstairs 1976,"Carstairs, J.L., 1976. Population dynamics and movements of Rattus uillosissimus (Waite) during the 1966-1969 plague at Brunette Downs, N.T. Australian Journal of Wildlife Research, 3: 1-9. ",
126,Density,Damuth Ref: 103,Caughley 1975,"Caughley, G. & Goddard, J., 1975. Abundance and distribution of elephants in the Luangwa Valley, Zambia. East African Wildlife Journal, 13: 39-48. ",
127,Density,Damuth Ref: 104,Caughley 1977,"Caughley, G., Sinclair, R. G. & Wilson, G. R., 1977. Numbers, distribution and harvesting rate of kangaroos on the inland plains of New South Wales. Australian Wildlife Research, 4: 99-108. ",
128,Density,Damuth Ref: 105,Chadwick 1976,"Chadwick, E. M. P., 1976. Ecological fish production in a small Precambrian shield lake. Environmental Biology of Fishes. 1: 13-60, ",
129,Density,Damuth Ref: 106,Chalmers 1968,"Chalmers, N. R., 1968. Group composition, ecology, and daily activities of free living mangabeys in Uganda. Folia Primatologica, 8: 247-262.",
130,Density,Damuth Ref: 107,Charles 1977,"Charles, W. N., McGowan, D. & East, K., 1977. Selection of upland swards by red deer (Cervus elaphus L.) on Rhum. Journal of Applied Ecology, 14: 55-64.",
131,Density,Damuth Ref: 111,Charles-Dominique 1971,"Charles-Dominique, P. & Hladik, C. M., 1971.Le Lepilemur du sud de Madagascar: écologie, alimentation et vie sociale. La Terre et La Vie, 25: 3-66.",
132,Density,Damuth Ref: 108,Charles-Dominique 1974,"Charles-Dominique, P., 1974. Vie sociale de Perodicticus potto (Primates, Lorisides). Étude de terrain en forêt équatoriale de l’ouest africain au Gabon. Mammalia, 38:355-379.",
133,Density,Damuth Ref: 109,Charles-Dominique 1977,"Charles-Dominique, P., 1977. Ecology and Behaviour of Nocturnal Primates: Prosimians of Equatorial West Africa. R. D. Martin (trans.). London: Duckworth.",
134,Density,Damuth Ref: 110,Charles-Dominique 1981,"Charles-Dominique, P., Aramentowicz, M., Charles-Dominique, M., Gerard, H., Hladik, A., Hladik, C. M. & Prevost, M. F., 1981. Les mammiferes frugivores arboricoles nocturnes d’une forêt Guyanaise: inter-relations plantes-animaux. La Terre et La Vie, 35: 341-435.",
135,Density,Damuth Ref: 112,Cheeseman 1979,"Cheeseman, C. L. & Delany, M.J., 1979.The population dynamics of small rodents in a tropical African grassland. Journal of Zoology (London), 188: 451-475.",
136,Density,Damuth Ref: 113,Chelkowska 1966,"Chelkowska, H. & Ryszkowski, L., 1966. Relationship between the size of the sampling area and the average time of residency and the abundance of Clethrionomys glareolus Schreb., Apodemus agrarius Pall., and Apodemus flavicollis (Melch.). Bulletin de l’Academie Polonaise des Sciences, série Biologique, 14: 117-121.",
137,Density,Damuth Ref: 114,Chew 1964,"Chew, R. M. & Butterworth, B. B., 1964. Ecology of rodents in Indian Cove (Mojave Desert), Joshua Tree National Monument, California. Journal of Mammalogy, 45: 203-225.",
138,Density,Damuth Ref: 115,Chew 1970,"Chew, R. M. & Chew, A. E., 1970. Energy relationships of the mammals of a desert shrub (Larrea tridentata) community. Ecological Monographs, 40: 1-21.",
139,Density,Damuth Ref: 116,Child 1974,"Child, G. S., 1974. An ecological survey of the Borgu Game Reserve, Nigeria. Kainji Lake Research Project, Technical Report, 4, (FAO, Rome): 1-130.",
140,Density,Damuth Ref: 117,Chivers 1974,"Chivers, D. J., 1974. The siamang in Malaya: afield study of a primate in a tropical forest. Contributions to Primatology, 5. Basel: Karger.",
141,Density,Damuth Ref: 118,Choate 1975,"Choate, J. R. & Fleharty, E. D., 1975. Synopsis of native, Recent mammals of Ellis County, Kansas. Museum of Texas Tech University, Occasional Papers, 37: 1-80.",
142,Density,Damuth Ref: 119,Christian 1979,"Christian, D. P., 1979. Comparative demography of three Namib Desert rodents: responses to the provision of supplementary water. Journal of Mammalogy, 60: 679-690.",
143,Density,Damuth Ref: 120,Christopher 1973,"Christopher, E. A., 1973. Sympatric relationships of the kangaroo rats, Dipodomys merriami and Dipodomys agilis. Journal of Mammalogy, 54: 317-326.",
144,Density,Damuth Ref: 122,Clark 1972,"Clark, F. W., 1972. Influence of jackrabbit density on coyote population change. Journal of Wildlife Management, 36: 343-356.",
145,Density,Damuth Ref: 121,Clark 1980,"Clark, D. B., 1980. Population ecology of an endemic neotropical island rodent: Oryzomys baueri of Santa Fe Island, Galapagos, Ecuador. Journal of Animal Ecology, 49: 185-198.",
146,Density,Damuth Ref: 123,Clutton-Brock 1977,"Clutton-Brock, T. H. & Harvey, P. H., 1977a. Primate ecology and social organization. Journal of Zoology (London), 183: 1-39. ",
147,Density,Damuth Ref: 124,Clutton-Brock 1977,"Clutton-Brock, T. H. & Harvey, P. H., 1977b. Species differences in feeding and ranging behaviour in primates. I n T.H. Clutton-Brock (Ed.), Primate Ecology: Studies of Feeding and Ranging Behaviour in Lemurs, Monkeys, and Apes: 557-584. London: Academic Press.",
148,Density,Damuth Ref: 125,Coe 1972,"Coe, M. J. & Foster, J. B., 1972. The mammals of the northern slopes of Mt. Kenya. Journal of the East African Natural History Society, 131: 1-18.",
149,Density,Damuth Ref: 126,Cole 1972,"Cole, L. R., 1972. A comparison of Malacomys longipes and Malacomys edwardsi (Rodentia: Muridae) from a single locality in Ghana. Journal of Mammalogy, 53: 616-619.",
150,Density,Damuth Ref: 127,Collett 1975,"Collett, S. F., Sanches Hernandez, C., Shum, K. A., Jr., Teska, W. R. & Baker, R. H., 1975. Algunas caracteristicas poblaciones demograficos de pequenos mamiferos en dos habitats Mexicanos. Anales del Instituto de Biologia, Universidad Nacional Autonoma de Mexico. Serie Zoologia, 46:101-124.",
151,Density,Damuth Ref: 128,Collins 1973,"Collins, L. R., 1973. Monotremes and Marsupials: a Reference for Zoological Institutions. Washington, D.C.: Smithsonian Institution Press.  ",
152,Density,Damuth Ref: 129,Congdon 1975,"Congdon, J. & Roest, A., 1975. Status of the endangered Morro Bay kangaroo rat. Journal of Mammalogy, 56: 679-683.",
153,Density,Damuth Ref: 130,Conley 1976,"Conley, W., 1976. Competition between Microtus: a behavioral hypothesis. Ecology, 57: 224-237. ",
154,Density,Damuth Ref: 131,Connell 1954,"Connell, J. H., 1954. Home range and mobility of brush rabbits in California chaparral. Journal of Mammalogy, 36: 392-405.",
155,Density,Damuth Ref: 132,Cook 1961,"Cook, R. S. & Hale, J. B., 1961. Deer on the Bad River Indian Reservation. Transactions of the North American Wildlife and Natural Resources Conference, 26: 448-459.",
156,Density,Damuth Ref: 133,Cooper 1965,"Cooper, W. E., 1965. Dynamics and production of a natural population of a freshwater amphipod, Hyallella azteca. Ecological Monographs, 35: 377-394.",
157,Density,Damuth Ref: 134,Corbett 1978,"Corbett, G. B., 1978. The Mammals of the Palearctic Region: a taxonomic review. London and Ithaca: British Museum (Natural History) and Cornell University Press.",
158,Density,Damuth Ref: 733,Cordero 1981,"Cordero, R. & Ojasti, J., 1981. Comparison of capybara populations of open and forested habitats. Journal of Wildlife Management, 45: 267-271. Husson, A. M., 1978. The Mammals of Suriname. Leiden: E. J. Brill. ",
159,Density,Damuth Ref: 135,Cowan 1972,"Cowan, I. M., 1972. The status and conservation of bears (Ursidae) of the world—1970. In S. Herrero (Ed.), Bears-Their Biology and management: 343-367. Morges, Switzerland: International Union for the Conservation of Nature.",
160,Density,Damuth Ref: 136,Crawley 1973,"Crawley, M. C., 1973.A live-trapping study of Australian brush-tailed possums, Trichosurus vulpecula (Kerr), in the Orongorongo Valley, Wellington, New Zealand. Australian Journal of Zoology, 21: 75-90.",
161,Density,Damuth Ref: 137,Crisp 1962,"Crisp, D. T., 1962. Estimates of the annual production of Corixa germari (Fieb.) in an upland reservoir. Archiv fur Hydrobiologie, 58: 210-223.",
162,Density,Damuth Ref: 138,Crisp 1974,"Crisp, D. T.,Mann, R. H. K. & McCormack, J. C., 1974.The populations of fish at Cow Green, Teesdale, before impoundment. Journal of Applied Ecology, 11: 969-996.",
163,Density,Damuth Ref: 139,Dagg 1976,"Dagg, A. I. & Foster, J. B., 1976. The Giraffe: Its Biology, Behavior, and Ecology. New York: Van Nostrand Reinhold.",
164,Density,Damuth Ref: 140,Daly 1974,"Daly, M. & Daly, S., 1974. Spatial distribution of a leaf-eating Saharan gerbil (Psammomys obesus) in relation to its food. Mammalia, 38: 591-603.",
165,Density,Damuth Ref: 141,Dasmann 1962,"Dasmann, R. F. & Mossman, A. S., 1962a. Population studies of impala in Southern Rhodesia. Journal of Mammalogy, 43: 375-395.",
166,Density,Damuth Ref: 142,Dasmann 1962,"Dasmann, R. F. & Mossman, A. S., 1962b. Abundance and population structure of wild ungulates in some areas of Southern Rhodesia. Journal of Wildlife Management, 26: 262-269.",
167,Density,Damuth Ref: 143,Davenport 1964,"Davenport, L. B., Jr., 1964. Structure of two Peromyscus polionotus populations in old-field ecosystems at the AEC Savannah River Plant. Journal of Mammalogy, 45: 95-113.",
168,Density,Damuth Ref: 144,David 1978,"David, J. H. M., 1978. Observations on social organization of springbok, Antidorcas marsupialis, in the Bontebok National Park, Swellendam. Zoologica Africana, 13: 115-122.",
169,Density,Damuth Ref: 145,Davidge 1978,"Davidge, C., 1978. Ecology of baboons (Papio ursinus) at Cape Point. Zoologica Africana, 13: 329-350. ",
170,Density,Damuth Ref: 146,Davis 1972,"Davis, R. M., 1972. Behaviour of the vlei rat, Otomys irroratus (Brandts, 1827). Zoologica Africana, 7: 119-140. ",
171,Density,Damuth Ref: 147,Defler 1979,"Defler, T. R., 1979. On the ecology and behavior of Cebus albfrons in eastern Colombia: I. Ecology. Primates, 20: 475-490. ",
172,Density,Damuth Ref: 151,Delany 1966,"Delany, M. J. & Neal, B. R., 1966. A review of the Muridae (OrderRodentia) of Uganda. Bulletin of the British Museum of Natural History (Zoology), 13: 297-395. ",
173,Density,Damuth Ref: 150,Delany 1972,"Delany, M. J., 1972. The ecology of small rodents in tropical Africa. Mammal Review, 2: 1-42. ",
174,Density,Damuth Ref: 152,Denny 1975,"Denny, M. J. S., 1975. Mammals of Sturt National Park, Tibooburra, New South Wales. Australian Zoologist, 18: 179-195. ",
175,Density,Damuth Ref: 148,Dieterlen 1967,"Dieterlen, F., 1967. Okologische Populationstudien an Muriden des Kivugebietes (Congo).Teil I. Zoologische  Jahrbucher, Abteilung fur Systematik, Okologie und Geographie der Tiere, 94: 369-426. ",
176,Density,Damuth Ref: 149,Dieterlen 1969,"Dieterlen, F., 1969. Dendromus kahuziensis (Dendromurinae; Cricetidae; Rodentia)-eine neue Art aus Zentralafrika. Zeitschrift fur Saugetierkunde, 34: 348-353.",
177,Density,Damuth Ref: 153,Dixon 1964,"Dixon, J. E. W., 1964. Preliminary notes on the mammal fauna of the Mkuzi Game Reserve. The Lammergeyer, 3: 40-58. ",
178,Density,Damuth Ref: 154,Dolbeer 1972,"Dolbeer, R. A., 1972. The snowshoe hare in the western United States: its status and potential as a game animal. Proceedings of the Annual Conference of the Western Association of State Game and Fish Commissioners, 52: 331-342. ",
179,Density,Damuth Ref: 155,Dolbeer 1973,"Dolbeer, R. A., 1973. Reproduction in the red squirrel (Tamiasciurus hudsonicus) in Colorado. Journal of Mammalogy, 54: 536-540. ",
180,Density,Damuth Ref: 156,Dolbeer 1975,"Dolbeer, R. A. & Clark, W. R., 1975. Population ecology of snowshoe hares in the central Rocky Mountains. Journal of Wildlife Management, 39: 535-549. ",
181,Density,Damuth Ref: 159,Dorst 1970,"Dorst, J. & Dandelot, P., 1970. Saugetiere Afrikas. Hamburg: Paul Parey. ",
182,Density,Damuth Ref: 157,Dorst 1971,"Dorst, J., 1971. Nouvelles recherches sur l’ecologie des rongeurs des hauts plateaux Peruviens. Mammalia, 35: 515-547. ",
183,Density,Damuth Ref: 158,Dorst 1972,"Dorst, J., 1972 .Morphologie de l’estomac et regime alimentaire de quelques rongeurs des hauts Andes du Perou. Mammalia, 36: 647-656. ",
184,Density,Damuth Ref: 160,Dowsett 1966,"Dowsett, R. J., 1966. Wet season game populations and biomass in the Ngoma area of the Kafue National Park. The Puku, 4: 135-145. ",
185,Density,Damuth Ref: 161,Dub 1971,"Dub, M., 1971. Movements of Microtus arualis Pall. and a method of estimating its numbers. Zoologice Listy, 20: 1-14. ",
186,Density,Damuth Ref: 162,Dubost 1978,"Dubost, G., 1978. Un apercu sur l’ecologie du chevrotain africain Hyemoschus aquaticus Ogilby, Artiodactyle Tragulide. Mammalia, 42: 1-62.",
187,Density,Damuth Ref: 163,Duke 1975,"Duke, K. M. & Crossley, D. A., Jr., 1975. Population energetics and ecology of the rock grasshopper, Trimerotopsis saxatalis. Ecology, 56: 1106-1117. ",
188,Density,Damuth Ref: 165,Dunbar 1974,"Dunbar, R. I. M. & Dunbar, E. P., 1974. Ecological relations and niche separation between sympatric terrestrial primates in Ethiopia. Folia Primatologica, 21: 36-60. ",
189,Density,Damuth Ref: 166,Dunbar 1975,"Dunbar, R. I. M. & Dunbar, E. P., 1975. Guereza monkeys: will they become extinct in Ethiopia? Walia, 6: 14-15. ",
190,Density,Damuth Ref: 164,Dunbar 1978,"Dunbar, R. I. M., 1978. Competition and niche separation in a high altitude herbivore community in Ethiopia. East African Wildlife Journal, 16: 183-199. ",
191,Density,Damuth Ref: 167,Dunnett 1956,"Dunnett, G. M., 1956a. A population study of the quokka, Setonix brachyurus Quoy & Gaimard (Marsupialia). CSIRO Wildlife Research, 1: 73-78. ",
192,Density,Damuth Ref: 168,Dunnett 1956,"Dunnett, G. M., 1956b. A live-trapping study of the brush-tailed possum Trichosurus vulpecula Kerr (Marsupialia). CSIRO Wildlife-Research, 1: 1-18. ",
193,Density,Damuth Ref: 169,Dunnett 1964,"Dunnett, G. M., 1964. A field study of local populations of the brush-tailed possum Trichosurus vulpecula in eastern Australia. Proceedings of the Zoological Society of London, 142: 665-695. ",
194,Density,Damuth Ref: 170,Dunsmore 1974,"Dunsmore, J. D., 1974. The rabbit in subalpine southeastern Australia. I. Population structure and productivity. Australian Wildlife Research, 1: 1-16.",
195,Density,Damuth Ref: 171,Duplessis 1972,"Duplessis, S. S., 1972. Ecology of blesbok with special reference to productivity. Wildlife Monographs, 30: 1-70.",
196,Density,Damuth Ref: 172,Dupuy 1977,"Dupuy, A. R. & Verschuren, J., 1977. Wildlife and parks in Senegal. Oryx, 14: 3-6.",
197,Density,Damuth Ref: 173,Dwyer 1978,"Dwyer, P. D., 1978. A study of Rattus exulans (Peale) (Rodentia: Muridae) in the New Guinea highlands. Australian Wildlife Research, 5: 221-248.",
198,Density,Damuth Ref: 174,Ealey 1964,"Ealey, E.-H.-M., 1964. L’euro, ou kangourou des collines, Macropus robustus, dans le nord-ouest d’Australie. La Terre et La Vie, 19: 3-19.",
199,Density,Damuth Ref: 175,Ealey 1967,"Ealey, E. H. M., 1967. Ecology of the euro, Macropus robustus (Gould), in north-western Australia. I. The environment and changes in euro and sheep populations. CSIRO Wildlife Research, 12: 9-25.",
200,Density,Damuth Ref: 176,Eaton 1974,"Eaton, R. L., 1974. The Cheetah: The Biology, Ecology, and Behavior of an Endangered Species. New York: Van Nostrand Reinhold.",
201,Density,Damuth Ref: 177,Eaton 1978,"Eaton, R. L., 1978. The conservation of the leopard in Africa: towards an authentic philosophy of conservation. Carnivore, 1: 82-150.",
202,Density,Damuth Ref: 178,Eckblad 1973,"Eckblad, J. W., 1973. Population studies of three aquatic gastropods in an intermittent backwater. Hydrobiologia, 41: 199-219.",
203,Density,Damuth Ref: 179,Edroma 1975,"Edroma, E. L., 1975. Wildlife count in Uganda National Park. Oryx, 13: 176-178.",
204,Density,Damuth Ref: 180,Edwards 1942,"Edwards, O.T., 1942. Survey of winter deer range, Malheur National Forest, Oregon. Journal of Wildlife Management, 6: 210-220.  ",
205,Density,Damuth Ref: 185,Eisenberg 1973,"Eisenberg, J. F. & Thorington, R. W., 1973.A preliminary analysis of a neotropical mammal fauna. Biotropica, 5: 150-161.",
206,Density,Damuth Ref: 184,Eisenberg 1976,"Eisenberg, J. F. & Seidensticker, J., 1976. Ungulates in southern Asia: a consideration of biomass estimates for selected habitats. Biological Conservation, 10: 293-308. ",
207,Density,Damuth Ref: 181,Eisenberg 1979,"Eisenberg, J. F., 1979. Habitat, economy, and society: some correlations and hypotheses for the neotropical primates. In I. S. Bernstein & E. O. Smith (Eds), Primate Ecology and Human Origins: Ecological Influences on Social Organization: 216-262. New York: Garland STPM Press. ",
208,Density,Damuth Ref: 183,Eisenberg 1979,"Eisenberg, J. F., O’Connell, M. A. & August, P. V., 1979. Density, productivity, and distribution of mammals in two Venezuelan habitats. In J. F. Eisenberg (Ed.), Vertebrate Ecology in the Northern Neotropics: 187-207. Washington, D.C.: Smithsonian Institution Press. ",
209,Density,Damuth Ref: 182,Eisenberg 1981,"Eisenberg, J. F., 1981. The Mammalian Radiations: An Analysis of Trends in Evolution, Adaptation, and Behavior. Chicago: University of Chicago Press. ",
210,Density,Damuth Ref: 186,Eisentraut 1970,"Eisentraut, M., 1970. Die Verbreitung der Muriden-Gattung Praomys auf Fernando Po und West-Kamerun. Zeitschrift fur Saugetierkunde, 35: 1-15. ",
211,Density,Damuth Ref: 187,Eley 1970,"Eley, T. J., Jr., 1970. Stomach contents, weights, and volumes of Cape hare. East African Wildlife Journal, 8: 202. ",
212,Density,Damuth Ref: 188,Elliott 1973,"Elliott, J. M., 1973. The life cycle and production of the leech Erpobdella octoculata (L.) (Hirudinea: Erpobdellidae) in a lake district stream. Journal of Anima1 Ecology, 42: 435-448. ",
213,Density,Damuth Ref: 189,Elliott 1978,"Elliott, J. P. & Cowan, I. M., 1978. Territoriality, density, and prey of the lion in Ngorogoro Crater, Tanzania. Canadian Journal of Zoology, 56: 1726-1734. ",
214,Density,Damuth Ref: 190,Ellisor 1969,"Ellisor, J. E., 1969. Mobility of white-tailed deer in South Texas. Journal of Wildlife Management, 33: 220-222. ",
215,Density,Damuth Ref: 191,Ellisor Harwell 1969,"Ellisor, J. E. & Harwell, W. F., 1969. Mobility and home range of collared peccary in southern Texas. Journal of Wildlife Management, 33: 425-427. ",
216,Density,Damuth Ref: 195,Eltringham 1973,"Eltringham, S. K. & Woodford, M. H., 1973.The numbers and distribution of buffalo in the Rwenzori National Park, Uganda. East African Wildlife Journal, 11: 151-164. ",
217,Density,Damuth Ref: 192,Eltringham 1974,"Eltringham, S. K., 1974. Changes in the large mammal community of Mweya Peninsula, Rwenzori National Park, Uganda, following removal of hippopotamus. Journal of Applied Ecology, 11: 855-865. ",
218,Density,Damuth Ref: 193,Eltringham 1977,"Eltringham, S. K., 1977. The number and distribution of elephant Loxodonta africana in the Rwenzori National Park and Chambura Game Reserve, Uganda. East African Wildlife Journal, 15: 19-39. ",
219,Density,Damuth Ref: 194,Eltringham Din 1977,"Eltringham, S. K. & Din, N. A., 1977. Estimates of the population size of some ungulate species in the Rwenzori National Park, Uganda. East African Wildlife Journal, 15: 305-316. ",
220,Density,Damuth Ref: 196,Erickson 1964,"Erickson, A. W. & Petrides, G. A., 1964. Population structure, movements, and mortality of tagged black bears in Michigan. Michigan State University Research Bulletin, 4: 46-67. ",
221,Density,Damuth Ref: 197,Erlinge 1974,"Erlinge, S., 1974. Distribution, territoriality and numbers of the weasel Mustela nivalis in relation to prey abundance. Oikos, 25: 308-314. ",
222,Density,Damuth Ref: 198,Esser 1979,"Esser, J. D. & Van Lavieren, L. P., 1979. Importance, répartition, et tendance évolutive des populations de grands herbivores et de l’autruche dans le Parc National de Waza, Cameroun. La Terre et La Vie, 33: 3-26. ",
223,Density,Damuth Ref: 200,Evans 1951,"Evans, F. C., 1951.Notes on a population of the striped ground squirrel (Citellus tridecemlineatus) in an abandoned field in Michigan. Journal of Mammalogy, 32: 437-449. ",
224,Density,Damuth Ref: 199,Evans 1966,"Evans, C. D., Troyer, W. A. & Lensink, C. J., 1966. Aerial census of moose by quadrat sampling units. Journal of Wildlife Management, 30: 767-776. ",
225,Density,Damuth Ref: 201,Everard 1973,"Everard, C. 0.R. & Tikasingh, E. S., 1973.Ecology of the rodents Proechimys guyannensis trinitatis and Oryzomys capito velutinus on Trinidad. Journal of Mammalogy, 54: 875-886. ",
226,Density,Damuth Ref: 202,Ewer 1973,"Ewer, R. F., 1973. The Carnivores. Ithaca, New York: Cornell University Press. ",
227,Density,Damuth Ref: 203,Fairbairn 1977,"Fairbairn, D. J., 1977. The spring decline in deer mice: death or dispersal? Canadian Journal of Zoology, 55: 84-92.",
228,Density,Damuth Ref: 204,Feely 1960,"Feely, J. M. & Player, I. C., 1960. A preliminary report on the square-lipped rhinoceros Ceratotherium simum simum. The Lammergeyer, 1: 3-24.",
229,Density,Damuth Ref: 205,Feist 1975,"Feist, D. D., 1975. Population studies of lemmings in the coastal tundra of Prudhoe Bay, Alaska. In J. Brown (Ed.), Ecological Investigations of the Tundra Biome in the Prudhoe Bay Region, Alaska. Biological Papers of the University of Alaska, Special Report, 2: 135-143. Fairbanks, Alaska. ",
230,Density,Damuth Ref: 206,Ferns 1977,"Ferns, P. N., 1977. Muskox abundance in the southern part of the range in east Greenland. Arctic, 30: 52-60.",
231,Density,Damuth Ref: 208,Field 1970,"Field, C. R. & Laws, R. M., 1970. The distribution of the larger herbivores in the Queen Elizabeth National Park, Uganda. Journal of Applied Ecology, 7: 273-294.",
232,Density,Damuth Ref: 207,Field 1971,"Field, C. R., 1971. Elephant ecology in the Queen Elizabeth National Park, Uganda. East African Wildlife Journal, 9: 99-123.",
233,Density,Damuth Ref: 209,Fitch 1947,"Fitch, H. S., 1947. Ecology of a cottontail rabbit (Sylvilagus auduboni) population in central California. California Fish and Game, 33: 159-184.",
234,Density,Damuth Ref: 210,Fitzgerald 1977,"Fitzgerald, B. M., 1977. Weasel predation on a cyclic population of the montane vole (Microtus montanus) in California. Journal of Animal Ecology, 46: 367-397.",
235,Density,Damuth Ref: 211,Fleharty 1973,"Fleharty, E. D. & Choate, J. R., 1973. Bioenergetic strategies of the cotton rat, Sigmodon hispidus. Journal of Mammalogy, 54: 680-692.",
236,Density,Damuth Ref: 212,Fleming 1970,"Fleming, T. H., 1970. Notes on the rodent faunas of two Panamanian forests. Journal of Mammalogy, 51: 473-490.",
237,Density,Damuth Ref: 213,Fleming 1971,"Fleming, T. H., 1971. Population ecology of three species of neotropical rodents. Museum of Zoology of the University of Michigan, Miscellaneous Publications, 143: 1-77.",
238,Density,Damuth Ref: 214,Fleming 1972,"Fleming, T. H., 1972. Aspects of the population dynamics of three species of opossums in the Panama Canal Zone. Journal of Mammalogy, 53: 619-623.",
239,Density,Damuth Ref: 215,Fleming 1974,"Fleming, T. H., 1974. The population ecology of two species of Costa Rican heteromyid rodents. Ecology, 55: 493-5 10.",
240,Density,Damuth Ref: 216,Flinders 1973,"Flinders, J. T. & Hansen, R. M., 1973. Abundance and dispersion of leporids within a shortgrass ecosystem. Journal of Mammalogy, 54: 287-291.",
241,Density,Damuth Ref: 217,Flowerdew 1972,"Flowerdew, J. R., 1972. The effect of supplementary food on a population of wood mice (Apodemus sylvaticus). Journal of Animal Ecology, 41: 553-566.",
242,Density,Damuth Ref: 218,Floyd 1979,"Floyd, T. J., Mech, L. D. & Nelson, M. E., 1979. An improved method of censuring deer in deciduous-coniferous forests. Journal of Wildlife Management, 43: 258-261.",
243,Density,Damuth Ref: 219,Flux 1970,"Flux, J. E. C., 1970. Life history of the mountain hare (Lepus timidus scoticus) in north-east Scotland. Journal of Zoology (London), 161: 75-123.",
244,Density,Damuth Ref: 220,Flyger 1960,"Flyger, V. F., 1960. Movements and home range of the gray squirrel Sciurus carolinensis, in two Maryland woodlots. Ecology, 41: 365-369.",
245,Density,Damuth Ref: 221,Formozov 1961,"Formozov, A. N. & Kodachova, K. S., 1961. Les rongeurs vivant en colonies dans la steppe Eurasienne et leur influence sur les sols et la végétation. La Terre et La Vie, 15: 116-129.",
246,Density,Damuth Ref: 222,Foster 1966,"Foster, J. B., 1966. The giraffe of Nairobi National Park: home range, sex ratios, the herd, and food. East African Wildlqe Journal, 4: 139-148.",
247,Density,Damuth Ref: 223,Foster 1967,"Foster, J. B. & Kearney, D., 1967. Nairobi National Park game census, 1966. East African Wildlife Journal, 5: 112-120.",
248,Density,Damuth Ref: 224,Foster 1968,"Foster, J. B. & Mclaughlin, R., 1968. Nairobi National Park game census, 1967. East African Wildlife Journal, 6: 152-154.",
249,Density,Damuth Ref: 225,Franklin 1975,"Franklin, W. L., 1975. Guanacos in Peru. Oryx, 13: 191-202.",
250,Density,Damuth Ref: 226,Franzmann 1978,"Franzmann, A. W., Leresche, R. E., Rausch, R. A. & Oldemeyer,J. L., 1978. Alaskan moose measurements and weights and measurement-weight relationships. Canadian Journal of Zoology, 56: 298-306.",
251,Density,Damuth Ref: 227,Freddy 1975,"Freddy, D.J. & Erickson, A. W., 1975. Status of the Selkirk Mountain caribou. In J. R. Luirk, P. C. Lent, D. R. Klein & R. G. White (Eds), Proceedings of the First International Reindeer and Caribou symposium. Biological papers of the University of Alaska, Special Report, 1: 22 1-227. Fairbanks, Alaska.",
252,Density,Damuth Ref: 228,Freeman 1971,"Freeman, M. M. R., 1971. Population characteristics of muskoxen in the Jones Sound region of the Northwest Territories. Journal of Wildlife Management, 35: 103-108.",
253,Density,Damuth Ref: 229,French 1974,"French, N. R. & Grant, W. E., 1974. Summary report of small mammal project grid live-trapping data. US|IBP Grassland Biome Technical Report, 258: 1-27. Fort Collins, Colorado: Colorado State University.",
254,Density,Damuth Ref: 728,French 1979,"French, N. R., Steinhorst, R. K. & Swift, D. M., 1979. Grassand biomass trophic pyramids. In N. R. French (Ed.), Perspectives in Grassland Ecology: Results and Applications of the US|IBP Grassland Biome Study. Ecological Studies, 32: 59-87. New York: Springer-Verlag.",
255,Density,Damuth Ref: 730,"French, N. R., communication in lit.  ","French, N. R., communication in lit. ",
256,Density,Damuth Ref: 230,Fritts 1981,"Fritts, S. H. & Mech, L. D., 1981. Dynamics, movements, and feeding ecology of a newly protected wolf population in northwestern Minnesota. Wildlife Monographs, 80: 1-79.",
257,Density,Damuth Ref: 231,Fritzell 1978,"Fritzell, E. K., 1978. Aspects of raccoon (Procyon lotor) social organization. Canadian Journal of <oology,",
258,Density,Damuth Ref: 233,Fulk 1975,"Fulk, G. W., 1975. Population ecology of rodents in the semiarid shrublands of Chile. Museum of Texas Tech University, Occasional Papers, 33: 1-40.",
259,Density,Damuth Ref: 232,Fulk 1980,"Fulk, G. W. & Khokhar, A. R., 1980. Observations on the natural history of a pika (Ocholona rufescens) from Pakistan. Mammalia, 44: 51-58.",
260,Density,Damuth Ref: 235,Fuller 1950,"Fuller, W. A., 1950. Aerial census of northern bison in Wood Buffalo Park and vicinity. Journal of Wildlife Management, 14: 445-451.",
261,Density,Damuth Ref: 236,Fuller 1961,"Fuller, W. A., 1961. The ecology and management of the American bison. La Terre et La Vie, 25: 286-304.",
262,Density,Damuth Ref: 237,Fuller 1977,"Fuller, W. A., Martell, A. M., Smith, R. F. C. & Speller, S. W., 1977. Biology and secondary production of Dicrostonyx groenlandicus on Truelove Lowland. In L. C. Bliss (Ed.), Truelove Lowland, Devon Island, Canada: A High Arctic Ecosystem: 437-459. Edmonton: University of Alberta Press.",
263,Density,Damuth Ref: 234,Fuller 1980,"Fuller, T. K. & Keith, L. B., 1980. Wolf population dynamics and prey relationships in northeastern Alberta. Journal of Wildlife Management, 44: 583-602.",
264,Density,Damuth Ref: 740,Funmilayo 1977,"Funmilayo, O., 1977. Distribution and abundance of moles (Talpa europea L.) in relation to physical habitat and food supply. Oecologia (Berlin), 30: 277-283. ",
265,Density,Damuth Ref: 238,Gaare 1975,"Gaare, E. & Skogland,T., 1975.Wild reindeer food habits and range use at Hardangervidda. In F. E. Wiegolaski (Ed.), Fennoscandian Tundra Ecosystems. Part 2. Animals and Systems Analysis. Ecological Studies, 17: 15-215. Berlin: Springer Verlag.",
266,Density,Damuth Ref: 239,Gaines 1977,"Gaines, M. S., Rose, R. K. & McClenaghan, L. R., Jr., 1977. The demography of Synaptomys cooperi populations in eastern Kansas. Canadian Journal of Zoology, 55: 1584-1594.",
267,Density,Damuth Ref: 240,Galat 1976,"Galat, G. & Galat-Luong, A., 1976. La colonisation de la mangrove par Cercopithecus aethiops sabaeus au Sénégal. La Terre et La Vie, 30: 3-30.",
268,Density,Damuth Ref: 241,Gashwiler 1959,"Gashwiler, J. S., 1959. Small mammal study in west-central Oregon. Journal of Mammalogy, 40: 128-139.",
269,Density,Damuth Ref: 242,Gautier-Hion 1971,"Gautier-Hion, A., 1971. L‘écologie du talapoin du Gabon. La Terre et La Vie, 25: 427-490. ",
270,Density,Damuth Ref: 243,Gautier-Hion 1974,"Gautier-Hion, A. & Gautier, J.-P., 1974. Les associations polyspécifiques de cercopitheques du Plateau de M’parsa (Gabon). Folia Primatologica, 21: 134-177. ",
271,Density,Damuth Ref: 244,Gebczynska 1970,"Gebczynska, Z., 1970. Bioenergetics of a root vole population. Acta Theriologica, 15: 33-66. ",
272,Density,Damuth Ref: 245,Geerling 1971,"Geerling, C. & Bokdam, J., 1971. The Senegal kob, Adenota kob kob (Erxleben),in the Comoe National Park, Ivory Coast. Mammalia, 35: 17-24. ",
273,Density,Damuth Ref: 246,Geist 1971,"Geist, V., 1971. Mountain Sheep: A Study in Behavior and Evolution. Chicago: University of Chicago Press. ",
274,Density,Damuth Ref: 247,Genelly 1965,"Genelly, R. E., 1965. Ecology of the common mole-rat (Cyptomys hottentotus) in Rhodesia. Journal of Mammalogy, 46: 647-665. ",
275,Density,Damuth Ref: 248,Gerking 1962,"Gerking, S. D., 1962. Production and food utilization in a population of bluegill sunfish. Ecological Monographs, 32: 31-78. ",
276,Density,Damuth Ref: 249,Getz 1960,"Getz, L., 1960. A population study of the vole, Microtus pennsylvanicus. American Midland Naturalist, 64: 392-405.  ",
277,Density,Damuth Ref: 250,Giani 1973,"Giani, N. & Laville, H., 1973. Cycle biologique et production de Sialis lutaria L. (Megaloptera) dans le lac de Port-Biell (Pyrénées Centrales). Annales de Limnologie, 9; 45-61. ",
278,Density,Damuth Ref: 251,Gillespie 1969,"Gillespie, D. M., 1969. Population studies of four species of molluscs in the Madison River, Yellowstone National Park. Limnology and Oceanography, 14: 101-114. ",
279,Density,Damuth Ref: 252,Gipson 1978,"Gipson, P. S., 1978. Coyotes and related Canis in the southeastern United States with a comment on Mexican and Central American Canis. In M. Bekoff (Ed.), Coyotes: Biology, Behavior, and Management: 191-208. New York: Academic Press. ",
280,Density,Damuth Ref: 253,Gliwicz 1973,"Gliwicz, J., 1973. A short characteristic of a population of Proechimys semispinosus (Tomes, 1860)—a rodent species of the tropical rain forest. Bulletin de l’Academie Polonaise des Sciences, série Biologique, 21: 413-418. ",
281,Density,Damuth Ref: 254,Glover 1963,"Glover,J., 1963. The elephant problem at Tsavo. East African Wildlife Journal, 1: 30-39. ",
282,Density,Damuth Ref: 255,Goddard 1967,"Goddard, J., 1967. Home range, behaviour, and recruitment rates of two black rhinoceros populations. East African Wildlife Journal, 5: 133-150. ",
283,Density,Damuth Ref: 256,Goddard 1969,"Goddard, J., 1969. Aerial census of black rhinoceros using stratified random sampling. East African Wildlife Journal, 7: 105-114. ",
284,Density,Damuth Ref: 257,Golley 1960,"Golley, F. B., 1960. Energy dynamics of a food chain in an old-field community. Ecological Monographs, 30: 187-206. ",
285,Density,Damuth Ref: 258,Golley 1964,"Golley, F. B. & Gentry, J. B., 1964. Bioenergetics of the southern harvester ant Pogonomyrmex badius. Ecology, 45: 217-225. ",
286,Density,Damuth Ref: 259,Graham 1966,"Graham, A., 1966. East African Wildlife Society cheetah survey: extracts from the report by Wildlife Services. East African Wildlife Journal, 4: 50-55. ",
287,Density,Damuth Ref: 260,Greegor 1975,"Greegor, D. H., Jr., 1975. Renal capabilities of an Argentine desert armadillo. Journal of Mammalogy, 56: 626-632. ",
288,Density,Damuth Ref: 261,Green 1979,"Green, A. A., 1979. Density estimate of the larger mammals of Arli National Park, Upper Volta. Mammalia, 43: 59-70. ",
289,Density,Damuth Ref: 262,Grenot 1973,"Grenot, C. & Vernet, R., 1973. Sur une population d’Uromastix acanthinurus Bell isolée au milieu du Grand Erg Occidental (Sahara algérien). Comptes Rendus de l’Académie des Sciences, Paris, Série D, 276: 1349-1352.",
290,Density,Damuth Ref: 263,Griffing 1974,"Griffing, J. P., 1974. Body measurements of black-tailed jackrabbits of southeastern New Mexico with implications of Allen’s Rule. Journal of Mammalogy, 55: 674-678.",
291,Density,Damuth Ref: 264,Griffiths 1973,"Griffiths, D., 1973. The structure of an acid moorland pond community. Journal of Animal Ecology, 42: 263-283.",
292,Density,Damuth Ref: 265,Grimsdell 1979,"Grimsdell, J. J. R., 1979. Changes in populations of resident ungulates. In A. R. E. Sinclair & M. Norton-Griffiths (Eds), Serengeti: Dynamics of an Ecosystem. Chicago: University of Chicago Press.",
293,Density,Damuth Ref: 266,Gross 1974,"Gross, J. E., Stoddart, L. C. & Wagner, F. H., 1974. Demographic analysis of a northern Utah jackrabbit population. Wildlife Monographs, 40: 1-68.",
294,Density,Damuth Ref: 267,Guggisberg 1975,"Guggisberg, C. A. W., 1975. Wild Cats of the World. London: David and Charles. ",
295,Density,Damuth Ref: 268,Guiler 1971,"Guiler, E. R., 1971. Food of the potoroo (Marsupialia, Macropodidaej. Journal of Mammalogy, 52: 232. ",
296,Density,Damuth Ref: 269,Guillotin 1982,"Guillotin, M., 1982. Place de Proechimys cuvieri (Rodentia, Echimyidae) dans les peuplements micromammaliens terrestres de la forêt guyanaise. Mammalia, 46: 299-318. ",
297,Density,Damuth Ref: 270,Gurnell 1978,"Gurnell, J., 1978. Seasonal changes in numbers and male behavioural interaction in a population of wood mice, Apodemus sylvaticus. Journal of Animal Ecology, 47: 741-755.",
298,Density,Damuth Ref: 272,Hagen 1975,"Hagen, A., Bstbye, E. & Skar, H.-J., 1975. Energy budget of a population of the root vole [Microtus oeconomus (Pall.)] in a high mountain habitat, Hardangervidda. In F. E. Wiegolaski (Ed.), Fennoscandian Tundra Ecosystems. Part 2. Animals and Systems Analysis. Ecological Studies, 17: 170-173. Berlin: Springer Verlag.",
299,Density,Damuth Ref: 271,Hailey 1966,"Hailey, T. L., Thomas, J. W. & Robinson, R. M., 1966. Pronghorn die-off in Trans-Pecos Texas. Journal of Wildlife Management, 30: 488-496. ",
300,Density,Damuth Ref: 273,Hall 1965,"Hall, K. R. L. & Gartlan, J. S., 1965. Ecology and behaviour of the vervet monkey, Cercopithecus aethiops, Lolui Island, Lake Victoria. Proceedings of the zoological Society of London, 145: 37-56.",
301,Density,Damuth Ref: 275,Halloran 1943,"Halloran, H. F., 1943. Management of deer and cattle on the Arkansas National Wildlife Refuge, Texas. Journal of Wildlife Management, 7: 203-216. ",
302,Density,Damuth Ref: 274,Halloran 1957,"Halloran, A. F., 1957. Live and dressed weights of American bison. Journal of Mammalogy, 38: 139. ",
303,Density,Damuth Ref: 276,Haltenorth 1977,"Haltenorth, T. & Diller, H., 1977. Saugetiere Afrikas und Madagaskars. Munich: BLV Verlagsgesellschaft. ",
304,Density,Damuth Ref: 277,Hanney 1964,"Hanney, P., 1964. The harsh-furred rat in Nyasaland. Journal of Mammalogy, 45: 345-358. ",
305,Density,Damuth Ref: 278,Hansen 1961,"Hansen, R. M. & Remmenga, E. E., 1961. Nearest neighbor concept applied to pocket gopher populations. Ecology, 42: 812-814. ",
306,Density,Damuth Ref: 279,Hanson 1955,"Hanson, W. R. & Mcculloch, C. Y., 1955. Factors influencing mule deer on Arizona brushlands. Transactions of the North American Wildlife Conference, 20: 568-588. ",
307,Density,Damuth Ref: 280,Hansson 1971,"Hansson, L., 1971. Estimates of the productivity of small mammals in a south Swedish spruce plantation. Annales Zoologici Fennici, 8: 118-126. ",
308,Density,Damuth Ref: 281,Hansson 1975,"Hansson, L., 1975. Comparison between small mammal sampling with small and large removal quadrats. Oikos. 26: 398-404",
309,Density,Damuth Ref: 282,Happold 1974,"Happold, D. C. D., 1974. The small rodents of the forest-savanna-farmland association near Ibadan, Nigeria, with observations on reproduction biology. Revue de Zoologie et de Botanique Africain, 88: 814-836.",
310,Density,Damuth Ref: 283,Happold 1975,"Happold, D. C. D., 1975. The effects of climate and vegetation on the distribution of small rodents in western Nigeria. Zeitschrift fur Saugetierkunde, 40: 221-242.",
311,Density,Damuth Ref: 284,Happold 1977,"Happold, D. C. D., 1977. A population study on small rodents in the tropical rainforest of Nigeria. La Terre et La Vie, 31: 385-458.",
312,Density,Damuth Ref: 285,Harding 1976,"Harding, R. S. O., 1976. Ranging patterns of a troop of baboons (Papio anubis) in Kenya. Folia Primatologica, 25: 143-185.",
313,Density,Damuth Ref: 286,Harland 1979,"Harland, R. M., Blancher, P. J. & Millar, J. S., 1979. Demography of a population of Peromyscus leucopus. Canadian Journal of Zoology, 57: 323-328.",
314,Density,Damuth Ref: 287,Harrison 1969,"Harrison, J. L., 1969. The abundance and population density of mammals in Malayan lowland forests. Malayan Nature Journal, 22: 174-178.",
315,Density,Damuth Ref: 288,Haukioja 1975,"Haukioja, E. & Koponen, S., 1975. Birch herbivores and herbivory at Kevo. In F. E. Wiegolaski (Ed), Fennoscandian Tundra Ecosystems. Part 2. Animals and Systems Analysis. Ecological Studies, 17: 181-194. Berlin: Springer Verlag.",
316,Density,Damuth Ref: 289,Hayden 1966,"Hayden, P., 1966. Seasonal occurrence of jackrabbits on Jackass Flat, Nevada. Journal of Wildlife Management, 30: 835-838.",
317,Density,Damuth Ref: 290,Heim De Balsac 1965,"Heim De Balsac, H. & Aellen, V., 1965. Les Muridae de basse Cote-d’Ivoire. Revue Suisse de  Zoologie, 72: 695-753.",
318,Density,Damuth Ref: 291,Helm 1975,"Helm, J. D., 1975. Reproductive biology of Ototylomys (Cricetidae). Journal of Mammalogy, 56: 575-590. ",
319,Density,Damuth Ref: 292,Hemming 1975,"Hemming, J. E., 1975. Population growth and movement patterns of the Nelchina caribou herd. In J. R. Luick, P. C. Lent, D. R. Klein & R. G. White (Eds), Proceedings of the First International Reindeer and Caribou Symposium. Biological Papers of the University of Alaska, Special Report, 1: 162-169. Fairbanks, Alaska ",
320,Density,Damuth Ref: 293,Hendrichs 1970,"Hendrichs, H., 1970. Schatzungen der Huftierbiomasse in der Dornbuschsavanne nordlich und westlich der Serengetisteppe in Ostafrika nach einem neuen Verfahren und Bemerkungen zur Biomasse der anderen pflanzenfressenden Tierarten. Saugetierkundliche Mitteilungen, 18: 237-255. ",
321,Density,Damuth Ref: 294,Hendrichs 1975,"Hendrichs, H., 1975. The status of the tiger Panthera tigris (Linné 1758) in the Sundarbans mangrove forest (Bay of Bengal). Saugetierkundliche Mitteilungen, 23: 161-199. ",
322,Density,Damuth Ref: 295,Herbert 1972,"Herbert, H. J., 1972. The population dynamics of the waterbuck Kobus ellipsiprymnus (Ogilby, 1833) in the Sabi-Sand Wildtuin. Mammalia Depicta. Hamburg: Paul Parey. ",
323,Density,Damuth Ref: 296,Hinds 1973,"Hinds, D. S., 1973. Acclimatization of thermoregulation in the desert cottontail, Sylvilagus audubonii. Journal of Mammalogy, 54: 709-728. ",
324,Density,Damuth Ref: 297,Hinton 1971,"Hinton, J. M., 1971. Energy flow in a natural population of Neophilaenus lineatus (Homoptera). Oikos, 22: 155-171. ",
325,Density,Damuth Ref: 298,Hirst 1975,"Hirst, S. M., 1975. Ungulate-habitat relationships in a South African woodland/savanna erosystem. Wildlfe Monographs, 44: 1-60,",
326,Density,Damuth Ref: 299,Hitchins 1966,"Hitchins, P. M., 1966. Body weights and dressed carcass yields ofimpala and wildebeest in Hluhluwe Game Reserve. The Lammergeyer, 6: 20-23.",
327,Density,Damuth Ref: 300,Hitchins 1968a,"Hitchins, P. M., 1968a. Some preliminary findings on the population structure and status of the black rhinceros Diceros bicornis in the Hluhluwe Game Reserve, Zululand. The Lammergeyer, 9: 26-28.",
328,Density,Damuth Ref: 301,Hitchins 1968b,"Hitchins, P. M., 1968b. Liveweights of some mammals from Hluhluwe Game Reserve, Zululand. The Lammergeyer, 9: 42.",
329,Density,Damuth Ref: 302,Holcik 1972,"Holcik, J., 1972. Abundance, ichthyomass and production of fish populations in three types of water- bodies in Czechoslovakia (man-made lake, trout lake, arm of the Danube River). In Z. Kajak & A. Hillbricht-Ilkowska (Eds), Productivity Problems of Freshwaters: 843-855. Warsaw: Polish Scientific Publishers.",
330,Density,Damuth Ref: 303,Holloway 1973,"Holloway, C., 1973. Swamp deer in Uttar Pradesh. Oryx, 12: 41-48.",
331,Density,Damuth Ref: 304,Holsworth 1972,"Holsworth, W. N., 1972. Reedbuck concentrations in Dinder National Park, Sudan. East African Wildlife Journal, 10:307-308.",
332,Density,Damuth Ref: 305,Hoogerwerf 1970,"Hoogerwerf, A., 1970. Udjung Kulon: The Land of the Last Javan Rhinoceros. Leiden: E. J. Brill.",
333,Density,Damuth Ref: 306,Hornocker 1970,"Hornocker, M. G., 1970. An analysis of mountain lion predation upon mule deer and elk in the Idaho Primitive Area. Wildlife Monographs, 21: 1-39.",
334,Density,Damuth Ref: 307,Horst 1975,"Horst, T. J. & Marzolf, G. R., 1975. Production ecology of burrowing mayflies in a Kansas reservoir. Internationale Vereingung fur Theoretische und Angewandte Limnologie, Verhandelungen, 19: 3029-3038.",
335,Density,Damuth Ref: 746,Horton 1961,"Horton, P. A., 1961. The bionomics of brown trout in a Dartmoor stream. Journal of Animal Ecology, 30: 311-338.",
336,Density,Damuth Ref: 308,Howard 1959,"Howard, W. E. & Childs, H. E., Jr., 1959. Ecology of pocket gophers with emphasis on Thomomys bottae mewa. Hilgardia, 29: 277-358.",
337,Density,Damuth Ref: 310,Hubert 1975,"Hubert, B. & Adam, F., 1975. Reproduction et croissance en élevage de quatre espèces de rongeurs Sénégalais. Mammalia, 39: 57-73.",
338,Density,Damuth Ref: 309,Hubert 1977,"Hubert, B., 1977. Écologie des populations de rongeurs de Bandia (Sénégal) en zone Sahelo- soudanienne. La Terre et La Vie, 31: 33-100. ",
339,Density,Damuth Ref: 311,Hubert B. A. 1977,"Hubert, B. A., 1977. Estimated productivity of muskox on Truelove Lowland. In L. C. Bliss (Ed.), Truelove Lowland, Decon Island, Canada: A High Arctic Ecosystem: 467-491. Edmonton: University of Alberta Press.",
340,Density,Damuth Ref: 312,Hughes 1970a,"Hughes, R. N., 1970a. Population dynamics of the bivalve Scrobicularia plana (Da Costa) on an intertidal mud-flat in North Wales. Journal of Anima1 Ecology, 39: 338-356.",
341,Density,Damuth Ref: 313,Hughes 1970b,"Hughes, R. N. 1970b. An energy-budget for a tidal-flat population of the bivalve Scrobicularia plana (Da Costa). Journal of Animal Ecology, 39: 357-381.",
342,Density,Damuth Ref: 314,Hunsaker 1977,"Hunsaker, D., II., 1977. Ecology of New World marsupials. In D. Hunsaker (Ed.), The Biology of Marsupials: 95-156. New York: Academic Press.",
343,Density,Damuth Ref: 315,Hunter 1975,"Hunter, R. D., 1975. Growth, fecundity, and bioenergetics of three populations of Lymnaea palustris in upstate New York. Ecology, 56: 50-63.",
344,Density,Damuth Ref: 734,Husson 1978,"Husson, A. M., 1978. The Mammals of Suriname. Leiden: E. J. Brill.",
345,Density,Damuth Ref: 316,Ingles 1947,"Ingles, L. G., 1947. Ecology and life history of the California gray squirrel. California Fish and Game, 33: 139-158.",
346,Density,Damuth Ref: 317,Irby 1973,"Irby, L. R., 1973. A preliminary report on the mountain reedbuck (Redunca fulvorufula) in the Loskop Dam Nature Reserve. Journal of the South African Wildlife Management Association, 3: 53-58.",
347,Density,Damuth Ref: 318,Irby 1977,"Irby, L. R., 1977. Studies on mountain reedbuck populations with special reference to the Loskop Dam Nature Reserve. South African Journal of Wildlife Research, 7: 73-86.",
348,Density,Damuth Ref: 319,Irwin 1975,"Irwin, L. L., 1975. Deer-moose relationships on a burn in northeastern Minnesota. Journal of Wildlife & Management, 39: 653-662.",
349,Density,Damuth Ref: 320,Iurgenson 1955,"Iurgenson, P. B., 1955. Ecology of the lynx in forests of the Central Zone of the U.S.S.R. Zoologicheskii  Zhurnal, 609-620. (In Russian).",
350,Density,Damuth Ref: 321,Jackson 1979,"Jackson, R., 1979. Snow leopards in Nepal. Oryx, 15: 191-195. ",
351,Density,Damuth Ref: 322,Jacobs 1977,"Jacobs, J., 1977. Coexistence of similar zooplankton species by differential adaptation to reproduction and escape in an environment with fluctuating food and enemy densities. 11. Field data analysis of Daphnia. Oecologia (Berlin), 30: 313-329. ",
352,Density,Damuth Ref: 323,Jacobsen 1974,"Jacobsen, N. H. G., 1974. Distribution, home range and behaviour patterns of bushbuck in the Lutope and Sengwa Valleys, Rhodesia. Journal of the South African Wildlife Management Association, 4: 75-93. ",
353,Density,Damuth Ref: 324,Jakimchuk 1975,"Jakimchuk, R. D. & McCourt, K. H., 1975. Distribution and movements of the Porcupine caribou herd in the northeastern Yukon. In J. R. Luick, P. C. Lent, D. R. Klein & R. G. White (Eds), Proceedings of the First International Reindeer and Caribou Symposium. Biological Papers of the University of Alaska, Special Report, 1: 140-154. Fairbanks, Alaska. ",
354,Density,Damuth Ref: 325,Janion 1968,"Janion, M., Ryszkowski, L. & Wierzbowska, T., 1968. Estimate of number of rodents with variable probability of capture. Acta Theriologica, 13: 285-294.",
355,Density,Damuth Ref: 326,Jarman 1971,"Jarman, P. J., 1971. Diets of large mammals in the woodlands around Lake Kariba, Rhodesia. Oecologia (Berlin), 8: 157-178.",
356,Density,Damuth Ref: 327,Jarman 1974,"Jarman, P. J., 1974. The social organization of antelope in relation to their ecology. Behaviour, 58: 215-267.",
357,Density,Damuth Ref: 328,Jennings 1975,"Jennings, T.J. & Barkham, J. P., 1975. Slug populations in mixed deciduous woodland. Oecologia (Berlin), 20: 279-286.",
358,Density,Damuth Ref: 329,Jimenez 1971,"Jimenez, J.J., 1971. Comparative post-natal growth in five species of the genus Sigmodon. I. External morphological character relationships. Revista de Biologia Tropica, 19: 133-148.",
359,Density,Damuth Ref: 330,Johnsingh 1982,"Johnsingh, A. J. T., 1982. Reproductive and social behaviour of the dhole, Cuon alpinus (Canidae). Journal of Zoology (London), 198: 443-463.",
360,Density,Damuth Ref: 331,Jonasson 1972,"Jonasson, P. M., 1972. Ecology and production of the profundal benthos in relation to phytoplankton in Lake Esrom. Oikos (Supplement), 14: 1-148.",
361,Density,Damuth Ref: 332,Jonasson 1975,"Jonasson, P. M., 1975. Population ecology and production of benthic detritivores. Internationale Vereingung fur Theoretische und Angewandte Limnologie, Verhandelungen, 19: 1066-1072.",
362,Density,Damuth Ref: 333,Jones 1957,"Jones, J. K., Jr., & Barber, A. A., 1957. Home ranges and populations of small mammals in central Korea. Journal of Mammalogy, 38: 377-392.",
363,Density,Damuth Ref: 334,Jonkel 1971,"Jonkel, C .J. & Cowan, I. M., 1971. The black bear in the spruce-fir forest. Wildlife Monographs, 27: 1-95.",
364,Density,Damuth Ref: 335,Jordan 1970,"Jordan, P. A., Botkin, D. B. & Wolfe, M. L., 1970. Biomass dynamics in a moose population. Ecology, 52: 147-152.",
365,Density,Damuth Ref: 336,Joubert 1972,"Joubert, E., 1972. The social organization and associated behaviour in the Hartmann zebra Equu zebra hartmanni. Madoqua, series I, 6: 17-56.",
366,Density,Damuth Ref: 338,Joule 1972,"Joule, J. & Jameson, D. L., 1972. Experimental manipulation of population density in three sympatric rodents. Ecology, 53: 653-660.",
367,Density,Damuth Ref: 337,Joule 1975,"Joule, J. & Cameron, G. N., 1975. Species removal studies. I. Dispersal strategies of sympatric Sigmodon hispidus and Reithrodontomys fulvescens populations. Journal of Mammalogy, 56: 378-396.",
368,Density,Damuth Ref: 339,Kajak 1966,"Kajak, Z. & Rybak, J. I., 1966. Production and some trophic dependences in benthos against primary production and zooplankton production of several Masurian lakes. Internationale Vereingung fur Theoretische und Angewandte Limnologie, Verhandelungen, 16: 441-451. ",
369,Density,Damuth Ref: 340,Kallio 1975,"Kallio, P., 1975. Kevo, Finland. In T. Rosswall & O.W. Heal (Eds),Structure and Function of Tundra Ecosystems: 193-223. Ecological Bulletin (Stockholm), 20. ",
370,Density,Damuth Ref: 341,Kawamichi 1976,"Kawamichi, T., 1976. Hay territory and dominance rank of pikas (Ochotona princeps). Journal of Mammalogy, 57:133-148. ",
371,Density,Damuth Ref: 342,Kay 1973,"Kay, D. G. & Brafield, A. E., 1973. The energy relations of the polychaete Neanthes ( = Nereis) virens (Sars).Journal of Animal Ecology, 42: 673-692. ",
372,Density,Damuth Ref: 343,Kearney 1976,"Kearney, S. R. & Gilbert, F. F., 1976. Habitat use by white-tailed deer and moose on sympatric range. Journal of Wildlife Management, 40: 645-657. ",
373,Density,Damuth Ref: 345,Kemp 1970,"Kemp, G. A. & Kieth, L. B., 1970. Dynamics and regulation of red squirrel (Tamiasciurus hudsonicus) populations. Ecology, 51: 763-779. ",
374,Density,Damuth Ref: 344,Kemp 1972,"Kemp, G. A., 1972. Black bear population dynamics at Cold Lake, Alberta, 1968-1970. In S. Herrero (Ed.), Bears—their Biology and Management: 26-31. Morges, Switzerland: International Union for the Conservation of Nature. ",
375,Density,Damuth Ref: 346,Kenagy 1973,"Kenagy, G. J., 1973a. Daily and seasonal patterns of activity and energetics in a heteromyid rodent community. Ecology, 54: 1201-1219. ",
376,Density,Damuth Ref: 347,Kenagy 1973,"Kenagy, G. J., 1973b. Adaptations for leaf eating in the Great Basin kangaroo rat, Dipodomys microps. Oecologia (Berlin), 12: 383-412. ",
377,Density,Damuth Ref: 348,Kenyi 1978,"Kenyi, J. M., 1978. Aerial count of buffalo herds in Rwenzori National Park, Uganda. East African Wildlife Journal, 16: 221-222. ",
378,Density,Damuth Ref: 349,Kevan 1974,"Kevan, P. G., 1974. Peary caribou and muskoxen on Banks Island. Arctic, 27: 256-264. ",
379,Density,Damuth Ref: 350,Keymer 1969,"Keymer, I. F., 1969. Investigations on the duiker (Sylvicapra grimmia) and its blood protozoa in central Africa. Philosophical Transactions of the Royal Society of London, series B, Biological Sciences, 255: 33-108. ",
380,Density,Damuth Ref: 351,Khan 1967,"Khan, Mohammed Khan Bin Momin, 1967. Movements of a herd of elephants in the Upper Perak area. Malayan Nature Journal, 20: 18-23. ",
381,Density,Damuth Ref: 352,Khan 1969,"Khan, Mohammed Khan Bin Momin, 1969. Population and distribution studies of Perak elephants. Malayan Nature Journal, 23: 7-14. ",
382,Density,Damuth Ref: 353,Khan 1971,"Khan, Mohammed Khan Bin Momin, 1971. The distribution of large animals in Taman Nagara. Malayan Nature Journal, 24: 125-131. ",
383,Density,Damuth Ref: 354,Khrustselevskii 1977,"Khrustselevskii, V. P., Tristan, D. P. & Karpov, A. A., 1977. Aspects of predicting the population of the yellow suslik in deserts of the U.S.S.R. Soviet Journal of Ecology, 8: 538-540. ",
384,Density,Damuth Ref: 355,Kieth 1978,"Kieth, L. B. & Windberg, L. A., 1978. A demographic analysis of the snowshoe hare cycle. Wildlife Monographs, 58: 1-70. ",
385,Density,Damuth Ref: 357,King 1975,"King, D. G., 1975. The afro-alpine grey duiker of Kilimanjaro. Journal of the East African Natural History Society, 152: 1-9. ",
386,Density,Damuth Ref: 356,King C.M. 1975,"King, C. M., 1975. The home range of the weasel (Mustela nivalis) in an English woodland. Journal of Animal Ecology, 44: 639-668. ",
387,Density,Damuth Ref: 358,Kingdon 1971,"Kingdon, J., 1971. East African Mammals: An Atlas of Evolution in Africa. Vol. 1. London: Academic Press. ",
388,Density,Damuth Ref: 359,Kingdon 1974,"Kingdon, J., 1974. East African Mammals: An Atlas of Evolution in Africa. Vol 2 (B). Hares and Rodents London: Academic Press. ",
389,Density,Damuth Ref: 360,Kingston 1971,"Kingston, T. I., 1971. Notes on the black and white colobus monkey in Kenya. East African Wildlife Journal, 9: 172-175. ",
390,Density,Damuth Ref: 361,Kinzey 1977,"Kinzey, W. G., Rosenberger, A. L , Heisler, P. S., Prowse, D. L. & Trilling, J S., 1977. A preliminary field investigation of the yellow handed titi monkey Callicebus torquatus torquatus, in northern Peru. Primates, 18: 159-181. ",
391,Density,Damuth Ref: 362,Kistchinski 1972,"Kistchinski, A. A., 1972. Life history of the brown bear (Ursus arctos L.) in north-east Siberia. In S. Herrero (Ed.), Bears—their Biology and Management: 67-73. Morges, Switzerland: International Union for the Conservation of Nature. ",
392,Density,Damuth Ref: 363,Kitchner 1973,"Kitchner, D. J., 1973. Notes on home range and movement in two small macropods, the potoroo (Potorous apicalis) and the quokka (Setonix brachyurus). Mammalia, 37: 23 1-240. ",
393,Density,Damuth Ref: 364,Klein 1975,"Klein, G., Rachor, E. & Gerlach, S. A., 1975. Dynamics and productivity of two populations of the benthic tube-dwelling amphipod Ampelisca brevicornis (Costa) in Heligoland Bight. Ophelia, 14: 139-159. ",
394,Density,Damuth Ref: 365,Kleymann 1976,"Kleymann, M., 1976. Beitrage zur Kenntnis der Infrastructuren beim Rotwild. I. Zur Entwicklung und gegenwartigen Situation der Rotwildbestande in der Bundesrepublik Deutschland. Zeitschrift fur Jagdwissenrchaft, 22: 20-28. ",
395,Density,Damuth Ref: 366,Knight 1970,"Knight, R. R., 1970. The Sun River elk herd. Wildlife Monographs, 23: 1-66. ",
396,Density,Damuth Ref: 367,Knowlton 1960,"Knowlton, F. F., 1960. Food habits, movements, and populations of moose in the Gravelly Mountains, Montana. Journal of Wildlife Managements, 24: 162-170. ",
397,Density,Damuth Ref: 368,Koeman 1969,"Koeman, J. H., 1969. Verslag van een bezoek aan het Lambwe Valley Game Reserve in zuid-Nyanza in Kenya. Lutra, 11:1-4.",
398,Density,Damuth Ref: 369,Koford 1958,"Koford, C. B., 1958. Prairie dogs, whitefaces, and blue grama. Wildlife Monographs, 3: 1-78. ",
399,Density,Damuth Ref: 370,Koford 1961,"Koford, C. B., 1961. The ecology and management of the vicuna in the Puna zone of Peru. La Terre et La Vie, 15: 342-353. ",
400,Density,Damuth Ref: 372,Koford 1973,"Koford, K. B., 1973. Spotted cats in Latin America: an interim report. Oryx, 12: 37-38. ",
401,Density,Damuth Ref: 371,Koford 1978,"Koford, C. B., 1978. The welfare of the puma in California, 1976. Carnivore, 1: 92-96. ",
402,Density,Damuth Ref: 373,Krasinski 1967,"Krasinski, Z., 1967. Free living European bisons. Acta Theriologica, 12: 391-405. ",
403,Density,Damuth Ref: 374,Krasinski 1978,"Krasinski, Z., 1978. Dynamics and structure of the European bison population in the Bialowieza Primeval Forest. Acta Theriologica, 23: 3-48. ",
404,Density,Damuth Ref: 375,Krebs 1964,"Krebs, C.J., 1964. The lemming cycle at Baker Lake, Northwest Territories, during 1959-1962. Arctic Institute of North America, Technical Paper, 15: 1-104. ",
405,Density,Damuth Ref: 376,Krebs 1966,"Krebs, C. J., 1966. Demographic changes in fluctuating populations of Microtus californicus. Ecological Monographs, 36:239-273. ",
406,Density,Damuth Ref: 377,Krebs 1969,"Krebs, C. J., Keller, B. L. & Tamarin, R. H., 1969. Microtus population biology: demographic changes in fluctuating populations of M. ochrogaster and M. pennsylvanicus in southern Indiana. Ecology, 50: 587-607. ",
407,Density,Damuth Ref: 378,Krefting 1941,"Krefting, L. W. & Fletcher, J. B., 1941. Notes on the cruising method of censusing white-tailed deer in Oklahoma. Journal of Wildlife Management, 5: 412-415.",
408,Density,Damuth Ref: 379,Kritzman 1974,"Kritzman, E. B., 1974. Ecological relationships of Peromyscus maniculatus and Perognathus parvus in eastern Washington. Journal of Mammalogy, 55: 172-188.",
409,Density,Damuth Ref: 380,Kruuk 1982,"Kruuk, H. & Parish, T., 1982. Factors affecting population density, group size and territory size of the European badger, Meles meles. Journal of Zoology (London), 196: 31-39.",
410,Density,Damuth Ref: 381,Kuenzler 1961,"Kuenzler, E. J., 1961. Structure and energy flow of a mussel population in a Georgia salt marsh. Limnology and Oceanography, 6: 191-204.",
411,Density,Damuth Ref: 382,Kummer 1968,"Kummer, H., 1968. Social organization of hamadryas baboons: a field study. Bibliotheca Primatologica, 6: 1-189.",
412,Density,Damuth Ref: 383,Kundaeli 1976,"Kundaeli, J. N., 1976. Distribution of tree hyrax (Dendrohyax validus validus True) on Mt. Kilimanjaro, Tanzania. East African Wildlife Journal, 14: 253-264.",
413,Density,Damuth Ref: 384,Kuroda 1979,"Kuroda, S., 1979. Grouping of Pygmy chimpanzees. Primates, 20: 161-183.",
414,Density,Damuth Ref: 385,Kutilek 1974,"Kutilek, M. J., 1974. Density and biomass of large mammals in Lake Nakuru National Park. East African Wild& Journal, 12:201-212.",
415,Density,Damuth Ref: 386,Lamprey 1964,"Lamprey, H. F., 1964. Estimation of the large mammal densities, biomass, and energy exchange in the Tarangire Game Reserve and the Masai Steppe in Tanganyika. East African Wildlife Journal, 2:1-46.",
416,Density,Damuth Ref: 387,Lanning 1976,"Lanning, D.V., 1976. Density and movements of the coati in Arizona. Journal of Mammalogy, 57: 609-611.",
417,Density,Damuth Ref: 388,Larsen 1972,"Larsen, T., 1972. Air and ship census of polar bears in Svalbard (Spitzbergen).Journal of Wildlife Management, 36: 562-570.",
418,Density,Damuth Ref: 389,Larson 1978,"Larson, T. J., Rongstad, 0.J. & Terbilcox, F. W., 1978. Movement and habitat use of white-tailed deer in south-central Wisconsin. Journal of Wildlife Management, 42: 113-117.",
419,Density,Damuth Ref: 390,Laurie 1977,"Laurie, A. & Seidensticker, J., 1977. Behavioural ecology of the sloth bear (Melursus ursinus). Journal of  Zoology (London), 182: 187-204.",
420,Density,Damuth Ref: 391,Lavelle 1971,"Lavelle, P., 1971, Recherches écologiques dans la savane de Lamto (Cote-d’Ivoire): Production annuelle d’une ver de terre Millsonia anomala Omodeo. La Terre et La Vie, 25: 240-254.",
421,Density,Damuth Ref: 392,Layne 1954,"Layne, J. N., 1954. The biology of the red squirrel, Tamiasciurus hudsonicus loquax (Bougs), in central New York. Ecological Monographs, 24: 227-267.",
422,Density,Damuth Ref: 394,Le Boulenge 1978,"Le Boulenge, F. & Fuentes, E. R., 1978. Preliminary population dynamics of Octodon degus (abstract).International Congress of Theriology, 2: 180.",
423,Density,Damuth Ref: 395,Le Count 1982,"Le Count, A. L., 1982. Characteristics of a central Arizona black bear population. Journal of Wildlife Management, 46: 861-868.",
424,Density,Damuth Ref: 399,Le Louarn 1977,"Le Louarn, H. & Saint-Girons, M.-C., 1977. Les Rongeurs de France. Paris: Institut National de la Recherche Agronomique. ",
425,Density,Damuth Ref: 393,Learner 1974,"Learner, M. A. & Potter, D. W. B., 1974. Life-history and production of the leech Helobdella stagnalis (L.) (Hirudinea) in a shallow eutrophic reservoir in South Wales. Journal of Animal Ecolo4, 3: 199-208.",
426,Density,Damuth Ref: 396,Ledger 1963,"Ledger, H. P., 1963. Weights of some East African mammals. East African Wildlife Journal, 1: 123-124. ",
427,Density,Damuth Ref: 397,Ledger 1964,"Ledger, H. P., 1964. Weights of some East African mammals: 2. East African Wildlife Journal, 2: 159. ",
428,Density,Damuth Ref: 398,Legait 1966,"Legait, E., Petter, F. & Legait, H., 1966. Recherches sur le lobe intermédiaire de l'hypophyse de quelques rongeurs africains. Mammalia, 30: 337-342. ",
429,Density,Damuth Ref: 400,Leresche 1975,"Leresche, R. E., 1975. The international herds: present knowledge of the Fortymile and Porcupine caribou herds. In J. R. Luick, P. C. Lent, D. R. Klein & R. G. White (Eds), Proceedings of the first International Reindeer and Caribou Symposium. Biological Papers of the University of Alaska, Special Report, 1: 127-139.",
430,Density,Damuth Ref: 401,Leslie 1979,"Leslie, D. M., Jr., & Douglas, C. L., 1979. Desert bighorn sheep of the River Mountains, Nevada. Wildlife Monographs, 66: 1-56.",
431,Density,Damuth Ref: 403,Leuthold 1972,"Leuthold, W., 1972. Home range, movements, and food of a buffalo herd in Tsavo National Park. East African Wildlife Journal, 10: 237-243.",
432,Density,Damuth Ref: 404,Leuthold 1976,"Leuthold, W. & Leuthold, B. M., 1976. Density and biomass of ungulates in Tsavo East National Park, Kenya. East African Wildlife Journal, 14: 49-58.",
433,Density,Damuth Ref: 402,Leuthold 1978,"Leuthold, B. M. & Leuthold, W., 1978. Ecology of the giraffe in Tsavo East National Park, Kenya. East African Wildlife Journal, 16: 1-20.",
434,Density,Damuth Ref: 729,Leuthold 1978,"Leuthold, W., 1978. On the ecology of the gerenuk Litocranius walleri. Journal of Animal Ecology, 47: 561-580.",
435,Density,Damuth Ref: 405,Lévieux 1983,"Lévieux, J., 1983. The soil fauna of tropical savannas. IV. The ants. In F. Bourliere (Ed.), Ecosystems of the World. Vol. 13. Tropical Savannas: 525-540. Amsterdam: Elsevier.",
436,Density,Damuth Ref: 406,Lidicker 1973,"Lidicker, W. Z., Jr., 1973. Regulation of numbers in an island population of the California vole, a problem in community dynamics. Ecological Monographs, 43: 271-302. ",
437,Density,Damuth Ref: 408,Lim Boo-Liat & Heyneman 1968,"Lim Boo-Liat & Heyneman, D., 1968. A collection of small mammals from Tuaran and the southwest face of Mt. Kinabalu, Sabah. Sarawak Museum Journal, 16: 257-276.",
438,Density,Damuth Ref: 407,Lim Boo-Liat 1970,"Lim Boo-Liat, 1970. Distribution, relative abundance, food habits, and parasite patterns of giant rats (Rattus) in West Malaysia. Journal of Mammalogy, 51: 730-740.",
439,Density,Damuth Ref: 409,Lindzey 1977,"Lindzey, F. G. & Meslow, E. C., 1977. Population characteristics of black bears on an island in Washington. Journal of Wildlife Management, 41: 408-412.",
440,Density,Damuth Ref: 410,Linzey 1968,"Linzey, D. W., 1968. An ecological study of the golden mouse, Ochrotomys nutalli, in the Great Smoky Mountains National Park. American Midland Naturalist, 79: 320-345.",
441,Density,Damuth Ref: 411,Lloyd 1980,"Lloyd, H.G.,1980. The Red Fox. London: Batsford.",
442,Density,Damuth Ref: 412,Lobmann 1968,"Lobmann, P., 1968. Quantitative Untersuchungen an der Rotelmaus, Clethrionomys glareolus (Schreber, 1780). Zeitschrift fur Saugetierkunde, 33: 129-149.",
443,Density,Damuth Ref: 413,Lockie 1966,"Lockie, J. D., 1966. Territory in small carnivores. Symposium of the zoological Society of London, 18: 143-165.",
444,Density,Damuth Ref: 414,Loughrey 1970,"Loughrey, A. G. & Kelsall, J. P., 1970. The ecology and population dynamics of the barren- ground caribou in Canada. In Ecology and Conservation Series, Vol 1. Ecology of the Subarctic Regions. Proceedings of the Helsinki Symposium: 275-280.",
445,Density,Damuth Ref: 415,Lowe 1961,"Lowe, V. P. W., 1961. A discussion on the history, present status and future conservation of red deer (Cervus elaphus L.) in Scotland. La Terre et La Vie, 15: 9-40.",
446,Density,Damuth Ref: 416,Lowe 1969,"Lowe, V. P. W., 1969. Population dynamics of the red deer (Cervus elaphus L.) on Rhum. Journal of Animal Ecology, 38: 425-457.",
447,Density,Damuth Ref: 418,M'Closkey 1972,"M'Closkey, R. T., 1972. Temporal changes in populations and species diversity in a California rodent community. Journal of Mammalogy, 53: 657-676.",
448,Density,Damuth Ref: 419,M'Closkey 1975,"M'Closkey, R. T. & Lajoie, D. J., 1975. Determinants of local distribution and abundance in white-footed mice. Ecology, 56; 467-472.",
449,Density,Damuth Ref: 423,Mackie 1970,"Mackie, R. J., 1970. Range ecology and relations of mule deer, elk, and cattle in the Missouri River Breaks, Montana. Wildlife Monographs, 20: 1-79.",
450,Density,Damuth Ref: 424,Mackinnon 1971,"Mackinnon, J., 1971. The orang-utan in Sabah today. Oryx, 12: 141-191. ",
451,Density,Damuth Ref: 425,Mackinnon 1973,"Mackinnon, J., 1973. Orang-utans in Sumatra. Oryx, 12: 234-242.",
452,Density,Damuth Ref: 426,Mackinnon J.C. 1973,"Mackinnon, J. C., 1973. Analysis of energy flow and production in an unexploited marine flatfish population. Journal of the Fisheries Research Board of Canada, 30: 1717-1728. ",
453,Density,Damuth Ref: 429,Madden 1974,"Madden, J. R., 1974. Female territory in a Suffolk County, Long Island, population of Glaucomys volans. Journal of Mammalogy, 55: 647-652. ",
454,Density,Damuth Ref: 430,Maitland 1974,"Maitland, P. S. & Hudspith, P. M. G., 1974. The zoobenthos of Loch Levan, Kinross, and estimates of its production in the sandy littoral area during 1970 and 1971. Proceedings of the Royal Society of Edinburgh B, 74: 219-239. ",
455,Density,Damuth Ref: 431,Makacha 1978,"Makacha, S., Mollel, C. L. & Rwezaura, J., 1978. The conservation status of the black rhinoceros (Diceros bicornis L.) in the Ngorogoro Crater, Tanzania. African Journal of Ecology, 17: 97-103.",
456,Density,Damuth Ref: 432,Mann 1971,"Mann, R. H. K., 1971. The populations, growth and production of fish in four small streams in southern England. Journal of Animal Ecology, 40: 155-190. ",
457,Density,Damuth Ref: 433,Marburger 1965,"Marburger, R. G. & Thomas, J. W., 1965. A die-off of white-tailed deer of the central mineral region of Texas. Journal of Wildlife Management, 29: 706-716. ",
458,Density,Damuth Ref: 434,Markham 1973,"Markham, O. D. & Whicker, F. W., 1973. Seasonal data on reproduction and body weights of pikas (Ochotona princeps). Journal of Mammalogy, 54: 496-498. ",
459,Density,Damuth Ref: 435,Markov 1972,"Markov, G., Christov, L. & Gliwicz, J., 1972. A population of Clethrionomys glareolus pirinus on the Vitosha Mountain, Bulgaria. I. Variations in numbers and age structure. Acta Theriologica, 17: 327-335. ",
460,Density,Damuth Ref: 436,Martin 1956,"Martin, E. P., 1956. A population study of the prairie vole (Microtus ochrogaster) in northeastern Kansas. University of Kansas Publications of the Museum of Natural History, 8: 361-416. ",
461,Density,Damuth Ref: 437,Martin 1960,"Martin, E. P., 1960. Distribution of native mammals among the communities of the mixed prairie. Fort Hays Studies Science Series, 1: 1-26. ",
462,Density,Damuth Ref: 438,Martinka 1974,"Martinka, C. J., 1974. Population characteristics of grizzly bears in Glacier National Park, Montana. Journal of Mammalogy, 55: 21-29. ",
463,Density,Damuth Ref: 439,Mason 1970,"Mason, C. F., 1970. Snail populations, beech litter production, and the role of snails in litter decomposition. Oecologia (Berlin), 5: 215-239. ",
464,Density,Damuth Ref: 440,Mason 1976,"Mason, D. R., 1976. Some observations on social organization and behaviour of springbok in the Jack Scott nature reserve. Journal of the South African Wildlife Management Association, 6: 33-39. ",
465,Density,Damuth Ref: 441,Mathews 1971,"Mathews, C. P., 1971. Contributions of young fish to total production of fish in the river Thames near Reading. Journal of Fish Biology, 3: 157-180. ",
466,Density,Damuth Ref: 442,Mathias 1971,"Mathias, J. A., 1971. Energy flow and secondary production of the amphipods Hyalella azteca and Crangonyx richmondensis occidentalis in Marion Lake, British Columbia. Journal of the Fisheries Research Board of Canada, 28: 711-726. ",
467,Density,Damuth Ref: 443,Mattice 1972,"Mattice, J. S., 1972. Production of a natural population of Bithynia tentaculata L. (Gastropoda, Molluscs). Ekologia Polska, 20: 525-539. ",
468,Density,Damuth Ref: 444,Mazurkiewicz 1972,"Mazurkiewicz, M., 1972. Density and weight structure of populations of the bank vole in open and enclosed areas. Acta Theriologica, 17: 455-465. ",
469,Density,Damuth Ref: 417,McCaffery 1976,"McCaffery, K. R., 1976. Deer trail counts as an index of population and habitat use. Journal of Wildlife Management, 40: 308-316.",
470,Density,Damuth Ref: 420,Mcilroy 1972,"Mcilroy, C. W., 1972. Effects of hunting on black bears in Prince William Sound. Journal of Wildlife Management, 36: 828-837.",
471,Density,Damuth Ref: 421,Mcilroy 1977,"Mcilroy, J. C., 1977. Aspects of the ecology of the common wombat, Vombatus ursinus. 11. Methods for estimating population numbers. Australian Wildlife Research, 4: 223-228.",
472,Density,Damuth Ref: 422,Mckay 1978,"Mckay, D. O & Verts, B. J., 1978. Estimates of some attributes of a population of Nuttall's cottontails. Journal of Wildlife Management, 42: 159-168.",
473,Density,Damuth Ref: 427,McNab 1982,"McNab, B. K., 1982. The physiological ecology of South American mammals. In M. A. Mares & H. H. Genoways (Eds), Mammalian Biology in South America. Pymatuning Laboratory of Ecology, University of Pittsburg, Special Publication, 6: 187-208.",
474,Density,Damuth Ref: 428,McNeill 1971,"McNeill, S., 1971. The energetics of a population of Leptopterna dolabrata (Heteroptera: Miridae). Journal of Animal Ecology, 40: 127-140. ",
475,Density,Damuth Ref: 445,Medway 1971,"Medway, Lord & Wells, D. R., 1971. Diversity and density of birds and mammals at Kuala Lompat, Pahang. Malayan Nature Journal, 24: 238-247. ",
476,Density,Damuth Ref: 727,Mentis 1976,"Mentis, M. T. & Duke, R. R., 1976. Carrying capacities of natural veld in Natal for large wild herbivores. South African Journal of Wildlife Research, 6; 65-74.",
477,Density,Damuth Ref: 446,Mentis 1978,"Mentis, M. T., 1978. Population limitation in grey rhebuck and oribi in the Natal Drakensberg. The Lammergeyer, 26: 19-28. ",
478,Density,Damuth Ref: 447,Merritt 1974,"Merritt, J. F., 1974. Factors influencing the local distribution of Peromyscus californicus in northern California. Journal of Mammalogy, 55: 102-114. ",
479,Density,Damuth Ref: 448,Meserve 1971,"Meserve, P. L., 1971. Population ecology of the prairie vole, Microtus ochrogaster, in the western mixed prairie of Nebraska. American Midland Naturalist, 86: 417-433. ",
480,Density,Damuth Ref: 449,Meserve 1976,"Meserve, P. L., 1976. Food relationships of a rodent fauna in a California coastal sage scrub community. Journal of Mammalogy, 57: 300-319. ",
481,Density,Damuth Ref: 450,Messick 1981,"Messick, J. P. & Hornocker, M. G., 1981. Ecology of the badger in southwestern Idaho. Wildlife Monographs, 76: 1-53. ",
482,Density,Damuth Ref: 451,Michael 1965,"Michael, E. D., 1965. Movements of white-tailed deer on the Welder Wildlife Refuge. Journal of Wildlife Management, 29: 44-52.",
483,Density,Damuth Ref: 738,Michielson 1966,"Michielson, N. C., 1966. Intraspecific and interspecific competition in the shrews Sorex araneus L. and S.minutus L. Archives néerlandaises de Zoologie, 17: 73-174.",
484,Density,Damuth Ref: 452,Millar 1974,"Millar, J. S., 1974. Success of reproduction in pikas, Ochotona princeps (Richardson). Journal of Mammalogy, 55: 527-542. ",
485,Density,Damuth Ref: 457,Miller 1958,"Miller, R. S., 1958. A study of a wood mouse population in Wytham Woods, Berkshire. Journal of Mammalogy, 39: 477-493.",
486,Density,Damuth Ref: 456,Miller 1973,"Miller, R. J. & Mann, K. H., 1973. Ecological energetics of the seaweed zone in a marine bay on the Atlantic coast of Canada. 111. Energy transformations by sea urchins. Marine Biology, 18: 99-114. ",
487,Density,Damuth Ref: 458,Miller 1973,"Miller, S., Rottman, J. & Taber, R. D., 1973. Dwindling and endangered ungulates of Chile: Vicugna, Lama, Hippocamelus, and Pudu. Transactions of the North American Wildlife and Natural Resources Conference, 38: 55-68.",
488,Density,Damuth Ref: 453,Miller 1974a,"Miller, F. L. & Russell, R. H., 1974a. Aerial surveys of Peary caribou and muskoxen on western Queen Elizabeth Islands, Northwest Territories, 1973. Canadian Wildlife Service Progress Notes, 40: 1-5. ",
489,Density,Damuth Ref: 454,Miller 1974b,"Miller, F. L. & Russell, R. H., 1974b. Distribution and numbers of muskoxen (Ovibos moschatus) on western Queen Elizabeth Islands of Arctic Canada. Journal of Mammalogy, 55: 824-828. ",
490,Density,Damuth Ref: 455,Miller 1975,"Miller, F. L. & Russell, R. H., 1975. Aerial surveys of Peary caribou and muskoxen on Bathurst Island, Northwest Territories, 1973 and 1974. Canadian Wildlife Service Progress Notes, 44: 1-7. ",
491,Density,Damuth Ref: 459,Milton 1964,"Milton, O., 1964. The orang-utan and rhinoceros in Sumatra; from two preliminary reports. Malayan Nature Journal, 18: 60-63.",
492,Density,Damuth Ref: 461,Misonne 1963,"Misonne, X., 1963. Les rongeurs de Rwenzori et des régions voisines. Explorations du Parc National Albert, deuxiéme Série, 14: 1-164.",
493,Density,Damuth Ref: 460,Mispagel 1978,"Mispagel, M. E., 1978. The ecology and bioenergetics of the acridid grasshopper, Bootellix punctatus on creosote bush, Larrea tridentata, in the northern Mojave Desert. Ecology, 59: 779-788.",
494,Density,Damuth Ref: 462,Momot 1977,"Momot, W. T. & Gowing, H., 1977. Production and population dynamics of the crayfish Orconectes virilis in three Michigan lakes. Journal of the Fisheries Research Board of Canada, 34: 2041-2055.",
495,Density,Damuth Ref: 463,Monfort 1972,"Monfort, A., 1972. Densités, biomasses et structure des populations d’ongu1és sauvages au Parc de l’Akagera (Rwanda). La Terre et La Vie, 26: 216-256.",
496,Density,Damuth Ref: 464,Monfort 1974,"Monfort, A. & Monfort, N., 1974. Notes sur l’écologie et le comportement des oribis (Ourebia ourebi, Zimmerman, 1783). La Terre et La Vie, 28: 169-208.",
497,Density,Damuth Ref: 465,Montfort 1973,"Montfort, G., 1973. Saving the tiger. Oryx, 12: 109-112. ",
498,Density,Damuth Ref: 466,Montgomery 1975,"Montgomery, S. D., Whelan, J. B. & Mosby, H. S., 1975. Bioenergetics of a woodlot gray squirrel population. Journal of Wildlife Management, 39: 709-717. ",
499,Density,Damuth Ref: 467,Morel 1970,"Morel, J. & Meylan, A., 1970. Une pulluation de campagnols terrestres (Arvicola terrestris (L.)) (Mammalia Rodentia). Revue Suisse de Zoologie, 77: 705-712. ",
500,Density,Damuth Ref: 468,Morow 1975,"Morow, K., 1975. Moose population characteristics and range use in the Augustow Forest. Ekologia Polska, 23: 493-506. ",
501,Density,Damuth Ref: 470,Morris 1955,"Morris, R. F., 1955. Population studies on some small forest mammals in eastern Canada. Journal of Mammalogy, 36: 21-35. ",
502,Density,Damuth Ref: 469,Morris 1977,"Morris, P. A. & Malcolm, J. R., 1977. The Simien fox in the Balé Mountains. Oryx, 14: 151-160. ",
503,Density,Damuth Ref: 742,Morton 1978,"Morton, S. R., 1978.  A ecological study of sminthopsis crassicaudata (Marsuplialia: Dasyuridae). II. Behaviour and social organization. Australian Wildlife Research, 5: 163-182.",
504,Density,Damuth Ref: 471,Mosby 1969,"Mosby, H. S., 1969. The influence of hunting on the population dynamics of a woodlot gray squirrel population. Journal of Wildlife Management, 33: 59-73. ",
505,Density,Damuth Ref: 472,Mueller-Dombois 1972,"Mueller-Dombois, D., 1972. Crown distortion and elephant distribution in the woody vegetations of Ruhuna National Park, Ceylon. Ecology, 53: 208-226. ",
506,Density,Damuth Ref: 473,Mukinya 1973,"Mukinya, J. G., 1973. Density, distribution, population structure and social organization of the black rhinoceros in Masai Mara Game Reserve. East African Wildlife Journal, 11: 385-400. ",
507,Density,Damuth Ref: 474,Muller 1972,"Muller, J. P., 1972. Die Verteilung der Kleinsauger auf die Lebensraume an einem Norhang im Churer Rheintal. Zeitschrift fur Saugetierkunde, 37: 257-286. ",
508,Density,Damuth Ref: 475,Muller 1972,"Muller, J. P., 1972. Populationsokologie von Arvicanthus abbysinicus in der Grassteppe des Simien Mountains National Park (Xthiopien).Zeitschrift fur Saugetierkunde, 42: 145-172. ",
509,Density,Damuth Ref: 476,Murie 1973,"Murie, J. O., 1973. Population characteristics and phenology of a Franklin ground squirrel (Spermophilus franklinii) colony in Alberta, Canada. American Midland Naturalist, 90: 334-340. ",
510,Density,Damuth Ref: 725,Myers 1973,"Myers, N., 1973. Leopard and cheetah in Ethiopia. Oryx, 12: 197-205. ",
511,Density,Damuth Ref: 477,Myllyimaki 1970,"Myllyimaki, A., 1970. Productivity of a free-living population of the field vole, Microtus agrestis (L.). In K. Petrusewicz & L. Ryszkowski (Eds), Energy Flow Through Small Mammal Populations: 255-265. Warsaw: Polish Scientific Publishers.",
512,Density,Damuth Ref: 478,Myton 1974,"Myton, B., 1974. Utilization of space by Peromyscus leucopus and other small mammals. Ecology, 55: 277-290. ",
513,Density,Damuth Ref: 479,Neal 1977,"Neal, B. R., 1977. Reproduction of the multimammate rat, Praomys (Mastomys) natalensis (Smith), in Uganda. Zeitschrift fur Saugetierkunde, 42: 221-231. ",
514,Density,Damuth Ref: 480,Neal 1977,"Neal, E. G., 1977. Badgers. Poole: Blandford. ",
515,Density,Damuth Ref: 481,Negus 1966,"Negus, C. L., 1966. A quantitative study of growth and production of unionid mussels in the River Thames at Reading. Journal of Animal Ecology, 35: 513-532. ",
516,Density,Damuth Ref: 482,Nellis 1976,"Nellis, C. H. & Keith, L. B., 1976. Population dynamics of coyotes in central Alberta, 1964-68. Journal of Wildlife Management, 40: 389-399. ",
517,Density,Damuth Ref: 485,Neville 1968,"Neville, M. K., 1968. Ecology and activity of Himalayan foothill rhesus monkeys (Macaca mulatta).Ecology, 49: 11&123. ",
518,Density,Damuth Ref: 486,Neville 1972,"Neville, M. K., 1972. The population structure of red howler monkeys (Alouatta seniculus) in Trinidad and Venezuela. Folia Primatologica, 17: 56-86. ",
519,Density,Damuth Ref: 488,Newsome 1967,"Newsome, A. E., Stevens, D. R. & Shipway, A. K., 1967. Effects of a long drought on the abundance of red kangaroos in central Australia. CSIRO Wildlife Research, 12: 1-8.",
520,Density,Damuth Ref: 487,Newsome 1971,"Newsome, A. E., 1971. The ecology of red kangaroos. Australian Zoologist, 16: 32-50. ",
521,Density,Damuth Ref: 489,Nicholson 1974,"Nicholson, I. A., 1974. Red deer range and problems of carrying capacity in the Scottish Lands. Mammal Review, 4: 103-118. ",
522,Density,Damuth Ref: 491,Niethammer 1975,"Niethammer, J. & Martens, J., 1975. Die Gattungen Rattus und Maxomys in Afghanistan und Nepal. Zeitschrift fur Saugetierkunde, 40: 325-355. ",
523,Density,Damuth Ref: 490,Niethammer 1982,"Niethammer, J. & Krapp, F., 1982. Handbuch der Saugetiere Europas. Vol. 1. Rodentia II. Wiesbaden: Academische Verlagsgesellschaft. ",
524,Density,Damuth Ref: 492,Norton-Griffiths 1973,"Norton-Griffiths, M., 1973. Counting the Serengeti migratory wildebeest using two-stage sampling. East African Wildlife Journal, 11: 135-149.",
525,Density,Damuth Ref: 493,Norton-Griffiths 1975,"Norton-Griffiths, M., 1975. The numbers and distribution of large mammals in Ruaha National Park, Tanzania. East African Wildlife Journal, 13: 121-140.",
526,Density,Damuth Ref: 497,O’Connell 1982,"O’Connell, M. A., 1982. Population biology of North and South American grassland rodents: a comparative review. In M. A. Mares & H. H. Genoways (Eds), Mammalian Biology in South America. Pymatuning Laboratory of Ecology, University of Pittsburgh, Special Publication, 6: 167-185.",
527,Density,Damuth Ref: 502,O’Roke 1948,"O’Roke, E. C. & Hamerstrom, F. N., Jr., 1948. Productivity and yield of the George Reserve deer herd. Journal of Wildlife Management, 12: 78-86. ",
528,Density,Damuth Ref: 495,Oboussier 1966,"Oboussier, H. & Schliemann, H. 1966. Hirn-Korpergewichtsbeziehungen bei Boviden. Zeitschrij fur Saugetierkunde, 31: 464-471.",
529,Density,Damuth Ref: 494,Oboussier 1970,"Oboussier, H., 1970. Beitrage zur Kenntnis der Pelea (Pelea capreolus, Bovidae, Mammalia), ein Vergleich mit etwa gleichgrossen anderen Bovinae (Redunca fulvorufula, Gazella thomsoni, Antidorcas marsupialis). Zeitschrit fur Saugetierkunde, 35: 342-353.",
530,Density,Damuth Ref: 496,Obrtel 1978,"Obrtel, R., Zejda, J. & Holisova, V., 1978. Impact of small rodent predation on an overcrowded population of Diprion pini during winter. Folia Zoologica, 27: 97-110.",
531,Density,Damuth Ref: 498,Odum 1955,"Odum, E. P., 1955. An eleven year study of a Sigmodon population. Journal of Mammalogy, 36: 368-378. ",
532,Density,Damuth Ref: 499,Odum 1962,"Odum, E. P., Connell, C. E. & Davenport, L. B., 1962. Population energy flow of three primary consumer components of old-field ecosystems. Ecology, 43: 88-96. ",
533,Density,Damuth Ref: 500,Okia 1976,"Okia, N. O., 1976. The biology of the bush rat, Aethomys hindei Thomas in southern Uganda. Journal of Zoology (London), 180: 41-56.",
534,Density,Damuth Ref: 501,Oliver 1978,"Oliver, M. D. N., Short, N. R. M. & Hanks, J., 1978. Population ecology of oribi, grey rhebuck and mountain reedbuck in Highmoor State Forest Land, Natal. South African Journal of Wildlife Research, 8; 95-105. ",
535,Density,Damuth Ref: 503,Ostbye 1975,"Ostbye, E., Berg, A., Blehr, O., Espeland, M., Gaare, E., Hagen, A., Hesjedal, O., Hagvar, S., Kjelvik, S., Lien, L., Mysterud, I., Sandhaug, A., Skar, H.-J., Skatveit, A., Skre, O., Skogland, T.,Solhoy, T., Stenseth,N. C. & Wiegolaski, F. E., 1975. Hardangervidda, Norway. In T. Rosswall & O. W. Heal (Eds), Structure and Function of Tundra Ecosystems. Ecological Bulletin, (Stockholm), 20: 225-264.  ",
536,Density,Damuth Ref: 504,Otto 1975,"Otto, C., 1975. Energetic relationships of the larval population of Potamophylax cingulatus (Trichoptera) in a South Swedish stream. Oikos, 26: 159-169. ",
537,Density,Damuth Ref: 505,Owen 1970,"Owen, R. E. A., 1970. Some observations on the sitatunga in Kenya. East African Wildlife Journal, 8: 181-195. ",
538,Density,Damuth Ref: 506,Packard 1968,"Packard, R. L., 1968. An ecological study of the fulvous harvest mouse in eastern Texas. American Midland Naturalist, 79: 68-88. ",
539,Density,Damuth Ref: 507,Paine 1976,"Paine, R. T., 1976. Size-limited predation: an observational and experimental approach with the Mytilus-Pisaster interaction. Ecology, 57: 858-873. ",
540,Density,Damuth Ref: 508,Paragamian 1975,"Paragamian, V. L. & Coble, D. W., 1975. Vital statistics of smallmouth bass in two Wisconsin rivers, and other waters. Journal of Wildlife Management, 3:201-210. ",
541,Density,Damuth Ref: 509,Parker 1973,"Parker, G. R., 1973. Distribution and densities of wolves within barren-ground caribou range in northern mainland Canada. Journal of Mammalogy, 54: 341-348. ",
542,Density,Damuth Ref: 510,Parker 1983,"Parker, G. R., Maxwell, J. W., Morton, L. D. & Smith, G. E. J.,1983.The ecology of the lynx (Lynx canadensis) on Cape Breton Island. Canadian Journal of Zoology, 61: 770-786. ",
543,Density,Damuth Ref: 511,Pate 1969,"Pate, L., 1969. Diamond Ring antelope studies. Proceedings of the Annual Conference of the Western Association of State Game and Fish Commissioners, 49: 323-328. ",
544,Density,Damuth Ref: 512,Patton 1977,"Patton, J. L. & Yang, S. Y., 1977. Genetic variation in Thomomys bottae pocket gophers: macrogeographic patterns. Evolution, 31: 697-720. ",
545,Density,Damuth Ref: 513,Pavlov 1971,"Pavlov, B. M., Savel’ev, V. D., Yakushin, G. D. & Zyranov, V. A., 1971.The ecological structure of the Taimyr wild reindeer population. Soviet Journal of Ecology, 2: 35-41. ",
546,Density,Damuth Ref: 514,Pearson 1972,"Pearson, A. M., 1972. Population characteristics of the Northern Interior grizzly in the Yukon Territory, Canada. In S. Herrero (Ed.), Bears- Their Biology and Management: 32-35. Morges, Switzerland: International Union for the Conservation of Nature. ",
547,Density,Damuth Ref: 517,Pearson 1972,"Pearson, W. D. & Kramer, R. H., 1972. Drift and production of two aquatic inserts in a mountain stream. Ecological Monographs, 42: 365-385. ",
548,Density,Damuth Ref: 516,Pearson 1978,"Pearson, O. P. & Ralph, C. P., 1978. The diversity and abundance of vertebrates along an altitudinal gradient in Peru. Memorias del Museo de Historia Natural “Javier Prado”, 18: 1-77. ",
549,Density,Damuth Ref: 515,Pearson 1982,"Pearson, O. P. & Pearson, A. K., 1982. Ecology and biology of the southern rainforests of Argentina. In M. A. Mares and H. H. Genoways (Eds), Mammalian Biology in South America. Pymatuning Laboratory of Ecology, University of Pittsburgh, Special Publication, 6: 129-142. ",
550,Density,Damuth Ref: 518,Peek 1974,"Peek, J. M., Leresche, R. E. & Stevens, D. R., 1974. Dynamics of moose aggregations in Alaska, Minnesota, and Montana. Journal of Mammalogy, 55: 126-137. ",
551,Density,Damuth Ref: 519,Pelikan 1971,"Pelikan, J., Madkour, G. & Gaisler, J., 1971. On some mammals from Egypt (Insectivora, Lagomorpha, Rodentia). Zoologicé Listy, 20: 307-318. ",
552,Density,Damuth Ref: 520,Pelikan. 1962,"Pelikan., J. & Zejda., J., 1962. Comparison of two methods of estimating small mammal populations. Zoologicé Listy, 11: 217-242;",
553,Density,Damuth Ref: 521,Pennycuick. L. 1975,"Pennycuick. L., 1975. Movements of the migratory wildebeest population in the Serengeti area between 1960 and 1973. East African Wildlife Journal, 13: 65-87.",
554,Density,Damuth Ref: 739,Pernetta 1977,"Pernetta, J. C., 1977. Population ecology of British shrews in grassland. Acta Theriologica, 22: 279-296.",
555,Density,Damuth Ref: 522,Petersen 1975,"Petersen, M. K., 1975. An analysis of multiple captures in several rodents from Durango, Mexico. Journal of Mammalogy, 56: 703-705.",
556,Density,Damuth Ref: 523,Petrides 1965,"Petrides, G. A. & Swank, W. G., 1965. Estimating the productivity and energy relations of an African elephant population. Proceedings of the Ninth International Grasslands Congress, Sao Paulo, Brazil, 831-84 I.",
557,Density,Damuth Ref: 524,Petter 1970,"Petter, J.-J. & Hladik, C. M., 1970. Observations sur le domaine vital et la densité de population du loris tardigrade dans les forêts de Ceylan. Mammalia, 34: 394-409.",
558,Density,Damuth Ref: 525,Petter 1971,"Petter, J.-J., Schilling, A. & Pariente, G., 1971. Observations éco-éthologiques sur due lémuriens Malagaches nocturnes : Phaner furcifer et Microcebus coquereli. La Terre et La Vie, 25 : 287-327.",
559,Density,Damuth Ref: 526,Petter 1977,"Petter, J.-J., Albignac, R. & Rumpler, Y., 1977. Mammiferes lemuriens (Primates prosimiens). Faune de Madagascar, 44: 1-513.",
560,Density,Damuth Ref: 527,Petticrew 1974,"Petticrew, B. G. & Sadleir, R. M. F. S., 1974. The ecology of the deermouse, Peromyscus maniculatus, in a coastal coniferous forest. I. Population dynamics. Canadian Journal of Zoology, 52: 107-118.",
561,Density,Damuth Ref: 528,Pfeffer 1965,"Pfeffer, P., 1965. Esquissr écologique de la Reserve de Baluran (Java-est). La Terre et La Vie, 20; 199-215.",
562,Density,Damuth Ref: 529,Pfeffer 1969,"Pfeffer, P., 1969. Considerations sur l’écologie des forets claires du Cambodge oriental. La Terre et La Vie, 23: 3-24.",
563,Density,Damuth Ref: 531,Phillipson 1978,"Phillipson, J., Abel, R., Steel, J. & Woodell, S. R. J., 1978. Earthworm numbers, biomass, and respiratory metabolism in a beech woodland-Wytharn Woods, Oxford. Oecologia (Berlin), 33: 291-309.",
564,Density,Damuth Ref: 530,Phillipson 1983,"Phillipson, J., 1983. Life cycle, numbers, biomass, and respiratory metabolism of Trichosurus pusillus (Crustacea, Isopoda) in a beech woodland—Wytham Woods, Oxford. Oecologia (Berlin), 51: 339-343.",
565,Density,Damuth Ref: 532,Pielowski 1969,"Pielowski, Z., 1969. Die Wiedereinbergerung des Elches—Alces alces (L.) im Kampinos Nationalpark in Polen. Zeitschrift fur Jagdwissenschaft, 15: 6-17.",
566,Density,Damuth Ref: 533,Pienaar 1966,"Pienaar, U. De V., Van Wyk, P. & Fairall, N., 1966. An aerial census of elephant and buffalo in the Kruger National Park and the implications thereof on intended management schemes. Koedoe, 9: 40-107.",
567,Density,Damuth Ref: 534,Pilbeam 1972,"Pilbeam, D., 1972. The Ascent of Man: An Introduction to Human Evolution. New York: Macmillan. ",
568,Density,Damuth Ref: 535,Pimlott 1961,"Pimlott, D. H., 1961. The ecology and management of moose in North America. La Terre et La Vie, 15: 246-265. ",
569,Density,Damuth Ref: 536,Pine 1973,"Pine, D. S. Gerdes, G. L., 1973. Wild pigs in Monterey County, California. California Fish and Game, 59: 126-137. ",
570,Density,Damuth Ref: 537,Poché 1974,"Poché, R. M., 1974a. Notes on the roan antelope (Hippotragus equinus (Desmarest)) in West Africa. Journal of Applied Ecology, 11: 963-968. ",
571,Density,Damuth Ref: 538,Poché 1974,"Poché, R. M., 1974b. Ecology of the African elephant (Loxodonta a. africana) in Niger, West Africa. Mammalia, 38: 567-580. ",
572,Density,Damuth Ref: 539,Poglayen-Neuwall 1975,"Poglayen-Neuwall, I., 1975. Copulatory behavior, gestation, and parturition of the tayra (Eira barbara L., 1758). Zeitschrift fur Saugetierkunde, 40: 176-189. ",
573,Density,Damuth Ref: 540,Pollock 1975,"Pollock, J. I., 1975. Field observations on Indri indri: a preliminary report. In I. Tattersall & R. W. Sussman (Eds), Lemur Biology: 287-311. New York: Plenum. ",
574,Density,Damuth Ref: 541,Pollock 1977,"Pollock, J. I., 1977. The ecology and sociology of feeding in Indri indri. In T. H. Clutton-Brock (Ed.), Primate Ecology: Studies of Feeding and Ranging Behaviour in Lemurs, Monkeys, and Apes: 37-69. London: Academic Press. ",
575,Density,Damuth Ref: 542,Potter 1974,"Potter, D. W. B. & Learner, M. A., 1974. A study of the benthic macro-invertebrates of a shallow eutrophic reservoir in South Wales with emphasis on Chironomidae (Diptera); their life-histories and production. Archiv fur Hydrobiologie, 74: 186-226.  ",
576,Density,Damuth Ref: 543,Pough 1980,"Pough, F. H., 1980. The advantages of ectothermy for tetrapods. American Naturalist, 115: 92-112. ",
577,Density,Damuth Ref: 544,Poulet 1972,"Poulet, A.-R., 1972. Recherches écologiques sur une savane sahélienne du Ferlo septentrional, Sénégal: les mammifères. La Terre et La Vie, 26: 440-472. ",
578,Density,Damuth Ref: 545,Poulet 1972,"Poulet, A.-R., 1972. Recherches écologiques sur une savane sahélienne du Ferlo septentrional, Sénégal: quelques effets de la sécheresse sur le peuplement mammalien. La Terre et La Vie, 28: 124-130. ",
579,Density,Damuth Ref: 546,Poulet 1978,"Poulet, A.-R. & Poupon, H., 1978. L’invasion d’Arvicanthus niloticus dans le Sahel SenCgalais en 1975-76 et ses conséquences pour la strate ligneuse. La Terre et La Vie, 32: 161-193. ",
580,Density,Damuth Ref: 547,Powell 1979,"Powell, R. A., 1979. Fishers, population models, and trapping. Wildlife Society Bulletin, 7: 149-154. ",
581,Density,Damuth Ref: 548,Powell 1982,"Powell, R. A., 1982. The Fisher: Life History, Ecology, and Behavior. Minneapolis: University of Minnesota Press. ",
582,Density,Damuth Ref: 549,Pucek 1975,"Pucek, Z., Bobek, B., Labudzki, L., Milkowski, L., Morow, K. & Tomek, A., 1975. Estimates of density and number of ungulates. In W: Grodzinski and Z. Pucek (Eds), The Role of Large Herbivore Mammals in Woodland Ecosystems. Polish Ecological Studies, 1: 121-135. Warsaw: Polish Scientific Publishers. ",
583,Density,Damuth Ref: 550,Quris 1975,"Quris, R., 1975. Écologie et organisation sociale de Cercocebus galeritus agilis dans le nord-est du Gabon. La Terre et La Vie, 29: 337-398.",
584,Density,Damuth Ref: 551,Radda 1968,"Radda, A., 1968. Populationstudien an Rotelmausen (Clethrionomys glareolus Schreiber, 1780) durch Markierungsfang in Niederosterreich. Oecologia (Berlin), 1: 219-235.",
585,Density,Damuth Ref: 552,Radda 1969,"Radda, A., Pretzmann, G. & Steiner, H. M., 1969. Bionomische und okologische Studien an osterreichischen Populationen der Gelbhalsmaus (Apodemus flavicollis Melchior 1834) durch Markierungsfang. Oecologia (Berlin), 3: 351-373.",
586,Density,Damuth Ref: 553,Rahm 1967,"Rahm, U., 1967. Les muridés des environs du Lac Kivu et des régions voisines (Afrique Central) et leur écologie. Revue Suisse de Zoologie, 74: 439-519.",
587,Density,Damuth Ref: 554,Rahm 1971,"Rahm, U., 1971. Okologie und Biologie von Tachyoyctes ruandae (Rodentia, Rhizomyidae). Revue Suisse de Zoologie, 78: 623-638.",
588,Density,Damuth Ref: 555,Rajska 1968,"Rajska, E., 1968. Estimation of European hare density depending on the width of the assessment belt. Acta Theriologica, 13: 35-53.",
589,Density,Damuth Ref: 556,Raun 1966,"Raun, G. G., 1966. A population of woodrats (Neotoma micropus) in southern Texas. Bulletin of the Texas Memorial Museum, 11: 1-62.",
590,Density,Damuth Ref: 557,Rautenbach 1975,"Rautenbach, I. L. & Nel, J. A. J., 1975. Further records of smaller mammals from the Kalahari Gemsbok National Park. Koedoe, 18: 195-198.",
591,Density,Damuth Ref: 558,Redfield 1977,"Redfield, J. A., Krebs, C. J. & Taitt, M. J., 1977. Competition between Peromyscus maniculatus and Microtus townsendii in grasslands of coastal British Columbia. Journal of Animal Ecology, 46: 607-616.",
592,Density,Damuth Ref: 559,Reid 1966,"Reid, V. H., Hansen, R. M. & Ward, A. L., 1966. Counting mounds and earth plugs to census mountain pocket gophers. Journal of Wildlife Management, 30: 327-334.",
593,Density,Damuth Ref: 560,Reimers 1977,"Reimers, E., 1977. Population dynamics in two subpopulations of reindeer in Svalbard. Arctic and Alpine Research, 9: 369-381.",
594,Density,Damuth Ref: 561,Resh 1975,"Resh, V. H., 1975. The use of transect sampling in estimating single species production of aquatic insects. Internationale Vereingung fur Theoretische und Angewandte Limnologie, Verhandelungen, 19: 3089-3094.",
595,Density,Damuth Ref: 562,Richard 1975,"Richard, A. F. & Sussman, R. W., 1975. Future of the Malagasy lemurs: conservation or extinction? In I. Tattersall & R. W. Sussman (Eds), Lemur Biology: 335-350. New York: Plenum.",
596,Density,Damuth Ref: 563,Rickart 1981,"Rickart, E. A., 1981. Demography and activity patterns of some small mammals from the Cape Province, South Africa. Journal of Mammalogy, 62: 646-649 .",
597,Density,Damuth Ref: 564,Ricklefs 1979,"Ricklefs, R. E., 1979. Ecology. 2nd ed. New York: Chiron Press. ",
598,Density,Damuth Ref: 565,Rigler 1974,"Rigler, F.H., MacCallum, M.E. & Roff, J. C., 1974. Production of zooplankton in Char Lake. Journal of the Fisheries Research Board of Canada, 31: 637-646. ",
599,Density,Damuth Ref: 566,Rigler 1974,"Rigler, F. H. & Cooley, J. M., 1974. The use of field data to derive population statistics of multivoltine copepeds. Limnology and Oceanography, 19: 636-655. ",
600,Density,Damuth Ref: 567,Roberts 1973,"Roberts, J. D. & Packard, R. L., 1973. Comments on movements, home range, and ecology of the Texas kangaroo rat, Dipodomys elator Merriam. Journal of Mammalogy, 54: 957-962. ",
601,Density,Damuth Ref: 568,Robinette 1963,"Robinette, W. L., 1963. Weights of some of the larger mammals of Northern Rhodesia. The Puku, 1: 207-215. ",
602,Density,Damuth Ref: 569,Robinette 1964,"Robinette, W. L. & Child, G. F. T., 1964. Notes on the biology of the lechwe. The Puku, 2: 84-117. ",
603,Density,Damuth Ref: 572,Rood 1968,"Rood, J. P. & Test, F. H., 1968. Ecology of the spiny rat, Heteromys anomalus, at Rancho Grande, Venezuela. American Midland Naturalist, 79: 89-102. ",
604,Density,Damuth Ref: 570,Rood 1972,"Rood, J. P., 1972. Ecological and behavioural comparisons of three genera of Argentine cavies. Animal Behaviour Monographs, 5: 1-83. ",
605,Density,Damuth Ref: 571,Rood 1975,"Rood, J. P., 1975. Population dynamics and food habits of the banded mongoose. East African Wildlife Journal, 13: 89-111. ",
606,Density,Damuth Ref: 573,Rood 1978,"Rood, J. P. & Waser, P. M., 1978. The slender mongoose, Herpestes sanguineus, in the Serengeti. Carnivore, 1: 54-58. ",
607,Density,Damuth Ref: 574,Rose 1976,"Rose, A. B., 1976. Small mammals trapped in Dorrigo National Park, New South Wales. Australian Zoologist, 19: 103-105. 575. ",
608,Density,Damuth Ref: 575,Rose 1977,"Rose, G. B., 1977. Mortality rates of tagged adult cottontail rabbits. Journal of Wildlife Management, 41: 511-514. ",
609,Density,Damuth Ref: 576,Ross 1976,"Ross, I. C., Field, C. R. & Harrington, G. N., 1976. The savanna ecology of Kidepo National Park, Uganda. III. Animal populations and park management recommendations. East African Wildlife Journal, 14: 35-48.",
610,Density,Damuth Ref: 577,Roth 1968,"Roth, H. H. & Child, G., 1968. Distribution and population structure of black rhinoceros (Diceros bicornis L.) in the Lake Kariba basin. Zeitschrift fur Saugetierkunde, 33: 214-226.",
611,Density,Damuth Ref: 579,Rowe-Rowe 1978,"Rowe-Rowe, D. T., 1978. The small carnivores of Natal. The Lammergeyer, 25: 1-48. ",
612,Density,Damuth Ref: 578,Rowell 1966,"Rowell, T. E., 1966.Forest living baboons in Uganda. Journal of Zoology (London), 149: 344-364. ",
613,Density,Damuth Ref: 580,Rudd 1965,"Rudd, C. L., 1965. Weight and growth in Malaysian rainforest mammals. Journal of Mammalogy, 46: 588-594. ",
614,Density,Damuth Ref: 581,Sadleir 1965,"Sadleir, R. M. F. S., 1965. The relationship between agonistic behaviour and population changes in the deermouse, Peromyscus maniculatus (Wagner). Journal of Animal Ecology, 34: 331-352. ",
615,Density,Damuth Ref: 582,Saint-Girons 1971,"Saint-Girons, M.C. & Mazak, V., 1971. Données morphologiques sur quelques micromammifères en Laponie. Zeitschrift fur Saugetierkunde, 36: 179-190. ",
616,Density,Damuth Ref: 583,Saito 1969,"Saito, S., 1969. Energetics of isopod populations in a forest of central Japan. Researches on Population Ecology, 11: 229-258. ",
617,Density,Damuth Ref: 584,Sanderson 1950,"Sanderson, G. C., 1950. Small-mammal population of a prairie grove. Journal of Mammalogy, 31: 17-25.",
618,Density,Damuth Ref: 741,Sarrazin 1973,"Sarrazin, J. -P. R. & Bider, J. R., 1973. Activity, a neglected parameter in population estimates-the development of a new technique. Journal of Mammalogy, 54: 163-182.",
619,Density,Damuth Ref: 585,Saunders 1970,"Saunders, L. H. & Power, G., 1970. Population ecology of the brook trout, Salvelinus fontinalis, in Matamek Lake, Quebec. Journal of the Fisheries Research Board of Canada, 27: 413-424. ",
620,Density,Damuth Ref: 586,Sayer 1975,"Sayer, J. A. & Van Lavieren, L. P., 1975. The ecology of the Kafue lechwe population of Zambia before the operation of hydro-electric dams on the Kafue River. East African Wildlife Journal, 13: 9-37. ",
621,Density,Damuth Ref: 587,Schaaf 1977,"Schaaf, D. & Singh, A., 1977. Barasingha in the Dudhwa Sanctuary. Oryx, 13: 495-498. ",
622,Density,Damuth Ref: 588,Schaller 1972,"Schaller, G. B., 1972. The Serengeti Lion. Chicago: University of Chicago Press.",
623,Density,Damuth Ref: 590,Schaller 1974,"Schaller, G. B. & Laurie, A., 1974. Courtship behaviour of the wild goat. Zeitschrift fur Saugetierkunde, 39: 115-127. ",
624,Density,Damuth Ref: 589,Schaller 1976,"Schaller, G. B., 1976. Mountain mammals in Pakistan. Oryx, 13: 351-356. ",
625,Density,Damuth Ref: 591,Schaller 1978,"Schaller, G. B. & Vascomelas, J. M. C., 1978. A marsh deer census in Brazil. Oryx, 14: 345-35 1. ",
626,Density,Damuth Ref: 592,Schauenberg 1981,"Schauenberg, P., 1981. Elements d’écologie du chat forestier d’Europe Felis sylvestris Schreber. 1777. Revue d’écologie, 35: 3-36. 593. ",
627,Density,Damuth Ref: 593,Schladweiler 1973,"Schladweiler, P. & Stevens, D. R., 1973. Weights of moose in Montana. Journal of Mammalogy, 54: 772-775. ",
628,Density,Damuth Ref: 594,Schneegas 1972,"Schneegas, E. R. & Franklin, G. W., 1972. The Mineral King deer herd. California Fish and Game, 58: 133-140. ",
629,Density,Damuth Ref: 595,Schnell 1968,"Schnell, J. H., 1968. The limiting effects of natural predation on experimental cotton rat populations. Journal of Wildlife Management, 32: 698-711. ",
630,Density,Damuth Ref: 596,Schoener 1980,"Schoener, T. W. & Schoener, A., 1980. Densities, sex ratios and population structure in four species of Bahamian Anolis lizards. Journal of Animal Ecology, 49: 19-53. ",
631,Density,Damuth Ref: 597,Schomber 1964,"Schomber, H.-W., 1964. Beitrage zur Kenntnis der Lamagazelle,  Ammodorcas clarkei (Thomas, 1891)., Zeitschrift fur Saugetierkunde, 12: 65-90. ",
632,Density,Damuth Ref: 598,Schroder 1975,"Schroder, G. D. & Geluso, K. N., 1975. Spatial distribution of Dipodomys spectabilis mounds. Journal of Mammalogy, 56: 363-368. ",
633,Density,Damuth Ref: 599,Schroder 1975,"Schroder, D. G. & Rosenzweig, M. L., 1975. Perturbation analysis of competition and overlap in habitat utilization between Dipodomys ordii and Dipodomys merriami. Oecologia (Berlin), 19: 9-28. ",
634,Density,Damuth Ref: 600,Schwartz 1975,"Schwartz, O.A. & Bleich, V. C., 1975. Comparative growth in two species of woodrats, Neotoma lepida intermedia and Neotoma albigula venusta. Journal of Mammalogy, 56: 653-666. ",
635,Density,Damuth Ref: 601,Schweinsberg 1971,"Schweinsberg, R. E., 1971. Home range, movements, and herd integrity of the collared peccary. Journal of Wildlife Management, 35: 455-460.",
636,Density,Damuth Ref: 602,Semenov-Tian-Shanskii 1975,"Semenov-Tian-Shanskii, I. O., 1975. The status of wild reindeer in the U.S.S.R., especially the Kola Peninsula. In J. R. Luick, P. C. Lent, D. R. Klein & R. G. White (Eds), Proceedings of the first Caribou Symposium. Biological Papers of the University of Alaska, Special Report, 1: 155-161.",
637,Density,Damuth Ref: 603,Serafinski 1969,"Serafinski, W., 1969. Reproduction and dynamics of moose (Alces alces L.) population in the Kampinos National Park. Ekologia Polska, 17: 709-718. ",
638,Density,Damuth Ref: 604,Shannon 1975,"Shannon, N. H., Hudson, R. J., Brink, V. C. & Kitts, W. D., 1975. Determinants of spatial distribution of Rocky Mountain bighorn sheep. Journal of Wildlife Management, 39: 387-401.",
639,Density,Damuth Ref: 605,Sheldon 1975,"Sheldon, W. G., 1975. The Wilderness Home of the Giant Panda. Amherst, Massachusetts: University of Massachusetts Press. ",
640,Density,Damuth Ref: 606,Sheppe 1972,"Sheppe, W., 1972. The annual cycle of small mammal populations on a Zambian floodplain. Journal of Mammalogy, 53: 445-460. ",
641,Density,Damuth Ref: 607,Sheppe 1973,"Sheppe, W., 1973. Notes on Zambian rodents and shrews. The Puku, 7: 167-190. ",
642,Density,Damuth Ref: 735,Shkolnik 1980,"Shkolnik, A., 1980. Energy metabolism in hedgehogs: “primitive” strategies? In K. Schmidt- Nielsen, L. Bolis & C. R. Taylor (Eds), Comparative Physiology: Primitive Mammals: 148-154. Cambridge: Cambridge University Press. ",
643,Density,Damuth Ref: 608,Simms 1979,"Simms, D. A., 1979. Studies of an ermine population in southern Ontario. Canadian Journal of Zoology, 57: 824-832. ",
644,Density,Damuth Ref: 609,Sinclair 1972,"Sinclair, A. R. E., 1972. Long term monitoring of mammal populations in the Serengeti: census of non-migratory ungulates. East African Wildlife Journal, 10: 287-297. ",
645,Density,Damuth Ref: 610,Siniff 1964,"Siniff, D. B. & Skoog, R. O., 1964. Aerial censusing of caribou using stratified random sampling. Journal of Wildlife Management, 28: 391-401. ",
646,Density,Damuth Ref: 611,Skar 1971,"Skar, H.J., Hagen, A. & Ostbye, E., 1971. The bank vole (Clethrionomys glareolus (Schreber, 1780)) in south Norwegian mountain areas. Norwegian Journal of Zoology, 19: 261-266. ",
647,Density,Damuth Ref: 612,Slade 1974,"Slade, N. A. & Balph, D. F., 1974. Population ecology of Uinta ground squirrels. Ecology, 55: 989-1003. ",
648,Density,Damuth Ref: 613,Smalley 1960,"Smalley, A. E., 1960. Energy flow of a salt marsh grasshopper population. Ecology, 41: 672-677. ",
649,Density,Damuth Ref: 615,Smith 1970,"Smith, D. A. & Speller, S. W., 1970. The distribution and behavior of Peromyscus maniculatus gracilis and Peromyscus leucopus noveboracensis (Rodentia: Cricetidae) in a southeastern Ontario woodlot. Canadian Journal of Zoology, 48: 1187-1199. ",
650,Density,Damuth Ref: 616,Smith 1974,"Smith, M. H., Gentry, J. B. & Pinder, J., 1974. Annual fluctuations in small mammal population in an eastern hardwood forest. Journal of Mammalogy, 55: 231-234. ",
651,Density,Damuth Ref: 614,Smith 1979,"Smith, A. T. & Vrieze, J. M., 1979. Population structure of Everglades rodents: responses to a patchy environment. Journal of Mammalogy, 60: 778-794. ",
652,Density,Damuth Ref: 617,Smithers 1971,"Smithers, R. H. N., 1971. The mammals of Botswana. National Museums of Rhodesia (Salisbury), Museum Memoirs, 4: 1-340. ",
653,Density,Damuth Ref: 618,Smuts 1975,"Smuts, G. L., 1975. Reproduction and population characteristics of elephants in the Kruger National Park. Journal of the South African Wildlife Management Association, 5: 1-10,",
654,Density,Damuth Ref: 619,Smythe 1978,"Smythe, N., 1978. The natural history of the Central American agouti (Dasyprocta punctata). Smithsonian Contributions to Zoology, 257: 1-85.",
655,Density,Damuth Ref: 620,Soholt 1973,"Soholt, L. F., 1973. Consumption of primary productivity by a population of kangaroo rats (Dipodomys merriami) in the Mohave Desert. Ecological Monographs, 43: 357-376.",
656,Density,Damuth Ref: 621,Southern 1979,"Southern, H. N., 1979. Population processes in small mammals. In D. M. Stoddart (Ed.), Ecology of Small Mammals: 63-101. London: Chapman and Hall.",
657,Density,Damuth Ref: 622,Southwick 1972,"Southwick, C. H. & Cadigan, C. F., Jr., 1972. Populatio studies of Malaysian primates. Primates, 13: 1-18.",
658,Density,Damuth Ref: 623,Soutiere 1978,"Soutiere, E. C., 1978. The effects of timber harvesting on the marten. Dissertation Abstracts International, 39B: 2591-2592. ",
659,Density,Damuth Ref: 624,Spencer 1970,"Spencer, D. L. & Lensink, C. J., 1970. The muskox of Nunivak Island, Alaska. Journal of Wildlife Management, 34: 1-15. ",
660,Density,Damuth Ref: 625,Spinage 1970,"Spinage, C. A., 1970. Population dynamics of the Uganda defassa waterbuck (Kobus defassa ugandae Neumann) in the Queen Elizabeth Park, Uganda. Journal of Animal Ecology, 39: 51-78. ",
661,Density,Damuth Ref: 626,Spinage 1972,"Spinage, C. A., Guiness, F., Eltringham, S. K. & Woodford, M. H., 1972. Estimation of large mammal numbers in the Akagera National Park and Mutara Hunting Reserve, Rwanda. La Terre et La Vie, 26: 561-570. ",
662,Density,Damuth Ref: 627,Stachurski 1972,"Stachurski, A., 1972. Population density, biomass and maximum natality rate and food conditions in Ligidium hypnorum L. (Isopoda). Ekologia Polska, 20: 186-198. ",
663,Density,Damuth Ref: 628,Staines 1970,"Staines, B. W., 1970. A population study of red deer in Glen Dye, North-east Scotland. Mammal Review, I: 53. ",
664,Density,Damuth Ref: 629,Stevenson 1985,"Stevenson, R. D., 1985. Body size and limits to the daily range of body temperature in terrestrial ectotherms. American Naturalist, 125: 102-1 17. ",
665,Density,Damuth Ref: 630,Stewart 1963,"Stewart, D. R. M., 1963. Wildlife census—Lake Rudolf. East African Wildlife Journal, 1: 121.",
666,Density,Damuth Ref: 631,Stewart 1963,"Stewart, D. R. M. & Zaphiro, D. R. P., 1963. Biomass and density of wild herbivores in different East African habitats. Mammalia, 27: 483-496. ",
667,Density,Damuth Ref: 632,Stickel 1949,"Stickel, L. F. & Stickel, W. H., 1949. A Sigmodon and Baiomys population in ungrazed and unburned Texas prairie. Journal of Mammalogy, 9: 141-150. ",
668,Density,Damuth Ref: 633,Stickel 1960,"Stickel, L. F. & Warbach, O., 1960. Small-mammal populations in a Maryland woodlot, 1949-1954. Ecology, 41: 264-286. ",
669,Density,Damuth Ref: 634,Stockner 1971,"Stockner, J. G., 1971. Ecological energetics and natural history of Hedriodiscus truquii (Diptera) in two thermal spring communities. Journal of the Fisheries Research Board of Canada, 28: 73-94. ",
670,Density,Damuth Ref: 744,Stout 1974,"Stout, I. J. & Sonenshine, D. E., 1974. Ecology of an opossum population in Virginia, 1963-69. Acta Theriologica, 19: 235-245.",
671,Density,Damuth Ref: 635,Strickland 1967,"Strickland, D. L., 1967. Ecology of the rhinoceros in Malaya. Malayan Nature Journal, 20: 1-17.",
672,Density,Damuth Ref: 636,Struhsaker 1967,"Struhsaker, T. T., 1967.Ecology of vervet monkeys (Cercopithecus aethiops) in the Masai-Amboseli Game Reserve, Kenya. Ecology, 48; 891-904. ",
673,Density,Damuth Ref: 637,Struhsaker 1973,"Struhsaker, T. T., 1973. A recensus of vervet monkeys in the Masai-Amboseli Game Reserve, Kenya. Ecology, 54: 930-932. ",
674,Density,Damuth Ref: 638,Struhsaker 1976,"Struhsaker, T. T., 1976.A further decline in numbers of Amboseli vervet monkeys. Biotropica, 8. 211-214. ",
675,Density,Damuth Ref: 639,Struhsaker 1980,"Struhsaker, T. T., 1980. Comparison of the behaviour and ecology of red colobus and redtail monkeys in the Kibale Forest, Uganda. African Journal of Ecology, 18: 33-51. ",
676,Density,Damuth Ref: 640,Sullivan 1979,"Sullivan, T. P., 1979. Demography of populations of deer mice in coastal forests and clear-cut (logged) habitats. Canadian Journal of Zoology, 57: 1636-1648. ",
677,Density,Damuth Ref: 641,Sunderland 1976,"Sunderland, K. D., Hassall, M. & Sutton, S. L., 1976. The population dynamics of Philoscia muscorum (Crustacea, Oniscoidea) in a dune grassland ecosystem. Journal of Animal Ecology, 45: 487-506. ",
678,Density,Damuth Ref: 642,Sunquist 1982,"Sunquist, M. E., 1982. Movements and habitat use of a sloth bear. Mammalia, 46: 545-547. ",
679,Density,Damuth Ref: 643,Sussman 1975,"Sussman, R. W., 1975. A preliminary study of the behaviour and ecology of Lemur fulvus rufus Audabert 1800. In I. Tattersall & R. W. Sussman (Eds), Lemur Biology: 237-279. New York: Plenum. ",
680,Density,Damuth Ref: 644,Sutton 1968,"Sutton, S. L., 1968. The population dynamics of Trichoniscus pusillus and Philoscia muscorum (Crustacea, Oniscoidea) in limestone grassland. Journal of Animal Ecology, 37: 425-444.",
681,Density,Damuth Ref: 645,Svendsen 1974,"Svendsen, G. E., 1974. Behavioural and environmental factors in the spatial distribution and population dynamics of a yellow-bellied marmot population. Ecology, 55: 760-771. ",
682,Density,Damuth Ref: 646,Svendsen 1979,"Svendsen, G. E. & Yahner, R. H., 1979. Habitat preferences and utilization by the eastern chipmunk (Tamias striatus). Kirtlandia, 31: 1-14. ",
683,Density,Damuth Ref: 647,Swanepoel 1975,"Swanepoel, P., 1975. Small mammals of the Addo Elephant National Park. Koedoe, 18: 103-130. ",
684,Density,Damuth Ref: 648,Swanepoel 1976,"Swanepoel, P., 1976. An ecological study of rodents in northern Natal, exposed to Dieldrin coverspraying. Annals of the Cape Provincial Museums (Natural History), 11: 57-81.",
685,Density,Damuth Ref: 649,Swank 1958,"Swank, W. G., 1958. The mule deer in Arizona chaparral. Arizona Game and Fish Department Wildlife Bulletin, 3: 1-109. ",
686,Density,Damuth Ref: 650,Taber 1961,"Taber, R. D., 1961. The black-tailed deer: a review of ecology and management. LA Terre et La Vie, 15: 22 1-245. ",
687,Density,Damuth Ref: 651,Talbot 1964,"Talbot, R. M. & Stewart, D. R. M., 1964. First wildlife census of the entire Serengeti-Mara Region, East Africa. Journal of Wildlife Management, 28: 815-827. ",
688,Density,Damuth Ref: 652,Tamarin 1971,"Tamarin, R. H. & Malecha, S. R., 1971. The population biology of Hawaiian rodents: demographic parameters. Ecology, 52: 383-394.",
689,Density,Damuth Ref: 653,Tanaka 1951,"Tanaka, R., 1951. Estimation of the vole and mouse populations on Mt. Ishizuchi and on the uplands of southern Shikoku. Journal of Mammalogy, 32: 450-458. ",
690,Density,Damuth Ref: 654,Tanton 1969,"Tanton, M. T., 1969. The estimation and biology of populations of the bank vole. (Clethrionomys glareolus (Schr.)) and wood mouse (Apodemus flavicollis (L.)). Journal of Animal Ecology, 38: 511-529. ",
691,Density,Damuth Ref: 655,Tate 1952,"Tate, G. H. H., 1952. Weights of Queensland mammals. Journal of Mammalogy, 33: 117-118.",
692,Density,Damuth Ref: 656,Tattersall 1977,"Tattersall, I., 1977. Ecology and behaviour of Lemur fulvus mayottensis (Primates, Lemuriformes). Anthropological Papers on the American museum of Natural History, 54: 421-482. ",
693,Density,Damuth Ref: 657,Taylor 1976,"Taylor, K. D. & Green, M. G., 1976. The influence of rainfall on diet and reproduction in four African rodent species. Journal of Zoology (London), 180: 367-389. ",
694,Density,Damuth Ref: 658,Teer 1965,"Teer, J. G., Thomas, J. W. & Walker, E. A., 1965. Ecology and management of white-tailed deer in the Llano Basin of Texas. Wildlife Monographs, 15: 1-62.",
695,Density,Damuth Ref: 659,Tener 1963,"Tener, J. S., 1963. Queen Elizabeth Islands game survey, 1961. Canadian Wildllfe Service Occasional Papers,4: 1-50.",
696,Density,Damuth Ref: 660,Terwillinger 1978,"Terwillinger, V. J., 1978. Natural history of Baird's tapir on Barro Colorado Island, Panama Canal Zone. Biotropica, 10: 211-220.",
697,Density,Damuth Ref: 661,Thomson 1964,"Thomson, J. A. & Owen, W. H., 1964. A field study of the Australian ringtail possum Pseudocheirus peregrinus (Marsupialia: Phalangeridae). Ecological Monographs, 34: 27-52.",
698,Density,Damuth Ref: 726,Thorington 1968,"Thorington, R. W., Jr., 1968. Observations of the tamarin Saguinus midas. Folia Primatologica, 9: 95-98.",
699,Density,Damuth Ref: 662,Tinkle 1967,"Tinkle, D. W., 1967. Home range, density, dynamics, and the structure of a Texas population of the lizard Uta stansburiana. In W. W. Milstead (Ed.), Lizard Ecology: A Symposium: 5-29. Columbia, Missouri: University of Missouri Press.",
700,Density,Damuth Ref: 663,Tinley 1969,"Tinley, K. L., 1969. Dikdik Madoqua kirki in South West Africa: notes on distribution, ecology and behaviour. Madoqua, 1: 7-33.",
701,Density,Damuth Ref: 664,Todd 1981,"Todd, A. W., Keith, L. B. & Fischer, C. A., 1981. Population ecology of coyotes during a fluctuation of snowshoe hares. Journal of Wildlife Management, 45: 629-640.",
702,Density,Damuth Ref: 665,Toweill 1977,"Toweill, D. E. & Meslow, E. C., 1977. Food habits of cougars in Oregon. Journal of Wildlife Management, 41: 576-578.",
703,Density,Damuth Ref: 666,Trapp 1978,"Trapp, G. R., 1978. Comparative behavioural ecology of the ringtail and gray fox in southwestern Utah. Carnivore, 1: 3-32.",
704,Density,Damuth Ref: 667,Trent 1974,"Trent, T. T. & Rongstad, O. J., 1974. Home range and survival of cottontail rabbits in southwestern Wisconsin. Journal of Wildlife Management, 38: 459-472.",
705,Density,Damuth Ref: 668,Tudorancea 1972,"Tudorancea, C., 1972. Studies on Unionidae populations from the Crapina-Jijila complex of pools (Danube zone liable to inundation). Hydrobiologia, 39:527-561.",
706,Density,Damuth Ref: 669,Tulloch 1978,"Tulloch, D. G., 1978. The water buffalo, Bubalus bubalis, in Australia: grouping and home range. Australian Wildlife Research, 5: 327-354.",
707,Density,Damuth Ref: 670,Turner 1961,"Turner, M. & Watson, M., 1961. A census of game in Ngorogoro Crater. East African Wildlife Journal, 2: 165-166.",
708,Density,Damuth Ref: 671,Tyndale-Biscoe 1969,"Tyndale-Biscoe, C. H. & Smith, R. F. C., 1969. Studies on the marsupial glider, Schoinobates volans (Kerr). 11. Population structure and regulatory mechanisms. Journal of Animal Ecology, 38: 637-659.",
709,Density,Damuth Ref: 672,Tyson 1959,"Tyson, E. L., 1959. A deer drive vs. track census. Transactions of the North American Wildlife Conference, 24:  457-464.",
710,Density,Damuth Ref: 673,Uhlig 1957,"Uhlig, H., 1957. Gray squirrel populations in extensive forested areas of West Virginia. Journal of Wildlife Management, 21: 335-341.",
711,Density,Damuth Ref: 674,Van Den Brink 1968,"Van Den Brink, F. H., 1968. A Field Guide to the Mammals of Britain and Europe. Boston: Houghton Mifflin.",
712,Density,Damuth Ref: 675,Van Lavieren 1977,"Van Lavieren, L. P. & Bosch, M. L., 1977. Évaluation des densités de grands mammifères dans le Parc National de Bouba Ndjida, Cameroun. La Terre et La Vie, 31: 3-22.",
713,Density,Damuth Ref: 676,Vassiljevskaya 1975,"Vassiljevskaya, V. D., Ivanov, V. V., Bogatyrev, L. G., Pospelova, E. P., Shalaeva, N. M. & Grishina, L. A., 1975. Agapa, U.S.S.R. In T. Rosswall & O.W. Heal (Eds), Structure and Function of Tundra Ecosystems. Ecological Bulletin (Stockholm), 20: 141-158. ",
714,Density,Damuth Ref: 677,Vaughn 1974,"Vaughn, T. A., 1974. Resource allocation in some sympatric, subalpine rodents. Journal of Mammalogy, 55: 764-795.",
715,Density,Damuth Ref: 678,Verts 1967,"Verts, B. J., 1967. The Biology of the Striped Skunk. Urbana, Illinois: University of Illinois Press.",
716,Density,Damuth Ref: 679,Viega-Borgeaud 1982,"Viega-Borgeaud, T., 1982. Données écologiques sur Oryzomys nigripes (Desmarest, 1819) (Rongeurs; cricétidés) dans le foyer naturel de peste de Barracao dos Mendes (État de Rio de Janeiro, Brésil). Mammalia, 46 : 336-359. ",
717,Density,Damuth Ref: 680,Vincent 1969,"Vincent, J., 1969. The status of the square-lipped rhinoceros, Ceratotherium simum simum (Burchell) in Zuzuland. The Lammergeyer, 10: 12-21",
718,Density,Damuth Ref: 681,Von La Chevallerie 1970,"Von La Chevallerie, A., 1970. Meat production from wild ungulates. Proceedings of the South African Society of Animal Products, 9: 73-87.",
719,Density,Damuth Ref: 682,Von Richter 1972,"Von Richter, W., 1972. Territorial behaviour of the black wildebeest Connochaetes gnu. Zoologica Africana 7: 207-231.",
720,Density,Damuth Ref: 683,Walker 1975,"Walker, E. P., 1975. Mammals of the World. 3rd edition, 3 Vols. Baltimore: Johns Hopkins University Press.",
721,Density,Damuth Ref: 684,Ward 1974,"Ward, F. J. & Robinson, G. G. C., 1974. A review of research on the limnology of West Blur Lake, Manitoba. Journal Of the Fisheries Research Board Of Canada, 31: 977-1005.",
722,Density,Damuth Ref: 685,Waser 1976,"Waser, P. M., 1976. Cercocebsf albigena: site attachment, avoidance and intergroup spacing. American Naturalist, 110: 911-955.",
723,Density,Damuth Ref: 686,Waser 1977,"Waser, P. M., 1977. Feeding, ranging and group size in the mangebey Cercocebus albigena. In T. H. Clutton-Brock (Ed.), Primate Ecology: Studies of Feeding and Ranging Behaviour in Lemurs, Monkeys and Apes: 183-222. London: Academic Press.",
724,Density,Damuth Ref: 687,Waser 1980,"Waser, P. M., 1980. Small nocturnal carnivores: ecological studies in the Serengeti. African Journal of Ecology, 18: 167-185.",
725,Density,Damuth Ref: 688,Waters 1966,"Waters, T. F., 1966. Production rate, population density, and drift of a stream invertebrate. Ecology, 47: 595-604.",
726,Density,Damuth Ref: 690,Waters 1973,"Waters, T. F. & Crawford, G. W., 1973. Annual production of a stream mayfly population: a comparison of methods. Limnology and Oceanography, 18: 286-296.",
727,Density,Damuth Ref: 689,Waters 1977,"Waters, T. F., 1977. Secondary production in inland waters. In A. MacFayden (Ed.), Advances in Ecological Research, 10: 91-164. London: Academic Press.",
728,Density,Damuth Ref: 693,Watson 1969,"Watson, R. M., Parker, I. S. C. & Allan, T., 1969. A census of elephant and other large mammals in the Mkomasi region of Northern Tanzania and Southern Kenya. East African Wildlife Journal, 7: 11-26.",
729,Density,Damuth Ref: 691,Watson 1973,"Watson, A. & Hewson, R., 1973. Population densities of mountain hares (Lepus timidus) on western Scottish hills. Journal of Zoology (London), 170: 151-159.",
730,Density,Damuth Ref: 692,Watson Bell 1969,"Watson, R. M. & Bell, R. H. V., 1969. The distribution, abundance, and status of elephant in the Serengeti region of northern Tanzania. Journal of Applied Ecology, 6: 115-132.",
731,Density,Damuth Ref: 694,Welch 1976,"Welch, H. E., 1976. Ecology of Chironomidae (Diptera) in a polar lake. Journal of the Fisheries Research Board of Canada, 33: 227-247.",
732,Density,Damuth Ref: 695,Wells 1978,"Wells, R. T., 1978. Field observations of the hairy-nosed wombat, Lasiorhinus latifrons (Owen). Australian Wildlife Research, 5: 294-303.",
733,Density,Damuth Ref: 697,Western 1972,"Western, D. & Sindiyo, D. M., 1972. The status of the Amboseli rhino population. East African Wildlife Journal, 10: 43-57.",
734,Density,Damuth Ref: 696,Western 1974,"Western, D., 1974. The distribution, density and biomass density of lizards in a semi-arid environment of northern Kenya. East African Wildlife Journal, 12: 49-62.",
735,Density,Damuth Ref: 698,Whateley 1978,"Whateley, A. & Brooks, P. M., 1978. Numbers and movements of spotted hyaenas in Hluhluwe Game Reserve. The Lammergeyer, 26: 44-52.",
736,Density,Damuth Ref: 699,White 1975,"White, R. G., Thomson, B. R., Skogland, T., Person, S.J., Russell, D. E., Holleman, D. F. & Luick, J. R., 1975. Ecology of caribou at Prudhoe Bay, Alaska. In J. Brown (Ed.), Ecological Investigations of the Tundra Biome in the Prudhoe Bay Region, Alaska. Biological Papers of the University of Alaska, Special Report, 2: 151-201.",
737,Density,Damuth Ref: 700,Whitfield 1977,"Whitfield, D. W. A., 1977. Energy budgets and ecological efficiencies on Truelove Lowland. In L. C. Bliss (Ed.), Truelove Lowland, Devon Island, Canada: A High Arctic Ecosystem: 607-620. Edmonton: University of Alberta Press.",
738,Density,Damuth Ref: 701,Whitford 1976,"Whitford, W. G., 1976. Temporal fluctuations in density and diversity of desert rodent populations. Journal of Mammalogy, 57: 351-367.",
739,Density,Damuth Ref: 702,Whitney 1976,"Whitney, P., 1976. Population ecology of two species of subarctic microtine rodents. Ecological Monographs, 46: 85-104.",
740,Density,Damuth Ref: 703,Williams 1973,"Williams, J. M., 1973. The ecology of Rattus exulans (Peak) reviewed. Pac$c Science, 27: 120-127. ",
741,Density,Damuth Ref: 704,Williamson 1977,"Williamson, P., Cameron, R. A. D. & Carter, M. A., 1977. Population dynamics of the land snail Cepaea nemoralis L.: A Six-Year Study. Journal Of Animal Ecology, 46: 181-194",
742,Density,Damuth Ref: 707,Wilson 1964,"Wilson, V.J. & Child, G. F. T., 1964. Notes on the bushbuck (Tragelaphus scriptus) from a tsetse fly control area in Northern Rhodesia. The Puku, 2: 118-128.",
743,Density,Damuth Ref: 706,Wilson 1965,"Wilson, V. J., 1965. Observations on the greater kudu Tragelaphus strepsiceros Pallas from a tsetse control hunting scheme in Northern Rhodesia. East African Wildlife Journal, 3: 27-37.",
744,Density,Damuth Ref: 705,Wilson 1975,"Wilson, C. C. & Wilson, W. L., 1975. The influence of selective logging on primates and some other animals In East Kalimantan. Folia Primatologica, 23: 245-274.",
745,Density,Damuth Ref: 708,Wing 1970,"Wing, L. D. & Buss, I. O., 1970. Elephants and forests. Wildlife Monographs, 19: 1-92. ",
746,Density,Damuth Ref: 709,Wirtz 1972,"Wirtz, W. O., II., 1972. Population ecology of the Polynesian rat, Rattus exulans, on Kure Atoll, Hawaii. Pacific Science, 26: 433-464.",
747,Density,Damuth Ref: 710,Wolfe 1973,"Wolfe, M. L. & Allen, D. L., 1973. Continued studies of the status, socialization, and relationships of Isle Royale Wolves, 1967-1970. Journal of Mammalogy, 54: 611-633.",
748,Density,Damuth Ref: 711,Wood 1971,"Wood, D. H., 1971. The ecology of Rattus fuscipes and Melomys cervinipes (Rodentia: Muridae) in a south-east Queensland rainforest. Australian Journal Of Zoology, 19: 371-392.",
749,Density,Damuth Ref: 713,Wood 1977,"Wood, T. J. & Munroe, S. A., 1977. Dynamics of snowshoe hare populations in the Maritime Provinces. Canadian Wildlife Service Occasional Papers, 30: 1-20.",
750,Density,Damuth Ref: 712,Wood 1980,"Wood, D. H., 1980. The demography of a rabbit population in an arid region of New South Wales, Australia. Journal Of Animal Ecology, 49: 55-78.",
751,Density,Damuth Ref: 714,Wright 1978,"Wright, P. C., 1978. Home range, activity pattern, and agonistic encounters of a group of night monkeys (Aotus Trivirgatus) in Peru. Folia Primatologica, 29: 43-55.",
752,Density,Damuth Ref: 715,Yalden 1971,"Yalden, D. W., 1971. A population of the yellow-necked mouse, Apodemus flavicollis. Journal of Zoology (London), 164: 244-250.",
753,Density,Damuth Ref: 737,Yalden 1974,"Yalden, D. W., 1974. Population density in the common shrew, Sorex araneus. Journal of Zoology (London), 173: 262-264. ",
754,Density,Damuth Ref: 716,Yerger 1953,"Yerger, R. W., 1953. Home range, territoriality, and populations of the chipmunk in central New York. Journal of Mammalogy, 34: 448-458.",
755,Density,Damuth Ref: 717,Yong Hoi Sen. 1969,"Yong Hoi Sen., 1969. Rats from Kedah Peak (Gunong Jerai), Kedah. Malayan .Nature Journal, 22: 53-56.",
756,Density,Damuth Ref: 718,Young 1982,"Young, B. F. & Ruff, R. L., 1982. Population dynamics and movements of black bears in east central Alberta. Journal of Wildlife Management, 46: 845-860.",
757,Density,Damuth Ref: 719,Youngman 1956,"Youngman, P. M., 1956. A population of the striped field mouse, Apodemus agrarius coreae, in central Korea. Journal of Mammalogy, 37: 1-10.",
758,Density,Damuth Ref: 720,Zegers 1979,"Zegers, D. A. & Williams, O., 1979. Energy flow through a population of Richardson’s ground squirrels. Acta Theriologica, 24: 221-235.",
759,Density,Damuth Ref: 721,Zelenka 1965,"Zelenka, G., 1965. Observations sur l’écologie de la marmotte des alpes. La Terre et La Vie, 20: 238-256.",
760,Density,Damuth Ref: 722,Zelinka 1973,"Zelinka, M., 1973. Die Eintagsfliegen (Ephemeroptera) in Forellenbachen der Beskiden. 11.-Produktion. Hydrobiologia, 42: 13-19.",
761,Density,Damuth Ref: 723,Zervanos 1973,"Zervanos, S. M. & Hadley, N. F., 1973. Adaptional biology and energy relationships of the collared peccary (Tayassu tajacu). Ecology, 54: 759-774.",
762,Density,Damuth Ref: 724,Zirul 1970,"Zirul, D. L. & Fuller, W. A,, 1970. Winter fluctuations in size of home range of the red squirrel (Tamiasciurus hudsonicus). Transactions of the North American Wild& Conference, 35: 115-127.",
763,Density,Fish,Alexander and Merrill 1976,"Alexander, D. R., and S. P. Merrill. 1976. The unexploited brook trout population of Big Indian Lake, Nova Scotia - vital statistics and potential fisheries. Technical Report. Halifax, N.S.: Environment Canada Fisheries and Marine Service Freshwater and Anadromous Division Resource Branch Maritimes Region.",
764,Density,Fish,Alexander et al. 1986,"Alexander, D. R., J. J. Kerekes, and B. C. Sabean. 1986. Description of Selected Lake Characteristics and Occurrence of Fish Species in 781 Nova Scotia Lakes. Proceedings Nova Scotian Institute of Science 36: 63-106.",
765,Density,Fish,Arvola 1983,"Arvola, L. 1983. Primary production and phytoplankton in two small, polyhumic forest lakes in southern Finland. Hydrobiologia 101, no. 1-2 (April): 105-110. doi:10.1007/BF00008661.",
766,Density,Fish,Balon 1972,"Balon, E. K. 1972. Possible fish stock size assessment and available production survey as developed on Lake Kariba. African Journal of Tropical Hydrobiology and Fisheries 1: 45-73.",
767,Density,Fish,Balon 1974,"Balon, E. K. 1974. Fish production of a tropical ecosystem. In Lake Kariba: a Manmade Tropical Ecosystem in Central Africa, ed. E. K. Balon and A. G. Coche, 249-676. The Hague, Netherlands: W. Junk Publishers.",
768,Density,Fish,Bohlin 1994,"Bohlin, T., C. Dellefors, U. Faremo, and A. Johlander. 1994. The energetic equivalence hypothesis and the relation between population density and body size in stream-living salmonids. The American Naturalist 143:478–493.",
769,Density,Fish,Chadwick 1976,"Chadwick, E. M. P. 1976. Ecological fish production in a small Precambrain shield lake. Environmental Biology of Fishes 1, no. 1: 13-60.",
770,Density,Fish,Ciepielwski 1981,"Ciepielewski, W. 1981. Population of pike (Esox lucius L.) in pond type Lake Warniak in 1969-1978. Polish Journal of Ecology 29, no. 1: 35-51.",
771,Density,Fish,Coche 1974,"Coche, A. G. 1974. Limnological study of a tropical reservoir. In Lake Kariba: a Manmade Tropical Ecosystem in Central Africa, ed. E. K. Balon and A. G. Coche, 1-247. The Hague, Netherlands: W. Junk Publishers.",
772,Density,Fish,Craig 1980,"Craig, J. F. 1980. Growth and Production of the 1955 to 1972 Cohorts of Perch, Perca fluviatilis L., in Windermere. Journal of Animal Ecology 49, no. 1 (February 1): 291-315. doi:10.2307/4290.",
773,Density,Fish,Downing and Plante 1993,"Downing, J. A., and C. Plante. 1993. Production of Fish Populations in Lakes. Canadian Journal of Fisheries and Aquatic Sciences 50, no. 1 (January): 110-120. doi:10.1139/f93-013.",
774,Density,Fish,Downing et al. 1990,"Downing, J. A., C. Plante, and S. Lalonde. 1990. Fish Production Correlated with Primary Productivity, not the Morphoedaphic Index. Canadian Journal of Fisheries and Aquatic Sciences 47, no. 10 (October): 1929-1936. doi:10.1139/f90-217.",
775,Density,Fish,Downing et al. 1990,"Downing, J. A., C. Plante, and S. Lalonde. 1990. Fish Production Correlated with Primary Productivity, not the Morphoedaphic Index. Canadian Journal of Fisheries and Aquatic Sciences 47, no. 10 (October): 1929-1936. doi:10.1139/f90-217.",
776,Density,Fish,Dunn et al. 1969,"Dunn, I. G., G. G. Ganf, L. M. McGowan, and A. B. Viner. 1969. Lake George, Uganda: a limnological survey. Verhandlungen Internationale Vereinigung Limnologie 17: 284-288.",
777,Density,Fish,Edmondson and Lehman 1981,"Edmondson, W. T., and John T. Lehman. 1981. The Effect of Changes in the Nutrient Income on the Condition of Lake Washington. Limnology and Oceanography 26, no. 1 (January 1): 1-29.",
778,Density,Fish,Edmonson 1977,"Edmondson, W. T. 1977. Recovery of Lake Washington from Eutrophication. In Recovery and restoration of damaged ecosystems, ed. J. Cairns Jr., K. L. Dickson, and E. E. Herricks, 102-109. Virginia: University Press Virginia.",
779,Density,Fish,Efford 1972,"Efford, I. E. 1972. An interim review of the Marion Lake project. In Productivity problems in freshwaters, ed. Z. Kajak and A. Hillbricht-Ilkowska, 89-109. Warszawa-Krakow, Poland: PWN Polish Scientific Publishers.",
780,Density,Fish,Eggers et al. 1978,"Eggers, D. M., N. W. Bartoo, N. A. Rickard, R. E. Nelson, R. C. Wissmar, R. L. Burgner, and A. H. Devol. 1978. The Lake Washington Ecosystem: The Perspective from the Fish Community Production and Forage Base. Journal of the Fisheries Research Board of Canada 35, no. 12 (December): 1553-1571. doi:10.1139/f78-246.",
781,Density,Fish,Eloranta and Palomaeki 1986,"Eloranta, P., and A. Palomaeki. 1986. Phytoplankton in lake Konnevesi with special reference to eutrophication of the lake by fish farming. Aqua Fennica 16, no. 1: 37-45.",
782,Density,Fish,Fraser 1981,"Fraser, J. M. 1981. Estimates of the Standing Stocks of Fishes in Four Small Precambrian Shield Lakes. Canadian Field Naturalist 95, no. 2: 137–143.",
783,Density,Fish,Ganf 1974,"Ganf, G. G. 1974. Rates of oxygen uptake by the planktonic community of a shallow equatorial lake (Lake George, Uganda). Oecologia 15, no. 1: 17-32. doi:10.1007/BF00345226.",
784,Density,Fish,Gerking 1962,"Gerking, S. D. 1962. Production and Food Utilization in a Population of Bluegill Sunfish. Ecological Monographs 32, no. 1 (January 1): 31-78. doi:10.2307/1942360.",
785,Density,Fish,Gerking 1964,"Gerking, S. D. 1964. Timing and magnitude of the production of a bluegill sunfish population and its food supply. Verhandlungen Internationale Vereinigung Limnologie 15: 496-503.",
786,Density,Fish,Goldspink 1978,"Goldspink, C. R. 1978. The population density, growth rate and production of bream, Abramis brama, in Tjeukemeer. Journal of Fish Biology 13: 499-517.",
787,Density,Fish,Goldspink 1979,"Goldspink, C. R. 1979. The population density, growth rate and production of roach Rutilus mtilus (L.) in Tjeukemeer, The Netherlands. Journal of Fish Biology 15, no. 4 (October 1): 473-498. doi:10.1111/j.1095-8649.1979.tb03632.x.",
788,Density,Fish,Gulin and Rudenko 1973,"Gulin, V. V., and G. P. Rudenko. 1973. Procedure for assessment of fish production in lakes. Journal of Ichthyology 13: 813-823.",
789,Density,Fish,Gwahaba 1973,"Gwahaba, J. J. 1973. Effects of fishing on the Tilapia nilotica (Linne‘ 1757) population in Lake George, Uganda over the past 20 years. African Journal of Ecology 11, no. 3_4 (December 1): 317-328. doi:10.1111/j.1365-2028.1973.tb00096.x.",
790,Density,Fish,Halyk and Balon 1983,"Halyk, L. C., and E. K. Balon. 1983. Structure and ecological production of the fish taxocene of a small floodplain system. Canadian Journal of Zoology 61, no. 11 (November): 2446-2464. doi:10.1139/z83-326.",
791,Density,Fish,Holcik 1970,"Holcik, J. 1970. Standing crop, abundance, production and some ecological aspects of fish populations in some inland water of Cuba. Vëstnik Ceskoslovenské Zoologické Spolecnosti 33: 184-201.",
792,Density,Fish,Jester 1971,"Jester, D. B. 1971. Effects of commercial fishing, species introductions, and drawdown control on fish populations in Elephant Butte Reservoir, New Mexico. Reservoir Fisheries and Limnology, American Fisheries Society 8: 265-285.",
793,Density,Fish,Jester 1972,"Jester, D. B. 1972. Life History, Ecology and Management of the River Carpsucker, Carpiodes Carpio (Rafinesque) with Reference to Elephant Butte Lake. Agric. Exp. Stn. Res. Rep. 243. Las Cruces, N.M.: New Mexico State University.",
794,Density,Fish,Jester 1976,"Jester, D. B. 1976. Production of rough or commercial fishes in Elephant Butte Lake, New Mexico. Transactions of the American Fisheries Society 2: 222-231.",
795,Density,Fish,Johansson 1983,"Johansson, J. A. 1983. Seasonal development of bacterioplankton in two forest lakes in central Sweden. Hydrobiologia 101, no. 1-2 (April): 71-87. doi:10.1007/BF00008659.",
796,Density,Fish,Kelso 1985,"Kelso, J. R. M. 1985. Standing Stock and Production of Fish in a Cascading Lake System on the Canadian Shield. Canadian Journal of Fisheries and Aquatic Sciences 42, no. 7 (July): 1315-1320. doi:10.1139/f85-164.",
797,Density,Fish,Kelso 1988,"Kelso, J. R. M. 1988. Fish Community Structure, Biomass, and Production in the Turkey Lakes Watershed, Ontario. Canadian Journal of Fisheries and Aquatic Sciences 45, no. S1 (December): s115-s120. doi:10.1139/f88-275.",
798,Density,Fish,Kelso and Johnson 1991,"Kelso, J. R. M., and M. G. Johnson. 1991. Factors Related to the Biomass and Production of Fish Communities in Small, Oligotrophic Lakes Vulnerable to Acidification. Canadian Journal of Fisheries and Aquatic Sciences 48, no. 12 (December): 2523-2532. doi:10.1139/f91-293.",
799,Density,Fish,Kelso and Ward 1972,"Kelso, J. R. M., and F. J. Ward. 1972. Vital Statistics, Biomass, and Seasonal Production of an Unexploited Walleye (Stizostedion vitreum vitreum) Population in West Blue Lake, Manitoba. Journal of the Fisheries Research Board of Canada 29, no. 7 (July): 1043-1052. doi:10.1139/f72-150.",
800,Density,Fish,Kelso and Ward 1977,"Kelso, J. R. M., and F. J. Ward. 1977. Unexploited Percid Populations of West Blue Lake, Manitoba, and their Interactions. Journal of the Fisheries Research Board of Canada 34, no. 10 (October): 1655-1669. doi:10.1139/f77-230.",
801,Density,Fish,Kloster 1978,"Kloster, Asbjørn Elias. 1978. Physical and chemical properties of the waters of Øvre Heimdalen. Ecography 1, no. 2_3 (April 1): 117-123. doi:10.1111/j.1600-0587.1978.tb00947.x.",
802,Density,Fish,Krogius et al. 1972,"Krogius, F. V., E. M. Krokhin, and V. V. Menshutkin. 1972. The modelling of the ecosystem Lake Dalnee on an electronic computer. In Productivity problems in freshwaters, ed. Z. Kajak and A. Hillbricht-Ilkowska, 149-164. Warszawa-Krakow, Poland: PWN Polish Scientific Publishers.",
803,Density,Fish,Lam et al. 1986,"Lam, D. C. L., A. G. Bobba, D. S. Jeffries, and J. R. M. Kelso. 1986. Relationships of spatial gradients of primary production, buffering capacity, and hydrology in Turkey Lakes Watershed. In Impact of acid rain and deposition on aquatic biological systems, ASTM STP 928, ed. Billy G. Isom, Sally D. Dennis, and John Morton Bates, 42-53. Philadelphia: American Society for Testing and Materials, August.",
804,Density,Fish,Lappalainen et al. 1988,"Lappalainen, Antti, Martti Rask, and Pekka J. Vuorinen. 1988. Acidification affects the perch, Perca fluviatilis, populations in small lakes, of southern Finland. Environmental Biology of Fishes 21, no. 3 (March): 231-239. doi:10.1007/BF00004866.",
805,Density,Fish,LeCren 1969,"LeCren, E. D. 1969. Estimates of fish populations and production in small streams in England. In Symposium on salmon and trout in streams, ed. T. G. Northcote, 269–280. Vancouver: MacMillan Lecture, University of British Columbia.",
806,Density,Fish,LeCren 1976,"LeCren, E. D. 1976. The Productivity of Freshwater Communities. Philosophical Transactions of the Royal Society of London. Series B, Biological Sciences 274, no. 934 (July 1): 359-374.",
807,Density,Fish,Lien 1978,"Lien, L. 1978. The Energy Budget of the Brown Trout Population of Øvre Heimdalsvatn. Holarctic Ecology 1, no. 2/3 (January 1): 279-300.",
808,Density,Fish,Lien 1981,"Lien, L. 1981. Biology of the minnow Phoxinus phoxinus and its interactions with brown trout Salmo trutta in Øvre Heimdalsvatn, Norway. Ecography 4, no. 3 (September 1): 191-200. doi:10.1111/j.1600-0587.1981.tb00997.x.",
809,Density,Fish,Lind et al. 1973,"Lind, E. A., M. Hytinkoski, M. Keranen, and O. Kukko. 1973. Spawning and population structure of the roach, Rutilus rutilus L., in Lake Kiutajarvi, NE-Finland. Ichthyol Fenn Borealis 1: 1-30.",
810,Density,Fish,Lind et al. 1974,"Lind, E. A., T. Ellonen, M. Keranen, and O. Kukko. 1974. Population structure and production of the perch, Perca fluviatilis L., in Lake Kiutajarvi, NE-Finland. Ichthyol Fenn Borealis 3: 116-159.",
811,Density,Fish,Lobon-Cervia and Penczak 1984,"Lobon_Cervia, J., and T. Penczak. 1984. Fish production in the Jarama River, Central Spain. Ecography 7, no. 2 (May 1): 128-137. doi:10.1111/j.1600-0587.1984.tb01113.x.",
812,Density,Fish,MacCallum and Regier 1984,"MacCallum, W. R., and H. A. Regier. 1984. The biology and bioenergetics of Arctic charr in Char Lake, NWT, Canada. In Biology of Arctic Charr. Proceedings of the International Symposium on Arctic Charr, ed. L. Johnson and B. L. Burns, 329–340. Winnipeg: University of Manitoba Press.",
813,Density,Fish,Mahon 1976,"Mahon, R. 1976. A second look at bluegill production in Wyland Lake, Indiana. Environmental Biology of Fishes 1, no. 1: 85-86. doi:10.1007/BF00761731.",
814,Density,Fish,Mahon and Balon 1977,"Mahon, Robin, and Eugene K. Balon. 1977. Fish production in Lake Kariba, reconsidered. Environmental Biology of Fishes 1, no. 2 (March): 215-218. doi:10.1007/BF00000414.",
815,Density,Fish,Mahon and Balon 1977b,"Mahon, R., and E. K. Balon. 1977. Ecological fish production in Long Pond, a lakeshore lagoon on Long Point, Lake Erie. Environmental Biology of Fishes 2, no. 3 (December): 261-284. doi:10.1007/BF00005994.",
816,Density,Fish,Mahon and Balon 1985,"Mahon, R., and E. K. Balon. 1985. Fish Production in Warmwater Streams in Poland and Ontario. Canadian Journal of Fisheries and Aquatic Sciences 42, no. 6 (June): 1211-1215. doi:10.1139/f85-148.",
817,Density,Fish,Mahon et al. 1979,"Mahon, Robin, Eugene K. Balon, and David L. G. Noakes. 1979. Distribution, community structure and production of fishes in the upper Speed River, Ontario: a preimpoundment study. Environmental Biology of Fishes 4, no. 3 (August): 219-244. doi:10.1007/BF00005480.",
818,Density,Fish,Mann 1971,"Mann, R. H. K. 1971. The Populations, Growth and Production of Fish in Four Small Streams in Southern England. Journal of Animal Ecology 40, no. 1 (February 1): 155-190. doi:10.2307/3336.",
819,Density,Fish,Mills 1985,"Mills, K. H. 1985. Responses of Lake Whitefish (Coregonus clupeaformis) to Fertilization of Lake 226, the Experimental Lakes Area. Canadian Journal of Fisheries and Aquatic Sciences 42, no. 1 (January): 129-138. doi:10.1139/f85-016.",
820,Density,Fish,Mills and Eloranta 1985,"Mills, C. A., and A. Eloranta. 1985. The biology of Phoxinus phoxinus (L.) and other littoral zone fishes in Lake Konnevesi, central Finland. Annales Zoologici Fennici 22, no. 1: 1-12.",
821,Density,Fish,Miura and Tanaka 1975,"Miura, T., and S. Tanaka. 1975. Secondary production. Fish. In Productivity of communities in Japanese Inland waters, ed. S. Mori and G. Yamamoto, 398-402. JIBP Synthesis 10. JINP-PF REs. Group Acid Lakes in Urabandai.",
822,Density,Fish,Morgan 1972,"Morgan, N. C. 1972. Productivity studies at Loch Leven (a shallow nutrient rich lowland lake). In Productivity problems in freshwaters, ed. Z. Kajak and A. Hillbricht-Ilkowska, 183-205. Warszawa-Krakow, Poland: PWN Polish Scientific Publishers.",
823,Density,Fish,Mortimer and Worthington 1942,"Mortimer, C. H., and E. B. Worthington. 1942. Morphometric Data for Windermere. Journal of Animal Ecology 11, no. 2 (November 1): 245-247. doi:10.2307/1359.",
824,Density,Fish,Nakanishi 1975,"Nakanishi, M. 1975. Primary production by phytoplankton. In Productivity of communities in Japanese Inland waters, ed. S. Mori and G. Yamamoto, 398-402. JIBP Synthesis 10. JINP-PF REs. Group Acid Lakes in Urabandai.",
825,Density,Fish,Nyberg 1979,"Nyberg, P. 1979. Production and food consumption of perch, Perca fluviatilis L., in two Swedish forest lakes. Rep. Inst. Freshwat. Res. Drottningholm 58: 140-157.",
826,Density,Fish,O'Connor and Power 1973,"O’Connor, J. F., and G. Power. 1973. Trout Production and Eels in Bill Lake, Saguenay County, Quebec. Journal of the Fisheries Research Board of Canada 30, no. 9 (September): 1398-1401. doi:10.1139/f73-228.",
827,Density,Fish,Penczak 1981,"Penczak, T. 1981. Ecological fish production in two small lowland rivers in Poland. Oecologia 48, no. 1 (February): 107-111. doi:10.1007/BF00346995.",
828,Density,Fish,Penczak et al. 1982,"Penczak, T., E. Suszycka, and M. Molinski. 1982. Production, consumption and energy transformation by fish populations in a small lowland river. Ekologia Polska 30: 112–137.",
829,Density,Fish,Penczak et al. 1985,"Penczak, T., J. Jankov, T.S.J. Dikov, and M. Zalewski. 1985. Fish production in the Mesta River, Rila Mountain, Samokov, Bulgaria. Fisheries Research 3: 201-221. doi:16/0165-7836(85)90022-0.",
830,Density,Fish,Plante 1987,"Plante, C. 1987. Prediction de la production secondaire en milieu aquatique. M.Sc. Thesis, Montreal: Universite de Montreal.",
831,Density,Fish,Portt 1980,"Portt, C. B. 1980. Fish production and the relationship between production and biomass in two southern Ontario streams. M.Sc. Thesis, Guelph, ON: University of Guelph.",
832,Density,Fish,Ramberg 1976,"Ramberg, L. 1976. Relations between phytoplankton and environment in two Swedish forest lakes. Ph.D. Thesis, Uppsala: Uppsala University.",
833,Density,Fish,Randall et al. 1989,"Randall, R. G., R. R. Claytor, E. M. P. Chadwick, and E. Mortensen. 1989. Comparative production of Salmo salar (Atlantic salmon) and Salmo trutta (Brown trout) in a small Nova Scotia stream. Proceedings of the Nova Scotian Institute of Science 39, no. 3: 99–109.",
834,Density,Fish,Randall et al. 1995,"Randall, R. G., C. K. Minns, and J. R. M. Kelso. 1995. Fish production in freshwaters: Are rivers more productive than lakes? Canadian Journal of Fisheries and Aquatic Sciences 52, no. 3 (March): 631-643. doi:10.1139/f95-063.",
835,Density,Fish,Randall et al. 1995,"Randall, R. G., C. K. Minns, and J. R. M. Kelso. 1995. Fish production in freshwaters: Are rivers more productive than lakes? Canadian Journal of Fisheries and Aquatic Sciences 52, no. 3 (March): 631-643. doi:10.1139/f95-063.",
836,Density,Fish,Rask 1984,"Rask, M. 1984. The effect of low pH on perch, Perca fluviatilis L. 3. The perch population in small, acidic, extremely humic forest lake. Annales Zoologici Fennici 21, no. 1: 15-22.",
837,Density,Fish,Rask and Arvola 1985,"Rask, M., and L. Arvola. 1985. The biomass and production of pike, perch and whitefish in two small lakes in southern Finland. Annales Zoologici Fennici 22, no. 2: 129-136.",
838,Density,Fish,Rask et al. 1986,"Rask, M., A. Heinaenen, K. Salonen, L. Arvola, I. Bergstroem, M. Liukkonen, and A. Ojala. 1986. The limnology of a small, naturally acidic, highly humic forest lake. Archiv fur Hydrobiologie 106, no. 3: 351-371.",
839,Density,Fish,Rigler 1975,"Rigler, F. H. 1975. The Char Lake Project. In Energy flow - its biological dimensions. A summary of the IBP in Canada, 1964-1974, ed. T. W. M. Cameron and L. W. Billingsley. Ottawa, Ontario: Royal Society of Canada.",
840,Density,Fish,Rigler 1978,"Rigler, F. H. 1978. II. Lakes. I. North America. Limnology in the high arctic: a case study of Char Lake. Verhandlungen Internationale Vereinigung Limnologie 20: 127-140.",
841,Density,Fish,Rupp and DeRoche 1965,"Rupp, R. S., and S. E. DeRoche. 1965. Standing crops of fishes in three small lakes compared with C14 estimates of net primary productivity. Transactions of the American Fisheries Society 94, no. 1: 9–25.",
842,Density,Fish,Sarrka 1972,"Sarrka, J. 1972. The bottom megafauna of the oligotrophic Lake Konnevesi, Finland. Annales Zoologici Fennici 9: 141-146.",
843,Density,Fish,Saunders and Power 1970,"Saunders, L. H., and G. Power. 1970. Population Ecology of the Brook Trout, Salvelinus fontinalis, in Matamek Lake, Quebec. Journal of the Fisheries Research Board of Canada 27, no. 3 (March): 413-424. doi:10.1139/f70-051.",
844,Density,Fish,Scheffer and Robinson 1939,"Scheffer, V. B., and R. J. Robinson. 1939. A Limnological Study of Lake Washington. Ecological Monographs 9, no. 1 (January 1): 95-143. doi:10.2307/1943256.",
845,Density,Fish,Staples 1975a,"Staples, D. J. 1975. Production biology of the upland bully Philypnodon breviceps Stokell in a small New Zealand lake. I. Life history, food, feeding and activity rhythms. Journal of Fish Biology 7, no. 1 (January 1): 1-24. doi:10.1111/j.1095-8649.1975.tb04573.x.",
846,Density,Fish,Staples 1975b,"Staples, D. J. 1975. Production biology of the upland bully Philypnodon breviceps Stokell in a small New Zealand lake. III. Production, food consumption and efficiency of food utilization. Journal of Fish Biology 7, no. 1 (January 1): 47-69. doi:10.1111/j.1095-8649.1975.tb04573.x.",
847,Density,Fish,Tangen and Brettum 1978,"Tangen, K., and P. Brettum. 1978. Phytoplankton and Pelagic Primary Productivity in Øvre Heimdalsvatn. Holarctic Ecology 1, no. 2/3 (January 1): 128-147.",
848,Density,Fish,Thorpe 1974,"Thorpe, J. E. 1974. Trout and perch populations at Loch Leven, Kinross. Proceedings of the Royal Society of Edinburgh 74: 295-313.",
849,Density,Fish,Tikka and Paasivirta 1979,"Tikka, J., and L. Paasivirta. 1979. Growth, population size and production of perch (Perca fluviatilis L.) in two forest lakes at Evo, Southern Finland. NCE Symp. Ecol. Small For. Lakes 19: 95-100.",
850,Density,Fish,Vareschi 1982,"Vareschi, E. 1982. The Ecology of Lake Nakuru (Kenya). III. Abiotic Factors and Primary Production. Oecologia 55, no. 1 (January 1): 81-101.",
851,Density,Fish,Vareschi and Jacobs 1984,"Vareschi, E., and J. Jacobs. 1984. The Ecology of Lake Nakuru (Kenya). V. Production and Consumption of Consumer Organisms. Oecologia 61, no. 1 (January 1): 83-98.",
852,Density,Fish,Vareschi and Jacobs 1985,"Vareschi, E., and J. Jacobs. 1985. The Ecology of Lake Nakuru. VI. Synopsis of Production and Energy Flow. Oecologia 65, no. 3 (January 1): 412-424.",
853,Density,Fish,Wali et al. 1972,"Wali, M. K., G. K. Gruendling, and D. W. Blinn. 1972. Observations on the nutrient composition of a freshwater lake ecosystem. Archiv fur Hydrobiologie 69: 452-464.",
854,Density,Fish,Ward and Robinson 1974,"Ward, F. J., and G. G. C. Robinson. 1974. A Review of Research on the Limnology of West Blue Lake, Manitoba. Journal of the Fisheries Research Board of Canada 31, no. 5 (May): 977-1005. doi:10.1139/f74-112.",
855,Density,Fish,Watson and Balon 1984,"Watson, D. J., and E. K. Balon. 1984. Structure and production of fish communities in tropical rain forest streams of northern Borneo. Canadian Journal of Zoology 62, no. 5 (May): 927-940. doi:10.1139/z84-131.",
856,Density,Fish,Winberg et al. 1972,"Winberg, G. G., V. A. Babitsky, S. I. Gavrilov, G. V. Gladky, I. S. Zakharenkov, R. Z. Kovalevskaya, T. M. Mikheeva, et al. 1972. Biological productivity of different types of lakes. In Productivity problems of freshwaters, ed. Z. Kajak and A. Hillbricht-Ilkowska, 383–404. Warszawa-Krakow, Poland: PWN Polish Scientific Publishers.",
857,Density,Fish,Zachweja 1973,"Zachwieja, J. 1973. Experimentally increased fish stock in the pond type Lake Warniak. I. Physical and chemical conditions in lake water. Ekologia Polska 21, no. 27: 405-422.",
858,Density,Mammal,Altmann 1985,"Altmann, Jeanne, Glenn Hausfater, and Stuart A Altmann. 1985. Demography of Amboseli baboons, 1963–1983. American Journal of Primatology 8, no. 2 (January 1): 113-125. doi:10.1002/ajp.1350080204.",
859,Density,Mammal,Amboseli Ecosystem Workshop 2009,"Amboseli Ecosystem Workshop. 2009. The impact of the 2009 drought on wildlife, livestock and tourism in the Amboseli Ecosystem: Recommendations for prompt action and ecosystem restoration. In Amboseli Ecosystem Workshop. December 9.",
860,Density,Mammal,Bailey 1993,"Bailey, Theodore N. 1993. The African Leopard: Ecology and Behavior of a Solitary Felid. New York: Columbia University Press.",
861,Density,Mammal,Ballard et al. 1987,"Ballard, Warren B., Jackson S. Whitman, and Craig L. Gardner. 1987. Ecology of an Exploited Wolf Population in South-Central Alaska. Wildlife Monographs, no. 98 (July 1): 3-54.",
862,Density,Mammal,Ballard et al. 1991,"Ballard, Warren B., Jackson S. Whitman, and Daniel J. Reed. 1991. Population Dynamics of Moose in South-Central Alaska. Wildlife Monographs, no. 114 (January 1): 3-49.",
863,Density,Mammal,Bandhavgarh Climate/Bandhavgarh National Park,Anon. Bandhavgarh Climate. Bandhavgarh National Park. http://www.bandhavgarh.co.in/bandhavgarh-weather.html.,
864,Density,Mammal,Baral et al. 2002,"Baral, N., B. Tamnag, and N. Timilsina. 2002. Status of Bengal Florican Houbaropsis begalensis in Royal Bardia National Park, Nepal. Journal of Bombay  Natural History Society 99, no. 3 (December): 413-417.",
865,Density,Mammal,Barlow et al. 2009,"Barlow, Adam C. D., Charles McDougal, James L. D. Smith, Bhim Gurung, Shiv R. Bhatta, Sukram Kumal, Baburam Mahato, and Dhan B. Tamang. 2009. Temporal Variation in Tiger (Panthera tigris) Populations and Its Implications for Monitoring. Journal of Mammalogy 90, no. 2 (April): 472-478. doi:10.1644/07-MAMM-A-415.1.",
866,Density,Mammal,Bauer and Van Der Merwe 2004,"Bauer, H., and S. Van Der Merwe. 2004. Inventory of Free-Ranging Lions Panthera Leo in Africa. Oryx 38, no. 01: 26-31. doi:10.1017/S0030605304000055.",
867,Density,Mammal,BBC,"BBC. Leopard facts. Big Cat Live, BBC One. http://www.bbc.co.uk/bigcat/animals/leopards/leopards.shtml.",
868,Density,Mammal,Bennitt 2008,"Bennitt, Emily. 2008. The ecology of the African Buffalo (Syncerus caffer) in the Okavango Delta, Botswana: First Year Report. http://www.okavango-buffalo-research.com/project.html.",
869,Density,Mammal,Berezin 2003,"Berezin, A.V., 2003. Ecology of hares in the Omsk region. In: Orlov, V.N. (Ed.), Teriofauna of Russia and Adjacent Territories (VIIth Meeting of the Teriological Society). Proceedings of the International Meeting, 6–7 February, 2003, Moscow, Teriological Society, p. 38. ",
870,Density,Mammal,Bergerud et al. 1983,"Bergerud, A. T., W. Wyett, and B. Snider. 1983. The Role of Wolf Predation in Limiting a Moose Population. The Journal of Wildlife Management 47, no. 4 (October 1): 977-988. doi:10.2307/3808156.",
871,Density,Mammal,Berry 1996,"Berry, Hu. 1996. Overview of Past, Present and Future for Namibia’s Lions. Walvis Bay: Namib Research Institute, Ministry of Environment and Tourism.",
872,Density,Mammal,Berry 1997,"Berry, H. H. 1997. Historical review of the Etosha Region and its subsequent administration as a National Park. Ed. P. M Lindeque and M. Lindeque. Madoqua 20, no. 1: 3-12.",
873,Density,Mammal,Bertram 1979,"Bertram, B. C. R. 1979. Serengeti Predators and Their Social Systems. In Serengeti: Dynamics of an Ecosystem, ed. A. R. E. Sinclair and M. Norton-Griffiths, 221-248. Chicago: University of Chicago Press.",
874,Density,Mammal,Bjorge and Gunson 1989,"Bjorge, R. R., and J. R. Gunson. 1989. Wolf, Canis lupus , population characteristics and prey relationships near Simonette River, Alberta. Canadian Field-Naturalist 103, no. 3: 327-334.",
875,Density,Mammal,Bonyongo 2004,"Bonyongo, C. 2004. The ecology of the large herbivores in the Okavango Delta, Botswana. Ph.D. Thesis, UK: School of Biological Sciences, University of Briston.",
876,Density,Mammal,Borner et al. 1987,"Borner, M., C. D. FitzGibbon, M. Borner, T. M. Caro, W. K. Lindsay, D. A. Collins, and M. E. Holt. 1987. The decline of the Serengeti Thomson’s gazelle population. Oecologia 73, no. 1: 32-40.",
877,Density,Mammal,Bothma and Walker 1999,"Bothma, J. du, and Clive Walker. 1999. Larger carnivores of the African savannas. Berlin and New York: Springer.",
878,Density,Mammal,Bowland 1994,"Bowland, A. E. 1994. The 1990/1991 cheetah photographic survey. Scientific report 6/94. Skukuza, South Africa: National Parks Board.",
879,Density,Mammal,Bowler 1991,"Bowler, M. 1991. Implications of large predator management on commercial ranchland in Zimbabwe. MSc thesis, Harare: University of Zimbabwe.",
880,Density,Mammal,BPCTrust 2010,BPCTrust. 2010. Predator Conservation Program. Botswana Predator Conservation Trust. http://www.bpctrust.org/predator-conservation-program.asp.,
881,Density,Mammal,Brooks and Macdonald 1983,"Brooks, P. M., and I. A. W. Macdonald. 1983. The Hluhluwe-Umfolozi Reserve: An ecological case history. In Management of large mammals in African conservation areas, ed. R. N. Owen-Smith. 1st ed. Pretoria: HAUM.",
882,Density,Mammal,Broten and Said 1995,"Broten, M. D., and M. Said. 1995. Population Trends of Ungulates in and around Kenya’s Masai Mara Reserve. In Serengeti II: Dynamics, Management, and Conservation of an Ecosystem, ed. A. R. E. Sinclair and P. Arcese, 169-193. Chicago: University of Chicago Press.",
883,Density,Mammal,Burger 1999,"Burger, T. 1999. Population Ecology of the Lion Panthera leo in the Etosha National Park, Namibia. Internal Report. Namibia: Etosha Ecological Institute.",
884,Density,Mammal,Campbell and Borner 1995,"Campbell, K., and M. Borner. 1995. Long-Term Trends in Herbivore Populations of the Ngorongoro Crater, Tanzania. In Serengeti II: Dynamics, Management, and Conservation of an Ecosystem, ed. A. R. E. Sinclair and P. Arcese, 117-145. Chicago: University of Chicago Press.",
885,Density,Mammal,Caraco and Wolf 1975,"Caraco, T., and L. L. Wolf. 1975. Ecological determinants of group sizes of foraging lions. American Naturalist: 343-352.",
886,Density,Mammal,Carbyn 1974,"Carbyn, L.N. 1974. Wolf predation and behavioural interaction with elk and other ungulates in an area of high prey density. Edmonton: Canadian Wildlife Service Rep.",
887,Density,Mammal,Carbyn 1982,"Carbyn, L. N. 1982. Incidence of disease and its potential role in the population dynamics of wolves in Riding Mountain National Park, Manitoba. In Wolves: a worldwide perspective of their behavior, ecology and conservation, ed. F. H. Harrington and P. C. Paquet, 106-116. Park Ridge, New Jersey: Noyes Publications.",
888,Density,Mammal,Carbyn 1983,"Carbyn, Ludwig N. 1983. Wolf Predation on Elk in Riding Mountain National Park, Manitoba. The Journal of Wildlife Management 47, no. 4 (October 1): 963-976. doi:10.2307/3808155.",
889,Density,Mammal,Caro 1994,"Caro, Timothy M. 1994. Cheetahs of the Serengeti Plains: group living in an asocial species. Chicago: University of Chicago Press.",
890,Density,Mammal,Caro 1998,"Caro, T. M, N. Pelkey, M. Borner, E. L. M Severre, K. L. I Campbell, S. A Huish, J. Ole Kuwai, B. P Farm, and B. L Woodworth. 1998. The impact of tourist hunting on large mammals in Tanzania: an initial assessment. African Journal of Ecology 36, no. 4 (December 1): 321-346. doi:10.1046/j.1365-2028.1998.00146.x.",
891,Density,Mammal,Caro 1999,"Caro, T. M. 1999. Densities of mammals in partially protected areas: the Katavi ecosystem of western Tanzania. Journal of Applied Ecology 36, no. 2 (April 1): 205-217. doi:10.1046/j.1365-2664.1999.00392.x.",
892,Density,Mammal,Caro 2008,"Caro, Tim. 2008. Decline of large mammals in the Katavi-Rukwa ecosystem of western Tanzania. African Zoology 43, no. 1 (April): 99-116. doi:10.3377/1562-7020(2008)43[99:DOLMIT]2.0.CO;2.",
893,Density,Mammal,Childes 1988,"Childes, S. L. 1988. The past history, present status and distribution of the hunting dog Lycaon pictus. Biological Conservation 44, no. 4: 301-316.",
894,Density,Mammal,Coe et al. 1976,"Coe, M. J., D. H. Cumming, and J. Phillipson. 1976. Biomass and production of large African herbivores in relation to rainfall and primary production. Oecologia 22, no. 4: 341-354.",
895,Density,Mammal,Cooper 1989,"Cooper, S. M. 1989. Clan sizes of spotted hyaenas in the Savuti region of the Chobe National Park. Botswana Notes and Record 21: 121-133.",
896,Density,Mammal,Cooper 1990,"Cooper, S. M. 1990. The hunting behaviour of spotted hyaenas (Crocuta crocuta) in a region containing both sedentary and migratory populations of herbivores. African Journal of Ecology 28, no. 2: 131–141.",
897,Density,Mammal,Creel and Creel 1997,"Creel, Scott, and Nancy Marusha Creel. 1997. Lion density and population structure in the Selous Game Reserve: evaluation of hunting quotas and offtake. African Journal of Ecology 35, no. 2 (June 1): 83-93. doi:10.1111/j.1365-2028.1997.062-89062.x.",
898,Density,Mammal,Creel and Creel 2002,"Creel, S., and N. M Creel. 2002. The African wild dog: behavior, ecology, and conservation. Princeton: Princeton Univ Press.",
899,Density,Mammal,Creel et al. 2004,"Creel, Scott, Michael G. L. Mills, and J. Weldon McNutt. 2004. Demography and population dynamics of African wild dogs in three critical populations. In The Biology and Conservation of Wild Canids, 337-351(15). Oxford Scholarship Online Monographs, June.",
900,Density,Mammal,Davies 2001,"Davies, H. T. 2001. The 1999/2000 Wild Dog Photographic Survey. Scientific report 3/2000. Skukuza, South Africa: National Parks Board.",
901,Density,Mammal,Davis 1978,"Davis, J. L. 1978. History and current status of Alaska caribou herds. In Parameters of caribou population ecology in Alaska, ed. David R Klein and Robert G White, 1-8. Biological papers of the University of Alaska. Special report no. 3. Fairbanks: University of Alaska.",
902,Density,Mammal,Deloitte Touche 1992,Deloitte & Touche. 1992. Chobe National Park Management Plan Volume 1. Background Information. USAID Project # 690-0251-33. September.,
903,Density,Mammal,Dhungel and O'Gara 1991,"Dhungel, Sanat K., and Bart W. O’Gara. 1991. Ecology of the Hog Deer in Royal Chitwan National Park, Nepal. Wildlife Monographs, no. 119 (October 1): 3-40.",
904,Density,Mammal,Drouet-Hoguet 2007,"Drouet-Hoguet, Nolwenn. 2007. Influence des activités anthropogéniques sur le régime alimentaire et la réponse numérique de la hyène tachetée en savane  arborée dystrophique dominée par l’éléphant. Ph.D. Thesis, Villeurbanne: Universite Claude Bernard Lyon I, November 6.",
905,Density,Mammal,du Toit et al. 2003,"du Toit, Johan, Harry Biggs, and Kevin H. Rogers, eds. 2003. The Kruger experience: ecology and management of savanna heterogeneity. Washington: Island Press.",
906,Density,Mammal,Dublin 1993,"Dublin, Holly T. 1993. A wet season total count of elephant and buffalo in the Masai Mara Game Reserve and Adjacent Pastoral Lands. FOC/WWF Masai Mara Project Ecological Monitoring Programme, July.",
907,Density,Mammal,Dublin 1993b,"Dublin, Holly T. 1993. A dry season total count of elephant and buffalo in the Masai Mara Game Reserve and Adjacent Pastoral Lands. FOC/WWF Masai Mara Project Ecological Monitoring Programme, November.",
908,Density,Mammal,Dunham et al. 2010,"Dunham, K. M., E. van der Westhuizen, H. F. van der Westhuizen, and E. Gandiwa. 2010. Aerial Survey of Elephants and other Large Herbivores in Gonarezhou National Park (Zimbabwe), Zinave National Park (Mozambique) and surrounds: 2009. Gonarezhou Conservation Project. Parks & Wildlife Management Authority (Zimbabwe), Transfrontier Conservation Areas Co-ordination Unit (Mozambique) and Frankfurt Zoological Society, February.",
909,Density,Mammal,DWNP 2008,"Department of Wildlife and National Parks, Botswana. in Bennitt 2008 p. 3",
910,Density,Mammal,East 1984,"East, R. 1984. Rainfall, soil nutrient status and biomass of large African savanna mammals. African Journal of Ecology 22, no. 4: 245–270.",
911,Density,Mammal,East 1988,"East, R. 1988. Antelopes: Global Survey and Regional Action Plans. Part 1. East and Northeast Africa. Gland, Switzerland: International Union for Conservation of Nature and Natural Resources.",
912,Density,Mammal,East 1989,"East, R. 1989. Antelopes: Global Survey and Regional Action Plans. Part 2. Southern and South-Central Africa. Gland, Switzerland: International Union for Conservation of Nature and Natural Resources.",
913,Density,Mammal,East 1998,"East, R. African Antelope Database 1998. World Conservation Union, 1999. Print. 21.",
914,Density,Mammal,EcoSystems 1982,"EcoSystems Ltd. 1982. Amboseli/ Lower Rift Regional Study. Wildlife Planning Unit, Ministry of Tourism and Wildlife.",
915,Density,Mammal,Elliot and Cowan 1978,"Elliott, John P., and I. McTaggart Cowan. 1978. Territoriality, density, and prey of the lion in Ngorongoro Crater, Tanzania. Canadian Journal of Zoology 56, no. 8 (August): 1726-1734. doi:10.1139/z78-237.",
916,Density,Mammal,Eloff 1984,"Eloff, F. C. 1984. Food ecology of the Kalahari Lion Panthera leo. Koedoe (supplement) 27: 249-258.",
917,Density,Mammal,Eltringham 1999,"Eltringham, K. S., I. A. Cooksley, W. J. B. Dixon, N. E. Raine, C. J. Sheldrick, N. M. McWilliam, and M. J. Packer. 1999. Large mammals of Mkomazi. In Mkomazi: the Ecology, Diversity and Conservation of a Tanzanian Savanna, ed. M. Coe, 485-504. Royal Geographical Society.",
918,Density,Mammal,Estes 1991,"Estes, R. D. 1991. The behavior guide to African mammals: including hoofed mammals, carnivores, primates. Berkeley and Los Angeles: University of California Press.",
919,Density,Mammal,Estes and Goddard 1967,"Estes, R. D., and J. Goddard. 1967. Prey selection and hunting behavior of the African wild dog. The Journal of Wildlife Management: 52-70.",
920,Density,Mammal,Estes et al. 2006,"Estes, R.D., J.L. Atwood, and A.B. Estes. 2006. Downward trends in Ngorongoro Crater ungulate populations 1986-2005: Conservation concerns and the need for ecological research. Biological Conservation 131, no. 1 (July): 106-120. doi:16/j.biocon.2006.02.009.",
921,Density,Mammal,Farlow 1976,"Farlow, J. O. 1976. A consideration of the trophic dynamics of a Late Cretaceous large-dinosaur community (Oldman Formation). Ecology 57, no. 5: 841–857.",
922,Density,Mammal,Ferreira and Fuston 2010,"Ferreira, S.M., and P.J. Funston. 2010. Estimating lion population variables: prey and disease effects in Kruger National Park, South Africa. Wildl. Res. 37, no. 3 (May 18): 194-206.",
923,Density,Mammal,Foster and Kearney 1967,"Foster, J. B, and D. Kearney. 1967. Nairobi National Park Game Census, 1966. African Journal of Ecology 5, no. 1 (August 1): 112-120. doi:10.1111/j.1365-2028.1967.tb00766.x.",
924,Density,Mammal,Fritts and Mech 1981,"Fritts, Steven H., and L. David Mech. 1981. Dynamics, Movements, and Feeding Ecology of a Newly Protected Wolf Population in Northwestern Minnesota. Wildlife Monographs, no. 80 (October 1): 3-79.",
925,Density,Mammal,Fryxell et al. 1988,"Fryxell, John M., John Greever, and A. R. E. Sinclair. 1988. Why are Migratory Ungulates So Abundant? The American Naturalist 131, no. 6 (June 1): 781-798.",
926,Density,Mammal,Fuller 1989,"Fuller, T. K. 1989. Population dynamics of wolves in north-central Minnesota. Wildlife monographs, no. 105: 3–41.",
927,Density,Mammal,Fuller and Keith 1980,"Fuller, Todd K., and Lloyd B. Keith. 1980. Wolf Population Dynamics and Prey Relationships in Northeastern Alberta. The Journal of Wildlife Management 44, no. 3 (July 1): 583-602. doi:10.2307/3808006.",
928,Density,Mammal,Fuller and Keith 1981b,"Fuller, Todd K., and Lloyd B. Keith. 1981. Woodland Caribou Population Dynamics in Northeastern Alberta. The Journal of Wildlife Management 45, no. 1 (January 1): 197-213. doi:10.2307/3807887.",
929,Density,Mammal,Funston 1999,"Funston, P. J. 1999. Predator-prey relationships between lions and large ungulates in the Kruger National Park. Unpublished Ph.D. Thesis, Pretoria, South Africa: University of Pretoria.",
930,Density,Mammal,Funston et al. 1998,"Funston, P. J., M. G. L. Mills, H. C. Biggs, and P. R. K. Richardson. 1998. Hunting by male lions: ecological influences and socioecological implications* 1. Animal Behaviour 56, no. 6: 1333–1345.",
931,Density,Mammal,Gasaway et al. 1983,"Gasaway, William C., Robert O. Stephenson, James L. Davis, Peter E. K. Shepherd, and Oliver E. Burris. 1983. Interrelationships of Wolves, Prey, and Man in Interior Alaska. Wildlife Monographs, no. 84 (July 1): 1-50.",
932,Density,Mammal,Gasaway et al. 1989,"Gasaway, W. C., K. T. Moseestad, and P. E. Stander. 1989. Demography of spotted hyaenas in an arid savanna, Etosha National Park, South West Africa/Namibia. Madoqua 16: 121-127.",
933,Density,Mammal,Gasaway et al. 1992,"Gasaway, William C., Rodney D. Boertje, Daniel V. Grangaard, David G. Kelleyhouse, Robert O. Stephenson, and Douglas G. Larsen. 1992. The Role of Predation in Limiting Moose at Low Densities in Alaska and Yukon and Implications for Conservation. Wildlife Monographs, no. 120 (January 1): 3-59.",
934,Density,Mammal,Geist 1998,"Geist, V. 1998. Deer of the world: their evolution, behaviour, and ecology. 1st ed. Mechanicsburg, PA: Stackpole Books.",
935,Density,Mammal,Gereta 2004,"Gereta, Emmanuel, Godwell Elias Ole Meing’ataki, Simon Mduma, and Eric Wolanski. 2004. The role of wetlands in wildlife migration in the Tarangire ecosystem, Tanzania. Wetlands Ecology and Management 12, no. 4 (August): 285-299. doi:10.1007/s11273-005-3499-2.",
936,Density,Mammal,Ginsberg 1993,"Ginsberg, J. R. 1993. Mapping wild dogs. IUCN/CSG Canid News 1: 2-6.",
937,Density,Mammal,Graf et al. 2009,"Graf, Jan A., Michael J. Somers, Micaela Szykman Gunther, and Rob Slotow. 2009. Heterogeneity in the density of spotted hyaenas in Hluhluwe-iMfolozi Park, South Africa. Acta Theriologica 54, no. 4 (December): 333-343. doi:10.4098/j.at.0001-7051.095.2008.",
938,Density,Mammal,Grange and Duncan 2006,"Grange, S., and P. Duncan. 2006. Bottom-up and top-down processes in African ungulate communities: resources and predation acting on the relative abundance of zebra and grazing bovids. Ecography 29, no. 6: 899.",
939,Density,Mammal,Grange et al. 2004,"Grange, S., P. Duncan, J. M. Gaillard, A. R. E. Sinclair, P. J. P. Gogan, C. Packer, H. Hofer, and M. East. 2004. What limits the Serengeti zebra population? Oecologia 140, no. 3: 523-532.",
940,Density,Mammal,Green et al. 1984,"Green, B., J. Anderson, and T. Whateley. 1984. Water and Sodium Turnover and Estimated Food Consumption in Free-Living Lions (Panthera leo) and Spotted Hyaenas (Crocuta crocuta). Journal of Mammalogy 65, no. 4 (November 1): 593-599. doi:10.2307/1380842.",
941,Density,Mammal,Grodzinski 1971,"Grodzinski, W., 1971. Food consumption of small mammals in the Alaskan taiga forest. Ann. Zool. Fennici 8, 133–136. ",
942,Density,Mammal,Gros 1998,"Gros, Paule M. 1998. Status of the cheetah Acinonyx jubatus in Kenya: a field-interview assessment. Biological Conservation 85, no. 1-2 (July): 137-149. doi:16/S0006-3207(97)00135-3.",
943,Density,Mammal,Gros 2002,"Gros, Paule M. 2002. The status and conservation of the cheetah Acinonyx jubatus in Tanzania. Biological Conservation 106, no. 2 (August): 177-185. doi:16/S0006-3207(01)00244-0.",
944,Density,Mammal,Gros et al. 1996,"Gros, P. M., M. J. Kelly, and T. M. Caro. 1996. Estimating carnivore densities for conservation purposes: indirect methods compared to baseline demographic data. Oikos 77, no. 2: 197.",
945,Density,Mammal,Haber 1977,"Haber, Gordon C. 1977. Socio-ecological dynamics of wolves and prey in a subarctic ecosystem. Ph.D. Thesis, University of British Columbia. https://circle.ubc.ca/handle/2429/20678.",
946,Density,Mammal,Hanby and Bygott 2004,"Hanby, J., and D. Bygott. 2004. Ngorongoro Conservation Area: Guide Book. Nairobi: Regal Press Ltd.",
947,Density,Mammal,Hanby et al. 1995,"Hanby, J. P., J. D. Bygott, and C. Packer. 1995. Ecology, demography, and behavior of lions in two contrasting habitats: Ngorongoro Crater and the Serengeti plains. In Serengeti II: dynamics, management, and conservation of an ecosystem, ed. A. R. E. Sinclair and P. Arcese, 315-331. Chicago: University of Chicago Press.",
948,Density,Mammal,Harris 1972,"Harris, Lawrence D. 1972. An ecological description of a semi-arid East African ecosystem. Range Science Department Science Series No. 11. Colorado State University.",
949,Density,Mammal,Hauge and Keith 1981,"Hauge, Thomas M., and Lloyd B. Keith. 1981. Dynamics of Moose Populations in Northeastern Alberta. The Journal of Wildlife Management 45, no. 3 (July 1): 573-597. doi:10.2307/3808692.",
950,Density,Mammal,Hayes and Baer 1986,"Hayes, R. D., and A. M. Baer. 1986. Wolf population research and management studies in the Yukon Territory: 1984 progress report. Whitehorse, Yukon Territory: Yukon Fish and Wildlife Branch, Department of Renewable Resources.",
951,Density,Mammal,Hayes et al. 1991,"Hayes, R. D., A. M. Baer, and D. G. Larsen. 1991. Population dynamics and prey relationships of an exploited and recovering wolf population in the southern Yukon. Final Report TR-91-1. Yukon Fish and Wildlife Branch, Department of Renewable Resources.",
952,Density,Mammal,Hayward 2006,"Hayward, M. W. 2006. Prey preferences of the spotted hyaena (Crocuta crocuta) and degree of dietary overlap with the lion (Panthera leo). Journal of Zoology 270, no. 4: 606–614.",
953,Density,Mammal,Hayward et al. 2006,"Hayward, M. W, M. Hofmeyr, J. O’Brien, and G. I. H Kerley. 2006. Prey preferences of the cheetah (Acinonyx jubatus) (Felidae: Carnivora): morphological limitations or the need to capture rapidly consumable prey before kleptoparasites arrive? Journal of Zoology 270, no. 4 (December 1): 615-627. doi:10.1111/j.1469-7998.2006.00184.x.",
954,Density,Mammal,Hemson 2003,"Hemson, G. 2003. The ecology and conservation of lions: human–wildlife conflict in semi-arid Botswana. Ph.D. Thesis, Oxford: University of Oxford.",
955,Density,Mammal,Henschel 1986,"Henschel, J. R. 1986. The socioecology of the spotted hyaena Crocuta crocuta in the Kruger National Park. D.Sc. Thesis, Pretoria, South Africa: University of Pretoria.",
956,Density,Mammal,Hofer & Mills (Hyena SSC) 1998,"Hofer, H., and M. G. L. Mills. 1998. Population Size, Threats and Conservation Status of Hyaenas. In Hyaenas: Status Survey and Conservation Action Plan, ed. M. G. L. Mills and H. Hofer, 64-79. Gland, Switzerland and Cambridge, UK: IUCN/SSC Hyaena Specialist Group, IUCN.",
957,Density,Mammal,Hofer and East 1995,"Hofer, H., and M. East. 1995. Population dynamics, population size, and the commuting system of Serengeti spotted hyenas. In Serengeti II: Dynamics, Management, and Conservation of an Ecosystem, ed. A. R. E. Sinclair and Peter Arcese, 332–363. Chicago: University of Chicago Press.",
958,Density,Mammal,Honer et al. 2005,"Höner, Oliver P, Bettina Wachter, Marion L East, Victor A Runyoro, and Heribert Hofer. 2005. The effect of prey abundance and foraging tactics on the population dynamics of a social, territorial carnivore, the spotted hyena. Oikos 108, no. 3 (March 1): 544-554. doi:10.1111/j.0030-1299.2005.13533.x.",
959,Density,Mammal,Houston 1979,"Houston, D. C. 1979. The Adaptations of Scavengers. In Serengeti: Dynamics of an Ecosystem, ed. A. R. E. Sinclair and M. Norton-Griffiths, 263-286. Chicago: University of Chicago Press.",
960,Density,Mammal,Isaboke et al. 2005,"Isaboke, Wallace, Milkah Kahiu, Mary Wykstra Ross, and Cosmas Wambua. 2005. Cheetah Census in Kenya; Priority 1: South Western Kenya, 2004-2005. Kenya: East African Wildlife Society Cheetah Conservation Fund.",
961,Density,Mammal,ISRO 2011,"ISRO. 2011. National Wetland Atlas: Andhra Pradesh. ATLAS 33. National Wetland Inventory and Assessment (NWIA). Ahmedabad and Hyderabad: Space Applications Centre (ISRO) and A.P. State Remote Sensing Application Centre, March.",
962,Density,Mammal,IUCN/SSC 1996,"IUCN/SSC. 1996. Wild Cats: Status Survey and Conservation Action Plan. Ed. K. Nowell and P. Jackson. Gland, Switzerland: IUCN/SSC Cat Specialist Group.",
963,Density,Mammal,IUCN/SSC 2007 E. African Cheetah and Wild Dog Conservation,"IUCN/SSC. 2007. Regional Conservation Strategy for the Cheetah and African Wild Dog in Eastern Africa. Gland, Switzerland: IUCN Species Survival Commission.",
964,Density,Mammal,IUCN/SSC 2007 S. Africa Cheetah and Wild dog conservation,"IUCN/SSC. 2007. Regional Conservation Strategy for the Cheetah and African Wild Dog in Southern Africa. Gland, Switzerland: IUCN Species Survival Commission.",
965,Density,Mammal,Jordan et al. 1967,"Jordan, P. A., P. C. Shelton, and D. L. Allen. 1967. Numbers, Turnover, and Social Structure of the Isle Royale Wolf Population. American Zoologist 7, no. 2 (May 1): 233-252. doi:10.1093/icb/7.2.233.",
966,Density,Mammal,Karpukhin 1990,"Karpukhin, I.P., Dankovtsev, A.G., Kulikov, A.N., Kelbeshekov, B.K., Karpukhin, V.I., Lukashev, N.A., Sedalishev, V.T., 1990. Use ecological mechanisms of regulating population number of the squirrel in game enterprises of Siberia. In: Animal Resources of Siberia. Game Birds and Mammals. Collected Scientific Papers. Nauka (Siberian Branch), Novosibirsk, pp. 139–141 (in Russian). ",
967,Density,Mammal,Katavi NP 2007,Katavi NP. 2007. Nature in Katavi National Park: Fauna. Katavi National Park Official Website. http://www.katavipark.org/nature.html.,
968,Density,Mammal,Kiffner 2006,"Kiffner, C. 2006. The use of a playback survey to estimate African lion (Panthera leo) and spotted hyaena (Crocuta crocuta) densities: methodological aspects and implications for the management of lions. M.Sc. Thesis, Gottingen, Germany: Georg-August University.",
969,Density,Mammal,Kiffner et al. 2009,"Kiffner, Christian, Britta Meyer, Michael Muhlenberg, and Matthias Waltert. 2009. Plenty of Prey, Few Predators: What Limits Lions Panthera Leo in Katavi National Park, Western Tanzania? Oryx 43, no. 01: 52-59. doi:10.1017/S0030605307002335.",
970,Density,Mammal,Kingdon 1997,"Kingdon, Jonathan. 1997. The Kingdon field guide to African mammals. Academic Press.",
971,Density,Mammal,Kissui Packer 2004,"Kissui, B. M., and C. Packer. 2004. Top-down population regulation of a top predator: lions in the Ngorongoro Crater. Proceedings of the Royal Society of London, Series B: Biological Sciences 271, no. 1550: 1867-1874.",
972,Density,Mammal,KNP ecological aerial survey 1977-1996,http://dataknp.sanparks.org/sanparks/metacat/judithk.739.17/sanparks,
973,Density,Mammal,KNP Megaherbivore census 1991-2006,http://dataknp.sanparks.org/sanparks/metacat/judithk.296.22/sanparks,
974,Density,Mammal,Kolenosky 1972,"Kolenosky, George B. 1972. Wolf Predation on Wintering Deer in East-Central Ontario. The Journal of Wildlife Management 36, no. 2 (April 1): 357-369. doi:10.2307/3799065.",
975,Density,Mammal,Kozhechkin 1990,"Kozhechkin, V.V., 1990. An experience of Moschus moschiferus registration in the “Stolby” Nature Reserve. In: Animal Resources of Siberia. Game Birds and Mammals. Collected Scientific Papers. Nauka (Siberian Branch), Novosibirsk, p. 248 (in Russian). ",
976,Density,Mammal,Kozlov 1990,"Kozlov, V.M., 1990. Rationalization of game resource use. In: Animal Resources of Siberia. Game Birds and Mammals. Collected Scientific Papers. Nauka (Siberian Branch), Novosibirsk, pp. 119–122 (in Russian). ",
977,Density,Mammal,Kruuk 1972,"Kruuk, H. 1972. The spotted hyena. A study of predation and social behavior. University of Chicago Press. Chicago.",
978,Density,Mammal,Kruuk 1972b,"Kruuk, Hans. 1972. Surplus killing by carnivores. Journal of Zoology 166, no. 2 (February 1): 233-244. doi:10.1111/j.1469-7998.1972.tb04087.x.",
979,Density,Mammal,KWS 1992,"KWS. 1992. Amboseli National Park Management Plan (1991-1996), Revised Draft. Nairobi, Kenya: Kenya Wildlife Service, Planning Dept.",
980,Density,Mammal,KWS TAWIRI 2010,"KWS, and TAWIRI. 2010. Aerial Total Count: Amboseli- West Kilimanjaro and Magadi-Natron Cross Border Landscape: Wet Season, March 2010. Kenya Wildlife Service and Tanzania Wildlife Research Institute.",
981,Density,Mammal,Lamprey 1963,"Lamprey, H. F. 1963. Ecological Separation of the Large Mammal Species in the Tarangire Game Reserve, Tanganyika. African Journal of Ecology 1, no. 1 (August 1): 63-92. doi:10.1111/j.1365-2028.1963.tb00179.x.",
982,Density,Mammal,Lamprey 1963b,"Lamprey, Hugh F. 1963. The Tarangire game reserve. Tanganyika Notes and Records No. 60.",
983,Density,Mammal,Lamprey 1964,"Lamprey, H. F. 1964. Estimation of the large mammal densities, biomass and energy exchange in the Tarangire Game Reserve and the Masai Steppe in Tanganyika. African Journal of Ecology 2, no. 1 (August 1): 1-46. doi:10.1111/j.1365-2028.1964.tb00194.x.",
984,Density,Mammal,Larsen et al. 1989,"Larsen, Douglas G., David A. Gauthier, and Rhonda L. Markel. 1989. Causes and Rate of Moose Mortality in the Southwest Yukon. The Journal of Wildlife Management 53, no. 3 (July 1): 548-557. doi:10.2307/3809175.",
985,Density,Mammal,Laurenson et al. 1992,"Laurenson, M. K., T. M. Caro, and M. Borner. 1992. Female cheetah reproduction. National Geographic Research and Exploration 8, no. 1: 64-75.",
986,Density,Mammal,Leuthold and Leuthold 1976,"Leuthold, Walter, and Barbara M. Leuthold. 1976. Density and biomass of ungulates in Tsavo East National Park, Kenya. African Journal of Ecology 14, no. 1 (March 1): 49-58. doi:10.1111/j.1365-2028.1976.tb00151.x.",
987,Density,Mammal,Loveridge 2007,"Loveridge, A.J., A.W. Searle, F. Murindagomo, and D.W. Macdonald. 2007. The impact of sport-hunting on the population dynamics of an African lion population in a protected area. Biological Conservation 134, no. 4 (February): 548-558. doi:16/j.biocon.2006.09.010.",
988,Density,Mammal,Lyalin 1990,"Lyalin, V.G., 1990. Productivity and yield of the game resources of the Ob river basin in the Tomsk region. In: Animal Resources of Siberia. Game Birds and Mammals. Collected Scientific Papers. Nauka (Siberian Branch), Novosibirsk, pp. 149–152 (in Russian).",
989,Density,Mammal,Maddock 1996,"Maddock, A., A. Anderson, F. Carlisle, N. Galli, A. James, A. Verster, and W. Whitfield. 1996. Changes in lion numbers in Hluhluwe-Umfolozi Park. Lammergeyer, no. 44: 6-18.",
990,Density,Mammal,Maddock and Mills 1994,"Maddock, A.H., and M.G.L. Mills. 1994. Population characteristics of African wild dogs Lycaon pictus in the Eastern transvaal lowveld, South Africa, as revealed through photographic records. Biological Conservation 67, no. 1: 57-62. doi:16/0006-3207(94)90009-4.",
991,Density,Mammal,Makarieva 2004,"Makarieva, A. M., V. G. Gorshkov, and B.-L. Li. 2004. Body size, energy consumption and allometric scaling: a new dimension in the diversity–stability debate. Ecological Complexity 1:139–175.",
992,Density,Mammal,Mduma 1995,"Mduma, S. A. R. 1995. Distribution and Abundance of Oribi, a Small Antelope. In Serengeti II: Dynamics, Management, and Conservation of an Ecosystem, ed. A. R. E. Sinclair and P. Arcese, 220-230. Chicago: University of Chicago Press.",
993,Density,Mammal,Mduma et al. 1999,"Mduma, S. A. R., A. R. E. Sinclair, and R. Hilborn. 1999. Food regulates the Serengeti wildebeest: a 40-year record. Journal of Animal Ecology 68, no. 6: 1101-1122.",
994,Density,Mammal,Mech 1966,"Mech, L. D. 1966. The wolves of Isle Royale. U.S. National Park Service Fauna Series 7. Washington: U.S. Govt. Print. Off.",
995,Density,Mammal,Mech 1977,"Mech, L. D. 1977. Population Trend and Winter Deer Consumption in a Minnesota Wolf Pack. In Proceedings of the 1975 Predator Symposium, ed. R. L. Phillips and C. Jonkel, 55-83. Missoula: Montana Forest and Conservation Experiment Station, University of Montana.",
996,Density,Mammal,Mech 1986,"Mech, L. David. 1986. Wolf population in the Central Superior National Forest, 1967-1985. Research Paper NC-270. St. Paul, MN: U.S. Dept. of Agriculture, Forest Service, North Central Forest Experiment.",
997,Density,Mammal,Mech et al. 1971b,"Mech, L. D., L. D. Frenzel, Jr., R. R. Ream, and J. W. Winship. 1971. Movements, behavior, and ecology of timber wolves in northeastern Minnesota. In Ecological studies of the timber wolf in northeastern Minnesota, ed. L. D. Mech and L. D. Frenzel, Jr., 1-34. St. Paul, Minnesota: USDA Forest Service Research Paper NC-52.",
998,Density,Mammal,Mendelsohn et al. 2010,"Mendelsohn, J. M., C. vanderPost, L. Ramberg, M. Murray-Hudson, P. Wolski, and K. Mosepele. 2010. Okavango Delta: Floods of Life. Windhoek, Namibia: RAISON.",
999,Density,Mammal,Messier 1985,"Messier, François. 1985. Social organization, spatial distribution, and population density of wolves in relation to moose density. Canadian Journal of Zoology 63, no. 5 (May): 1068-1077. doi:10.1139/z85-160.",
1000,Density,Mammal,Messier 1994,"Messier, F. 1994. Ungulate population models with predation: a case study with the North American moose. Ecology 75, no. 2: 478–488.",
1001,Density,Mammal,Messier and Crete 1985,"Messier, Francois, and Michel Crete. 1985. Moose-wolf dynamics and the natural regulation of moose populations. Oecologia 65, no. 4 (March): 503-512. doi:10.1007/BF00379664.",
1002,Density,Mammal,"MET, Namibia","Ministry Environment & Tourism, Namibia. Available at: (http://www.met.gov.na/programmes/nnep/category.htm#Wildlife)",
1003,Density,Mammal,Mills 1982,"Mills, M. G. L. 1982. Hyaena brunnea. Mammalian Species, no. 194 (November 23): 1-5. doi:10.2307/3504059.",
1004,Density,Mammal,Mills 1985,"Mills, M. G. L. 1985. Hyaena survey of Kruger National Park: August-October 1984. IUCN/SSC Hyaena Specialist Group Newsletter 2: 15-25.",
1005,Density,Mammal,Mills 1990,"Mills, M. G. L. 1990. Kalahari Hyenas: The Comparative Behavioural Ecology of Two Species. London: Unwin-Hyman.",
1006,Density,Mammal,Mills and Funston 2003,"Mills, M. G. L., and P. J. Funston. 2003. Large Carnivores and Savanna Heterogeneity. In The Kruger experience: ecology and management of savanna heterogeneity, ed. Johan Du Toit, Harry Biggs, and Kevin H. Rogers, 370-388. Washington: Island Press.",
1007,Density,Mammal,Mills and Harvey 2001,"Mills, M. G. L., and M. Harvey. 2001. African predators. Cape Town: Struik Publishers.",
1008,Density,Mammal,Mills and Retief 1984,"Mills, M. G. L., and P. F. Retief. 1984. The response of ungulates to rainfall along the riverbeds of the Southern Kalahari. Koedoe (supplement) 27, no. 1 (December 1): 129-141.",
1009,Density,Mammal,Mills et al 1978,"Mills, M. G. L., P. Wolff, E. A. N. le Riche, and I. J. Meyer. 1978. Some population characteristics of the Lion  Panthera Leo  in the Kalahari Gemsbok National Park. Koedoe 21, no. 1 (September 1): 163-171.",
1010,Density,Mammal,Mills et al. 2001,"Mills, M. G. L, J. M Juritz, and W. Zucchini. 2001. Estimating the size of spotted hyaena (Crocuta crocuta) populations through playback recordings allowing for non_response. Animal Conservation 4, no. 4 (November 1): 335-343. doi:10.1017/S1367943001001391.",
1011,Density,Mammal,Mosheva 2000,"Mosheva, T.S., 2000. Musk deer. In: Lomanov, K.I. (Ed.), The Resource Status of Game Animals in Russian Federation. Game Animals of Russia (Biology, Conservation, Resource Studies and Rational Use) Series, No. 2-2000. Tsentrokhotkontrol (Department of Conservation and Development of Game Resources Press), Moscow (in Russian).",
1012,Density,Mammal,Muriuki 1998,"Muriuki, George. 1998. Trends of Elephant and Buffalo in the Masai Mara and the Adjacent Areas: 1984-1998. In Proceedings of the Masai Mara Researchers’ Forum. November 14.",
1013,Density,Mammal,Myers 1975,"Myers, N. 1975. The cheetah Acinonyx jubatus in Africa. IUCN Monograph No. 4, Morges, Switzerland",
1014,Density,Mammal,Myers et al. 2006,"Myers, P., R. Espinosa, C. S. Parr, T. Jones, G. S. Hammond, and T. A. Dewey. 2006. The Animal Diversity Web. http://animaldiversity.org.",
1015,Density,Mammal,Nelson and Mech 1986a,"Nelson, Michael E., and L. David Mech. 1986. Relationship between Snow Depth and Gray Wolf Predation on White-Tailed Deer. The Journal of Wildlife Management 50, no. 3 (July 1): 471-474. doi:10.2307/3801108.",
1016,Density,Mammal,Nelson and Mech 1986b,"Nelson, Michael E., and L. David Mech. 1986. Deer population in the Central Superior National Forest, 1967-1985. Research Paper NC-271. St. Paul, Minnesota: U.S. Dept. of Agriculture, Forest Service, North Central Forest Experiment.",
1017,Density,Mammal,Norton-Griffiths 1975,"Norton-Griffiths, M. 1975. The numbers and distribution of large mammals in Ruaha National Park, Tanzania*. African Journal of Ecology 13, no. 2 (June 1): 121-140. doi:10.1111/j.1365-2028.1975.tb00127.x.",
1018,Density,Mammal,Nowak and Paradiso 1983,"Nowak, R. M., and J. L. Paradiso. 1983. Walker’s Mammals of the World. 4th ed. Vol. II. Baltimore: Johns Hopkins University Press.",
1019,Density,Mammal,ODMP 2008,"ODMP. 2008. Okavango Delta Management Plan. Okavango Delta Management Plan Project. Gaborone, Botswana: Department of Environmental Affairs, January.",
1020,Density,Mammal,Ogutu Dublin 2002,"Ogutu, J. O, and H. T Dublin. 2002. Demography of lions in relation to prey and habitat in the Maasai Mara National Reserve, Kenya. African Journal of Ecology 40, no. 2 (June 1): 120-129. doi:10.1046/j.1365-2028.2002.00343.x.",
1021,Density,Mammal,Ogutu et al. 2005,"Ogutu, Joseph O., Nina Bhola, and Robin Reid. 2005. The Effects of Pastoralism and Protection on the Density and Distribution of Carnivores and Their Prey in the Mara Ecosystem of Kenya. Journal of Zoology 265, no. 03: 281-293. doi:10.1017/S0952836904006302.",
1022,Density,Mammal,Ogutu Owen-Smith 2003,"Ogutu, Joseph O., and Norman Owen-Smith. 2003. ENSO, rainfall and temperature influences on extreme population declines among African savanna ungulates. Ecology Letters 6, no. 5 (May): 412-419. doi:10.1046/j.1461-0248.2003.00447.x.",
1023,Density,Mammal,Ogutu Owen-Smith 2005,"Ogutu, Joseph O, and Norman Owen_Smith. 2005. Oscillations in large mammal populations: are they related to predation or rainfall? African Journal of Ecology 43, no. 4 (December 1): 332-339. doi:10.1111/j.1365-2028.2005.00587.x.",
1024,Density,Mammal,Ojwang et al. 2002,"Ojwang, Gordon, Mohammad Y. Said, P. W. Wargute, and Robin Reid. 2002. Dry season census of large herbivores in the Mara Ecosystem and Adjoining Areas (2002-2002). DRSRS Technical Report No. 164. Department of Resource Surveys and Remote Sensing.",
1025,Density,Mammal,Okello 2005,"Okello, Moses Makonjio. 2005. An assessment of the large mammal component of the proposed wildlife sanctuary site in Maasai Kuku Group Ranch near Amboseli, Kenya. South African Journal of Wildlife Research 35, no. 1: 63-76.",
1026,Density,Mammal,Olupot et al. 2010,"Olupot, William, Luke Parry, Michelle Gunness, and Andrew J. Plumptre. 2010. Conservation research in Uganda’s savannas: a review of park history, applied research, and application of research to park management. New York: Nova Science Pub Inc, March 30.",
1027,Density,Mammal,Oosenbrug and Carbyn 1982,"Oosenbrug, S. M., and L. N. Carbyn. 1982. Winter predation on bison and activity patterns of a wolf pack in Wood Buffalo National Park. In Wolves: a worldwide perspective of their behavior, ecology and conservation, ed. F. H. Harrington and P. C. Paquet, 45-53. Park Ridge, New Jersey: Noyes Publications.",
1028,Density,Mammal,Owen-Smith 1988,"Owen-Smith, R. Norman. 1988. Megaherbivores: The Influence of Very Large Body Size on Ecology. Cambridge: Cambridge University Press.",
1029,Density,Mammal,Owen-Smith 2008,"Owen-Smith, Norman. 2008. The Comparative Population Dynamics of Browsing and Grazing Ungulates. In The Ecology of Browsing and Grazing, ed. Iain J. Gordon and Herbert H. T. Prins, 195:149-177. Berlin, Heidelberg: Springer Berlin Heidelberg. http://www.springerlink.com/content/n01255481t42u115/.",
1030,Density,Mammal,Owen-Smith and Mills 2008,"Owen-Smith, N., and M. G. L. Mills. 2008. Predator–prey size relationships in an African large-mammal food web. Journal of Animal Ecology 77, no. 1: 173–183.",
1031,Density,Mammal,Packer et al. 2005,"Packer, C., R. Hilborn, A. Mosser, B. Kissui, M. Borner, G. Hopcraft, J. Wilmshurst, S. Mduma, and A. R. E. Sinclair. 2005. Ecological change, group territoriality, and population dynamics in Serengeti lions. Science 307, no. 5708: 390-393.",
1032,Density,Mammal,Parker 1973,"Parker, Gerald R. 1973. Distribution and Densities of Wolves within Barren-Ground Caribou Range in Northern Mainland Canada. Journal of Mammalogy 54, no. 2 (May 1): 341-348. doi:10.2307/1379121.",
1033,Density,Mammal,Peek et al. 1976,"Peek, James M., David L. Urich, and Richard J. Mackie. 1976. Moose Habitat Selection and Relationships to Forest Management in Northeastern Minnesota. Wildlife Monographs, no. 48 (April 1): 3-65.",
1034,Density,Mammal,Peterson 1977,"Peterson, Rolf. 1977. Wolf ecology and prey relationships on Isle Royale. Scientific monograph series 11. Washington: U.S. National Park Service Dept. of the Interior.",
1035,Density,Mammal,Peterson and Page 1988,"Peterson, Rolf O., and Richard E. Page. 1988. The Rise and Fall of Isle Royale Wolves, 1975-1986. Journal of Mammalogy 69, no. 1 (February 1): 89-99. doi:10.2307/1381751.",
1036,Density,Mammal,Peterson et al. 1984,"Peterson, Rolf O., James D. Woolington, and Theodore N. Bailey. 1984. Wolves of the Kenai Peninsula, Alaska. Wildlife Monographs, no. 88 (April 1): 3-52.",
1037,Density,Mammal,Pienaar 1963,"Pienaar, U. De V. 1963. The large mammals of the Kruger National Park - Their distribution and present-day status. Koedoe 6, no. 1 (May 28): 1-37.",
1038,Density,Mammal,Pienaar 1966,"Pienaar, U. De V., P. Van Wyk, and N. Fairall. 1966. An areal census of elephant and buffalo in the Kruger National Park and the implication thereof on intended management schemes. Koedoe 9, no. 1 (May 27): 40-107.",
1039,Density,Mammal,Pienaar 1969,"Pienaar, U. De V. 1969. Predator-prey relationships amongst the larger mammals of the Kruger National Park. Koedoe 12, no. 1: 108–176.",
1040,Density,Mammal,Pimlott et al. 1969,"Pimlott, D. H., J. A. Shannon, and G. B. Kolenosky. 1969. The ecology of the timber wolf in Algonquin Provincial Park. Toronto, Ontario: Ontario Department of Lands and Forests.",
1041,Density,Mammal,Plumptre 2010,"Plumptre, A. J., B. Kirunda, H. Mugabe, J. Stabach, M. Driciru, G. Picton-Phillips, S. Ayebare, G. Nangendo, and N. Laporte. 2010. The impact of fire and large mammals on the ecology of Queen Elizabeth National Park, Uganda. Wildlife Conservation Society and Woods Hole Research Centre.",
1042,Density,Mammal,Potapov 1990,"Potapov, R.L., 1990. The Tetraonidae Birds. Leningrad University Press, Leningrad, 240 pp. (in Russian).",
1043,Density,Mammal,Potvin 1988,"Potvin, François. 1988. Wolf movements and population dynamics in Papineau-Labelle reserve, Quebec. Canadian Journal of Zoology 66, no. 6: 1266-1273. doi:10.1139/z88-185.",
1044,Density,Mammal,Power and Compion 2009,"Power, R. J., and R. X. S. Compion. 2009. Lion Predation on Elephants in the Savuti, Chobe National Park, Botswana. African Zoology 44, no. 1 (April): 36-44. doi:10.3377/004.044.0104.",
1045,Density,Mammal,Prins 1987 ,"Prins, H.H.T. 1987. Nature conservation as an integral part of optimal land use in East Africa: The case of the Masai ecosystem of Northern Tanzania. Biological Conservation 40, no. 2: 141-161. doi:16/0006-3207(87)90064-4.",
1046,Density,Mammal,Prins and Douglas-Hamilton 1990,"Prins, H. H. T., and I. Douglas-Hamilton. 1990. Stability in a multi-species assemblage of large herbivores in East Africa. Oecologia 83, no. 3: 392-400.",
1047,Density,Mammal,Project Tiger Directorate,"Project Tiger Directorate. Reserve Guide: Project Tiger Reserves in India. Ministry of Environment, Govt of India. Project Tiger India. http://projecttiger.nic.in/map.htm.",
1048,Density,Mammal,Pusey Packer 1987,"Pusey, Anne E., and Craig Packer. 1987. The Evolution of Sex-Biased Dispersal in Lions. Behaviour 101, no. 4 (June 1): 275-310.",
1049,Density,Mammal,Reid et al. 2003,"Reid, R. S., M. Rainy, J. Ogutu, R. L. Kruska, K. Kimani, M. Nyabenge, M. McCartney, et al. 2003. People, Wildlife and Livestock in the Mara Ecosystem: the Mara Count 2002. Mara Count 2002. Nairobi, Kenya: International Livestock Research Institute, June.",
1050,Density,Mammal,Rodgers 1974,"Rodgers, W. A. 1974. The lion (Panthera leo, Linn.) population of the eastern Selous Game Reserve. African Journal of Ecology 12, no. 4: 313–317.",
1051,Density,Mammal,Rudnai 1979,"Rudnai, Judith. 1979. Ecology of lions in Nairobi National Park and the adjoining Kitengela Conservation Unit in Kenya. African Journal of Ecology 17, no. 2 (June 1): 85-95. doi:10.1111/j.1365-2028.1979.tb00460.x.",
1052,Density,Mammal,Runyoro et al. 1995,"Runyoro, V. A., H. Hofer, E. B. Chausi, and P. D. Moehlman. 1995. Long-Term Trends in Herbivore Populations of the Ngorongoro Crater, Tanzania. In Serengeti II: Dynamics, Management, and Conservation of an Ecosystem, ed. A. R. E. Sinclair and P. Arcese, 146-168. Chicago: University of Chicago Press.",
1053,Density,Mammal,Sachs 1967,"Sachs, R. 1967. Liveweights and body measurements of Serengeti game animals. African Journal of Ecology 5, no. 1: 24-36.",
1054,Density,Mammal,Salnicki 2004,"Salnicki, Julia. 2004. Results of Hyaena research in Hwange National Park. In Suburbs, Bulawayo: Ulwazi Institute.",
1055,Density,Mammal,SANParks Census from Owen-Smith,http://dataknp.sanparks.org/sanparks/metacat/judithk.814.4/sanparks,
1056,Density,Mammal,SANParks Website,http://www.sanparks.org/parks/kruger/conservation/scientific/ff/biodiversity_statistics.php,
1057,Density,Mammal,Schaller 1972,"Schaller, G. B. 1972. The Serengeti lion: a study of predator-prey relations. Chicago: The University of Chicago Press, Ltd.",
1058,Density,Mammal,Semionov 1982,"Semionov-Tyan-Shansky, O.I., 1982. Mammals of the Murmansk Region. Knijnoje Izd., Murmansk, 176 pp. (in Russian). ",
1059,Density,Mammal,Shtilmark 1963,"Shtilmark, F.R., 1963. Ecology of the chipmunk (Eutamias sibiricus Laxm.) in cedar forests of Western Sayan. Zool. Zh. 42, 92–102 (in Russian). ",
1060,Density,Mammal,Shtilmark 1966,"Shtilmark, F.R., 1966. Population dynamics of the chipmunk (Eutamias sibiricus Laxm.) in cedar forests of Western Sayan. In: Problems of Zoology. Materials for the IIIrd Session of the Siberian Zoologists. Tomsk University Press, Tomsk, pp. 272–273 (in Russian). ",
1061,Density,Mammal,Shubin 1990,"Shubin, N.G., 1990. Resources and resource exploitation of game animals in the oil- and natural gas-rich areas of the Tomsk region. In: Animal Resources of Siberia. Game Birds and Mammals. Collected Scientific Papers. Nauka (Siberian Branch), Novosibirsk, pp. 145–146 (in Russian). ",
1062,Density,Mammal,Shvedov 1966,"Shvedov, A.P., 1966. The distribution and population number of small mammals in the regions adjacent to Angara and the upper part of Podkamennaya Tunguska rivers. In: Problems of Zoology. Materials for the IIIrd Session of the Siberian Zoologists. Tomsk University Press, Tomsk, pp. 269–270 (in Russian). ",
1063,Density,Mammal,Sikhote-Alin Reserve/Tigers.Ru,Anon. Sikhote-Alin Reserve. Tigers.Ru. http://tigers.ru/res/rs1e.html.,
1064,Density,Mammal,Simcharoen et al. 2008,"Simcharoen, Saksit, Adam C.D. Barlow, Achara Simcharoen, and James L.D. Smith. 2008. Home range size and daytime habitat selection of leopards in Huai Kha Khaeng Wildlife Sanctuary, Thailand. Biological Conservation 141, no. 9 (September): 2242-2250. doi:16/j.biocon.2008.06.015.",
1065,Density,Mammal,Sinclair 1995,"Sinclair, A. R. E., and P. Arcese, eds. 1995. Serengeti II: Dynamics, Management, and Conservation of an Ecosystem. Chicago: University of Chicago Press.",
1066,Density,Mammal,Sinclair 2007,"Sinclair, A. R. E., Simon A. R. Mduma, J. Grant C. Hopcraft, John M. Fryxell, Ray Hilborn, and Simon Thirgood. 2007. Long_Term Ecosystem Dynamics in the Serengeti: Lessons for Conservation. Conservation Biology 21, no. 3 (June 1): 580-590. doi:10.1111/j.1523-1739.2007.00699.x.",
1067,Density,Mammal,Sinclair and Norton-Griffiths 1979,"Sinclair, A. R. E., and M. Norton-Griffiths, eds. 1979. Serengeti: Dynamics of an Ecosystem. Chicago: University of Chicago Press.",
1068,Density,Mammal,Sinclair et al. 2008,"Sinclair, A. R. E., C. Packer, S. A. R. Mduma, and J. M. Fryxell, eds. 2008. Serengeti III: Human Impacts on Ecosystem Dynamics. Chicago: University of Chicago Press, October 1.",
1069,Density,Mammal,Sinclair et al. 2008,"Sinclair, A. R. E., J. G. C. Hopcraft, H. Olff, S. A. R. Mduma, K. A. Galvin, and G. J. Sharam. 2008. Historical and Future Changes to the Serengeti Ecosystem. In Serengeti III: Human Impacts on Ecosystem Dynamics, ed. A. R. E. Sinclair, C. Packer, S. A. R. Mduma, and J. M. Fryxell. Chicago: University of Chicago Press, October 1.",
1070,Density,Mammal,Singer 1987,"Singer, F. J. 1987. Dynamics of caribou and wolves in Denali National Park. In Proceedings of the Conference on Science in the National Parks. Washington, D. C.: The George Washington Wright Society and the U.S. National Park Service.",
1071,Density,Mammal,Singer and Dalle-Molle 1985,"Singer, F. J., and J. Dalle-Molle. 1985. The Denali ungulate-predator system. Alces 21: 339-358.",
1072,Density,Mammal,Sivakumar and Prakash 2005,"Sivakumar, S., and V. Prakash. 2005. Nesting of Jerdon’s Baza Aviceda jerdoni and BlackBaza A.leuphotes in Buxa Tiger Reserve, West Bengal, India. Forktail 21: 169-171.",
1073,Density,Mammal,Smuts 1975,"Smuts, G. L. 1975. Predator prey relationships in the Central District of the Kruger National Park with emphasis on wildebeest and zebra populations. Pretoria: National Parks Board of Trustees.",
1074,Density,Mammal,Smuts 1978,"Smuts, G. L. 1978. Interrelations between Predators, Prey, and Their Environment. BioScience 28, no. 5 (May 1): 316-320. doi:10.2307/1307372.",
1075,Density,Mammal,Soubadra Devy and Davidar 2006,"Soubadra Devy, M., and Priya Davidar. 2006. Breeding systems and pollination modes of understorey shrubs in a medium elevation wet evergreen forest, southern Western Ghats, India. Current Science 90, no. 6: 838-842.",
1076,Density,Mammal,Stander 1991,"Stander, P. E. 1991. Demography of lions in the Etosha National Park, Namibia. Madoqua 18, no. 1: 1-9.",
1077,Density,Mammal,Stander 1992,"Stander, P. E. 1992. Foraging dynamics of lions in a semi-arid environment. Canadian Journal of Zoology 70, no. 1: 8–21.",
1078,Density,Mammal,Stander 1999,"Stander, P. 1999. Conservation of lions and other large carnivores in Etosha National Park and Khorixas District, Namibia. Quarterly Report. Lion project in Etosha National Park and Khorixas District. Namibia: Namibia Carnivore Monitoring Project, November.",
1079,Density,Mammal,Stenlund 1955,"Stenlund, M. H. 1955. A field study of the timber wolf (Canis lupus) in the Superior National Forest, Minnesota. Minnesota Department of Conservation, Technical Bulletin 4: 1-55.",
1080,Density,Mammal,Sumanik 1987,"Sumanik, Ronals S. 1987. Wolf ecology in the Kluane region, Yukon Territory. M.Sc. Thesis, Houghton: Michigan Technological University.",
1081,Density,Mammal,TANAPA 2002,TANAPA. 2002. Lake Manyara National Park: General Management Plan/ Environmental Impact Assessment. Tanzania National Parks.,
1082,Density,Mammal,Tatham and Taylor 1989,"Tatham, G. H., and R. D. Taylor. 1989. The conservation and protection of the black rhinoceros Diceros bicomis in Zimbabwe. Koedoe 32, no. 2 (October 25): 31-42.",
1083,Density,Mammal,TAWIRI 2007,TAWIRI. 2007. Proceedings of the First Tanzania Lion and Leopard Conservation Action Plan Workshop. Arusha: Tanzania Wildlife Research Institute.,
1084,Density,Mammal,Trinkel 2004,"Trinkel, M., P. H Fleischmann, A. F Steindorfer, and G. Kastberger. 2004. Spotted hyenas (Crocuta crocuta) follow migratory prey. Seasonal expansion of a clan territory in Etosha, Namibia. Journal of Zoology 264, no. 2: 125–133.",
1085,Density,Mammal,Trinkel 2005,"Trinkel, Martina, and Gerald Kastberger. 2005. Competitive interactions between spotted hyenas and lions in the Etosha National Park, Namibia. African Journal of Ecology 43, no. 3 (September 1): 220-224. doi:10.1111/j.1365-2028.2005.00574.x.",
1086,Density,Mammal,Trinkel 2009,"Trinkel, Martina. 2009. A keystone predator at risk? Density and distribution of the spotted hyena (Crocuta crocuta) in the Etosha National Park, Namibia. Canadian Journal of Zoology 87, no. 10 (October): 941-947. doi:10.1139/Z09-082.",
1087,Density,Mammal,Trinkel 2010,"Trinkel, M. 2010. Prey selection and prey preferences of spotted hyenas Crocuta crocuta in the Etosha National Park, Namibia. Ecological Research 25, no. 2: 413–417.",
1088,Density,Mammal,Trinkel et al. 2008,"Trinkel, M., N. Ferguson, A. Reid, C. Reid, M. Somers, L. Turelli, J. Graf, et al. 2008. Translocating lions into an inbred lion population in the Hluhluwe_iMfolozi Park, South Africa. Animal Conservation 11, no. 2 (April 1): 138-143. doi:10.1111/j.1469-1795.2008.00163.x.",
1089,Density,Mammal,TWCM 1994,"TWCM. 1995. Aerial Survey of the Selous Game Reserve, Mikumi National Park and Surrounding Areas. Dry Season 1994. Arusha: Tanzania Wildlife Conservation Monitoring, Frankfurt Zoological Society.",
1090,Density,Mammal,TWCM 2000,TWCM. 2000. Census in Tanzania National Parks (TANAPA) - Tarangire National Park General Management Plan / Environmental Impact Assessment. Tanzania Wildlife Conservation Monitoring.,
1091,Density,Mammal,UNEP WCMC 2008,"UNEP WCMC. 2008. Selous Game Reserve, Tanzania. World Heritage Information Sheets. United Nations Environment Programme World Conservation Monitoring Centre (UNEP WCMC).",
1092,Density,Mammal,UWA 2010,UWA. 2010. Strategic Action Plan for large carnivore conservation in Uganda: 2010-2020. Uganda Wildlife Authority.,
1093,Density,Mammal,Valeix et al. 2009,"Valeix, M, A J Loveridge, S Chamaillé-Jammes, Z Davidson, F Murindagomo, H Fritz, and D W Macdonald. 2009. Behavioral adjustments of African herbivores to predation risk by lions: Spatiotemporal variations influence habitat use. Ecology 90, no. 1 (January): 23-30.",
1094,Density,Mammal,Van Ballenberghe 1987,"Van Ballenberghe, V. 1987. Effects of predation on moose numbers: A review of recent North American studies. Swedish Wildlife Research Supplement 1: 63-71.",
1095,Density,Mammal,Van Ballenberghe et al. 1975,"Van Ballenberghe, Victor, Albert W. Erickson, and David Byman. 1975. Ecology of the Timber Wolf in Northeastern Minnesota. Wildlife Monographs, no. 43 (April 1): 3-43.",
1096,Density,Mammal,van der Werf 2008,"van der Werf, Marleen. 2008. Lions (Panthera leo) of Amboseli National Park: A study on lion ecology in relation to conflict with livestock owners. MSc thesis, Leiden: University of Leiden.",
1097,Density,Mammal,van Dyk Slotow 2003,"Van Dyk, G., and R. Slotow. 2003. The effects of fences and lions on the ecology of African wild dogs reintroduced to Pilanesberg National Park, South Africa. African Zoology 38, no. 1 (April): 79-94.",
1098,Density,Mammal,van Orsdol et al. 1985,"Orsdol, K. G. Van, Jeannette P Hanby, and J. D Bygott. 1985. Ecological correlates of lion social organization (Panthers, leo). Journal of Zoology 206, no. 1 (May 1): 97-112. doi:10.1111/j.1469-7998.1985.tb05639.x.",
1099,Density,Mammal,Viljoen 1993,"Viljoen, P. C. 1993. The effects of changes in prey availability on lion predation in a large natural ecosystem in northern Botswana. Symposia of the Zoological Society of London 65: 193-213.",
1100,Density,Mammal,Wadge 2007,"Wadge, Michael John Harry. 2007. A vulnerability analysis of Hluhluwe Imfolozi Park for the period 1980 to 2000. M.Sc. Thesis, Johannesburg: University of the Witwatersrand, March.",
1101,Density,Mammal,Watson and Turner 1965,"Watson, R. M, and M. I. M Turner. 1965. A Count of the Large Mammals of the Lake Manyara National Park: Results and Discussion. African Journal of Ecology 3, no. 1 (August 1): 95-98. doi:10.1111/j.1365-2028.1965.tb00741.x.",
1102,Density,Mammal,Watts Holekamp 2008,"Watts, H. E, and K. E Holekamp. 2008. Interspecific competition influences reproduction in spotted hyenas. Journal of Zoology 276, no. 4 (December 1): 402-410. doi:10.1111/j.1469-7998.2008.00506.x.",
1103,Density,Mammal,WCS 2008,"WCS. 2008. Aerial Survey Report: Kidepo National Park, 2008. WCS Flight Programme Wildlife Survey Report. Wildlife Conservation Society, April.",
1104,Density,Mammal,Weyerhaeuser 1982,"Weyerhaeuser, Rick. 1982. On the ecology of the Lake Manyara elephants. M.Sc. Thesis, New Haven: Yale School of Forestry and Environmental Studies.",
1105,Density,Mammal,Whateley and Brooks 1985,"Whateley, A., and P. M. Brooks. 1985. The carnivores of the Hluhluwe and Umfolozi game reserves: 1973–1982. Lammergeyer 35: 1–27.",
1106,Density,Mammal,Whyte et al. 2003,"Whyte, I. J., J. van Aarde, and S. L. Pimm. 2003. Kruger’s Elephant Population: Its Size and Consequences for Ecosystem Heterogeneity. In The Kruger experience: ecology and management of savanna heterogeneity, ed. Johan du Toit, Harry Biggs, and Kevin H. Rogers, 332-348. Washington: Island Press.",
1107,Density,Mammal,Wilkinson 1996,"Wilkinson, I. S. 1996. The 1994-95 wild dog photographic survey. Licaone 5: 6-8.",
1108,Density,Mammal,Wilson 1975,"Wilson, V. J. 1975. Mammals of the Wankie National Park, Rhodesia. Salisbury, Rhodesia: Trustees of the National Museums and Monuments of Rhodesia.",
1109,Density,Mammal,Wolfe and Allen 1973,"Wolfe, Michael L., and Durward L. Allen. 1973. Continued Studies of the Status, Socialization, and Relationships of Isle Royale Wolves, 1967 to 1970. Journal of Mammalogy 54, no. 3: 611-635. doi:10.2307/1378962.",
1110,Density,Mammal,Woodroffe and Ginsberg 1997,"Woodroffe, Rosie, and Joshua R. Ginsberg. 1998. Edge Effects and the Extinction of Populations Inside Protected Areas. Science 280, no. 5372 (June 26): 2126 -2128. doi:10.1126/science.280.5372.2126.",
1111,Density,Mammal,Woodroffe et al. 1997,"Woodroffe, R., J. R. Ginsberg, and D. W. Macdonald. 1997. The African Wild Dog: Status Survey and Conservation Action Plan. Gland, Switzerland: World Conservation Union.",
1112,Density,Mammals,Fa Purvis 1997,"Fa, J. E., and A. Purvis. 1997. Body size, diet and population density in Afrotropical forest mammals: a comparison with neotropical species. Journal of Animal Ecology:98–112.",
1113,Density,Mammals,Robinson Redford 1986,"Robinson, J. G., and K. H. Redford. 1986. Body size, diet, and population density of Neotropical forest mammals. The American Naturalist 128:665–680.",
1114,Density,Plants and algae,Belgrano 1999,"Belgrano, A., O. Lindahl, and B. Hernroth. 1999. North Atlantic Oscillation primary productivity and toxic phytoplankton in the Gullmar Fjord, Sweden (1985–1996). Proceedings of the Royal Society of London B: Biological Sciences 266:425–430.",
1115,Density,Plants and algae,Belgrano 2002,"Belgrano, A., A. P. Allen, B. J. Enquist, and J. F. Gillooly. 2002. Allometric scaling of maximum population density: a common rule for marine phytoplankton and terrestrial plants. Ecology letters 5:611–613.",
1116,Density,Plants and algae,Enquist Niklas 2002,"Enquist, B. J., and K. J. Niklas. 2002. Global allocation rules for patterns of biomass partitioning in seed plants. Science 295:1517–1520.",
1117,Density,Various,Currie Fritz 1993,"Currie, D. J., and J. T. Fritz. 1993. Global patterns of animal abundance and species energy use. Oikos:56–68.",
1118,Density,Various,Damuth 1987,"Damuth, J. 1987. Interspecific allometry of population density in mammals and other animals: The independence of body mass and population energy-use. Biological Journal of the Linnean Society 31:193–246.",
1119,Density,Various,Peters Wassenberg 1983,"Peters, R. H., and K. Wassenberg. 1983. The effect of body size on animal abundance. Oecologia 60:89–96.",
1120,Metabolism,Aquatic Invertebrates,Abolmasova 1969,Abolmasova G.I. (1969) Respiration intensity in the crab Xantho hydrophylus (Herbst). Gidrobiologicheski_ zhurnal 5: 114-117. (in Russian),
1121,Metabolism,Aquatic Invertebrates,Abolmasova 1970,Abolmasova G.I. (1970) Feeding and analysis of some elements of energy balance in Black Sea crabs. Gidrobiologicheski_ zhurnal 6: 62-70. (in Russian),
1122,Metabolism,Aquatic Invertebrates,Adamczewska 1994,"Adamczewska A.M., Morris S. (1994) Exercise in the terrestrial Christmas Island red crab Gecarcoidea natalis. II. Energetics of locomotion. J. exp. Biol. 188: 257-274.",
1123,Metabolism,Aquatic Invertebrates,Aldrich 1975,Aldrich J.C. (1975) Individual variability in oxygen consumption rates of fed and starved Cancer pagurus and Maia squinado. Comparative Biochemistry and Physiology 51A: 175-183.,
1124,Metabolism,Aquatic Invertebrates,Alekseeva 2001,"Alekseeva T.A., Zotin A.I. (2001) Standard metabolism and macrotaxonomy of crustaceans. Izv. Akad. Nauk Ser. Biol. 2001(2): 198-204. (in Russian)",
1125,Metabolism,Aquatic Invertebrates,Armitage 1979,"Armitage K.B., Lei C.-H. (1979) Temperature acclimatization in the filtering rates and oxygen consumption of Daphnia ambigua Scornfield. Comp. Biochem. Physiol. 62A:807-812.",
1126,Metabolism,Aquatic Invertebrates,Barnes 1969,"Barnes H., Barnes M. (1969) Seasonal changes in the acutely determined oxygen consumption and effect of temperature for three common cirripedes, Balanus balanoides (L), B. Balanus (L) and Chthamalus stellatus (Poli). J. Exp. Marine Biol. Ecol. 4: 36-50.",
1127,Metabolism,Aquatic Invertebrates,Braginski 1957,Braginski L.P. (1957) Respiration intensity and oxygen limit in some Caspian peracarids from Black Sea lagoons. Zoologicheski_ zhurnal 36: 504-510. (in Russian),
1128,Metabolism,Aquatic Invertebrates,Bulnheim 1979,Bulnheim H.-P. (1979) Comparative studies on the physiological ecology of five euryhaline Gammarus species. Oecologia 44: 80-86.,
1129,Metabolism,Aquatic Invertebrates,Byzova  1973,"Byzova Yu.B. (1973) Respiration of soil invertebrates. In: Ecology of soil invertebrates, Moscow: Nauka, pp. 3-39. (in Russian)",
1130,Metabolism,Aquatic Invertebrates,Cameron 1975,Cameron J.N. (1975) Aerial gas exchange in the terrestrial Brachyura Gecarcinus lateralis and Cardisoma guanhumi. Comp. Biochem. Physiol. 52A:129-134.,
1131,Metabolism,Aquatic Invertebrates,Castellani 2005,"Castellani C., Robinson C., Smith T., Lampitt R.S. (2005) Temperature affects respiration rate of Oithona similis. Marine Ecology Progress Series 285: 129-135.",
1132,Metabolism,Aquatic Invertebrates,Childress 1975,Childress J.J. (1975) The respiratory rates of midwater crustaceans as a function of depth of occurrence and relation of  the oxyqen minimum layer off southern California. Comp. Biochem. Physiol. 50A: 787-799.,
1133,Metabolism,Aquatic Invertebrates,Childress 1990,"Childress J.J., Cowles D.L., Favuzzi J.A., Mickel T.J. (1990) Metabolic rates of benthic deep-sea decapod crustaceans decline with increasing depth primarily due to the decline in temperature. Deep-Sea Research 37: 929-949.",
1134,Metabolism,Aquatic Invertebrates,Clark 1955,"Clark D.P. (1955) The influence of body weight, temperature and season upon the rate of oxygen consumption of the terrestrial amphipod Talitrus sylvaticus (Haswell). Biological Bulletin 108: 253-257.",
1135,Metabolism,Aquatic Invertebrates,Conover 1960,Conover R.J. (1960) The feeding behavior and respiration of some marine planktonic Crustacea. Biological Bulletin 119: 399-415.,
1136,Metabolism,Aquatic Invertebrates,Cowles 1991,"Cowles D.L., Childress J.J., Wells M.E. (1991) Metabolic rates of midwater crustaceans as a function of depth of occurrence off the Hawaiian Islands: food availability as a selective factor? Marine Biology 110: 75-83.",
1137,Metabolism,Aquatic Invertebrates,Dehnel 1960,Dehnel P.A. (1960) Effect of temperature and salinity on the oxygen consumption of two interidal crabs. Biol. Bull. 118: 215-249.,
1138,Metabolism,Aquatic Invertebrates,Dye 1980,"Dye A.H., van der Veen L. (1980) Respiratory responses of winter acclimated grapsoid crabs  to a number of environmental parameters. Comp. Biochem. Physiol. 67A: 643-648.",
1139,Metabolism,Aquatic Invertebrates,Edney 1955,"Edney E.B., Spencer J.O. (1955) Cutaneous respiration in woodlice. Journal of Experimental Biology 32: 256-269.",
1140,Metabolism,Aquatic Invertebrates,Edney 1964,Edney E.B. (1964) Acclimation to temperature in terrestrial isopods. II. Heart rate and standard metabolic rate. Physiological Zoology 37: 378-393.,
1141,Metabolism,Aquatic Invertebrates,Edwards 1943,"Edwards G.A., Irving L. (1943) The influence of season and temperature upon the oxygen consumption of the beach flea, Talorchestia megalophthalma. J. Cell. Comp. Physiol. 21: 183-189.",
1142,Metabolism,Aquatic Invertebrates,Edwards 1946,Edwards G.A. (1946) The influence of temperature upon the oxygen consumption of the beach flea Tolorchestia megalophthalma. Journal of Cellular and Comparative Physiology 21: 183-189.,
1143,Metabolism,Aquatic Invertebrates,Ellis 1995,"Ellis B.A., Morris S. (1995) Effects of extreme pH on the physiology of the australian 'yabby' Cherax destructor: Acute and chronic changes in haemolymph oxygen levels, oxygen consumption and metabolite levels. Journal of Experimental Biology 198: 409-418.",
1144,Metabolism,Aquatic Invertebrates,Engelmann 1961,Engelmann M.D. (1961) The role of soil arthropods in the energetics of an old field community. Ecological Monographs 81: 221-238.,
1145,Metabolism,Aquatic Invertebrates,Fish 1970,"Fish J.D., Preece G.S. (1970) The ecophysiological complex of Bathyporeia pilosa and B. pelagica (Crustacea: Amphipoda). I. Respiration rate. Mar. Biol. 5: 22-28.",
1146,Metabolism,Aquatic Invertebrates,Foulds 1976,"Foulds J.B., Roff J.C (1976) Oxygen consumption during simulated vertical migration in Mysis relicta (Crustacea, Mysidacea). Can. J. Zool. 54: 377-385.",
1147,Metabolism,Aquatic Invertebrates,Full 1987,Full R.Y. (1987) Locomotion energeties of the ghost crab. 1. Metabolic cost and endurance. J. exp. Biol. 130: 137-153.,
1148,Metabolism,Aquatic Invertebrates,Goss 1980,"Goss L.B., Bunting D.L. (1980) Temperature effects on zooplankton respiration. Comp. Biochem. Physiol. 66A: 651-658.",
1149,Metabolism,Aquatic Invertebrates,Herreid 1983,"Herreid C.F., O'Mahoney P.M., Full R.J. (1983) Locomotion in land crabs: respiratory and cardiac response of Gecarcinus lateralis. Comp. Biochem. Physiol. 74A: 117-124.",
1150,Metabolism,Aquatic Invertebrates,Herreid 1986,"Herreid C.F., Full X.Y. (1986) Energetic of hermit crabs during locomotion: the cost of carrying shell. J. Exp. Biol. 120: 297-308.",
1151,Metabolism,Aquatic Invertebrates,Hervant 1997,"Hervant, F., Mathieu, J., Barré, H., Simon, K. & Pinon, C. (1997) Comparative study on the behavioral, ventilatory and respiratory responses of hypogean and epigean crustaceans to long-term starvation and subsequent feeding. Comparative Biochemistry and Physiology 118A: 1277-1283.",
1152,Metabolism,Aquatic Invertebrates,Ikeda 1970,Ikeda T. (1970) Relationship between respiration rate and body size in marine plankton animals as a function of the temperature of habitat. Bull. Fac. Fish 21: 91-112.,
1153,Metabolism,Aquatic Invertebrates,Ikeda 1971,Ikeda T. (1971) Changes in respiration rate and in composition of organic matter in Calanus cristatus (Crustacea: Copepoda) under starvation. Bull. Fac. Fish 21: 280-298.,
1154,Metabolism,Aquatic Invertebrates,Ikeda 1982,"Ikeda T., Mitchell A.W. (1982) Oxygen uptake, ammonia excretion, and phosphate excretion by krill and other Antarctic zooplankton in relation to their body size and chemical composition. Marine Biology 71: 283-298.",
1155,Metabolism,Aquatic Invertebrates,Ikeda 1988,Ikeda T. (1988) Metabolism and chemical composition of crustaceans from the Antarctic mesopelagic zone. Deep-Sea Research 35: 1991-2002.,
1156,Metabolism,Aquatic Invertebrates,Ikeda 1989,"Ikeda T., Skjoldal H.R. (1989) Metabolism and elemental composition of zooplankton from the Barents Sea during early Arctic summer. Marine Biology 100: 173-183.",
1157,Metabolism,Aquatic Invertebrates,Ikeda 2001,"Ikeda T., Kanno Y., Ozaki K., Shinada A. (2001) Metabolic rates of epipelagic marine copepods as a function of body mass and temperature. Marine Biology 139: 587-596.",
1158,Metabolism,Aquatic Invertebrates,Ikeda 2004,"Ikeda T., Sano F., Yamaguchi A. (2004) Metabolism and body composition of a copepod (Neocalanus cristatus: Crustacea) from the bathypelagic zone of the Oyashio region, western subarctic Pacific. Marine Biology 145:1181-1190.",
1159,Metabolism,Aquatic Invertebrates,Ivanova 1974,"Ivanova M.B., Korobtsova E.V. (1974) Ecophysiological peculiarities of Polyartemia forcipata (Anostraca) from tundar water bodies in East Murman. Zoologicheski_ zhurnal 53: 1140-1147. (in Russian)",
1160,Metabolism,Aquatic Invertebrates,Ivlev 1961,"Ivlev V.S., Sutschenya L.M. (1961) Intensity of atmospheric and aquatic respiration in some marine crustaceans. Zoologicheski_ zhurnal 40: 1345-1353. (in Russian)",
1161,Metabolism,Aquatic Invertebrates,Jawed 1973,Jawed M. (1973) Effects environmetal factors and body size on rates of oxygen consumption in Archaeomysis grebnitzkii and Neomysis awatschensis (Crustacea; Mysidae) Mar. Biol. 21: 173-179.,
1162,Metabolism,Aquatic Invertebrates,Kawall 2001,"Kawall H.G., Torres J.T., Geiger S.P. (2001) Effects of the ice-edge bloom and season on the metabolism of copepods in the Weddell Sea, Antarctica. Hydrobiologia 453/454: 67-77. ",
1163,Metabolism,Aquatic Invertebrates,Khmeleva 1973,"Khmeleva M.N. (1973) Energy metabolism of Idothea baltica basteri (Aud.). In: Energy metabolism of aquatic animals, Moscow: Nauka, pp. 5-27. (in Russian)",
1164,Metabolism,Aquatic Invertebrates,Kititsina 1980,Kititsina L.A. (1980) Ecophysiological peculiarities of the freshwater shrimp Dekerogammarus haemobaphes (Eich) in the region of Tripol hydropower hot water discharges. Gidrobiologicheski_ zhurnal 16: 77-85.,
1165,Metabolism,Aquatic Invertebrates,Klyashtorin 1975,"Klyashtorin L.B., Kuzmicheva V.I. (1975) Level of energetic expenditures during active locomotion in planktonic crustaceans. Okeanologia 15: 891-897. (in Russian)",
1166,Metabolism,Aquatic Invertebrates,Kotaiah 1972,"Kotaiah K., Rajabai B.S. (1972) Influence of thermal acclimation on oxygen consumption in the tropical freshwater crab, Paratelphasa hydrodromus (Herbst), wiht reference to size, sex and sudden changes of temperature. Indian J. exp. Biol. 10: 375-378.",
1167,Metabolism,Aquatic Invertebrates,Kuzmicheva 1974,"Kuzmicheva V.I., Kukina I.V. (1974) On respiration intensity in mysids at different numbers of individuals in repirometers. Okeanologia 14: 898-902. (in Russian)",
1168,Metabolism,Aquatic Invertebrates,Leffler 1973,Leffler C.W. (1973) Metabolic rate in relation to body size and environmental oxygen concentration in two species of xanthid crabs. Comp. Biochem. Physiol. 44A: 1047-1052.,
1169,Metabolism,Aquatic Invertebrates,Lewis 1976,"Lewis E.G., Haefner P. A. (1976) Oxygen consumption of the blue crab, Callinectes sapidus Rathbun, from proecaysis to postecdysis. Comp. Biochem. Physiol. 54A: 55-60.",
1170,Metabolism,Aquatic Invertebrates,Luxmoore 1984,Luxmoore R.A. (1984) A comparison of the respiration rate of some Antarctic isopod with species from lower latitudes. Br. Antart. Surv. Bull. 62: 53-65.,
1171,Metabolism,Aquatic Invertebrates,MacMillen 1978,MacMillen R.E. (1978) Adjustments of energy and water metabolism to drought in an Australian arid-zone crab. Physiol. Zool. 51: 230-240.,
1172,Metabolism,Aquatic Invertebrates,Moots 1974,"Moots C.A., Epifanio C.E. (1974) An energy budget for Menippe mercenaria larvae fed Artemia nauplii. Biol. Bull. 146: 44-55.",
1173,Metabolism,Aquatic Invertebrates,Moreira 1983,"Moreira G.S., McNamara J.C., Shumway S.E., Moreira P.S. (1983) Osmoregulation and respiratory metabolism in Brazilian Macrobrachium (Decapoda, Palaemonidae). Comp. Biochem. Physiol. 74A(1): 57-62.",
1174,Metabolism,Aquatic Invertebrates,Morrison 1946,Morrison P.R. (1946) Physiological observations on water loss and oxygen consumption in Peripatus. Biological Bulletin 91: 181-188.,
1175,Metabolism,Aquatic Invertebrates,Müller 1943,Müller I. (1943) Untersuchungen über die Gesetzlichkeit des Wachstums. X. Weiteres zur Frage der Abhängigkelt der Atmung von der Körpergrösse. Biol. Zbl. 63: 446-453.,
1176,Metabolism,Aquatic Invertebrates,Nival 1972,"Nival P., Nival S., Palazzoli I. (1972) Données sur la respiration de différents organismes communs dans le plancton de Villeranche-sur-Mer. Mar. Biol.  17: 63-76.",
1177,Metabolism,Aquatic Invertebrates,Opalinski 1991,Opalinski K.W. (1991) Respiratory metabolism and metabolic adaptations of Antarctic krill Euphausia superba. Pol. Arch. Hydrobiol. 38: 183-263.,
1178,Metabolism,Aquatic Invertebrates,Pavlova 1961,Pavlova E.P. (1961) Oxygen consumption by some planktonic crustaceans of the Sevastopol Bay. Transactions of the Sevastopol Biological Station 14: 79-90. (in Russian),
1179,Metabolism,Aquatic Invertebrates,Pavlova 1975,"Pavlova E.P. (1975) Metabolism of Mediterranean zooplankton. Chapter 7 in: Biological structure and productivity of the planktonic communities in the Mediterranean, Kiev: Naukova Dumka, pp. 124-144.",
1180,Metabolism,Aquatic Invertebrates,Penkoff 1982,"Penkoff S.J., Thurberg F.P. (1982) Changes in oxygen consumption of the american lobster, Homarus americanus, during the moult cycle. Comp. Biochem. Physiol. 72A: 621-622.",
1181,Metabolism,Aquatic Invertebrates,Phillipson 1965,"Phillipson J., Watson J. (1965) Respiratory metabolism of the terrestrial isopod Oniscus asellus L. Oikos 16: 78-87.",
1182,Metabolism,Aquatic Invertebrates,Rajagopal 1962,Rajagopal P.K. (1962) Respiration of some marine planktonic organisms. Proc. Indian Acad. Sci. 55B: 76-81.,
1183,Metabolism,Aquatic Invertebrates,Reiche 1968,Reiche D.E. (1968) Relation of body size to food in take oxygen consumption and trace element metabolism in forest floor arthropods. Ecology 49: 538-542.,
1184,Metabolism,Aquatic Invertebrates,Robertson 2001,"Robertson R.F., El-Haj A.J., Clarke A., Peck L.S., Taylor E.W.  (2001) The effects of temperature on metabolic rate and protein synthesis following a meal in the isopod Glyptonotus antarcticus Eights (1852). Polar Biology 24: 677-686",
1185,Metabolism,Aquatic Invertebrates,Romanova 1978,"Romanova Z.A., Khmeleva N.N. (1978) Respiration of crustaceans within their natural geographic range. Biologia morya 46: 29-35. (in Russian)",
1186,Metabolism,Aquatic Invertebrates,Saito 1965,Saito S. (1965) Structure and energetics of the population of Ligidium japonica (Isopoda) in a warm climate forest ecosystem. Japanese Journal of Ecology 15: 47-55.,
1187,Metabolism,Aquatic Invertebrates,Schindler 1968,"Schindler D.W. (1968) Feeding, assimilation and respiration rates of Daphnia magma under various environmental conditions and their relation to production estimates. J. anim. Ecol. 37:369-385.",
1188,Metabolism,Aquatic Invertebrates,Schmid 1996,Schmid M.K. (1996) Zur Verbreitung und Respiration ökologisch wichtiger Bodentiere in den Gewässern um Svålbard (Arktis). Berichte zur Polarförschung 202: 1-93. ,
1189,Metabolism,Aquatic Invertebrates,Seibel 2007,Seibel B.A. (2007) On the depth and scale of metabolic rate variation: scaling of oxygen consumption rates and enzymatic activity in the Class Cephalopoda (Mollusca). J. Exp. Biol. 210: 1-11.,
1190,Metabolism,Aquatic Invertebrates,Silverthorn 1975,Silverthorn S.U. (1975) Hormonal involvement in thermal acclimation in the fiddler crab Uca pugilator (Bose). I. Effect of eyestalk extracts on whole animal respiration. Comp. Biochem. Physiol. 50A:281-284.,
1191,Metabolism,Aquatic Invertebrates,Sim_i_ 2005,"Sim_i_ T., Lukan_i_ S., Brancelj A. (2005) Comparative study of electron transport system activity and oxygen consumption of amphipods from caves and surface habitats. Freshwater Biology 50: 494-501.",
1192,Metabolism,Aquatic Invertebrates,Sim_i_ 2006,"Sim_i_ T., Brancelj A. (2006) Effects of pH on electron transport system (ETS) activity and oxygen consumption in Gammarus fossarum. Asellus aquaticus and Niphargus sphagnicolus. Freshwater Biology 51: 686-694.",
1193,Metabolism,Aquatic Invertebrates,Steffensen 2002,Steffensen J.F. (2002) Metabolic cold adaptation of polar fish based on measurements of aerobic oxygen consumption: fact or artefact? Artefact! Comparative Biochemistry and Physiology 132: 789-795. ,
1194,Metabolism,Aquatic Invertebrates,Sutschenya 1973,"Sutschenya L.M., Abolmasova G.I. (1973) Metabolic intensity in the crab Eriphia spinifrons (Herbst) Sav. from the Black Sea. In: Energy metabolism of aquatic animals, Mosow: Nauka, pp. 42-49. (in Russian)",
1195,Metabolism,Aquatic Invertebrates,Taylor 1977,"Taylor E.W., Butler P.J., Alwassia A. (1977) Effect of a decrease in salinity on respiration, osmoregulation and activity in shore crab, Carcinus-maenas L., at different acclimation temperature. J. Comp. Physiol. 119: 155-170.",
1196,Metabolism,Aquatic Invertebrates,Taylor 1981,"Taylor A.C., Davies P.S. (1981) Respiration in the land crab, Gecarcinus lateralis (Freminville). J. Exp Biol. 93: 197-208.",
1197,Metabolism,Aquatic Invertebrates,Thuesen 1993,"Thuesen E.V., Childress J.J. (1993) Enzymatic activities and metabolic rates of pelagic chaetognaths: Lack of depth-related declines. Limnology & Oceanography 38: 935-948. ",
1198,Metabolism,Aquatic Invertebrates,Thuesen 1994,"Thuesen E.V., Childress J.J. (1994) Oxygen consumption rates and metabolic enzyme activities of oceanic California medusae in relation to body size and habitat depth. Biological Bulletin 187: 84-98. ",
1199,Metabolism,Aquatic Invertebrates,Thuesen 1998,"Thuesen E.V., Miller C.B., Childress J.J. (1998) Ecophysiological interpretation of oxygen consumption rates and enzymatic activities of deep-sea copepods. Marine Ecology Progress Series 168: 95-107.",
1200,Metabolism,Aquatic Invertebrates,Tscherbakov 1953,"Tscherbakov A.P., Muragina T.A. (1953) Respiration intensity in the tadpole shrimp (Apus cancriformis Schäff.). Zoologicheski_ zhurnal 32: 844-847. (in Russian)",
1201,Metabolism,Aquatic Invertebrates,Veerannan 1972,Veerannan K.M. (1972) Respiratory Metabolism of Crabs from Marine and Estuarine Habitats. I. Scylla serrata. Marine Biology 17: 284-290.,
1202,Metabolism,Aquatic Invertebrates,Veerannan 1974,Veerannan K.M. (1974) Respiratory metabolism of crabs from marine habitats: an interpecific comparison. Marine Biology 26: 35-43.,
1203,Metabolism,Aquatic Invertebrates,Vernberg 1959,Vernberg F.Y. (1959) Studies on the physiological variation between tropical and temperate zone fiddler crabs of the genus Uca. II. Oxygen consumption of whole organisms. Biol. Bull.117: 163-184.,
1204,Metabolism,Aquatic Invertebrates,White 2006,"White C. R., Phillips N.R., Seymour R.S. (2006) The scaling and temperature dependence of vertebrate metabolism. Biological Letters 2: 125-127. ",
1205,Metabolism,Aquatic Invertebrates,Wieser 1963,"Wieser W. (1963) Parameter des Sauerstoffverbrauches. II. Die Wirkung von Temperatur, Licht und anderen Haltungsbedingungen auf den Sauerstoffverbrauch von Porcellio scaber Latr. (Isopoda). Z. vergl. Physiol. 47: 1-16.",
1206,Metabolism,Aquatic Invertebrates,Wieser 1965,Wieser W. (1965) Untersuchungen uber die Ernährung und dem Gesamtstoffwechsel von Porcellio scaber (Crustacea: Isopoda). Pedobiologia 5: 304-331.,
1207,Metabolism,Aquatic Invertebrates,Will 1952,"Will A. (1952) Körpergrösse, Körperzeiten und Energiebilanz. VI. Körpergrösse unde O2-Konsum bei Schaben und Asellen (Isopoda). Z. vergl. Physiol. 341: 20-25.",
1208,Metabolism,Birds,Gavrilov 1974,"Gavrilov V.M. 1974a. Seasonal and daily variations of standard metabolic rate in passerine birds. Materialy 6 Vsesojusnoi Ornithologicheskoi Konferentzii (Proceedings of the 6 All-Union Ornithological Conference). Moscow: Moscow University Press. Vol.1, P.134-136. (in Russian)",
1209,Metabolism,Birds,Gavrilov 1974,"Gavrilov V.M. (1974) Sezonnye i sutochnye izmeneniya urovnya standartnogo metabolizma u vorob’inykh ptits. Pp. 134-136 in R.L. Beme and V.E. Flint, eds. Materially. VI. Vsesoyuznoi Ornitologicheskoi Konferentsii, Moskva, 1–5 fevralya 1974 goda. Izdatel’stvo Moskovskogo Universiteta, Moskva.",
1210,Metabolism,Birds,Gavrilov 1977,"Gavrilov, V.M. 1977. Penguin energetics. - Penguin adaptations. Moscow: Nauka. P.102-110. (in Russian) ",
1211,Metabolism,Birds,Gavrilov 1979,"Gavrilov V.M. 1979a. Bioenergetics of large Passeriformes. 1. Metabolism of rest and energy of existence. Zool. Zh. Vol.58, N 4, P.530-541 (in Russian, English summary) ",
1212,Metabolism,Birds,Gavrilov 1979,"Gavrilov V.M. 1979b. Bioenergetics of large Passeriformes. 2. Caloric equivalent on loss of body mass and dependence of bioenergetic parameters on body mass. Zool. Zh. Vol.58, N 5, P.693-703 (in Russian, English summary)",
1213,Metabolism,Birds,Gavrilov 1980,"Gavrilov, V.M. 1980a. Energy existence of Galliformes in relation to ambient temperatures seasons and body mass. - Ornithologia. Vol.15. P.75-79 (in Russian)",
1214,Metabolism,Birds,Gavrilov 1980,"Gavrilov, V.M. 1980b. Trends of bioenergetic adaptations in birds to seasonal changes in climate. - Ecologia, geographia i okhrana ptitz. Ecology, Geography and Protection of Birds. Leningrad: Nauka. P.73-97.",
1215,Metabolism,Birds,Gavrilov 1980,"Gavrilov, V.M. 1980c. Seasonal changes of metabolism in migratory and sedentary passerine and non-passerine birds. - Ornithologia. Vol.15. P.208-211. (in Russian) ",
1216,Metabolism,Birds,Gavrilov 1981,"Gavrilov, V.M. 1981. Circadian changes of resting metabolism in birds. - Ornithologia. Vol.16. P.42-50. (in Russian) ",
1217,Metabolism,Birds,Gavrilov 1982,"Gavrilov, V.M. 1982a. Energy existence and basal metabolism of insectivorous and granivorous passerine birds. - Ornithologia. Vol.17. P.66-71. (in Russian, English summary) ",
1218,Metabolism,Birds,Gavrilov 1982,"Gavrilov, V.M. 1982b. Bioenergetic adaptations in birds to seasonal variations in climate. - Gavrilov, V.M. and Potapov, R.L., eds. Ornithological Studies in the USSR. Moscow: Nauka. Vol.2. P.377-402.",
1219,Metabolism,Birds,Gavrilov 1985,"Gavrilov, V.M. 1985a. Energy of existence at 0° and 30° and basal metabolism of insectivorous and granivorous Passeriformes: their seasonal change anddependence on body mass. - Ilyichov, V.D. and Gavrilov, V.M., eds. Acta XVIII Congress Internationalis Ornithologici. Moscow: Nauka. Vol.2. P.1220-1227.",
1220,Metabolism,Birds,Gavrilov 1985,"Gavrilov, V.M. 1985b. Seasonal and circadian changes of thermoregulation in passerine and non-passerine birds: which is more important? Ilyichov, V.D. and Gavrilov, V.M., eds. Acta XVIII Congress Internationalis Ornithologici. Moscow: Nauka. Vol.2.  P.1254-1277.",
1221,Metabolism,Birds,Gavrilov 1985,"Gavrilov, V.M., Dolnik, V.R. 1985. Basal metabolism, thermoregulation and existence energy in birds: world data. In Acta XVIII Congress Internationalis Ornithologici, (Ilyichov, V.D. and Gavrilov, V.M., eds.) vol.1, 421-466 (Moscow: Nauka). ",
1222,Metabolism,Birds,Gavrilov 1996,"Gavrilov, V.M. 1996a. Basal metabolic rate in homoiothermal animals: 1. Scale of power and fundamental characteristics of energetics. - Zh. Obshch. Biol. Vol.57. N 3. P.326-345. (in Russian, English summary) ",
1223,Metabolism,Birds,Gavrilov 1996,"Gavrilov, V.M. 1996b. Basal metabolic rate in homoiothermal animals: 2. Origin in the course of evolution, energetic and ecological effects. - Zh. Obsch. Biol. Vol.57. N 4. P.421-439. (in Russian, English summary)",
1224,Metabolism,Birds,Gavrilov 1997,"Gavrilov V.M. 1997. Energetics and Avian behavior. Physiology and General Biology Reviews. Amsterdam B.V. Published in The Netherlands by Harwood Academic Publishers GmbH, 225p.",
1225,Metabolism,Birds,Gavrilov 1998,"Gavrilov V.M., A.B. Kerimov, T.B. Golubeva, E.V. Ivankina, T.A. Ilyina. 1998. Population and ecological effects of variation and interaction of energetic parameters in birds with special reference to Great Tit (Parus major) and Pied Flycatcher (Ficedula hypoleuca). Avian ecology and behaviour, vol. 1, pp. 87-101. ",
1226,Metabolism,Birds,Gavrilov 1999,"Gavrilov, V.M. 1999a. Comparative energetics of passerine and non-passerine birds: differences in maximal, potential productive and normal levels of existence metabolism and their ecological implication. In: Adams, N. & Slotow, R. Eds), Proc. 22 Int. Ornithol. Congr., Durban: 338-369, Johannesburg: BirdLife South Africa. ",
1227,Metabolism,Birds,Gavrilov 1999,"Gavrilov V.M. 1999b. Energy responses of passerine and non-passerine birds to their thermal environment: differences and ecological effects. Avian ecology and behaviour, vol. 3, p. 1-21. ",
1228,Metabolism,Birds,Gavrilov 1999,"Gavrilov V.M. 1999c. Ecological phenomena of Passeriformes as a derivative of their energetics, Acta ornithologica, , vol.34(2): 165-172. ",
1229,Metabolism,Birds,Gavrilov 2001,Gavrilov V.M. 2001. Thermoregulation energetics of passerine and non-passerine birds. Ornithologia. Vol.29. P.162-182. ,
1230,Metabolism,Birds,Kendeigh 1977,"Kendeigh S.C., Dol’nik V.R., Gavrilov V.M. (1977) Avian energetics. Pp. 129–204 in J. Pinowski and S.C. Kendeigh, eds. Granivorous Birds in Ecosystems. Cambridge University Press, Cambridge.",
1231,Metabolism,Birds,McKechnie 2004,"McKechnie A.E., Wolf B.O. (2004) The allometry of avian basal metabolic rate: good predictions need good data. Physiological and Biochemical Zoology 77: 502-521.",
1232,Metabolism,Birds,McNab 1966,"McNab, B. K. 1966. An analysis of the body temperatures of birds. The Condor 68:47–55.",
1233,Metabolism,Birds,Reynolds 1996,"Reynolds P.S., Lee, R.M. (1996) Phylogenetic analysis of avian energetics: passerines and non-passerines do not differ. American Naturalist 147: 735-759.",
1234,Metabolism,Cyanobacteria,Alberte 1986,"Alberte R.S., Cheng L., Lewin R.A. (1986) Photosynthetic characteristics of Prochloron sp./ascidian symbioses I. Light and temperature responses of the algal symbiont of Lissoclinum patella. Marine Biology 90: 575-587.",
1235,Metabolism,Cyanobacteria,APHA 1992,"APHA (American Public Health Association, American Water Works Association and Water Pollution Control Federation) (1992) Standard Methods for the Examination of Water and Wastewater. 18th ed. Washington D.C. ",
1236,Metabolism,Cyanobacteria,Avendaño-Coletta 2005,"Avendaño-Coletta D., Schubert H. (2005) Oxygen evolution and respiration of the cyanobacterium Synechocystis sp. PCC 6803 under two different light regimes applying light/dark intervals in the time scale of minutes. Physiologia Plantarum 125: 381-391.",
1237,Metabolism,Cyanobacteria,Berman-Frank 2001,"Berman-Frank I., Cullen J.T., ShakedY., Sherrell R.M., Falkowski P.G. (2001) Iron availability, cellular iron quotas, and nitrogen fixation in Trichodesmium. Limnology and Oceanography 46: 1249-1260.",
1238,Metabolism,Cyanobacteria,Berry 2003,"Berry S., Bolychevtseva Y.V., Rögner M., Karapetyan N.V. (2003) Photosynthetic and respiratory electron transport in the alkaliphilic cyanobacterium Arthrospira (Spirulina) platensis. Photosynthesis Research 78: 67-76.",
1239,Metabolism,Cyanobacteria,Biggins 1969,Biggins J. (1969) Respiration in blue-green algae. Journal of Bacteriology 99: 570-575.,
1240,Metabolism,Cyanobacteria,Bottomley 1978,"Bottomley P.J., van Baalen C. (1978) Dark hexose metabolism by photoautotrophically and heterotrophically grown cells of the blue-green alga (cyanobacterium) Nostoc sp. strain Mac. Journal of Bacteriology 135: 888-894.",
1241,Metabolism,Cyanobacteria,Bratbak 1984,"Bratbak G., Dundas I. (1984) Bacterial dry matter content and biomass estimations. Applied and Environmental Microbiology 48: 755-757. ",
1242,Metabolism,Cyanobacteria,Broady 1991,"Broady P.A., Kibblewhite A.L. (1991) Morphological characterization of Oscillatoriales (Cyanobacteria) from Ross Island and southern Victoria Land, Antarctica. Antarctic Science 3: 35-45.",
1243,Metabolism,Cyanobacteria,Carpenter 1995,"Carpenter E.J., Roenneberg T. (1995) The marine planktonic cyanobacterium Trichodesmium spp.: photosynthetic rate measurements in the SW Atlantic Ocean. Marine Ecology Progress Series 118: 267-273.",
1244,Metabolism,Cyanobacteria,Carpenter 2004,"Carpenter E.J., Subramaniam A., Capone D.G. (2004) Biomass and primary productivity of the cyanobacterium Trichodesmium spp.in the tropical N Atlantic ocean. Deep-Sea Research I 51: 173-203.",
1245,Metabolism,Cyanobacteria,Chen 1989,"Chen T.-H., Huang T.-C., Chow T.-J. (1989) Calcium is required for the increase of dark respiration during diurnal nitrogen fixation by Synechococcus RF-1. Plant Science 60: 195-198.",
1246,Metabolism,Cyanobacteria,Ciferri 1983,"Ciferri O. (1983) Spirulina, the edible microorganism. Microbiological Reviews 47: 551-578.",
1247,Metabolism,Cyanobacteria,Coleman 1980,"Coleman J.R., Colman B. (1980) Effect of oxygen and temperature on the efficiency of photosynthetic carbon assimilation in two microscopic algae. Plant Physiology 65: 980-983.",
1248,Metabolism,Cyanobacteria,Cox 1986,Cox G. (1986) Comparison of Prochloron from different hosts I. Structural and ultrastructural characteristics. New Phytologist 104: 429-445.,
1249,Metabolism,Cyanobacteria,Davey 1989,Davey M.C. (1989) The effects of freezing and desiccation on photosynthesis and survival of terrestrial Antarctic algae and cyanobacteria. Polar Biology 10: 29-36.,
1250,Metabolism,Cyanobacteria,de Magalhães Cardoso 2004,"de Magalhães, Cardoso D., dos Santos C.P., Chaloub R.M. (2004) Physiological and photosynthetic responses of Synechocystis aquatilis f. aquatilis (Cyanophyceae) to elevated levels of zinc. Journal of Phycology 40: 496-504.",
1251,Metabolism,Cyanobacteria,Doolittle 1974,"Doolittle W.F., Singer R.A. (1974) Mutational analysis of dark endogenous metabolism in the blue-green bacterium Anacystis nidulans. Journal of Bacteriology 119: 677-683.",
1252,Metabolism,Cyanobacteria,Fietz 2002,"Fietz S., Nicklisch A. (2002) Acclimation of the diatom Stephanodiscus neoastraea and the cyanobacterium Planktothrix agardhii to simulated natural light fluctuations. Photosynthesis Research 72: 95-106.",
1253,Metabolism,Cyanobacteria,Foy 1982,"Foy R.H., Gibson C.E. (1982) Photosynthetic characteristics of planktonic blue-green algae: changes in phtotsynthetic capacity and pigmentation of Oscillatoria redekei van Goor under high and low light. British Phycological Journal 17: 183-193.",
1254,Metabolism,Cyanobacteria,Geider 1989,"Geider R.J., Osborne B.A. (1989) Respiration and microalgal growth: a review of the quantitative relationship between dark respiration and growth. New Phytologist 112: 327-394.",
1255,Metabolism,Cyanobacteria,Gordillo 1999,"Gordillo F.J.F., Jiménéz C., Figueroa F.L., Niell F.X. (1999) Effects of increased atmospheric CO2 and N supply on photosynthesis, growth and cell composition of the cyanobacterium Spirulina platensis (Arthrospira). Journal of Applied Phycology 10: 461-469. ",
1256,Metabolism,Cyanobacteria,Hammouda 1994,"Hammouda O.H.E., El-Sheekh M.M. (1994) Response of fresh water phytoplanktonic algae Chlorella kessleri and Synechocystis PCC 6803 to anthelmintic activity of the wild Egyptian plant Calendula micrantha officinalis. Archives of Environmental Contamination and Toxicology 27: 406-409.",
1257,Metabolism,Cyanobacteria,Haury 1981,"Haury J.F., Spiller H. (1981) Fructose uptake and influence on growth of and nitrogen fixation by Anabaena variabilis. Journal of Bacteriology 147: 227-235.",
1258,Metabolism,Cyanobacteria,Ingram 1973,"Ingram L.O., Calder J.A., van Baalen C., Plucker F.E., Parker P.L. (1973) Role of reduced exogenous organic compounds in the physiology of the blue-green bacteria (algae): photoheterotrophic growth of a ""heterotrophic"" blue-green bacterium. Journal of Bacteriology 114: 695-700.",
1259,Metabolism,Cyanobacteria,Koenig 1995,"Koenig F., Schmidt M. (1995) Gloeobacter violaceus - investigation of an unusual photosynthetic apparatus. Absence of the long wavelength emission of photosystem I in 77 K fluorescence spectra. Physiologia Plantarum 94: 621-628.",
1260,Metabolism,Cyanobacteria,Kratz 1955,"Kratz W.A., Myers J. (1955) Photosynthesis and respiration of three blue-green algae. Plant Physiology 30: 275-280.",
1261,Metabolism,Cyanobacteria,LaRoche 2005,"LaRoche J., Breitbarth E. (2005) Importance of the diazotrophs as a source of new nitrogen in the ocean. Journal of Sea Research 53: 67-91.",
1262,Metabolism,Cyanobacteria,Li 2004,"Li Y., Gao K. (2004)  Photosynthetic physiology and growth as a function of colony size in the cyanobacterium Nostoc sphaeroides. European Journal of Phycology 39: 9-15.",
1263,Metabolism,Cyanobacteria,Otte 1999,"Otte S., Kuenen J.G., Nielsen L.P., Paerl H.W., Zopfi J., Schulz H.N., Teske A., Strotmann B., Gallardo V.A., Jørgensen B.B. (1999) Nitrogen, carbon, and sulfur metabolism in natural Thioploca samples. Applied and Environmental Microbiology 65: 3148-3157. ",
1264,Metabolism,Cyanobacteria,Padan 1971,"Padan E., Raboy B., Shilo M. (1971) Endogenous dark respiration of the blue-green alga, Plectonema boryanum. Journal of Bacteriology 106: 45-50.",
1265,Metabolism,Cyanobacteria,Pereira 2005,"Pereira I., Moya M., Reyes G., Kramm V. (2005) A survey of heterocystous nitrogen-fixing cyanobacteria in chilean rice fields. Gayana Botánica 62: 26-32.",
1266,Metabolism,Cyanobacteria,Richardson 1987,"Richardson L.L., Castenholz R.W. (1987) Enhanced survival of the cyanobacterium Oscillatoria terebriformis in darkness under anaerobic conditions. Applied and Environmental Microbiology 53: 2151-2158.",
1267,Metabolism,Cyanobacteria,Romero 1989,"Romero J.M., Lara C., Sivak M.N. (1989) Changes in net O2 exchange induced by inorganic nitrogen in the blue-green alga Anacystis nidulans. Plant Physiology 91: 28-30.",
1268,Metabolism,Cyanobacteria,Rubin 1977,"Rubin P.M., Zetooney E., Mcgowan R.E. (1977) Uptake and utilization of sugar phosphates by Anabaena flos-aquae. Plant Physiology 60: 407-411.",
1269,Metabolism,Cyanobacteria,Scherer 1984,"Scherer S., Ernst A., Chen T.-W. Boger P. (1984) Rewetting of drought-resistant blue-green algae: Time course of water uptake and reappearance of respiration, photosynthesis, and nitrogen fixation. Oecologia 62: 418-423.",
1270,Metabolism,Cyanobacteria,Stal 1997,"Stal L.J., Moezelaar R. (1997) Fermentation in cyanobacteria. FEMS Microbiology Reviews 21: 179-211. ",
1271,Metabolism,Cyanobacteria,Stanier 1971,"Stanier R.Y., Kunisawa R., Mandel M., Cohen-Bazire G. (1971) Purification and properties of unicellular blue-green algae (order Chroococcales). Bacteriological Reviews 35: 171-205.",
1272,Metabolism,Cyanobacteria,Tang 2000,"Tang E.P.Y., Vincent W.F. (2000) Effects of daylength and temperature on the growth and photosynthesis of an Arctic cyanobacterium, Schizothrix calcicola (Oscillatoriaceae). European Journal of Phycology 35: 263-272.",
1273,Metabolism,Cyanobacteria,Tonk 2005,"Tonk L., Visser P.M., Christiansen G., Dittmann E., Snelder E.O.F.M., Wiedner C., Mur L.R., Huisman J. (2005) The microcystin composition of the cyanobacterium Planktothrix agardhii changes toward a more toxic variant with increasing light intensity. Applied and Environmental Microbiology 71: 5177-5181.",
1274,Metabolism,Cyanobacteria,Zubkov 1999,"Zubkov M.V. Fuchs B.M., Eilers H., Burkill P.H., Amann R. (1999) Determination of total protein content of bacterial cells by SYPRO staining and flow cytometry. Applied and Environmental Microbiology 65: 3251-3257. ",
1275,Metabolism,Ectothermic Vertebrates,Fishbase Fishbase,Fishbase  (www.fishbase.org),
1276,Metabolism,Ectothermic Vertebrates,White 2006,"White, C. R., Phillips, N. R. & Seymour, R. S. The scaling and temperature dependence of vertebrate metabolism. Biol. Lett. 2, 125–127 (2006)",
1277,Metabolism,Heterotrophic Prokaryote,Abu-Amero 1996,"Abu-Amero K.K., Halablab M.A., Miles R.J. (1996) Nisin resistance distinguishes Mycoplasma spp. from Acholeplasma spp. and provides a basis for selective growth media. Applied and Environmental Microbiology 62: 3107-3111.",
1278,Metabolism,Heterotrophic Prokaryote,Adriaens 1989,"Adriaens P., Kohler H.P., Kohler-Staub D., Focht D.D. (1989) Bacterial dehalogenation of chlorobenzoates and coculture biodegradation of 4,4'-dichlorobiphenyl. Applied and Environmental Microbiology 55: 887-892.",
1279,Metabolism,Heterotrophic Prokaryote,Adriaens 1991,"Adriaens P., Focht D.D. (1991) Cometabolism of 3,4-dichlorobenzoate by Acinetobacter sp. strain 4-CB1. Applied and Environmental Microbiology 57: 173-179.",
1280,Metabolism,Heterotrophic Prokaryote,Allen 1971,"Allen R.D., Baumann P. (1971) Structure and arrangement of flagella in species of the genus Beneckea and Photobacterium fischeri. Journal of Bacteriology 107: 295-302.",
1281,Metabolism,Heterotrophic Prokaryote,Altekar 1963,"Altekar W.W., Rao M.R. (1963) Microbiological dissimilation of tricarballylate and trans-aconitate. Journal of Bacteriology 85: 604-613.",
1282,Metabolism,Heterotrophic Prokaryote,Amy 1983,"Amy P.S., Morita R.Y. (1983) Starvation-survival patterns of sixteen freshly isolated open-ocean bacteria. Applied and Environmental Microbiology 45: 1109-1115.",
1283,Metabolism,Heterotrophic Prokaryote,Bauer 2000,"Bauer S., Tholen A., Overmann J., Brune A. (2000) Characterization of abundance and diversity of lactic acid bacteria in the hindgut of wood- and soil-feeding termites by molecular and culture-dependent techniques. Archives of Microbiology 173: 126-137.",
1284,Metabolism,Heterotrophic Prokaryote,Baumann 1968,"Baumann P., Doudoroff M., Stanier R.Y. (1968) Study of the Moraxella Group. I. Genus Moraxella and the Neisseria catarrhalis group. Journal of Bacteriology 95: 58-73.",
1285,Metabolism,Heterotrophic Prokaryote,Baumann 1971,"Baumann P., Baumann L., Mandel M. (1971) Taxonomy of marine bacteria: the genus Beneckea. Journal of Bacteriology 107: 268-294.",
1286,Metabolism,Heterotrophic Prokaryote,Berg 2002,"Berg I.A., Filatova L.V., Ivanovsky R.N. (2002) Inhibition of acetate and propionate assimilation by itaconate via propionyl-CoA carboxylase in isocitrate lyase-negative purple bacterium Rhodospirillum rubrum. FEMS Microbiology Letters 216: 49-54.",
1287,Metabolism,Heterotrophic Prokaryote,Biberstein 1962,"Biberstein E.L., Spencer P.D. (1962) Oxidative metabolism of Haemophilus species grown at different levels of hemin supplementation. Journal of Bacteriology 84: 916-920.",
1288,Metabolism,Heterotrophic Prokaryote,Bishop 1962,"Bishop D.H., Pandya K.P., King H.K. (1962) Ubiquinone and vitamin K in bacteria. Biochemical Journal 83: 606-614.",
1289,Metabolism,Heterotrophic Prokaryote,Bisset 1953,"Bisset K.A. (1953) Do bacteria have mitotic spindles, fusion tubes and mitochondria? Journal of General Microbiology 8: 50-57.",
1290,Metabolism,Heterotrophic Prokaryote,Blizzard 1963,"Blizzard J.L., Peterson G.E. (1963) Selective inhibition of proline-induced pigmentation in washed cells of Serratia marcescens. Journal of Bacteriology 85: 1136-1140.",
1291,Metabolism,Heterotrophic Prokaryote,Bluhm 1969,"Bluhm L., Ordal Z.J. (1969) Effect of sublethal heat on the metabolic activity of Staphylococcus aureus. Journal of Bacteriology 97: 140-150.",
1292,Metabolism,Heterotrophic Prokaryote,Bohach 1983,"Bohach G.A., Snyder I.S. (1983) Cyanobacterial stimulation of growth and oxygen uptake by Legionella pneumophila. Applied and Environmental Microbiology 46: 528-531.",
1293,Metabolism,Heterotrophic Prokaryote,Bohin 1976,"Bohin J.P., Rigomier D., Schaeffer P. (1976) Ethanol sensitivity of sporulation in Bacillus subtilis: a new tool for the analysis of the sporulation process. Journal of Bacteriology 127: 934-940.",
1294,Metabolism,Heterotrophic Prokaryote,Bongers 1970,Bongers L. (1970) Energy generation and utilization in hydrogen bacteria. Journal of Bacteriology 104: 145-151.,
1295,Metabolism,Heterotrophic Prokaryote,Boylen 1970,"Boylen C.W., Ensign J.C. (1970) Intracellular substrates for endogenous metabolism during long-term starvation of rod and spherical cells of Arthrobacter crystallopoietes. Journal of Bacteriology 103: 578-587.",
1296,Metabolism,Heterotrophic Prokaryote,Boylen 1973,Boylen C.W. (1973) Survival of Arthrobacter crystallopoietes during prolonged periods of extreme desiccation. Journal of Bacteriology 113: 33-37. ,
1297,Metabolism,Heterotrophic Prokaryote,Breznak 1978,"Breznak J.A., Potrikus C.J., Pfennig N., Ensign J.C. (1978) Viability and endogenous substrates used during starvation survival of Rhodospirillum rubrum. Journal of Bacteriology 134: 381-388.",
1298,Metabolism,Heterotrophic Prokaryote,Bruheim 1999,"Bruheim P., Bredholt H., Eimhjellen K. (1999) Effects of surfactant mixtures, including Corexit 9527, on bacterial oxidation of acetate and alkanes in crude oil. Applied and Environmental Microbiology 65: 1658-1661.",
1299,Metabolism,Heterotrophic Prokaryote,Bryan-Jones 1969,"Bryan-Jones D.G., Whittenbury R. (1969) Haematin-dependent oxidative phosphorylation in Streptococcus faecalis. Journal of General Microbiology 58: 247-260. ",
1300,Metabolism,Heterotrophic Prokaryote,Burleigh 1967,"Burleigh I.G., Dawes E.A. (1967) Studies on the endogenous metabolism and senescence of starved Sarcina lutea. Biochemical Journal 102: 236-250.",
1301,Metabolism,Heterotrophic Prokaryote,Buswell 1975,Buswell J.A. (1975) Metabolism of phenol and cresols by Bacillus stearothermophilus. Journal of Bacteriology 124: 1077-1083.,
1302,Metabolism,Heterotrophic Prokaryote,Cain 1968,"Cain R.B., Tranter E.K., Darrah J.A. (1968) The utilization of some halogenated aromatic acids by Nocardia. Oxidation and metabolism. Journal of Bacteriology 106: 211-227.",
1303,Metabolism,Heterotrophic Prokaryote,Cartwright ,"Cartwright N.J., Cain R.B. Bacterial degradation of the nitrobenzoic acids. Biochemical Journal 71: 248-261.",
1304,Metabolism,Heterotrophic Prokaryote,Chakrabarty 1964,"Chakrabarty A.M., Roy S.C. (1964) Nature of endogenous reserve material in a strain of Pseudomonas fluorescens-putida intermediate. Biochemical Journal 92: 105-112.",
1305,Metabolism,Heterotrophic Prokaryote,Chapman 1976,"Chapman P.J., Ribbons D.W. (1976) Metabolism of resorcinylic compounds by bacteria: alternative pathways for resorcinol catabolism in Pseudomonas putida. Journal of Bacteriology 125: 985-998.",
1306,Metabolism,Heterotrophic Prokaryote,Chester 1979,"Chester B., Cooper L.H. (1979) Achromobacter species (CDC group Vd): morphological and biochemical characterization. Journal of Clinical Microbiology 9: 425-436.",
1307,Metabolism,Heterotrophic Prokaryote,Cho 1967,"Cho H.W., Eagon R.G. (1967) Factors affecting the pathways of glucose catabolism and the tricarboxylic acid cycle in Pseudomonas natriegens. Journal of Bacteriology 93: 866-873.",
1308,Metabolism,Heterotrophic Prokaryote,Church 1957,"Church B.D., Halvorson H. (1957) Intermediate metabolism of aerobic spores: I. Activation of glucose oxidation in spores of Bacillus cereus var terminalis. Journal of Bacteriology 73: 470-476.",
1309,Metabolism,Heterotrophic Prokaryote,Clifton 1966,"Clifton C.E., Cherry J. (1966) Influence of glutamic acid on the endogenous respiration of Bacillus subtilis. Journal of Bacteriology 91: 546-550.",
1310,Metabolism,Heterotrophic Prokaryote,Conn 1947,"Conn H.J., Dimmick I.J. (1947) Soil bacteria similar in morphology to Mycobacterium and Corynebacterium. Journal of Bacteriology 54: 291-303.",
1311,Metabolism,Heterotrophic Prokaryote,Cooper 1964,"Cooper R.A., Kornberg H.L. (1964) The utilization of itaconate by Pseudomonas sp. Biochemical Journal 91: 82-91.",
1312,Metabolism,Heterotrophic Prokaryote,Cooper 1965,"Cooper R.A., Itiaba K., Kornberg H.L. (1965) The utilization of aconate and itaconate by Micrococcus sp. Biochemical Journal 94: 25-31.",
1313,Metabolism,Heterotrophic Prokaryote,Coulter 1999,"Coulter C., Hamilton J.T., McRoberts W.C., Kulakov L., Larkin M.J., Harper D.B. (1999) Halomethane:bisulfide/halide ion methyltransferase, an unusual corrinoid enzyme of environmental significance isolated from an aerobic methylotroph using chloromethane as the sole carbon source. Applied and Environmental Microbiology 65: 4301-4312. ",
1314,Metabolism,Heterotrophic Prokaryote,Crawford 1954,"Crawford I.P. (1954) A new fermentative pseudomonad, Pseudomonas formicans, n. sp. Journal of Bacteriology 68: 734-738.",
1315,Metabolism,Heterotrophic Prokaryote,Crook 1952,Crook P.G. (1952) The effect of heat and glucose on endogenous endospore respiration utilizing a modified Scholander microrespirometer. Journal of Bacteriology 63: 193-198.,
1316,Metabolism,Heterotrophic Prokaryote,Dagley 1965,"Dagley S., Gibson D.T. (1965) The bacterial degradation of catechol. Biochemical Journal 95: 466-474.",
1317,Metabolism,Heterotrophic Prokaryote,Davis 1960,"Davis M.S., Bateman J.B. (1960) Relative humidity and the killing of bacteria II. Selective changes in oxidative activity associated with death. Journal of Bacteriology 80: 580-584.",
1318,Metabolism,Heterotrophic Prokaryote,Dawes 1958,"Dawes E.A., Holms W.H. (1958) Metabolism of Sarcina lutea I. Carbohydrate oxidation and terminal respiration. Journal of Bacteriology 75: 390-399.",
1319,Metabolism,Heterotrophic Prokaryote,Dawes 1965,"Dawes E.A., Ribbons D.W. (1965) Studies on the endogenous metabolism of Escherichia coli. Biochemical Journal 95: 332-343. ",
1320,Metabolism,Heterotrophic Prokaryote,Dawson 1981,"Dawson M.J., Jones C.W. (1981) Respiration-linked proton translocation in the obligate methylotroph Methylophilus methylotrophus. Journal of Biochemical Journal 194: 915-924.",
1321,Metabolism,Heterotrophic Prokaryote,De Ley 1959,"De Ley J., Schell J. (1959) Oxidation of several substrates by Acetobacter aceti. Journal of Bacteriology 77: 445-451.",
1322,Metabolism,Heterotrophic Prokaryote,Decker 1977,"Decker S.J., Lang D.R. (1977) Bacillus megaterium mutant deficient in membrane-bound adenosine triphosphatase activity. Journal of Bacteriology 131: 98-104.",
1323,Metabolism,Heterotrophic Prokaryote,Devi 1975,"Devi N.A., Kutty R.K., Vasantharajan V.N., Rao P.V.S. (1975) Microbial metabolism of phenolic amines: Degradation of dl-synephrine by an unidentified arthrobacter. Journal of Bacteriology 122: 866-873.",
1324,Metabolism,Heterotrophic Prokaryote,Dietrich 1967,"Dietrich S.M., Burris R.H. (1967) Effect of exogenous substrates on the endogenous respiration of bacteria. Journal of Bacteriology 93: 1467-1470.",
1325,Metabolism,Heterotrophic Prokaryote,Donnelly 1980,"Donnelly M.I., Dagley S. (1980) Production of methanol from aromatic acids by Pseudomonas putida. Journal of Bacteriology 142: 916-924.",
1326,Metabolism,Heterotrophic Prokaryote,Donnelly 1981,"Donnelly M.I., Chapman P.J., Dagley S. (1981) Bacterial degradation of 3,4,5-trimethoxyphenylacetic and 3-ketoglutaric acids. Journal of Bacteriology 147: 477-481.",
1327,Metabolism,Heterotrophic Prokaryote,Doudoroff 1956,"Doudoroff M., Palleroni N.J., MacGee J., Ohara M. (1956) Metabolism of carbohydrates by Pseudomonas saccharophila I. Oxidation of fructose by intact cells and crude cell-free preparations. Journal of Bacteriology 71: 196-201.",
1328,Metabolism,Heterotrophic Prokaryote,Droniuk 1987,"Droniuk R., Wong P.T., Wisse G., MacLeod R.A. (1987) Variation in quantitative requirements for Na+ for transport of metabolizable compounds by the marine bacteria Alteromonas haloplanktis 214 and Vibrio fischeri. Applied and Environmental Microbiology 53: 1487-1495. ",
1329,Metabolism,Heterotrophic Prokaryote,Dworkin 1964,"Dworkin M., Niederpruem D.J. (1964) Electron transport system in vegetative cells and microcysts of Myxococcus xanthus. Journal of Bacteriology 87: 316-322.",
1330,Metabolism,Heterotrophic Prokaryote,Eagon 1962,"Eagon R.G. (1962) Pseudomonas natriegens, a marine bacterium with a generation time of less than 10 minutes. Journal of Bacteriology 83: 736-737.",
1331,Metabolism,Heterotrophic Prokaryote,Eisenberg 1974,"Eisenberg R.C., Butters S.J., Quay S.C., Friedman S.B. (1974) Glucose uptake and phosphorylation in Pseudomonas fluorescens. Journal of Bacteriology 120: 147-153.",
1332,Metabolism,Heterotrophic Prokaryote,Engelhard 1957,"Engelhard W.E., Uyeno S., Pivnick H. (1957) Some modifications of mycobacteria effected with trypsin. Journal of Bacteriology 73: 206-210.",
1333,Metabolism,Heterotrophic Prokaryote,Ensign 1970,Ensign J.C. (1970) Long-term starvation survival of rod and spherical cells of Arthrobacter crystallopoietes. Journal of Bacteriology 103: 569-577. ,
1334,Metabolism,Heterotrophic Prokaryote,Erlandson 1956,"Erlandson A.L. Jr., Ruhl R.F. (1956) Oxidative dissimilation of amino acids and related compounds by Shigella flexneri. Journal of Bacteriology  72: 708-712.",
1335,Metabolism,Heterotrophic Prokaryote,Euzéby 1997,"Euzéby J.P. (1997) List of bacterial names with standing in nomenclature: a folder available on the Internet. International Journal of Systematic Bacteriology (List of prokaryotic names with standing in nomenclature. Last full update November 03, 2006. URL: http://www.bacterio.net).",
1336,Metabolism,Heterotrophic Prokaryote,Faulkner 2002,"Faulkner G., Garduño R.A. (2002) Ultrastructural analysis of differentiation in Legionella pneumophila. Journal of Bacteriology 184: 7025-7041.",
1337,Metabolism,Heterotrophic Prokaryote,Feofilova 1966,"Feofilova E.P., Lebedeva N.E., Taptykova S.D., Kirillova N.F. (1966) Study on respiration of pigmented and leuco-variants of Actinomyces longispororuber. Mikrobiologija 35: 651-659.",
1338,Metabolism,Heterotrophic Prokaryote,Forbes 1962,"Forbes M., Kuck N.A., Peets E.A. (1962) Mode of action of ethambutol. Journal of Bacteriology 84: 1099-1103.",
1339,Metabolism,Heterotrophic Prokaryote,Frederick 1974,"Frederick J.J., Corner T.R., Gerhardt P. (1974) Antimicrobial actions of hexachlorophene: inhibition of respiration in Bacillus megaterium. Antimicrobial Agents and Chemotherapy 6: 712-721.",
1340,Metabolism,Heterotrophic Prokaryote,Friedberg 1976,"Friedberg D., Friedberg I. (1976) Membrane-associated, energy-linked reactions in Bdellovibrio bacteriovorus. Journal of Bacteriology 127: 1382-1388.",
1341,Metabolism,Heterotrophic Prokaryote,Friedman 1962,"Friedman M.E., Alm W.L. (1962) Effect of glucose concentration in the growth medium on some metabolic activities of Listeria monocytogenes. Journal of Bacteriology 84: 375-376.",
1342,Metabolism,Heterotrophic Prokaryote,Frustaci 1991,"Frustaci J.M., Sangwan I., O'Brian M.R. (1991) Aerobic growth and respiration of a d-aminolevulinic acid synthase (hemA) mutant of Bradyrhizobium japonicum. Journal of Bacteriology 173: 1145-1150.",
1343,Metabolism,Heterotrophic Prokaryote,Fu 2003,"Fu Y., O’Kelly C., Sieracki M., Distel D.L. (2003) Protistan grazing analysis by flow cytometry using prey labeled by in vivo expression of fluorescent proteins. Applied and Environmental Microbiology 69: 6848-6855.",
1344,Metabolism,Heterotrophic Prokaryote,Gary 1952,"Gary N.D., Bard R.C. (1952) Effect of nutrition on the growth and metabolism of Bacillus subtilis. Journal of Bacteriology 64: 501-512.",
1345,Metabolism,Heterotrophic Prokaryote,Gaudy 1963,"Gaudy A.F. Jr., Gaudy E.T., Komolrit K. (1963) Multicomponent substrate utilization by natural populations and a pure culture of Escherichia coli. Applied Microbiology 11: 157-162.",
1346,Metabolism,Heterotrophic Prokaryote,Gerhardt 1950,"Gerhardt P., Levine H.B., Wilson J.B. (1950) The oxidative dissimilation of amino acids and related compounds by Brucella abortus. Journal of Bacteriology 60: 459-467.",
1347,Metabolism,Heterotrophic Prokaryote,Gilmour 1955,"Gilmour C.M., Butterworth E.M., Noble E.P., Wang C.H. (1955) Studies on the biochemistry of the streptomyces I. Terminal oxidative metabolism in Streptomyces griseus. Journal of Bacteriology 69: 719-724.",
1348,Metabolism,Heterotrophic Prokaryote,Goldschmidt 1966,"Goldschmidt M.C., Wyss O. (1966) Chelation effects on Azotobacter cells and cysts. Journal of Bacteriology 91: 120-124.",
1349,Metabolism,Heterotrophic Prokaryote,Goulbourne 1986,"Goulbourne E. Jr., Matin M., Zychlinsky E., Matin A. (1986) Mechanism of DpH maintenance in active and inactive cells of an obligately acidophilic bacterium. Journal of Bacteriology 166: 59-65.",
1350,Metabolism,Heterotrophic Prokaryote,Gray 1952,Gray C.T. (1952) The respiratory metabolism of murine leprosy bacilli. Journal of Bacteriology 64: 305-313.,
1351,Metabolism,Heterotrophic Prokaryote,Greisen 1944,"Greisen E.C., Gunsalus I.C. (1944) An alcohol oxidation system in streptococci which functions without hydrogen peroxide accumulation. Journal of Bacteriology 48: 515-525.",
1352,Metabolism,Heterotrophic Prokaryote,Gronlund 1961,"Gronlund A.F., Campbell J.J. (1961) Nitrogenous compounds as substrates for endogenous respiration in microorganisms. Journal of Bacteriology 81: 721-724.",
1353,Metabolism,Heterotrophic Prokaryote,Gronlund 1963,"Gronlund A.F., Campbell J.J. (1963) Nitrogenous substrates of endogenous respiration in Pseudomonas aeruginosa. Journal of Bacteriology 86: 58-66.",
1354,Metabolism,Heterotrophic Prokaryote,Gronlund 1966,"Gronlund A.F., Campbell J.J. (1966) Influence of exogenous substrates on the endogenous respiration of Pseudomonas aeruginosa. Journal of Bacteriology 91: 1577-1581.",
1355,Metabolism,Heterotrophic Prokaryote,Groupé 1954,"Groupé V., Pugh L.H., Levine A.S., Herrmann E.C. Jr. (1954) Suppression of certain viral lesions by a microbial product, xerosin, lacking in demonstrable antiviral properties and produced by Achromobacter xerosis, n. sp. Journal of Bacteriology 68: 10-18.",
1356,Metabolism,Heterotrophic Prokaryote,Gunter 1956,"Gunter S.E., Kohn H.I. (1956) Effect of X-rays on the survival of bacteria and yeast II. Relation of cell concentration and endogenous respiration to sensitivity. Journal of Bacteriology 72: 422-428.",
1357,Metabolism,Heterotrophic Prokaryote,Gunter 1956,"Gunter S.E., Kohn H.I. (1956) Effect of X-rays on the survival of bacteria and yeast II. Relation of cell concentration and endogenous respiration to sensitivity. Journal of Bacteriology 72: 422-428.",
1358,Metabolism,Heterotrophic Prokaryote,Hareland 1975,"Hareland W.A., Crawford R.L., Chapman P.J., Dagley S. (1975) Metabolic function and properties of 4-hydroxyphenylacetic acid 1-hydroxylase from Pseudomonas acidovorans. Journal of Bacteriology 121: 272-285.",
1359,Metabolism,Heterotrophic Prokaryote,Harper 1977,Harper D.B. (1977) Microbial metabolism of aromatic nitriles. Enzymology of C-N cleavage by Nocardia sp. (Rhodochrous group) N.C.I.B. 11216. Biochemical Journal 165: 309-319.,
1360,Metabolism,Heterotrophic Prokaryote,Hayase 2004,"Hayase N., Yano H., Kudoh E., Tsutsumi C., Ushio K., Miyahara Y., Tanaka S., Katsuhiko N. (2004) Isolation and characterization of poly(butylene succinate-co-butylene adipate)-degrading microorganism. Journal of Bioscience and Bioengineering 97: 131-133.",
1361,Metabolism,Heterotrophic Prokaryote,Hespell 1973,"Hespell R.B., Rosson R.A., Thomashow M.F., Rittenberg S.C. (1973) Respiration of Bdellovibrio bacteriovorus strain 109J and its energy substrates for intraperiplasmic growth. Journal of Bacteriology 113: 1280-1288.",
1362,Metabolism,Heterotrophic Prokaryote,Hoffee 1962,"Hoffee P., Englesberg E. (1962) Effect of metabolic activity of the glucose permease of bacterial cells. Proceedings of the National Academy of Sciences USA 48: 1759-1765.",
1363,Metabolism,Heterotrophic Prokaryote,Hollocher 1982,"Hollocher T.C., Kumar S., Nicholas D.J. (1982) Respiration-dependent proton translocation in Nitrosomonas europaea and its apparent absence in Nitrobacter agilis during inorganic oxidations. Journal of Bacteriology 149: 1013-1020.",
1364,Metabolism,Heterotrophic Prokaryote,Holt 1966,"Holt J.G., Krieg N.R., Sneath P.H.A., Staley J.T., Williams S.T. (eds.) (1994) Bergey's Manual of Determinative Bacteriology, Ninth Edition. Williams & Wilkins, Baltimore. ",
1365,Metabolism,Heterotrophic Prokaryote,Holt 1984,"Holt J.G. (ed.) (1984, 1986, 1989) Bergey’s Manual of Systematic Bacteriology, Vols. 1-4. Williams & Wilkins, Baltimore. ",
1366,Metabolism,Heterotrophic Prokaryote,Hou 1966,"Hou C.I., Gronlund A.F., Campbell J.J. (1966) Influence of phosphate starvation on cultures of Pseudomonas aeruginosa. Journal of Bacteriology 92: 851-855.",
1367,Metabolism,Heterotrophic Prokaryote,Huang 2000,"Huang C.-Y., Garcia J.-L., Patel B.K.C., Cayol J.-L., Baresi L., Mah R.A. (2000) Salinivibrio costicola subsp. vallismortis subsp. nov., a halotolerant facultative anaerobe from Death Valley, and emended description of Salinivibrio costicola. International Journal of Systematic and Evolutionary Microbiology 50: 615-622",
1368,Metabolism,Heterotrophic Prokaryote,Huber 1970,"Huber T.W., Schuhardt V.T. (1970) Lysostaphin-induced, osmotically fragile Staphylococcus aureus cells. Journal of Bacteriology 103: 116-119. ",
1369,Metabolism,Heterotrophic Prokaryote,Hughes 1965,Hughes D.E. (1965) The metabolism of halogen-substituted benzoic acids by Pseudomonas fluorescens. Biochemical Journal 96: 181-188.,
1370,Metabolism,Heterotrophic Prokaryote,Hulcher 1958,"Hulcher F.H., King K.W. (1958a) Metabolic basis for disaccharide preference in a Cellvibrio. Journal of Bacteriology 76: 571-577.",
1371,Metabolism,Heterotrophic Prokaryote,Hulcher 1958,"Hulcher F.H., King K.W. (1958b) Disaccharide preference of an aerobic cellulolytic bacterium, Cellvibrio gilvus n. sp. Journal of Bacteriology 76: 565-570.",
1372,Metabolism,Heterotrophic Prokaryote,Hunter 1953,Hunter G.J. (1953) The oxidation of glycerol by mycobacteria. Biochemical Journal 55: 320-328.,
1373,Metabolism,Heterotrophic Prokaryote,Ingram 1940,"Ingram M. (1940) The endogenous respiration of Bacillus cereus: III. The changes in the rate of respiration caused by sodium chloride, in relation to hydrogen-ion concentration. Journal of Bacteriology 40: 683-694.",
1374,Metabolism,Heterotrophic Prokaryote,Isenberg 1954,"Isenberg H.D., Schatz A., Angrist A.A., Schatz V., Trelawny G.S. (1954) Microbial metabolism of carbamates II.Nitrification of urethan by Streptomyces nitrificans. Journal of Bacteriology 68: 5-9.",
1375,Metabolism,Heterotrophic Prokaryote,Jacobs 1965,"Jacobs N.J., Conti S.F. (1965) Effect of hemin on the formation of the cytochrome system of anaerobically grown Staphylococcus epidermidis. Journal of Bacteriology 89: 675-679.",
1376,Metabolism,Heterotrophic Prokaryote,Jacoby  1964,Jacoby GA. (1964) The induction and repression of amino acid oxidation in Pseudomonas fluorescens. Biochemical Journal 92: 1-8.,
1377,Metabolism,Heterotrophic Prokaryote,Jayasuriya 1956,"Jayasuriya G.C.N. (1956) The oxidative properties of an oxalate-decomposing organism, Pseudomonas OD1, with particular reference to the synthesis of citrate from glycollate. Biochemical Journal 64: 469-477.",
1378,Metabolism,Heterotrophic Prokaryote,Jenkins 1987,"Jenkins O., Byrom D., Jones D. (1987) Methylophilus: a new genus of methanol-utilizing bacteria. International Journal of Systematic Bacteriology 37: 446-448.",
1379,Metabolism,Heterotrophic Prokaryote,Jigami 1979,"Jigami Y., Kawasaki Y., Omori T., Minoda Y. (1979) Coexistence of different pathways in the metabolism of n-propylbenzene by Pseudomonas sp. Applied and Environmental Microbiology 38: 783-788.",
1380,Metabolism,Heterotrophic Prokaryote,Johnson 1958,"Johnson E.J., Sobek J.M., Clifton C.E. (1958) Oxidative assimilation by Azotobacter agilis. Journal of Bacteriology 76: 658-661.",
1381,Metabolism,Heterotrophic Prokaryote,Jones 1979,"Jones A., Turner J.M. (1979) Microbial metabolism of amino alcohols. 1-Aminopropan-2-ol and ethanolamine metabolism via propionaldehyde and acetaldehyde in a species of Pseudomonas. Biochemical Journal 134: 167-182.",
1382,Metabolism,Heterotrophic Prokaryote,Jurtshuk 1975,"Jurtshuk P. Jr., Marcucci O.M., McQuitty D.N. (1975) Tetramethyl-p-phenylenediamine oxidase reaction in Azotobacter vinelandii. Applied Microbiology 30: 951-958.",
1383,Metabolism,Heterotrophic Prokaryote,Jurtshuk 1976,"Jurtshuk P. Jr., McQuitty D.N. (1976) Use of a quantitative oxidase test for characterizing oxidative metabolism in bacteria. Applied and Environmental Microbiology 31: 668-679.",
1384,Metabolism,Heterotrophic Prokaryote,Kahn 1981,"Kahn M.E., Gromkova R. (1981) Occurrence of pili on and adhesive properties of Haemophilus parainfluenzae. Journal of Bacteriology 145: 1075-1078.",
1385,Metabolism,Heterotrophic Prokaryote,Kanso 2002,"Kanso S., Greene A.C., Patel B.K.C. (2002) Bacillus subterraneus sp. nov., an iron- and manganese-reducing bacterium from a deep subsurface Australian thermal aquifer. International Journal of Systematic and Evolutionary Microbiology 52: 869-874.",
1386,Metabolism,Heterotrophic Prokaryote,Keevil 1979,"Keevil C.W., Anthony C. (1979) Effect of growth conditions on the involvement of cytochrome c in electron transport, proton translocation and ATP synthesis in the facultative methylotroph Pseudomonas AM1. Biochemical Journal 182: 71-79.",
1387,Metabolism,Heterotrophic Prokaryote,Kelly 2000,"Kelly D.P., Wood A.P. (2000) Reclassification of some species of Thiobacillus to the newly designated genera Acidithiobacillus gen. nov., Halothiobacillus gen. nov. and Thermithiobacillus gen. nov. International Journal of Systematic and Evolutionary Microbiology 50: 511-516.",
1388,Metabolism,Heterotrophic Prokaryote,Kenimer 1978,"Kenimer E.A., Lapp D.F. (1978) Effects of elected inhibitors on electron transport in Neisseria gonorrhoeae. Journal of Bacteriology 134: 537-545.",
1389,Metabolism,Heterotrophic Prokaryote,Kjelleberg 1982,"Kjelleberg S. Humphrey B.A. Marshall K.C. (1982) Effect of interfaces on small, starved marine bacteria. Applied and Environmental Microbiology 43: 1166-1172.",
1390,Metabolism,Heterotrophic Prokaryote,Kornberg 1958,"Kornberg H.L. (1958) The metabolism of C2 compounds in micro-organisms. 1. The incorporation of 2-14Cacetate by Pseudomonas fluorescens, and by a Corynebacterium, grown on ammonium acetate. Biochemical Journal 68: 535-542.",
1391,Metabolism,Heterotrophic Prokaryote,Kornberg 1961,"Kornberg H.L., Gotto A.M. (1961) The metabolism of C2 compounds in micro-organisms. 6. Synthesis of cell constituents from glycollate by Pseudomonas sp. Biochemical Journal 78: 69-82.",
1392,Metabolism,Heterotrophic Prokaryote,Kornberg 1965,"Kornberg H.L., Morris J.G. (1965) The utilization of glycollate by Micrococcus denitrificans: the b-hydroxyaspartate pathway. Biochemical Journal 95: 577-586.",
1393,Metabolism,Heterotrophic Prokaryote,Kowalski 1999,"Kowalski W., Bahnfleth W., Whittam T.  (1999)  Filtration of airborne microorganisms: modeling and prediction.  ASHRAE Transactions 105: 4-17.",
1394,Metabolism,Heterotrophic Prokaryote,Kratz 1955,"Kratz W.A., Myers J. (1955) Photosynthesis and respiration of three blue-green algae. Plant Physiology 30: 275-280. ",
1395,Metabolism,Heterotrophic Prokaryote,Krieg 1976,Krieg R. (1976) Biology of the chemoheterotrophic spirilla. Bacteriological Reviews 40: 55-115.,
1396,Metabolism,Heterotrophic Prokaryote,Krzemi_ski 1972,"Krzemi_ski Z., Mikucki J., Szarapi_ska-Kwaszewska J. (1972) Endogenous metabolism of Staphylococcus aureus. Folia Microbiologica 17: 46-54.",
1397,Metabolism,Heterotrophic Prokaryote,Kubitschek 1969,Kubitschek H.E. (1969) Growth during the bacterial cell cycle: analysis of cell size distribution. Biophysical Journal 9: 792-809.,
1398,Metabolism,Heterotrophic Prokaryote,Kumazawa 1983,"Kumazawa S., Izawa S., Mitsui A. (1983) Proton efflux coupled to dark H2 oxidation in whole cells of a marine sulfur photosynthetic bacterium (Chromatium sp. strain Miami PBS1071). Journal of Bacteriology 154: 185-191.",
1399,Metabolism,Heterotrophic Prokaryote,Kunz 1981,"Kunz D.A., Chapman P.J. (1981) Catabolism of pseudocumene and 3-ethyltoluene by Pseudomonas putida (arvilla) mt-2: evidence for new functions of the TOL (pWWO) plasmid. Journal of Bacteriology 146: 179-191.",
1400,Metabolism,Heterotrophic Prokaryote,Kushner 1983,"Kushner D.J., Hamaide F., MacLeod R.A. (1983) Development of salt-resistant active transport in a moderately halophilic bacterium. Journal of Bacteriology 153: 1163-1171.",
1401,Metabolism,Heterotrophic Prokaryote,Lawford 1973,"Lawford H.G., Haddock B.A. (1973) Respiration-driven proton translocation in Escherichia coli. Biochemical Journal 136: 217-220.",
1402,Metabolism,Heterotrophic Prokaryote,Lee 1941,"Lee M., Chandler A.C. (1941) A study of the nature, growth and control of bacteria in cutting compounds. Journal of Bacteriology 41: 373-386.",
1403,Metabolism,Heterotrophic Prokaryote,Levine 1952,"Levine S., Krampitz L.O. (1952) The oxidation of acetone by a soil diphtheroid.  Journal of Bacteriology 64: 645-650.",
1404,Metabolism,Heterotrophic Prokaryote,Lindmark 1982,"Lindmark D.G., Jarroll E.L., Timoney P.J., Shin S.J. (1982) Energy metabolism of the contagious equine metritis bacterium. Infection and Immunity 36: 531-534.",
1405,Metabolism,Heterotrophic Prokaryote,Loh 1984,Loh W.H.-T. (1984) Intermediary carbon metabolism of Azospirillum braziliense. Journal of Bacteriology 158: 264-268.,
1406,Metabolism,Heterotrophic Prokaryote,London 1966,"London J., Rittenberg S.C. (1966) Effects of organic matter on the growth of Thiobacillus intermedius. Journal of Bacteriology 91: 1062-1069.",
1407,Metabolism,Heterotrophic Prokaryote,Lontoh 1999,"Lontoh S., DiSpirito A.A., Semrau J.D. (1999) Dichloromethane and trichloroethylene inhibition of methane oxidation by the membrane-associated methane monooxygenase of Methylosinus trichosporium OB3b. Archives of Microbiology 171: 301-308.",
1408,Metabolism,Heterotrophic Prokaryote,Luscombe 1974,"Luscombe B.M., Gray T.R.G. (1974) Characteristics of Arthrobacter grown in continuous culture. Journal of General Microbiology 82: 213-222.",
1409,Metabolism,Heterotrophic Prokaryote,Maitra 1961,"Maitra P.K., Roy S.C. (1961) Tricarboxylic acid-cycle activity in Streptomyces olivaceus. Biochemical Journal 79: 446-456.",
1410,Metabolism,Heterotrophic Prokaryote,Majtán 1995,"Majtán V., Majtánová _., Ho_tacká A., Hybenová D., Mlynar_ik D. (1995) Effect of quaternary ammonium salts and amine oxides on Pseudomonas aeruginosa. Microbios 84: 41-51.",
1411,Metabolism,Heterotrophic Prokaryote,Majtán 1999,"Majtán V., Majtánová _. (1999) The effect of new disinfectant substances on the metabolism of Enterobacter cloacae. International Journal of Antimicrobial Agents 11: 59-64.",
1412,Metabolism,Heterotrophic Prokaryote,Makarieva 2005,"Makarieva A.M., Gorshkov V.G., Li B.-L. (2005) Energetics of the smallest: Do bacteria breathe at the same rate as whales? Proceedings of the Royal Society of London, Biological Series 272: 2219-2224.",
1413,Metabolism,Heterotrophic Prokaryote,Mallavia 1970,"Mallavia L.P., Weiss E. (1970) Catabolic activities of Neisseria meningitidis: Utilization of glutamate. Journal of Bacteriology 101: 127-132.",
1414,Metabolism,Heterotrophic Prokaryote,Mårdén 1985,"Mårdén P., Tunlid A., Malmcrona-Friberg K., Odham G., Kjelleberg S. (1985) Physiological and morphological changes during short term starvation of marine bacterial isolates. Archives of Microbiology 142: 326-332.",
1415,Metabolism,Heterotrophic Prokaryote,Marquis 1965,Marquis R.E. (1965) Nature of the bactericidal action of antimycin A for Bacillus megaterium. Journal of Bacteriology 89: 1453-1459.,
1416,Metabolism,Heterotrophic Prokaryote,Martinez-Drets 1984,"Martinez-Drets G., Del Gallo M., Burpee C., Burris R.H. (1984) Catabolism of carbohydrates and organic acids and expression of nitrogenase by Azospirilla. Journal of Bacteriology 159: 80-85.",
1417,Metabolism,Heterotrophic Prokaryote,Mas 1985,"Mas J., Pedrós-Alió C., Guerrero R. (1985) Mathematical model for determining the effects of intracytoplasmic inclusions on volume and density of microorganisms. Journal of Bacteriology 164: 749-756.",
1418,Metabolism,Heterotrophic Prokaryote,Mathews 1959,"Mathews M.M., Sistrom W.R. (1959) Intracellular location of carotenoid pigments and some respiratory enzymes in Sarcina lutea. Journal of Bacteriology 78: 778-787.",
1419,Metabolism,Heterotrophic Prokaryote,McVittie 1962,"McVittie A., Messik F., Zahler S.A. (1962) Developmental biology of Myxococcus. Journal of Bacteriology 84: 546-551.",
1420,Metabolism,Heterotrophic Prokaryote,Meagher 1972,"Meagher R.B., McCorkle G.M., Ornston M.K., Ornston L.N. (1972) Inducible uptake system for b-carboxy-cis, cis-muconate in a permeability mutant of Pseudomonas putida. Journal of Bacteriology 111: 465-473.",
1421,Metabolism,Heterotrophic Prokaryote,Mescher 1976,"Mescher M.F., Strominger J.L. (1976) Structural (shape-maintaining) role of the cell surface glycoprotein of Halobacterium salinarium. Proceedings of the National Academy of Sciences of the United States of America 73: 2687-2691.",
1422,Metabolism,Heterotrophic Prokaryote,Mickelson 1967,Mickelson M.N. (1967) Aerobic metabolism of Streptococcus agalactiae. Journal of Bacteriology 94: 184-191.,
1423,Metabolism,Heterotrophic Prokaryote,Midwinter 1960,"Midwinter G.G., Batt R.D. (1960) Endogenous respiration and oxidative assimilation in Nocardia corallina. Journal of Bacteriology 79: 9-17.",
1424,Metabolism,Heterotrophic Prokaryote,Minami 1957,Minami K. (1957) Bactericidal action of oleic acid for tubercle bacilli: I. Quantitative and analytical survey of the action. Journal of Bacteriology 73: 338-344.,
1425,Metabolism,Heterotrophic Prokaryote,Mitruka 1967,"Mitruka B.M., Costilow R.N., Black S.H., Pepper R.E. (1967) Comparisons of cells, refractile bodies, and spores of Bacillus popilliae. Journal of Bacteriology 94: 759-765.",
1426,Metabolism,Heterotrophic Prokaryote,Montesinos 1983,"Montesinos E., Esteve I., Guerrero R. (1983) Comparison between direct methods for determination of microbial cell volume: electron microscopy and electronic particle sizing. Applied and Environmental Microbiology 45: 1651-1658.",
1427,Metabolism,Heterotrophic Prokaryote,Morawski 1997,"Morawski B., Eaton R.W., Rossiter J.T., Guoping S., Griengl H., Ribbons D.W. (1997) 25:  2-Naphthoate catabolic pathway in Burkholderia strain JT 1500. Journal of Bacteriology 179: 115-121.",
1428,Metabolism,Heterotrophic Prokaryote,Mori 1985,"Mori T., Miyata Y., Kohsaka K., Makino M. (1985) Respiration in Mycobacterium leprae. International Journal of Leprosy 53: 600-609.",
1429,Metabolism,Heterotrophic Prokaryote,Morton 1994,"Morton D.S., Oliver J.D. (1994) Induction of carbon starvation-induced proteins in Vibrio vulnificus. Applied and Environmental Microbiology 60: 3653-3659.",
1430,Metabolism,Heterotrophic Prokaryote,Nagata 1986,Nagata T. (1986) Carbon and nitrogen content of natural planktonic bacteria. Applied and Environmental Microbiology 52: 28-32. ,
1431,Metabolism,Heterotrophic Prokaryote,Nickerson 1952,"Nickerson W.J., Sherman F.G. (1952) Metabolic aspects of bacterial growth in the absence of cell division II. Respiration of normal and filamentous cells of Bacillus cerrus. Journal of Bacteriology 64: 667-678.",
1432,Metabolism,Heterotrophic Prokaryote,Niederpruem 1961,"Niederpruem D.J., Hackett D.P. (1961) Respiratory chain of Streptomyces. Journal of Bacteriology 81: 557-563.",
1433,Metabolism,Heterotrophic Prokaryote,Novitsky 1976,"Novitsky J.A., Morita R.Y. (1976) Morphological characterization of small cells resulting from nutrient starvation of a pyschrophilic marine vibrio. Applied and Environmental Microbiology 32: 617-622.",
1434,Metabolism,Heterotrophic Prokaryote,Novitsky 1977,"Novitsky J.A., Morita R.Y. (1977) Survival of a psychrophilic marine vibrio under long-term nutrient starvation. Applied and Environmental Microbiology 33: 635-641.",
1435,Metabolism,Heterotrophic Prokaryote,O'Keeffe 1978,"O'Keeffe D.T., Anthony C. (1978) The microbial metabolism of C1 compounds. The stoicheiometry of respiration-driven proton translocation in Pseudomonas AM1 and in a mutant lacking cytochrome c. Biochemical Journal 170: 561-567.",
1436,Metabolism,Heterotrophic Prokaryote,Ougham 1982,"Ougham H.J., Trudgill P.W. (1982) Metabolism of cyclohexaneacetic acid and cyclohexanebutyric acid by Arthrobacter sp. strain CA1. Journal of Bacteriology 150: 1172-1182. ",
1437,Metabolism,Heterotrophic Prokaryote,Overmann 1992,"Overmann J., Pfennig N. (1992) Continuous chemotrophic growth and respiration of Chromatiaceae species at low oxygen concentrations. Archives of Microbiology 158: 59-67.",
1438,Metabolism,Heterotrophic Prokaryote,Packer 1955,"Packer L., Vishniac W. (1955) Chemosynthetic fixation of carbon dioxide and characteristics of hydrogenase in resting cell suspensions of Hydrogenomonas ruhlandii nov. spec. Journal of Bacteriology 70: 216-223.",
1439,Metabolism,Heterotrophic Prokaryote,Palese 2003,"Palese L.L., Gaballo A., Technikova-Dobrova Z., Labonia N., Abbrescia A., Scacco S., Micelli L., Papa S. (2003) Characterization of plasma membrane respiratory chain and ATPase in the actinomycete Nonomuraea sp. ATCC 39727. FEMS Microbiology Letters 228: 233-239.",
1440,Metabolism,Heterotrophic Prokaryote,Pan 1971,Pan P.H.C. (1971) Lack of distinction between Nitrobacter agilis and Nitrobacter winogradskyi. Journal of Bacteriology 108: 1416-1418.,
1441,Metabolism,Heterotrophic Prokaryote,Peel 1961,"Peel D., Quayle J.R. (1961) Microbial growth on C1 compounds. 1. Isolation and characterization of Pseudomonas AM1. Biochemical Journal 81: 465-469.",
1442,Metabolism,Heterotrophic Prokaryote,Pepper 1964,"Pepper R.E., Costilow R.N. (1964) Glucose catabolism by Bacillus popilliae and Bacillus lentimorbus. Journal of Bacteriology 87: 303-310.",
1443,Metabolism,Heterotrophic Prokaryote,Peterson 1970,Peterson J.A. (1970) Cytochrome content of two pseudomonads containing mixed-function oxidase systems. Journal of Bacteriology 103: 714-721.,
1444,Metabolism,Heterotrophic Prokaryote,Peterson 1982,"Peterson J.B., LaRue T.A. (1982) Soluble aldehyde dehydrogenase and metabolism of aldehydes by soybean bacteroids. Journal of Bacteriology 151: 1473-1484.",
1445,Metabolism,Heterotrophic Prokaryote,Ramsey 1962,Ramsey H.H. (1962) Endogenous respiration of Staphylococcus aureus. Journal of Bacteriology 83: 507-514.,
1446,Metabolism,Heterotrophic Prokaryote,Raymond 1967,"Raymond R.L., Jamison V.W., Hudson J.O. (1967) Microbial hydrocarbon co-oxidation: I. Oxidation of mono- and dicyclic hydrocarbons by soil isolates of the genus Nocardia. Applied Microbiology 15: 857-865.",
1447,Metabolism,Heterotrophic Prokaryote,Reed 1979,"Reed W.M., Dugan P.R. (1979) Study of developmental stages of Methylosinus trichosporium with the aid of fluorescent-antibody staining techniques. Applied and Environmental Microbiology 38: 1179-1183.",
1448,Metabolism,Heterotrophic Prokaryote,Rittenberg 1970,"Rittenberg SC, Shilo M. (1970) Early host damage in the infection cycle of Bdellovibrio bacteriovorus. Journal of Bacteriology 102: 149-160.",
1449,Metabolism,Heterotrophic Prokaryote,Robertson 1973,"Robertson J.G., Batt R.D. (1973) Survival of Nocardia corallina and degradation of constituents during starvation. Journal of General Microbiology 78: 109-117.",
1450,Metabolism,Heterotrophic Prokaryote,Rogoff 1962,Rogoff M.H. (1962) Chemistry of oxidation of polycyclic aromatic hydrocarbons by soil pseudomonads. Journal of Bacteriology 83: 998-1004. ,
1451,Metabolism,Heterotrophic Prokaryote,Sabina 1956,"Sabina L.R., Pivnick H. (1956) Oxidation of soluble oil emulsions and emulsifiers by Pseudomonas oleovorans and Pseudomonas formicans. Applied Microbiology 4: 171-175.",
1452,Metabolism,Heterotrophic Prokaryote,Sariaslani 1982,"Sariaslani F.S., Sudmeier T.J.L., Focht D.D. (1982) Degradation of 3-phenylbutyric acid by Pseudomonas sp. Journal of Bacteriology 152: 411-421.",
1453,Metabolism,Heterotrophic Prokaryote,Schatz 1952,"Schatz A., Bovell C. Jr. (1952) Growth and hydrogenase activity of a new bacterium, Hydrogenomonas facilis. Journal of Bacteriology 63: 87-98.",
1454,Metabolism,Heterotrophic Prokaryote,Schleper 1995,"Schleper C., Puehler G., Holz I., Gambacorta A., Janekovic D., Santarius U., Klenk H.-P., Zillig W. (1995) Picrophilus gen. nov., fam. nov.: a novel aerobic, heterotrophic, thermoacidophilic genus and family comprising archaea capable of growth around pH 0. Journal of Bacteriology 177: 7050-7059.",
1455,Metabolism,Heterotrophic Prokaryote,Sebek 1968,"Sebek O.K., Barker H.A. (1968) Metabolism of b-methylaspartate by a pseudomonad. Journal of Bacteriology 96: 2094-2098.",
1456,Metabolism,Heterotrophic Prokaryote,Segal 1956,"Segal W., Bloch H. (1956) Biochemical differentiation of Mycobacterium tuberculosis grown in vivo and in vitro. Journal of Bacteriology 72: 132-141.",
1457,Metabolism,Heterotrophic Prokaryote,Shaw  1956,Shaw DR. (1956) Polyol dehydrogenases. 3. Galactitol dehydrogenase and D-iditol dehydrogenase. Biochemical Journal 64: 394-405.,
1458,Metabolism,Heterotrophic Prokaryote,Sierra 1962,"Sierra G., Gibbons N.E. (1962) Role and oxidation pathway of poly-b-hydroxybutyric acid in Micrococcus halodenitrificans. Canadian Journal of Microbiology 8: 255-269.",
1459,Metabolism,Heterotrophic Prokaryote,Silver 1970,Silver M. (1970) Oxidation of elemental sulfur and sulfur compounds and CO2 fixation by Ferrobacillus ferrooxidans (Thiobacillus thiooxidans). Canadian Journal of Microbiology 16: 845-848.,
1460,Metabolism,Heterotrophic Prokaryote,Smith 1968,"Smith A., Tranter E.K., Cain R.B. (1968) The utilization of some halogenated aromatic acids by Nocardia. Effects on the growth and enzyme induction. Journal of Bacteriology 106: 203-209.",
1461,Metabolism,Heterotrophic Prokaryote,Smith 1968,"Smith A.J., Hoare D.S. (1968) Acetate assimilation by Nitrobacter agilis in relation to its ""obligate autotrophy"". Journal of Bacteriology 95: 844-855.",
1462,Metabolism,Heterotrophic Prokaryote,Sobek 1966,"Sobek J.M., Charba J.F., Foust W.N. (1966) Endogenous metabolism of Azotobacter agilis. Journal of Bacteriology 92: 687-695.",
1463,Metabolism,Heterotrophic Prokaryote,Sobek 1968,"Sobek J.M., Talburt D.E. (1968) Effects of the rare earth cerium on Escherichia coli. Journal of Bacteriology 95: 47-51.",
1464,Metabolism,Heterotrophic Prokaryote,Sorokin 2000,"Sorokin D.Y., Jones B.E., Kuenen J.G. (2000) An obligate methylotrophic, methane-oxidizing Methylomicrobium species from a highly alkaline environment. Extremophiles 4: 145-155.",
1465,Metabolism,Heterotrophic Prokaryote,Sparnins 1974,"Sparnins V.L., Chapman P.J., Dagley S. (1974) Bacterial degradation of 4-hydroxyphenylacetic acid and homoprotocatechuic acid. Journal of Bacteriology 120: 159-167.",
1466,Metabolism,Heterotrophic Prokaryote,Sparnins 1976,"Sparnins V.L., Chapman P.J. (1976) Catabolism of L-tyrosine by the homoprotocatechuate pathway in gram-positive bacteria. Journal of Bacteriology 127: 362-366.",
1467,Metabolism,Heterotrophic Prokaryote,Spendlove 1957,"Spendlove R., Weiser H.H., Harper W.J. (1957) Factors affecting the initiation of respiration of Streptococcus lactis. Applied Microbiology 5: 281-285.",
1468,Metabolism,Heterotrophic Prokaryote,Stevenson 1966,Stevenson J. (1966) The specific requirement for sodium chloride for the active uptake of l-glutamate by Halobacterium salinarium. Journal of Bacteriology 99: 257-260.,
1469,Metabolism,Heterotrophic Prokaryote,Stokes 1954,Stokes J.L. (1954) Studies on the filamentous sheathed iron bacterium Sphaerotilus natans. Journal of Bacteriology 67: 278-291.,
1470,Metabolism,Heterotrophic Prokaryote,Straley 1979,"Straley S.C., LaMarre A.G., Lawrence L.J., Conti S.F. (1979) Chemotaxis of Bdellovibrio bacteriovorus toward pure compounds. Journal of Bacteriology 140: 634-642.",
1471,Metabolism,Heterotrophic Prokaryote,Subba-Rao 1977,"Subba-Rao R.V., Alexander M. (1977) Products formed from analogues of 1,1,1-trichloro-2,2-bis(p-chlorophenyl)ethane (DDT) metabolites by Pseudomonas putida. Applied and Environmental Microbiology 33: 101-108.",
1472,Metabolism,Heterotrophic Prokaryote,Subba-Rao 1985,"Subba-Rao R.V., Alexander M. (1985) Bacterial and fungal cometabolism of 1,1,1-trichloro-2,2-bis(4-chlorophenyl)ethane (DDT) and its breakdown products. Applied and Environmental Microbiology 49: 509-516.",
1473,Metabolism,Heterotrophic Prokaryote,Takayanagi 1996,"Takayanagi S., Kawasaki H., Sugimori K., Yamada T., Sugai A., Ito T., Yamasato K., Shioda M. (1996) Sulfolobus hakonensis sp. nov., a novel species of acidothermophilic archaeon. International Journal of Systematic Bacteriology 46: 377-382.",
1474,Metabolism,Heterotrophic Prokaryote,Takeo 1975,"Takeo K., Uesaka I. (1975) Existence of a simple configuration in the wall surface of Nocardia mycellium. Journal of General Microbiology 87: 373-376.",
1475,Metabolism,Heterotrophic Prokaryote,Tappe 1999,"Tappe W., Laverman A., Bohland M., Braster M., Rittershaus S., Groeneweg J., van Verseveld H.W. (1999) Maintenance energy demand and starvation recovery dynamics of Nitrosomonas europaea and Nitrobacter winogradskyi cultivated in a retentostat with complete biomass retention. Applied and Environmental Microbiology 65: 2471-2477.",
1476,Metabolism,Heterotrophic Prokaryote,Taylor 1983,Taylor B.F. (1983) Aerobic and anaerobic catabolism of vanillic acid and some other methoxy-aromatic compounds by Pseudomonas sp. strain PN-1. Applied and Environmental Microbiology 46: 1286-1292.,
1477,Metabolism,Heterotrophic Prokaryote,Tepper 1968,Tepper B.S. (1968) Differences in the utilization of glycerol and glucose by Mycobacterium phlei. Journal of Bacteriology 95: 1713-1717.,
1478,Metabolism,Heterotrophic Prokaryote,Tesh 1983,"Tesh M.J., Morse S.A., Miller R.D. (1983) Intermediary metabolism in Legionella pneumophila: Utilization of amino acids and other compounds as energy sources. Journal of Bacteriology 154: 1104-1109.",
1479,Metabolism,Heterotrophic Prokaryote,Tisa 1987,"Tisa L.S., Ensign J.C. (1987) Isolation and nitrogenase activity of vesicles from Frankia sp. strain EANlpec. Journal of Bacteriology 169: 5054-5059.",
1480,Metabolism,Heterotrophic Prokaryote,Tomlinson 1963,"Tomlinson G.A., Campbell J.J. (1963) Patterns of oxidative assimilation in strains of Pseudomonas and Achromobacter. Journal of Bacteriology 86: 434-444.",
1481,Metabolism,Heterotrophic Prokaryote,Tros 1996,"Tros M.E., Bosma T.N.P.,  Schraa G., Zehnder A.J.B. (1996) Measurement of minimum substrate concentration (Smin) in a recycling fermentor and its prediction from the kinetic parameters of Pseudomonas sp. strain B13 from batch and chemostat cultures. Applied and Environmental Microbiology 62: 3655-3661.",
1482,Metabolism,Heterotrophic Prokaryote,Trudinger 1967,Trudinger P.A. (1967) Metabolism of thiosulfate and tetrathionate by heterotrophic bacteria from soil. Journal of Bacteriology 93: 550-559.,
1483,Metabolism,Heterotrophic Prokaryote,Tsai 1979,"Tsai J.C., Aladegbami S.L., Vela G.R. (1979) Phosphate-limited culture of Azotobacter vinelandii. Journal of Bacteriology 139: 639-645.",
1484,Metabolism,Heterotrophic Prokaryote,Van de Vossenberg 1998,"Van de Vossenberg J.L.C.M., Driessen A.J.M., Zillig W., Konings W.N. (1998) Bioenergetics and cytoplasmic membrane stability of the extreme acidophilic thermophilic archaeon Picrophilus oshimae. Extremophiles 2: 67-74.",
1485,Metabolism,Heterotrophic Prokaryote,Van Ginkel 1992,"Van Ginkel C.G., Van Dijk J.B., Kroon A.G.M. (1992) Metabolism of hexadecyltrimethylammonium chloride in Pseudomonas strain B1. Applied and Environmental Microbiology 58: 3083-3087.",
1486,Metabolism,Heterotrophic Prokaryote,Van Niel 1998,"Van Niel E.W.J., Gottschal J.C. (1998) Oxygen consumption by Desulfovibrio strains with and without polyglucose. Applied and Environmental Microbiology 64: 1034-1039.",
1487,Metabolism,Heterotrophic Prokaryote,Van Veen 1993,"Van Veen H.W., Abee T., Kortstee G.J., Konings W.N., Zehnder A.J. (1993) Characterization of two phosphate transport systems in Acinetobacter johnsonii 210A. Journal of Bacteriology 175: 200-206.",
1488,Metabolism,Heterotrophic Prokaryote,Vangnai 2002,"Vangnai A.S., Sayavedra-Soto S.A., Arp D.J. (2002) Roles for the two 1-butanol dehydrogenases of Pseudomonas butanovora in butane and 1-butanol metabolism. Journal of Bacteriology 184: 4343-4350.",
1489,Metabolism,Heterotrophic Prokaryote,Ventosa 1998,"Ventosa A., Nieto J.N.J., Oren A. (1998) Biology of moderately halophilic aerobic bacteria. Microbiology and Molecular Biology Reviews 62: 504-544.",
1490,Metabolism,Heterotrophic Prokaryote,Vogler 1942,Vogler K.G. (1942a) The presence of an endogenous respiration in the autotrophic bacteria. Journal of General Physiology 25: 617-622. ,
1491,Metabolism,Heterotrophic Prokaryote,Vogler 1942,Vogler K.G. (1942b) Studies on the metabolism of autotrophic bacteria. II. The nature of the chemosynthetic reaction. Journal of General Physiology 26: 103-117.,
1492,Metabolism,Heterotrophic Prokaryote,Walker 1959,Walker J.R. (1959) Pyruvate metabolism in Lactobacillus brevis. Biochemical Journal 72: 188-192.,
1493,Metabolism,Heterotrophic Prokaryote,Warren 1960,"Warren R.A., Ells A.F., Campbell J.J. (1960) Endogenous respiration of Pseudomonas aeruginosa. Journal of Bacteriology 79: 875-879.",
1494,Metabolism,Heterotrophic Prokaryote,Watson 1975,"Watson G.K., Cain R.B. (1975) Microbial metabolism of the pyridine ring. Metabolic pathways of pyridine biodegradation by soil bacteria. Biochemical Journal 146: 157-172.",
1495,Metabolism,Heterotrophic Prokaryote,Weinstein 1962,"Weinstein I., Guss M.L., Altenbern R.A. (1962) Pyruvate oxidation by Pasteurella tularensis strains of graded virulence. Journal of Bacteriology 83: 1010-1016.",
1496,Metabolism,Heterotrophic Prokaryote,Welch 1979,"Welch D.F., Sword C.P., Brehm S., Dusanic D. (1979) Relationship between superoxide dismutase and pathogenic mechanisms of Listeria monocytogenes. Infection and Immunity 23: 863-872.",
1497,Metabolism,Heterotrophic Prokaryote,Wen 1999,"Wen A., Fegan M., Hayward C., Chakraborty S., Sly L.I. (1999) Phylogenetic relationships among members of the Comamonadaceae, and description of Delftia acidovorans (den Dooren de Jong 1926 and Tamaoka et al. 1987) gen. nov., comb. nov. International Journal of Systematic Bacteriology 49: 567-576.",
1498,Metabolism,Heterotrophic Prokaryote,Wessman 1966,"Wessman G.E., Miller D.J. (1966) Biochemical and physical changes in shaken suspensions of Pasteurella pestis. Applied Microbiology 14: 636-642.",
1499,Metabolism,Heterotrophic Prokaryote,White 1962,White D.C. (1962) Cytochrome and catalase patterns during growth of Haemophilus parainfluenzae. Journal of Bacteriology 83: 851-859.,
1500,Metabolism,Heterotrophic Prokaryote,Wieslander 1987,"Wieslander A., Nordström S., Dahlqvist A., Rilfors L., Lindblom G. (1987) Membrane lipid composition and cell size of Acholeplasma laidlawii strain A are strongly influenced by lipid acyl chain length. European Journal of Biochemistry 227: 734-744.",
1501,Metabolism,Heterotrophic Prokaryote,Yotis 1959,"Yotis W.W., Ekstedt R.D. (1959) Studies on staphylococci I. Effect of serum and coagulase on the metabolism of coagulase positive and coagulase negative strains. Journal of Bacteriology 78: 567-574.",
1502,Metabolism,Heterotrophic Prokaryote,Yotis 1963,Yotis W.W. (1963) Absorption of the antibacterial serum factor by staphylococci. Journal of Bacteriology 85: 911-917.,
1503,Metabolism,Heterotrophic Prokaryote,Youmans 1960,"Youmans A.S., Youmans G.P., Hegre A. Jr. (1960) Effect of homogenates of organs from immunized guinea pigs on the respiration of Mycobacterium tuberculosis. Journal of Bacteriology 80: 394-399.",
1504,Metabolism,Heterotrophic Prokaryote,Youmans 1962,"Youmans A.S., Youmans G.P. (1962a) Effect of mycosuppressin on the course of experimental tuberculosis in mice. Journal of Bacteriology 84: 701-707.",
1505,Metabolism,Heterotrophic Prokaryote,Youmans 1962,"Youmans A.S., Youmans G.P. (1962b) Effect of mycosuppressin on the respiration and growth of Mycobacterium tuberculosis. Journal of Bacteriology 84: 708-715.",
1506,Metabolism,Heterotrophic Prokaryote,Yu 1980,"Yu E.K., DeVoe I.W. (1980) Terminal branching of the respiratory electron transport chain in Neisseria meningitidis. Journal of Bacteriology 142: 879-887.",
1507,Metabolism,Heterotrophic Prokaryote,Zubkov 1999,"Zubkov M.V. Fuchs B.M., Eilers H., Burkill P.H., Amann R. (1999) Determination of total protein content of bacterial cells by SYPRO staining and flow cytometry. Applied and Environmental Microbiology 65: 3251-3257. ",
1508,Metabolism,Heterotrophic Protozoa,Albritton 1955,"Albritton B.C. (Ed.) Handbook of Biological Data. Standard values in nutrition and metabolism. Philadelphia: Saunders, 1955, 330 p.",
1509,Metabolism,Heterotrophic Protozoa,Biczók 1969,"Biczók F. Photo-induced respiration of the sensitized Tetrahymena pyriformis GL, inhibited with KCN. - Acta biol. Szeged., 1969, v.15, N.1-4, p.89-92. ",
1510,Metabolism,Heterotrophic Protozoa,Boell 1940,"Boell E.J., Woodruff L.L. Mating and metabolism in Paramecium calkinsi. - Science, 1940, v.92, N.2392, p.417.",
1511,Metabolism,Heterotrophic Protozoa,Boell 1941,"Boell E.J., Woodruff L.L. Respiratory metabolism of mating types in Paramecium calkinsi. - J. exp. Zool., 1941, v.87, N.3, p.385-402.",
1512,Metabolism,Heterotrophic Protozoa,Boell 1945,"Boell E.J. Respiratory enzymes in Paramecium: I. Cytochrome oxidase. - Proc. nat. Acad. Sci. USA, 1945, v.31, N.12, p.396-402.",
1513,Metabolism,Heterotrophic Protozoa,Burmeister 1972,"Burmeister J. Beeinflussung der Atmung und der Vitalität von Tetranymena pyriformis durch die Aufnahme einiger Vitalfarbstoffe. - Z. allg. Mikrobiol., 1972, Bd.12, H.5, S.385-391.",
1514,Metabolism,Heterotrophic Protozoa,Burmeister 1976,"Burmeister J. Einflus unterschiedlicher Temperaturen auf Stoffwechsel, Phagozytosevermogen und Vitalität von Tetrahymena pyriformis. - Z. allg. Mikrobiol., 1976, Bd.16, H.4, S.247-254.",
1515,Metabolism,Heterotrophic Protozoa,_erkasovová 1970,"_erkasovová A. Energy-producing metabolism of Tritrichomonas foetus. I. Evidence for control of intensity and the contribution of aerobiosis to total energy production. - Exp. Parasit., 1970, v.27, N.2, p.165-178.",
1516,Metabolism,Heterotrophic Protozoa,Chatterjee 1959,"Chatterjee A.N., Ghosh J.J. Studies on the metabolism of Leishmania donovani, the causative organism for Kalauazar. - Ann. biochem. exp. Med., 1959, v.19, N.2, p.37-50.",
1517,Metabolism,Heterotrophic Protozoa,Clark 1945,"Clark A.M. The effect of cyanide and carbon monoxide on the oxygen consumption of Paramecium caudatum. -Austr. J. exp. Biol. Med. Sci., 1945, v.23, N.4, p.317-322.",
1518,Metabolism,Heterotrophic Protozoa,Conner 1967,"Conner R.L., Cline S.G. Some factors governing respiration, glucose metabolism and iodoacetate sensitivity in Tetrahymena pyriformis. - J. Protozool., 1967, v.14, N.1, p.22-26.",
1519,Metabolism,Heterotrophic Protozoa,Cosgrove 1959,"Cosgrove W.B. Utilization of carbohydrates by the mosquito flagellate, Crithidia fasciculata. - Canad. J. Microbiol., 1959, v.5, N.6, p.573-578.",
1520,Metabolism,Heterotrophic Protozoa,Crawford 1994,"Crawford D.W., Rogerson A., Laybourn-Parry J. (1994) Respiration of the marine amoeba Trichosphaerium sieboldi determined by 14C labelling and Cartesian diver methods. Marine Ecology Progress Series 112: 135-142.",
1521,Metabolism,Heterotrophic Protozoa,Cunningham 1942,"Cunningham B., Kirk P.L. The oxygen consumption of single cells of Paramecium caudatum as measured by a cappillary respirometer. - J. Cell. Comp. Physiol., 1942, v.20, N.3, p.119-134.",
1522,Metabolism,Heterotrophic Protozoa,de Monge 1963,"de Monge E., Zeledón R. Effect of several organic compounds and metabolic inhibitors on the respiration of the culture form of a human strain of Leishmania braziliensis (O-CR). - J. Parasit., 1963, v.49, N.5, Suppl., p.22.",
1523,Metabolism,Heterotrophic Protozoa,Doran 1957,"Doran D.J. Studies on trichomonads. I. The metabolism of Tritrichomonas foetus and trichomonads from the nasal cavity and cecum of swine. - J. Protozool., 1957, v.4, N.3, p.182-190.",
1524,Metabolism,Heterotrophic Protozoa,Doran 1958,"Doran D.J. Studies on trichomonads. II. The metabolism of Trichomonas batrachorum-type flagellate from the cecum of swine. - J. Protozool,, 1958, v.5, N.1, p.89-93.",
1525,Metabolism,Heterotrophic Protozoa,Edwards 1977,"Edwards S.W., Lloyd D. Changes in oxygen uptake rates, enzyme activities, cytochrome amounts and adenine nucleotide pool levels during growth of Acanthamoeba castellanii in batch culture. - J. gen. Microbiol., 1977, v.102, N.1, p.135-144.",
1526,Metabolism,Heterotrophic Protozoa,Edwards 1977,"Edwards S.W., Lloyd D. Cyanide-insensitive respiration in Acanthamoeba castellanii. Changes in sensitivity of whole cell respiration during exponential growth. - J. gen. Microbiol., 1977, v.103, N.2, p.207-213.",
1527,Metabolism,Heterotrophic Protozoa,Eichel 1953,"Eichel H.J. The effect of X-irradiation on nuclease activity and respiration on Tetrahymena geleii W. - Biol. Bull., 1953, v.104, N.3, p.351-358.",
1528,Metabolism,Heterotrophic Protozoa,Evans 1946,"Evans E.A. Enzyme systems operating within the malarial parasite. Fed. Proc., 1946, v.5, N.3, p.390-396.",
1529,Metabolism,Heterotrophic Protozoa,Fenchel 1983,"Fenchel T.B., Finlay J. Respiration rates in heterotrophic, free-living protozoa. - Microb. Ecol., 1983, v.9, p. 99-122. ",
1530,Metabolism,Heterotrophic Protozoa,Fulton 1939,"Fulton J.D. Experiments on the utilization of sugars by malarial parasites (Plasmodium knowlesi). - Ann. trop. Med. Parasit., 1939, v.33, N.3-4, p.217-227.",
1531,Metabolism,Heterotrophic Protozoa,Fulton 1949,"Fulton J.D., Joyner L.P. Studies on Protozoa. I. The metabolism of Leishman-Donovan bodies and flagellates of Leishmania donavani. - Trans. Roy. Soc. Trop. Med. Hyg., 1949, v.43, N.3, p.273-286.",
1532,Metabolism,Heterotrophic Protozoa,Ghosh 1961,"Ghosh B.K., Chatterjee A.N. Action of an antifungal antibiotic, Nystatin, on the protozoa Leishmania donovani. I. Studies on the metabolism of Leishmania donovani. - Ann. Biochem. exp. Med., Calcutta, 1961, v.21, N.10, p.307-322.",
1533,Metabolism,Heterotrophic Protozoa,Greenblatt 1965,"Greenblatt C.L., Glaser P. Temperature effect on Leishmania enriettii in vitro. - Exp. Parasit., 1965, v.16, N.1, p.36-52. ",
1534,Metabolism,Heterotrophic Protozoa,Gregg 1950,"Gregg J.H. Oxygen utilization in relation to growth and morphogenesis of the slime mold Dictyostelium discoideum, - J. exp. Zool., 1950, v.114, N.1, p.173-196.",
1535,Metabolism,Heterotrophic Protozoa,Griffiths 1968,"Griffiths A.J., Hughes D.E. Starvation and encystment of a soil amoeba Hartmanella castellanii. – J. Protozool., 1968, v.15, N.4, p.673-677.",
1536,Metabolism,Heterotrophic Protozoa,Hamburger 1957,"Hamburger K., Zeuthen E. Synchronous divisions in Tetrahymena pyriformis as studied in an inorganic medium. The effect of 2,4-dinitrophenol. - Exp. Cell Res., 1957, v.13, N.3, p.443-453.",
1537,Metabolism,Heterotrophic Protozoa,Hamburger 1971,"Hamburger K., Zeuthen E. Respiratory responses to dissolved food of starved, normal and division-synchronized Tetrahymena cells. - Comp. Rend. Trav. Lab. Carlsberg, 1971, v.38, N.9, p.145-161. ",
1538,Metabolism,Heterotrophic Protozoa,Holter 1948,"Holter H., Zeuthen E, Metabolism and reduced weight in starving Chaos chaos. - Comp. Rend. Trav. Lab. Carlsberg, 1948, v.26, N.9, p.277-296.",
1539,Metabolism,Heterotrophic Protozoa,Holter 1950,"Holter H. The function of cell inclusions in the metabolism of Chaos chaos. - Ann. New York Acad. Sci., 1950, v.50, N.8, p.1000-1009.",
1540,Metabolism,Heterotrophic Protozoa,Holwill 1965,"Holwill M.E.J. The motion of Strigomonas oncopelti. - J. exp. Biol., 1965, v.42, p. 124-137.",
1541,Metabolism,Heterotrophic Protozoa,Holz 1954,"Holz G.G. The oxidative metabolism of a cryptomonad flagellate, Chilomonas paramecium. - J. Protozool., 1954, v.1, N.2, p.114-120.",
1542,Metabolism,Heterotrophic Protozoa,Howland 1931,"Howland R.B., Bernstein A. A method of determining the oxygen consumption of a single cell. - J. gen. Physiol., 1931, v.14, N.3, p.339-348.",
1543,Metabolism,Heterotrophic Protozoa,Hunter 1956,"Hunter P.R., Cosgrove W.B. Aerobic metabolism of Crithidia fasciculata. - J. Protozool., 1956, v.3, Suppl., p.12.",
1544,Metabolism,Heterotrophic Protozoa,Hunter 1960,"Hunter F.R. Aerobic metabolism of Crithidia fasciculata. - Exp. Parasit., 1960, v.9, N.3, p.271-230.",
1545,Metabolism,Heterotrophic Protozoa,Hunter 1962,"Hunter P.R., Lee J.W. On the metabolism of Astasia longa (Jahn.), - J. Protozool., 1962, v.9, N.1, p.74-78.",
1546,Metabolism,Heterotrophic Protozoa,Hutchens 1948,"Hutchens J.O., Podolsky B., Morales M.P. Studies on the kinetics and energetics of carbon and nitrogen metabolism of Chilomonas paramecium. - J. cell. comp. Physiol., 1948, v.32, N.2, p.117-141.",
1547,Metabolism,Heterotrophic Protozoa,Khlebovitch 1972,"Khlebovitch T.V. Determination of respiration intensity in infusoria with use of Cartesian diver. In: ""Energetic aspects of growth and metabolism of aquatic animals"". Kiev: Naukova dumka, 1972, p.227. (in Russian)",
1548,Metabolism,Heterotrophic Protozoa,Khlebovitch 1974,"Khlebovitch T.V. Respiration intensity in infusoria of different sizes. - Tsitologiya, 1974, v.16, N.1, p.103-106. (in Russian) ",
1549,Metabolism,Heterotrophic Protozoa,Laybourn 1975,"Laybourn J. Respiratory energy losses in Stentor coeruleus Ehrenberg (Ciliophora). - Oecologia, 1975, v.21, N.3, p.273-278.",
1550,Metabolism,Heterotrophic Protozoa,Laybourn 1976,"Laybourn J., Finlay B.J. Respiratory energy losses related to cell weight and temperature in ciliated Protozoa. - Oecologia, 1976, v.24, N.4, p.349-355.",
1551,Metabolism,Heterotrophic Protozoa,Lee 1972,"Lee C.M., Barlow B.M. Trypanosoma lewisi: oxygen uptake by whole cells and trypanosomal mitochondria. - Inter. J. Biochem., 1972, v.3, N.18, p.665-670.",
1552,Metabolism,Heterotrophic Protozoa,Leiner 1968,"Leiner M., Schweikhardt F., Blaschke G., König K., Fischer M. Die Gärung und Atmung von Pelomyxa palustris Greeff. - Biol. Z., 1968. Bd.87, H.5. S. 567-591.",
1553,Metabolism,Heterotrophic Protozoa,Levine 1955,"Levine M., Howard J.L. Respiratory studies on mate-killers and sensitives of Paramecium aurelia, variety 8. - Science, 1955. v.121, N.3140, p.336-337.",
1554,Metabolism,Heterotrophic Protozoa,Liddel 1961,"Liddel G.V., Wright B.E. The effect of glucose on respiration of the differentiating slime mold. - Develop. Biol., 1961, v.3, N.3, p.265-276.",
1555,Metabolism,Heterotrophic Protozoa,Lincicome 1964,"Lincicome D.R., Smith A.S. Oxygen consumption of two isolates of Trypanosoma lewisi. - J. Parasit., 1964, v.50, N.3, Suppl., p.57.",
1556,Metabolism,Heterotrophic Protozoa,Lincicome 1965,"Lincicome D.R., Hill G.C. Oxygen uptake by Trypanosoma lewisi complex cells. I. ""L"" isolate. - Comp. Biochem. Physiol., 1965, v.14, N.3, P.425-435.",
1557,Metabolism,Heterotrophic Protozoa,Lincicome 1965,"Lincicome D.R., Warsi A.A. Oxygen uptake by two isolates of Trypanosoma lewisi. - J. Parasit., 1965, v.51, N.2, Sect.2, p.27.",
1558,Metabolism,Heterotrophic Protozoa,Lincicome 1966,"Lincicome D.R., Smith A.S. Oxygen uptake by Trypanosoma lewisi - complex cells. II. R and L isolates compared. - Comp. Biochem. Physiol., 1966, v.17, N.1, p.59-68.",
1559,Metabolism,Heterotrophic Protozoa,Lincicome 1966,"Lincicome D.R., Warsi A.A. Oxygen uptake by Trypanosoma lewisi complex cells. III. C isolate. - Comp. Biochem. Physiol., 1966, v.17, N.3, p.871-381.",
1560,Metabolism,Heterotrophic Protozoa,Lincicome 1968,"Lincicome D.R., Warsi A.A., Lee O.K. Oxygen uptake by Trypanosoma lewisi - complex cells. 4. ""E"" and ""Sp"" isolates. - Exp. Parasit., 1968, v.23, N.1, p.114-127.",
1561,Metabolism,Heterotrophic Protozoa,Lincicome 1971,"Lincicome D.R., Lee C.M. Trypanosoma lewisi: physiologic adaptation of wild isolate to albino rats evi denced by cell populations and respiratory. - Exp. Parasit., 1971, v.29, N.2. p.179-193.",
1562,Metabolism,Heterotrophic Protozoa,Lund 1918,"Lund B.J. Quantitative studies on intracellular respiration. III. Relation of the state of nutrition of Paramecium to the rate of intracellular oxidation. - Amer. J. Physiol., 1918, v.47, N.2. p.167-177.",
1563,Metabolism,Heterotrophic Protozoa,Lwoff 1934,"Lwoff M. Sur la respiration due cilié Glaucoma piriformis. - Comp. Rend. Soc. Biol., 1934, v.115, p.237-241.",
1564,Metabolism,Heterotrophic Protozoa,Maier 1941,"Maier J., Coggeshall L.T. Respiration of malaria plasmodia. - J. inf. Dis., Chicago, I941, v.69, N.1, p.87-96.",
1565,Metabolism,Heterotrophic Protozoa,Makarieva 2005,"Makarieva A.M., Gorshkov V.G., Li B.-L. Energetics of the smallest: Do bacteria breathe at the same rate as whales? - Proceedings of the Royal Society of London, Biological Series, 2005, v.272. p. 2219-2224.",
1566,Metabolism,Heterotrophic Protozoa,Marshall 1948,"Marshall P.B. The metabolism of protozoal parasites. - Brit. Sci. News, 1948, v.1, N.8, p.16-19.",
1567,Metabolism,Heterotrophic Protozoa,Marshall 1948,"Marshall P.B. The glucose metabolism of Plasmodium gallinaceum, and the action of antimalarial agents. - Brit. J. Pharmacol, 1948, v.3, N.1, p.1-7.",
1568,Metabolism,Heterotrophic Protozoa,Mast 1936,"Mast S.O., Pace D.M., Mast L.R. The effect of sulfur on the rate of respiration and the respiratory quotient in Chilomonas paramecium. - J. cell. comp. Physiol., 1936, v.8, N.2, p.125-139.",
1569,Metabolism,Heterotrophic Protozoa,McKee 1946,"McKee R.W., Ormsbee R.A., Anfinsen C.B., Geiman Q.M., Ball E.G. Studies on malarial parasites. VI. The chemistry and metabolism of normal and parasitised (P. knowlesi) monkey blood. - J. exp. Med., 1946, v.84, N.6, p.569-582.",
1570,Metabolism,Heterotrophic Protozoa,Montalvo 1971,"Montalvo F.E., Reeves R.E., Warren L.G. Aerobic and anaerobic metabolism in Entamoeba histolytica. - Exp. Parasit., 1971, v.30, N.2, p.249-256.",
1571,Metabolism,Heterotrophic Protozoa,Nakamura 1951,"Nakamura M., Anderson H.H. Effect of heat-treatment on the respiration of Trypanosoma cruzi used for the cultivation of Endamoeba histolytica. - Amer. J. trop. Med., 1951, v.31, N.4, p.438-441.",
1572,Metabolism,Heterotrophic Protozoa,Neff 1958,"Neff R.J., Neff R.H., Taylor R.E. The nutrition and metabolism of a soil amoeba, Acanthamoeba sp. - Physiol. Zool., 1958, v.31, N.1, p.73-91.",
1573,Metabolism,Heterotrophic Protozoa,Nicol 1960,"Nicol J.A.C. The biology of marine animals. London: Pitman, 1960.",
1574,Metabolism,Heterotrophic Protozoa,Ormsbee 1942,"Ormsbee R.A. The normal growth and respiration of Tetrahymena geleii. - Biol. Bull., 1942, v.82, N.3, p.423-437.",
1575,Metabolism,Heterotrophic Protozoa,Ottova 1955,"Ottova L. The dependence of the consumption of oxygen of the ciliate Tetrahymena geleii Fung, on some biological, chemical and physical factors. - Vestnik _eskosl. spol. zool. Praha, 1955, v.19, N.3, p.269-286.",
1576,Metabolism,Heterotrophic Protozoa,Pace 1944,"Pace D.M., Belda W.H. The effect of food content and temperature on respiration in Pelomyxa carolinensis Wilson. - Biol. Bull., 1944, v.86, N.3, p.146-153.",
1577,Metabolism,Heterotrophic Protozoa,Pace 1944,"Pace D.M., Belda W.H. The effect of potassium cyanide, potassium arsenite, and ethyl urethane on respiration in Pelomyxa carolinensis. - Biol. Bull., 1944, v.87, N.2, p.138-144.",
1578,Metabolism,Heterotrophic Protozoa,Pace 1944,"Pace D.M., Kimura K.K. The effect of temperature on respiration in Paramecium aurelia and Paramecium caudatum. - J. cell. comp. Physiol., 1944, v.24, N.2, p.173-183. ",
1579,Metabolism,Heterotrophic Protozoa,Pace 1945,"Pace D.M. The effect of cyanide on respiration in Paramecium caudatum and Paramecium aurelia. - Biol. Bull., 1945, v.89, N.1, p.76-83.",
1580,Metabolism,Heterotrophic Protozoa,Pace 1946,"Pace D.M., Kimura T.E. Relation between metabolic activity and cyanide inhibition in Pelomyxa carolinensis Wilson. - Proc. Soc. exp. Biol. Med., 1946, v.62, N.2, p.223-227. ",
1581,Metabolism,Heterotrophic Protozoa,Pace 1947,"Pace D.M., Lyman E.D. Oxygen consumption and carbon dioxide elimination in Tetrahymena geleii Furgason.- Biol. Bull., 1947, v.92, N.2, p.210-216.",
1582,Metabolism,Heterotrophic Protozoa,Pace 1948,"Pace D.M., Frost B.L. The effects of ethyl alcohol on growth and respiration in Pelomyxa carolinensis and upon conjugation in Paramecium caudatum. - Anat. Rec., 1948, v.101, N.4, p.730.",
1583,Metabolism,Heterotrophic Protozoa,Pace 1951,"Pace D.M., McCashland B.W. Effects of low concentration of cyanide on growth and respiration in Pelomyxa carolinensis Wilson. - Proc. Soc. exp. Biol. Med., 1951, v.76, N.1, p.165-168.",
1584,Metabolism,Heterotrophic Protozoa,Padilla 1960,"Padilla G.M. Cyclical changes in the respiratory activity of synchronized cells. - J. Protozool., 1960, v.7, N.3, Suppl., p.24.",
1585,Metabolism,Heterotrophic Protozoa,Padilla 1960,"Padilla G.M., James T.W. Synchronization of cell division in Astasia longa on a chemically defined medium. - Exp. Cell Res., 1960, v.20. N.2, p.401-415.",
1586,Metabolism,Heterotrophic Protozoa,Pigon 1955,"Pigon A. Respiration and respiratory enzymes in Infusoria. II. Spirostomum minus Roax, Spirostomum intermedium Kahl. - Folia biol. Warszawa, 1955, v.3, N.3, p.229-265.",
1587,Metabolism,Heterotrophic Protozoa,Pitts 1932,"Pitts R._. The effect of cyanide on respiration of the protozoan, Colpidium campylum. - Proc. Soc. exp. Biol. Med., 1932, v.29, N.5, p.542-544.",
1588,Metabolism,Heterotrophic Protozoa,Rajagopal 1962,"Rajagopal P.K. Respiration of some marine planktonic organisms. - Proc. Indian Acad. Sci., 1962, v.55B, N.2, p.76-81.",
1589,Metabolism,Heterotrophic Protozoa,Read 1955,"Read C.P., Rothman A.H. Preliminary notes on the metabolism of Trichomonas vaginalis. - Amer. J. Hyg., 1955, v.61, N.2, p.249-260.",
1590,Metabolism,Heterotrophic Protozoa,Reeves 1971,"Reeves R.E. Carbohydrate metabolism in Entamoeba histolytica. – In: Comparative Biochemistry of Parasites (Ed. H. van den Boossche). New York: Acad. Press, 1971, p.351-358.",
1591,Metabolism,Heterotrophic Protozoa,Reich 1948,"Reich K. Studies in the respiration of an Amoeba, Mayorella palestinensis. - Physiol. Zool., 1948, v.21, N.4, p.390-412.",
1592,Metabolism,Heterotrophic Protozoa,Roth 1954,"Roth J.S., Eichel H.J., Ginter E. The oxidation of amino acids by Tetrahymena pyriformis W. - Arch. Biochem. Biophys., 1954, v.48, N.1, p.112-119.",
1593,Metabolism,Heterotrophic Protozoa,Roth 1955,"Roth J.S., Eichel H.J. The effect of X-radiation on enzyme systems of Tetrahymena pyriformis. - Biol. Bull., 1955, v.108. N.3, p.308-317.",
1594,Metabolism,Heterotrophic Protozoa,Ryley 1951,"Ryley J.F. Studies on the metabolism of the Protozoa. I. Metabolism of the parasitic flagellate, Trypanosoma lewisi. - Biochem. J., 1951, v.49, N.5, p. 577-585.",
1595,Metabolism,Heterotrophic Protozoa,Ryley 1952,"Ryley J.F. Studies on the metabolism of the Protozoa. 3. Metabolism of the ciliate Tetrahymena pyriformis (Glaucoma pyriformis). - Biochem .J., 1952, v.52, N.3, p.483-492.",
1596,Metabolism,Heterotrophic Protozoa,Ryley 1953,"Ryley J.F. Carbohydrate metabolism in Protozoa and metal-binding substances. - Nature, I953, v.171, N.4356, p.747-748.",
1597,Metabolism,Heterotrophic Protozoa,Ryley 1955,"Ryley J.F. Studies on the metabolism of the Protozoa. 5. Metabolism of the parasitic flagellate, Strigomonas oncopelti. - Biochem. J., 1955a, v.59, N.3, p. 353-361.",
1598,Metabolism,Heterotrophic Protozoa,Ryley 1955,"Ryley J.F. Studies on the metabolism of the Protozoa. 5. Metabolism of the parasitic flagellate, Trichomonas foetus. - Biochem. J., 1955b, v.59, N.3, p. 361-369.",
1599,Metabolism,Heterotrophic Protozoa,Ryley 1956,"Ryley J.F. Studies on the metabolism of the Protozoa. 7. Comparative carbohydrate metabolism of eleven species of Trypanosoma. - Biochem. J., 1956, v.62, N.2, p.215-222.",
1600,Metabolism,Heterotrophic Protozoa,Sanchez 1968,"Sanchez G., Dusanic D.G. Respiratory activity of Trypanosoma lewisi during several phases of infection in the rat. - Exp. Parasit., 1968, v.23, N.3, p.361-370.",
1601,Metabolism,Heterotrophic Protozoa,Sarojini 1966,"Sarojini R., Nagabhushanam R. The oxygen consumption of the ciliate, Coleps hirtus. - Brotéria, 1966, Ser. Ciênc. Nat., v.35, p.45-55.",
1602,Metabolism,Heterotrophic Protozoa,Scholander 1952,"Scholander P.F., Claff C.L., Sveinsson S.L. Respiratory studies of single cells. II. Observations on the oxygen consumption in single protozoans. - Biol. Bull., 1952, v.102, N.2, p.178-184.",
1603,Metabolism,Heterotrophic Protozoa,Seaman 1949,"Seaman G.R. The presence of the tricarboxylic acid cycle in the ciliate, Colpidium campylum. - Biol. Bull., 1949, v.96, N.3, p.257-262.",
1604,Metabolism,Heterotrophic Protozoa,Seaman 1950,"Seaman G.R. Utilization of acetate by Tetrahymena geleii (S). - J. biol. Chem., 1950, v.186, N.1, p. 97-104.",
1605,Metabolism,Heterotrophic Protozoa,Seaman 1950,"Seaman G.R., Houlihan R.K. Trans-I,2-cyclopentanedicarboxylic acid, a succinic acid analog affecting the permeability of the cell membrane. - Arch. Biochem., 1950, v.26, N.3, p.436-441.",
1606,Metabolism,Heterotrophic Protozoa,Simonsen 1952,"Simonsen D.H., Van Wagtendonk W.J. Respiratory studies on Paramecium aurelia, variety 4, killers and sensitives.- Biochim. Biophys. Acta,1952, v.9, N.5, p.515-527.",
1607,Metabolism,Heterotrophic Protozoa,Smith 1944,"Smith B.F., Herrick C.A. The respiration of the protozoan parasite, Eimeria tenella. - J. Parasit., 1944, v.30, N.5, p.295-302.",
1608,Metabolism,Heterotrophic Protozoa,Speck 1946,"Speck J.F., Moulder J.W., Evans E.A. The biochemistry of the malaria parasite. V. Mechanism of pyruvate oxidation in the malaria parasite. - J. biol. Chem., 1946, v.164, N.1, p.119-144.",
1609,Metabolism,Heterotrophic Protozoa,Thurston 1958,"Thurston J.P. The oxygen uptake of Trypanosoma lewisi and Trypanosoma equiperdum, with especial reference to oxygen consumption in the presence of amino-acids. - Parasitology, 1958, v.48, N.1-2, p.149-164.",
1610,Metabolism,Heterotrophic Protozoa,Van de Vijver 1966,"Van de Vijver G. Studies on the metabolism of Tetrahymena pyriformis Gl. I. Influence of substrates on the respiratory rate. - Enzymologia, 1966, v.31, N.6, p.363-381.",
1611,Metabolism,Heterotrophic Protozoa,Vernberg 1974,"Vernberg W.B., Coull B.C. Respiration of an interstitial ciliate and benthic energy relationships. - Oecologia, 1974, v.16, N.4, p.259-264.",
1612,Metabolism,Heterotrophic Protozoa,Vladimirova 1983,"Vladimirova I.G., Zotin A.I. Respiration rates of Protozoa. Manuscript No. 5500-B3 12.08.1983 deposited in the All-Russian Institute of Scientific and Technical Information (VINITI), 62 pp, 1983. (in Russian)",
1613,Metabolism,Heterotrophic Protozoa,Vladimirova 1985,"Vladimirova I.G., Zotin A.I. Dependence of metabolic rate in Protozoa on body temperature and weight. - Zhurnal Obschei Biologii [Journal of General Biology], 1985, v.46, p.165-173. (in Russian)",
1614,Metabolism,Heterotrophic Protozoa,von Brand 1955,"von Brand T., Agosin M. The utilization of Krebs cycle intermediates by the culture forms of Trypanosoma cruzi and Leishmania tropica. - J. inf. Dis., 1955, v.97, N.3, p.274-279.",
1615,Metabolism,Heterotrophic Protozoa,von Dach 1942,"von Dach H. Respiration of a colorless flagellate, Astasia klebsii. - Biol. Bull., 1942, v.82, N.3, p.356-371.",
1616,Metabolism,Heterotrophic Protozoa,von Dach 1950,"von Dach H. Effect of high osmotic pressures on growth and respiration of a fresh-water flagellate, Astasia klebsii. - J. exp. Zool., 1950, v.115, N.1, p.1-15.",
1617,Metabolism,Heterotrophic Protozoa,Wagenbach 1969,"Wagenbach G.E., Burns W.C. Structure and respiration of sporulating Eimeria stiedae and E. tenella oocysts. - J. Protozool., 1969, v.16, N.2, p.257-263.",
1618,Metabolism,Heterotrophic Protozoa,Waidyasekera 1975,"Waidyasekera F.L.D., Kitching J.A. Oxygen consumption and Krebs cycle activity of Acantnamoeba castellanii at high hydrostatic pressure. - Arch. Protistenk., 1975, v.117, N.3, p.314-319.",
1619,Metabolism,Heterotrophic Protozoa,Weinbach 1974,"Weinbach E.C., Diamond L.S. Entamoeba histolytica: I. Aerobic metabolism. - Exp. Parasit., 1974, v.35, N.2, p.232-242.",
1620,Metabolism,Heterotrophic Protozoa,Whiteley 1960,"Whiteley A.H. Interactions of nucleus and cytoplasm in controlling respiratory patterns ia regenerating Stentor coeruleus. - Comp. Rend. Trav. Lab. Carlsberg, 1960, v.32, N.4, p.49-62.",
1621,Metabolism,Heterotrophic Protozoa,Wilson 1961,"Wilson P.A.G., Fairbairn D. Biochemistry of sporulation in oocysts of Eimeria acervulina. - J. Protozool. 1961, v.8, N.4, p.410-416.",
1622,Metabolism,Heterotrophic Protozoa,Wilson 1963,"Wilson B.W. The oxidative assimilation of acetate by Astasia longa and the regulation of cell respiration. - J. cell. comp. Physiol., 1963, v.62, N.1, p.49-56.",
1623,Metabolism,Heterotrophic Protozoa,Wilson 1963,"Wilson B.W., James T.W. The respiration and growth of synchronised populations of the cell Astasia longa. - Exp. Cell Res., 1963, v.32, N.2, p.305-319.",
1624,Metabolism,Heterotrophic Protozoa,Wirtschafter 1956,"Wirtschafter S., Saltman P., Jahn T.L. The metabolism of Trichomonas vaginalis: the oxidative pathway. - J. Protozool., 1956, v.3, N.2, p.86-88.",
1625,Metabolism,Heterotrophic Protozoa,Wright 1964,"Wright B.E. Biochemistry of acrasiales. - In: Biochemistry and Physiology of Protozoa (Ed. S.H. Hutner). New York: Acad. Press, 1964, v.3, p.341-381.",
1626,Metabolism,Heterotrophic Protozoa,Zeledon 1960,"Zeledon R. Comparative physiological studies on four species of Hemoflagellates in culture. I. Endogenous respiration and respiration in the presence of glucose. - J. Protozool., 1960, v.7, N.2, p.146-150.",
1627,Metabolism,Heterotrophic Protozoa,Zeledon 1960,"Zeledon R. Comparative physiological studies on four species of Hemoflagellates in culture. II. Effect of carbohydrates and related substances and some amino compounds on the respiration. - J. Parasit., I960, v.46, N.5, p.541-551.",
1628,Metabolism,Heterotrophic Protozoa,Zeledon 1960,"Zeledon R. Comparative physiological studies on four species of Hemoflagellates in culture. III. Effect of Krebs cycle intermediates on the respiration. - Rev. Biol. trop. Univ., Costa Rica, 1960, v.8, N.1, p.25-33.",
1629,Metabolism,Heterotrophic Protozoa,Zeledon 1960,"Zeledon R. Comparative physiological studies on four species of Hemoflagellates in culture. IV. Effect of metabolic inhibitors on respiration. - Rev. Biol. trop. Univ., Costa Rica, I960, v.8, N.2, p.181-195.",
1630,Metabolism,Heterotrophic Protozoa,Zeledon 1966,"Zeledon R., de Monge E. Physiological studies on Leishmania braziliensis. – In: Internat. Congr. Parasitology (Ed. A. Corradetii). Oxford: Pergamon Press, 1966, v.1, p.42-43.",
1631,Metabolism,Heterotrophic Protozoa,Zeledon 1967,"Zeledon R., de Monge E. Physiological studies on the culture form of four strains of Leishmania braziliensis. I. Nitrogen content, substrate utilization, and effect of metabolic inhibitors on respiration and its relation to infectivity. - J. Parasit., 1967, v.53, N.5, p.937-945.",
1632,Metabolism,Insects,Acar 2001,"Acar, E. B., Smith, B. N., Hansen, L. D. & Booth, G. M. Use of calorespirometry to determine effects of temperature on metabolic efficiency of an insect. Environmental Entomology 30, 811-816 (2001).",
1633,Metabolism,Insects,Ashby 1997,"Ashby, P. D. Conservation of mass-specific metabolic rate among high- and low-elevation populations of the acridid grasshopper Xanthippus corallipes. Physiological Zoology 70, 701-711 (1997).",
1634,Metabolism,Insects,Bailey 1973,"Bailey, C. G. & Riegert, P. W. Energy dynamics of Encoptolophus sordidus costalis (Scudder) (Orthoptera: Acrididae) in a grassland ecosystem. Canadian Journal of Zoology 51, 91-100 (1973).",
1635,Metabolism,Insects,Bailey 1977,"Bailey, C. G. & Singh, N. B. An energy budget for Mamestra configurata (Lepidoptera: Noctuidae). Canadian Entomology 109, 687-693 (1977).",
1636,Metabolism,Insects,Bailey 1993,"Bailey, C. G., Withers, P. C., Endersby, M. & Gaull, K. The energetic costs of calling in the bushcricket Requena verticalis (Orthoptera: Tettigoniidae: Listroscelidinae). Journal of Experimental Biology 178, 21-37 (1993).",
1637,Metabolism,Insects,Bartholomew 1977,"Bartholomew, G. A. & Casey, T. M. Body temperature and oxygen consumption during rest and activity in relation to body size in some tropical beetles. Journal of Thermal Biology 2, 173-176 (1977).",
1638,Metabolism,Insects,Bartholomew 1978,"Bartholomew, G. A. & Casey, T. M. Oxygen consumption of moths during rest, pre-flight warm-up, and flight in relation to body size and wing morphology. Journal of Experimental Biology 76, 11-25 (1978).",
1639,Metabolism,Insects,Bartholomew 1984,"Bartholomew, G. A. & Barnhart, M. C. Tracheal gases, respiratory gas exchange, body temperature and flight in some tropical cicadas. Journal of Experimental Biology 111, 131-144 (1984).",
1640,Metabolism,Insects,Bartholomew 1985,"Bartholomew, G. A. & Lighton, J. R. B. Ventilation and oxygen consumption during rest and locomotion in a tropical cockroach, Blaberus giganteus. Journal of Experimental Biology 118, 449-454 (1985).",
1641,Metabolism,Insects,Bartholomew 1985,"Bartholomew, G. A., Lighton, J. R. B. & Louw, G. N. Energetics of locomotion and patterns of respiration in tenebrionid beetles from the Namib Desert. Journal of Comparative Physiology B 155, 155-162 (1985).",
1642,Metabolism,Insects,Bartholomew 1986,"Bartholomew, G. A. & Lighton, J. R. B. Endothermy and energy metabolism of a giant tropical fly, Pantophthalmus tabaninus Thunberg. Journal of Comparative Physiology B 156, 461-467 (1986).",
1643,Metabolism,Insects,Bartholomew 1988,"Bartholomew, G. A., Lighton, J. R. B. & Feener, D. H. Energetics of trail running, load carriage, and emigration in the column-rading army ant Eciton hamatum. Physiological Zoology 61, 57-68 (1988).",
1644,Metabolism,Insects,Beekman 1999,"Beekman, M. & Van Stratum, P. Respiration in bumblebee queens: effect of life phase on the discontinuous ventilation cycle. Entomologia Experimentalis et Applicata 92, 295-298 (1999).",
1645,Metabolism,Insects,Beraldo 1982,"Beraldo, M. J. A. H. & Mendes, E. G. The influence of temperature on oxygen consumption rates of workers of two leaf cutting ants, Atta laevigata (F. Smith, 1958) and Atta sexdens rubropilosa (Forel, 1908). Comparative Biochemistry and Physiology A 71, 419-424 (1982).",
1646,Metabolism,Insects,Berrigan 1994,"Berrigan, D. & Lighton, J. R. B. Energetics of pedestrian locomotion in adult male blowflies, Protophormia terraenovae (Diptera: Calliphoridae). Physiological Zoology 67, 1140-1153 (1994).",
1647,Metabolism,Insects,Birch 1947,"Birch, L. C. The oxygen consumption of the small strain of Calandra oryzae L. and Rhizopertha dominica Fab. as affected by temperature and humidity. Ecology 28, 17-25 (1947).",
1648,Metabolism,Insects,Bosch 2000,"Bosch, M., Chown, S. L. & Scholtz, C. H. Discontinuous gas exchange and water loss in the keratin beetle Omorgus radula: further evidence against the water conservation hypothesis? Physiological Entomology 25, 309-314 (2000).",
1649,Metabolism,Insects,Bradley 2003,"Bradley, T. J., Brethorst, L., Robinson, S. & Hetz, S. Changes in the rate of CO2 release following feeding in the insect Rhodnius prolixus. Physiological and Biochemical Zoology 76, 302-309 (2003).",
1650,Metabolism,Insects,Brown 1978,"Brown, A. V. & Fitzpatrick, L. C. Life history and population energetics of the dobson fly, Corydalus cornutus. Ecology 59, 1091-1108 (1978).",
1651,Metabolism,Insects,Buck 1949,"Buck, J. B. & Keister, M. L. Respiration and water loss in the adult blowfly, Phormia regina, and their relation to the physiological action of DDT. Biological Bulletin 97, 64-81 (1949).",
1652,Metabolism,Insects,Burkett 1962,"Burkett, B. N. Respiration of Galleria mellonella in relation to temperature and oxygen. Entomologia Experimentalis et Applicata 5, 305-312 (1962).",
1653,Metabolism,Insects,Campbell 1976,"Campbell, A., Singh, N. B. & Sinha, R. N. Bioenergetics of the granary weevil, Sitophilus granarius (L.) (Coleoptera: Curculionidae). Canadian Journal of Zoology 54, 786-798 (1976).",
1654,Metabolism,Insects,Chadwick 1940,"Chadwick, L. E. & Gilmour, D. Respiration during flight in Drosophila repleta Wollaston: the oxygen consumption considered in relation to the wing-rate. Physiological Zoology 13, 398-410 (1940).",
1655,Metabolism,Insects,Chadwick 1947,"Chadwick, L. E. The respiratory quotient of Drosophila in flight. Biological Bulletin 93, 229-239 (1947).",
1656,Metabolism,Insects,Chappell 2000,"Chappell, M. A. & Rogowitz, G. L. Mass, temperature and metabolic effects on discontinuous gas exchange cycles in Eucalyptus-boring beetles (Coleoptera: Cerambycidae). Journal of Experimental Biology 203, 3809-3820 (2000).",
1657,Metabolism,Insects,Chown 1995,"Chown, S. L., Scholtz, C. H., Klok, C. J., Joubert, F. J. & Coles, K. Ecophysiology, range contraction and survival of a geographically restricted African dung beetle (Coleoptera: Scarabaeidae). Functional Ecology 9, 30-39 (1995).",
1658,Metabolism,Insects,Chown 1997,"Chown, S. L., Van Der Merwe, M. & Smith, V. R. The influence of habitat and altitude on oxygen uptake in sub-antarctic weevils. Physiological Zoology 70, 116-124 (1997).",
1659,Metabolism,Insects,Chown 1997,"Chown, S. L. Thermal sensitivity of oxygen uptake of Diptera from sub-Antarctic South Georgia and Marion Island. Polar Biology 17, 81-86 (1997).",
1660,Metabolism,Insects,Chown 2000,"Chown, S. L. & Holter, P. Discontinuous gas exchange cycles in Aphodius fossor (Scarabaeidae): a test of hypotheses concerning origins and mechanisms. Journal of Experimental Biology 203, 397-403 (2000).",
1661,Metabolism,Insects,Chown 2003,"Chown, S. L. & Davis, A. L. V. Discontinuous gas exchange and the significance of respiratory water loss in scarabaeine beetles. Journal of Experimental Biology 206, 3547-3556 (2003).",
1662,Metabolism,Insects,Coelho 1989,"Coelho, J. R. & Moore, A. J. Allometry of resting metabolic rate in cockroaches. Comparative Biochemistry and Physiology A 94, 587-590 (1989).",
1663,Metabolism,Insects,Cooper 1993,"Cooper, P. D. Field metabolic rates and cost of activity in two tenebrionid beetles from the Mojave Desert of North America. Journal of Arid Environments 24, 165-175 (1993).",
1664,Metabolism,Insects,Davis 2000,"Davis, A. L. V., Chown, S. L., McGeoch, M. A. & Scholtz, C. H. A comparative analysis of metabolic rate in six Scarabaeus species (Coleoptera : Scarabaeidae) from southern Africa: further caveats when inferring adaptation. Journal of Insect Physiology 46, 553-562 (2000).",
1665,Metabolism,Insects,Davison 1987,"Davison, E. A. Respiration and energy flow in two Australian species of desert harvester ants, Chelaner rothsteini and Chelaner whitei. Journal of Arid Environments 12, 61-82 (1987).",
1666,Metabolism,Insects,Duke 1975,"Duke, K. M. & Crossley, D. A. Population energetics and ecology of the rock grasshopper, Trimerotropis saxatilis. Ecology 56, 1106-1117 (1975).",
1667,Metabolism,Insects,Duncan 1993,"Duncan, F. D. & Crewe, R. M. A comparison of the energetics of foraging of three species of Leptogenys (Hymenoptera, Formicidae). Physiological Entomology 18, 372-378 (1993).",
1668,Metabolism,Insects,Duncan 1997,"Duncan, F. D. & Lighton, J. R. B. Discontinuous ventilation and energetics of locomotion in the desert-dwelling female mutillid wasp, Dasymutilla gloriosa. Physiological Entomology 22, 310-315 (1997).",
1669,Metabolism,Insects,Duncan 2000,"Duncan, F. D. & Byrne, M. J. Discontinuous gas exchange in dung beetles: patterns and ecological implications. Oecologia 122, 452-458 (2000).",
1670,Metabolism,Insects,Duncan 2001,"Duncan, F. D. & Dickman, C. R. Respiratory patterns and metabolism in tenebrionid and carabid beetles from the Simpson Desert, Australia. Oecologia 129, 509-517 (2001).",
1671,Metabolism,Insects,Duncan 2002,"Duncan, F. D., Krasnov, B. & McMaster, M. Novel case of a tenebrionid beetle using discontinuous gas exchange cycle when dehydrated. Physiological Entomology 27, 79-83 (2002).",
1672,Metabolism,Insects,Edwards 1958,"Edwards, D. K. Effects of acclimatization and sex on respiration and thermal resistance in Tribolium (Coleoptera: Tenebrionidae). Canadian Journal of Zoology 36, 363-382 (1958).",
1673,Metabolism,Insects,Ehnes 2011,"Ehnes, R. B., D. C. Rall, and U. Brose. 2011. Phylogenetic grouping, curvature and metabolic scaling in terrestrial invertebrates. Ecology Letters 14:993–1000.",
1674,Metabolism,Insects,Engelmann 1961,"Engelmann, M. D. The role of soil arthropods in the energetics of an old field community. Ecological Monographs 31, 221-238 (1961).",
1675,Metabolism,Insects,Ettershank 1973,"Ettershank, G. & Whitford, W. G. Oxygen consumption of two species of Pogonomyrmex harverster ants (Hymenoptera: Formicidae). Comparative Biochemistry and Physiology A 46, 605-611 (1973).",
1676,Metabolism,Insects,Fewell 1996,"Fewell, J. H., Harrison, J. F., Lighton, J. R. B. & Breed, M. D. Foraging energetics of the ant, Paraponera clavata. Oecologia 105, 419-427 (1996).",
1677,Metabolism,Insects,Fielden 2004,"Fielden, L. J., Krasnov, B. R., Khokhlova, I. S. & Arakelyan, M. S. Respiratory gas exchange in the desert flea Xenopsylla ramesis (Siphonaptera : Pulicidae): response to temperature and blood-feeding. Comparative Biochemistry and Physiology A 137, 557-565 (2004).",
1678,Metabolism,Insects,Full 1990,"Full, R. J., Zuccarello, D. A. & Tullis, A. Effect of variation in form on the cost of terrestrial locomotion. Journal of Experimental Biology 150, 233-246 (1990).",
1679,Metabolism,Insects,Gäde 1998,"Gäde, G. & Auerswald, L. Flight metabolism in carpenter bees and primary structure of their hypertrehalosaemic peptide. Experimental Biology Online 3 (1998).",
1680,Metabolism,Insects,Gehrken 1985,"Gehrken, U. Physiology of diapuse in the adult bark beetle, Ips acuminatus Gyll., studied in relation to cold hardiness. Journal of Insect Physiology 31(12), 909-916 (1985).",
1681,Metabolism,Insects,Gray 2003,"Gray, E. M. & Bradley, T. J. Metabolic rate in female Culex tarsalis (Diptera : Culicidae): Age, size, activity, and feeding effects. Journal of Medical Entomology 40, 903-911 (2003).",
1682,Metabolism,Insects,Gromadzka 1968,"Gromadzka, J. Respiratory metabolism of the Colorado beetle (Leptinotarsa decemlineata Say). Ekologia Polska A 16, 1-9 (1968).",
1683,Metabolism,Insects,Guerra 1970,"Guerra, A. A. & Cochran, D. G. Respiration during the life cycle of the face fly. Journal of Economic Entomology 63, 918-921 (1970).",
1684,Metabolism,Insects,Gunn 1935,"Gunn, D. L. Oxygen consumption of the cockroach in relation to moulting. Nature 125, 434-435 (1935).",
1685,Metabolism,Insects,Hack 1997,"Hack, M. A. The effects of mass and age on standard metabolic rate in house crickets. Physiological Entomology 22, 325-331 (1997).",
1686,Metabolism,Insects,Hadley 1991,"Hadley, N. F., Quinlan, M. C. & Kennedy, M. L. Evaporative cooling in the desert cicada: thermal efficiency and water/metabolic costs. Journal of Experimental Biology 159, 269-283 (1991).",
1687,Metabolism,Insects,Harrison 1991,"Harrison, J. F., Philips, J. E. & Gleeson, T. T. Activity physiology of the two-striped grasshopper, Melanoplus bivittatus: gas exchange, hemolymph acid-base status, lactate production, and the effect of temperature. Physiological Zoology 64, 451-472 (1991).",
1688,Metabolism,Insects,Harvey 1951,"Harvey, G. T. & Brown, A. W. A. The effect of insecticide on the rate of oxygen consumption in Blattella. Canadian Journal of Zoology 29, 42-53 (1951).",
1689,Metabolism,Insects,Heatwole 1986,"Heatwole, H., Muir, R. & Davison, E. Oxygen consumption of some terrestrial invertebrates from the Pre-Saharan steppe of Tunisia. Journal of Arid Environments 11, 219-226 (1986).",
1690,Metabolism,Insects,Hebling 1992,"Hebling, M. J. A., Penteado, C. H. S. & Mendes, E. G. Respiratory regulation in workers of the leaf cutting ant Atta sexdens rubropilosa Forel, 1908. Comparative Biochemistry and Physiology A 101, 319-322 (1992).",
1691,Metabolism,Insects,Herreid 1981,"Herreid, C. F., Full, R. J. & Prawel, D. A. Energetics of cockroach locomotion. Journal of Experimental Biology 94, 189-202 (1981).",
1692,Metabolism,Insects,Herreid 1984,"Herreid, C. F. & Full, R. J. Cockroaches on a treadmill: aerobic running. Journal of Insect Physiology 30, 395-403 (1984).",
1693,Metabolism,Insects,Hinton 1971,"Hinton, J. M. Energy flow in a natural population of Neophilaenus lineatus (Homoptera). Oikos 22, 155-171 (1971).",
1694,Metabolism,Insects,Hocking 1953,"Hocking, B. The intrinsic range and speed of flight of insects. Transactions of the Royal Entomological Society of London 104, 223-345 (1953).",
1695,Metabolism,Insects,Holter 1982,"Holter, P. Resource utilization and local coexistence in a guild of scarabaeid dung beetles (Aphodius spp.). Oikos 39, 213-227 (1982).",
1696,Metabolism,Insects,Holter 1997,"Holter, P. & Spangenberg, A. Oxygen uptake in coprophilous beetles (Aphodius, Geotrupes, Sphaeridium) at low oxygen and high carbon dioxide concentrations. Physiological Entomology 22, 339-343 (1997).",
1697,Metabolism,Insects,Jeeva 1999,"Jeeva, D., Bignell, D. E., Eggleton, P. & Maryati, M. Respiratory gas exchanges of termites from the Sabah (Borneo) assemblage. Physiological Entomology 24, 11-17 (1999).",
1698,Metabolism,Insects,Jensen 1975,"Jensen, T. F. & Nielsen, M. G. The influence of body size and temperature on worker ant respiration. Natura Jutlandica 18, 21-25 (1975).",
1699,Metabolism,Insects,Kavanagh 1987,"Kavanagh, M. W. The efficiency of sound production on two cricket species, Gryllotalpa australis and Teleogryllus commodus (Orthoptera: Grylloidea). Journal of Experimental Biology 130, 107-119 (1987).",
1700,Metabolism,Insects,Keister 1964,"Keister, M. & Buck, J. in Physiology of Insecta Volume 3 (ed. Rockstein, M.) 617-658 (Academic Press, New York, 1964).",
1701,Metabolism,Insects,Klok ,"Klok, C. J. & Chown, S. L. Temperature- and body mass-related variation in cyclic gas exchange characteristics and metabolic rates of seven weevil species: broader implications. Journal of Insect Physiology (in press).",
1702,Metabolism,Insects,Lehmann 2000,"Lehmann, F.-O., Dickinson, M. H. & Staunton, J. The scaling of carbon dioxide release and respiratory water loss in flying fruit flies (Drosophila spp.). Journal of Experimental Biology 203, 1613-1624 (2000).",
1703,Metabolism,Insects,Lewis 1971,"Lewis, L. C., Mutchmor, J. A. & Lynch, R. E. Effect of Perezia pyraustae on oxygen consumption by the European corn borer,  Ostrinia nubilalis. Journal of Insect Physiology 17, 2457-2468 (1971).",
1704,Metabolism,Insects,Lighton 1985,"Lighton, J. R. B. Minimum cost of transport and ventilatory patterns in three African beetles. Physiological Zoology 58, 390-399 (1985).",
1705,Metabolism,Insects,Lighton 1989,"Lighton, J. R. B. Individual and whole-colony respiration in an African formicine ant. Functional Ecology 3, 523-230 (1989).",
1706,Metabolism,Insects,Lighton 1989,"Lighton, J. R. B. & Gillespie, R. G. The energetics of mimicry: the cost of pedestrian transport in a formicine ant and its mimic, a clubionid spider. Physiological Entomology 14, 173-177 (1989).",
1707,Metabolism,Insects,Lighton 1990,"Lighton, J. R. B. & Lovegrove, B. G. A temperature-induced switch from diffusive to convective ventilation in the honeybee. Journal of Experimental Biology 154, 509-516 (1990).",
1708,Metabolism,Insects,Lighton 1990,"Lighton, J. R. B. Slow discontinuous ventilation in the Namib dune-sea ant Camponotus detritus (Hymenoptera, Formicidae). Journal of Experimental Biology 151, 71-82 (1990).",
1709,Metabolism,Insects,Lighton 1991,"Lighton, J. R. B. Ventilation in Namib desert tenebrionid beetles: mass scaling and evidence of a novel quantized flutter-phase. Journal of Experimental Biology 159, 249-268 (1991).",
1710,Metabolism,Insects,Lighton 1993,"Lighton, J. R. B. & Wehner, R. Ventilation and respiratory metabolism in the thermophilic desert ant, Cataglyphis bicolor (Hymenoptera,  Formicidae). Journal of Comparative Physiology B 163, 11-17 (1993).",
1711,Metabolism,Insects,Lighton 1995,"Lighton, J. R. B. & Berrigan, D. Questioning paradigms: caste-specific ventilation in harvester ants, Messor pergandei and M. julianus (Hymenoptera: Formicidae). Journal of Experimental Biology 198, 521-530 (1995).",
1712,Metabolism,Insects,Lighton 1995,"Lighton, J. R. B. & Garrigan, D. Ant breathing: testing regulation mechanism hypotheses with hypoxia. Journal of Experimental Biology 198, 1613-1620 (1995).",
1713,Metabolism,Insects,Louw 1986,"Louw, G. N., Nicolson, S. W. & Seely, M. K. Respiration beneath desert sand: carbon dioxide diffusion and respiratory patterns in a tenebrionid beetle. Journal of Experimental Biology 120, 443-447 (1986).",
1714,Metabolism,Insects,Loveridge 1975,"Loveridge, J. P. & Bursell, E. Studies on the water relations of adult locusts (Orthoptera, Acrididae) I. Respiration and the production of metabolic water. Bulletin of Entomological Research 65, 13-20 (1975).",
1715,Metabolism,Insects,Mac Nally 1982,"Mac Nally, R. C. & Doolan, J. M. Comparative reproductive energetics of the sexes in the cicada Cystosoma saundersii. Oikos 39, 179-186 (1982).",
1716,Metabolism,Insects,Marais 2003,"Marais, E. & Chown, S. L. Repeatability of standard metabolic rate and gas exchange characteristics in a highly variable cockroach, Perisphaeria sp. Journal of Experimental Biology 206, 4565-4574 (2003).",
1717,Metabolism,Insects,Martin 1991,"Martin, P. J. Respiration of the ant Leptothorax unifasciatus (Hymenoptera, Formicidae) at individual and society levels. Journal of Insect Physiology 37, 311-318 (1991).",
1718,Metabolism,Insects,Massion 1983,"Massion, D. D. An altitudinal comparison of water and metabolic relations in two acridid grasshoppers (Orthopera). Comparative Biochemistry and Physiology A 74, 101-105 (1983).",
1719,Metabolism,Insects,May 1979,"May, M. L. Energy metabolism of dragonflies (Odonata: Anisoptera) at rest and during endothermic warm-up. Journal of Experimental Biology 83, 79-94 (1979).",
1720,Metabolism,Insects,May 1986,"May, M. L., Pearson, D. L. & Casey, T. M. Oxygen consumption of active and inactive adult tiger beetles. Physiological Entomology 11, 171-179 (1986).",
1721,Metabolism,Insects,McComie 1990,"McComie, L. D. & Dhanarjan, G. Respiratory rate and energy utilization by Macrotermes carbonarius (Hagen) (Isoptera, Termitidae, Macrotermitinae) in Penang, Malaysia. Insect Science and its Applications 11, 197-204 (1990).",
1722,Metabolism,Insects,Mispagel 1981,"Mispagel, M. E. Relation of oxygen consumption to size and temperature in desert arthropods. Ecological Entomology 6, 423-431 (1981).",
1723,Metabolism,Insects,Montooth 2003,"Montooth, K. L. & Gibbs, A. G. Cuticular pheremones and water balance in the house fly, Musca domestica. Comparative Biochemistry and Physiology A 135, 457-465 (2003).",
1724,Metabolism,Insects,Morgan 1985,"Morgan, K. R., Shelly, T. E. & Kimsey, L. S. Body temperature regulation, energy metabolism, and foraging in light-seeking and shade-seeking robber flies. Journal of Comparative Physiology B 155, 561-570 (1985).",
1725,Metabolism,Insects,Morgan 1987,"Morgan, K. R. Temperature regulation, energy metabolism and mate-searching in rain beetles (Pleocoma spp.), winter-active, endothermic scarabs (Coleoptera). Journal of Experimental Biology 128, 107-122 (1987).",
1726,Metabolism,Insects,Nespolo 2003,"Nespolo, R. F., Lardies, M. A. & Bozinovic, F. Intra-populational variation in the standard metabolic rate of insects: repeatability, thermal dependence and sensitivity (Q10) of oxygen consumption in a cricket. Journal of Experimental Biology 206, 4309-4315 (2003).",
1727,Metabolism,Insects,Nielsen 1986,"Nielsen, M. G. Respiratory rates of ants from different climatic areas. Journal of Insect Physiology 32, 125-131 (1986).",
1728,Metabolism,Insects,Nielsen 1990,"Nielsen, M. G. & Baroni-Urbani, C. Energetics and foraging behaviour of the European seed harvesting ant Messor capitatus I. Respiratory metabolism and energy consumption of unloaded and loaded workers during locomotion. Physiological Entomology 15, 441-448 (1990).",
1729,Metabolism,Insects,Penttinen 1995,"Penttinen, O.-P. & Holopainen, I. J. Physiological energetics of a midge, Chironomus riparius Meigen (Insecta, Diptera): normoxic heat output over the whole life cycle and response of larva to hypoxia and anoxia. Oecologia 103, 419-424 (1995).",
1730,Metabolism,Insects,Quinlan 1993,"Quinlan, M. C. & Hadley, N. F. Gas exchange, ventilatory patterns, and water loss in two lubber grasshoppers: quantifying cuticular and respiratory transpiration. Physiological Zoology 66, 628-642 (1993).",
1731,Metabolism,Insects,Quinlan 1999,"Quinlan, M. C. & Lighton, J. R. B. Respiratory physiology and water relations of three species of Pogonomyrmex harvester ants (Hymenoptera: Formicidae). Physiological Entomology 24, 293-302 (1999).",
1732,Metabolism,Insects,Rajagopal 1966,"Rajagopal, P. K. & Bursell, E. The respiratory metabolism of resting tsetse flies. Journal of Insect Physiology 12, 287-297 (1966).",
1733,Metabolism,Insects,Reichle 1968,"Reichle, D. E. Relation of body size to food intake, oxygen consumption, and trace element metabolism in forest floor arthropods. Ecology 49, 538-542 (1968).",
1734,Metabolism,Insects,Schultz 1992,"Schultz, T. D., Quinlan, M. C. & Hadley, N. F. Preferred body temperature, metabolic physiology, and water balance of adult Cicindela longilabris: A comparison of populations from boreal habitats and climatic refugia. Physiological Zoology 65, 226-242 (1992).",
1735,Metabolism,Insects,Shelton 2001,"Shelton, T. G. & Appel, A. G. Carbon dioxide release in Coptotermes formosanus Shiraki and Reticulitermes flavipes (Kollar): effects of caste, mass, and movement. Journal of Insect Physiology 47, 213-224 (2001).",
1736,Metabolism,Insects,Sibul 2004,"Sibul, I., Kuusik, A. & Voolma, K. Monitoring of gas exchange cycles and ventilatory movements in the pine weevil Hylobius abietis: respiratory failures evoked by a botanical insecticide. Entomologia Experimentalis et Applicata 110, 173-179 (2004).",
1737,Metabolism,Insects,Slater 1927,"Slater, W. K. The aerobic and anaerobic metabolism of the common cockroach (Periplaneta orientalis). Biochemical Journal 21, 198-203 (1927).",
1738,Metabolism,Insects,Sømme 1989,"Sømme, L., Ring, R. A., Block, W. & Worland, M. R. Respiratory metabolism of Hydromedion sparsutum and Perimylops antarcticus (Col., Perimylopidae) from South Georgia. Polar Biology 10, 135-139 (1989).",
1739,Metabolism,Insects,Stevens 1977,"Stevens, E. D. & Josephson, R. K. Metabolic rate and body temperature in singing katydids. Physiological Zoology 50, 31-42 (1977).",
1740,Metabolism,Insects,Strømme 1986,"Strømme, J. A., Ngari, T. W. & Zachariassen, K. E. Physiological adaptations in Coleoptera on Spitzbergen. Polar Research 4, 199-204 (1986).",
1741,Metabolism,Insects,Terblanche 2004,"Terblanche, J. S., Klok, C. J. & Chown, S. L. Metabolic rate variation in Glossina pallidipes (Diptera : Glossinidae): gender, ageing and repeatability. Journal of Insect Physiology 50, 419-428 (2004).",
1742,Metabolism,Insects,Tombes 1964,"Tombes, A. Respiratory and compositional study on the aestivating insect, Hypera postica (Gyll.)(Curculionidae). Journal of Insect Physiology 10, 997-1003 (1964).",
1743,Metabolism,Insects,Van Hook 1971,"Van Hook, R. I. Energy and nutrient dynamics of spider and Orthopteran populations in a grassland ecosystems. Ecological Monographs 41, 1-26 (1971).",
1744,Metabolism,Insects,Vogt 1999,"Vogt, J. T. & Appel, A. G. Standard metabolic rate of the fire ant, Solenopsis invicta Buren: effects of temperature, mass, and caste. Journal of Insect Physiology 45, 655-666 (1999).",
1745,Metabolism,Insects,Wiegert 1964,"Wiegert, R. G. Population energetics of meadow spittlebugs (Philaenus spumarius L.) as affected by migration and habitat. Ecological Monographs 34, 217-241 (1964).",
1746,Metabolism,Insects,Zachariassen 1987,"Zachariassen, K. E., Anderson, J., Maloiy, G. M. O. & Kamau, J. M. Z. Transpiratory water loss and metabolism of beetles from arid areas in East Africa. Comparative Biochemistry and Physiology A 86, 403-408 (1987).",
1747,Metabolism,Insects,Zachariassen 1988,"Zachariassen, K. E., Andersen, J., Kamau, J. M. Z. & Maloiy, G. M. O. Water loss in insects from arid and humid habitats in East Africa. Acta Entomologica Bohemoslovaca 85, 81-93 (1988).",
1748,Metabolism,Macroalgae,Aguilera 1999,"Aguilera J., Karsten U., Lippert H., Vögele B., Philipp E., Hanelt D., Wiencke C. (1999) Effects of solar radiation on growth, photosynthesis and respiration of marine macroalgae from the Arctic. Marine Ecology Progress Series 191: 109-119.",
1749,Metabolism,Macroalgae,Burris 1977,"Burris J.E. (1977) Photosynthesis, photorespiration, and dark Respiration in eight species of algae. Marine Biology 39: 371-379.",
1750,Metabolism,Macroalgae,Chisholm 2000,"Chisholm J.R.M., Marchioretti M., Jaubert J.M. (2000) Effect of low water temperature on metabolism and growth of a subtropical strain of Caulerpa taxifolia (Chlorophyta). Marine Ecology Progress Series 201: 189-198.",
1751,Metabolism,Macroalgae,Davey 1989,Davey M.C. (1989) The effects of freezing and desiccation on photosynthesis and survival of terrestrial Antarctic algae and cyanobacteria. Polar Biology 10: 29-36.,
1752,Metabolism,Macroalgae,Eggert 2000,"Eggert A., Wiencke C. (2000) Adaptation and acclimation of growth and photosynthesis of five Antarctic red algae to low temperatures. Polar Biology 23: 609-618.",
1753,Metabolism,Macroalgae,Gerard 1988,Gerard V.A. (1988) Ecotypic differentiation in fight-related traits of the kelp Laminaria saccharina. Marine Biology 97: 25-36.,
1754,Metabolism,Macroalgae,Graham 1985,"Graham M.T, Kranzfelder J.A., Auer M.T. (1985) Light and temperature as factors regulating seasonal growth and distribution of Ulothrix zonata (Ulvophyceae). Journal of Phycology 21: 228-234.",
1755,Metabolism,Macroalgae,Graham 1987,"Graham M.T., Graham L.E. (1987) Growth and reproduction of Bangia atropurpurea (Roth) C. Ag. (Rhodophyta) from the Laurentian",
1756,Metabolism,Macroalgae,Graham 1996,"Graham J.M., Arancibia-Avila P., Graham L.E. (1996)  Physiological ecology of a species of the filamentous green alga Mougeotia under acidic conditions: Light and temperature effects on photosynthesis and respiration. Limnology and Oceanography 41: 253-262.",
1757,Metabolism,Macroalgae,Karsten 1993,"Karsten U., West J.A., Ganesan E.K. (1993) Comparative physiological ecology of Bostrychia moritziana (Ceramiales, Rhodophyta) from freshwater and marine habitats. Phycologia 32: 401-409.",
1758,Metabolism,Macroalgae,Lapointe 1995,Lapointe B.E. (1995) A comparison of nutrient-limited productivity in Sargassum natans from neritic vs. oceanic waters of the western North Atlantic Ocean. Limnology and Oceanography 40: 625-633.,
1759,Metabolism,Macroalgae,Makarieva 2006,"Makarieva A.M., Gorshkov V.G., Li B.-L., Chown S.L.C. (2006) Mass- and temperature-independence of minimum life-supporting metabolic rates. Functional Ecology 20: 83-96.",
1760,Metabolism,Macroalgae,Menendez 1998,"Menendez M., Sanchez A. (1998) Seasonal variations in P-I responses of Chara hispida L. and Potamogeton pectinatus L. from stream mediterranean ponds. Aquatic Botany 61: 1-15.",
1761,Metabolism,Macroalgae,Necchi 2001,"Necchi O. Jr., Zucchi M.R. (2001) Photosynthetic performance of freshwater Rhodophyta in response to temperature, irradiance, pH and diurnal rhythm. Phycological Research 49: 305-318.",
1762,Metabolism,Macroalgae,Necchi 2004,Necchi O. Jr. (2004) Photosynthetic responses to temperature in tropical lotic macroalgae. Phycological Research 52: 140-148.,
1763,Metabolism,Macroalgae,Necchi 2005,"Necchi O. Jr., Alves A.H.S. (2005) Photosynthetic characteristics of the freshwater red alga Batrachospermum delicatulum (Skuja) Necchi & Entwisle. Acta Botanica Brasilica 19: 125-137.",
1764,Metabolism,Macroalgae,Reiskind 1991,"Reiskind J.B., Bowes G. (1991) The role of phosphoenolpyruvate carboxykinase in a marine macroalga with C4-like photosynthetic characteristics. Proc. Natl. Acad. Sci. USA 88: 2883-2887.",
1765,Metabolism,Macroalgae,Schwarz 2003,"Schwarz A.-M., Hawes I., Andrew N., Norkko A., Cummings V., Thrush S. (2003) Macroalgal photosynthesis near the southern global limit for growth; Cape Evans, Ross Sea, Antarctica. Polar Biology 26: 789-799.",
1766,Metabolism,Macroalgae,Skene 2004,Skene K.R. (2004) Key differences in photosynthetic characteristics of nine species of intertidal macroalgae are related to their position on the shore. Canadian Journal of Botany 82: 177-184.,
1767,Metabolism,Macroalgae,Spencer 1985,"Spencer D.F., Lembi C.A., Graham J.M. (1985) Influence of light and temperature on photosynthesis and respiration by Pithophora oedogonia (Mont.) Wittr. (Chlorophyceae). Aquatic Botany 23: 109-118.",
1768,Metabolism,Macroalgae,Vieira 2003,"Vieira J. Jr., Necchi O. Jr. (2003) Photosynthetic characteristics of charophytes from tropical lotic ecosystems. Phycological Research 51: 51-60.",
1769,Metabolism,Macroalgae,Weykam 1996,"Weykam G., Gómez I., Wiencke C., Iken K., Köser H. (1996) Photosynthetic characteristics and C:N ratios of macroalgae from King George Island (Antarctica). Journal of Experimental Marine Biology and Ecology 204: 1-22.",
1770,Metabolism,Mammals,Anderson  1997,"Anderson, et al. 1997. Physiol. Zool. 70: 464-469. ",
1771,Metabolism,Mammals,Arends  1995,Arends et al. 1995. J. Mammal. 76: 947-956. ,
1772,Metabolism,Mammals,Arends  2001,Arends & McNab. 2001. Comp. Biochem. Physiol. 130A: 105-122. ,
1773,Metabolism,Mammals,Arnold  1970,Arnold & Shield. 1970. J. Zool. Lond. 160: 391-404. ,
1774,Metabolism,Mammals,Bartholomew  1961,Bartholomew & MacMillen. 1961. Physiol. Zool. 34: 177-183. ,
1775,Metabolism,Mammals,Bartholomew  1962,Bartholomew & Hudson. 1962. Physiol. Zool. 35: 94-107. ,
1776,Metabolism,Mammals,Bartholomew  1964,Bartholomew et al. 1964. Physiol. Zool. 37: 179-198. ,
1777,Metabolism,Mammals,Baudinette  1972,Baudinette. 1972. J. Comp. Physiol. 81: 57-72. ,
1778,Metabolism,Mammals,Baudinette  2000,Baudinette et al. 2000. J. Comp. Physiol. B 170: 439-446. ,
1779,Metabolism,Mammals,Bell  1986,Bell et al. 1986. J. Comp. Physiol. B 156: 441-450. ,
1780,Metabolism,Mammals,Benedict  1938,"Benedict. 1938. Vital Energetics. Carnegie Inst. Wash. Publ. No. 505, Washington, D.C. ",
1781,Metabolism,Mammals,Bennett  1993,"Bennett et al. 1993. J. Zool., Lond. 231: 179-186. ",
1782,Metabolism,Mammals,Bennett  1994,Bennett et al. 1994. Oecologia 97: 222-227. ,
1783,Metabolism,Mammals,Bienkowski  1974,Bienkowski & Marszalek. 1974. Acta Theriol. 19: 55-67. ,
1784,Metabolism,Mammals,Bonaccorso  1992,Bonaccorso et al. 1992. J. Mammal. 73: 365-378. ,
1785,Metabolism,Mammals,Bonaccorso  1997,Bonaccorso & McNab. 1997. J. Mammal. 78: 1073-1088. ,
1786,Metabolism,Mammals,Bonaccorso  2003,Bonaccorso & McNab. 2003. J. Comp. Physiol. B 173: 43-53. ,
1787,Metabolism,Mammals,Bowers  1971,Bowers. 1971. Physiol. Zool. 44: 137-148. ,
1788,Metabolism,Mammals,Bozinovic  1985,Bozinovic et al. 1985. Revista Chilena Hist.Nat. 58: 39-45. ,
1789,Metabolism,Mammals,Bozinovic  1988,Bozinovic & Rosenmann. 1988. Comp. Biochem. Physiol. 91A: 195-202. ,
1790,Metabolism,Mammals,Bozinovic  199-,Bozinovic et al. 2005. Revista Chilena Hist. Nat. 78: 199-296. ,
1791,Metabolism,Mammals,Bozinovic  1992,Bozinovic. 1992. J. Mammal. 73: 379-384. ,
1792,Metabolism,Mammals,Bozinovic  2004,Bozinovic et al. 2004. J. Comp. Physiol. B 174: 293-297. ,
1793,Metabolism,Mammals,Bradley  1974,Bradley & Hudson. 1974. Comp. Biochem. Physiol. 48A: 55-60.,
1794,Metabolism,Mammals,Bradley  1975,Bradley & Yousef. 1975. Comp. Biochem. Physiol. 52A: 35-38. ,
1795,Metabolism,Mammals,Bradley  1976,"Bradley. 1976. Ph.D. dissertation, Cornell Univ., Ithaca. ",
1796,Metabolism,Mammals,Bradley 1975, Bradley et al. 1975. Physiol. Zool. 47: 172-179. ,
1797,Metabolism,Mammals,Breyen  1973,Breyen et al. 1973. Comp. Biochem. Physiol. 44A: 543-555.,
1798,Metabolism,Mammals,Brockway  1968,Brockway & Malioy. 1968. J. Physiol. 194: 22P-24P.,
1799,Metabolism,Mammals,Brower  1966,Brower & Cade. 1966. Ecology 47: 46-63.,
1800,Metabolism,Mammals,Brown  1968,"Brown. 1968. Misc. Publ. Mus. Zool., Univ. Michigan ",
1801,Metabolism,Mammals,Brown  1972,Brown & Lasiewski. 1972. Ecology 53: 939-943. ,
1802,Metabolism,Mammals,Brown  1997,Brown et al. 1997. Comp. Biochem. Physiol. 118A: 1285-1290. ,
1803,Metabolism,Mammals,Bruhn  1934,Bruhn. 1934. Am. J. Physiol. 110: 477-484. ,
1804,Metabolism,Mammals,Bruhn  1936,Bruhn & Benedict. 1936. Proc. Am. Acad. Arts & Sci. 71: 259-326. ,
1805,Metabolism,Mammals,Buffenstein  1985,"Buffenstein & Jarvus. 1985. J. Zool., Lond. 205: 107-121. ",
1806,Metabolism,Mammals,Busch  1989,Busch. 1989. Comp. Biochem. Physiol. 93A: 345-347. ,
1807,Metabolism,Mammals,Campbell  1999,Campbell et al. 1999. Comp. Biochem. Physiol. 123A:293-298. ,
1808,Metabolism,Mammals,Campbell  2000,Campbell & Hochachka. 2000. J. Mammal. 81: 578-585. ,
1809,Metabolism,Mammals,Carpenter  1966,Carpenter. 1966. Univ. Calif. Publ. Zool. 78: 1-36. ,
1810,Metabolism,Mammals,Carpenter  1968,Carpenter. 1968. Comp. Biochem. Physiol. 24: 951-964. ,
1811,Metabolism,Mammals,Casey  1979,Casey & Casey. 1979. Physiol. Zool. 52: 153-164. ,
1812,Metabolism,Mammals,Casey  1979,Casey et al. 1979. Comp. Biochem. Physiol. 64A: 331-341. ,
1813,Metabolism,Mammals,Caviedes-Vidal  1987,Caviedes-Vidal et al. 1987. Comp. Biochem. Physiol. 87A: 257-259. ,
1814,Metabolism,Mammals,Chappel  1978,Chappel & Hudson. 1978. Can. J. Zool. 56: 2388-2393. ,
1815,Metabolism,Mammals,Chappel  1994,Chappel & Dawson. 1994. Physiol. Zool. 67: 418-437. ,
1816,Metabolism,Mammals,Chevalier  1987,Chevalier. 1987. Am. Zool. 27: 146A. ,
1817,Metabolism,Mammals,Chevillard-Hugot  1980,Chevillard-Hugot et al. 1980. Comp. Biochem. Physiol. 65: 305-309. ,
1818,Metabolism,Mammals,Chew  1967,Chew et al. 1967. Comp. Biochem. Physiol. 21: 487-505. ,
1819,Metabolism,Mammals,Collins  1973,Collins. 1973a. J. Mammal. 54: 356-368. ,
1820,Metabolism,Mammals,Collins  1973,Collins. 1973b. Comp. Biochem. Physiol. 44A: 1129-1140. ,
1821,Metabolism,Mammals,Collins  1973,Collins & Bradshaw. 1973. Physiol. Zool. 46: 1-21. ,
1822,Metabolism,Mammals,Contreras  1990,"Contreras & McNab. 1990. Pp. 231-250. In: Evolution of Subterranean Mammals at the Organismal and Molecular Levels. (E. Neto & O. Reig, eds.). Wiley-Liss, New York. ",
1823,Metabolism,Mammals,Corte_s  2003,Corte_s et al. 2003. J. therm. Biol. 28: 489-495. ,
1824,Metabolism,Mammals,Cruz-Neto  2001,Cruz-Neto et al. 2001. Zoology 104: 49-58. ,
1825,Metabolism,Mammals,Dalby  1976,Dalby & Heath. 1976. J. therm. Biol. 1: 177-179. ,
1826,Metabolism,Mammals,Daniels  1972,Daniels. J.Mammal. 65: 584-592. Dawson. 1972. Symp. Zool. Soc. Lond. 31: 133-146. ,
1827,Metabolism,Mammals,Dawson  1970,Dawson & Hulbert. 1970. Am. J. Physiol. 218: 1233-1238. ,
1828,Metabolism,Mammals,Dawson  1973,Dawson & Degabriele. 1973. J. Comp. Physiol. 83: 41-50. ,
1829,Metabolism,Mammals,Dawson  1978,Dawson & Bennett. 1978. Physiol. Zool. 51: 114-130. ,
1830,Metabolism,Mammals,Dawson  1978,Dawson & Wolfers. 1978. Comp. Biochem. Physiol. 59A: 305-309.,
1831,Metabolism,Mammals,Dawson  1981,Dawson & Fanning. 1981. Physiol. Zool. 54: 285-296. ,
1832,Metabolism,Mammals,Dawson  1982,Dawson & Dawson. 1982. Comp. Biochem. Physiol. 71A: 59-64. ,
1833,Metabolism,Mammals,Dawson  1988,Dawson & Olson. 1988. Comp. Biochem. Physiol. 89A; 85-91. ,
1834,Metabolism,Mammals,Deavers  1981,Deavers & Hudson. 1981. Physiol. Zool. 54; 94-108. ,
1835,Metabolism,Mammals,Degabriele  1979,Degabriele & Dawson. 1979. J. Comp. Physiol. 134: 293-301.,
1836,Metabolism,Mammals,Dobler  1982,Dobler. 1982. Bonner Zool. Beitr. 33: 33-59.,
1837,Metabolism,Mammals,Downs  1990,Downs & Perrin. 1990. J. therm. Biol. 15: 291-300. ,
1838,Metabolism,Mammals,Downs  1991,Downs et al. 1991. J. therm. Biol. 16: 277-279. ,
1839,Metabolism,Mammals,Downs  1994,Downs & Perrin. 1994. J. therm. Biol. 19: 385-392. ,
1840,Metabolism,Mammals,Downs  1995,Downs & Perrin. 1995a. Comp. Biochem. Physiol. 110A; 65-69. ,
1841,Metabolism,Mammals,Downs  1995,Downs & Perrin. 1995b. J. therm. Biol. 20: 445-450. ,
1842,Metabolism,Mammals,Drozdz  1971,Drozdz et al. 1971. Ann. Zool. Fenn. 8: 97-103. ,
1843,Metabolism,Mammals,Dryden  1974,Dryden et al. 1974. Acta Theriol. 19: 453-461. ,
1844,Metabolism,Mammals,DuPlessis  1989,DuPlessis et al. 1989. Comp. Biochem. Physiol. 94A: 215-220. ,
1845,Metabolism,Mammals,Duxbury  1982,Duxbury & Perrin. 1982. J. therm. Biol. 17: 199-208. ,
1846,Metabolism,Mammals,Ebisu  1976,Ebisu & Whittow. 1976. Comp. Biochem. Physiol. 54A: 309-313. ,
1847,Metabolism,Mammals,Ellison  1995,Ellison. 1995. J. Mammal. 76: 240-247. ,
1848,Metabolism,Mammals,Enger  1957,Enger. 1957. Acta Physiol. Scand. 40: 161-166. ,
1849,Metabolism,Mammals,Farrel  1968,Farrel & Wood. 1968. Can. J. Zool. 46: 41-45. ,
1850,Metabolism,Mammals,Fegusson-Laguna  1981,Fegusson-Laguna. 1981. Acta Cient. Venezolana 32: 100-104. ,
1851,Metabolism,Mammals,Fielden  1990,Fielden et al. 1990. J. Arid Environ. 18: 221-237. ,
1852,Metabolism,Mammals,Fleming  1985,Fleming. 1985a. Aust. Mammal. 8; 79-90. ,
1853,Metabolism,Mammals,Fleming  1985,Fleming. 1985b. Aust. J. Zool. 33: 6667-681. ,
1854,Metabolism,Mammals,Gallivan  1980,Gallivan & Best. 1980. Physiol. Zool. 53: 245-253. ,
1855,Metabolism,Mammals,Gebczynski  1993,Gebczynski & Szuma. 1993. Acta. Theriol. 38: 291-296. ,
1856,Metabolism,Mammals,Geiser  1984,Geiser et al. 1984. Aust. Mammal. 7: 185-191. ,
1857,Metabolism,Mammals,Geiser  1987,Geiser. 1987. Physiol. Zool. 60: 93-102. ,
1858,Metabolism,Mammals,Geiser  1987,Geiser & Baudinette. 1987. J. Comp. Physiol. B 335-344. ,
1859,Metabolism,Mammals,Geiser  1988,Geiser. 1988. Oecologia 77: 395-399. ,
1860,Metabolism,Mammals,Geiser  1988,Geiser & Baudinette. 1988. Aust. J. Zool. 36: 473-481. ,
1861,Metabolism,Mammals,Genoud  1986,Genoud & Bonaccorso. 1986. Physiol. Zool. 59: 49-54. ,
1862,Metabolism,Mammals,Genoud  1987,Genoud et al. 1987. Am. J. Primat. 41: 229-245. ,
1863,Metabolism,Mammals,Genoud  1990,Genoud et al. 1990. Comp. Biochem. Physiol. 97A: 229-234. ,
1864,Metabolism,Mammals,Genoud  1993,Genoud. 1993. Comp. Biochem. Physiol. 104A: 321-331. ,
1865,Metabolism,Mammals,Genoud  1996,"Genoud & Ruedi. 1996. J. Zool., Lond. 240: 309-316. ",
1866,Metabolism,Mammals,Glenn  1970,Glenn. 1970. Comp. Biochem. Physiol. 33: 231-248. ,
1867,Metabolism,Mammals,Golighlty  1983,Golighlty & Ohmart. 1983. J. Mammal. 64: 624-635. ,
1868,Metabolism,Mammals,Golightly  1978,Golightly & Ohmart. 1978. Ecology 59: 897-909. ,
1869,Metabolism,Mammals,Gorecki  1968,Gorecki. 1968. Acta Theriol. 13: 341-365. ,
1870,Metabolism,Mammals,Gorecki  1975,Gorecki & Wolek. 1975. Acta Theriol. 20: 297-300. ,
1871,Metabolism,Mammals,Gorecki  1990,Gorecki et al. 1990. Acta Theriol. 35: 209-214. ,
1872,Metabolism,Mammals,Goyal  1981,Goyal et al. 1981. J. Arid Environ. 4: 59-62. ,
1873,Metabolism,Mammals,Grant  1978,Grant & Dawson. 1978. Physiol. Zool. 51: 315-332. ,
1874,Metabolism,Mammals,Grodzinski  1988,Grodzinski et al. 1988. Acta Theriol. 33: 283-291. ,
1875,Metabolism,Mammals,Gusztak  2005,Gusztak et al. 2005. J. Comp. Physiol. B 175: 87-95. ,
1876,Metabolism,Mammals,Haim  1980,Haim & Fourie. 1980. S. Afr. Zool. 15: 91-94. ,
1877,Metabolism,Mammals,Haim  1981,Haim. 1981. S. Afr. Zool. 16: 67-70. ,
1878,Metabolism,Mammals,Haim  1984,Haim. 1984. Oecologia 61: 49-52. ,
1879,Metabolism,Mammals,Haim  1986,Haim & Borut. 1986. Mammalia 50: 27-33. ,
1880,Metabolism,Mammals,Haim  1986,Haim & Fairall. 1986. Cimbelasia 8: 49-53. ,
1881,Metabolism,Mammals,Haim  1987,Haim. 1987. J. therm. Biol. 12: 45-48. ,
1882,Metabolism,Mammals,Haim  1987,Haim et al. 1987. S. Afr. Zool. 22: 43-49. ,
1883,Metabolism,Mammals,Haim  1990,Haim et al. 1990. Oecologia 83: 197-200. ,
1884,Metabolism,Mammals,Haim  1991,Haim et al. 1991. J. therm. Biol. 16: 13-17. ,
1885,Metabolism,Mammals,Haim  1991,Haim & Skinner. 1991. J. therm. Biol. 16: 145-148. ,
1886,Metabolism,Mammals,Haim  1992,Haim & Harari. 1992. Israel J. Zool. 38: 363-372. ,
1887,Metabolism,Mammals,Haim  1993,Haim & Izhaki. 1993. J. therm.Biol. 18: 71-81. ,
1888,Metabolism,Mammals,Haim  1995,Haim & Izhaki. 1995. J. Arid Environ. 31: 431-440. ,
1889,Metabolism,Mammals,Harlow  1981,Harlow. 1981. Physiol. Zool. 54: 276-284. ,
1890,Metabolism,Mammals,Hart  1965,Hart et al. 1965. Can. J. Zool. 43: 731-744. ,
1891,Metabolism,Mammals,Hayward  1965,Hayward. 1965. Can. J. Zool. 43: 309-323. ,
1892,Metabolism,Mammals,Heath  1986,Heath & Hammell. 1986. Am. J. Physiol. 250: R377-R382. ,
1893,Metabolism,Mammals,Heller  1971,Heller & Gates. 1971. Ecology 52: 424-433. ,
1894,Metabolism,Mammals,Hennemann  1980,Hennemann & Konecny. 1980. J. Mammal. 61: 747-750. ,
1895,Metabolism,Mammals,Hennemann  1983,Hennemann et al. 1983. Physiol. Zool. 56: 319-324. ,
1896,Metabolism,Mammals,Hildwein  1970,Hildwein. 1970. Arch. Sci. Physiol. 24: 55-71. ,
1897,Metabolism,Mammals,Hildwein  1972,Hildwein. 1972. Arch. Sci. Physiol. 26: 387-400. ,
1898,Metabolism,Mammals,Hildwein  1974,Hildwein. 1974. J. Physiol. 69: A258. ,
1899,Metabolism,Mammals,Hill  1971,Hill & Hooper. 1971. J. Mammal. 52; 806-816. ,
1900,Metabolism,Mammals,Hill  1975,Hill. 1975. J. therm. Biol. 1: 109-112. ,
1901,Metabolism,Mammals,Hinds  1973,Hinds. 1973. J. Mammal. 31: 708-728. ,
1902,Metabolism,Mammals,Hinds  1977,Hinds. 1977. Ecology 58: 246-264. ,
1903,Metabolism,Mammals,Hinds  1985,Hinds & MacMillen. 1985. Physiol. Zool. 58: 282-298. ,
1904,Metabolism,Mammals,Hinds  1992,Hinds & Rice-Warner. 1992. Physiol. Zool. 65: 188-214. ,
1905,Metabolism,Mammals,Hinds  1993,Hinds et al. 1993. J. Exp. Biol. 182: 41-56. ,
1906,Metabolism,Mammals,Hooper  1972,Hooper & Hilali. 1972. J. Mammal. 53: 574-593. ,
1907,Metabolism,Mammals,Hosken  1997,Hosken. 1997. Aust. J. Zool. 45: 145-156. ,
1908,Metabolism,Mammals,Hosken  1997,Hosken & Withers. 1997. J. Comp. Physiol. B 167: 71-80. ,
1909,Metabolism,Mammals,Hosken  1999,Hosken & Withers. 1999. J. Mammal. 80: 42-52. ,
1910,Metabolism,Mammals,Hudson  1962,Hudson. 1962. Univ. Calif. Publ. Zool. 64: 1-56. ,
1911,Metabolism,Mammals,Hudson  1965,Hudson. 1965. Physiol. Zool. 38: 243-254. ,
1912,Metabolism,Mammals,Hudson  1966,Hudson & Rummel. 1966. Ecology 47: 345-354. ,
1913,Metabolism,Mammals,Hudson  1972,Hudson et al. 1972. Symp. Zool. Soc. Lond. 31: 191-213.,
1914,Metabolism,Mammals,Hulbert  1974,Hulbert & Dawson. 1974. Comp. Biochem. Physiol. 47A: 583-590. ,
1915,Metabolism,Mammals,Iversen  1972,Iversen. 1972. J. Comp. Physiol. 81: 341-344. ,
1916,Metabolism,Mammals,Jansky  1959,Jansky. 1959. Physiol. Bohemoslov. 8: 472-478. ,
1917,Metabolism,Mammals,Jones  1976,Jones & Wang. 1976. J. Comp. Physiol. 105: 219-231. ,
1918,Metabolism,Mammals,Jordan  1989,"Jordan. 1989. Ph. D. Dissertation, Univ. Florida. ",
1919,Metabolism,Mammals,Kalin  2003,Kalin et al. 2003. Comp. Biochem. Physiol. 135A; 279-290. ,
1920,Metabolism,Mammals,Kamau  1979,Kamau et al. 1979. Physiol. Zool. 52: 594-602. ,
1921,Metabolism,Mammals,Kamau  1988,Kamau. 1988. Comp. Biochem. Physiol. 89A: 567-574. ,
1922,Metabolism,Mammals,Kanwisher  1965,Kanwisher & Sundnes. 1965. Hval. Skrifter 48: 45-53. ,
1923,Metabolism,Mammals,Kenagy  1982,"Kenagy & Vleck. 1982. Pp. 322-338. In: Vertebrate Circulaion Systems (J. Aschoff, S. Daan, & G. Gross, eds.). Springer, Heidelberg. ",
1924,Metabolism,Mammals,Kennear  1975,Kennear & Shield. 1975. Comp. Biochem. Physiol. 52A: 235-245. ,
1925,Metabolism,Mammals,Klir  1992,Klir & Heath. 1992. Comp. Biochem. Physiol. 101A: 705-707. ,
1926,Metabolism,Mammals,Knight  1981,Knight & Skinner. 1981. J. Arid. Environ. 4: 137-145. ,
1927,Metabolism,Mammals,Knight  1988,Knight. 1988. Comp. Biochem. Physiol. 89A: 705-708. ,
1928,Metabolism,Mammals,Knutsen  1990,Knutsen & Kigore. 1990. Comp. Biochem. Physiol. 97A: 27-33. ,
1929,Metabolism,Mammals,Kohl  1980,Kohl. 1980. Zool. Jb. Physiol. 84: 472-501. ,
1930,Metabolism,Mammals,Korhonen  1983,Korhonen et al. 1983. Comp. Biochem. Physiol. 74A: 225-230. ,
1931,Metabolism,Mammals,Krog  1954,Krog & Monson. 1954. Am. J. Physiol. 178: 515-516. ,
1932,Metabolism,Mammals,Król  1994,Król. 1994. J. Comp. Physiol. B 164: 503-507. ,
1933,Metabolism,Mammals,Kurta  1991,Kurta & Ferkin. 1991. Oecologia 87: 102-105. ,
1934,Metabolism,Mammals,Kuyper  1979,"Kuyper. 1979. Master’s Thesis. Univ. Natal, Durban, S. Africa. ",
1935,Metabolism,Mammals,Layne  1975,Layne & Dolan. 1975. Comp. Biochem. Physiol. 52A: 153-163. ,
1936,Metabolism,Mammals,Lee  1963,Lee. 1963. Univ. Calif. Puble. Zool. 64: 57-96. ,
1937,Metabolism,Mammals,Leitner  1966,Leitner. 1966. Comp. Biochem. Physiol. 19: 432-443. ,
1938,Metabolism,Mammals,LeMaho  1981,LeMaho et al. 1981. Am. J. Physiol. 240: R156-R165. ,
1939,Metabolism,Mammals,Leon  1983,Leon et al. 1983. Comp. Biochem. Physiol. 74A: 399-407. ,
1940,Metabolism,Mammals,Lindstedt  1980,Lindstedt. 1980. Physiol. Zool. 53: 82-97. ,
1941,Metabolism,Mammals,Lovegrove  1986,Lovegrove. 1986a. Oecologia 69: 551-555. ,
1942,Metabolism,Mammals,Lovegrove  1986,Lovegrove. 1986b. S. Afr. J. Zool. 21: 283-288. ,
1943,Metabolism,Mammals,Lovegrove  1987,Lovegrove. 1987. Physiol. Zool. 60: 174-180. ,
1944,Metabolism,Mammals,Lovegrove  1991,Lovegrove et al. 1991. J. therm. Biol. 16: 199-209. ,
1945,Metabolism,Mammals,Lovegrove  2001,Lovegrove et al. 2001. J. Comp. Physiol. B 171: 1-10. ,
1946,Metabolism,Mammals,MacArthur  1973,MacArthur & Wang. 1973. Can. J. Zool. 51: 11-16. ,
1947,Metabolism,Mammals,MacArthur  1989,MacArthur. 1989. Can. J. Zool. 67: 651-657. ,
1948,Metabolism,Mammals,MacMillen  1969,MacMillen & Nelson. 1969. Am. J. Physiol. 217: 146-1251. ,
1949,Metabolism,Mammals,MacMillen  1970,MacMillen & Leee. 1970. Comp. Biochem. Physiol. 35: 355-369. ,
1950,Metabolism,Mammals,MacMillen  1972,MacMillen et al. 1972. J. Mammal. 53: 529-539. ,
1951,Metabolism,Mammals,Marquet  1993,Marquet et al. 1993. J. Mammal. 74: 136-140. ,
1952,Metabolism,Mammals,Mathias  2003,Mathias et al. 2003. Comp. Biochem. Physiol. 136A; 441-446. ,
1953,Metabolism,Mammals,Mazen  1980,Mazen & Rudd. 1980. J. Mammal. 61: 573-574. ,
1954,Metabolism,Mammals,McCormick  1981,McCormick. 1981. Comp. Biochem. Physiol. 68A: 605-610. ,
1955,Metabolism,Mammals,McDevitt  1996,McDevitt & Speakman. 1996. J. Comp. Physiol. B 166: 286-293. ,
1956,Metabolism,Mammals,McEwan  1970,McEwan. 1970. Can. J. Zool. 48: 391-392. ,
1957,Metabolism,Mammals,McNab  1963,McNab & Morrison. 1963. Ecol. Monogr.33: 63-82. ,
1958,Metabolism,Mammals,McNab  1978,McNab. 1978a. J. Comp. Physiol. 125: 115-128. ,
1959,Metabolism,Mammals,McNab  1978,"McNab. 1978b. Pp. 153-162. In: The Ecology of Arboreal Folivores (G.G. Montgomery, eds.). Smithson. Inst. Publ., Washington, D.C. ",
1960,Metabolism,Mammals,McNab  1979,"McNab, 1979a. Comp. Biochem. Physiol. 62A: 813-820. ",
1961,Metabolism,Mammals,McNab  1979,"McNab, 1979b. Ecology 60: 1010-1021. ",
1962,Metabolism,Mammals,McNab  1980,McNab. 1980. J. Mammal. 61: 606-627. ,
1963,Metabolism,Mammals,McNab  1984,"McNab. 1984. J. Zool., Lond. 203: 485-510. ",
1964,Metabolism,Mammals,McNab  1987,McNab & Wright. 1987. Physiol. Zool. 60: 596-600. ,
1965,Metabolism,Mammals,McNab  1988,McNab. 1988. Physiol. Zool. 61: 280-292. ,
1966,Metabolism,Mammals,McNab  1989,McNab. 1989. J. Mammal. 70: 153-161. ,
1967,Metabolism,Mammals,McNab  1991,"McNab. 1991. Pp. 35-45. In: The Biology of the Soricidae (J.S. Findley & T.L. Yates, eds.). Mus. Southwest. Biol., Univ. New Mexico, Albuquerque. ",
1968,Metabolism,Mammals,McNab  1992,McNab. 1992a. J. Mammal. 73: 168-172. ,
1969,Metabolism,Mammals,McNab  1992,"McNab. 1992b. J. Zool., Lond. 227: 585-606. ",
1970,Metabolism,Mammals,McNab  1995,"McNab. 1995. J. Mammal. 76: 206-222, ",
1971,Metabolism,Mammals,McNab  2000,McNab. 2000. Can. J. Zool. 78: 2227-2239. ,
1972,Metabolism,Mammals,McNab  2001,McNab & Armstrong. 2001. J. Mammal. 82: 709-720. ,
1973,Metabolism,Mammals,McNab  2002,McNab & Bonaccorso. 2002. J. Comp. Physiol. B 171: 201-214. ,
1974,Metabolism,Mammals,Morrison  1959,Morrison et al. 1959. Physiol. Zool. 32: 256-271. ,
1975,Metabolism,Mammals,Morrison  1962,Morrison & McNab. 1962. Comp. Biochem. Physiol. 6: 57-68. ,
1976,Metabolism,Mammals,Morrison  1962,Morrison & Ryser. 1962. J. Cell. Comp. Physiol. 60: 169-180. ,
1977,Metabolism,Mammals,Morrison  1974,Morrison et al. 1974. Physiol. Zool. 47: 218-229. ,
1978,Metabolism,Mammals,Morton  1978,Morton & Lee. 1978. J. therm. Biol. 3: 117-120. ,
1979,Metabolism,Mammals,Mugas  1993,Mugas et al. 1993. Smithson. Contr. Zool. 542: 1-34. ,
1980,Metabolism,Mammals,Müller  1977,Müller & Kulzer. 1977. Arch. Intern. Physiol. Biochem. 86: 153-163. ,
1981,Metabolism,Mammals,Müller  1979,Müller. 1979. Comp. Biochem. Physiol. 64A: 109-119. ,
1982,Metabolism,Mammals,Müller  1979,Müller et al. 1979. J. Comp. Physiol. B 13: 187-191. ,
1983,Metabolism,Mammals,Müller  1980,Müller & Jaksche. 1980. Z. Säugetierk. 45: 269-278. ,
1984,Metabolism,Mammals,Müller  1983,Müller et al. 1983. Comp. Biochem. Physiol. 74A; 319-322. ,
1985,Metabolism,Mammals,Müller  1985,Müller. 1985. Z. Säugetierk. 50: 337-347. ,
1986,Metabolism,Mammals,Müller  1985,Müller et al. 1985. Folia Primat. 44: 216-226. ,
1987,Metabolism,Mammals,Müller  1986,Müller Lojewski. 1986. Comp. Biochem. Physiol. 83A: 217-224. ,
1988,Metabolism,Mammals,Müller  1988,Müller & Soppa. 1988. Z. Säugetierk. 53: 341-348. ,
1989,Metabolism,Mammals,Musser  1965,"Musser & Shoemaker. 1965. Occas. Papers Mus. Zool., Univ. Michigan, 643-1-15, ",
1990,Metabolism,Mammals,Nevo  1974,Nevo & Shkolnik. 1974. Experientia 30: 724-726. ,
1991,Metabolism,Mammals,Nicol  1976,Nicol. 1976. J. Exp. Biol. 205:2697-2703. ,
1992,Metabolism,Mammals,Nilssen  1994,Nilssen et al. 1994. Rangifer 14: 79-81.,
1993,Metabolism,Mammals,Noll  1979,Noll. 1979. Comp. Biochem. Physiol. 63A: 79-88. ,
1994,Metabolism,Mammals,Noll-Banholzer  1979,Noll-Banholzer. 1979. Comp. Biochem. Physiol. 62A: 585-592. ,
1995,Metabolism,Mammals,Okarma  1987,Okarma & Koteja. 1987. J. Wildl. Manage. 51: 800-801. ,
1996,Metabolism,Mammals,Ostrowski  2006,Ostrowski et al. 2006. Physiol. Biochem. Zool. 79: 810-819. ,
1997,Metabolism,Mammals,Palacio  1977,"Palacio. 1977. Master’s Thesis, Univ. Florida, Gainesville. ",
1998,Metabolism,Mammals,Pauls  1981,Pauls. 1981. J. therm. Biol. 6: 79-86. ,
1999,Metabolism,Mammals,Pearson  1962,Pearson. 1962. Ann. Zool. Soc. Vanamo. 24: 1-58. ,
2000,Metabolism,Mammals,Perrin  1994,Perrin & Downs. 1994. Israel J. Zool. 40: 151-160. ,
2001,Metabolism,Mammals,Perrin  1999,Perrin & Ridgard. 1999. Trop. Zool. 12: 253-266. ,
2002,Metabolism,Mammals,Petry  1986,Petry et al. 1986. J. An. Physiol. An. Nut. 55: 214-224. ,
2003,Metabolism,Mammals,Platt  1974,Platt. 1974. Physiol. Zool. 47: 75-90. ,
2004,Metabolism,Mammals,Pyörnilä  1992,Pyörnilä et al. 1992. Can. J. Zool. 70: 1325-1330. ,
2005,Metabolism,Mammals,Reinking  1977,Reinking et al. 1977. Comp. Biochem. Physiol. 57A: 161-165. ,
2006,Metabolism,Mammals,Renecker  1986,Renecker & Hudson. 1986. Can. J. Zool. 64: 322-327. ,
2007,Metabolism,Mammals,Rezende  2001,Rezende et al. 2001. J. therm. Biol. 26: 103-108. ,
2008,Metabolism,Mammals,Richard  1987,Richard & Nicol. 1987. Am. J. Physiol. 12: 309-314. ,
2009,Metabolism,Mammals,Richter  1997,Richter et al. 1997. Funct. Ecol. 11: 240-246. ,
2010,Metabolism,Mammals,Rodriques-Duran  1995,Rodriques-Duran. 1995. Comp. Biochem. Physiol. 110A: 347-355. ,
2011,Metabolism,Mammals,Rogowitz  1990,Rogowitz. 1990. J. Mammal. 71: 277-285. ,
2012,Metabolism,Mammals,Rosenmann  1974,Rosenmann & Morrison. 1974. Am. J. Physiol. 226: 490-495. ,
2013,Metabolism,Mammals,Rosenmann  1975,Rosenmann et al. 1975. Physiol. Zool. 48: 303-310. ,
2014,Metabolism,Mammals,Roxburgh  1994,Roxburgh & Perrin. 1994. J. therm. Biol. 19: 13-20. ,
2015,Metabolism,Mammals,Rübsamen  1979,Rübsamen et al. 1979. J. Comp. Physiol. B 131: 303-309. ,
2016,Metabolism,Mammals,Rübsamen  1983,Rübsamen et al. 1983. J. Comp. Physiol. B 153: 175-179. ,
2017,Metabolism,Mammals,Rübsamen  1984,Rübsamen et al. 1984. J. Comp. Physiol. B 154: 105-111. ,
2018,Metabolism,Mammals,Saarela  1993,Saarela & Hissa. 1993. J. Comp. Physiol. B 163: 546-555. ,
2019,Metabolism,Mammals,Scheck  1982,Scheck. 1982. Ecology 63: 361-369. ,
2020,Metabolism,Mammals,Schmidt-Nielsen  1967,Schmidt-Nielsen et al. 1967. Am. J. Physiol. 212: 341-346. ,
2021,Metabolism,Mammals,Scholander  1950,Scholander et al. 1950. Biol. Bull. 99: 2237-258. ,
2022,Metabolism,Mammals,Segal  1978,Segal. 1978. Zool. Jarb. 62: 1878-1883. ,
2023,Metabolism,Mammals,Shkolnik  1969,Shkolnik & Borut. 1969. J. Mammal. 50: 245-255. ,
2024,Metabolism,Mammals,Shkolnik  1976,Shkolnik & Schmidt-Nielsen. 1976. Physiol. Zool. 49: 56-64. ,
2025,Metabolism,Mammals,Silva  2004,Silva et al. 2004. Comp. Biochem. Physiol. 137A: 33-38. ,
2026,Metabolism,Mammals,Silver  1969,Silver et al. 1969. J. Wildl. Manage. 33: 490-498. ,
2027,Metabolism,Mammals,Smith  1982,Smith et al. 1982. Aust. J. Zool. 30: 737-749. ,
2028,Metabolism,Mammals,Soriano  2002,Soriano et al. 2002. J. Mammal. 83; 445-457. ,
2029,Metabolism,Mammals,Sparti  1989,Sparti & Genoud. 1989. Comp. Biochem. Physiol. 92A: 359-363. ,
2030,Metabolism,Mammals,Sparti  1990,Sparti. 1990. Comp. Biochem. Physiol. 97A: 391-397. ,
2031,Metabolism,Mammals,Stapp  1992,Stapp. 1992. J. Mammal. 73: 914-920. ,
2032,Metabolism,Mammals,Stephanson  1993,Stephanson & Racey. 1993a. Physiol. Zool. 66: 643-663. ,
2033,Metabolism,Mammals,Stephanson  1993,Stephanson & Racey. 1993b. Physiol. Zool. 66: 664-685. ,
2034,Metabolism,Mammals,Stephanson  1994,Stephanson. 1994a. Acta Theriol. 39: 89-92. ,
2035,Metabolism,Mammals,Stephanson  1994,Stephanson. 1994b. Mammalia 58: 312-315. ,
2036,Metabolism,Mammals,Stephanson  1994,"Stephanson & Recey. 1994. J. Zool., Lond. 232: 285-294. ",
2037,Metabolism,Mammals,Taylor  1967,Taylor & Lyman. 1967. Physiol. Zool. 40: 280-295. ,
2038,Metabolism,Mammals,Taylor  1969,Taylor et al. 1969a. Am. J. Physiol. 217: 630-634.,
2039,Metabolism,Mammals,Taylor  1969,Taylor et al. 1969b. Am. J. Physiol. 217: 907-910. ,
2040,Metabolism,Mammals,Taylor  1969,Taylor & Sale. 1969. Comp. Biochem. Physiol. 31: 903-907. ,
2041,Metabolism,Mammals,Tegowska  1975,Tegowska & Gebczynski. 1975. Acta Theriol. 20: 227-235. ,
2042,Metabolism,Mammals,Thompson  1985,Thompson. 1985. Physiol. Zool. 58: 430-444. ,
2043,Metabolism,Mammals,Thompson  1988,Thompson. 1988. Physiol. Zool. 61: 450-460. ,
2044,Metabolism,Mammals,Thompson  1994,Thompson et al. 1994. Folia Primat. 63: 131-143. ,
2045,Metabolism,Mammals,Tirado  2007,Tirado et al. 2007. J. therm. Biol. 32: 220-226. ,
2046,Metabolism,Mammals,Tucker  1965,Tucker. 1965. J. Cell. Comp. Physiol. 65: 393-404. ,
2047,Metabolism,Mammals,Viljoen  1985,Viljoen. 1985. S. Afr. J. Zool. 20: 28-32. ,
2048,Metabolism,Mammals,Vleck  1979,Vleck. 1979. Physiol. Zool. 52: 122-125. ,
2049,Metabolism,Mammals,Wallis  1992,Wallis & Farrell. 1992. J. Comp. Physiol. 162: 478-487. ,
2050,Metabolism,Mammals,Wang  1970,Wang & Hudson. 1970. Comp. Biochem. Physiol. 32: 275-293. ,
2051,Metabolism,Mammals,Wang  1971,Wang & Hudson. 1971. Comp. Biochem. Physiol. 38A: 59-90. ,
2052,Metabolism,Mammals,Wang  1973,Wang et al. 1973. Can. J. Zool. 51:841-846. ,
2053,Metabolism,Mammals,Wang  1999,Wang et al. 1999. J. Comp. Physiol. B169:77-83 ,
2054,Metabolism,Mammals,Wang  1999,Wang et al. 1999. J. Comp. Physiol. B 169: 77-83. ,
2055,Metabolism,Mammals,Watts  1987,Watts et al. 1987. Physiol. Zool. 60: 687-691. ,
2056,Metabolism,Mammals,Watts  1988,Watts & Cuyler. 1988. Acta Physiol. Scand. 134: 149-152. ,
2057,Metabolism,Mammals,Watts  1988,Watts & Jonkel. 1988. J. Wildl. Manage. 52: 654-658. ,
2058,Metabolism,Mammals,Webb  1995,Webb & Skinner. 1995. Z. Säugetierk. 60: 251-254. ,
2059,Metabolism,Mammals,Weigold  1979,Weigold. 1979. Z. Säugetierk. 44: 343-353. ,
2060,Metabolism,Mammals,Weiner  1977,Weiner. 1977. Acta Theriol. 22: 3-24. ,
2061,Metabolism,Mammals,Weiner  1981,Weiner & Gorecki. 1981. J. Comp. Physiol. 145: 127-132. ,
2062,Metabolism,Mammals,Weiner  1987,Weiner & Heldmaier. 1987. Comp. Biochem. Physiol. 86A: 639-642. ,
2063,Metabolism,Mammals,Wells  1978,Wells. 1978. Aust. J. Zool. 26: 639-651. ,
2064,Metabolism,Mammals,Wesley  1973,Wesley et al. 1973. J. Wildl. Manage. 37: 563-573. ,
2065,Metabolism,Mammals,Whitford  1971,Whitford & Conley. 1971. Comp. Biochem. Physiol. 40A: 797-803. ,
2066,Metabolism,Mammals,Whittow  1976,Whittow & Gould. 1976. J. Mammal. 57: 754-756. ,
2067,Metabolism,Mammals,Whittow  1977,Whittow et al. 1977a. Comp. Biochem. Physiol. 56A:23-26. ,
2068,Metabolism,Mammals,Whittow  1977,Whittow et al. 1977b. J. Mammal. 58: 283-235. ,
2069,Metabolism,Mammals,Williams  2001,"Williams, J.B. et al. 2001. J. Exp. Biol. 204: 2301-2311. ",
2070,Metabolism,Mammals,Williams  2001,"Williams, T.M., et al. 2001. Comp. Biochem. Physiol. 129A: 785-796. ",
2071,Metabolism,Mammals,Williams  2002,"Williams, J.B. et al. 2002. Physiol. Biochem. Zool. 75: 479-488. ",
2072,Metabolism,Mammals,Williams  2004,"Williams, J.B. et al. 2004. J. Comp. Physiol. B 174: 29-39. ",
2073,Metabolism,Mammals,Withers  1978,Withers. 1978. S. Afr. J. Zool. 74: 347-348. ,
2074,Metabolism,Mammals,Withers  1990,Withers et al. 1990. Aust. J. Zool. 37: 685-693. ,
2075,Metabolism,Mammals,Withers  1992,Withers. 1992. Aust. J. Zool. 40: 523-531. ,
2076,Metabolism,Mammals,Withers  2000,Withers et al. 2000. Aust. J. Zool. 48: 241-258. ,
2077,Metabolism,Mammals,Worthen  1981,Worthen & Kilgore. 1981. J. Mammal. 62: 624-628. ,
2078,Metabolism,Mammals,Wunder  1970,Wunder. 1970. Comp. Biochem. Physiol. 33: 385-403. ,
2079,Metabolism,Mammals,Wunder  1977,Wunder et al. 1977. Oecologia 29: 11-26. ,
2080,Metabolism,Mammals,Youseff  ,Youseff et al. Physiol. Zool. 47: 153-162. ,
2081,Metabolism,Mammals,Zervanos  1975,Zervanos. 1975. Comp. Biochem. Physiol. 50A: 365-371.,
2082,Metabolism,Microalgae,APHA 1992,"APHA (American Public Health Association, American Water Works Association and Water Pollution Control Federation) (1992) Standard Methods for the Examination of Water and Wastewater. 18th ed. Washington D.C. ",
2083,Metabolism,Microalgae,Berman-Frank 1996,"Berman-Frank I., Erezl J. (1996) Inorganic carbon pools in the bloom-forming dinoflagellate Peridinium gatunense. Limnology and Oceanography 41: 1780-1789.",
2084,Metabolism,Microalgae,Blasco 1982,"Blasco D., Packard T.T., Garfield P.C. (1982) Size-dependence of growth rate, respiratory electron transport system activity and chemical composition in marine diatoms in the laboratory. Journal of Phycology 18: 58-63.",
2085,Metabolism,Microalgae,Bratbak 1984,"Bratbak G., Dundas I. (1984) Bacterial dry matter content and biomass estimations. Applied and Environmental Microbiology 48: 755-757. ",
2086,Metabolism,Microalgae,Choo 2002,"Choo K.-s., Snoeijs P., Pedersén M. (2002) Uptake of inorganic carbon by Cladophora glomerata (Chlorophyta) from the Baltic Sea. Journal of Phycology 38: 493-502. ",
2087,Metabolism,Microalgae,Coleman 1980,"Coleman J.R., Colman B. (1980) Effect of oxygen and temperature on the efficiency of photosynthetic carbon assimilation in two microscopic algae. Plant Physiology 65: 980-983.",
2088,Metabolism,Microalgae,Cook 1966,Cook J.R. (1966) Adaptations to temperature in two closely related strains of Euglena gracilis. Biological Bulletin 131: 83-93.,
2089,Metabolism,Microalgae,Coombs 1967,"Coombs J., Darley W.M., Holm-Hansen O., Volcani B.E. (1967a) Studies on the biochemistry and fine structure of silica shell formation in diatoms. Chemical composition of Navicula pelliculosa during silicon-starvation synchrony. Plant Physiology 42: 1601-1606.",
2090,Metabolism,Microalgae,Coombs 1967,"Coombs J., Spanis C., Volcani B.E. (1967b) Studies on the biochemistry and fine structure of silica shell formation in diatoms. Photosynthesis and respiration in silicon-starvation synchrony of Navicula pelliculosa. Plant Physiology 42: 1607-1611.",
2091,Metabolism,Microalgae,Cózar 2005,"Cózar A., Echevarría F. (2005) Size structure of the planktonic community in microcosms with different levels of turbulence. Scientia Marina 69: 187-197.",
2092,Metabolism,Microalgae,Crawford 1996,"Crawford D.W., Stoecker D.K. (1996) Carbon content, dark respiration and mortality of the mixotrophic planktonic ciliate Strombidium capitatum. Marine Biology 126: 415-422.",
2093,Metabolism,Microalgae,Davey 1989,Davey M.C. (1989) The effects of freezing and desiccation on photosynthesis and survival of terrestrial Antarctic algae and cyanobacteria. Polar Biology 10: 29-36.,
2094,Metabolism,Microalgae,Falkowski 1980,"Falkowski P.G., Owens T.G. (1980) Light-shade adaptation. Two strategies in marine phytoplankton. Plant Physiology 66: 592-595.",
2095,Metabolism,Microalgae,Falkowski 1985,"Falkowski P.G., Dubinsky Z., Wyman K. (1985) Growth-irradiance relationships in phytoplankton. Limnology and Oceanography 30: 311-321.",
2096,Metabolism,Microalgae,Fenchel 1983,"Fenchel T.B., Finlay J. (1983) Respiration rates in heterotrophic, free-living protozoa. Microbial Ecology 9: 99-122.",
2097,Metabolism,Microalgae,Fietz 2002,"Fietz S., Nicklisch A. (2002) Acclimation of the diatom Stephanodiscus neoastraea and the cyanobacterium Planktothrix agardhii to simulated natural light fluctuations. Photosynthesis Research 72: 95-106.",
2098,Metabolism,Microalgae,Flameling 1998,"Flameling I.A., Kromkamp J. (1998) Light dependence of quantum yields for PSII charge separation and oxygen evolution in eucaryotic algae. Limnology and Oceanography 43: 284-297.",
2099,Metabolism,Microalgae,Geider 1989,"Geider R.J., Osborne B.A. (1989) Respiration and microalgal growth: a review of the quantitative relationship between dark respiration and growth. New Phytologist 112: 327-394.",
2100,Metabolism,Microalgae,Gest 1948,"Gest H., Kamen M.D. (1948) Studies on the phosphorus metabolism of green algae and purple bacteria in relation to photosynthesis. Journal of Biological Chemistry 176: 299-318.",
2101,Metabolism,Microalgae,Gilstad 1993,"Gilstad M., Johnsen G., Sakshaug E. (1993) Photosynthetic parameters, pigment composition and respiration rates of the marine diatom Skeletonema costatum grown in continuous light and a 12:12 h light-dark cycle. Journal of Plankton Research 15: 939-951.",
2102,Metabolism,Microalgae,Glover 1987,"Glover H.E., Keller M.D., Spinrad R.W. (1987) The effects of light quality and intensity on photosynthesis and growth of marine eucaryotic and procaryotic phytoplankton clones. Journal of Experimental Marine Biology and Ecology 105: 137-l 59.",
2103,Metabolism,Microalgae,Goulet 2005,"Goulet T.L., Cook C.B., Goulet D. (2005) Effect of short-term exposure to elevated temperatures and light levels on photosynthesis of different host–symbiont combinations in the Aiptasia pallida/Symbiodinium symbiosis. Limnology and Oceanography 50: 1490-1498.",
2104,Metabolism,Microalgae,Graham 1985,"Graham M.T, Kranzfelder J.A., Auer M.T. (1985) Light and temperature as factors regulating seasonal growth and distribution of Ulothrix zonata (Ulvophyceae). Journal of Phycology 21: 228-234.",
2105,Metabolism,Microalgae,Graham 1987,"Graham M.T., Graham L.E. (1987) Growth and reproduction of Bangia atropurpurea (Roth) C. Ag. (Rhodophyta) from the Laurentian",
2106,Metabolism,Microalgae,Great Lakes ,Great Lakes. Aquatic Botany 28: 317-331.,
2107,Metabolism,Microalgae,Greene 1991,"Greene R.M., Geider R.J., Falkowski P.G. (1991) Effect of iron limitation on photosynthesis in a marine diatom. Limnology and Oceanography 36: 1772-1782.",
2108,Metabolism,Microalgae,Hall 1998,"Hall J.A., Golding L.A. (1998) Standard methods for whole effluent toxicity testing: development and application. Report no. MFE80205. NIWA report for the Ministry for the Environment, Wellington, New Zealand. Appendix 4. Freshwater algae (Selenastrum tricornutum).",
2109,Metabolism,Microalgae,Hammouda 1994,"Hammouda O.H.E., El-Sheekh M.M. (1994) Response of fresh water phytoplanktonic algae Chlorella kessleri and Synechocystis PCC 6803 to anthelmintic activity of the wild Egyptian plant Calendula micrantha officinalis. Archives of Environmental Contamination and Toxicology 27: 406-409.",
2110,Metabolism,Microalgae,Healey 1979,Healey F.P. (1979) Short-term responses of nutrient-deficient algae to nutrient addition. Journal of Phycology 15: 289-299.,
2111,Metabolism,Microalgae,Herzig 1989,"Herzig R., Falkowski P.G. (1989) Nitrogen limitation in Isochrysis galbana (Haptophyceae). 1. Photosynthetic energy conversion and growth efficiencies. Journal of Phycology 25: 462-471.",
2112,Metabolism,Microalgae,Hirose 1977,"Hirose H., Yamagishi T. (eds.) (1977) Illustrations of the Japanese Freshwater Algae. Uchidarokakuho-shinsha, Tokyo. http://protist.i.hosei.ac.jp",
2113,Metabolism,Microalgae,Hochachka 1964,"Hochachka P.W., Teal J.M. (1964) Respiratory metabolism in a marine dinoflagellate. Biological Bulletin 126: 274-281.",
2114,Metabolism,Microalgae,Johnson 1996,"Johnson M., Shivkumar S., Berlowitz-Tarrant L. (1996) Structure and properties of filamentous green algae. Materials science and engineering B, Solid-state materials for advanced technology 38: 103-108.",
2115,Metabolism,Microalgae,Kishler 1970,"Kishler J., Taft C.E. (1970) Bangia atropurpuraea (Roth) A. in Western Lake Erie. The Ohio Journal of Science 70: 56-57.",
2116,Metabolism,Microalgae,Kratz 1955,"Kratz W.A., Myers J. (1955) Photosynthesis and respiration of three blue-green algae. Plant Physiology 30: 275-280.",
2117,Metabolism,Microalgae,Krienitz 2004,"Krienitz L., Hegewald E.H., Hepperle D., Huss V.A.R., Rohr T., Wolf M. (2004) Phylogenetic relationship of Chlorella and Parachlorella gen. nov. (Chlorophyta, Trebouxiophyceae). Phycologia 43: 529-542.",
2118,Metabolism,Microalgae,Langdon 1987,"Langdon C. (1987) On the causes of interspecific differences in the growth-irradiance relationship for phytoplankton. Part I. A comparative study of the growth-irradiance relationship of three marine phytoplankton species: Skeletonema costatum, Olisthodiscus luteus and Gonyaulax tamarensis. Journal of Plankton Research 9: 459-482.",
2119,Metabolism,Microalgae,Laws 1976,"Laws E.A., Caperon J. (1976) Carbon and nitrogen metabolism by Monochrysis lutheri: measurement of growth rate dependent respiration rates. Marine Biology 36: 85-97.",
2120,Metabolism,Microalgae,Laws 1978,"Laws E.A, Wong C.L. (1978) Studies of carbon and nitrogen metabolism by three marine phytoplankton species in nitrate-limited continuous culture. Journal of Phycology 14: 406-416. ",
2121,Metabolism,Microalgae,Lee 2001,"Lee K., Lee C.-G. (2001) Effect of light/dark cycles on wastewater treatments by microalgae. Biotechnology and Bioprocess Engineering 6: 194-199.",
2122,Metabolism,Microalgae,Liska 2004,"Liska A.J., Shevchenko A., Pick U., Katz A. (2004) Enhanced photosynthesis and redox energy production contribute to salinity tolerance in Dunaliella as revealed by homology-based proteomics. Plant Physiology 136: 2806-2817.",
2123,Metabolism,Microalgae,Margalef 1954,Margalef R. (1954) Modifications induced by different temperatures on the cells of Scenedesmus obliquus (Chlorophyceae). Hydrobiologia 6: 83-94.,
2124,Metabolism,Microalgae,Mironyuk 1968,"Mironyuk V.I., Einor L.O. (1968) Oxygen metabolism and pigment content in different forms of Dunaliella salina Teod. at increased NaCl concentration. Gidrobiologicheskii Zhurnal Hydrobiological Journal 4: 23-29.",
2125,Metabolism,Microalgae,Myers 1971,"Myers J., Graham J.-R. (1971) The photosynthetic unit in Chlorella measured by repetitive short flashes. Plant Physiology 48: 282-286.",
2126,Metabolism,Microalgae,Necchi 2004,Necchi O. (2004) Photosynthetic responses to temperature in tropical lotic macroalgae. Phycological Research 52: 140-148.,
2127,Metabolism,Microalgae,Nielsen 1997,"Nielsen M.V. (1997) Growth, dark respiration and photosynthetic parameters of the coccolithophorid Emiliania huxleyi (Prymnesiophyceae) acclimated to different length-irradiance combinations. Journal of Phycology 33: 818-822.",
2128,Metabolism,Microalgae,Olenina 2006,"Olenina I., Hajdu S., Edler L., Andersson A., Wasmund N., Busch S., Göbel J., Gromisz S., Huseby S., Huttunen M., Jaanus A., Kokkonen P., Ledaine I., Niemkiewicz E. (2006) Biovolumes and size-classes of phytoplankton in the Baltic Sea. Helsinki Commission, Baltic Marine Environment Protection Commission, Baltic Sea Environment Proceedings No. 106, 144 pp.",
2129,Metabolism,Microalgae,Otte 1999,"Otte S., Kuenen J.G., Nielsen L.P., Paerl H.W., Zopfi J., Schulz H.N., Teske A., Strotmann B., Gallardo V.A., Jørgensen B.B. (1999) Nitrogen, carbon, and sulfur metabolism in natural Thioploca samples. Applied and Environmental Microbiology 65: 3148-3157. ",
2130,Metabolism,Microalgae,Parker 1982,"Parker R.D.R., Drown D.B. (1982) Effects of phosphorus enrichment and wave simulation on populations of Ulothrix zonata from Northern Lake Superior. Journal of Great Lakes Research 8: 16-26.",
2131,Metabolism,Microalgae,Pickett 1975,Pickett J.M. (1975) Growth of Chlorella in a nitrate-limited chemostat. Plant Physiology 55: 223-225.,
2132,Metabolism,Microalgae,Polle 2001,"Polle J.E.W., Niyogi K.K., Melis A. (2001) Absence of lutein, violaxanthin and neoxanthin affects the functional chlorophyll antenna size of photosystem-II but not that of photosystem-I in the green alga Chlamydomonas reinhardtii. Plant and Cell Physiology 42: 482-491.",
2133,Metabolism,Microalgae,Putt 1989,"Putt M., Stoecker D.K. (1989) An experimentally determined carbon:volume ratio for marine ""oligotrichous"" ciliates from estuarine and coastal waters. Limnology and Oceanography 34:1097-1103.",
2134,Metabolism,Microalgae,Quigg 2003,"Quigg A., Beardall J. (2003) Protein turnover in relation to maintenance metabolism at low photon flux in two marine microalgae. Plant, Cell and Environment 26: 693-703.",
2135,Metabolism,Microalgae,Rajagopal 1962,Rajagopal P.K. (1962) Respiration of some marine planktonic organisms. Proceedings of the Indian Academy of Sciences 55B: 76-81.,
2136,Metabolism,Microalgae,Sakshaug 1991,"Sakshaug E., Johnsen G., Andresen K., Vernet M. (1991) Modeling of light-dependent algal photosynthesis and growth: Experiments with the Barents Sea diatoms Thalassiosira nordenskioeldii and Chaetoceros furcellatus. Deep-Sea Research 38: 415-430. ",
2137,Metabolism,Microalgae,Showman 1972,Showman R.E. (1972) Photosynthetic response with respect to light in three strains of lichen algae. Ohio Journal of Science 72: 114-117.,
2138,Metabolism,Microalgae,Skinner 2004,"Skinner S., Entwisle T.J. (2004). Non-marine algae of Australia: 6. Cladophoraceae (Chlorophyta). Telopea 10: 731-748.",
2139,Metabolism,Microalgae,Smith 1993,"Smith G.J., Zimmerman R.C., Alberte R.S. (1993) Molecular and physiological responses of diatoms to variable levels of irradiance and nitrogen availability: Growth of Skeletonema costatum in simulated upwelling conditions. Limnology and Oceanography 37: 989-1007.",
2140,Metabolism,Microalgae,Sobrino 2005,"Sobrino C., Montero O., Lubián L.M. (2005) Effect of UV-A and UV-B on the diel patterns of growth and metabolic activity in Nannochloris atomus cultures assessed by flow cytometry. Marine Ecology Progress Series 293: 29-35.",
2141,Metabolism,Microalgae,Spencer 1985,"Spencer D.F., Lembi C.A., Graham J.M. (1985) Influence of light and temperature on photosynthesis and respiration by Pithophora oedogonia (Mont.) Wittr. (Chlorophyceae). Aquatic Botany 23: 109-118.",
2142,Metabolism,Microalgae,Stal 1997,"Stal L.J., Moezelaar R. (1997) Fermentation in cyanobacteria. FEMS Microbiology Reviews 21: 179-211. ",
2143,Metabolism,Microalgae,Sukenik 2002,"Sukenik A., Eshkol R., Livne A., Hadas O., Rom M., Tchernov D., Vardi A., Kaplan A. (2002) Inhibition of growth and photosynthesis of the dinoflagellate Peridinium gatunense by Microcystis sp. (cyanobacteria): A novel allelopathic mechanism. Limnology and Oceanography 47: 1656-1663.",
2144,Metabolism,Microalgae,Sweeney 1986,Sweeney B.M. (1986) The loss of the circadian rhythm in photosynthesis in an old strain of Gonyaulax polyedra. Plant Physiology 80: 978-981.,
2145,Metabolism,Microalgae,Talling 1957,Talling J.F. (1957) Photosynthetic characteristics of some freshwater plankton diatoms in relation to underwater radiation. New Phytologist 56: 29-50.,
2146,Metabolism,Microalgae,Theodorou 1991,"Theodorou M.E., Elrifi I.R., Turpin D.H., Plaxton W.C. (1991) Effects of phosphorus limitation on respiratory metabolism in the green alga Selenastrum minutum. Plant Physiology 95: 1089-1095.",
2147,Metabolism,Microalgae,Verity 1981,"Verity P.G. (1981) Effects of temperature, irradiance, and daylength on the marine diatom Leptocylindrus danicus Cleve. I. Photosynthesis and cellular composition. Journal of Experimental Marine Biology and Ecology 55, 79-91.",
2148,Metabolism,Microalgae,Verity 1982,"Verity P.G. (1982a) Effects of temperature, irradiance and daylength on the marine diatom Leptocylindrus danicus Cleve. III. Dark respiration. Journal of Experimental Marine Biology and Ecology 60, 197-207.",
2149,Metabolism,Microalgae,Verity 1982,"Verity P.G. (1982b) Effects of temperature, irradiance, and day-length on the marine diatom Leptocylindrus danicus Cleve. IV. Growth. Journal of Experimental Marine Biology and Ecology 60, 209-222",
2150,Metabolism,Microalgae,Verity 1992,"Verity P.G., Robertson C.Y., Tronzo C.R., Andrews M.G., Nelson J.R., Sieracki M.E. (1992) Relationships between cell volume and the carbon and nitrogen content of marine photosynthetic nanoplankton. Limnology and Oceanography 37: 1434-1446.",
2151,Metabolism,Microalgae,Vladimirova 1983,"Vladimirova I.G., Zotin A.I. (1983) Respiration rates of Protozoa. Manuscript No. 5500-B3 12.08.1983 deposited in the All-Russian Institute of Scientific and Technical Information (VINITI), 62 pp.",
2152,Metabolism,Microalgae,Vladimirova 1985,"Vladimirova I.G., Zotin A.I. (1985) Dependence of metabolic rate in Protozoa on body temperature and weight. Zhurnal Obschei Biologii Journal of General Biology 46: 165-173.",
2153,Metabolism,Microalgae,Weis 1959,"Weis D., Brown A.H. (1959) Kinetic relationships between photosynthesis and respiration in the algal flagellate, Ochromonas malhamensis. Plant Physiology 34: 235-239.",
2154,Metabolism,Microalgae,Zubkov 1999,"Zubkov M.V. Fuchs B.M., Eilers H., Burkill P.H., Amann R. (1999) Determination of total protein content of bacterial cells by SYPRO staining and flow cytometry. Applied and Environmental Microbiology 65: 3251-3257.",
2155,Metabolism,Plants,Cheng 2010,"Cheng, D.-L., T. Li, Q.-L. Zhong, and G.-X. Wang. 2010. Scaling relationship between tree respiration rates and biomass. Biology Letters 6:715–717.",
2156,Metabolism,Plants,Fang 1999,"Fang J. Y. 1999 An approach to estimating respiration of forest community and its application (in Chinese). Acta Bot. Sin. 41, 88–94",
2157,Metabolism,Plants,Mori  2010,"Mori, S. et al. Mixed-power scaling of whole-plant respiration from seedlings to giant trees. PNAS 107, 1447–1451 (2010).",
2158,Metabolism,Plants,Yang 2001,"Yang Q. P., Li M. G., Wang B. S., Li R. W. 2001 Studies on respiration of Pinus massoniana in Heishiding Natural Reserve (in Chinese). Guihaia 21, 9–13.",
2159,Metabolism,Plants,Zeng 2000,"Zeng X., Peng S., Zhao P. 2000 Measurement of respiration amount in artificial Acacia mangium forest in a low subtropical hill forest region of Guangdong (in Chinese). Acta Phytoecol. Sin. 24, 420–424.",
2160,Metabolism,Terrestrial Invertebrates,Acar 2001,"Acar, E.B. et al., 2001. Use of Calorespirometry to Determine Effects of Temperature on Metabolic Efficiency of an Insect. Environ. Entomol., 30(5), 811_816.",
2161,Metabolism,Terrestrial Invertebrates,Al_Dabbagh 1976,"Al_Dabbagh, K., 1976. Population Dynamics and Bioenergetics of the Terrestrial Isopod Armadillidium vulgare (Latr.) in Grassland Ecosystems. PhD thesis. University of Leicester.",
2162,Metabolism,Terrestrial Invertebrates,Allen 2007,"Allen, A.P. & Gillooly, J.F., 2007. The mechanistic basis of the metabolic theory of ecology. Oikos, 116(6), 1073_1077.",
2163,Metabolism,Terrestrial Invertebrates,Anderson 1970,"Anderson, J.F., 1970. Metabolic rates of spiders. Comp. Biochem. Physiol., 33(1), 51_72. ",
2164,Metabolism,Terrestrial Invertebrates,Anderson 1982,"Anderson, J.F. & Prestwich, K.N., 1982. Respiratory Gas Exchange in Spiders. Physiol. Zool., 55(1), 72_90. ",
2165,Metabolism,Terrestrial Invertebrates,Anderson 1996,"Anderson, J.F., 1996. Metabolic Rates of Resting Salticid and Thomisid Spiders. J Arachnology, 24(2), 129_134. ",
2166,Metabolism,Terrestrial Invertebrates,Argyropoulou 1993,"Argyropoulou, M. & Stamou, G., 1993. Respiratory activity of the Collembolan Onychiurus meridiatus. J. Insect Physiol., 39(3), 217_222. ",
2167,Metabolism,Terrestrial Invertebrates,Ashby 1997,"Ashby, P.D., 1997. Conservation of mass_specific metabolic rate among high_ and low_elevation populations of the acridid grasshopper Xanthippus corallipes. Physiol. Zool., 70(6), 701_711. ",
2168,Metabolism,Terrestrial Invertebrates,Bailey 1973,"Bailey, C. & Riegert, P., 1973. Energy dynamics of Encoptolophus sordidus costalis (Scudder) (Orthoptera: Acrididae) in a grassland ecosystem. Can. J. Zool., 51(1), 91_100. ",
2169,Metabolism,Terrestrial Invertebrates,Bailey 1977,"Bailey C. & Singh, N., 1977. An energy budget for Mamestra configurata (Lepidoptera: Noctuidae). Can. Entomol., 109, 687_693.",
2170,Metabolism,Terrestrial Invertebrates,Bailey 1993,"Bailey, W.J. et al., 1993. The Energetic Costs of Calling in the Bushcricket Requena vertivalis (Orthoptera: Tettigoniidae: Listroscelidinae). J. Exp. Biol., 178(1), 21_37.",
2171,Metabolism,Terrestrial Invertebrates,Bartholomew 1977,"Bartholomew, G.A. & Casey, T.M., 1977. Body temperature and oxygen consumption during rest and activity in relation to body size in some tropical beetles. J. Therm. Biol., 2(4), 173_176. ",
2172,Metabolism,Terrestrial Invertebrates,Bartholomew 1978,"Bartholomew, G.A. & Casey, T.M., 1978. Oxygen Consumption of Moths During Rest, Pre_Flight Warm_Up, and Flight In Relation to Body Size and Wing Morphology. J. Exp. Biol., 76(1), 11_25. ",
2173,Metabolism,Terrestrial Invertebrates,Bartholomew 1984,"Bartholomew, G.A. & Barnhart, M.C., 1984. Tracheal Gases, Respiratory Gas Exchange, Body Temperature and Flight in Some Tropical Cicadas. J. Exp. Biol., 111(1), 131_144. ",
2174,Metabolism,Terrestrial Invertebrates,Bartholomew 1985,"Bartholomew, G.A. & Lighton, J.R.B., 1985. Ventilation and oxygen consumption during rest and locomotion in a tropical cockroach, Blaberus giganteus. J.Exp. Biol., 118, 449_454. ",
2175,Metabolism,Terrestrial Invertebrates,Bartholomew 1985,"Bartholomew, G.A., Lighton, J.R.B. & Louw, G.N., 1985. Energetics of locomotion and patterns of respiration in tenebrionid beetles from the Namib Desert. J. Comp. Physiol. B, 155(2), 155_162. ",
2176,Metabolism,Terrestrial Invertebrates,Bartholomew 1986,"Bartholomew, G.A. & Lighton, J.R.B., 1986. Endothermy and energy metabolism of a giant tropical fly,Pantophthalmus tabaninus thunberg. J. Comp. Physiol. B, 156(4), 461_467. ",
2177,Metabolism,Terrestrial Invertebrates,Bartholomew 1988,"Bartholomew, G.A., Lighton, J.R.B. & Jr., D.H.F., 1988. Energetics of Trail Running, Load Carriage, and Emigration in the Column_Raiding Army Ant Eciton hamatum. Physiol. Zool., 61(1), 57_68. ",
2178,Metabolism,Terrestrial Invertebrates,Beekman 1999,"Beekman, M.[. & Stratum, P.[., 1999. Respiration in bumblebee queens: effect of life phase on the discontinuous ventilation cycle. Entomol. Exp. Appl., 92, 295_298. ",
2179,Metabolism,Terrestrial Invertebrates,Berrigan 1994,"Berrigan, D. & Lighton, J.R.B., 1994. Energetics of Pedestrian Locomotion in Adult Male Blowflies, Protophormia terraenovae (Diptera: Calliphoridae). Physiol. Zool., 67(5), 1140_1153.",
2180,Metabolism,Terrestrial Invertebrates,Berthet 1964,"Berthet, P., 1964. L’activité des Oribatides (Acari: Orabatei) d’une chênaie. Mem. Inst. R. Soc. Nat. Belg., 152, 1–152. ",
2181,Metabolism,Terrestrial Invertebrates,Birch 1947,"Birch, L.C., 1947. The Oxygen Consumption of the Small Strain of Calandra Oryzae L. and Rhizopertha Dominica Fab. as Affected by Temperature and Humidity. Ecology, 28(1), 17_25.",
2182,Metabolism,Terrestrial Invertebrates,Bliss 1987,"Bliss, L. ed., 1987. Invertebrate respiration on Truelove Lowland. Truelove Lowland, Devon Island, Canada. In Truelove Lowland: Devon Island, Canada: A High Arctic Ecosystem. University of Nebraska Press, pp. 383–393.",
2183,Metabolism,Terrestrial Invertebrates,Block 1976,"Block, W., 1976. Oxygen Uptake by Nanorchestes antarcticus (Acari). Oikos, 27(2), 320_323. Block, W. & Tilbrook, P.J., 1975. Respiration Studies on the Antarctic Collembolan Cryptopygus antarcticus. Oikos, 26(1), 15_25. ",
2184,Metabolism,Terrestrial Invertebrates,Block 1977,"Block, W., 1977. Oxygen Consumption of the Terrestrial Mite Alaskozetes Antarcticus (Acari: Cryptostigmata). J. Exp. Biol., 68(1), 69_87. ",
2185,Metabolism,Terrestrial Invertebrates,Block 1978,"Block, W. & Tilbrook, P.J., 1978. Oxygen Uptake by Cryptopygus antarcticus (Collembola) at South Georgia. Oikos, 30(1), 61_67. ",
2186,Metabolism,Terrestrial Invertebrates,Bosch 2000,"Bosch, M., Chown, S.L. & Scholtz, C.H., 2000. Discontinuous gas exchange and water loss in the keratin beetle Omorgus radula: further evidence against the water conservation hypothesis? Physiol. Entomol., 25(4), 309_314. ",
2187,Metabolism,Terrestrial Invertebrates,Brown 1978,"Brown, A.V. & Fitzpatrick, L.C., 1978. Life History and Population Energetics of the Dobson Fly, Corydalus Cornutus. Ecology, 59(6), 1091_1108. ",
2188,Metabolism,Terrestrial Invertebrates,Brown 2004,"Brown, J.H. et al., 2004. Toward a metabolic theory of ecology. Ecology, 85(7), 1771_1789. ",
2189,Metabolism,Terrestrial Invertebrates,Buck 1953,"Buck, J.B. & Keister, M.L., 1953. Cutaneous and Tracheal Respiration in the Phormia Larva. Biol. Bull., 105(3), 402_411. ",
2190,Metabolism,Terrestrial Invertebrates,Burkett 1962,"Burkett, B.N., 1962. Respiration of Galleria mellonella in relation to temperature and oxygen. Entomol. Exp. Appl., 5, 305_312. ",
2191,Metabolism,Terrestrial Invertebrates,Byzova 1965,"Byzova, J., 1965. Comparative rate of respiration in some earthworms (Lumbricidae, Oligochaeta). Rev. Ecol. Biol. Sol. 2, 207_216.",
2192,Metabolism,Terrestrial Invertebrates,Campbell 1976,"Campbell, A., Singh, N. & Sinha, R., 1976. Bioenergetics of the granary weevil, Sitophilus granarius (L.) (Coleoptera: Curculionidae). Can. J. Zool., 54(5), 786_798. ",
2193,Metabolism,Terrestrial Invertebrates,Chadwick 1940,"Chadwick, L.E. & Gilmour, D., 1940. Respiration during Flight in Drosophila repleta Wollaston: The Oxygen Consumption Considered in Relation to the Wing_Rate. Physiol. Zool., 13(4), 398_410. ",
2194,Metabolism,Terrestrial Invertebrates,Chadwick 1947,"Chadwick, L.E., 1947. The Respiratory Quotient of Drosophila in Flight. Biol. Bull., 93(3), 229_239. ",
2195,Metabolism,Terrestrial Invertebrates,Chappell 2000,"Chappell, M. & Rogowitz, G., 2000. Mass, temperature and metabolic effects on discontinuous gas exchange cycles in eucalyptus_boring beetles (Coleoptera: cerambycidae). J. Exp. Biol., 203(24), 3809_3820. ",
2196,Metabolism,Terrestrial Invertebrates,Chown 1995,"Chown, S.L. et al., 1995. Ecophysiology, Range Contraction and Survival of a Geographically Restricted African Dung Beetle (Coleoptera: Scarabaeidae). Funct. Ecol.y, 9(1), 30_39. ",
2197,Metabolism,Terrestrial Invertebrates,Chown 1996,"Chown, S.L., 1996. Thermal sensitivity of oxygen uptake of Diptera from sub_Antarctic South Georgia and Marion Island. Polar Biol., 17(1), 81_86. ",
2198,Metabolism,Terrestrial Invertebrates,Chown 1997,"Chown, S.L., Merwe, M.V.D. & Valdon R. Smith, 1997. The Influence of Habitat and Altitude on Oxygen Uptake in Sub_Antarctic Weevils. Physiol. Zool., 70(1), 116_124. ",
2199,Metabolism,Terrestrial Invertebrates,Chown 2003,"Chown, S.L. & Davis, A.L.V., 2003. Discontinuous gas exchange and the significance of respiratory water loss in scarabaeine beetles. J. Exp. Biol., 206(20), 3547_3556. ",
2200,Metabolism,Terrestrial Invertebrates,Chown 2007,"Chown, S.L. et al., 2007. Scaling of insect metabolic rate is inconsistent with the nutrient supply network model. Funct. Ecol., 21(2), 282_290. ",
2201,Metabolism,Terrestrial Invertebrates,Cloudsley_Thompson 2009,"Cloudsley_Thompson, J.L., 2009. Acclimation, water and temperature relations of the woodlice Metoponorthus pruinosus and Periscyphis jannonei in the Sudan. J. Zool., 158(3), 267_276. ",
2202,Metabolism,Terrestrial Invertebrates,Coelho 1989,"Coelho, J.R. & Moore, A.J., 1989. Allometry of resting metabolic rate in cockroaches. Comp. Biochem. Physiol. A, 94(4), 587_590. ",
2203,Metabolism,Terrestrial Invertebrates,Cooper 1993,"Cooper, P.D., 1993. Field metabolic rate and cost of activity in two tenebrionid beetles from the Mojave Desert of North America. J. Arid Environ., 24(2), 165 _ 175.",
2204,Metabolism,Terrestrial Invertebrates,Davis 2000,"Davis, A.L.V. et al., 2000. A comparative analysis of metabolic rate in six Scarabaeus species (Coleoptera: Scarabaeidae) from southern Africa: further caveats when inferring adaptation. J. Insect Physiol., 46(4), 553_562.",
2205,Metabolism,Terrestrial Invertebrates,Davison 1987,"Davison, E.A., 1987. Respiration and Energy Flow in Two Australian Species of Desert Harwester Ants, Chelaner Rothsheini and Chelana Whitei. J. Arid Environ., 12, 61_82.",
2206,Metabolism,Terrestrial Invertebrates,deCarvalho 2004,"deCarvalho, T.N., Watson, P.J. & Field, S.A., 2004. Costs increase as ritualized fighting progresses within and between phases in the sierra dome spider, Neriene litigiosa. Anim. Behav., 68(3), 473_482.",
2207,Metabolism,Terrestrial Invertebrates,Duke 1975,"Duke, K.M. & Crossley, D.A., 1975. Population Energetics and Ecology of the Rock Grasshopper, Trimerotropis Saxatilis. Ecology, 56(5), 1106_1117.",
2208,Metabolism,Terrestrial Invertebrates,Duncan 1993,"Duncan, F.D. & Crewe, R.M., 1993. A comparison of the energetics of foraging of three species of Leptogenys (Hymenoptera, Formicidae). Physiol. Entomol., 18(4), 372_378.",
2209,Metabolism,Terrestrial Invertebrates,Duncan 1997,"Duncan, F.D. & Lighton, J.R.B., 1997. Discontinuous ventilation and energetics of locomotion in the desert_dwelling female mutillid wasp, Dasymutilla gloriosa. Physiol. Entomol., 22(4), 310_315.",
2210,Metabolism,Terrestrial Invertebrates,Duncan 2000,"Duncan, F.D. & Byrne, M.J., 2000. Discontinuous gas exchange in dung beetles: patterns and ecological implications. Oecologia, 122(4), 452_458.",
2211,Metabolism,Terrestrial Invertebrates,Duncan 2001,"Duncan, F.D. & Dickman, C.R., 2001. Respiratory Patterns and Metabolism in Tenebrionid and Carabid Beetles from the Simpson Desert, Australia. Oecologia, 129(4), 509_517.",
2212,Metabolism,Terrestrial Invertebrates,Duncan 2002,"Duncan, F.D., Krasnov, B. & McMaster, M., 2002. Novel case of a tenebrionid beetle using discontinuous gas exchange cycle when dehydrated. Physiol. Entomol., 27, 79_83.",
2213,Metabolism,Terrestrial Invertebrates,Edney 1964,"Edney, E.B., 1964. Acclimation to Temperature in Terrestrial Isopods: II. Heart Rate and Standard Metabolic Rate. Physiol. Zool., 37(4), 378_394.",
2214,Metabolism,Terrestrial Invertebrates,Engelmann 1961,"Engelmann, M.D., 1961. The Role of Soil Arthropods in the Energetics of an Old Field Community. Ecol. Monogr., 31(3), 221_238. ",
2215,Metabolism,Terrestrial Invertebrates,Ettershank 1973,"Ettershank, G. & Whitford, W.G., 1973. Oxygen consumption of two species of Pogonomyrmex harvester ants (Hymenoptera: Formicidae). Comp. Biochem. Physiol. A., 46(3), 605_611. ",
2216,Metabolism,Terrestrial Invertebrates,Fewell 1996,"Fewell, J.H. et al., 1996. Foraging energetics of the ant, Paraponera clavata. Oecologia, 105(4), 419_427. ",
2217,Metabolism,Terrestrial Invertebrates,Fielden 2004,"Fielden, L.J. et al., 2004. Respiratory gas exchange in the desert flea Xenopsylla ramesis (Siphonaptera: Pulicidae): response to temperature and blood_feeding. Comp. Biochem. Physiol. A: Mol. Integr. Physiol., 137(3), 557_565. ",
2218,Metabolism,Terrestrial Invertebrates,Ford 1977,"Ford, M.J., 1977a. Energy costs of the predation strategy of the web_spinning spider Lepthyphantes zimmermanni bertkau (Linyphiidae). Oecologia, 28(4), 341_349. ",
2219,Metabolism,Terrestrial Invertebrates,Ford 1977,"Ford, M.J., 1977b. Metabolic costs of the predation strategy of the spider Pardosa amentata (Clerck) (Lycosidae). Oecologia, 28(4), 333_340. ",
2220,Metabolism,Terrestrial Invertebrates,Full 1990,"Full, R.J., Zuccarello, D.A. & Tullis, A., 1990. Effect of variation in form on the cost of terrestrial locomotion. J. Exp. Biol., 150, 233–246. ",
2221,Metabolism,Terrestrial Invertebrates,Gäde 1998,"Gäde, G. & Auerswald, L., 1998. Flight metabolism in carpenter bees and primary structure of their hypertrehalosaemic peptide. Exp. Biol. Online, 3(6), 1_11. ",
2222,Metabolism,Terrestrial Invertebrates,Gehrken 1985,"Gehrken, U., 1985. Physiology of diapause in the adult bark beetle, Ips acuminatus Gyll., studied in relation to cold hardiness. J. Insect Physiol., 31(12), 909_916. ",
2223,Metabolism,Terrestrial Invertebrates,Gillooly 2001,"Gillooly, J.F. et al., 2001. Effects of size and temperature on metabolic rate. Science, 293(5538), 2248_2251. ",
2224,Metabolism,Terrestrial Invertebrates,Gillooly 2006,"Gillooly, J.F. et al., 2006. Response to Clarke and Fraser: effects of temperature on metabolic rate. Funct. Ecol., 20(2), 400_404. ",
2225,Metabolism,Terrestrial Invertebrates,Goddard 1977,"Goddard, D.G., 1977a. The Signy Island terrestrial reference sites. VIII. Oxygen uptake of some Antarctic prostigmatid mites (Acari Prostigmata). Bull. Brit. Antarct. Surv,, 45, 101–115.",
2226,Metabolism,Terrestrial Invertebrates,Goddard 1977,"Goddard, D.G., 1977b. The Signy Island terrestrial reference sites. VI. Oxygen uptake of Gamasellus racovitzai (Trouessart)(Acari Mesostigmata). Bull. Brit. Antarct. Surv, 45, 1–11.",
2227,Metabolism,Terrestrial Invertebrates,Gray 2003,"Gray, E.M. & Bradley, T.J., 2003. Metabolic Rate in Female Culex tarsalis (Diptera: Culicidae) : Age, Size, Activity, and Feeding Effects. J. Med. Entomol., 40, 903_911.",
2228,Metabolism,Terrestrial Invertebrates,Greenstone 1980,"Greenstone, M.H. & Bennett, A.F., 1980. Foraging Strategy and Metabolic Rate in Spiders. Ecology, 61(5), 1255_1259.",
2229,Metabolism,Terrestrial Invertebrates,Gromadska 1962,"Gromadska, M., 1962. Changes in respiratory metabolism of Lumbricus castaneus Sav. under influence of various constant and alternating temperatures. Studia Soc. Sci. Torun. Sect. E, 6, 179–189.",
2230,Metabolism,Terrestrial Invertebrates,Gromadzka 1968,"Gromadzka, J., 1968. Respiratory metabolism of the Colorado beetle (Leptinotarsa decemlineata Say). Ekol. Pol. A, 16, 1_9.",
2231,Metabolism,Terrestrial Invertebrates,Guerra 1970,"Guerra, A.A. & Cochran, D.G., 1970. Respiration During the Life Cycle of the Face Fly1. J. Econ. Entomol., 63, 918_921.",
2232,Metabolism,Terrestrial Invertebrates,Gunn 1935,"Gunn, D.L., 1935. Oxygen Consumption of the Cockroach in Relation to Moulting. Nature, 135(3411), 434_435.",
2233,Metabolism,Terrestrial Invertebrates,Hack 1997,"Hack, M.A., 1997. The effects of mass and age on standard metabolic rate in house crickets. Physiol. Entomol., 22(4), 325_331.",
2234,Metabolism,Terrestrial Invertebrates,Hadley 1981,"Hadley, N.F., Ahearn, G.A. & Howarth, F.G., 1981. Water and Metabolic Relations of Cave_Adapted and Epigean Lycosid Spiders in Hawaii. J. Arachnology, 9(2), 215_222.",
2235,Metabolism,Terrestrial Invertebrates,Hadley 1991,"Hadley, N.F., Quinlan, M.C. & Kennedy, M.L., 1991. Evaporative Cooling in the Desert Cicada: Thermal Efficiency and Water/Metabolic Costs. J. Exp. Biol., 159(1), 269_283.",
2236,Metabolism,Terrestrial Invertebrates,Hagstrum 1970,"Hagstrum, D.W., 1970. Physiology of Food Utilization by the Spider Tarentula kochi (Araneae: Lycosidae). Ann. Entomol. Soc., 63, 1305_1308.",
2237,Metabolism,Terrestrial Invertebrates,Harrison 1991,"Harrison, J.F., Phillips, J.E. & Gleeson, T.T., 1991. Activity Physiology of the Two_Striped Grasshopper, Melanoplus bivittatus: Gas Exchange, Hemolymph Acid_Base Status, Lactate Production, and the Effect of Temperature. Physiol. Zool., 64(2), 451_472. ",
2238,Metabolism,Terrestrial Invertebrates,Harvey 1951,"Harvey, G. & Brown, A., 1951. The Effect of Insecticides on the Rate of Oxygen Consumption in Blattella. Can. J. Zool., 29(1), 42_53. ",
2239,Metabolism,Terrestrial Invertebrates,Hassall 1983,"Hassall, M., 1983. Population Metabolism of the Terrestrial Isopod Philoscia Muscorum in a Dune Grassland Ecosystem. Oikos, 41(1), 17_26. ",
2240,Metabolism,Terrestrial Invertebrates,Heatwole 1986,"Heatwole, H., Muir, R. & Davison, E., 1986. Oxygen consumption of some terrestrial invertebrates from the Pre_Saharan steppe of Tunisia. J. Arid Environ., 11(3), 219_226. ",
2241,Metabolism,Terrestrial Invertebrates,Hebling 1992,"Hebling, M.J.A. et al., 1992. Respiratory regulation in workers of the leaf cutting ant Atta sexdens rubropilosa Forel, 1908. Comp. Biochem. Physiol. Part A: Physiol., 101(2), 319_322. ",
2242,Metabolism,Terrestrial Invertebrates,Hebling Beraldo 1982,"Hebling Beraldo, M.J. & Mendes, E.G., 1982. The influence of temperature on oxygen consumption rates of workers of two leaf cutting ants, Atta laevigata (F. Smith, 1858) and Atta sexdens rubropilosa (Forel, 1908). Comp. Biochem. Physiol. Part A: Physiol., 71(3), 419_424. ",
2243,Metabolism,Terrestrial Invertebrates,Herreid 1981,"Herreid, C.F., Full, R.J. & Prawel, D.A., 1981. Energetics of Cockroach Locomotion. J. Exp. Biol., 94(1), 189_202. ",
2244,Metabolism,Terrestrial Invertebrates,Herreid II 1984,"Herreid II, C.F. & Full, R.J., 1984. Cockroaches on a treadmill: Aerobic running. J. Insect Physiol., 30(5), 395_403. ",
2245,Metabolism,Terrestrial Invertebrates,Hinton 1971,"Hinton, J.M., 1971. Energy Flow in a Natural Population of Neophilaenus lineatus (Homoptera). Oikos, 22(2), 155_171. ",
2246,Metabolism,Terrestrial Invertebrates,Hocking 1953,"Hocking, B., 1953. The intrinsic range and speed of insect flight. Trans. Ent. Soc. Lond., 104, 223_345. ",
2247,Metabolism,Terrestrial Invertebrates,Holter 1982,"Holter, P., 1982. Resource Utilization and Local Coexistence in a Guild of Scarabaeid Dung Beetles (Aphodius spp.). Oikos, 39(2), 213_227. ",
2248,Metabolism,Terrestrial Invertebrates,Holter 1997,"Holter, P. & Spangenberg, A., 1997. Oxygen uptake in coprophilous beetles (Aphodius, Geotrupes, Sphaeridium) at low oxygen and high carbon dioxide concentrations. Physiol. Entomol., 22(4),",
2249,Metabolism,Terrestrial Invertebrates,Hook 1971,"Hook, R.I.V., 1971. Energy and Nutrient Dynamics of Spider and Orthopteran Populations in a Grassland Ecosystem. Ecol. Monogr., 41(1), 1_26. ",
2250,Metabolism,Terrestrial Invertebrates,Humphreys 1977,"Humphreys, W.F., 1977. Respiration studies on Geolycosa godeffroyi (Araneae:Lycosidae) and their relationship to field estimates of metabolic heat loss. Comp. Biochem. Physiol. A: Physiol., 57(2), 255_263. ",
2251,Metabolism,Terrestrial Invertebrates,Humphreys 1990,"Humphreys, W.F. & Collis, G., 1990. Water loss and respiration of cave arthropods from cape range, western australia. Comp. Biochem. Physiol. A: Physiol, 95(1), 101_107. ",
2252,Metabolism,Terrestrial Invertebrates,Itô 1964,"Itô, Y., 1964. Preliminary studies on the respiratory energy loss of a spider,Lycosa pseudoannulata. Res. Popul. Ecol., 6(1), 13_21. ",
2253,Metabolism,Terrestrial Invertebrates,Jeeva 1999,"Jeeva, D. et al., 1999. Respiratory gas exchanges of termites from the Sabah (Borneo) assemblage. Physiol. Entomol., 24(1), 11_17. ",
2254,Metabolism,Terrestrial Invertebrates,Kavanagh 1987,"Kavanagh, M.W., 1987. The Efficiency of Sound Production in Two Cricket Species, Gryllotalpa australis and Teleogryllus commodus (Orthoptera: Grylloidea). J. Exp. Biol., 130(1), 107_119. ",
2255,Metabolism,Terrestrial Invertebrates,Keister 1964,"Keister, M. & Buck, J., 1964. Physiology of Insecta (ed. Rockstein, M.). In Physiology of Insecta Volume 3. Academic Press, New York, pp. 617_658. ",
2256,Metabolism,Terrestrial Invertebrates,Klok 2005,"Klok, C. & Chown, S., 2005. Temperature_ and body mass_related variation in cyclic gas exchange characteristics and metabolic rate of seven weevil species: Broader implications. J. Insect Physiol., 51(7), 789_801. ",
2257,Metabolism,Terrestrial Invertebrates,Koichi 1985,"Koichi, T., Yosiaki, I. & Tetsuo, S., 1985. Reduced respiratory quotient by starvation in a wolf spider, Pardosa astrigera (L. Koch). Comp. Biochem. Physiol. A: Physiol., 80(3), 415_418.",
2258,Metabolism,Terrestrial Invertebrates,Kotiaho 1998,"Kotiaho, J.S., 1998. Sexual Differences in Metabolic Rates of Spiders. J. Arachnology, 26(3), 401_404. Kotiaho, J.S. et al., 1998. Energetic costs of size and sexual signalling in a wolf spider. Proc. R. Soc. B, 265(1411), 2203_2203. ",
2259,Metabolism,Terrestrial Invertebrates,Krüger 19 1958,"Krüger, 1958. Größenabhängigkeit des Sauerstoffverbrauchs einheimischer Grillen,77: 5: 581_588. Biol. Zentralblatt, 77(5), 581_588. ",
2260,Metabolism,Terrestrial Invertebrates,Lardies 2004,"Lardies, M.A., Catalán, T.P. & Bozinovic, F., 2004. Metabolism and life_history correlates in a lowland and highland population of a terrestrial isopod. Can. J. Zool., 82(5), 677_687. ",
2261,Metabolism,Terrestrial Invertebrates,Lehmann 2000,"Lehmann, F., Dickinson, M. & Staunton, J., 2000. The scaling of carbon dioxide release and respiratory water loss in flying fruit flies (Drosophila spp.). J. Exp. Biol., 203(10), 1613_1624. ",
2262,Metabolism,Terrestrial Invertebrates,Lewis 1971,"Lewis, L.C., Mutchmor, J.A. & Lynch, R.E., 1971. Effect of Perezia pyraustae on oxygen consumption by the European corn borer, Ostrinia nubilalis. J. Insect Physiol., 17(12), 2457_2468. ",
2263,Metabolism,Terrestrial Invertebrates,Lighton 1985,"Lighton, J.R.B., 1985. Minimum Cost of Transport and Ventilatory Patterns in Three African Beetles. Physiol. Zool., 58(4), 390_399. ",
2264,Metabolism,Terrestrial Invertebrates,Lighton 1989,"Lighton, J.R. & Gillespie, R.G., 1989. The energetics of mimicry: the cost of pedestrian transport in a formicine ant and its mimic, a clubionid spider. Physiol. Entomol., 14(2), 173_177. ",
2265,Metabolism,Terrestrial Invertebrates,Lighton 1989,"Lighton, J.R.B., 1989. Individual and Whole_Colony Respiration in an African Formicine Ant. Funct. Ecol., 3(5), 523_530.",
2266,Metabolism,Terrestrial Invertebrates,Lighton 1990,"Lighton, J.R.B., 1990. Slow Discontinuous Ventilation in the Namib Dune_sea Ant Camponotus Detritus (Hymenoptera, Formicidae). J. Exp. Biol., 151(1), 71_82. ",
2267,Metabolism,Terrestrial Invertebrates,Lighton 1990,"Lighton, J.R.B. & Lovegrove, B.G., 1990. A Temperature_Induced Switch From Diffusive to Convecttve Ventilation in the Honeybee. J. Exp. Biol., 154(1), 509_516. ",
2268,Metabolism,Terrestrial Invertebrates,Lighton 1991,"Lighton, J.R.B., 1991. Ventilation in Namib Desert Tenebrionid Beetles: Mass Scaling and Evidence of a Novel Quantized Flutter_Phase. J. Exp. Biol., 159(1), 249_268. ",
2269,Metabolism,Terrestrial Invertebrates,Lighton 1993,"Lighton, J.R.B. & Wehner, R., 1993. Ventilation and respiratory metabolism in the thermophilic desert ant, Cataglyphis bicolor (Hymenoptera, Formicidae). J. Comp. Physiol. B, 163(1), 11_17. ",
2270,Metabolism,Terrestrial Invertebrates,Lighton 1995,"Lighton, J. & Berrigan, D., 1995. Questioning paradigms: caste_specific ventilation in harvester ants, Messor pergandei and M. julianus (Hymenoptera: Formicidae). J. Exp. Biol., 198(2), 521_530. ",
2271,Metabolism,Terrestrial Invertebrates,Lighton 1995,"Lighton, J. & Garrigan, D., 1995. Ant breathing: testing regulation and mechanism hypotheses with hypoxia. J. Exp. Biol., 198(7), 1613_1620. ",
2272,Metabolism,Terrestrial Invertebrates,Louw 1986,"Louw, G.N., Nicolson, S... & Seely, M.K., 1986. Respiration beneath desrt sand: carbon dioxide diffusion and respiratory patterns in a tenebrionid beetle. J. Exp. Biol., 120, 443_447. ",
2273,Metabolism,Terrestrial Invertebrates,Loveridge 1975,"Loveridge, J.P. & Bursell, E., 1975. Studies on the Water Relations of Adult Locusts (orthoptera, Acrididae). I. Respiration and the Production of Metabolic Water. Bull. Entomol. Res., 65(01), 13_20. ",
2274,Metabolism,Terrestrial Invertebrates,Luxton 1975,"Luxton, M., 1975. Studies on the Oribatid Mites of a Danish Beech Wood Soil. II. Biomass, Calorimetry, and Respirometry. Pedobiologia, 15, 161–200. ",
2275,Metabolism,Terrestrial Invertebrates,Marais 2003,"Marais, E. & Chown, S.L., 2003. Repeatability of standard metabolic rate and gas exchange characteristics in a highly variable cockroach, Perisphaeria sp. J. Exp. Biol., 206(24), 4565_4574. ",
2276,Metabolism,Terrestrial Invertebrates,Martin 1991,"Martin, P.J., 1991. Respiration of the ant Leptothorax unifasciatus (Hymenoptera, Formicidae) at individual and society levels. J. Insect Physiol., 37(4), 311_318. ",
2277,Metabolism,Terrestrial Invertebrates,Massion 1983,"Massion, D.D., 1983. An altitudinal comparison of water and metabolic relations in two acridid grasshoppers (Orthoptera). Comp. Biochem. Physiol. A: Physiol., 74(1), 101_105. ",
2278,Metabolism,Terrestrial Invertebrates,May 1979,"May, M.L., 1979. Energy Metabolism of Dragonflies (Odonata: Anisoptera) at Rest and During Endothermic Warm_Up. J. Exp. Biol., 83(1), 79_94. ",
2279,Metabolism,Terrestrial Invertebrates,May 1986,"May, M.L., Pearson, D.L. & Casey, T.M., 1986. Oxygen consumption of active and inactive adult tiger beetles. Physiol. Entomol., 11(2), 171_179.",
2280,Metabolism,Terrestrial Invertebrates,McComie 1990,"McComie, L.D. & Dhanarjan, G., 1990. Respiratory rate and energy utilization by Macrotermes carbonarius (Hagen) Isoptera, Termitidae, Macrotermitinae) in Penang, Malaysia. Insect Sci. Appli., 11, 197_204.",
2281,Metabolism,Terrestrial Invertebrates,McGaughran 2010,"McGaughran, A. et al., 2010. Temporal and spatial metabolic rate variation in the Antarctic springtail Gomphiocephalus hodgsoni. J. Insect Physiol., 56(1), 57_64.",
2282,Metabolism,Terrestrial Invertebrates,McQueen 1980,"McQueen, D.J., 1980. Active respiration rates for the burrowing wolf spider Geolycosa domifex (Hancock). Can. J. Zool., 58(6), 1066_1074.",
2283,Metabolism,Terrestrial Invertebrates,Meehan 2006,"Meehan, T.D., 2006. Mass and Temperature Dependence of Metabolic Rate in Litter and Soil Invertebrates. Physiol. Biochem. Zool., 79(5), 878_884.",
2284,Metabolism,Terrestrial Invertebrates,Meyer 1983,"Meyer, E. & Phillipson, J., 1983. Respiratory Metabolism of the Isopod Trichoniscus pusillus provisorius. Oikos, 40(1), 69_74.",
2285,Metabolism,Terrestrial Invertebrates,Mispagel 1981,"Mispagel, M.E., 1981. Relation of oxygen consumption to size and temperature in desert arthropods. Ecol. Entomol., 6(4), 423_431.",
2286,Metabolism,Terrestrial Invertebrates,Mitchell 1979,"Mitchell, M., 1979. Energetics of Oribatid Mites Acari Cryptostigmata in an Aspen Woodland Soil. Pedobiologia, 19(2), 89_98.",
2287,Metabolism,Terrestrial Invertebrates,Mitchell 1979,"Mitchell, M.J., 1979. Functional Relationships of Macroinvertebrates in Heterotrophic Systems with Emphasis on Sewage Sludge Decomposition. Ecology, 60(6), 1270_1283.",
2288,Metabolism,Terrestrial Invertebrates,Miyashita 1969,"Miyashita, K., 1969. Effects of locomotory activity, temperature and hunger on the respiratory rate of Lycosa T_insignita Boes. et Str.(Araneae: Lycosidae). Appl. Entomol. Zool., 4, 105–113.",
2289,Metabolism,Terrestrial Invertebrates,Moeur 1972,"Moeur, J.E. & Eriksen, C.H., 1972. Metabolic Responses to Temperature of a Desert Spider, Lycosa (Pardosa) carolinensis (Lycosidae). Physiol. Zool., 45(4), 290_301.",
2290,Metabolism,Terrestrial Invertebrates,Montooth 2003,"Montooth, K.L. & Gibbs, A.G., 2003. Cuticular pheromones and water balance in the house fly, Musca domestica. Comp. Biochem. Physiol. A: Mol. Integr. Physiol, 135(3), 457_465.",
2291,Metabolism,Terrestrial Invertebrates,Morgan 1985,"Morgan, K.R., Shelly, T.E. & Kimsey, L.S., 1985. Body temperature regulation, energy metabolism, and foraging in light_seeking and shade_seeking robber flies. J. Comp. Physiol. B, 155(5), 561_ 570.",
2292,Metabolism,Terrestrial Invertebrates,Morgan 1987,"Morgan, K.R., 1987. Temperature Regulation, Energy Metabolism and Mate_Searching in Rain Beetles (Pleocoma Spp.), Winter_Active, Endothermic Scarabs (Coleoptera). J. Exp. Biol., 128(1), 107_ 122.",
2293,Metabolism,Terrestrial Invertebrates,Moulder 1972,"Moulder, B.C. & Reichle, D.E., 1972. Significance of Spider Predation in the Energy Dynamics of Forest_Floor Arthropod Communities. Ecol. Monogr., 42(4), 473_498.",
2294,Metabolism,Terrestrial Invertebrates,Myrcha 1973,"Myrcha, A. & Stejgwillo_Laudanska, B., 1973. Changes in the metabolic rate of starved Lycosidae spiders. Bull. Acad. Pol. Sci. Ser. Sci. Biol., 21, 209–213.",
2295,Metabolism,Terrestrial Invertebrates,Nakamura 1972,"Nakamura, K., 1972. The ingestion in wolf spiders II. The expression of degree of hunger and amount of ingestion in relation to spider's hunger. Res. Popul. Ecol., 14(1), 82_96.",
2296,Metabolism,Terrestrial Invertebrates,Nally 1982,"Nally, R.C.M. & Doolan, J.M., 1982. Comparative Reproductive Energetics of the Sexes in the Cicada Cystosoma saundersii. Oikos, 39(2), 179_186.",
2297,Metabolism,Terrestrial Invertebrates,Nespolo 2003,"Nespolo, R.F., Lardies, M.A. & Bozinovic, F., 2003. Intrapopulational variation in the standard metabolic rate of insects: repeatability, thermal dependence and sensitivity (Q10) of oxygen consumption in a cricket. J. Exp. Biol., 206(23), 4309_4315.",
2298,Metabolism,Terrestrial Invertebrates,Nielsen 1986,"Nielsen, M.G., 1986. Respiratory rates of ants from different climatic areas. J. Insect Physiol,, 32(2), 125_131. ",
2299,Metabolism,Terrestrial Invertebrates,Nielsen 1990,"Nielsen, M.G. & Baroni_Urbani, C., 1990. Energetics and Foraging Behaviour of the European Seed Harvesting ant Messor capitatus I. Respiratory Metabolism and Energy Consumption of Unloaded and Loaded Workers during Locomotion. Physiol. Entomol., 15, 441_448.",
2300,Metabolism,Terrestrial Invertebrates,O'Connor 1963,"O'Connor, F.B., 1963. Oxygen consumption and population metabolism of some populations of Enchytraeidae from North Wales. In Soil Organisms. North_Holland Pub. Co. ",
2301,Metabolism,Terrestrial Invertebrates,Penttinen 1995,"Penttinen, O. & Holopainen, I.J., 1995. Physiological energetics of a midge, Chironomus riparius Meigen (Insecta, Diptera): normoxic heat output over the whole life cycle and response of larva to hypoxia and anoxia. Oecologia, 103(4), 419_424. ",
2302,Metabolism,Terrestrial Invertebrates,Petersen 1981,"Petersen, H., 1981. The Respiratory Metabolism of Collembola Species from a Danish Beech Wood. Oikos, 37(3), 273_286. ",
2303,Metabolism,Terrestrial Invertebrates,Phillipson 1965,"Phillipson, J. & Watson, J., 1965. Respiratory Metabolism of the Terrestrial Isopod Oniscus asellus L. Oikos, 16(1/2), 78_87. ",
2304,Metabolism,Terrestrial Invertebrates,Phillipson 1976,"Phillipson, J. & Bolton, P.J., 1976. The respiratory metabolism of selected Lumbricidae. Oecologia, 22(2), 135_152. ",
2305,Metabolism,Terrestrial Invertebrates,Phillipson 1983,"Phillipson, J., 1983. Life cycle, numbers, biomass and respiratory metabolism of Trichoniscus pusillus (Crustacea, Isopoda) in a beech woodland, Wytham Woods, Oxford. Oecologia, 57(3), 339_343. ",
2306,Metabolism,Terrestrial Invertebrates,Prestwich 1977,"Prestwich, K., 1977. The energetics of web_building in spiders. Comp. Biochem. Physiol. A: Physiol. 57(3), 321_326. ",
2307,Metabolism,Terrestrial Invertebrates,Quinlan 1993,"Quinlan, M.C. & Hadley, N.F., 1993. Gas Exchange, Ventilatory Patterns, and Water Loss in Two Lubber Grasshoppers: Quantifying Cuticular and Respiratory Transpiration. Physiol. Zool., 66(4), 628_642. ",
2308,Metabolism,Terrestrial Invertebrates,Quinlan 1999,"Quinlan, M.C.[. & Lighton, J.R.B.[., 1999. Respiratory physiology and water relations of three species of Pogonomyrmex harvester ants (Hymenoptera: Formicidae). Physiol. Entomol., 24, 293_302. ",
2309,Metabolism,Terrestrial Invertebrates,Rajagopal 1966,"Rajagopal, P. & Bursell, E., 1966. The respiratory metabolism of resting tsetse flies. J. Insect Physiol., 12(3), 287_297. ",
2310,Metabolism,Terrestrial Invertebrates,Reichle 1968,"Reichle, D., 1968. Relation of Body Size to Food Intake, Oxygen Consumption, and Trace Element Metabolism in Forest Floor Arthropods. Ecology, 49(3), 538_542.",
2311,Metabolism,Terrestrial Invertebrates,Ruppel 1953,"Ruppel, H., 1953. Physiologische Untersuchungen über die Bedeutung des Ventraltubus und die Atmung der Collembolen. Zool. Jahrb. Abt. Allg. Zool. Physiol. Tiere, 64, 429–598.",
2312,Metabolism,Terrestrial Invertebrates,Saito 1969,"Saito, S., 1969. Energetics of isopod populations in a forest of central Japan. Res. Popul. Ecol., 11(2), 229_258.",
2313,Metabolism,Terrestrial Invertebrates,Schmitz 19_5,"Schmitz, A., 2004. Metabolic rates during rest and activity in differently tracheated spiders (Arachnida, Araneae): Pardosa lugubris (Lycosidae) and Marpissa muscosa (Salticidae). J. Comp. Physiol. B. Biochem. Syst. Envir. Physiol., 174(7): 519_526",
2314,Metabolism,Terrestrial Invertebrates,Schmitz 2001,"Schmitz, A. & Perry, S.F., 2001. Bimodal breathing in jumping spiders: morphometric partitioning of the lungs and tracheae in Salticus scenicus (Arachnida, Araneae, Salticidae). J. Exp. Biol., 204(24), 4321_4334.",
2315,Metabolism,Terrestrial Invertebrates,Scholander 1953,"Scholander, P.F. et al., 1953. Climatic Adaptation in Arctic and Tropical Poikilotherms. Physiol. Zool., 26(1), 67_92.",
2316,Metabolism,Terrestrial Invertebrates,Schultz 1992,"Schultz, T.D., Quinlan, M.C. & Hadley, N.F., 1992. Preferred Body Temperature, Metabolic Physiology, and Water Balance of Adult Cicindela longilabris: A Comparison of Populations from Boreal Habitats and Climatic Refugia. Physiol. Zool., 65(1), 226_242.",
2317,Metabolism,Terrestrial Invertebrates,Shelton 2001,"Shelton, T.G. & Appel, A.G., 2001. Carbon dioxide release in Coptotermes formosanus Shiraki and Reticulitermes flavipes (Kollar): effects of caste, mass, and movement. J. Insect Physiol., 47(3), 213_224.",
2318,Metabolism,Terrestrial Invertebrates,Sibul 2004,"Sibul, I., Kuusik, A. & Voolma, K., 2004. Monitoring of gas exchange cycles and ventilatory movements in the pine weevil Hylobius abietis: respiratory failures evoked by a botanical insecticide. Entomol. Exp. Appli., 110, 173_179.",
2319,Metabolism,Terrestrial Invertebrates,Slater 1927,"Slater, W.K., 1927. The aerobic and anaerobic metabolism of the common cockroach (Periplaneta orientalis). Biochem. J. 21, 198_203.",
2320,Metabolism,Terrestrial Invertebrates,Sømme 1989,"Sømme, L. et al., 1989. Respiratory metabolism of Hydromedion sparsutum and Perimylops antarcticus (Col., Perimylopidae) from South Georgia. Polar Biol., 10(2).",
2321,Metabolism,Terrestrial Invertebrates,Stamou 1986,"Stamou, G.P., 1986. Respiration of Achipteria holomonensis (Acari: Cryptostigmata). Oikos, 46(2), 176_184.",
2322,Metabolism,Terrestrial Invertebrates,Stamou 1995,"Stamou, G.P. et al., 1995. Respiratory responses of oribatid mites to temperature changes. J. Insect Physiol., 41(3), 229_233.",
2323,Metabolism,Terrestrial Invertebrates,Stevens 1977,"Stevens, E.D. & Josephson, R.K., 1977. Metabolic Rate and Body Temperature in Singing Katydids. Physiol. Zool., 50(1), 31_42.",
2324,Metabolism,Terrestrial Invertebrates,Strømme 1986,"Strømme, J.A., Ngari, T.W. & Zachariassen, K.E., 1986. Physiological adaptations in Coleoptera on Spitsbergen. Polar Res., 4(2), 199_204.",
2325,Metabolism,Terrestrial Invertebrates,Terblanche 2004,"Terblanche, J.S., Klok, C.J. & Chown, S.L., 2004. Metabolic rate variation in Glossina pallidipes (Diptera: Glossinidae): gender, ageing and repeatability. J. Insect Physiol., 50(5), 419_428.",
2326,Metabolism,Terrestrial Invertebrates,Testerink 1983,"Testerink, G.J., 1983. Metabolic Adaptations to Seasonal Changes in Humidity and Temperature in Litter_Inhabiting Collembola. Oikos, 40(2), 234_240.",
2327,Metabolism,Terrestrial Invertebrates,Thomas 1979,"Thomas, J.O.M., 1979. Energy Budget for a Woodland Population of Oribatid Mites. Pedobiologia, 19(5), 346_378.",
2328,Metabolism,Terrestrial Invertebrates,Thurling 1980,"Thurling, D.J., 1980. Metabolic rate and life stage of the mites Tetranychus cinnabarinus boisd. (Prostigmata) and Phytoseiulus persimilis A_H. (Mesostigmata). Oecologia, 46(3), 391_396.",
2329,Metabolism,Terrestrial Invertebrates,Tombes 1964,"Tombes, A.S., 1964. Respiratory and compositional study on the aestivating insect, Hypera postica (Gyll.) (Curculionidae). J. Insect Physiol., 10(6), 997_1003.",
2330,Metabolism,Terrestrial Invertebrates,Vogt 1999,"Vogt, J.T. & Appel, A.G., 1999. Standard metabolic rate of the fire ant, Solenopsis invicta Buren: effects of temperature, mass, and caste. J. Insect Physiol., 45(7), 655_666.",
2331,Metabolism,Terrestrial Invertebrates,Webb 1969,"Webb, N.R., 1969. The Respiratory Metabolism of Nothrus silvestris Nicolet (Acari). Oikos, 20(2), 294_299. ",
2332,Metabolism,Terrestrial Invertebrates,Webb 1970,"Webb, N.R., 1970. Oxygen consumption and population metabolism of some mesostigmated mites (Acari: Mesostigmata). Pedobiologia, 10, 447_456. ",
2333,Metabolism,Terrestrial Invertebrates,Webb 1972,"Webb, N.R. & Elmes, G.W., 1972. Energy Budget for Adult Steganacarus Magnus (Acari). Oikos, 23(3), 359_365. ",
2334,Metabolism,Terrestrial Invertebrates,Webb 1975,"Webb, N.R., 1975. Respiratory Metabolism of Steganacarus magnus (Acari). Oikos, 26(1), 43_46. ",
2335,Metabolism,Terrestrial Invertebrates,West 1997,"West, G.B., Brown, J.H. & Enquist, B.J., 1997. A general model for the origin of allometric scaling laws in biology. Science, 276(5309), 122_126. ",
2336,Metabolism,Terrestrial Invertebrates,Wiegert 1964,"Wiegert, R.G., 1964. Population Energetics of Meadow Spittlebugs (Philaenus spumarius L.) as Affected by Migration and Habitat. Ecol. Monogr.s, 34(3), 218_241. ",
2337,Metabolism,Terrestrial Invertebrates,Wieser 1965,"Wieser, W., 1965. Untersuchungen über die Ernährung und denn Gesamtstoffwechsel von Porcellio scaber (Crustacea: Isopoda). Pedobiologia, 5, 304–331. ",
2338,Metabolism,Terrestrial Invertebrates,Wood 1973,"Wood, T.G. & Lawton, J.H., 1973. Experimental studies on the respiratory rates of mites (Acari) from beech_woodland leaf litter. Oecologia, 12(2), 169_191. ",
2339,Metabolism,Terrestrial Invertebrates,Young 1979,"Young, S.R., 1979. Effect of temperature change on the metabolic rate of an antarctic mite. J. Comp. Physiol. B, 131(4), 341_346. ",
2340,Metabolism,Terrestrial Invertebrates,Zachariassen 1987,"Zachariassen, K.E. et al., 1987. Transpiratory water loss and metabolism of beetles from arid areas in East Africa. Comp. Biochem. Physiol. A: Physiol., 86(3), 403_408. ",
2341,Metabolism,Terrestrial Invertebrates,Zachariassen 1988,"Zachariassen, K.E. et al., 1988. Water loss in insects from arid and humid habitats in East Africa. Acta Entomologica Bohemoslovaca 85, 81_93 (1988). Acta Entomol. Bohemoslovaca, 85, 81_93. ",
2342,Metabolism,Terrestrial Invertebrates,Zettel 1982,"Zettel, J., 1982. Dietary influence on the biology and metabolism of Isotoma viridis (Collembola). J. Insect Physiol., 28(5), 453_458.",
2343,Metabolism,Terrestrial Invertebrates,Zinkler 1966,"Zinkler, D., 1966. Vergleichende Untersuchungen zur Atmungsphysiologie von Collembolen",
2344,Metabolism,Various,Makarieva 2008,"Makarieva, A. M., V. G. Gorshkov, B. Li, S. L. Chown, P. B. Reich, and V. M. Gavrilov. 2008. Mean mass-specific metabolic rates are strikingly similar across life’s major domains: Evidence for life’s metabolic optimum. Proceedings of the National Academy of Sciences 105:16994–16999.",
2345,Mortality,Bird,Dunning 1993,Dunning JB (1993) CRC Handbook of Avian Body Masses. Boca Raton: CRC Press.,
2346,Mortality,Fish,Andrews 1999,"Andrews AH, Cailliet GM, Coale KH (1999) Age and growth of the Pacific grenadier (Coryphaenoides acrolepis) with age estimate validation using an improved radiometric ageing technique. Canadian Journal of Fisheries and Aquatic Sciences 56(8): 1339-1350.",
2347,Mortality,Fish,Cailliet 2001,"Cailliet GM, Andrews AH, Burton EJ, Watters DL, Kline DE et al. (2001) Age determination and validation studies of marine fishes: do deep-dwellers live longer? Experimental Gerontology 36(4-6): 739-764.",
2348,Mortality,Fish,Childress 1980,"Childress JJ, Taylor SM, Cailliet GM, Price MH (1980) Patterns of growth, energy utilization and reproduction in some meso-and bathypelagic fishes off Southern California. Marine Biology 61(1): 27-40.",
2349,Mortality,Fish,Kelly 1997,"Kelly CJ, Connolly PL, Bracken JJ (1997) Age estimation, growth, maturity and distribution of the roundnose grenadier from the Rockall trough. Journal of Fish Biology 50(1): 1-17.",
2350,Mortality,Fish,McGurk 1986,"McGurk, M. D. 1986. Natural mortality of marine pelagic fish eggs and larvae: role of spatial patchiness. Marine ecology progress series:227–242.",
2351,Mortality,Fish,Orr 1998,"Orr JW, Brown MA, Baker DC, Alaska Fisheries Science C (1998) Guide to Rockfishes (Scorpaenidae) of the Genera Sebastes, Sebastolobus, and Adelosebastes of the Northeast Pacific Ocean: Available through National Technical Information Service.",
2352,Mortality,Fish,Pauly 1980,"Pauly D (1980) On the interrelationships between natural mortality, growth parameters, and mean environmental temperature in 175 fish stocks. ICES Journal of Marine Science 39(2): 175-192.",
2353,Mortality,Fish,Smith 1995,"Smith DC, Fenton GE, Robertson SG, Short SA (1995) Age determination and growth of orange roughy (Hoplostethus atlanticus): a comparison of annulus counts with radiometric ageing. Canadian Journal of Fisheries and Aquatic Sciences 52(2): 391-401.",
2354,Mortality,Invertebrate,Bergquist 2000,"Bergquist DC, Williams FM, Fisher CR (2000) Longevity record for a deep-sea invertebrate. Nature 403: 499-500.",
2355,Mortality,Invertebrate,Brey 2001,Brey T (2001) Population dynamics in benthic invertebrates. Available: http://www.awi-bremerhaven.de/Benthic/Ecosystem/FoodWeb/Handbook/main.html.,
2356,Mortality,Invertebrate,Fisher 1997,"Fisher CR, Urcuyo IA, Simpkins MA, Nix E (1997) Life in the slow lane: Growth and longevity of cold-seep vestimentiferans. Marine ecology 18(1): 83-94.",
2357,Mortality,Invertebrate,Gage 1986,"Gage JD, Tyler PA, Nichols D (1986) Reproduction and growth of Echinus acutus var. norvegicus Dueben and Koren and E. elegans Dueben and Koren on the continental slope off Scotland. Journal of Experimental Marine Biology and Ecology 101(1): 61-83.",
2358,Mortality,Invertebrate,Gage 2003,Gage JD (2003) Growth and production of Ophiocten gracilis (Ophiuroidea: Echinodermata) on the Scottish continental slope. Marine Biology 143(1): 85-97.,
2359,Mortality,Invertebrate,Gooday 1993,"Gooday AJ, Bett BJ, Pratt DN (1993) Direct observation of episodic growth in an abyssal xenophyophore (Protista). Deep-sea research Part 1 Oceanographic research papers 40(11-12): 2131-2143.",
2360,Mortality,Invertebrate,Hissmann 1998,"Hissmann K, Fricke H, Schauer J (1998) Population Monitoring of the Coelacanth(Latimeria chalumnae). Conservation Biology 12(4): 759-765.",
2361,Mortality,Invertebrate,Mauchline 1985,Mauchline J (1985) Growth and production of Euphausiacea (Crustacea) in the Rockall Trough. Marine Biology 90(1): 19-26.,
2362,Mortality,Invertebrate,Mauchline 1988,"Mauchline J (1988) Growth and breeding of meso-and bathypelagic organisms of the Rockall Trough, northeastern Atlantic Ocean and evidence of seasonality. Marine Biology 98(3): 387-393.",
2363,Mortality,Invertebrate,Rhoads 1981,"Rhoads DC, Lutz RA, Revelas EC, Cerrato RM (1981) Growth of bivalves at deep-sea hydrothermal vents along the galapagos rift. Science 214(4523): 911-913.",
2364,Mortality,Invertebrate,Turekian 1979,"Turekian KK, Cochran JK, Nozaki Y (1979) Growth rate of a clam from the Galapagos Rise hot spring field using natural radionuclide ratios. Nature 280(5721): 385-387.",
2365,Mortality,Invertebrate,Turekian 1981,"Turekian KK, Cochran JK (1981) Growth Rate of a Vesicomyid Clam from the Galapagos Spreading Center. Science 214(4523): 909-911.",
2366,Mortality,Invertebrate,Turekian 1983,"Turekian KK, Cochran JK, Bennett JT (1983) Growth rate of a vesicomyid clam from the 21° N East Pacific Rise hydrothermal area. Nature 303(5912): 55-56.",
2367,Mortality,Invertebrate,Turner 1984,"Turner RD, Lutz RA (1984) Growth and distribution of mollusks at deep-sea vents and seeps. Oceanus 27(3): 55-62.",
2368,Mortality,Mammal,Smith 2003,"Smith FA, Lyons SK, Ernest SKM, Jones KE, Kaufman DM et al. (2003) Body mass of late quartenary mammals. Ecology 84(12): 3403-3403.",
2369,Mortality,Plant,Marba 2007,"Marba N, Duarte CM, Agusti S (2007) Allometric scaling of Multicellular plant life history. Proceedings of the National Academy of Sciences 104(40): 15777-15780.",
2370,Mortality,Protist,Scheltema 1987,"Scheltema AH (1987) Reproduction and rapid growth in a deep-sea aplacophoran mollusc, Prochaetoderma yongei. Marine Ecology Progress Series 37: 171-180.",
2371,Mortality,Various,Carey 2000,"Carey JR, Judge DS (2000) Longevity Records: Life Spans of Mammals, Birds, Amphibians, Reptiles, and Fish. Odense: Odense University Press. 241 p.",
2372,Mortality,Various,Gillooly 2001,"Gillooly JF, Brown JH, West GB, Savage VM, Charnov EL (2001) Effects of Size and Temperature on Metabolic Rate. Science 293(5538): 2248-2251",
2373,Mortality,Various,McCoy Gillooly 2008,"McCoy, M. W., and J. F. Gillooly. 2008. Predicting natural mortality rates of plants and animals. Ecology letters 11:710–716.",
2374,Mortality,Various,Ricklefs 1998,"Ricklefs RE (1998) Evolutionary theories of aging: Confirmation of a fundamental prediction, with implications for the genetic basis and evolution of life span. American Naturalist 152(1): 24-44.",
2375,Mortality,Various,Stephens 2002,"Stephens C, Antonov JI, Boyer TP, Conkright ME, Locarnini RA et al. (2002) World Ocean Atlas 2001, Volume 1: Temperature. NOAA Atlas NESDIS 49.",
2376,Productivity,Fish,Hutchings 1999,"Hutchings, Jeffrey A., Todd D. Bishop, and Carolyn R. McGregor-Shaw. “Spawning Behaviour of Atlantic Cod, Gadus Morhua: Evidence of Mate Competition and Mate Choice in a Broadcast Spawner.” Canadian Journal of Fisheries and Aquatic Sciences 56.1 (1999): 97–104. Print.",
2377,Productivity,Invertebrate,Allsopp 1981,"Allsopp, P. G. 1981. Development, longevity and fecundity of the false wireworms Pterohelaeus darlingensis and P. alternatus (Coleoptera: Tenebrionidae). I. Effect of constant temperature. Australian Journal of Zoology 29:605–619.",
2378,Productivity,Invertebrate,Asante 1991,"Asante, S. K., W. Danthanarayana, and H. Heatwole. 1991. Bionomics and population growth statistics of apterous virginoparae of woolly apple aphid, Eriosoma lanigerum, at constant temperatures. Entomologia Experimentalis et Applicata 60:261–270.",
2379,Productivity,Invertebrate,Barlow 1962,"Barlow, C. A. 1962. The influence of temperature on the growth of experimental populations of Myzus persicae (Sulzer) and Macrosiphum euphorbiae (Thomas) (Aphididae). Canadian Journal of Zoology 40:145–146.",
2380,Productivity,Invertebrate,Beckett 1994,"Beckett, S. J., and D. E. Evans. 1994. The demography of Oryzaephilus surinamensis (L.) (Coleoptera:Silvanidae) on kibbled wheat. Journal of Stored Products Research 30:121–137.",
2381,Productivity,Invertebrate,Birch 1953,"Birch, L. C. 1953. The influence of temperature, moisture and food on the innate capacity for increase of three grain beetles. Ecology 34:698–711.",
2382,Productivity,Invertebrate,Choi 2002,"Choi, W. I., M. I. Ryoo, and J. G. Kim. 2002. Biology of Paronychiurus kimi (Collembola: Onychiuridae) under the influence of temperature, humidity and nutrition. Pedobiologia 46:548–557.",
2383,Productivity,Invertebrate,Danthanarayana et al. 1995,"Danthanarayana, Wijesiri, Hainan Gu, and Sharon Ashley. “Population-Growth Potential of Epiphyas-Postvittana, the Lightbrown Apple Moth (Lepidoptera, Tortricidae) in Relation to Diet, Temperature and Climate.” Australian journal of zoology 43.4 (1995): 381–394. Print.",
2384,Productivity,Invertebrate,De Vis 2002,"De Vis, R. M. J., L. E. Fuentes, and J. C. van Lenteren. 2002. Life history of Amitus fuscipennis (Hym., Platygastridae) as parasitoid of the greenhouse whitefly Trialeurodes vaporariorum (Hom., Aleyrodidae) on tomato as function of temperature. Journal of Applied Entomology 126:24–33.",
2385,Productivity,Invertebrate,Dreyer 1996,"Dreyer, H., and J. Baumgartner. 1996. Temperature influence on cohort parameters and demographic characteristics of the two cowpea coreids Clavigralla tomentosicollis and C. shadabi. Entomologia Experimentalis et Applicata 78:201–213.",
2386,Productivity,Invertebrate,Dreyer 1997,"Dreyer, B. S., P. Neuenschwander, B. Bouyjou, J. Baumgartner, and S. Dorn. 1997. The influence of temperature on the life table of Hyperaspis notata. Entomologia Experimentalis et Applicata 84:85–92.",
2387,Productivity,Invertebrate,Force 1964,"Force, D. C., and P. S. Messenger. 1964. Fecundity, reproductive rates, and innate capacity for increase of three parasites of Therioaphis maculata (Buckton). Ecology 45:706–715.",
2388,Productivity,Invertebrate,Frazier 2006,"Frazier, M. R., Raymond B. Huey, and David Berrigan. 2006. Thermodynamics Constrains the Evolution of Insect Population Growth Rates: “Warmer Is Better.” The American Naturalist 2006 168:4, 512-520 ",
2389,Productivity,Invertebrate,Giga 1983,"Giga, D. P., and R. H. Smith. 1983. Comparative life history studies of four Callosobruchus species infesting cowpeas with special reference to Callosobruchus rhodesianus (Pic.) (Coleoptera: Bruchidae). Journal of Stored Products Research 19:189–198.",
2390,Productivity,Invertebrate,Gillooly 2000,"Gillooly, James F. “Effect of Body Size and Temperature on Generation Time in Zooplankton.” Journal of Plankton Research 22.2 (2000): 241–251. Print.",
2391,Productivity,Invertebrate,Hann 1985,"Hann, B. J. “Influence of Temperature on Life-History Characteristics of Two Sibling Species of Eurycercus (Cladocera, Chydoridae).” Canadian journal of zoology 63.4 (1985): 891–898. Print.",
2392,Productivity,Invertebrate,Hoddle 2002,"Hoddle, M. S. 2002. Developmental and reproductive biology of Scirtothrips perseae (Thysanoptera: Thripidae): a new avocado pest in California. Bulletin of Entomological Research 92:279–285.",
2393,Productivity,Invertebrate,Hosking 1984,"Hosking, J. R. “The Effect of Temperature on the Population Growth Potential of Dactylopius Austrinus De Lotto (Homoptera: Dactylopiidae), on Opuntia Aurantiaca Lindley.” Australian Journal of Entomology 23.2 (1984): 133–139. Print.",
2394,Productivity,Invertebrate,Hosking 1984,"Hosking, J. R. 1984. The effect of temperature on the population growth potential of Dactylopius austrinus De Lotto (Homoptera: Dactylopiidae), on Opuntia aurantiaca Lindley. Journal of the Australian Entomological Society 23:133–139.",
2395,Productivity,Invertebrate,Howe 1953,"Howe, R. W. 1953. Studies on beetles of the family Ptinidae. VIII. The intrinsic rate of increase of some ptinid beetles. Annals of Applied Biology 40:121–133.",
2396,Productivity,Invertebrate,Howe 1962,"Howe, 1962. The effects of temperature and humidity on the oviposition rate of Tribolium castaneum (Hbst.) (Coleoptera, Tenebrionidae). Bulletin of Entomological Research 53:301–310.",
2397,Productivity,Invertebrate,Hwang 1988,"Hwang, J., F. Hsieh, C. Hung, and Y. Chu. 1988. Life history and the effect of temperature on population growth parameters of Planococcus pacificus on guava. Plant Protection Bulletin 30:157–174.",
2398,Productivity,Invertebrate,Komazaki 1982,"Komazaki, S. 1982. Effects of constant temperatures on population growth of three aphid species, Toxoptera citricidus (Kirkaldy), Aphis citricola van der Goot and Aphis gossypii Glover (Homoptera: Aphididae) on citrus. Applied Entomology and Zoology 17:75–81.",
2399,Productivity,Invertebrate,Korpelainen 1986,"Korpelainen, Helena. “The Effects of Temperature and Photoperiod on Life History Parameters of Daphnia Magna (Crustacea: Cladocera).” Freshwater biology 16.5 (1986): 615–620. Print.",
2400,Productivity,Invertebrate,Liu 1987,"Liu, S., and R. D. Hughes. 1987. The influence of temperature and photoperiod on the development, survival and reproduction of the sowthistle aphid, Hyperomyzus lactucae. Entomologia Experimentalis et Applicata 43:31–38.",
2401,Productivity,Invertebrate,Liu 2000,"Liu, S., X. Wang, Z. Shi, and S. Guo. 2000. Biology of Oomyzus sokolowskii and effect of temperature on its population parameters. Acta Entomologica Sinica 43:159–167.",
2402,Productivity,Invertebrate,Liu 2000,"Liu, Y. H., and J. H. Tsai. 2000. Effects of temperature on biology and life table parameters of the Asian citrus psyllid, Diaphorina citri Kuwayama (Homoptera: Psyllidae). Annals of Applied Biology 137:201–206.",
2403,Productivity,Invertebrate,Longstaff 1983,"Longstaff, B. C., and D. E. Evans. 1983. The demography of the rice weevil, Sitophilus oryzae (L.) (Coleoptera: Curculionidae), submodels of age-specific survivorship and fecundity. Bulletin of Entomological Research 73:333–344.",
2404,Productivity,Invertebrate,Lowry 1992,"Lowry, V. K., J. W. Smith, and F. L. Mitchell. 1992. Life-fertility tables for Frankliniella fusca (Hinds) and F. occidentalis (Pergande) (Thysanoptera: Thripidae) on peanut. Annals of the Entomological Society of America 85:744–754.",
2405,Productivity,Invertebrate,Lysyk 1998,"Lysyk, T. J. 1998. Relationships between temperature and life-history parameters of Stomoxys calcitrans (Diptera: Muscidae). Journal of Medical Entomology 35:107–119.",
2406,Productivity,Invertebrate,Lysyk 1998,"Lysyk, T. J. 1998. Relationships between temperature and life history parameters of Trichomalopsis sarcophagae (Hymenoptera: Pteromalidae). Environmental Entomology 27:488–498.",
2407,Productivity,Invertebrate,Lysyk 2000,"Lysyk, T. J. 2000. Relationships between temperature and life history parameters of Muscidifurax raptor (Hymenoptera: Pteromalidae). Environmental Entomology 29:596–605.",
2408,Productivity,Invertebrate,Lysyk 2001,"Lysyk, T. J. 2001. Relationships between temperature and life history parameters of Muscidifurax raptorellus (Hymenoptera: Pteromalidae). Environmental Entomology 30:982–992.",
2409,Productivity,Invertebrate,Lysyk 2001,"Lysyk, T. J. 2001. Relationships between temperature and life history parameters of Muscidifurax zaraptor (Hymenoptera: Pteromalidae). Environmental Entomology 30:147–156.",
2410,Productivity,Invertebrate,Mbapila 2001,"Mbapila, J. C., and W. A. Overholdt. 2001. Comparative development, longevity and population growth of exotic and native parasitoids of lepidopteran cereal stemborers in Kenya. Bulletin of Entomological Research 91:347–353.",
2411,Productivity,Invertebrate,Morgan 2001,"Morgan, D., K. F. A. Walters, and J. N. Aegerter. 2001. Effect of temperature and cultivar on pea aphid, Acyrthosiphon pisum (Hemiptera: Aphididae) life history. Bulletin of Entomological Research 91:47–52.",
2412,Productivity,Invertebrate,Murai 2000,"Murai, T. 2000. Effect of temperature on development and reproduction of the onion thrips, Thrips tabaci Lindeman (Thysanoptera: Thripidae), on pollen and honey solution. Applied Entomology and Zoology 35:499–504.",
2413,Productivity,Invertebrate,Perdikis 2002,"Perdikis, D. C., and D. P. Lykouressis. 2002. Life table and biological characteristics of Macrolophus pygmaeus when feeding on Myzus persicae and Trialeurodes vaporariorum. Entomologia Experimentalis et Applicata 102:261–272.",
2414,Productivity,Invertebrate,Pratissoli 2000,"Pratissoli, D., and J. R. P. Parra. 2000. Fertility life table of Trichogramma pretiosum (Hym. Trichogrammatidae) in eggs of Tuta absoluta and Phthorimaea operculella (Lep., Gelechiidae) at different temperatures. Journal of Applied Entomology 124:339–342.",
2415,Productivity,Invertebrate,Rae 1991,"Rae, D. J., and G. De’ath. 1991. Influence of constant temperature on development, survival and fecundity of sugarcane mealybug, Saccharicoccus sacchari (Cockerell) (Hemiptera, Pseudococcidae). Australian Journal of Zoology 39:105–122.",
2416,Productivity,Invertebrate,Ren 2002,"Ren, S. X., P. A. Stansly, and T. X. Liu. 2002. Life history of the whitefly predator Nephaspis oculatus (Coleoptera: Coccinellidae) at six constant temperatures. Biological Control 23:262–268.",
2417,Productivity,Invertebrate,Rodriguez-del-Bosque 1989,"Rodriguez-del-Bosque, L. A., J. W. Smith, and H. W. Browning. 1989. Development and life fertility tables for Diatraea lineolata (Lepidoptera: Pyralidae) at constant temperatures. Annals of the Entomological Society of America 82:450–459.",
2418,Productivity,Invertebrate,Roy 2003,"Roy, M., J. Brodeur, and C. Cloutier. 2003. Effect of temperature on intrinsic rates of natural increase (rm) of a coccinellid and its spider mite prey. Biocontrol 48:57–72.",
2419,Productivity,Invertebrate,Sanoamuang 1993,"Sanoamuang, La-Orsri. “The Effect of Temperature on Morphology, Life History and Growth Rate of Filinia Terminalis (Plate) and Filinia Cf. Pejleri Hutchinson in Culture.” Freshwater Biology 30.2 (1993): 257–267. Print.",
2420,Productivity,Invertebrate,Siddiqui 1973,"Siddiqui, W. H., and C. A. Barlow. 1973. Population growth of Anagasta kuehniella (Lepidoptera: Pyralidae) at constant and alternating temperatures. Annals of the Entomological Society of America 66:579–585.",
2421,Productivity,Invertebrate,Singh 1991,"Singh, S. P. 1991. Biometrical observations on sorghum stem borer, Chilo partellus (Swinhoe) under fluctuating and constant temperature conditions. Insect Science and Its Application 12:419–422.",
2422,Productivity,Invertebrate,Smith 1965,"Smith, L. B. 1965. The intrinsic rate of natural increase of Cryptolestes ferrugineus (Stephens) (Coleoptera: Cucujidae). Journal of Stored Products Research 1:35–49.",
2423,Productivity,Invertebrate,Smith 1992,"Smith, Lincoln. “Effect of Temperature on Life History Characteristics of Anisopteromalus Calandrae (Hymenoptera: Pteromalidae) Parasitizing Maize Weevil Larvae in Corn Kernels.” Environmental entomology 21.4 (1992): 877–887. Print.",
2424,Productivity,Invertebrate,Summers 1984,"Summers, C. G., R. L. Coviello, and A. P. Gutierrez. 1984. Influence of constant temperatures on the development and reproduction of Acyrthosiphon kondoi (Homoptera: Aphididae). Environmental Entomology 13:236–242.",
2425,Productivity,Invertebrate,Tsai 1998,"Tsai, J. H., and Y. H. Liu. 1998. Effect of temperature on development, survivorship, and reproduction of rice root aphid (Homoptera: Aphididae). Environmental Entomology 27:662–666.",
2426,Productivity,Invertebrate,Turak 1998,"Turak, E., R. Talent, P. Sunnucks, and D. F. Hales. 1998. Different responses to temperature in three closely-related sympatric cereal aphids. Entomologia Experimentalis et Applicata 86:49–58.",
2427,Productivity,Invertebrate,Van Huis 1994,"Van Huis, A., P. W. Arendse, M. Schilthuizen, P. P. Wiegers, H. Heering, M. Hulshof, and N. K. Kaashoek. 1994. Uscana lariophaga egg parasitoid of bruchid beetle storage pests of cowpea in West Africa: the effect of temperature and humidity. Entomologia Experimentalis et Applicata 70:41–53.",
2428,Productivity,Invertebrate,Vargas 1997,"Vargas, R. I., W. A. Walsh, D. Kanehisa, E. B. Jang, and J. W. Armstrong. 1997. Demography of four Hawaiian fruit flies (Diptera: Tephritidae) reared at five constant temperatures. Annals of the Entomological Society of America 90:162–168.",
2429,Productivity,Invertebrate,Vargas et al. 1997,"Vargas, Roger I. et al. “Demography of Four Hawaiian Fruit Flies (Diptera: Tephritidae) Reared at Five Constant Temperatures.” Annals of the Entomological Society of America 90.2 (1997): 162–168. Print.",
2430,Productivity,Invertebrate,Wang 1996,"Wang, K. H., and J. H. Tsai. 1996. Temperature effect on development and reproduction of silverleaf whitefly (Homoptera: Aleyrodidae). Annals of the Entomological Society of America 89:375–384.",
2431,Productivity,Invertebrate,Wang 1997,"Wang, K. H., J. H. Tsai, and N. A. Harrison. 1997. Influence of temperature on development, survivorship, and reproduction of buckthorn aphid (Homoptera: Aphididae). Annals of the Entomological Society of America 90:62–68.",
2432,Productivity,Invertebrate,Wellings 1981,"Wellings, P. W. 1981. The effect of temperature on the growth and reproduction of two closely related aphid species on sycamore. Ecological Entomology 6:209–214. ",
2433,Productivity,Invertebrate,Xia 1999,"Xia, J. Y., W. van der Werf, and R. Rabbinge. 1999. Influence of temperature on bionomics of cotton aphid, Aphis gossypii, on cotton. Entomologia Experimentalis et Applicata 90:25–35.",
2434,Productivity,Invertebrate,Yang 1994,"Yang, P., J. R. Carey, and R. V. Dowell. 1994. Temperature influences on the development and demography of Bactrocera dorsalis (Diptera: Tephritidae) in China. Environmental Entomology 23:971–974.",
2435,Productivity,Invertebrate,Yang 1994,"Yang, P., C. Zhou, G. Liang, R. V. Dowell, and J. R. Carey. 1994. Temperature studies on a Chinese strain of Bactrocera cucurbitae (Coquillett) (Diptera: Tephritidae). Pan-Pacific Entomologist 70:269–275.",
2436,Productivity,Invertebrate,Yang et al. 1994,"Yang, Pingjun, James R. Carey, and Robert V. Dowell. “Temperature Influences on the Development and Demography of Bactrocera Dorsalis (Diptera: Tephritidae) in China.” Environmental Entomology 23.4 (1994): 971–974. Print.",
2437,Productivity,Mammal,Duncan 2007,"Duncan, R. P, D. M Forsyth, and J. Hone. “Testing the Metabolic Theory of Ecology: Allometric Scaling Exponents in Mammals.” Ecology 88.2 (2007): 324–333. Print.",
2438,Productivity,Mammal,Fagan,"Fagan, William F., Heather J. Lynch, and Barry R. Noon. “Pitfalls and Challenges of Estimating Population Growth Rate from Empirical Data: Consequences for Allometric Scaling Relations.” Oikos 9999.9999 (2009): n. pag. Wiley InterScience. Web. 6 Apr. 2010.",
2439,Productivity,Mammal,GPDD,"NERC Centre for Population Biology, Imperial College (2010) The Global Population Dynamics Database Version 2. http://www.sw.ic.ac.uk/cpb/cpb/gpdd.html. ",
2440,Productivity,Mammal,Pereira 2006,"Pereira, H. M., and G. C. Daily. 2006. Modeling biodiversity dynamics in the countryside landscapes. Ecology 87, no. 8: 1877-1885. doi:10.1890/0012-9658(2006)87[1877:MBDICL]2.0.CO;2.",
2441,Productivity,Mammal (cited in Duncan 2007),Armbruster 1993,"Armbruster, P., and R. Lande. 1993. A population viability analysis for African elephant (Loxodonta africana): how big should reserves be? Conservation Biology 7:602–610.",
2442,Productivity,Mammal (cited in Duncan 2007),Banks 2000,"Banks, P. B., A. E. Newsome, and C. R. Dickman. 2000. Predation by red foxes limits recruitment in populations of eastern grey kangaroos. Austral Ecology 25:283–291.",
2443,Productivity,Mammal (cited in Duncan 2007),Barlow 2001,"Barlow, N. D., and G. L. Norbury. 2001. A simple model for ferret population dynamics and control in semi-arid New Zealand habitats. Wildlife Research 28:87–94.",
2444,Productivity,Mammal (cited in Duncan 2007),Baskin 1993,"Baskin, Y. 1993. Blue whale population may be increasing off California. Science 260:287.",
2445,Productivity,Mammal (cited in Duncan 2007),Batzli 1971,"Batzli, G. O., and F. A. Pitelka. 1971. Condition and diet of cycling populations of the California vole, Microtus californicus. Journal of Mammalogy 52:141–163.",
2446,Productivity,Mammal (cited in Duncan 2007),Bayliss 1987,"Bayliss, P. 1987. Kangaroo dynamics. Pages 119–134 in G. Caughley, N. Shepherd, and J. Short, editors. Kangaroos: their ecology and management in the sheep rangelands of Australia. Cambridge University Press, Cambridge, UK.",
2447,Productivity,Mammal (cited in Duncan 2007),Bergerud 1983,"Bergerud, A. T., M. J. Nolan, K. Curnew, and W. E. Mercer. 1983. Growth of the Avalon Peninsula, Newfoundland, caribou herd. Journal of Wildlife Management 47:989–998.",
2448,Productivity,Mammal (cited in Duncan 2007),Best 1993,"Best, P. B. 1993. Increase rates in severely depleted stocks of baleen whales. ICES Journal of Marine Science 50:169–186.",
2449,Productivity,Mammal (cited in Duncan 2007),Boonstra 2001,"Boonstra, R., S. Boutin, A. Byrom, T. Karels, A. Hubbs, K. Stuart-Smith, M. Blower, and S. Antpoehler. 2001. The role of red squirrels and arctic ground squirrels. Pages 179–214 in C. J. Krebs, S. Boutin, and R. Boonstra, editors. Ecosystem dynamics of the boreal forest. The Kluane project. Oxford University Press, Oxford, UK.",
2450,Productivity,Mammal (cited in Duncan 2007),Brown 1999,"Brown, P. R., and G. R. Singleton. 1999.  Rate of increase as a function of rainfall for house mouse Mus domesticus populations in a cereal growing region in southern Australia. Journal of Applied Ecology 36:484–493.",
2451,Productivity,Mammal (cited in Duncan 2007),Calef 1984,"Calef, G. W. 1984.  Population growth in an introduced herd of wood bison (Bison bison athabascae).  Pages 183–200 in R. Olson, R. Hastings, and F. Geddes, editors. Northern ecology and resource management. University of Alberta Press, Edmonton, Alberta, Canada.",
2452,Productivity,Mammal (cited in Duncan 2007),Caley 2002,"Caley, P. A., and C. G. Morley. 2002. Assessing growth rates of European rabbit populations using spotlight transect counts. Journal of Wildlife Management 66:131–137.",
2453,Productivity,Mammal (cited in Duncan 2007),Caughley 1977,"Caughley, G. 1977. Analysis of vertebrate populations. John Wiley and Sons, London, UK.",
2454,Productivity,Mammal (cited in Duncan 2007),Caughley 1983,"Caughley, G., and C. J. Krebs. 1983.Are big mammals simply little mammals writ large? Oecologia 59:7–17.",
2455,Productivity,Mammal (cited in Duncan 2007),Caughley 1993,"Caughley, G., and A. Gunn. 1993. Dynamics of large herbivores in deserts: kangaroos and caribou. Oikos 67:47–55.",
2456,Productivity,Mammal (cited in Duncan 2007),Choquenot 1990,"Choquenot, D.  1990.  Rate of increase for populations of feral donkeys in northern Australia. Journal of Mammalogy 71:151–155.",
2457,Productivity,Mammal (cited in Duncan 2007),Choquenot 1998,"Choquenot, D.  1998.  Testing the relative influence of intrinsic and extrinsic variation in food availability on feral pig populations in Australia’s rangelands.  Journal of Animal Ecology 67:887–907.",
2458,Productivity,Mammal (cited in Duncan 2007),Choquenot 2000,"Choquenot, D., and W. A. Ruscoe.  2000.  Mouse population eruptions in New Zealand forests: the role of population density and seedfall.  Journal of Animal Ecology 69:1058–1070.",
2459,Productivity,Mammal (cited in Duncan 2007),Clutton-Brock 1991,"Clutton-Brock, T. H., O. F. Price, S. D. Albon, and P. A. Jewell. 1991. Persistent instability and population regulation in Soay sheep. Journal of Animal Ecology 60:593–608.",
2460,Productivity,Mammal (cited in Duncan 2007),Cumming 1983,"Cumming, D. H. M. 1983. The decision-making framework with regard to the culling of large mammals in Zimbabwe. Pages 173–186 in R. N. Owen-Smith, editor. Management of large mammals in African conservation areas. Haum, Pretoria, South Africa.",
2461,Productivity,Mammal (cited in Duncan 2007),Dennis 2000,"Dennis, B., and M. R. M. Otten. 2000. Joint effects of density dependence and rainfall on abundance of San Joaquin kit fox. Journal of Wildlife Management 64:388–400.",
2462,Productivity,Mammal (cited in Duncan 2007),Eberhardt 1987,"Eberhardt, L. L. 1987. Population projections from simple models. Journal of Applied Ecology 24:103–118.",
2463,Productivity,Mammal (cited in Duncan 2007),Eberhardt 1992,"Eberhardt, L. L., and K. W. Pitcher. 1992. A further analysis of the Nelchina caribou and wolf data. Wildlife Society Bulletin 20:385–395.",
2464,Productivity,Mammal (cited in Duncan 2007),Eberhardt 1999,"Eberhardt, L. L., and R. O. Peterson. 1999. Predicting the wolf-prey equilibrium point. Canadian Journal of Zoology 77:494–498.",
2465,Productivity,Mammal (cited in Duncan 2007),Fisher 2001,"Fisher, D. O., I. P. F. Owens, and C. N. Johnson. 2001. The ecological basis of life history variation in mammals. Ecology 82:3531–3540.",
2466,Productivity,Mammal (cited in Duncan 2007),Forsyth 1999,"Forsyth, D. M.  1999.  Long-term harvesting and male migration in a New Zealand population of Himalayan tahr Hemitragus jemlahicus.  Journal of Applied Ecology 36:351–362.",
2467,Productivity,Mammal (cited in Duncan 2007),Foster 1967,"Foster, J. B., and D. Kearney. 1967. Nairobi National Park census, 1966. East African Wildlife Journal 5:112–120.",
2468,Productivity,Mammal (cited in Duncan 2007),Garrott 1991,"Garrott, R. A., D. B. Siniff, and L. L. Eberhardt. 1991. Growth rates of feral horse populations. Journal of Wildlife Management 55:641–648.",
2469,Productivity,Mammal (cited in Duncan 2007),Gogan 1987,"Gogan, P. J. P., and R. H. Barrett. 1987. Comparative dynamics of introduced tule elk populations. Journal of Wildlife Management 51:20–27.",
2470,Productivity,Mammal (cited in Duncan 2007),Halle 1992,"Halle, S., and U. Lehmann. 1992. Cycle-correlated changes in the activity behaviour of field voles, Microtus agrestis. Oikos 64:489–497.",
2471,Productivity,Mammal (cited in Duncan 2007),Hansson 1987,"Hansson, L. 1987. An interpretation of rodent dynamics as due to trophic interactions. Oikos 50:308–318.",
2472,Productivity,Mammal (cited in Duncan 2007),Harwood 1996,"Harwood, J., and P. Rohani.  1996. The population biology of marine mammals. Pages 173–190 in R. B. Floyd, A. W. Shepherd, and P. J. De Barro, editors. Frontiers of population ecology. CSIRO Publishing, Melbourne, Australia. ",
2473,Productivity,Mammal (cited in Duncan 2007),Hatter 1994,"Hatter, I. W., and D. W. Janz. 1994. Apparent demographic changes in black-tailed deer associated with wolf control on Northern Vancouver Island. Canadian Journal of Zoology 72:878–884.",
2474,Productivity,Mammal (cited in Duncan 2007),Heard 1994,"Heard, D. C., and J.-C. Ouellet. 1994. Dynamics of an introduced caribou population. Arctic 47:88–95.",
2475,Productivity,Mammal (cited in Duncan 2007),Hennemann 1983,"Hennemann, W. W.  III  1983.  Relationship among body mass, metabolic rate and the intrinsic rate of natural increase in mammals.  Oecologia 56:104–108.",
2476,Productivity,Mammal (cited in Duncan 2007),Henttonen 1987,"Henttonen, H., T. Oksanen, A. Jortikka, and V. Haukisalmi. 1987. How much do weasels shape microtine cycles in the northern Fennoscandian Taiga? Oikos 50:353–365.",
2477,Productivity,Mammal (cited in Duncan 2007),Hickling 1989,"Hickling, G., and C. J. Pekelharing.  1989.  Intrinsic rate of increase for a brushtail possum population in rata/kamahi forest, Westland.  New Zealand Journal of Ecology 12:117–120.",
2478,Productivity,Mammal (cited in Duncan 2007),Hodges 2001,"Hodges, K. E., C. J. Krebs, D. S. Hik, C. I. Stefan, E. A. Gillis, and C. E. Doyle. 2001. Snowshoe hare demography. Pages 141–178 in C. J. Krebs, S. Boutin, and R. Boonstra, editors. Ecosystem dynamics of the boreal forest. The Kluane project. Oxford University Press, Oxford, UK.",
2479,Productivity,Mammal (cited in Duncan 2007),Hone 1999,"Hone, J. 1999. On rate of increase (r): patterns of variation in Australian mammals and the implications for wildlife management. Journal of Applied Ecology 36:709–718.",
2480,Productivity,Mammal (cited in Duncan 2007),Houston 1982,"Houston, D. B. 1982. The northern Yellowstone elk. Macmillan, New York, New York, USA.",
2481,Productivity,Mammal (cited in Duncan 2007),Hoyle 2001,"Hoyle, S. D., A. R. Pople, and G. J. Toop. 2001. Mark-recapture may reveal more about ecology than about population trends: demography of a threatened ghost bat (Macroderma gigas) population. Austral Ecology 26:80–92.",
2482,Productivity,Mammal (cited in Duncan 2007),Jimenez 1992,"Jimenez, J. E., P. Feinsinger, and F. M. Jaksic. 1992. Spatiotemporal patterns of an irruption and decline of small mammals in northcentral Chile. Journal of Mammalogy 73:356–364.",
2483,Productivity,Mammal (cited in Duncan 2007),Korpimaki 1991,"Korpimaki, E., K. Norrdahl, and T. Rinta-Jaskari. 1991. Responses of stoats and least weasels to fluctuating food abundances: is the low phase of the vole cycle due to mustelid predation? Oecologia 88:552–561.",
2484,Productivity,Mammal (cited in Duncan 2007),Krebs 1979,"Krebs, C. J. 1979. Dispersal, spacing behaviour, and genetics in relation to population fluctuations in the vole Microtus townsendii. Fortschitte der Zoologie 25:61–77.",
2485,Productivity,Mammal (cited in Duncan 2007),Krebs 1999,"Krebs, C. J., A. R. E. Sinclair, R. Boonstra, S. Boutin, K. Martin, and J. N. M. Smith. 1999. Community dynamics of vertebrate herbivores: how can we untangle the web? Pages. 447–473 in H. Olff, V. K. Brown, and R. H. Drent, editors. Herbivores: between plants and predators. Blackwell Science, Oxford, UK.",
2486,Productivity,Mammal (cited in Duncan 2007),Larter 1994,"Larter, N. C. 1994. Plant-herbivore dynamics associated with an erupting ungulate population: a test of hypotheses. Dissertation. University of British Columbia, Vancouver, British Columbia, Canada.",
2487,Productivity,Mammal (cited in Duncan 2007),Le Henaff 1989,"Le Henaff, D., and M. Crete. 1989. Introduction of muskoxen in northern Quebec: The demographic explosion of a colonizing herbivore. Canadian Journal of Zoology 67:1102–1105.",
2488,Productivity,Mammal (cited in Duncan 2007),Loison 199–,"Loison, A., C. Toïgo, J. Appolinaire, and J. Michallet.  2002. Demographic processes in colonizing populations of isard (Rupicapra pyrenaica) and ibex (Capra ibex).  Journal of Zoology, London 256:199–205.",
2489,Productivity,Mammal (cited in Duncan 2007),Maas 1997,"Maas, S. 1997. Population dynamics and control of feral goats in a semi-arid environment. Dissertation. University of Canberra, Canberra, Australia.",
2490,Productivity,Mammal (cited in Duncan 2007),MacLulich 1937,"MacLulich, D. A. 1937. Fluctuations in the numbers of the varying hare (Lepus americanus). University of Toronto Press, Toronto, Ontario, Canada.",
2491,Productivity,Mammal (cited in Duncan 2007),Mahood 1985,"Mahood, I. T. 1985. Some aspects of ecology and the control of feral goats (Capra hircus L.) in western NSW. Dissertation. Macquarie University, Sydney, Australia.",
2492,Productivity,Mammal (cited in Duncan 2007),Marcstrom 1990,"Marcstrom, V., N. Hoglund, and C. J. Krebs. 1990. Periodic fluctuations in small mammals at Boda, Sweden, from 1961 to 1968. Journal of Animal Ecology 59:753–761.",
2493,Productivity,Mammal (cited in Duncan 2007),McCorquodale 1988,"McCorquodale, S. M., L. L. Eberhardt, and L. E. Eberhardt. 1988. Dynamics of a colonizing elk population.  Journal of Wildlife Management 52:309–313.",
2494,Productivity,Mammal (cited in Duncan 2007),McCullough 1992,"McCullough, D. R. 1992. Concepts of herbivore population dynamics. Pages 967–984 in D. R. McCullough and R. H. Barrett, editors. Wildlife 2001: populations. Elsevier, New York, New York, USA.",
2495,Productivity,Mammal (cited in Duncan 2007),Olesiuk 1990,"Olesiuk, P. F., M. A. Bigg, and G. M. Ellis. 1990. Life history and population dynamics of resident killer whales (Orcinus orca) in the coastal waters of British Columbia and Washington State. Report of the International Whaling Commission (Special Issue) 12:209–243.",
2496,Productivity,Mammal (cited in Duncan 2007),Owen-Smith 1990,"Owen-Smith, N. 1990. Demography of a large herbivore, the greater kudu Tragelaphus strepsiceros, in relation to rainfall. Journal of Animal Ecology 59:893–913.",
2497,Productivity,Mammal (cited in Duncan 2007),Parkes 1996,"Parkes, J., R. Henzell, and G. Pickles. 1996. Managing vertebrate pests: feral goats. Australian Government Publishing Service, Canberra, Australia.",
2498,Productivity,Mammal (cited in Duncan 2007),Peterson 1994,"Peterson, R. O. 1994. Ecological studies of wolves on Isle Royale, annual report – 1993–1994. Isle Royal Natural History Association, Houghton, Michigan, USA.",
2499,Productivity,Mammal (cited in Duncan 2007),Redhead 1982,"Redhead, T. D. 1982. Reproduction, growth and population dynamics of house mice (Mus domesticus) in southeastern Australia. Dissertation. Australian National University, Canberra, Australia.",
2500,Productivity,Mammal (cited in Duncan 2007),Robinson 1986,"Robinson, J. G., and K. H. Redford. 1986. Intrinsic rate of natural increase in Neotropical forest mammals: relationship to phylogeny and diet. Oecologia 68:516–520.",
2501,Productivity,Mammal (cited in Duncan 2007),Ross 1992,"Ross, C.  1992.  Environmental correlates of the intrinsic rate of natural increase in primates.  Oecologia 90:383–390.",
2502,Productivity,Mammal (cited in Duncan 2007),Scheffer 1951,"Scheffer, V. B. 1951. The rise and fall of a reindeer herd.  Scientific Monthly 73:356–362.",
2503,Productivity,Mammal (cited in Duncan 2007),Schmitz 1984,"Schmitz, O. J., and D. M. Lavigne. 1984. Intrinsic rate of increase, body size, and specific metabolic rate in marine mammals. Oecologia 62:305–309.",
2504,Productivity,Mammal (cited in Duncan 2007),Sinclair 1995,"Sinclair, A. R. E. 1995. Population limitation of resident herbivores. Pages 194–219 in A. R. E. Sinclair and P. Arcese, editors. Serengeti II: Dynamics, management and conservation of an ecosystem. University of Chicago Press, Chicago, Illinois, USA.",
2505,Productivity,Mammal (cited in Duncan 2007),Sinclair 1996,"Sinclair, A. R. E. 1996. Mammal populations: fluctuation, regulation, life history theory and their implications for conservation. Pages 127–154 in R. B. Floyd, A. W. Shepherd, and P. J. De Barro, editors. Frontiers of population ecology. CSIRO Publishing, Melbourne, Australia. ",
2506,Productivity,Mammal (cited in Duncan 2007),Singer 1994,"Singer, F. J., and J. E. Norland. 1994. Niche relationships within a guild of ungulate species in Yellowstone National Park, Wyoming, following release from artificial controls. Canadian Journal of Zoology 72:1383–1394.",
2507,Productivity,Mammal (cited in Duncan 2007),Skeat 1990,"Skeat, A. 1990. Feral buffalo in Kakadu National Park: survey methods, population dynamics and control. Dissertation. University of Canberra, Canberra, Australia. ",
2508,Productivity,Mammal (cited in Duncan 2007),Skinner 1983,"Skinner, J. D., and R. J. van Aarde. 1983. Observations on the trend of the breeding population of southern elephant seals, Mirounga leonina, at Marion Island. Journal of Applied Ecology 20:707–712.",
2509,Productivity,Mammal (cited in Duncan 2007),Skogland 1985,"Skogland, T. 1985. The effects of density-dependent resource limitations on the demography of wild reindeer. Journal of Animal Ecology 54:359–374.",
2510,Productivity,Mammal (cited in Duncan 2007),Stanley-Price 1989,"Stanley-Price, M. R. 1989. Animal re-introductions: The Arabian oryx in Oman. Cambridge University Press, Cambridge, United Kingdom.",
2511,Productivity,Mammal (cited in Duncan 2007),Turchin 1997,"Turchin, P., and R. S. Ostfeld. 1997. Effects of density and season on the population rate of change in the meadow vole.  Oikos 78:355–361.",
2512,Productivity,Mammal (cited in Duncan 2007),Wood 1980,"Wood, D. H. 1980. The demography of a rabbit population in an arid region of New South Wales. Journal of Animal Ecology 49:55–79.",
2513,Productivity,Mammal (cited in Duncan 2007),Young 2001,"Young, R. A. 2001. The eastern horseshoe bat, Rhinolophus megaphyllus, in south-east Queensland, Australia: colony demography and dynamics, activity levels, seasonal weight changes, and capture-recapture analyses. Wildlife Research 28:425–434.",
2514,Productivity,Bird,Sibly 2012,"Sibly, R.M., Witt, C.C., Wright, N.A., Venditti, C., Jetz, W. & Brown, J.H. (2012). Energetics, lifestyle, and reproduction in birds. Proceedings of the National Academy of Sciences, 109, 10937–10941.",
2515,Productivity,Prokaryote (cited in DeLong et al 2010),Ahn 1998,"Ahn IS, Ghiorse WC, Lion LW, Shuler ML (1998) Growth kinetics of Pseudomonas putida G7 on naphthalene and occurrence of naphthalene toxicity during nutrient deprivation. Biotech Bioeng 59:587-594.",
2516,Productivity,Prokaryote (cited in DeLong et al 2010),Akerlund 1995,"Akerlund T, Nordstrom K, Bernander R (1995) Analysis of cell size and DNA content in exponentially growing and stationary-phase batch cultures of Escherichia coli. J Bacteriol 177:6791-6797.",
2517,Productivity,Prokaryote (cited in DeLong et al 2010),Andersen 2001,"Andersen HW, Solem C, Hammer K, Jensen PR (2001) Twofold reduction of phosphofructokinase activity in Lactococcus lactis results in strong decreases in growth rate and in glycolytic flux. J Bacteriol 183:3458-3467.",
2518,Productivity,Prokaryote (cited in DeLong et al 2010),Barcena 1998,"Barcena JMB, Sin~ eriz F, Gonzalez de Llano D, Rodriguez A, Suarez JE (1998) Chemostat production of plantaricin C by Lactobacillus plantarum LL441. Appl Environ Microbiol 64:3512-3514.",
2519,Productivity,Prokaryote (cited in DeLong et al 2010),Baudet 1983,"Baudet C, Barbotin JN, Guespin-Michel J (1983) Growth and sporulation of entrapped Bacillus subtilis cells. Appl Environ Microbiol 45:297-301.",
2520,Productivity,Prokaryote (cited in DeLong et al 2010),Benthin 1995,"Benthin S, Villadsen J (1995) Different inhibition of Lactobacillus delbrueckii subsp. bulgaricus by D-and L-lactic acid: effects on lag phase, growth rate and cell yield. J Appl Microbiol 78:647-654.",
2521,Productivity,Prokaryote (cited in DeLong et al 2010),Cocaign-Bousquet 1996,"Cocaign-Bousquet M, Guyonvarch A, Lindley ND (1996) Growth rate-dependent modulation of carbon flux through central metabolism and the kinetic consequences for glucose-limited chemostat cultures of Corynebacterium glutamicum. Appl Environ Microbiol 62:429.",
2522,Productivity,Prokaryote (cited in DeLong et al 2010),Eagon 1962,"Eagon RG (1962) Pseudomonas natriegens, a marine bacterium with a generation time of less than 10 minutes. J Bacteriol 83:736-737.",
2523,Productivity,Prokaryote (cited in DeLong et al 2010),Garcia 1997,"Garcia T, Otto K, Kjelleberg S, Nelson DR (1997) Growth of Vibrio anguillarum in salmon intestinal mucus. Appl Environ Microbiol 63:1034-1039.",
2524,Productivity,Prokaryote (cited in DeLong et al 2010),Gottenbos 2000,"Gottenbos B, van der Mei HC, Busscher HJ (2000) Initial adhesion and surface growth of Staphylococcus epidermidis and Pseudomonas aeruginosa on biomedical polymers. J Biomed Mat Res 50:208-214.",
2525,Productivity,Prokaryote (cited in DeLong et al 2010),Kanamori 1987,"Kanamori K, Weiss RL, Roberts JD (1987) Role of glutamate dehydrogenase in ammonia assimilation in nitrogen-fixing Bacillus macerans. J Bacteriol 169:4692-4695.",
2526,Productivity,Prokaryote (cited in DeLong et al 2010),Kaptan 2005,"Kaptan Ölmez H, Aran N (2005) Modeling the growth kinetics of Bacillus cereus as a function of temperature, pH, sodium lactate and sodium chloride concentrations. Int J Food Microbiol 98:135-143.",
2527,Productivity,Prokaryote (cited in DeLong et al 2010),Kefford 1986,"Kefford B, Humphrey BA, Marshall KC (1986) Adhesion: a possible survival strategy for leptospires under starvation conditions. Curr Microbiol 13:247-250.",
2528,Productivity,Prokaryote (cited in DeLong et al 2010),Laishley 1968,"Laishley EJ, Bernlohr RW (1968) Regulation of arginine and proline catabolism in Bacillus licheniformis. J Bacteriol 96:322-329.",
2529,Productivity,Prokaryote (cited in DeLong et al 2010),Larson 1959,"Larson AD, Treick RW, Edwards CL, Cox CD (1959) Growth studies and plate counting of Leptospires. J Bacteriol 77:361-366.",
2530,Productivity,Prokaryote (cited in DeLong et al 2010),Lartigue 2003,"Lartigue C, Blanchard A, Renaudin J, Thiaucourt F, Sirand-Pugnet P (2003) Host specificity of mollicutes oriC plasmids: functional analysis of replication origin. Nuc Acids Res 31:6610-6618.",
2531,Productivity,Prokaryote (cited in DeLong et al 2010),Lee 1980,"Lee KJ, Skotnicki ML, Tribe DE, Rogers PL (1980) Kinetic studies on a highly productive strain of Zymomonas mobilis. Biotech Lett 2:339-344.",
2532,Productivity,Prokaryote (cited in DeLong et al 2010),Loh 1984,"Loh WH, Randles CI, Sharp WR, Miller RH (1984) Intermediary carbon metabolism of Azospirillum brasilense. Journal of bacteriology 158:264-268.",
2533,Productivity,Prokaryote (cited in DeLong et al 2010),Malin 2001,"Malin G, Paoletti LC (2001) Use of a dynamic in vitro attachment and invasion system (DIVAS) to determine influence of growth rate on invasion of respiratory epithelial cells by group B Streptococcus. Proc Natl Acad Sci U S A 98:13335-13340.",
2534,Productivity,Prokaryote (cited in DeLong et al 2010),Mason 1935,Mason MM (1935) A comparison of the maximal growth rates of various bacteria under optimal conditions. J Bacteriol 29:103-110.,
2535,Productivity,Prokaryote (cited in DeLong et al 2010),Morse 1978,"Morse SA, Hebeler BH (1978) Effect of pH on the growth and glucose metabolism of Neisseria gonorrhoeae. Inf Imm 21:87-95.",
2536,Productivity,Prokaryote (cited in DeLong et al 2010),Nanninga 1987,"Nanninga HJ, Gottschal JC (1987) Properties of Desulfovibrio carbinolicus sp. nov. and other sulfate-reducing bacteria isolated from an anaerobic-purification plant. Appl Environ Microbiol 53:802-809.",
2537,Productivity,Prokaryote (cited in DeLong et al 2010),O'Sullivan 1999,"O'Sullivan TF, Fitzgerald GF (1999) Electrotransformation of industrial strains of Streptococcus thermophilus. J Appl Microbiol 86:275-283.",
2538,Productivity,Prokaryote (cited in DeLong et al 2010),Okereke 1993,Okereke GU (1993) Growth yield of denitrifiers using nitrous oxide as a terminal electron acceptor. World J Microbiol Biotech 9:59-62.,
2539,Productivity,Prokaryote (cited in DeLong et al 2010),Peterson 2001,"Peterson S, Fraser C (2001) The complexity of simplicity. Gen Biol 2:1-7.",
2540,Productivity,Prokaryote (cited in DeLong et al 2010),Powell 1956,"Powell E (1956) Growth rate and generation time of bacteria, with special reference to continuous culture. J Gen Microbiol 15:492.",
2541,Productivity,Prokaryote (cited in DeLong et al 2010),Powell 1956,"Powell EO (1956) Growth rate and generation time of bacteria, with special reference to continuous culture. Journal of general microbiology 15:492.",
2542,Productivity,Prokaryote (cited in DeLong et al 2010),Pritchard 1975,"Pritchard MA, Langley D, Rittenberg S (1975) Effects of methotrexate on intraperiplasmic and axenic growth of Bdellovibrio bacteriovorus. Journal of Bacteriology 121:1131-1136.",
2543,Productivity,Prokaryote (cited in DeLong et al 2010),Reichelt 1974,"Reichelt JL, Baumann P (1974) Effect of sodium chloride on growth of heterotrophic marine bacteria. Arch Microbiol 97:329-345.",
2544,Productivity,Prokaryote (cited in DeLong et al 2010),Rubin 1986,Rubin LG (1986) Comparison of in vivo and in vitro multiplication rates of Haemophilus influenzae type b. Inf Imm 52:911-913.,
2545,Productivity,Prokaryote (cited in DeLong et al 2010),Seto 1998,"Seto S, Miyata M (1998) Cell reproduction and morphological changes in Mycoplasma capricolum. J Bacteriol 180:256-264.",
2546,Productivity,Prokaryote (cited in DeLong et al 2010),Seybert 2006,"Seybert A, Herrmann R, Frangakis AS (2006) Structural analysis of Mycoplasma pneumoniae by cryo-electron tomography. J Struct Biol 156:342-354.",
2547,Productivity,Prokaryote (cited in DeLong et al 2010),Small 1986,"Small PM, Tauber MG, Hackbarth CJ, Sande MA (1986) Influence of body temperature on bacterial growth rates in experimental pneumococcal meningitis in rabbits. Inf Imm 52:484-487.",
2548,Productivity,Prokaryote (cited in DeLong et al 2010),Streit 1991,"Streit W, Kipe-Nolt J, Werner D (1991) Competitive growth of Rhizobium leguminosarum bv. phaseoli strains under oligotrophic conditions. Curr Microbiol 23:159-163.",
2549,Productivity,Prokaryote (cited in DeLong et al 2010),Takahashi 2004,"Takahashi H, Hirose K, Watanabe H (2004) Necessity of meningococcal gamma-glutamyl aminopeptidase for Neisseria meningitidis growth in rat cerebrospinal fluid (CSF) and CSF-like medium. J Bacteriol 186:244-247.",
2550,Productivity,Prokaryote (cited in DeLong et al 2010),Wentland 1996,"Wentland EJ, Stewart PS, Huang CT, McFeters GA (1996) Spatial variations in growth rate within Klebsiella pneumoniae colonies and biofilm. Biotech Prog 12:316-321.",
2551,Productivity,Protist,Caron et al. 1986,"Caron, David A., Joel C. Goldman, and Mark R. Dennett. “Effect of Temperature on Growth, Respiration, and Nutrient Regeneration by an Omnivorous Microflagellate.” Applied and environmental microbiology 52.6 (1986): 1340–1347. Print.",
2552,Productivity,Protist,Rose and Caron 2007,"Rose, Julie M., and David A. Caron. “Does Low Temperature Constrain the Growth Rates of Heterotrophic Protists? Evidence and Implications for Algal Blooms in Cold Waters.” Limnology and Oceanography 52.2 (2007): 886–895. Print.",
2553,Productivity,Protist and Prokaryote,DeLong 2010,"DeLong, J. P., J. G. Okie, M. E. Moses, R. M. Sibly, and J. H. Brown. 2010. Shifts in metabolic scaling, production, and efficiency across major evolutionary transitions of life. Proceedings of the National Academy of Sciences 107, no. 29: 12941-12945. doi:10.1073/pnas.1007783107.",
2554,Productivity,Protist and Prokaryote,DeLong et al. 2010,"DeLong, J. P. et al. “Shifts in Metabolic Scaling, Production, and Efficiency across Major Evolutionary Transitions of Life.” Proceedings of the National Academy of Sciences 107.29 (2010): 12941–12945. Print.",
2555,Productivity,Various,Cole 1958,"Cole, Lamont C. “The Population Consequences of Life History Phenomena.” Quarterly Review of Biology (1954): 103–137. Print.",
2556,Productivity,Various,Ernest 2003,"Ernest, S. K.M et al. “Thermodynamic and Metabolic Effects on the Scaling of Production and Population Energy Use.” Ecology Letters 6.11 (2003): 990–995. Print.",
2557,Productivity,Various,Fenchel,"Fenchel, T. “Intrinsic Rate of Natural Increase: The Relationship with Body Size.” Oecologia 14.4 (1974): 317–326. Print.",
2558,Productivity,Various,Savage 2004,"Savage, V. M., J. F. Gilloly, J. H. Brown, and E. L. Charnov. 2004. Effects of body size and temperature on population growth. The American Naturalist 163, no. 3: 429-441. doi:10.1086/381872.",
2559,Productivity,Various,Tang 1995,"Tang, Evonne PY. “The Allometry of Algal Growth Rates.” Journal of Plankton Research 17.6 (1995): 1325–1335. Print.",
2560,Productivity,Various (cited in Ernest et al. 2003),Delany 1979,"Delany, M. J., and D. C. D. Happold. 1979. The ecology of African mammals. Longman Press, London, UK. ",
2561,Productivity,Various (cited in Ernest et al. 2003),Eisenberg 1981,"Eisenberg, J. F. 1981. The Mammalian Radiations: an analysis of trends in evolution, adaptation, and behaviour. University of Chicago Press, Chicago, Illinois, USA. ",
2562,Productivity,Various (cited in Ernest et al. 2003),Eisenberg 1989,"Eisenberg, J. F. 1989. Mammals of the Neotropics. Vol. 1. University of Chicago Press, Chicago, Illinois, USA. ",
2563,Productivity,Various (cited in Ernest et al. 2003),Emmons 1990,"Emmons, L. H. 1990. Neotropical rainforest mammals. University of Chicago Press, Chicago, Illinois, USA ",
2564,Productivity,Various (cited in Ernest et al. 2003),Garbutt 1999,"Garbutt, N. 1999. Mammals of Madagascar. Yale University Press, New Haven, Connecticut, USA. ",
2565,Productivity,Various (cited in Ernest et al. 2003),Gittleman 1989,"Gittleman, J. L., editor. 1989. Carnivore behavior, ecology, and evolution. Comstock Publishing Associates, Ithaca, New York, USA. ",
2566,Productivity,Various (cited in Ernest et al. 2003),Harvey 1985,"Harvey, P. H., and T. H. Clutton-Brock. 1985. Life-history variation in primates. Evolution 39:559–581. ",
2567,Productivity,Various (cited in Ernest et al. 2003),Hayssen 1993,"Hayssen,V., and A. Van Tienhoven. 1993. Asdell’s patterns of mammalian reproduction. Comstock Publishing Associates, Ithaca, New York, USA. ",
2568,Productivity,Various (cited in Ernest et al. 2003),Heptner 1961,"Heptner, V. G., A. A. Nasimovich, and A. G. Bannikov. 1961. Mammals of the Soviet Union. Vol. 1. VysshayaShkola Publishers, Moscow, USSR. ",
2569,Productivity,Various (cited in Ernest et al. 2003),Hoffmeister 1986,"Hoffmeister, D. F. 1986. Mammals of Arizona. University of Arizona Press, Tucson, Arizona, USA. ",
2570,Productivity,Various (cited in Ernest et al. 2003),Kappeler 2003,"Kappeler, P. M., and M. E. Pereiva, editors. 2003. Primate life histories and sociology. University of Chicago Press, Chicago, Illinois, USA. ",
2571,Productivity,Various (cited in Ernest et al. 2003),Keltie 1988,"Keltie, R. A. 1988. Gestation as a constraint on the evolution of seasonal breeding in mammals. Pages 257–258 in M. S. Boyce, editor. Evolution of Life Histories of Mammals. YaleUniversity Press, New Haven, Connecticut, USA.. ",
2572,Productivity,Various (cited in Ernest et al. 2003),McDonald 1984,"McDonald, J. N. 1984. The reordered North American selection regime and late Quaternary Megafaunal Extinctions. In P. S. Martin, and R. G. Klein, editors. Quaternary Extinctions. University of Arizona Press, Tucson, Arizona, USA. ",
2573,Productivity,Various (cited in Ernest et al. 2003),Millar 1977,"Millar, J. S. 1977. Adaptive features of mammalian reproduction. Evolution 31:370–386. ",
2574,Productivity,Various (cited in Ernest et al. 2003),Murie 1984,"Murie, J. O., and G. R. Michener, editors. 1984. The Biology of Ground-Dwelling Squirrels. University of Nebraska Press, Lincoln, Nebraska, USA. ",
2575,Productivity,Various (cited in Ernest et al. 2003),Nowak 1999,"Nowak, R. M. 1999. Walker’s Mammals of the World. Volume 1 and 2. John Hopkins University Press, Baltimore, Maryland, USA. ",
2576,Productivity,Various (cited in Ernest et al. 2003),Parker 1989,"Parker, S. P., editor. 1989. Grzmek’s Encyclopedia of Mammals. McGraw-Hill, New York, New York, USA. ",
2577,Productivity,Various (cited in Ernest et al. 2003),Purvis 1995,"Purvis, A., and P. H. Harvey. 1995. Mammal life-history evolution: a comparative test of Charnov’s model. Journal of Zoology 237:259–283. ",
2578,Productivity,Various (cited in Ernest et al. 2003),Redford 1992,"Redford, K. H., and J. F. Eisenberg. 1992. Mammals of the Neotropics. Vol. 2. University of Chicago Press, Chicago, Illinois, USA. ",
2579,Productivity,Various (cited in Ernest et al. 2003),Saether 1994,"Saether, B. E., and I. J. Gordon. 1994. The adaptive significance of reproductive strategies in ungulates. Proceedings of the Royal Society of London 256:263–268. ",
2580,Productivity,Various (cited in Ernest et al. 2003),Silva 1995,"Silva, M., and J. A. Downing. 1995. CRC Handbook of Mammalian Body Masses. CRC Press, Boca Raton, Florida, USA. ",
2581,Productivity,Various (cited in Ernest et al. 2003),Smith 2003,"Smith, F.A., S. K. Lyons, S. K. M. Ernest, K. E. Jones, D. M. Kaufman, T. Dayan, P. A. Marquet, J. H. Brown, and J. P. Haskell. Body mass of late Quaternary mammals. 2003. Ecological Archives E084-094. ",
2582,Productivity,Various (cited in Ernest et al. 2003),Strahan 1995,"Strahan, R. 1995. Mammals of Australia. Smithsonian Institution Press, Washington, D.C., USA. ",
2583,Productivity,Various (cited in Ernest et al. 2003),Swihart 1983,"Swihart, R. K. 1983. Body size, breeding season length, and life history tactics of lagomorphs. Oikos 43:282–290. ",
2584,Productivity,Various (cited in Ernest et al. 2003),Symonds 1999,"Symonds, M. R. E. 1999. Life histories of the Insectivora: the role of phylogeny, metabolism, and sex differences. ",
2585,Productivity,Various (cited in Ernest et al. 2003),Verts 1998,"Verts, B. J., and L. N. Carraway. 1998. Land Mammals of Oregon. University of California Press, Berkeley, California, USA. ",
2586,Productivity,Various (cited in Ernest et al. 2003),Wilson 1999,"Wilson, D. E. and S. Ruff, editors. 1999. The Smithsonian Book of North American Mammals. Smithsonian Institution Press, Washington, D.C., USA. ",
2587,Productivity,Various (cited in Ernest et al. 2003),Wootton 1987,"Wootton, J. T. 1987. The effects of body mass, phylogeny, habitat, and trophic level on mammalian age at first reproduction. Evolution 41:732–749. ",
2588,Various,Various,AnAge Data,"Tacutu, R., Craig, T., Budovsky, A., Wuttke, D., Lehmann, G., Taranukha, D., Costa, J., Fraifeld, V. E., de Magalhaes, J. P. (2013) ""Human Ageing Genomic Resources: Integrated databases and tools for the biology and genetics of ageing."" Nucleic Acids Research 41(D1):D1027-D1033. PubMed",
2589,Various,Various,Hatton 2015,"Hatton, I. A., K. S. McCann, J. M. Fryxell, T. J. Davies, M. Smerlak, A. R. E. Sinclair, and M. Loreau. 2015. The predator-prey power law: Biomass scaling across terrestrial and aquatic biomes. Science 349:aac6284.",
2590,MammalRange,Torpor Metabolism,Augee and Ealey 1968 ,"Augee ML, Ealey EHM (1968) Torpor in the echidna, Tachyglossus aculeatus. J Mammal 49 :446454 ",
2591,MammalRange,Torpor Metabolism,Barnes 2000,"Barnes BM, Toien O, Edgar DM, Grahn_D, Heller C. 2000. Comparison of the hibernation phenotype in ground squirrels_and bears. Life in the Cold. Eleventh Int. Hibernation Symp. p. 11 (Abstr.) ",
2592,MammalRange,Torpor Metabolism,Bartholomew and Hudson 1960 ,"Bartholomew GA, Hudson JW (1960) Aestivation in the Mo- have ground squirrel, Citellus mohavensis. Bull Mus Comp Zool 124:193 208 ",
2593,MammalRange,Torpor Metabolism,Bartholomew and Hudson 1962 ,"Bartholomew GA, Hudson JW (1962) Hibernation, estivation, temperature regulation, evaporative water loss, and heart rate of the pygmy possum Cercaertus nanus. Physiol Zool 35 : 94-107 ",
2594,MammalRange,Torpor Metabolism,Bickler 1984,"Bickler PE (1984) CO2 balance of a heterothermic rodent: com- parison of sleep, torpor, and awake states. Am J Physiol 246:R49-R55 ",
2595,MammalRange,Torpor Metabolism,Cranford 1983,"Cranford JA (1983) Body temperature, heart rate and oxygen consumption of normothermic and heterothermic western jumping mice (Zapus princeps). Comp Biochem Physiol A 74:595-599 ",
2596,MammalRange,Torpor Metabolism,Dodgen and Blood 1956,"Dodgen LL, Blood FR (1956) Energy sources in the bat. Am J Physiol 187:151-154 ",
2597,MammalRange,Torpor Metabolism,Fleming 1985a ,"Fleming MR (1985a) The thermal physiology of the feathertail glider, Acrobates pygmaeus (Marsupialia: Burramyidae). Aust J Zool 33:667-681 ",
2598,MammalRange,Torpor Metabolism,Fleming 1985b ,Fleming MR (1985b) The thermal physiology of the mountain ,
2599,MammalRange,Torpor Metabolism,Florant and Heller 1977 ,"Florant G, Heller HC (1977) CNS regulation of body temperature in euthermic and hibernating marmots (Marmota flaviventris). Am J Physiol 232:R203-R208.",
2600,MammalRange,Torpor Metabolism,Geiser 1987,"Geiser F (1987) Hibernation and daily torpor in two pygmy possums (Cercartetus spp., Marsupialia). Physiol Zool 60:93 102 ",
2601,MammalRange,Torpor Metabolism,Geiser 1988,"Geiser, F. 1988. Reduction of metabolism during hibernation and daily torpor in mammals and birds: temperature effect or physiological inhibition? Journal of Comparative Physiology B 158:25–37.",
2602,MammalRange,Torpor Metabolism,Geiser and Kenagy 1987 ,"Geiser F, Kenagy GJ (1987) Polyunsaturated lipid diet leng- thens torpor and reduces body temperature in a hibernator. Am J Physiol 252:R897-R901 ",
2603,MammalRange,Torpor Metabolism,Harlow 1981,Harlow HJ. 1981. Torpor and other physiological adaptations of the badger (Taxidea taxus) to cold environment. Physiol. Zool. 54:267–75 ,
2604,MammalRange,Torpor Metabolism,Henshaw 1968,Henshaw RE (1968) Thermoregulation during hibernation: ap- plication of Newton's law of cooling. J Theoret Biol 20: 79-90 ,
2605,MammalRange,Torpor Metabolism,Herreid and Schmidt-Nielsen 1966 ,"Herreid CF, Schmidt-Nielsen K (1966) Oxygen consumption, temperature, and water loss in bats from different environ- ments. Am J Physiol 211:1108-1112 ",
2606,MammalRange,Torpor Metabolism,Hildwein 1970 ,"Hildwein G (1970) Capacites thermoregulatrices d'un mammifiere insectivore primitive, le Tenrec; leurs variations saison nieres. Arch Sci Physiol 24:55-71 ",
2607,MammalRange,Torpor Metabolism,Hildwein 1972 ,"HildweinG (1972). Cycle saisonnier des capacites thermoregulatrices, en ambiance neutre et chaude, d'un insectivore de Madagascar, L'ericulus (Setifer setosus). Arch Sci Physiol 26 :325-337 ",
2608,MammalRange,Torpor Metabolism,Hildwein and Malan 1970,"Hildwein G, Malan A (1970) Capacites thermoregulatrices du herisson en ete, en hiver, en l'absence d'hibernation. Arch Sci Physiol 24:133-143 ",
2609,MammalRange,Torpor Metabolism,Hock 1951,Hock RJ (1951) The metabolic rates and body temperatures of bats. Biol Bull 101:289-299 ,
2610,MammalRange,Torpor Metabolism,Hock 1960 ,Hock RJ (1960) Seasonal variations in physiologic functions of Arctic ground squirrels and black bears. Bull Mus Comp Zool 124:155-171 ,
2611,MammalRange,Torpor Metabolism,Hudson and Deavers 1973 ,"Hudson JW, Deavers DR (1973) Thermoregulation at high ambient temperatures of six species of ground squirrels (Sper- mophilus spp.) from different habitats. Physiol Zool 46:95-109 ",
2612,MammalRange,Torpor Metabolism,Kayser 1939,Kayser C (1939) Exchanges respiratoires des hibernants reveilles.Ann Physiol Physicochim Biol 15:1087-1219 ,
2613,MammalRange,Torpor Metabolism,Kayser 1961 ,"Kayser C (1961) The physiology of natural hibernation. Pergamon Press, Oxford ",
2614,MammalRange,Torpor Metabolism,Kayser 1964 ,Kayser C (1964) La depense d'energie des mammiferes en hibernation. Arch Sci Physiol 18:137-150 ,
2615,MammalRange,Torpor Metabolism,Kenagy and Vleck 1982 ,"Kenagy GJ, Vleck D (1982) Daily temporal organization of metabolism in small mammals: adaptation and diversity. In: Aschoff J, Daan S, Groos G (eds) Vertebrate circadian systems. Springer, Berlin Heidelberg New York, pp 322- 337 ",
2616,MammalRange,Torpor Metabolism,Lyman 1948 ,Lyman CP (1948) The oxygen consumption and temperature regulation in hibernating hamsters. J Exp Zool 109:55- 78 ,
2617,MammalRange,Torpor Metabolism,Lyman 1958,"Lyman CP (1958) Oxygen consumption, body temperature and heart rate of woodchucks entering hibernation. Am J Phys- iol 194:83-91 ",
2618,MammalRange,Torpor Metabolism,Morrison and Ryser 1962,"Morrison P, Ryser FA (1962) Metabolism and body temperature in a small hibernator, the meadow jumping mouse, Zapus hudsonicus. J Cell Comp Physiol 60:169-180 ",
2619,MammalRange,Torpor Metabolism,Muchalsky and Rybak 1978 ,"Muchalski AE, Rybak EN (1978) Energy consumption of resting and hibernating meadow jumping mice. J Mammal 59:435437 ",
2620,MammalRange,Torpor Metabolism,Newman and Cade 1964 ,"Newmann RL, Cade TJ (1964) Torpidity in the Mexican ground squirrel Citellus mexicanus parvidens (Mearns). Can J Zool 43:133-140 ",
2621,MammalRange,Torpor Metabolism,Pohl 1961,Pohl H (1961) Temperaturregulation und Tagesperiodik des Stoffwechsels bei Winterschlfifern. Z Vergl Physiol 45 : 109-153 ,
2622,MammalRange,Torpor Metabolism,Snapp and Heller 1981,"Snapp BD, Heller HC (1981) Suppression of metabolism during hibernation in ground squirrels (Citellus lateralis). Physiol Zool 54:292307 ",
2623,MammalRange,Torpor Metabolism,Steffen and Riedesel 1982 ,"Steffen JM, Riedesel MC (1982) Pulmonary ventilation and cardiac activity in hibernating and arousing golden-mantled ground squirrels (Spermophilus lateralis). Cryobiology 19 : 83-91 ",
2624,MammalRange,Torpor Metabolism,Thati 1978,Thati H (1978) Seasonal differences in Oz consumption and respiratory quotient in a hibernator (Erinaeeus europaeus L.). Ann Zool Fennici 15:69-75 ,
2625,MammalRange,Torpor Metabolism,Wang 1978,"Wang LCH, Hudson JW (1971) Temperature regulation in normothermic and hibernating eastern chipmunk, Tamias striatus. Comp Biochem Physiol 38A: 59-90",
2626,MammalRange,Torpor Metabolism,Wang and Hudson 1971 ,"Wang LCH (1978) Energetic and field aspects of mammalian torpor: the Richardson's ground squirrel. In: Wang LCH, Hudson JW (eds) Strategies in cold. Academic Press, New York, pp 109-145 ",
2627,MammalRange,Torpor Metabolism,Watts 1981,"Watts PD, Oritsland NA, Jonkel C, Ronald K. 1981. Mammalian hibernation and the oxygen consumption of a denning black bear (Ursus americanus). Comp. Biochem. Physiol. 69A:121–23",
2628,MammalRange,Torpor Metabolism,Withers 1990,"Withers PC, Richardson KC, Wooller RD. 1990. Metabolic physiology of euthermic and torpid honey possums, Tarsipes rostratus. Aust. J. Zool. 37:685–93 ",
2629,MammalRange,Max metabolism,Bozinovic & Rosenmann 1989,"Bozinovic, F., and M. Rosenmann. 1989. Maximum metabolic rate of rodents: physiological and ecological consequences on distributional limits. Functional Ecology:173–181.",
2630,MammalRange,Max metabolism,"Caviedes-Vidal, Bozinovic & Rosenmann 1987","Caviedes-Vidal, E., F. Bozinovic, and M. Rosenmann. 1987. Thermal freedom of Graomys griseoflavus in a seasonal environment. Comparative biochemistry and physiology. A, Comparative physiology 87:257–259.",
2631,MammalRange,Max metabolism,"Hulbert,Hinds & MacMillen 1985","Hulbert, A. J., D. S. Hinds, and R. E. MacMillen. 1985. Minimal metabolism, summit metabolism and plasma thyroxine in rodents from different environments. Comparative biochemistry and physiology. A, Comparative physiology 81:687–693.",
2632,MammalRange,Max metabolism,Rosenmann 1977 ,"Rosenmann, M.A., 1977. Regulacion t _ermica en Octodon degus. Medio Ambiente Chile. 3, 127__131.  ",
2633,MammalRange,Max metabolism,Rosenmann & Morrison 1974,"Rosenmann, M., and P. Morrison. 1974. Maximum oxygen consumption and heat loss facilitation in small homeotherms by He-O2. American Journal of Physiology–Legacy Content 226:490–495.",
2634,MammalRange,Max metabolism,"Rosenmann, Morrison & Feist 1975","Rosenmann, M., P. Morrison, and D. Feist. 1975. Seasonal changes in the metabolic capacity of red-backed voles. Physiological Zoology 48:303–310.",
2635,MammalRange,Max metabolism,Weibel et al 2004,"Weibel ER, Bacigalupe LD, Schmitt B, Hoppeler H: Allometric scaling of maximal metabolic rate in mammals: muscle aerobic capacity as determinant factor. Respir Physiol Neurobiol 2004, 140:115-132. ",
2636,MammalRange,Max metabolism,Abdelmalki et al. (1996) ,"Abdelmalki, A., Fimbel, S., Mayet Sornay, M.H., Sempore, B., Favier, R., 1996. Aerobic capacity and skeletal muscle properties of normoxic and hypoxic rats in response to training. Pflugers Arch. Eur. J. Physiol. 431, 671–679. ",
2637,MammalRange,Max metabolism,Chappell et al. (2003) ,"Chappell, M.A., Rezende, E.L., Hammond, K.A., 2003. Age and aerobic performance in deer mice. J. Exp. Biol. 206, 1221– 1231. ",
2638,MammalRange,Max metabolism,Dohm et al. (2001) ,"Dohm, M.R., Hayes, J.P., Garland Jr., T., 2001. The quantitative genetics of maximal and basal rates of oxygen consumption in mice. Genetics 159, 267–277. ",
2639,MammalRange,Max metabolism,Gonzalez et al. (1998) ,"Gonzalez, N.C., Clancy, R.L., Moue, Y., Richalet, J.P., 1998. Increasing maximal heart rate increases maximal O2 uptake in rats acclimatized to simulated altitude. J. Appl. Physiol. 84, 164–168. ",
2640,MammalRange,Max metabolism,Gosselin et al. (1997) ,"Gosselin, L.E., Megirian, D., Rodman, J., Mueller, D., Farkas, G.A., 1997. Respiratory muscle reserve in rats during heavy exercise. J. Appl. Physiol. 83, 1405–1409. ",
2641,MammalRange,Max metabolism,Hoppeler and Fluck (2002) ,"Hoppeler, H., Fluck, M., 2002. Normal mammalian skeletal muscle and its phenotypic plasticity. J. Exp. Biol. 205, 2143–2152. ",
2642,MammalRange,Max metabolism,Hoppeler et al. (1984) ,"Hoppeler, H., Lindstedt, S.L., Uhlmann, E., Niesel, A., Cruz Orive, L.W.E.R., 1984. Oxygen consumption and the composition of skeletal muscle tissue after training and inactivation in the European woodmouse (Apodemus sylvaticus). J. Comp. Physiol. B 155, 51–61. ",
2643,MammalRange,Max metabolism,Hoppeler et al. (1987),"Hoppeler, H., Kayar, S.R., Claassen, H., Uhlmann, E., Karas, R.H., 1987. Adaptive variation in the mammalian respiratory system in relation to energetic demand: III Skeletal muscles: setting the demand for oxygen. Respir. Physiol. 69, 27–46. ",
2644,MammalRange,Max metabolism,Jose-Cunilleras et al. (2002) ,"Jose-Cunilleras, E., Hinchcliff, K.W., Sams, R.A., Devor, S.T., Linderman, J.K., 2002. Glycemic index of a meal fed before exercise alters substrate use and glucose flux in exercising horses. J. Appl. Physiol. 92, 117–128. ",
2645,MammalRange,Max metabolism,Kayar et al. (1989),"Kayar, S.R., Hoppeler, H., Lindstedt, S.L., Claassen, H., Jones, J.H., Taylor, C.R., 1989. Total muscle mitochondrial volume in relation to aerobic capacity of horses and steers. Pflugers Arch. 413, 343–347. ",
2646,MammalRange,Max metabolism,Kemi et al. (2002) ,"Kemi, O.J., Loennechen, J.P., Wisloff, U., Ellingsen, O., 2002. Intensity-controlled treadmill running in mice: cardiac and skeletal muscle hypertrophy. J. Appl. Physiol. 93, 1301–1309. ",
2647,MammalRange,Max metabolism,Kindig et al. (2001) ,"Kindig, C.A., McDonough, P., Erickson, H.H., Poole, D.C., 2001. Effect of L-NAME on oxygen uptake kinetics during heavy-intensity exercise in the horse. J. Appl. Physiol. 91, 891–896. ",
2648,MammalRange,Max metabolism,Lacombe et al. (2001),"Lacombe, V.A., Hinchcliff, K.W., Geor, R.J., Baskin, C.R., 2001. Muscle glycogen depletion and subsequent replenishment affect anaerobic capacity of horses. J. Appl. Physiol. 91, 1782–1790. ",
2649,MammalRange,Max metabolism,Lambert et al. (1996) ,"Lambert, M.I., Van Zyl, C., Jaunky, R., Lambert, E.V., Noakes, T.D., 1996. Tests of running performance do not predict subsequent spontaneous running in rats. Physiol. Behav. 60, 171–176. ",
2650,MammalRange,Max metabolism,Lindstedt et al. (1991),"Lindstedt, S.L., Hokanson, J.F., Wells, D.J., Swain, S.D., Hoppeler, H., Navarro, V., 1991. Running energetics in the pronghorn antelope. Nature 353, 748–750. ",
2651,MammalRange,Max metabolism,Longworth et al. (1989),"Longworth, K.E., Jones, J.H., Bicudo, J.E.P.W., Taylor, C.R., Weibel, E.R., 1989. High rate of O2 consumption in exercising foxes: large PO2 difference drives diffusion across the lung. Respir. Physiol. 77, 263–276. ",
2652,MammalRange,Max metabolism,Mathieu et al. (1981),"Mathieu, O., Krauer, R., Hoppeler, H., Gehr, P., Lindstedt, S.L., Alexander, R.M., Taylor, C.R., Weibel, E.R., 1981. Design of the mammalian respiratory system. VII. Scaling mitochondrial volume in skeletal muscle to body mass. Respir. Physiol. 44, 113–128. ",
2653,MammalRange,Max metabolism,Maxwell et al. (1998) ,"Maxwell, A.J., Schauble, E., Bernstein, D., Cooke, J.P., 1998. Limb blood flow during exercise is dependent on nitric oxide. Circulation 98, 369–374. ",
2654,MammalRange,Max metabolism,McClelland et al. (1999) ,"McClelland, G.B., Hochachka, P.W., Weber, J.M., 1999. Effect of high-altitude acclimation on NEFA turnover and lipid utilization during exercise in rats. Am. J. Physiol. 277, E1095– E1102. ",
2655,MammalRange,Max metabolism,McKeever and Malinowski (1997) ,"McKeever, K.H., Malinowski, K., 1997. Exercise capacity in young and old mares. Am. J. Vet. Res. 58, 1468–1472. ",
2656,MammalRange,Max metabolism,Niebauer et al. (1999) ,"Niebauer, J., Maxwell, A.J., Lin, P.S., Tsao, P.S., Kosek, J., Bernstein, D., Cooke, J.P., 1999. Impaired aerobic capacity in hypercholesterolemic mice: partial reversal by exercise training. Am. J. Physiol. 276, H1346–H1354. ",
2657,MammalRange,Max metabolism,Niederhoffer et al. (2000) ,"Niederhoffer, N., Kieffer, P., Desplanches, D., Lartaud-Idjouadiene, I., Sornay, M.H., Atkinson, J., 2000. Physical exercise, aortic blood pressure, and aortic wall elasticity and composition in rats. Hypertension 35, 919–924. ",
2658,MammalRange,Max metabolism,Schefer and Talan (1996) ,"Schefer, V., Talan, M.I., 1996. Oxygen consumption in adult and AGED C57BL/6J mice during acute treadmill exercise of different intensity. Exp. Gerontol. 31, 387–392. ",
2659,MammalRange,Max metabolism,Seeherman et al. (1981) ,"Seeherman, H.J., Taylor, C.R., Maloiy, G.M.O., Armstrong, R.B., 1981. Design of the mammalian respiratory system. II. Measu- ring maximum aerobic capacity. Respir. Physiol. 44, 11–23. ",
2660,MammalRange,Max metabolism,Swallow et al. (1998) ,"Swallow, J.G., Garland Jr., T., Carter, P.A., Zhan, W.Z., Sieck, G.C., 1998. Effects of voluntary activity and genetic selection on aerobic capacity in house mice (Mus domesticus). J. Appl. Physiol. 84, 69–76. ",
2661,MammalRange,Max metabolism,Tanaka et al. (1997) ,"Tanaka, T., Ohira, Y., Danda, M., Hatta, H., Nishi, I., 1997. Improved fatigue resistance not associated with maximum oxygen consumption in creatine-depleted rats. J. Appl. Physiol. 82, 1911–1917. ",
2662,MammalRange,Max metabolism,Turner et al. (1995) ,"Turner, D.L., Hoppeler, H., Hokanson, J., Weibel, E.R., 1995. Cold acclimation and endurance training in guinea pigs: changes in daily and maximal metabolism. Respir. Physiol. 101, 183– 188. ",
2663,MammalRange,Max metabolism,Tyler et al. (1996),"Tyler, C.M., Golland, L.C., Evans, D.L., Hodgson, D.R., Rose, R.J., 1996. Changes in maximum oxygen uptake during prolonged training, overtraining, and detraining in horses. J. Appl. Physiol. 81, 2244–2249. ",
2664,MammalRange,Max metabolism,Vock et al. (1996),"Vock, R., Hoppeler, H., Claassen, H., Wu, D.X.Y., Billeter, R., Weber, J.M., Taylor, C.R., Weibel, E.R., 1996. Design of the oxygen and substrate pathways. VI. Structural basis of intracellular substrate supply to mitochondria in muscle cells. J. Exp. Biol. 199, 1689–1697. ",
2665,MammalRange,Max metabolism,Weibel et al. (1983) ,"Weibel, E.R., Taylor, C.R., O’Neil, J.J., Leith, D.E., Gehr, P., Hoppeler, H., Langman, V., Baudinette, R.V., 1983. Maximal oxygen consumption and pulmonary diffusing capacity: a direct comparison of physiologic and morphometric measurements in canids. Respir. Physiol. 54, 173–188. ",
2666,MammalRange,Max metabolism,Weibel et al 2004,"Weibel, E. R., L. D. Bacigalupe, B. Schmitt, and H. Hoppeler. 2004. Allometric scaling of maximal metabolic rate in mammals: muscle aerobic capacity as determinant factor. Respiratory physiology & neurobiology 140:115–132.",
2667,MammalRange,Max metabolism,Widmer et al. (1997) ,"Widmer, H.R., Hoppeler, H., Nevo, E., Taylor, C.R., Weibel, E.R., 1997. Working underground: respiratory adaptations in the blind mole rat. Proc. Natl. Acad. Sci. U.S.A. 94, 2062– 2067. ",
2668,MammalRange,Torpor Metabolism,Geiser 2004,"Geiser, F. 2004. Metabolic rate and body temperature reduction during hibernation and daily torpor. Annu. Rev. Physiol. 66:239–274.",
2669,MammalRange,Torpor Metabolism,Song 1997,"Song X, Kortner G, Geiser F. 1997. Thermal relations of metabolic rate reduction in a hibernating marsupial. Am. J. Physiol. Regul. Integr. Comp. Physiol. 273:R2097–104 ",
2670,MammalRange,Cell culture metabolism,Brown Gratton Stuart 2007,"Brown, M. F., T. P. Gratton, and J. A. Stuart. 2007. Metabolic rate does not scale with body mass in cultured mammalian cells. American Journal of Physiology-Regulatory, Integrative and Comparative Physiology 292:R2115–R2121.",
2671,MammalRange,Cell culture metabolism,Porter 2001,"Porter, R. K. 2001. Allometry of mammalian cellular oxygen consumption. Cellular and Molecular Life Sciences CMLS 58:815–822.",
2672,MammalRange,Cell culture metabolism,Robb 2012,"Robb, E. L., L. A. Maddalena, V. A. Dunlop, T. Foster, and J. A. Stuart. 2012. Absence of metabolic rate allometry in an ex vivo model of mammalian skeletal muscle. Comparative Biochemistry and Physiology Part A: Molecular & Integrative Physiology 162:157–162.",
2673,MammalRange,Cell culture metabolism,Glazier 2017,"Glazier, D. S. 2015. Body-mass scaling of metabolic rate: what are the relative roles of cellular versus systemic effects? Biology 4:187–199.",
2674,MammalRange,Ontogenetic growth,Acosta 1972,"Acosta, A. L. 1972. Hand-rearing a litter of maned wolves at Los Angeles Zoo.Int. Zoo Yb., 12: 170- 174.",
2675,MammalRange,Ontogenetic growth,Adams 1959,"Adams, L. 1959. An analysis of a population of snow_ shoe hares in northwestern Montana . Ecol. Monogr., 29: 141- 170.",
2676,MammalRange,Ontogenetic growth,Altman 1972,"Altman, P. L., And D. S. Dittmer. 1972. Biology Data Book, Vol. I. Fed. Am. Soc. Expt. Biol.",
2677,MammalRange,Ontogenetic growth,Amoroso 1951,"Amoroso, E. C., And L. H. Matthews. 1951. The growth of the grey seal (Halichoerus grypus ) from birth to weaning. J. Anat., 85: 427-428 .",
2678,MammalRange,Ontogenetic growth,Asdell 1964,"Asdell, S. A. 1964. Patterns of Mammalian Reproduc_ tion. Cornell Univ. Press, Ithaca.",
2679,MammalRange,Ontogenetic growth,Bannikov 1967,"Bannikov, A. G. 1967. Biology of the Saiga. Israel Program for Sci. Transl., Jerusalem.",
2680,MammalRange,Ontogenetic growth,Bear 1967,"Bear, G. D., And R. M. Hansen . 1967. Food habits, growth and reproduction of white-tailed jack_ rabbits in southern Colorado. Colo. State Univ. Ag. Exp. Sta. Tech. Bull. No. 90, Fort Collins.",
2681,MammalRange,Ontogenetic growth,Bekoff 1975,"Bekoff, M., And R. Jamieson. 1975. Physical devel_ opment in Coyotes (Canis /,atrans ) with a comparison to other Canids. J. Mammal., 56: 685-692.",
2682,MammalRange,Ontogenetic growth,Birkenholz 1965,"Birkenholz, P. E., And W. 0. Wirtz. 1965. Laboratory observations on the vesper rat. J. Mammal., 46: 181-189.",
2683,MammalRange,Ontogenetic growth,Blair 1942,"Blair, W. F. 1942. Rate of development of young spotted ground squirrels. J. Mammal., 23: 342- 343.",
2684,MammalRange,Ontogenetic growth,Bobek 1969,"Bobek, B. 1969. Survival, turnover, and production of small rodents in a beech forest. Acta Ther., 14: 191-210.",
2685,MammalRange,Ontogenetic growth,Bridgewater 1966,"Bridgewater, P. D. 1966. Laboratory breeding, early growth , development and behavior of Citellus tridecemlineatus (Rodentia). Southwest. Nat., 11: 325-337.",
2686,MammalRange,Ontogenetic growth,Brody  1945,"Brody , S. 1945. Bioenergeti cs and Growth. Rheinhold, New York.",
2687,MammalRange,Ontogenetic growth,Brooks 1972,"Brooks, P. M. 1972. Post-natal development of the African bush rat. Zool. Afr., 7: 85-102.",
2688,MammalRange,Ontogenetic growth,Bryden 1969,"Bryden,  M. M.  1969. Growth  of the southern elephant seal Mirounga leonina. Growth, 33: 69-82.",
2689,MammalRange,Ontogenetic growth,Bryden 1972,"Bryden,  M. M.  1972. Growth  and development  of marine mammals. In R. J. Harrison (ed.), Functional Anatomy of M arine Mammals, p. 1-79. Academic Press, New York.",
2690,MammalRange,Ontogenetic growth,Burghardt 1972,"Burghardt, G. H., And L. S. Burghardt . 1972. Notes on behavioral development of two female black bear cubs: the first eight months. In S. Herrero (ed.), Bears, Their Biology and Management. Second Ann. Cong. Bear Res. Manag .: Int. Union for the Conservation of Nature and Natural Resources, Morges.",
2691,MammalRange,Ontogenetic growth,Cameron 1973,"Cameron, G. N. 1973. Effect of litter size on post_natal growth and survival in the desert wood rat. J. Mammal., 54: 489-493.",
2692,MammalRange,Ontogenetic growth,Case 1978,"Case, T. J. 1978. On the evolution and adaptive significance of postnatal growth rates in the terrestrial vertebrates. Quarterly Review of Biology:243–282.",
2693,MammalRange,Ontogenetic growth,Chew 1967,"Chew, R. M., And E. Spencer. 1967. Development of metabolic response to cold in young mice of four species. Comp. Biochem. Physiol., 22: 873-888.",
2694,MammalRange,Ontogenetic growth,Clark 1970,"Clark, D. R. 1970. Ecological study of the wormsnake Carphophis vermis. Univ. Kansas Publ. Mus. Natl. Hist.,  19: 85-194.",
2695,MammalRange,Ontogenetic growth,Clark 1969,"Clark, T. W., And D. D. Skryja. 1969. Post-natal development and growth of the golden-mantled ground squirrel, Spermophilus lateralis lateralis. J. Mammal., 50: 627-629.",
2696,MammalRange,Ontogenetic growth,Clewe 1969,"Clewe, T. H. 1969. Observations on reproduction of squirrel monkeys in captivity. J. Reprod. Fert. (Suppl.), 6: 115-156.",
2697,MammalRange,Ontogenetic growth,Collier 1973,"Collier, C., And S. Emerson. 1973. Hand-raising bush dogs at the Los Angeles Zoo. Int. Zoo. Yb., 13: 139-140.",
2698,MammalRange,Ontogenetic growth,Conaway 1958,"Conaway, C. H. 1958. Maintenance, reproduction and growth of the least shrew in captivity. J. Mammal., 39: 507-512.",
2699,MammalRange,Ontogenetic growth,Davis 1964,"Davis, D. D. 1964. The giant panda. Fieldiana: Zool. Mem., Vol. 3: 339.",
2700,MammalRange,Ontogenetic growth,Davis 1969,"Davis, R. 1969. Growth and development of young pallid bats, Antrozous pallidus . J. Mammal., 50: 729-736.",
2701,MammalRange,Ontogenetic growth,Davis 1968,"Davis, W. H., R. W. Barbour, And M. D. Hassell. 1968. Colonial behavior of Eptesicus fusc ·us. J. Mammal., 49: 44-50.",
2702,MammalRange,Ontogenetic growth,Dekker 1968,"Dekker, D. 1968. Breeding the cape hunting dog at Amsterdam Zoo. Int. Zoo Yb., 8: 27-30.",
2703,MammalRange,Ontogenetic growth,Dryden 1968,"Dryden, G. L. 1968. Growth and development of Suncus murinus in captivity on Guam, J. Mammal., 49: 51-62.",
2704,MammalRange,Ontogenetic growth,DuPlessis 1972,"DuPlessis, S. S. 1972. Ecology of Blesbok with special reference to productivit y. Wildt. Monogr., 30: 1-70.",
2705,MammalRange,Ontogenetic growth,Eisenberg 1963,"Eisenberg, J. F., And D. E. Lssac. 1963. The reproduction  of  heteromyid  rodents  in  captivity.  J. Mammal., 44: 61-67.",
2706,MammalRange,Ontogenetic growth,Eisenberg 1970,"Eisenberg, J. F., And E. Gould. 1970. The Tenrecs: A Study in Mammalian Behavior and Evolution. Smithsonian Contr. Zoology. No. 27; Washington, D.C.",
2707,MammalRange,Ontogenetic growth,Ewer 1963,"Ewer, R. F. 1963. The behavior of the meerkat. Z. Tierpsychol., 20: 570-607.",
2708,MammalRange,Ontogenetic growth,Fleagle 1975,"Fleagle, J. G., And K. W. Simonds. 1975. Physical growth of Cebus monkeys (Cebus albifrons) during the first year of life. Growth, 39: 35-52.",
2709,MammalRange,Ontogenetic growth,Fleharty 1973,"Fleharty, E. D., And J. R. Choate. 1973. Bioenergetic strategies of the cotton rat Sigmodon hispidus. J. Mammal., 54: 680-692.",
2710,MammalRange,Ontogenetic growth,Frith 1969,"Frith, H. J., And J. H. Calaby . 1969. Kangaroos. C. Hurst Co., London .",
2711,MammalRange,Ontogenetic growth,Gangloff 1972,"Gangloff, L. 1972. Breeding fennec foxes at Stras_ bourg Zoo. Int. Zoo Yb., 12: 115-116.",
2712,MammalRange,Ontogenetic growth,Gavan 1971,"Gavan, J. A. 1971. Longitudinal, post-natal growth in the chimpanzee. In The Chimpanzee, Vol. 4, p. 46-102. Krager, Basel.",
2713,MammalRange,Ontogenetic growth,Goffart 1971,"Goffart, M. 1971. Function and Form in the Sloth. Pergamon, Oxford.",
2714,MammalRange,Ontogenetic growth,Goodwin 1965,"Goodwin, D. L., And P. 0. Currie. 1965. Growth and development of black-tailed jack rabbits (Lepus californicus).j. Mammal., 46: 96-98.",
2715,MammalRange,Ontogenetic growth,Griffiths 1968,"Griffiths, M. 1968. Echidnas. Int. Monogr. Pure Appl. Biol. Zool. Div., 38. Oxford University Press,  London.",
2716,MammalRange,Ontogenetic growth,Gucwinska 1968,"Gucwinska, H., And A. Gucw1Nsk1. 1968. Breeding the Zanzibar galago. Int. Zoo. Yb., 8: 111-114.",
2717,MammalRange,Ontogenetic growth,Guiler 1960,"Guiler, E. R. 1960. The pouch young of the potoroo. J. Mammal., 41: 441-451.",
2718,MammalRange,Ontogenetic growth,Haga 1960,"Haga, R. 1960. Observations on the ecology of the Japanese pika. J. Mammal., 41: 242-252.",
2719,MammalRange,Ontogenetic growth,Hamilton 1962,"Hamilton, W. J. 1962. Reproductive adaptations in the red tree mouse. J. Mammal., 45: 242-252.",
2720,MammalRange,Ontogenetic growth,Hansen 1965,"Hansen, C. G. 1965. Growth and development of desert bighorn sheep. J. Wildt. Manage., 29: 387- 391.",
2721,MammalRange,Ontogenetic growth,Harris 1968,"Harris, C.J. 1968. Otters, a Study of the Recent lutrinae. Weidenfeld and Nicolson, London.",
2722,MammalRange,Ontogenetic growth,Haskell 1947,"Haskell, H. S., And H. G. Reynolds. 1947. Growth, developmental food requirements and breeding activity of the California jackrabbit. J. Mammal., 28: 129-136.",
2723,MammalRange,Ontogenetic growth,Heidt 1968,"Heidt, G. A., M. K. Petersen, And G. L. Kirkland. 1968. Mating behavior and development of least weasels (Mustela nivalis) in captivity. J. Mammal., 49: 413-419.",
2724,MammalRange,Ontogenetic growth,Hellwing 1973,"Hellwing, S. 1973. Husbandry and breeding of white-toothed shrews. Int. Zoo. Yb., 13: 127-134.",
2725,MammalRange,Ontogenetic growth,Helm 1975,"Helm, J. D. 1975. Reproductive biology at Ototyl.omys (Cricetidae).J. Mammal., 56: 575-590.",
2726,MammalRange,Ontogenetic growth,Hock 1966,"Hock, R. J. 1966. Growth rate of newborn black bear cubs (Ursus americanus). Growth, 30: 339-347.",
2727,MammalRange,Ontogenetic growth,Jewall 1969,"Jewall, P. A., And J. F. Oates. 1969. Breeding activity in prosimians and small rodents in West Africa. J. Reprod . Fert. (Suppl.), 6: 23-38.",
2728,MammalRange,Ontogenetic growth,Johnson 1927,"Johnson, G. E. 1927. Observations on young prairie dogs (Cynomys ludovicianus) born in the laboratory. J. Mammal ., 8: 110-113.",
2729,MammalRange,Ontogenetic growth,Jones 1967,"Jones, C. 1967. Growth, development and wing load_ ing in the evening bat, Nycticeius humeralis. J. Mammal., 48: 1-18.",
2730,MammalRange,Ontogenetic growth,Kaufmann 1962,"Kaufmann, J. H. 1962. Ecology and social behavior of the coati, Nasua narica on Barro Colorado Island, Panama. Univ. Calif Puhl. Zool., 60: 95-222.",
2731,MammalRange,Ontogenetic growth,Kelsall 1968,"Kelsall, J. P. 1968. The Migratory Barren-Ground Caribou of Canada. Canadian Wildlife Service, Ottawa.",
2732,MammalRange,Ontogenetic growth,Kilgore 1969,"Kilgore, D. L. 1969. An ecological study of the swift fox (Vulpes velox) in the Oklahoma Panhandle. Am. Midl. Nat., 81: 512-534.",
2733,MammalRange,Ontogenetic growth,King 1965,"King, J. S. 1965. A field guide to the reproduction of Grant's zebra and Grevy's zebra. E. Afr. Wildt. J., 3: 99-117.",
2734,MammalRange,Ontogenetic growth,Kleiman 1969,"Kleiman, D. G. 1969. Maternal care, growth rate and development in the noctule (Nyctalus noctula), pipistrelle (Pipistrellus pipistrellus ) and serotine (Eptesicus serotinus) bats. J. Zool., 157: 187-211.",
2735,MammalRange,Ontogenetic growth,Kunz 1973,"Kunz, T. H. 1973. Population studies of the cave bat (Myotis velifer): Reproduction , growth, and development. Occ. Papers. Mus. Natl.Hist. Univ. Kansas, 15: 1-43.",
2736,MammalRange,Ontogenetic growth,Kunz 1974,"Kunz, T. H. 1974. Reproduction, growth, and mortality of the vespertillionid bat, Eptesicus fuscus. J. Mammal., 55: 1-13.",
2737,MammalRange,Ontogenetic growth,Laws 1975,"Laws, R. M., I.S. C. Parker, And R. C. B.Johnstone. 1975. Elephants and Their Habitats. Clarendon Press,  Oxford.",
2738,MammalRange,Ontogenetic growth,Layne 1954,"Layne, L. N. 1954. The biology of the red squirrel, Tamiasciurus  hudsonicus  in  Central  New  York. Ecol. Monogr ., 24: 227-267.",
2739,MammalRange,Ontogenetic growth,Lorenz 1967,"Lorenz, R., And H. Heinemann . 1967. Beitag zur morphologie und korperlichen jugendentwick_ lung des Springtamarin Callimico goeldii. Folia Primatol ., 6: 1-27.",
2740,MammalRange,Ontogenetic growth,Lovejoy 1974,"Lovejoy, B. P., And H. C. Black. 1974. Growth and weight of the mountain beaver Aplodontia rufa pacifica. J. Mammal., 55: 364-369.",
2741,MammalRange,Ontogenetic growth,Martin 1968,"Martin, R. D. 1968. Reproduction and ontogeny in tree shrews (Tupaia belangeri) with reference to their general behavior and taxonomic relationships. Z. Tierpsychol., 25: 409-495, 505-532.",
2742,MammalRange,Ontogenetic growth,Maxwell 1975,"Maxwell, C. S., And M. L. Morton. 1975. Comparative thermoregulatory capabilities of neonatal ground squirrels. J. M ammal., 56: 821-828.",
2743,MammalRange,Ontogenetic growth,Mayer 1954,"Mayer, W. V., And E. T. Roche. 1954. Developmental patterns in the Barrow ground squirrel, Spermophilus undulatus barrowensis. Growth, 18: 53-69.",
2744,MammalRange,Ontogenetic growth,McIntosh 1963,"McIntosh, D. L. 1963. Reproduction and growth of the fox in the Canberra District. CS/ RO Wildt. Res., 8: 132-141.",
2745,MammalRange,Ontogenetic growth,McKeever 1964,"McKeever, S. G. 1964. The biology of the golden_ mantled ground squirrel. Ecol. Monogr., 34: 383-401.",
2746,MammalRange,Ontogenetic growth,Mech 1970,"Mech, L. D. 1970. The Wolf. Natural History Press, Garden City.",
2747,MammalRange,Ontogenetic growth,Millar 1975,"Millar, J. S. 1975. Tactics of energy partitioning in breeding Peromyscus. Can. J. Zool., 53: 967-976.",
2748,MammalRange,Ontogenetic growth,Millar 1971,"Millar, R. P. 1971. Reproduction in the rock hyrax (Procavia capensis). Zool. Afr., 6: 243-261.",
2749,MammalRange,Ontogenetic growth,Morrison  1954,"Morrison , P. R., F. A. Ryser, And R. L. Strecker. 1954. Growth and development of temperature regulation in the. tundra redback vole. J. Mammal., 35: 376-386.",
2750,MammalRange,Ontogenetic growth,Morton 1971,"Morton, M. L., And H. L. Tung. 1971. Growth and development in the Belding ground squirrel. J. Mammal., 52: 611-616.",
2751,MammalRange,Ontogenetic growth,Neal 1965,"Neal, B. J. 1965. Growth and development of the round-tailed and Harris antelope ground squir_ rels. Am. Midl. Nat., 73: 479-489.",
2752,MammalRange,Ontogenetic growth,O'Farrell 1973,"O'Farrell, M. J., And E. H. Studier. 1973. Reproduction, growth, and development in Myotis thysanodes and M. lucifugus (Chiroptera: Vesper_ tillionidae) . Ecology, 54: 18-30.",
2753,MammalRange,Ontogenetic growth,O'Farrell 1965,"O'Farrell, T. P. 1965. Home range and ecology of snowshoe hares in interior Alaska. J. Mammal., 46: 406-418.",
2754,MammalRange,Ontogenetic growth,Petrides 1949,"Petrides, G. A. 1949. Sex and age determination in the opossum. J. Mammal., 30: 364-378.",
2755,MammalRange,Ontogenetic growth,Petter-Rousseaux 1964,"Petter-Rousseaux, A. 1964. Reproductive physiol_ ogy and behavior of the Lemuroidea. In J. Buettner -Janusch (ed.), Evolutionary and Genetic Biology of the Primates, II, p. 92-132. Academic Press, New York.",
2756,MammalRange,Ontogenetic growth,Pidduck 1973,"Pidduck, E. R., And J. B. Falls. 1973. Reproduction and emergence of juveniles . in Tamias striatus (Rodentia: Sciuridae) at two localities in Ontario, Canada. J. Mammal., 54: 693-707.",
2757,MammalRange,Ontogenetic growth,Pizzimenti 1974,"Pizzimenti, J. J., And L. R. Mcclenaghan. 1974. Reproduction, growth and development and behavior in the Mexican prairie dog, Cynomys mexicanus. Am. Midl. Nat., 92: 130-145.",
2758,MammalRange,Ontogenetic growth,Pournelle 1965,"Pournelle, G. H. 1965. Observations on birth and early development of the spotted hyaena. J. Mammal., 46: 503.",
2759,MammalRange,Ontogenetic growth,Reynolds 1960,"Reynolds, H. G. 1960. Life history notes on Mer_ riam's kangaroo rates in southern Arizona. J. Mammal ., 41: 48-58.",
2760,MammalRange,Ontogenetic growth,Richardson 1942,"Richardson, W. B. 1942. Ring-tailed cats (Bassariscusastutus):  Their  growth  and  development. J. Mammal., 23: 17-26.",
2761,MammalRange,Ontogenetic growth,Rlce 1971,"Rlce, D. W., And A. A. Wolman. 1971. The life history and ecology of the gray whale (Eschrichtius robustus). Am. Soc. Mammal. Special Publ. No. 3; Stillwater.",
2762,MammalRange,Ontogenetic growth,Robbins 1975,"Robbins, C. T., And A. N . Moen. 1975. Milk consumption and weight gain of white-tailed deer. J. Wildt. M anage., 39: 355-360.",
2763,MammalRange,Ontogenetic growth,Rood 1970,"Rood, J. P. 1970. Ecology and social behavior of the desert cavy (Microcavia australis). Am. Midl. Nat., 83: 415-454.",
2764,MammalRange,Ontogenetic growth,Rood 1972,"Rood, J. P. 1972. Ecological and behavioral comparisons of three genera of Argentine cavies. Anim. Behav. Monog., 5: 1-83.",
2765,MammalRange,Ontogenetic growth,Scheffer 1953,"Scheffer, V. B., And F. Wilke . 1953. Relative growth in the northern fur seal. Growth, 17: 129-145.",
2766,MammalRange,Ontogenetic growth,Schultz 1956,"Schultz, A. H. 1956. Postembryonic age changes. Primatologia, l: 887-964.",
2767,MammalRange,Ontogenetic growth,Schwenther 1963,"Schwenther, V. 1963. The gerbil, a new laboratory animal. Illinois Vetinar., 6: 5-9.",
2768,MammalRange,Ontogenetic growth,Severaid 1942,"Severaid, J. H. 1942. The Snowshoe Hare, Its Life His_ tory and Artificial Propagation. Maine Dept. Inland Fisheries and Game, Augusta.",
2769,MammalRange,Ontogenetic growth,Shield 1961,"Shield, J. W., And P. Woolley. 1961. Age estimation by measurement of pouch young of the quokka (Setonix brachyurus). Aust. J. Zool., 9: 14-23.",
2770,MammalRange,Ontogenetic growth,Sinclair 1972,"Sinclair, A. R. E. 1972. The natural regulation of buffalo populations in East Africa. E. Afr. Wildl. J., 12: 169-183.",
2771,MammalRange,Ontogenetic growth,Skinner  1971,"Skinner , J. D., And J. H. M. Van Zn. 1971. The post-natal development of the reproductive tract of the springbok ram lamb Antidorcas marsupialis marsupialis Zimmerman. Zool. Afr., 6: 301-311.",
2772,MammalRange,Ontogenetic growth,Skinner 1966,"Skinner, J. D. 1966. An appraisal of the eland (Taurotragus oryx) for diversifying and improving animal production in southern Africa. Afr. Wildl., 20: 29-40.",
2773,MammalRange,Ontogenetic growth,Snow 1967,"Snow, C. G. 1967. Some observations on the growth and development of the baboon. In H. Vagtborg (ed.) The Baboon in Medical Research, Vol. 11, p. 187-201. Univ. Texas Press, Austin.",
2774,MammalRange,Ontogenetic growth,Sorensen 1968,"Sorensen, M. F., J. P. Rogers, And T. S. Baskett. 1968. Reproduction and development in confined swamp rabbits. J. Wildl. Manage., 32: 520-531.",
2775,MammalRange,Ontogenetic growth,Sowls 1968,"Sowls, L. K., And R.J. Phelps. 1968.Observations on the African bushpig Potamochoerus porcus Linni. in Rhodesia. Zoologica, 53: 75-84.",
2776,MammalRange,Ontogenetic growth,Stoddart 1971,"Stoddart, 0. M. 1971. Breeding and survival in a population of water voles. J. Anim. Ecol., 40: 487-494 .",
2777,MammalRange,Ontogenetic growth,Talbot 1963,"Talbot, L. M., And M. H. Talbot. 1963. The wildebeest in western  Nasail and East Africa. Wildlife Monog., 12: 1-88.",
2778,MammalRange,Ontogenetic growth,Tener 1965,"Tener, J. S. 1965. Muskoxen in Canada. Canadian Wildlife Service, Ottawa.",
2779,MammalRange,Ontogenetic growth,Tesh 1970b,"Tesh, R. B. 1970b. Notes on the reproduction, growth and development of echimyid rodents in Panama. J. Maminal., 51: 199-209.",
2780,MammalRange,Ontogenetic growth,Tesh 1970,"Tesh, R. B., And R. V. Cameron. 1970. Laboratory rearing of the climbing rat, Tylomys nudicaudatus. Lab. Anim. Care, 20: 93-96.",
2781,MammalRange,Ontogenetic growth,Tikhomirov 1971,"Tikhomirov, E. A. 1971. Body growth and development of reproductive organs of the North Pacific Phocids. In V. A. Arsen'ev and K. I. Panin (eds.) Pinnipeds of the North, p. 213-241. Israel Program for Sci. Transl., Jerusalem.",
2782,MammalRange,Ontogenetic growth,Tomich 1962,"Tomich, R. Q. 1962. The annual cycle of the California ground squirrel, Citellus beecheyi. Univ. Calif Publ. Zool., 65: 213-282.",
2783,MammalRange,Ontogenetic growth,Turner 1976,"Turner, B. N., S. L. Iverson, And K. L. Severson. 1976. Post-natal growth and development of captive Franklin's ground squirrels. (Spermophilus franklin i) .Am. Midl. Nat., 95: 93-102.",
2784,MammalRange,Ontogenetic growth,Van Ballenberghe 1975,"Van Ballenberghe, V.. And L. D. Mech. 1975. Weights, growth and survival of timber wolf pups in Minnesota . J. Mammal., 56: 44-63.",
2785,MammalRange,Ontogenetic growth,Van Wormer 1969,"Van Wormer, J. 1969. The World of the Moose. J. B. Lippincott , New York.",
2786,MammalRange,Ontogenetic growth,Verts 1967,"Verts, B. J. 1967. The Biology of the Striped Skunk. Univ. Illinois Press, Chicago.",
2787,MammalRange,Ontogenetic growth,Walker 1964,"Walker, E. P. 1964. Mammals of the World. 3 vols. Johns Hopkins Press, Baltimore.",
2788,MammalRange,Ontogenetic growth,Weir 1974,"Weir, B. J. 1974. Reproductive characteristics of hystricomorph rodents. Syrnp. Zool. Soc. Lond., 34: 265-301.",
2789,MammalRange,Ontogenetic growth,Wirtz 1968,"Wirtz, W. 0. 1968. Reproduction, growth, develop_ ment and juvenile mortality in the Hawaiian monk seal Monachus schauinslandi.J. M ammal., 49: 229-238.",
2790,MammalRange,Ontogenetic growth,Wood 1962,"Wood, A. J., I. Mct. Cowan, And H. C. Nordan. 1962. Periodicity of growth in ungulates as shown by deer of the genus Odocoileus. Can. J. Zool., 40: 543-603.",