"dryad_dataset_doi","dryad_version_id","dryad_file_id","file_path","action","status","message","rows_in","rows_out","timestamp_utc"
"doi:10.5061/dryad.m96d0",2727,18245,"/var/folders/hh/hv60fv4x0nb1zhgd0y12pzq80000gn/T//Rtmp6hNHV3/dryad_extract_1117241cdcaaa/All_Point/DM_UTMOrthoALL000001.txt","read","read","Loaded 534119 rows x 5 columns",0,0,"2026-04-25T20:35:19Z"
"doi:10.5061/dryad.m96d0",2727,18245,"/var/folders/hh/hv60fv4x0nb1zhgd0y12pzq80000gn/T//Rtmp6hNHV3/dryad_extract_1117241cdcaaa/All_Point/DM_UTMOrthoALL000002.txt","read","read","Loaded 591267 rows x 5 columns",0,0,"2026-04-25T20:35:19Z"
"doi:10.5061/dryad.m96d0",2727,18245,"/var/folders/hh/hv60fv4x0nb1zhgd0y12pzq80000gn/T//Rtmp6hNHV3/dryad_extract_1117241cdcaaa/All_Point/DM_UTMOrthoALL000003.txt","read","read","Loaded 1480552 rows x 5 columns",0,0,"2026-04-25T20:35:19Z"
"doi:10.5061/dryad.m96d0",2727,18245,"/var/folders/hh/hv60fv4x0nb1zhgd0y12pzq80000gn/T//Rtmp6hNHV3/dryad_extract_1117241cdcaaa/All_Point/DM_UTMOrthoALL000005.txt","read","read","Loaded 524254 rows x 5 columns",0,0,"2026-04-25T20:35:19Z"
"doi:10.5061/dryad.m96d0",2727,18245,"/var/folders/hh/hv60fv4x0nb1zhgd0y12pzq80000gn/T//Rtmp6hNHV3/dryad_extract_1117241cdcaaa/All_Point/DM_UTMOrthoALL000006.txt","read","read","Loaded 888918 rows x 5 columns",0,0,"2026-04-25T20:35:19Z"
"doi:10.5061/dryad.m96d0",2727,18245,"/var/folders/hh/hv60fv4x0nb1zhgd0y12pzq80000gn/T//Rtmp6hNHV3/dryad_extract_1117241cdcaaa/All_Point/DM_UTMOrthoALL000012.txt","read","read","Loaded 121430 rows x 5 columns",0,0,"2026-04-25T20:35:19Z"
"doi:10.5061/dryad.m96d0",2727,18245,"/var/folders/hh/hv60fv4x0nb1zhgd0y12pzq80000gn/T//Rtmp6hNHV3/dryad_extract_1117241cdcaaa/All_Point/DM_UTMOrthoALL000014.txt","read","read","Loaded 706786 rows x 5 columns",0,0,"2026-04-25T20:35:19Z"
"doi:10.5061/dryad.m96d0",2727,18245,"/var/folders/hh/hv60fv4x0nb1zhgd0y12pzq80000gn/T//Rtmp6hNHV3/dryad_extract_1117241cdcaaa/All_Point/DM_UTMOrthoALL000015.txt","read","read","Loaded 1029582 rows x 5 columns",0,0,"2026-04-25T20:35:19Z"
"doi:10.5061/dryad.m96d0",2727,18245,"/var/folders/hh/hv60fv4x0nb1zhgd0y12pzq80000gn/T//Rtmp6hNHV3/dryad_extract_1117241cdcaaa/GROUND/DM_UTMOrthoGRD000001.txt","read","read","Loaded 53966 rows x 5 columns",0,0,"2026-04-25T20:35:19Z"
"doi:10.5061/dryad.m96d0",2727,18245,"/var/folders/hh/hv60fv4x0nb1zhgd0y12pzq80000gn/T//Rtmp6hNHV3/dryad_extract_1117241cdcaaa/GROUND/DM_UTMOrthoGRD000002.txt","read","read","Loaded 57854 rows x 5 columns",0,0,"2026-04-25T20:35:19Z"
"doi:10.5061/dryad.m96d0",2727,18245,"/var/folders/hh/hv60fv4x0nb1zhgd0y12pzq80000gn/T//Rtmp6hNHV3/dryad_extract_1117241cdcaaa/GROUND/DM_UTMOrthoGRD000003.txt","read","read","Loaded 140496 rows x 5 columns",0,0,"2026-04-25T20:35:19Z"
"doi:10.5061/dryad.m96d0",2727,18245,"/var/folders/hh/hv60fv4x0nb1zhgd0y12pzq80000gn/T//Rtmp6hNHV3/dryad_extract_1117241cdcaaa/GROUND/DM_UTMOrthoGRD000005.txt","read","read","Loaded 52800 rows x 5 columns",0,0,"2026-04-25T20:35:19Z"
"doi:10.5061/dryad.m96d0",2727,18245,"/var/folders/hh/hv60fv4x0nb1zhgd0y12pzq80000gn/T//Rtmp6hNHV3/dryad_extract_1117241cdcaaa/GROUND/DM_UTMOrthoGRD000006.txt","read","read","Loaded 88535 rows x 5 columns",0,0,"2026-04-25T20:35:19Z"
"doi:10.5061/dryad.m96d0",2727,18245,"/var/folders/hh/hv60fv4x0nb1zhgd0y12pzq80000gn/T//Rtmp6hNHV3/dryad_extract_1117241cdcaaa/GROUND/DM_UTMOrthoGRD000012.txt","read","read","Loaded 9823 rows x 5 columns",0,0,"2026-04-25T20:35:19Z"
"doi:10.5061/dryad.m96d0",2727,18245,"/var/folders/hh/hv60fv4x0nb1zhgd0y12pzq80000gn/T//Rtmp6hNHV3/dryad_extract_1117241cdcaaa/GROUND/DM_UTMOrthoGRD000014.txt","read","read","Loaded 46156 rows x 5 columns",0,0,"2026-04-25T20:35:19Z"
"doi:10.5061/dryad.m96d0",2727,18245,"/var/folders/hh/hv60fv4x0nb1zhgd0y12pzq80000gn/T//Rtmp6hNHV3/dryad_extract_1117241cdcaaa/GROUND/DM_UTMOrthoGRD000015.txt","read","read","Loaded 78611 rows x 5 columns",0,0,"2026-04-25T20:35:19Z"
"doi:10.5061/dryad.m96d0",2727,18245,"/var/folders/hh/hv60fv4x0nb1zhgd0y12pzq80000gn/T//Rtmp6hNHV3/dryad_extract_1117241cdcaaa/Tiling Scheme and Metadata/metadata/dykemarsh_metadata_14march2012.txt","read","read","Loaded 163 rows x 1 columns",0,0,"2026-04-25T20:35:19Z"
"doi:10.5061/dryad.m96d0",2727,18245,"/var/folders/hh/hv60fv4x0nb1zhgd0y12pzq80000gn/T//Rtmp6hNHV3/dryad_extract_1117241cdcaaa/All_Point/DM_UTMOrthoALL000001.txt","standardize","skipped","No likely trait observation fields detected.",534119,0,"2026-04-25T20:35:27Z"
"doi:10.5061/dryad.m96d0",2727,18245,"/var/folders/hh/hv60fv4x0nb1zhgd0y12pzq80000gn/T//Rtmp6hNHV3/dryad_extract_1117241cdcaaa/All_Point/DM_UTMOrthoALL000002.txt","standardize","skipped","No likely trait observation fields detected.",591267,0,"2026-04-25T20:35:27Z"
"doi:10.5061/dryad.m96d0",2727,18245,"/var/folders/hh/hv60fv4x0nb1zhgd0y12pzq80000gn/T//Rtmp6hNHV3/dryad_extract_1117241cdcaaa/All_Point/DM_UTMOrthoALL000003.txt","standardize","skipped","No likely trait observation fields detected.",1480552,0,"2026-04-25T20:35:27Z"
"doi:10.5061/dryad.m96d0",2727,18245,"/var/folders/hh/hv60fv4x0nb1zhgd0y12pzq80000gn/T//Rtmp6hNHV3/dryad_extract_1117241cdcaaa/All_Point/DM_UTMOrthoALL000005.txt","standardize","skipped","No likely trait observation fields detected.",524254,0,"2026-04-25T20:35:27Z"
"doi:10.5061/dryad.m96d0",2727,18245,"/var/folders/hh/hv60fv4x0nb1zhgd0y12pzq80000gn/T//Rtmp6hNHV3/dryad_extract_1117241cdcaaa/All_Point/DM_UTMOrthoALL000006.txt","standardize","skipped","No likely trait observation fields detected.",888918,0,"2026-04-25T20:35:27Z"
"doi:10.5061/dryad.m96d0",2727,18245,"/var/folders/hh/hv60fv4x0nb1zhgd0y12pzq80000gn/T//Rtmp6hNHV3/dryad_extract_1117241cdcaaa/All_Point/DM_UTMOrthoALL000012.txt","standardize","skipped","No likely trait observation fields detected.",121430,0,"2026-04-25T20:35:27Z"
"doi:10.5061/dryad.m96d0",2727,18245,"/var/folders/hh/hv60fv4x0nb1zhgd0y12pzq80000gn/T//Rtmp6hNHV3/dryad_extract_1117241cdcaaa/All_Point/DM_UTMOrthoALL000014.txt","standardize","skipped","No likely trait observation fields detected.",706786,0,"2026-04-25T20:35:27Z"
"doi:10.5061/dryad.m96d0",2727,18245,"/var/folders/hh/hv60fv4x0nb1zhgd0y12pzq80000gn/T//Rtmp6hNHV3/dryad_extract_1117241cdcaaa/All_Point/DM_UTMOrthoALL000015.txt","standardize","skipped","No likely trait observation fields detected.",1029582,0,"2026-04-25T20:35:27Z"
"doi:10.5061/dryad.m96d0",2727,18245,"/var/folders/hh/hv60fv4x0nb1zhgd0y12pzq80000gn/T//Rtmp6hNHV3/dryad_extract_1117241cdcaaa/GROUND/DM_UTMOrthoGRD000001.txt","standardize","skipped","No likely trait observation fields detected.",53966,0,"2026-04-25T20:35:27Z"
"doi:10.5061/dryad.m96d0",2727,18245,"/var/folders/hh/hv60fv4x0nb1zhgd0y12pzq80000gn/T//Rtmp6hNHV3/dryad_extract_1117241cdcaaa/GROUND/DM_UTMOrthoGRD000002.txt","standardize","skipped","No likely trait observation fields detected.",57854,0,"2026-04-25T20:35:27Z"
"doi:10.5061/dryad.m96d0",2727,18245,"/var/folders/hh/hv60fv4x0nb1zhgd0y12pzq80000gn/T//Rtmp6hNHV3/dryad_extract_1117241cdcaaa/GROUND/DM_UTMOrthoGRD000003.txt","standardize","skipped","No likely trait observation fields detected.",140496,0,"2026-04-25T20:35:27Z"
"doi:10.5061/dryad.m96d0",2727,18245,"/var/folders/hh/hv60fv4x0nb1zhgd0y12pzq80000gn/T//Rtmp6hNHV3/dryad_extract_1117241cdcaaa/GROUND/DM_UTMOrthoGRD000005.txt","standardize","skipped","No likely trait observation fields detected.",52800,0,"2026-04-25T20:35:27Z"
"doi:10.5061/dryad.m96d0",2727,18245,"/var/folders/hh/hv60fv4x0nb1zhgd0y12pzq80000gn/T//Rtmp6hNHV3/dryad_extract_1117241cdcaaa/GROUND/DM_UTMOrthoGRD000006.txt","standardize","skipped","No likely trait observation fields detected.",88535,0,"2026-04-25T20:35:27Z"
"doi:10.5061/dryad.m96d0",2727,18245,"/var/folders/hh/hv60fv4x0nb1zhgd0y12pzq80000gn/T//Rtmp6hNHV3/dryad_extract_1117241cdcaaa/GROUND/DM_UTMOrthoGRD000012.txt","standardize","skipped","No likely trait observation fields detected.",9823,0,"2026-04-25T20:35:27Z"
"doi:10.5061/dryad.m96d0",2727,18245,"/var/folders/hh/hv60fv4x0nb1zhgd0y12pzq80000gn/T//Rtmp6hNHV3/dryad_extract_1117241cdcaaa/GROUND/DM_UTMOrthoGRD000014.txt","standardize","skipped","No likely trait observation fields detected.",46156,0,"2026-04-25T20:35:27Z"
"doi:10.5061/dryad.m96d0",2727,18245,"/var/folders/hh/hv60fv4x0nb1zhgd0y12pzq80000gn/T//Rtmp6hNHV3/dryad_extract_1117241cdcaaa/GROUND/DM_UTMOrthoGRD000015.txt","standardize","skipped","No likely trait observation fields detected.",78611,0,"2026-04-25T20:35:27Z"
"doi:10.5061/dryad.m96d0",2727,18245,"/var/folders/hh/hv60fv4x0nb1zhgd0y12pzq80000gn/T//Rtmp6hNHV3/dryad_extract_1117241cdcaaa/Tiling Scheme and Metadata/metadata/dykemarsh_metadata_14march2012.txt","standardize","skipped","No likely trait observation fields detected.",163,0,"2026-04-25T20:35:28Z"
"doi:10.5061/dryad.vp86v3r0",3036,19810,"DryadPlantTraits/output/downloads/v3036/lowland_wetforest_survey_200308_9sites_QA200601_NZ.csv","read","read","Loaded 810 rows x 13 columns",0,0,"2026-04-25T20:35:28Z"
"doi:10.5061/dryad.vp86v3r0",3036,19810,"DryadPlantTraits/output/downloads/v3036/lowland_wetforest_survey_200308_9sites_QA200601_NZ.csv","standardize","skipped","No likely trait observation fields detected.",810,0,"2026-04-25T20:35:28Z"
"doi:10.5061/dryad.vp86v3r0",3036,19811,"DryadPlantTraits/output/downloads/v3036/README_for_lowland_wetforest_survey_200308_9sites_QA200601_NZ.txt","read","read","Loaded 28 rows x 1 columns",0,0,"2026-04-25T20:35:28Z"
"doi:10.5061/dryad.vp86v3r0",3036,19811,"DryadPlantTraits/output/downloads/v3036/README_for_lowland_wetforest_survey_200308_9sites_QA200601_NZ.txt","standardize","skipped","No likely trait observation fields detected.",28,0,"2026-04-25T20:35:28Z"
"doi:10.5061/dryad.t1rv6",3532,21709,"DryadPlantTraits/output/downloads/v3532/Charles_et_al_data_JAPPL-2017-00852.csv","read","read","Loaded 6657 rows x 34 columns",0,0,"2026-04-25T20:35:28Z"
"doi:10.5061/dryad.t1rv6",3532,21709,"DryadPlantTraits/output/downloads/v3532/Charles_et_al_data_JAPPL-2017-00852.csv","qa","FLAGS","P1_SPECIES_UNRESOLVED=6657",6657,0,"2026-04-25T20:35:34Z"
"doi:10.5061/dryad.t1rv6",3532,21709,"DryadPlantTraits/output/downloads/v3532/Charles_et_al_data_JAPPL-2017-00852.csv","standardize","compiled","Compiled BIEN-style observation rows.",6657,6657,"2026-04-25T20:35:34Z"
"doi:10.5061/dryad.t1rv6",3532,21710,"DryadPlantTraits/output/downloads/v3532/Charles_et_al_trait_data_JAPPL-2017-00852.csv","read","read","Loaded 25 rows x 6 columns",0,0,"2026-04-25T20:35:28Z"
"doi:10.5061/dryad.t1rv6",3532,21710,"DryadPlantTraits/output/downloads/v3532/Charles_et_al_trait_data_JAPPL-2017-00852.csv","qa","FLAGS","P1_SPECIES_UNRESOLVED=50",50,0,"2026-04-25T20:35:34Z"
"doi:10.5061/dryad.t1rv6",3532,21710,"DryadPlantTraits/output/downloads/v3532/Charles_et_al_trait_data_JAPPL-2017-00852.csv","standardize","compiled","Compiled BIEN-style observation rows.",25,50,"2026-04-25T20:35:34Z"
"doi:10.5061/dryad.701q8",4214,24177,"DryadPlantTraits/output/downloads/v4214/CompileData.csv","read","read","Loaded 823 rows x 79 columns",0,0,"2026-04-25T20:35:34Z"
"doi:10.5061/dryad.701q8",4214,24177,"DryadPlantTraits/output/downloads/v4214/CompileData.csv","qa","FLAGS","P2_CATEGORICAL_VOCAB_MISMATCH[expected one of: tree/shrub/herb/grass/vine/liana/subshrub/fern/moss/epiphyte/succulent/palm; got: shrub and tree]=1; P2_CATEGORICAL_VOCAB_MISMATCH[expected one of: tree/shrub/herb/grass/vine/liana/subshrub/fern/moss/epiphyte/succulent/palm; got: woody, forbs, herbs]=1; P2_CATEGORICAL_VOCAB_MISMATCH[expected one of: tree/shrub/herb/grass/vine/liana/subshrub/fern/moss/epiphyte/succulent/palm; got: woody and semi-woody]=2; P2_CATEGORICAL_VOCAB_MISMATCH[expected one of: tree/shrub/herb/grass/vine/liana/subshrub/fern/moss/epiphyte/succulent/palm; got: tree, shrub]=3; P2_CATEGORICAL_VOCAB_MISMATCH[expected one of: tree/shrub/herb/grass/vine/liana/subshrub/fern/moss/epiphyte/succulent/palm; got: tree and herbs]=4; P2_CATEGORICAL_VOCAB_MISMATCH[expected one of: tree/shrub/herb/grass/vine/liana/subshrub/fern/moss/epiphyte/succulent/palm; got: tree, herbs]=4; P2_CATEGORICAL_VOCAB_MISMATCH[expected one of: tree/shrub/herb/grass/vine/liana/subshrub/fern/moss/epiphyte/succulent/palm; got: woody, shrub, perennial herbs]=4; P2_CATEGORICAL_VOCAB_MISMATCH[expected one of: tree/shrub/herb/grass/vine/liana/subshrub/fern/moss/epiphyte/succulent/palm; got: liana and tree]=5; P2_CATEGORICAL_VOCAB_MISMATCH[expected one of: tree/shrub/herb/grass/vine/liana/subshrub/fern/moss/epiphyte/succulent/palm; got: tree, shrub, herbs]=6; P2_CATEGORICAL_VOCAB_MISMATCH[expected one of: tree/shrub/herb/grass/vine/liana/subshrub/fern/moss/epiphyte/succulent/palm; got: woody vines]=12; P2_CATEGORICAL_VOCAB_MISMATCH[expected one of: tree/shrub/herb/grass/vine/liana/subshrub/fern/moss/epiphyte/succulent/palm; got: woody and herbs]=13; P2_CATEGORICAL_VOCAB_MISMATCH[expected one of: tree/shrub/herb/grass/vine/liana/subshrub/fern/moss/epiphyte/succulent/palm; got: woody]=135",823,633,"2026-04-25T20:35:35Z"
"doi:10.5061/dryad.701q8",4214,24177,"DryadPlantTraits/output/downloads/v4214/CompileData.csv","standardize","compiled","Compiled BIEN-style observation rows.",823,823,"2026-04-25T20:35:35Z"
"doi:10.5061/dryad.701q8",4214,24178,"DryadPlantTraits/output/downloads/v4214/README_for_CompileData.csv","read","read","Loaded 81 rows x 5 columns",0,0,"2026-04-25T20:35:34Z"
"doi:10.5061/dryad.701q8",4214,24178,"DryadPlantTraits/output/downloads/v4214/README_for_CompileData.csv","standardize","skipped","No likely trait observation fields detected.",81,0,"2026-04-25T20:35:35Z"
"doi:10.5061/dryad.16860",5631,29509,"DryadPlantTraits/output/downloads/v5631/Experiment data DOI0.1038_NPLANTS.2016.38.csv","read","read","Loaded 3693 rows x 12 columns",0,0,"2026-04-25T20:35:35Z"
"doi:10.5061/dryad.16860",5631,29509,"DryadPlantTraits/output/downloads/v5631/Experiment data DOI0.1038_NPLANTS.2016.38.csv","standardize","skipped","No likely trait observation fields detected.",3693,0,"2026-04-25T20:35:35Z"
"doi:10.5061/dryad.0v9n6j4",7041,34002,"DryadPlantTraits/output/downloads/v7041/Seed Data.csv","read","read","Loaded 9 rows x 12 columns",0,0,"2026-04-25T20:35:35Z"
"doi:10.5061/dryad.0v9n6j4",7041,34002,"DryadPlantTraits/output/downloads/v7041/Seed Data.csv","standardize","skipped","No likely trait observation fields detected.",9,0,"2026-04-25T20:35:35Z"
"doi:10.5061/dryad.0v9n6j4",7041,33998,"DryadPlantTraits/output/downloads/v7041/Size and Physiology Data.csv","read","read","Loaded 2450 rows x 18 columns",0,0,"2026-04-25T20:35:35Z"
"doi:10.5061/dryad.0v9n6j4",7041,33998,"DryadPlantTraits/output/downloads/v7041/Size and Physiology Data.csv","standardize","skipped","No likely trait observation fields detected.",2450,0,"2026-04-25T20:35:35Z"
"doi:10.5061/dryad.0v9n6j4",7041,34000,"DryadPlantTraits/output/downloads/v7041/Total Reproduction Data.csv","read","read","Loaded 175 rows x 5 columns",0,0,"2026-04-25T20:35:35Z"
"doi:10.5061/dryad.0v9n6j4",7041,34000,"DryadPlantTraits/output/downloads/v7041/Total Reproduction Data.csv","standardize","skipped","No likely trait observation fields detected.",175,0,"2026-04-25T20:35:35Z"
"doi:10.5061/dryad.0st06f0",8837,39115,"DryadPlantTraits/output/downloads/v8837/Plant traits Vandelook et al Oikos.csv","read","read","Loaded 1824 rows x 13 columns",0,0,"2026-04-25T20:35:35Z"
"doi:10.5061/dryad.0st06f0",8837,39115,"DryadPlantTraits/output/downloads/v8837/Plant traits Vandelook et al Oikos.csv","qa","FLAGS","P2_VALUE_OUT_OF_RANGE[cited_range:0.001_to_120,got:140]=1; P2_VALUE_OUT_OF_RANGE[cited_range:0.001_to_120,got:175]=1; P2_VALUE_OUT_OF_RANGE[cited_range:0.001_to_120,got:2400]=1; P2_VALUE_OUT_OF_RANGE[cited_range:0.001_to_120,got:2700]=1; P2_VALUE_OUT_OF_RANGE[cited_range:0.001_to_120,got:350]=1; P2_VALUE_OUT_OF_RANGE[cited_range:0.001_to_120,got:3500]=1; P2_VALUE_OUT_OF_RANGE[cited_range:0.001_to_120,got:450]=1; P2_VALUE_OUT_OF_RANGE[cited_range:0.001_to_120,got:125]=2; P2_VALUE_OUT_OF_RANGE[cited_range:0.001_to_120,got:170]=2; P2_VALUE_OUT_OF_RANGE[cited_range:0.001_to_120,got:4000]=2; P2_VALUE_OUT_OF_RANGE[cited_range:0.001_to_120,got:1200]=3; P2_VALUE_OUT_OF_RANGE[cited_range:0.001_to_120,got:700]=3; P2_VALUE_OUT_OF_RANGE[cited_range:0.001_to_120,got:1000]=5; P2_VALUE_OUT_OF_RANGE[cited_range:0.001_to_120,got:130]=6; P2_VALUE_OUT_OF_RANGE[cited_range:0.001_to_120,got:1500]=6; P2_VALUE_OUT_OF_RANGE[cited_range:0.001_to_120,got:160]=6; P2_VALUE_OUT_OF_RANGE[cited_range:0.001_to_120,got:500]=7; P2_VALUE_OUT_OF_RANGE[cited_range:0.001_to_120,got:600]=7; P2_VALUE_OUT_OF_RANGE[cited_range:0.001_to_120,got:180]=8; P2_VALUE_OUT_OF_RANGE[cited_range:0.001_to_120,got:2500]=8; P2_VALUE_OUT_OF_RANGE[cited_range:0.001_to_120,got:400]=9; P2_VALUE_OUT_OF_RANGE[cited_range:0.001_to_120,got:2000]=11; P2_VALUE_OUT_OF_RANGE[cited_range:0.001_to_120,got:250]=13; P2_VALUE_OUT_OF_RANGE[cited_range:0.001_to_120,got:3000]=13; P2_VALUE_OUT_OF_RANGE[cited_range:0.001_to_120,got:300]=19; P2_VALUE_OUT_OF_RANGE[cited_range:0.001_to_120,got:200]=51; P2_VALUE_OUT_OF_RANGE[cited_range:0.001_to_120,got:150]=74; P2_CATEGORICAL_VOCAB_MISMATCH[expected one of: tree/shrub/herb/grass/vine/liana/subshrub/fern/moss/epiphyte/succulent/palm; got: 1]=93; P2_CATEGORICAL_VOCAB_MISMATCH[expected one of: tree/shrub/herb/grass/vine/liana/subshrub/fern/moss/epiphyte/succulent/palm; got: 6]=125; P2_CATEGORICAL_VOCAB_MISMATCH[expected one of: tree/shrub/herb/grass/vine/liana/subshrub/fern/moss/epiphyte/succulent/palm; got: 5]=146; P2_CATEGORICAL_VOCAB_MISMATCH[expected one of: tree/shrub/herb/grass/vine/liana/subshrub/fern/moss/epiphyte/succulent/palm; got: 4]=155; P2_CATEGORICAL_VOCAB_MISMATCH[expected one of: tree/shrub/herb/grass/vine/liana/subshrub/fern/moss/epiphyte/succulent/palm; got: 2]=429; P2_CATEGORICAL_VOCAB_MISMATCH[expected one of: tree/shrub/herb/grass/vine/liana/subshrub/fern/moss/epiphyte/succulent/palm; got: 3]=876; P1_SPECIES_UNRESOLVED=3648",5472,0,"2026-04-25T20:35:39Z"
"doi:10.5061/dryad.0st06f0",8837,39115,"DryadPlantTraits/output/downloads/v8837/Plant traits Vandelook et al Oikos.csv","standardize","compiled","Compiled BIEN-style observation rows.",1824,5472,"2026-04-25T20:35:39Z"
"doi:10.5061/dryad.0st06f0",8837,39116,"DryadPlantTraits/output/downloads/v8837/README_for_Plant traits Vandelook et al Oikos.txt","read","read","Loaded 12 rows x 1 columns",0,0,"2026-04-25T20:35:35Z"
"doi:10.5061/dryad.0st06f0",8837,39116,"DryadPlantTraits/output/downloads/v8837/README_for_Plant traits Vandelook et al Oikos.txt","standardize","skipped","No likely trait observation fields detected.",12,0,"2026-04-25T20:35:39Z"
"doi:10.5061/dryad.gk15h50",9248,40279,"/var/folders/hh/hv60fv4x0nb1zhgd0y12pzq80000gn/T//Rtmp6hNHV3/dryad_extract_111722f3b0ddb/Piston_et_al_2018_Diversity.csv","read","read","Loaded 230 rows x 27 columns",0,0,"2026-04-25T20:35:39Z"
"doi:10.5061/dryad.gk15h50",9248,40279,"/var/folders/hh/hv60fv4x0nb1zhgd0y12pzq80000gn/T//Rtmp6hNHV3/dryad_extract_111722f3b0ddb/Piston_et_al_2018_Fluorescence_Removal_F.ind.csv","read","read","Loaded 160 rows x 15 columns",0,0,"2026-04-25T20:35:39Z"
"doi:10.5061/dryad.gk15h50",9248,40279,"/var/folders/hh/hv60fv4x0nb1zhgd0y12pzq80000gn/T//Rtmp6hNHV3/dryad_extract_111722f3b0ddb/Piston_et_al_2018_PAR-RH-T.csv","read","read","Loaded 0 rows x 1 columns",0,0,"2026-04-25T20:35:39Z"
"doi:10.5061/dryad.gk15h50",9248,40279,"/var/folders/hh/hv60fv4x0nb1zhgd0y12pzq80000gn/T//Rtmp6hNHV3/dryad_extract_111722f3b0ddb/Piston_et_al_2018_PD.csv","read","read","Loaded 230 rows x 3 columns",0,0,"2026-04-25T20:35:39Z"
"doi:10.5061/dryad.gk15h50",9248,40279,"/var/folders/hh/hv60fv4x0nb1zhgd0y12pzq80000gn/T//Rtmp6hNHV3/dryad_extract_111722f3b0ddb/Piston_et_al_2018_Removal_C.gal.csv","read","read","Loaded 100 rows x 9 columns",0,0,"2026-04-25T20:35:39Z"
"doi:10.5061/dryad.gk15h50",9248,40279,"/var/folders/hh/hv60fv4x0nb1zhgd0y12pzq80000gn/T//Rtmp6hNHV3/dryad_extract_111722f3b0ddb/Piston_et_al_2018_Removal_F.ind.csv","read","read","Loaded 80 rows x 5 columns",0,0,"2026-04-25T20:35:39Z"
"doi:10.5061/dryad.gk15h50",9248,40279,"/var/folders/hh/hv60fv4x0nb1zhgd0y12pzq80000gn/T//Rtmp6hNHV3/dryad_extract_111722f3b0ddb/Piston_et_al_2018_Traits&environ.csv","read","read","Loaded 20 rows x 13 columns",0,0,"2026-04-25T20:35:39Z"
"doi:10.5061/dryad.gk15h50",9248,40279,"/var/folders/hh/hv60fv4x0nb1zhgd0y12pzq80000gn/T//Rtmp6hNHV3/dryad_extract_111722f3b0ddb/Piston_et_al_2018_Diversity.csv","standardize","skipped","No likely trait observation fields detected.",230,0,"2026-04-25T20:35:39Z"
"doi:10.5061/dryad.gk15h50",9248,40279,"/var/folders/hh/hv60fv4x0nb1zhgd0y12pzq80000gn/T//Rtmp6hNHV3/dryad_extract_111722f3b0ddb/Piston_et_al_2018_Fluorescence_Removal_F.ind.csv","standardize","skipped","No likely trait observation fields detected.",160,0,"2026-04-25T20:35:39Z"
"doi:10.5061/dryad.gk15h50",9248,40279,"/var/folders/hh/hv60fv4x0nb1zhgd0y12pzq80000gn/T//Rtmp6hNHV3/dryad_extract_111722f3b0ddb/Piston_et_al_2018_PAR-RH-T.csv","standardize","skipped","No likely trait observation fields detected.",0,0,"2026-04-25T20:35:39Z"
"doi:10.5061/dryad.gk15h50",9248,40279,"/var/folders/hh/hv60fv4x0nb1zhgd0y12pzq80000gn/T//Rtmp6hNHV3/dryad_extract_111722f3b0ddb/Piston_et_al_2018_PD.csv","standardize","skipped","No likely trait observation fields detected.",230,0,"2026-04-25T20:35:39Z"
"doi:10.5061/dryad.gk15h50",9248,40279,"/var/folders/hh/hv60fv4x0nb1zhgd0y12pzq80000gn/T//Rtmp6hNHV3/dryad_extract_111722f3b0ddb/Piston_et_al_2018_Removal_C.gal.csv","standardize","skipped","No likely trait observation fields detected.",100,0,"2026-04-25T20:35:39Z"
"doi:10.5061/dryad.gk15h50",9248,40279,"/var/folders/hh/hv60fv4x0nb1zhgd0y12pzq80000gn/T//Rtmp6hNHV3/dryad_extract_111722f3b0ddb/Piston_et_al_2018_Removal_F.ind.csv","qa","FLAGS","P2_CATEGORICAL_VOCAB_MISMATCH[expected one of: evergreen/deciduous/semi-deciduous/drought-deciduous/cold-deciduous; got: loose]=40; P2_CATEGORICAL_VOCAB_MISMATCH[expected one of: evergreen/deciduous/semi-deciduous/drought-deciduous/cold-deciduous; got: tight]=40",80,0,"2026-04-25T20:35:39Z"
"doi:10.5061/dryad.gk15h50",9248,40279,"/var/folders/hh/hv60fv4x0nb1zhgd0y12pzq80000gn/T//Rtmp6hNHV3/dryad_extract_111722f3b0ddb/Piston_et_al_2018_Removal_F.ind.csv","standardize","compiled","Compiled BIEN-style observation rows.",80,80,"2026-04-25T20:35:39Z"
"doi:10.5061/dryad.gk15h50",9248,40279,"/var/folders/hh/hv60fv4x0nb1zhgd0y12pzq80000gn/T//Rtmp6hNHV3/dryad_extract_111722f3b0ddb/Piston_et_al_2018_Traits&environ.csv","standardize","skipped","No likely trait observation fields detected.",20,0,"2026-04-25T20:35:39Z"
"doi:10.5061/dryad.gv33qc2",9351,40580,"DryadPlantTraits/output/downloads/v9351/data.csv","read","read","Loaded 1096 rows x 17 columns",0,0,"2026-04-25T20:35:39Z"
"doi:10.5061/dryad.gv33qc2",9351,40580,"DryadPlantTraits/output/downloads/v9351/data.csv","standardize","skipped","No likely trait observation fields detected.",1096,0,"2026-04-25T20:35:39Z"
"doi:10.5061/dryad.gv33qc2",9351,40581,"DryadPlantTraits/output/downloads/v9351/README_for_data.csv.txt","read","skipped","more columns than column names",0,0,"2026-04-25T20:35:39Z"
"doi:10.5061/dryad.gq156st",9455,40847,"DryadPlantTraits/output/downloads/v9455/data - Borges et al. 2018.csv","read","read","Loaded 830 rows x 16 columns",0,0,"2026-04-25T20:35:39Z"
"doi:10.5061/dryad.gq156st",9455,40847,"DryadPlantTraits/output/downloads/v9455/data - Borges et al. 2018.csv","standardize","skipped","No likely trait observation fields detected.",830,0,"2026-04-25T20:35:39Z"
"doi:10.5061/dryad.hm482",11096,45881,"DryadPlantTraits/output/downloads/v11096/README_for_Richards_FuncEcol_DRYAD.txt","read","read","Loaded 6 rows x 2 columns",0,0,"2026-04-25T20:35:39Z"
"doi:10.5061/dryad.hm482",11096,45881,"DryadPlantTraits/output/downloads/v11096/README_for_Richards_FuncEcol_DRYAD.txt","standardize","skipped","No likely trait observation fields detected.",6,0,"2026-04-25T20:35:39Z"
"doi:10.5061/dryad.s8f38",13999,52417,"DryadPlantTraits/output/downloads/v13999/FEBuzzardSpTraits.csv","read","read","Loaded 313 rows x 17 columns",0,0,"2026-04-25T20:35:39Z"
"doi:10.5061/dryad.s8f38",13999,52417,"DryadPlantTraits/output/downloads/v13999/FEBuzzardSpTraits.csv","qa","FLAGS","P2_VALUE_OUT_OF_RANGE[cited_range:10_to_990,got:0.180176]=1; P2_VALUE_OUT_OF_RANGE[cited_range:10_to_990,got:0.207727]=1; P2_VALUE_OUT_OF_RANGE[cited_range:10_to_990,got:0.219312]=1; P2_VALUE_OUT_OF_RANGE[cited_range:10_to_990,got:0.222875]=1; P2_VALUE_OUT_OF_RANGE[cited_range:10_to_990,got:0.240156]=1; P2_VALUE_OUT_OF_RANGE[cited_range:10_to_990,got:0.241238]=1; P2_VALUE_OUT_OF_RANGE[cited_range:10_to_990,got:0.245093]=1; P2_VALUE_OUT_OF_RANGE[cited_range:10_to_990,got:0.246596]=1; P2_VALUE_OUT_OF_RANGE[cited_range:10_to_990,got:0.2518]=1; P2_VALUE_OUT_OF_RANGE[cited_range:10_to_990,got:0.254156]=1; P2_VALUE_OUT_OF_RANGE[cited_range:10_to_990,got:0.25721]=1; P2_VALUE_OUT_OF_RANGE[cited_range:10_to_990,got:0.259799]=1; P2_VALUE_OUT_OF_RANGE[cited_range:10_to_990,got:0.262886]=1; P2_VALUE_OUT_OF_RANGE[cited_range:10_to_990,got:0.263957]=1; P2_VALUE_OUT_OF_RANGE[cited_range:10_to_990,got:0.268188]=1; P2_VALUE_OUT_OF_RANGE[cited_range:10_to_990,got:0.27678]=1; P2_VALUE_OUT_OF_RANGE[cited_range:10_to_990,got:0.291982]=1; P2_VALUE_OUT_OF_RANGE[cited_range:10_to_990,got:0.293504]=1; P2_VALUE_OUT_OF_RANGE[cited_range:10_to_990,got:0.299601]=1; P2_VALUE_OUT_OF_RANGE[cited_range:10_to_990,got:0.307936]=1; P2_VALUE_OUT_OF_RANGE[cited_range:10_to_990,got:0.313159]=1; P2_VALUE_OUT_OF_RANGE[cited_range:10_to_990,got:0.31634]=1; P2_VALUE_OUT_OF_RANGE[cited_range:10_to_990,got:0.323382]=1; P2_VALUE_OUT_OF_RANGE[cited_range:10_to_990,got:0.324796]=1; P2_VALUE_OUT_OF_RANGE[cited_range:10_to_990,got:0.32483]=1; P2_VALUE_OUT_OF_RANGE[cited_range:10_to_990,got:0.325578]=1; P2_VALUE_OUT_OF_RANGE[cited_range:10_to_990,got:0.328022]=1; P2_VALUE_OUT_OF_RANGE[cited_range:10_to_990,got:0.333677]=1; P2_VALUE_OUT_OF_RANGE[cited_range:10_to_990,got:0.340036]=1; P2_VALUE_OUT_OF_RANGE[cited_range:10_to_990,got:0.344034]=1; P2_VALUE_OUT_OF_RANGE[cited_range:10_to_990,got:0.353481]=1; P2_VALUE_OUT_OF_RANGE[cited_range:10_to_990,got:0.355498]=1; P2_VALUE_OUT_OF_RANGE[cited_range:10_to_990,got:0.358056]=1; P2_VALUE_OUT_OF_RANGE[cited_range:10_to_990,got:0.366752]=1; P2_VALUE_OUT_OF_RANGE[cited_range:10_to_990,got:0.371756]=1; P2_VALUE_OUT_OF_RANGE[cited_range:10_to_990,got:0.372758]=1; P2_VALUE_OUT_OF_RANGE[cited_range:10_to_990,got:0.375093]=1; P2_VALUE_OUT_OF_RANGE[cited_range:10_to_990,got:0.37583]=1; P2_VALUE_OUT_OF_RANGE[cited_range:10_to_990,got:0.37965]=1; P2_VALUE_OUT_OF_RANGE[cited_range:10_to_990,got:0.380934]=1; P2_VALUE_OUT_OF_RANGE[cited_range:10_to_990,got:0.384426]=1; P2_VALUE_OUT_OF_RANGE[cited_range:10_to_990,got:0.384821]=1; P2_VALUE_OUT_OF_RANGE[cited_range:10_to_990,got:0.387852]=1; P2_VALUE_OUT_OF_RANGE[cited_range:10_to_990,got:0.392718]=1; P2_VALUE_OUT_OF_RANGE[cited_range:10_to_990,got:0.393049]=1; P2_VALUE_OUT_OF_RANGE[cited_range:10_to_990,got:0.396751]=1; P2_VALUE_OUT_OF_RANGE[cited_range:10_to_990,got:0.400924]=1; P2_VALUE_OUT_OF_RANGE[cited_range:10_to_990,got:0.401123]=1; P2_VALUE_OUT_OF_RANGE[cited_range:10_to_990,got:0.402594]=1; P2_VALUE_OUT_OF_RANGE[cited_range:10_to_990,got:0.406269]=1; P2_VALUE_OUT_OF_RANGE[cited_range:10_to_990,got:0.407812]=1; P2_VALUE_OUT_OF_RANGE[cited_range:10_to_990,got:0.41333]=1; P2_VALUE_OUT_OF_RANGE[cited_range:10_to_990,got:0.420351]=1; P2_VALUE_OUT_OF_RANGE[cited_range:10_to_990,got:0.420795]=1; P2_VALUE_OUT_OF_RANGE[cited_range:10_to_990,got:0.421929]=1; P2_VALUE_OUT_OF_RANGE[cited_range:10_to_990,got:0.429582]=1; P2_VALUE_OUT_OF_RANGE[cited_range:10_to_990,got:0.430533]=1; P2_VALUE_OUT_OF_RANGE[cited_range:10_to_990,got:0.432501]=1; P2_VALUE_OUT_OF_RANGE[cited_range:10_to_990,got:0.434568]=1; P2_VALUE_OUT_OF_RANGE[cited_range:10_to_990,got:0.436935]=1; P2_VALUE_OUT_OF_RANGE[cited_range:10_to_990,got:0.44015]=1; P2_VALUE_OUT_OF_RANGE[cited_range:10_to_990,got:0.44692]=1; P2_VALUE_OUT_OF_RANGE[cited_range:10_to_990,got:0.447038]=1; P2_VALUE_OUT_OF_RANGE[cited_range:10_to_990,got:0.450106]=1; P2_VALUE_OUT_OF_RANGE[cited_range:10_to_990,got:0.452931]=1; P2_VALUE_OUT_OF_RANGE[cited_range:10_to_990,got:0.456174]=1; P2_VALUE_OUT_OF_RANGE[cited_range:10_to_990,got:0.458132]=1; P2_VALUE_OUT_OF_RANGE[cited_range:10_to_990,got:0.458275]=1; P2_VALUE_OUT_OF_RANGE[cited_range:10_to_990,got:0.458333]=1; P2_VALUE_OUT_OF_RANGE[cited_range:10_to_990,got:0.463743]=1; P2_VALUE_OUT_OF_RANGE[cited_range:10_to_990,got:0.470605]=1; P2_VALUE_OUT_OF_RANGE[cited_range:10_to_990,got:0.483367]=1; P2_VALUE_OUT_OF_RANGE[cited_range:10_to_990,got:0.485315]=1; P2_VALUE_OUT_OF_RANGE[cited_range:10_to_990,got:0.492028]=1; P2_VALUE_OUT_OF_RANGE[cited_range:10_to_990,got:0.494196]=1; P2_VALUE_OUT_OF_RANGE[cited_range:10_to_990,got:0.499284]=1; P2_VALUE_OUT_OF_RANGE[cited_range:10_to_990,got:0.499944]=1; P2_VALUE_OUT_OF_RANGE[cited_range:10_to_990,got:0.501188]=1; P2_VALUE_OUT_OF_RANGE[cited_range:10_to_990,got:0.515213]=1; P2_VALUE_OUT_OF_RANGE[cited_range:10_to_990,got:0.522479]=1; P2_VALUE_OUT_OF_RANGE[cited_range:10_to_990,got:0.526174]=1; P2_VALUE_OUT_OF_RANGE[cited_range:10_to_990,got:0.536842]=1; P2_VALUE_OUT_OF_RANGE[cited_range:10_to_990,got:0.562244]=1; P2_VALUE_OUT_OF_RANGE[cited_range:10_to_990,got:0.571636]=1; P2_VALUE_OUT_OF_RANGE[cited_range:10_to_990,got:0.5726]=1; P2_VALUE_OUT_OF_RANGE[cited_range:10_to_990,got:0.667513]=1; P2_VALUE_OUT_OF_RANGE[cited_range:10_to_990,got:0.204741]=2; P2_VALUE_OUT_OF_RANGE[cited_range:10_to_990,got:0.2314]=2; P2_VALUE_OUT_OF_RANGE[cited_range:10_to_990,got:0.241432]=2; P2_VALUE_OUT_OF_RANGE[cited_range:10_to_990,got:0.249361]=2; P2_VALUE_OUT_OF_RANGE[cited_range:10_to_990,got:0.276636]=2; P2_VALUE_OUT_OF_RANGE[cited_range:10_to_990,got:0.284028]=2; P2_VALUE_OUT_OF_RANGE[cited_range:10_to_990,got:0.292235]=2; P2_VALUE_OUT_OF_RANGE[cited_range:10_to_990,got:0.297703]=2; P2_VALUE_OUT_OF_RANGE[cited_range:10_to_990,got:0.341849]=2; P2_VALUE_OUT_OF_RANGE[cited_range:10_to_990,got:0.347337]=2; P2_VALUE_OUT_OF_RANGE[cited_range:10_to_990,got:0.359271]=2; P2_VALUE_OUT_OF_RANGE[cited_range:10_to_990,got:0.35972]=2; P2_VALUE_OUT_OF_RANGE[cited_range:10_to_990,got:0.370456]=2; P2_VALUE_OUT_OF_RANGE[cited_range:10_to_990,got:0.380446]=2; P2_VALUE_OUT_OF_RANGE[cited_range:10_to_990,got:0.404944]=2; P2_VALUE_OUT_OF_RANGE[cited_range:10_to_990,got:0.415754]=2; P2_VALUE_OUT_OF_RANGE[cited_range:10_to_990,got:0.425458]=2; P2_VALUE_OUT_OF_RANGE[cited_range:10_to_990,got:0.442968]=2; P2_VALUE_OUT_OF_RANGE[cited_range:10_to_990,got:0.446487]=2; P2_VALUE_OUT_OF_RANGE[cited_range:10_to_990,got:0.459743]=2; P2_VALUE_OUT_OF_RANGE[cited_range:10_to_990,got:0.473491]=2; P2_VALUE_OUT_OF_RANGE[cited_range:10_to_990,got:0.278795]=3; P2_VALUE_OUT_OF_RANGE[cited_range:10_to_990,got:0.337413]=3; P2_VALUE_OUT_OF_RANGE[cited_range:10_to_990,got:0.3591]=3; P2_VALUE_OUT_OF_RANGE[cited_range:10_to_990,got:0.379703]=3; P2_VALUE_OUT_OF_RANGE[cited_range:10_to_990,got:0.410829]=3; P2_VALUE_OUT_OF_RANGE[cited_range:10_to_990,got:0.482035]=3; P2_VALUE_OUT_OF_RANGE[cited_range:10_to_990,got:0.297226]=4; P1_SPECIES_UNRESOLVED=22",626,454,"2026-04-25T20:35:40Z"
"doi:10.5061/dryad.s8f38",13999,52417,"DryadPlantTraits/output/downloads/v13999/FEBuzzardSpTraits.csv","standardize","compiled","Compiled BIEN-style observation rows.",313,626,"2026-04-25T20:35:40Z"
"doi:10.5061/dryad.f66db",14653,53768,"DryadPlantTraits/output/downloads/v14653/root_foraging_per_pot_data.csv","read","read","Loaded 660 rows x 7 columns",0,0,"2026-04-25T20:35:40Z"
"doi:10.5061/dryad.f66db",14653,53768,"DryadPlantTraits/output/downloads/v14653/root_foraging_per_pot_data.csv","standardize","skipped","No likely trait observation fields detected.",660,0,"2026-04-25T20:35:40Z"
"doi:10.5061/dryad.7ng3j",15591,55559,"DryadPlantTraits/output/downloads/v15591/hughes_field_exp_repeated.csv","read","read","Loaded 576 rows x 10 columns",0,0,"2026-04-25T20:35:40Z"
"doi:10.5061/dryad.7ng3j",15591,55559,"DryadPlantTraits/output/downloads/v15591/hughes_field_exp_repeated.csv","standardize","skipped","No likely trait observation fields detected.",576,0,"2026-04-25T20:35:40Z"
"doi:10.5061/dryad.7ng3j",15591,55558,"DryadPlantTraits/output/downloads/v15591/hughes_field_exp.csv","read","read","Loaded 72 rows x 38 columns",0,0,"2026-04-25T20:35:40Z"
"doi:10.5061/dryad.7ng3j",15591,55558,"DryadPlantTraits/output/downloads/v15591/hughes_field_exp.csv","standardize","skipped","No likely trait observation fields detected.",72,0,"2026-04-25T20:35:40Z"
"doi:10.5061/dryad.5j618",15847,56053,"/var/folders/hh/hv60fv4x0nb1zhgd0y12pzq80000gn/T//Rtmp6hNHV3/dryad_extract_11172cf63e2d/File_1.txt","read","read","Loaded 400 rows x 51 columns",0,0,"2026-04-25T20:35:40Z"
"doi:10.5061/dryad.5j618",15847,56053,"/var/folders/hh/hv60fv4x0nb1zhgd0y12pzq80000gn/T//Rtmp6hNHV3/dryad_extract_11172cf63e2d/File_2.txt","read","read","Loaded 44 rows x 9 columns",0,0,"2026-04-25T20:35:40Z"
"doi:10.5061/dryad.5j618",15847,56053,"/var/folders/hh/hv60fv4x0nb1zhgd0y12pzq80000gn/T//Rtmp6hNHV3/dryad_extract_11172cf63e2d/File_5.txt","read","read","Loaded 44 rows x 2 columns",0,0,"2026-04-25T20:35:40Z"
"doi:10.5061/dryad.5j618",15847,56053,"/var/folders/hh/hv60fv4x0nb1zhgd0y12pzq80000gn/T//Rtmp6hNHV3/dryad_extract_11172cf63e2d/File_1.txt","standardize","skipped","No likely trait observation fields detected.",400,0,"2026-04-25T20:35:40Z"
"doi:10.5061/dryad.5j618",15847,56053,"/var/folders/hh/hv60fv4x0nb1zhgd0y12pzq80000gn/T//Rtmp6hNHV3/dryad_extract_11172cf63e2d/File_2.txt","qa","FLAGS","P1_SPECIES_UNRESOLVED=44",44,0,"2026-04-25T20:35:40Z"
"doi:10.5061/dryad.5j618",15847,56053,"/var/folders/hh/hv60fv4x0nb1zhgd0y12pzq80000gn/T//Rtmp6hNHV3/dryad_extract_11172cf63e2d/File_2.txt","standardize","compiled","Compiled BIEN-style observation rows.",44,44,"2026-04-25T20:35:40Z"
"doi:10.5061/dryad.5j618",15847,56053,"/var/folders/hh/hv60fv4x0nb1zhgd0y12pzq80000gn/T//Rtmp6hNHV3/dryad_extract_11172cf63e2d/File_5.txt","standardize","skipped","No likely trait observation fields detected.",44,0,"2026-04-25T20:35:40Z"
"doi:10.5061/dryad.nm13c",16126,56557,"/var/folders/hh/hv60fv4x0nb1zhgd0y12pzq80000gn/T//Rtmp6hNHV3/dryad_extract_111727a6c0300/community.txt","read","read","Loaded 640 rows x 60 columns",0,0,"2026-04-25T20:35:40Z"
"doi:10.5061/dryad.nm13c",16126,56557,"/var/folders/hh/hv60fv4x0nb1zhgd0y12pzq80000gn/T//Rtmp6hNHV3/dryad_extract_111727a6c0300/pcatca.txt","read","read","Loaded 80 rows x 8 columns",0,0,"2026-04-25T20:35:40Z"
"doi:10.5061/dryad.nm13c",16126,56557,"/var/folders/hh/hv60fv4x0nb1zhgd0y12pzq80000gn/T//Rtmp6hNHV3/dryad_extract_111727a6c0300/physiology.txt","read","read","Loaded 60 rows x 7 columns",0,0,"2026-04-25T20:35:40Z"
"doi:10.5061/dryad.nm13c",16126,56557,"/var/folders/hh/hv60fv4x0nb1zhgd0y12pzq80000gn/T//Rtmp6hNHV3/dryad_extract_111727a6c0300/soil.txt","read","read","Loaded 80 rows x 10 columns",0,0,"2026-04-25T20:35:40Z"
"doi:10.5061/dryad.nm13c",16126,56557,"/var/folders/hh/hv60fv4x0nb1zhgd0y12pzq80000gn/T//Rtmp6hNHV3/dryad_extract_111727a6c0300/TPRII.txt","read","read","Loaded 320 rows x 5 columns",0,0,"2026-04-25T20:35:40Z"
"doi:10.5061/dryad.nm13c",16126,56557,"/var/folders/hh/hv60fv4x0nb1zhgd0y12pzq80000gn/T//Rtmp6hNHV3/dryad_extract_111727a6c0300/traits.txt","read","read","Loaded 320 rows x 7 columns",0,0,"2026-04-25T20:35:40Z"
"doi:10.5061/dryad.nm13c",16126,56557,"/var/folders/hh/hv60fv4x0nb1zhgd0y12pzq80000gn/T//Rtmp6hNHV3/dryad_extract_111727a6c0300/community.txt","qa","FLAGS","P2_VALUE_OUT_OF_RANGE[cited_range:0.1_to_60,got:0]=610; P1_SPECIES_UNRESOLVED=640",640,0,"2026-04-25T20:35:40Z"
"doi:10.5061/dryad.nm13c",16126,56557,"/var/folders/hh/hv60fv4x0nb1zhgd0y12pzq80000gn/T//Rtmp6hNHV3/dryad_extract_111727a6c0300/community.txt","standardize","compiled","Compiled BIEN-style observation rows.",640,640,"2026-04-25T20:35:40Z"
"doi:10.5061/dryad.nm13c",16126,56557,"/var/folders/hh/hv60fv4x0nb1zhgd0y12pzq80000gn/T//Rtmp6hNHV3/dryad_extract_111727a6c0300/pcatca.txt","standardize","skipped","No likely trait observation fields detected.",80,0,"2026-04-25T20:35:40Z"
"doi:10.5061/dryad.nm13c",16126,56557,"/var/folders/hh/hv60fv4x0nb1zhgd0y12pzq80000gn/T//Rtmp6hNHV3/dryad_extract_111727a6c0300/physiology.txt","standardize","skipped","No likely trait observation fields detected.",60,0,"2026-04-25T20:35:40Z"
"doi:10.5061/dryad.nm13c",16126,56557,"/var/folders/hh/hv60fv4x0nb1zhgd0y12pzq80000gn/T//Rtmp6hNHV3/dryad_extract_111727a6c0300/soil.txt","standardize","skipped","No likely trait observation fields detected.",80,0,"2026-04-25T20:35:40Z"
"doi:10.5061/dryad.nm13c",16126,56557,"/var/folders/hh/hv60fv4x0nb1zhgd0y12pzq80000gn/T//Rtmp6hNHV3/dryad_extract_111727a6c0300/TPRII.txt","standardize","skipped","No likely trait observation fields detected.",320,0,"2026-04-25T20:35:40Z"
"doi:10.5061/dryad.nm13c",16126,56557,"/var/folders/hh/hv60fv4x0nb1zhgd0y12pzq80000gn/T//Rtmp6hNHV3/dryad_extract_111727a6c0300/traits.txt","standardize","skipped","No likely trait observation fields detected.",320,0,"2026-04-25T20:35:41Z"
"doi:10.5061/dryad.kp0mc",16251,56776,"DryadPlantTraits/output/downloads/v16251/leaf area and seed mass Dryad.csv","read","read","Loaded 401 rows x 8 columns",0,0,"2026-04-25T20:35:41Z"
"doi:10.5061/dryad.kp0mc",16251,56776,"DryadPlantTraits/output/downloads/v16251/leaf area and seed mass Dryad.csv","standardize","skipped","No likely trait observation fields detected.",401,0,"2026-04-25T20:35:41Z"
"doi:10.5061/dryad.251q438",16491,57228,"DryadPlantTraits/output/downloads/v16491/Kleyer2018.csv","read","read","Loaded 2 rows x 24 columns",0,0,"2026-04-25T20:35:41Z"
"doi:10.5061/dryad.251q438",16491,57228,"DryadPlantTraits/output/downloads/v16491/Kleyer2018.csv","standardize","skipped","No likely trait observation fields detected.",2,0,"2026-04-25T20:35:41Z"
"doi:10.5061/dryad.k1g95",17721,59426,"DryadPlantTraits/output/downloads/v17721/FE_data_for_dryad.csv","read","read","Loaded 131 rows x 28 columns",0,0,"2026-04-25T20:35:41Z"
"doi:10.5061/dryad.k1g95",17721,59426,"DryadPlantTraits/output/downloads/v17721/FE_data_for_dryad.csv","standardize","skipped","No likely trait observation fields detected.",131,0,"2026-04-25T20:35:41Z"
"doi:10.5061/dryad.tv652",17734,59459,"DryadPlantTraits/output/downloads/v17734/trait_publish.csv","read","read","Loaded 44 rows x 29 columns",0,0,"2026-04-25T20:35:41Z"
"doi:10.5061/dryad.tv652",17734,59459,"DryadPlantTraits/output/downloads/v17734/trait_publish.csv","qa","PASS","PASS",132,132,"2026-04-25T20:35:41Z"
"doi:10.5061/dryad.tv652",17734,59459,"DryadPlantTraits/output/downloads/v17734/trait_publish.csv","standardize","compiled","Compiled BIEN-style observation rows.",44,132,"2026-04-25T20:35:41Z"
"doi:10.5061/dryad.72h45",18105,60097,"DryadPlantTraits/output/downloads/v18105/hydrology.csv","read","read","Loaded 15 rows x 25 columns",0,0,"2026-04-25T20:35:41Z"
"doi:10.5061/dryad.72h45",18105,60097,"DryadPlantTraits/output/downloads/v18105/hydrology.csv","standardize","skipped","No likely trait observation fields detected.",15,0,"2026-04-25T20:35:41Z"
"doi:10.5061/dryad.72h45",18105,60096,"DryadPlantTraits/output/downloads/v18105/riparian wood density data.csv","read","read","Loaded 107 rows x 9 columns",0,0,"2026-04-25T20:35:41Z"
"doi:10.5061/dryad.72h45",18105,60096,"DryadPlantTraits/output/downloads/v18105/riparian wood density data.csv","standardize","skipped","No likely trait observation fields detected.",107,0,"2026-04-25T20:35:41Z"
"doi:10.5061/dryad.n0m260p",18961,61876,"62biomAP_v_B73_SNPMatrix.txt.gz","download_version_zip","failed","Dryad version zip download failed after max retries (HTTP 429).",0,0,"2026-04-25T20:35:41Z"
"doi:10.5061/dryad.n0m260p",18961,61877,"README_for_62biomAP_v_B73_SNPMatrix.txt.txt","download_version_zip","failed","Dryad version zip download failed after max retries (HTTP 429).",0,0,"2026-04-25T20:35:41Z"
"doi:10.5061/dryad.n0m260p",18961,61875,"README_for_widiv_942g_899784SNPs_imputed_filteredGenos_noRTA_AGPv4.hmp.txt","download_version_zip","failed","Dryad version zip download failed after max retries (HTTP 429).",0,0,"2026-04-25T20:35:41Z"
"doi:10.5061/dryad.n0m260p",18961,61874,"widiv_942g_899784SNPs_imputed_filteredGenos_noRTA_AGPv4.hmp.txt","download_version_zip","failed","Dryad version zip download failed after max retries (HTTP 429).",0,0,"2026-04-25T20:35:41Z"
"doi:10.5061/dryad.cb13r",19478,65804,"DryadPlantTraits/output/downloads/v19478/CommunityWeightedMeans.csv","read","read","Loaded 58 rows x 19 columns",0,0,"2026-04-25T20:50:47Z"
"doi:10.5061/dryad.cb13r",19478,65804,"DryadPlantTraits/output/downloads/v19478/CommunityWeightedMeans.csv","qa","FLAGS","P2_VALUE_OUT_OF_RANGE[cited_range:0.5_to_500,got:0.198177]=1; P2_VALUE_OUT_OF_RANGE[cited_range:0.5_to_500,got:0.251644]=1; P2_VALUE_OUT_OF_RANGE[cited_range:0.5_to_500,got:0.25352]=1; P2_VALUE_OUT_OF_RANGE[cited_range:0.5_to_500,got:0.265031]=1; P2_VALUE_OUT_OF_RANGE[cited_range:0.5_to_500,got:0.274938]=1; P2_VALUE_OUT_OF_RANGE[cited_range:0.5_to_500,got:0.290143]=1; P2_VALUE_OUT_OF_RANGE[cited_range:0.5_to_500,got:0.292778]=1; P2_VALUE_OUT_OF_RANGE[cited_range:0.5_to_500,got:0.294424]=1; P2_VALUE_OUT_OF_RANGE[cited_range:0.5_to_500,got:0.296533]=1; P2_VALUE_OUT_OF_RANGE[cited_range:0.5_to_500,got:0.299903]=1; P2_VALUE_OUT_OF_RANGE[cited_range:0.5_to_500,got:0.300837]=1; P2_VALUE_OUT_OF_RANGE[cited_range:0.5_to_500,got:0.305073]=1; P2_VALUE_OUT_OF_RANGE[cited_range:0.5_to_500,got:0.306041]=1; P2_VALUE_OUT_OF_RANGE[cited_range:0.5_to_500,got:0.306207]=1; P2_VALUE_OUT_OF_RANGE[cited_range:0.5_to_500,got:0.306494]=1; P2_VALUE_OUT_OF_RANGE[cited_range:0.5_to_500,got:0.311063]=1; P2_VALUE_OUT_OF_RANGE[cited_range:0.5_to_500,got:0.314643]=1; P2_VALUE_OUT_OF_RANGE[cited_range:0.5_to_500,got:0.316588]=1; P2_VALUE_OUT_OF_RANGE[cited_range:0.5_to_500,got:0.318418]=1; P2_VALUE_OUT_OF_RANGE[cited_range:0.5_to_500,got:0.32012]=1; P2_VALUE_OUT_OF_RANGE[cited_range:0.5_to_500,got:0.324348]=1; P2_VALUE_OUT_OF_RANGE[cited_range:0.5_to_500,got:0.329041]=1; P2_VALUE_OUT_OF_RANGE[cited_range:0.5_to_500,got:0.329477]=1; P2_VALUE_OUT_OF_RANGE[cited_range:0.5_to_500,got:0.335306]=1; P2_VALUE_OUT_OF_RANGE[cited_range:0.5_to_500,got:0.337616]=1; P2_VALUE_OUT_OF_RANGE[cited_range:0.5_to_500,got:0.341961]=1; P2_VALUE_OUT_OF_RANGE[cited_range:0.5_to_500,got:0.342199]=1; P2_VALUE_OUT_OF_RANGE[cited_range:0.5_to_500,got:0.343689]=1; P2_VALUE_OUT_OF_RANGE[cited_range:0.5_to_500,got:0.34956]=1; P2_VALUE_OUT_OF_RANGE[cited_range:0.5_to_500,got:0.349811]=1; P2_VALUE_OUT_OF_RANGE[cited_range:0.5_to_500,got:0.35204]=1; P2_VALUE_OUT_OF_RANGE[cited_range:0.5_to_500,got:0.353701]=1; P2_VALUE_OUT_OF_RANGE[cited_range:0.5_to_500,got:0.354311]=1; P2_VALUE_OUT_OF_RANGE[cited_range:0.5_to_500,got:0.355838]=1; P2_VALUE_OUT_OF_RANGE[cited_range:0.5_to_500,got:0.356207]=1; P2_VALUE_OUT_OF_RANGE[cited_range:0.5_to_500,got:0.361326]=1; P2_VALUE_OUT_OF_RANGE[cited_range:0.5_to_500,got:0.362312]=1; P2_VALUE_OUT_OF_RANGE[cited_range:0.5_to_500,got:0.364858]=1; P2_VALUE_OUT_OF_RANGE[cited_range:0.5_to_500,got:0.368201]=1; P2_VALUE_OUT_OF_RANGE[cited_range:0.5_to_500,got:0.372405]=1; P2_VALUE_OUT_OF_RANGE[cited_range:0.5_to_500,got:0.373358]=1; P2_VALUE_OUT_OF_RANGE[cited_range:0.5_to_500,got:0.376872]=1; P2_VALUE_OUT_OF_RANGE[cited_range:0.5_to_500,got:0.378282]=1; P2_VALUE_OUT_OF_RANGE[cited_range:0.5_to_500,got:0.380912]=1; P2_VALUE_OUT_OF_RANGE[cited_range:0.5_to_500,got:0.390348]=1; P2_VALUE_OUT_OF_RANGE[cited_range:0.5_to_500,got:0.390423]=1; P2_VALUE_OUT_OF_RANGE[cited_range:0.5_to_500,got:0.392861]=1; P2_VALUE_OUT_OF_RANGE[cited_range:0.5_to_500,got:0.396527]=1; P2_VALUE_OUT_OF_RANGE[cited_range:0.5_to_500,got:0.399244]=1; P2_VALUE_OUT_OF_RANGE[cited_range:0.5_to_500,got:0.40664]=1; P2_VALUE_OUT_OF_RANGE[cited_range:0.5_to_500,got:0.408326]=1; P2_VALUE_OUT_OF_RANGE[cited_range:0.5_to_500,got:0.413813]=1; P2_VALUE_OUT_OF_RANGE[cited_range:0.5_to_500,got:0.414279]=1; P2_VALUE_OUT_OF_RANGE[cited_range:0.5_to_500,got:0.419392]=1; P2_VALUE_OUT_OF_RANGE[cited_range:0.5_to_500,got:0.431715]=1; P2_VALUE_OUT_OF_RANGE[cited_range:0.5_to_500,got:0.452439]=1; P2_VALUE_OUT_OF_RANGE[cited_range:0.5_to_500,got:0.461738]=1; P2_VALUE_OUT_OF_RANGE[cited_range:0.5_to_500,got:0.472104]=1; P1_SPECIES_UNRESOLVED=174",174,0,"2026-04-25T20:50:47Z"
"doi:10.5061/dryad.cb13r",19478,65804,"DryadPlantTraits/output/downloads/v19478/CommunityWeightedMeans.csv","standardize","compiled","Compiled BIEN-style observation rows.",58,174,"2026-04-25T20:50:47Z"
"doi:10.5061/dryad.cb13r",19478,65805,"DryadPlantTraits/output/downloads/v19478/RawSoilData.csv","read","read","Loaded 26 rows x 24 columns",0,0,"2026-04-25T20:50:47Z"
"doi:10.5061/dryad.cb13r",19478,65805,"DryadPlantTraits/output/downloads/v19478/RawSoilData.csv","standardize","skipped","No likely trait observation fields detected.",26,0,"2026-04-25T20:50:47Z"
"doi:10.5061/dryad.cb13r",19478,65801,"DryadPlantTraits/output/downloads/v19478/Species_x_SiteMatrix.csv","read","read","Loaded 58 rows x 99 columns",0,0,"2026-04-25T20:50:47Z"
"doi:10.5061/dryad.cb13r",19478,65801,"DryadPlantTraits/output/downloads/v19478/Species_x_SiteMatrix.csv","standardize","skipped","No likely trait observation fields detected.",58,0,"2026-04-25T20:50:47Z"
"doi:10.5061/dryad.cb13r",19478,65803,"DryadPlantTraits/output/downloads/v19478/Species_x_TraitsMatrix.csv","read","read","Loaded 104 rows x 33 columns",0,0,"2026-04-25T20:50:47Z"
"doi:10.5061/dryad.cb13r",19478,65803,"DryadPlantTraits/output/downloads/v19478/Species_x_TraitsMatrix.csv","qa","FLAGS","P1_SPECIES_UNRESOLVED=104",104,0,"2026-04-25T20:50:48Z"
"doi:10.5061/dryad.cb13r",19478,65803,"DryadPlantTraits/output/downloads/v19478/Species_x_TraitsMatrix.csv","standardize","compiled","Compiled BIEN-style observation rows.",104,104,"2026-04-25T20:50:48Z"
"doi:10.5061/dryad.cb13r",19478,65802,"DryadPlantTraits/output/downloads/v19478/VacantLot_DemolitionDate.csv","read","read","Loaded 30 rows x 5 columns",0,0,"2026-04-25T20:50:47Z"
"doi:10.5061/dryad.cb13r",19478,65802,"DryadPlantTraits/output/downloads/v19478/VacantLot_DemolitionDate.csv","standardize","skipped","No likely trait observation fields detected.",30,0,"2026-04-25T20:50:48Z"
"doi:10.5061/dryad.53550",19534,65904,"DryadPlantTraits/output/downloads/v19534/Species key.csv","read","read","Loaded 49 rows x 2 columns",0,0,"2026-04-25T20:50:48Z"
"doi:10.5061/dryad.53550",19534,65904,"DryadPlantTraits/output/downloads/v19534/Species key.csv","standardize","skipped","No likely trait observation fields detected.",49,0,"2026-04-25T20:50:48Z"
"doi:10.5061/dryad.53550",19534,65903,"DryadPlantTraits/output/downloads/v19534/Traits per species and quadrat.csv","read","read","Loaded 257 rows x 33 columns",0,0,"2026-04-25T20:50:48Z"
"doi:10.5061/dryad.53550",19534,65903,"DryadPlantTraits/output/downloads/v19534/Traits per species and quadrat.csv","standardize","skipped","No likely trait observation fields detected.",257,0,"2026-04-25T20:50:48Z"
"doi:10.5061/dryad.q28h6",19779,66389,"DryadPlantTraits/output/downloads/v19779/AmesetalCWMdata.csv","read","read","Loaded 105 rows x 11 columns",0,0,"2026-04-25T20:50:48Z"
"doi:10.5061/dryad.q28h6",19779,66389,"DryadPlantTraits/output/downloads/v19779/AmesetalCWMdata.csv","standardize","skipped","No likely trait observation fields detected.",105,0,"2026-04-25T20:50:48Z"
"doi:10.5061/dryad.q28h6",19779,66388,"DryadPlantTraits/output/downloads/v19779/AmesetalOrdinationData.csv","read","read","Loaded 103 rows x 146 columns",0,0,"2026-04-25T20:50:48Z"
"doi:10.5061/dryad.q28h6",19779,66388,"DryadPlantTraits/output/downloads/v19779/AmesetalOrdinationData.csv","standardize","skipped","No likely trait observation fields detected.",103,0,"2026-04-25T20:50:48Z"
"doi:10.5061/dryad.cm922",20005,66954,"DryadPlantTraits/output/downloads/v20005/Dovrat et al 2018 JEcol height growth data.csv","read","read","Loaded 1092 rows x 4 columns",0,0,"2026-04-25T20:50:48Z"
"doi:10.5061/dryad.cm922",20005,66954,"DryadPlantTraits/output/downloads/v20005/Dovrat et al 2018 JEcol height growth data.csv","standardize","skipped","No likely trait observation fields detected.",1092,0,"2026-04-25T20:50:48Z"
"doi:10.5061/dryad.cm922",20005,66953,"DryadPlantTraits/output/downloads/v20005/Dovrat et al 2018 JEcol nitrogen fixation data.csv","read","read","Loaded 0 rows x 1 columns",0,0,"2026-04-25T20:50:48Z"
"doi:10.5061/dryad.cm922",20005,66953,"DryadPlantTraits/output/downloads/v20005/Dovrat et al 2018 JEcol nitrogen fixation data.csv","standardize","skipped","No likely trait observation fields detected.",0,0,"2026-04-25T20:50:48Z"
"doi:10.5061/dryad.8g252",27866,103545,"DryadPlantTraits/output/downloads/v27866/adler_demography.csv","read","read","Loaded 209 rows x 36 columns",0,0,"2026-04-25T20:50:48Z"
"doi:10.5061/dryad.8g252",27866,103545,"DryadPlantTraits/output/downloads/v27866/adler_demography.csv","standardize","skipped","No likely trait observation fields detected.",209,0,"2026-04-25T20:50:48Z"
"doi:10.5061/dryad.8g252",27866,103546,"DryadPlantTraits/output/downloads/v27866/README_for_adler_demography.txt","read","skipped","more columns than column names",0,0,"2026-04-25T20:50:48Z"
"doi:10.5061/dryad.n41d2dv",28598,106914,"DryadPlantTraits/output/downloads/v28598/Full_data_Swiss_intraspecific.csv","read","read","Loaded 582 rows x 9 columns",0,0,"2026-04-25T20:50:48Z"
"doi:10.5061/dryad.n41d2dv",28598,106914,"DryadPlantTraits/output/downloads/v28598/Full_data_Swiss_intraspecific.csv","qa","FLAGS","P2_CATEGORICAL_VOCAB_MISMATCH[expected one of: tree/shrub/herb/grass/vine/liana/subshrub/fern/moss/epiphyte/succulent/palm; got: sedge]=107; P2_CATEGORICAL_VOCAB_MISMATCH[expected one of: tree/shrub/herb/grass/vine/liana/subshrub/fern/moss/epiphyte/succulent/palm; got: legume]=140; P2_CATEGORICAL_VOCAB_MISMATCH[expected one of: tree/shrub/herb/grass/vine/liana/subshrub/fern/moss/epiphyte/succulent/palm; got: forb]=164",1164,753,"2026-04-25T20:50:49Z"
"doi:10.5061/dryad.n41d2dv",28598,106914,"DryadPlantTraits/output/downloads/v28598/Full_data_Swiss_intraspecific.csv","standardize","compiled","Compiled BIEN-style observation rows.",582,1164,"2026-04-25T20:50:49Z"
"doi:10.5061/dryad.n41d2dv",28598,106915,"DryadPlantTraits/output/downloads/v28598/Full_data_Swiss_intraspecific.csv","read","read","Loaded 582 rows x 9 columns",0,0,"2026-04-25T20:50:48Z"
"doi:10.5061/dryad.n41d2dv",28598,106915,"DryadPlantTraits/output/downloads/v28598/Full_data_Swiss_intraspecific.csv","qa","FLAGS","P2_CATEGORICAL_VOCAB_MISMATCH[expected one of: tree/shrub/herb/grass/vine/liana/subshrub/fern/moss/epiphyte/succulent/palm; got: sedge]=107; P2_CATEGORICAL_VOCAB_MISMATCH[expected one of: tree/shrub/herb/grass/vine/liana/subshrub/fern/moss/epiphyte/succulent/palm; got: legume]=140; P2_CATEGORICAL_VOCAB_MISMATCH[expected one of: tree/shrub/herb/grass/vine/liana/subshrub/fern/moss/epiphyte/succulent/palm; got: forb]=164",1164,753,"2026-04-25T20:50:49Z"
"doi:10.5061/dryad.n41d2dv",28598,106915,"DryadPlantTraits/output/downloads/v28598/Full_data_Swiss_intraspecific.csv","standardize","compiled","Compiled BIEN-style observation rows.",582,1164,"2026-04-25T20:50:49Z"
"doi:10.5061/dryad.j2n1vq2",29489,111484,"Barton_Leaf_Development_Defence_Syndrome_Data.csv","download_version_zip","failed","Dryad version zip download failed after max retries (HTTP 429).",0,0,"2026-04-25T20:50:49Z"
"doi:10.5061/dryad.j2n1vq2",29489,111485,"README_for_Barton_Leaf_Development_Defence_Syndrome_Data.txt","download_version_zip","failed","Dryad version zip download failed after max retries (HTTP 429).",0,0,"2026-04-25T20:50:49Z"
"doi:10.5061/dryad.v9s4mw6r5",46878,214745,"DryadPlantTraits/output/downloads/v46878/passage.csv","read","read","Loaded 1360 rows x 7 columns",0,0,"2026-04-25T21:05:56Z"
"doi:10.5061/dryad.v9s4mw6r5",46878,214745,"DryadPlantTraits/output/downloads/v46878/passage.csv","standardize","skipped","No likely trait observation fields detected.",1360,0,"2026-04-25T21:05:56Z"
"doi:10.5061/dryad.v9s4mw6r5",46878,214744,"DryadPlantTraits/output/downloads/v46878/traits.csv","read","read","Loaded 13 rows x 11 columns",0,0,"2026-04-25T21:05:56Z"
"doi:10.5061/dryad.v9s4mw6r5",46878,214744,"DryadPlantTraits/output/downloads/v46878/traits.csv","qa","PASS","PASS",13,13,"2026-04-25T21:05:56Z"
"doi:10.5061/dryad.v9s4mw6r5",46878,214744,"DryadPlantTraits/output/downloads/v46878/traits.csv","standardize","compiled","Compiled BIEN-style observation rows.",13,13,"2026-04-25T21:05:56Z"
"doi:10.5061/dryad.w6m905qkq",48791,237960,"DryadPlantTraits/output/downloads/v48791/dataset_community_NP.csv","read","read","Loaded 0 rows x 1 columns",0,0,"2026-04-25T21:05:56Z"
"doi:10.5061/dryad.w6m905qkq",48791,237960,"DryadPlantTraits/output/downloads/v48791/dataset_community_NP.csv","standardize","skipped","No likely trait observation fields detected.",0,0,"2026-04-25T21:05:56Z"
"doi:10.5061/dryad.3j9kd51d9",57500,267308,"IWG_Wild_Plants_FPS_SE.zip","download_version_zip","failed","Dryad version zip download failed after max retries (HTTP 429).",0,0,"2026-04-25T21:05:56Z"
"doi:10.5061/dryad.3xsj3txc0",63392,303974,"DryadPlantTraits/output/downloads/v63392/final_dataset.csv","read","read","Loaded 2591 rows x 1 columns",0,0,"2026-04-25T21:21:02Z"
"doi:10.5061/dryad.3xsj3txc0",63392,303974,"DryadPlantTraits/output/downloads/v63392/final_dataset.csv","standardize","skipped","No likely trait observation fields detected.",2591,0,"2026-04-25T21:21:02Z"
"doi:10.5061/dryad.3xsj3txc0",63392,303973,"DryadPlantTraits/output/downloads/v63392/geox_dataset.csv","read","read","Loaded 220 rows x 3 columns",0,0,"2026-04-25T21:21:02Z"
"doi:10.5061/dryad.3xsj3txc0",63392,303973,"DryadPlantTraits/output/downloads/v63392/geox_dataset.csv","standardize","skipped","No likely trait observation fields detected.",220,0,"2026-04-25T21:21:02Z"
"doi:10.5061/dryad.h9w0vt4fn",64263,298252,"DryadPlantTraits/output/downloads/v64263/Kleinschmidt_FuncEcol_2020_Table_S1.csv","read","read","Loaded 48 rows x 11 columns",0,0,"2026-04-25T21:21:02Z"
"doi:10.5061/dryad.h9w0vt4fn",64263,298252,"DryadPlantTraits/output/downloads/v64263/Kleinschmidt_FuncEcol_2020_Table_S1.csv","qa","FLAGS","P2_VALUE_OUT_OF_RANGE[cited_range:10_to_990,got:0.244]=1; P2_VALUE_OUT_OF_RANGE[cited_range:10_to_990,got:0.25]=1; P2_VALUE_OUT_OF_RANGE[cited_range:10_to_990,got:0.258]=1; P2_VALUE_OUT_OF_RANGE[cited_range:10_to_990,got:0.263]=1; P2_VALUE_OUT_OF_RANGE[cited_range:10_to_990,got:0.278]=1; P2_VALUE_OUT_OF_RANGE[cited_range:10_to_990,got:0.291]=1; P2_VALUE_OUT_OF_RANGE[cited_range:10_to_990,got:0.304]=1; P2_VALUE_OUT_OF_RANGE[cited_range:10_to_990,got:0.315]=1; P2_VALUE_OUT_OF_RANGE[cited_range:10_to_990,got:0.32]=1; P2_VALUE_OUT_OF_RANGE[cited_range:10_to_990,got:0.321]=1; P2_VALUE_OUT_OF_RANGE[cited_range:10_to_990,got:0.338]=1; P2_VALUE_OUT_OF_RANGE[cited_range:10_to_990,got:0.343]=1; P2_VALUE_OUT_OF_RANGE[cited_range:10_to_990,got:0.348]=1; P2_VALUE_OUT_OF_RANGE[cited_range:10_to_990,got:0.35]=1; P2_VALUE_OUT_OF_RANGE[cited_range:10_to_990,got:0.357]=1; P2_VALUE_OUT_OF_RANGE[cited_range:10_to_990,got:0.358]=1; P2_VALUE_OUT_OF_RANGE[cited_range:10_to_990,got:0.359]=1; P2_VALUE_OUT_OF_RANGE[cited_range:10_to_990,got:0.361]=1; P2_VALUE_OUT_OF_RANGE[cited_range:10_to_990,got:0.369]=1; P2_VALUE_OUT_OF_RANGE[cited_range:10_to_990,got:0.375]=1; P2_VALUE_OUT_OF_RANGE[cited_range:10_to_990,got:0.378]=1; P2_VALUE_OUT_OF_RANGE[cited_range:10_to_990,got:0.381]=1; P2_VALUE_OUT_OF_RANGE[cited_range:10_to_990,got:0.392]=1; P2_VALUE_OUT_OF_RANGE[cited_range:10_to_990,got:0.393]=1; P2_VALUE_OUT_OF_RANGE[cited_range:10_to_990,got:0.395]=1; P2_VALUE_OUT_OF_RANGE[cited_range:10_to_990,got:0.397]=1; P2_VALUE_OUT_OF_RANGE[cited_range:10_to_990,got:0.401]=1; P2_VALUE_OUT_OF_RANGE[cited_range:10_to_990,got:0.416]=1; P2_VALUE_OUT_OF_RANGE[cited_range:10_to_990,got:0.42]=1; P2_VALUE_OUT_OF_RANGE[cited_range:10_to_990,got:0.423]=1; P2_VALUE_OUT_OF_RANGE[cited_range:10_to_990,got:0.425]=1; P2_VALUE_OUT_OF_RANGE[cited_range:10_to_990,got:0.427]=1; P2_VALUE_OUT_OF_RANGE[cited_range:10_to_990,got:0.43]=1; P2_VALUE_OUT_OF_RANGE[cited_range:10_to_990,got:0.445]=1; P2_VALUE_OUT_OF_RANGE[cited_range:10_to_990,got:0.461]=1; P2_VALUE_OUT_OF_RANGE[cited_range:10_to_990,got:0.501]=1; P2_VALUE_OUT_OF_RANGE[cited_range:10_to_990,got:0.313]=2; P2_VALUE_OUT_OF_RANGE[cited_range:10_to_990,got:0.326]=2; P2_VALUE_OUT_OF_RANGE[cited_range:10_to_990,got:0.354]=2; P2_VALUE_OUT_OF_RANGE[cited_range:10_to_990,got:0.373]=2; P1_SPECIES_UNRESOLVED=3; P1_VALUE_NOT_NUMERIC=3",144,97,"2026-04-25T21:21:03Z"
"doi:10.5061/dryad.h9w0vt4fn",64263,298252,"DryadPlantTraits/output/downloads/v64263/Kleinschmidt_FuncEcol_2020_Table_S1.csv","standardize","compiled","Compiled BIEN-style observation rows.",48,144,"2026-04-25T21:21:03Z"
"doi:10.5061/dryad.bnzs7h46q",65513,318411,"DryadPlantTraits/output/downloads/v65513/herbivory_Zirbel_Brudvig_2020_dryad.csv","read","read","Loaded 2114 rows x 4 columns",0,0,"2026-04-25T21:21:03Z"
"doi:10.5061/dryad.bnzs7h46q",65513,318411,"DryadPlantTraits/output/downloads/v65513/herbivory_Zirbel_Brudvig_2020_dryad.csv","standardize","skipped","No likely trait observation fields detected.",2114,0,"2026-04-25T21:21:03Z"
"doi:10.5061/dryad.bnzs7h46q",65513,318397,"DryadPlantTraits/output/downloads/v65513/leaf_area_Zirbel_Brudvig_2020_dryad.csv","read","read","Loaded 282 rows x 4 columns",0,0,"2026-04-25T21:21:03Z"
"doi:10.5061/dryad.bnzs7h46q",65513,318397,"DryadPlantTraits/output/downloads/v65513/leaf_area_Zirbel_Brudvig_2020_dryad.csv","standardize","skipped","No likely trait observation fields detected.",282,0,"2026-04-25T21:21:03Z"
"doi:10.5061/dryad.bnzs7h46q",65513,318398,"DryadPlantTraits/output/downloads/v65513/leaf_CN_Zirbel_Brudvig_2020_dryad.csv","read","read","Loaded 214 rows x 7 columns",0,0,"2026-04-25T21:21:03Z"
"doi:10.5061/dryad.bnzs7h46q",65513,318398,"DryadPlantTraits/output/downloads/v65513/leaf_CN_Zirbel_Brudvig_2020_dryad.csv","standardize","skipped","No likely trait observation fields detected.",214,0,"2026-04-25T21:21:03Z"
"doi:10.5061/dryad.bnzs7h46q",65513,318399,"DryadPlantTraits/output/downloads/v65513/light_data_Zirbel_Brudvig_2020_dryad.csv","read","read","Loaded 120 rows x 3 columns",0,0,"2026-04-25T21:21:03Z"
"doi:10.5061/dryad.bnzs7h46q",65513,318399,"DryadPlantTraits/output/downloads/v65513/light_data_Zirbel_Brudvig_2020_dryad.csv","standardize","skipped","No likely trait observation fields detected.",120,0,"2026-04-25T21:21:03Z"
"doi:10.5061/dryad.bnzs7h46q",65513,318400,"DryadPlantTraits/output/downloads/v65513/readme_Zirbel_Brudvig_2020_dryad.txt","read","read","Loaded 102 rows x 1 columns",0,0,"2026-04-25T21:21:03Z"
"doi:10.5061/dryad.bnzs7h46q",65513,318400,"DryadPlantTraits/output/downloads/v65513/readme_Zirbel_Brudvig_2020_dryad.txt","standardize","skipped","No likely trait observation fields detected.",102,0,"2026-04-25T21:21:03Z"
"doi:10.5061/dryad.bnzs7h46q",65513,318401,"DryadPlantTraits/output/downloads/v65513/seed_mass_Zirbel_Brudvig_2020_dryad.csv","read","read","Loaded 1205 rows x 2 columns",0,0,"2026-04-25T21:21:03Z"
"doi:10.5061/dryad.bnzs7h46q",65513,318401,"DryadPlantTraits/output/downloads/v65513/seed_mass_Zirbel_Brudvig_2020_dryad.csv","qa","FLAGS","P1_SPECIES_UNRESOLVED=1205",1205,0,"2026-04-25T21:21:04Z"
"doi:10.5061/dryad.bnzs7h46q",65513,318401,"DryadPlantTraits/output/downloads/v65513/seed_mass_Zirbel_Brudvig_2020_dryad.csv","standardize","compiled","Compiled BIEN-style observation rows.",1205,1205,"2026-04-25T21:21:04Z"
"doi:10.5061/dryad.bnzs7h46q",65513,318403,"DryadPlantTraits/output/downloads/v65513/seedling_count_Zirbel_Brudvig_2020_dryad.csv","read","read","Loaded 324 rows x 11 columns",0,0,"2026-04-25T21:21:03Z"
"doi:10.5061/dryad.bnzs7h46q",65513,318403,"DryadPlantTraits/output/downloads/v65513/seedling_count_Zirbel_Brudvig_2020_dryad.csv","standardize","skipped","No likely trait observation fields detected.",324,0,"2026-04-25T21:21:04Z"
"doi:10.5061/dryad.bnzs7h46q",65513,318402,"DryadPlantTraits/output/downloads/v65513/soil_moisture_Zirbel_Brudvig_2020_dryad.csv","read","read","Loaded 240 rows x 7 columns",0,0,"2026-04-25T21:21:03Z"
"doi:10.5061/dryad.bnzs7h46q",65513,318402,"DryadPlantTraits/output/downloads/v65513/soil_moisture_Zirbel_Brudvig_2020_dryad.csv","standardize","skipped","No likely trait observation fields detected.",240,0,"2026-04-25T21:21:04Z"
"doi:10.5061/dryad.bnzs7h46q",65513,318404,"DryadPlantTraits/output/downloads/v65513/soil_nutrient_Zirbel_Brudvig_2020_dryad.csv","read","read","Loaded 24 rows x 26 columns",0,0,"2026-04-25T21:21:03Z"
"doi:10.5061/dryad.bnzs7h46q",65513,318404,"DryadPlantTraits/output/downloads/v65513/soil_nutrient_Zirbel_Brudvig_2020_dryad.csv","standardize","skipped","No likely trait observation fields detected.",24,0,"2026-04-25T21:21:04Z"
"doi:10.5061/dryad.bnzs7h46q",65513,318405,"DryadPlantTraits/output/downloads/v65513/soil_texture_Zirbel_Brudvig_2020_dryad.csv","read","read","Loaded 24 rows x 4 columns",0,0,"2026-04-25T21:21:03Z"
"doi:10.5061/dryad.bnzs7h46q",65513,318405,"DryadPlantTraits/output/downloads/v65513/soil_texture_Zirbel_Brudvig_2020_dryad.csv","standardize","skipped","No likely trait observation fields detected.",24,0,"2026-04-25T21:21:04Z"
"doi:10.5061/dryad.bnzs7h46q",65513,318406,"DryadPlantTraits/output/downloads/v65513/soil_water_hold_capacity_Zirbel_Brudvig_2020_dryad.csv","read","read","Loaded 24 rows x 2 columns",0,0,"2026-04-25T21:21:03Z"
"doi:10.5061/dryad.bnzs7h46q",65513,318406,"DryadPlantTraits/output/downloads/v65513/soil_water_hold_capacity_Zirbel_Brudvig_2020_dryad.csv","standardize","skipped","No likely trait observation fields detected.",24,0,"2026-04-25T21:21:04Z"
"doi:10.5061/dryad.bnzs7h46q",65513,318407,"DryadPlantTraits/output/downloads/v65513/sown_density_Zirbel_Brudvig_2020_dryad.csv","read","read","Loaded 83 rows x 3 columns",0,0,"2026-04-25T21:21:03Z"
"doi:10.5061/dryad.bnzs7h46q",65513,318407,"DryadPlantTraits/output/downloads/v65513/sown_density_Zirbel_Brudvig_2020_dryad.csv","standardize","skipped","No likely trait observation fields detected.",83,0,"2026-04-25T21:21:04Z"
"doi:10.5061/dryad.bnzs7h46q",65513,318408,"DryadPlantTraits/output/downloads/v65513/trait_data_Zirbel_Brudvig_2020_dryad.csv","read","read","Loaded 295 rows x 8 columns",0,0,"2026-04-25T21:21:03Z"
"doi:10.5061/dryad.bnzs7h46q",65513,318408,"DryadPlantTraits/output/downloads/v65513/trait_data_Zirbel_Brudvig_2020_dryad.csv","standardize","skipped","No likely trait observation fields detected.",295,0,"2026-04-25T21:21:04Z"
"doi:10.5061/dryad.qp25093",65538,318505,"/var/folders/hh/hv60fv4x0nb1zhgd0y12pzq80000gn/T//Rtmp6hNHV3/dryad_extract_1117293b509a/NutNet1/data/foliar_cover_updated_2.csv","read","read","Loaded 2664 rows x 95 columns",0,0,"2026-04-25T21:21:04Z"
"doi:10.5061/dryad.qp25093",65538,318505,"/var/folders/hh/hv60fv4x0nb1zhgd0y12pzq80000gn/T//Rtmp6hNHV3/dryad_extract_1117293b509a/NutNet1/data/time zero cover data for functional trait NutNet.csv","read","read","Loaded 12238 rows x 16 columns",0,0,"2026-04-25T21:21:04Z"
"doi:10.5061/dryad.qp25093",65538,318505,"/var/folders/hh/hv60fv4x0nb1zhgd0y12pzq80000gn/T//Rtmp6hNHV3/dryad_extract_1117293b509a/NutNet1/data/turnover_data.csv","read","read","Loaded 2651 rows x 10 columns",0,0,"2026-04-25T21:21:04Z"
"doi:10.5061/dryad.qp25093",65538,318505,"/var/folders/hh/hv60fv4x0nb1zhgd0y12pzq80000gn/T//Rtmp6hNHV3/dryad_extract_1117293b509a/NutNet1/data/Tx community level.csv","read","read","Loaded 11642 rows x 18 columns",0,0,"2026-04-25T21:21:04Z"
"doi:10.5061/dryad.qp25093",65538,318505,"/var/folders/hh/hv60fv4x0nb1zhgd0y12pzq80000gn/T//Rtmp6hNHV3/dryad_extract_1117293b509a/NutNet1/scripts/README.txt","read","read","Loaded 11 rows x 1 columns",0,0,"2026-04-25T21:21:04Z"
"doi:10.5061/dryad.qp25093",65538,318505,"/var/folders/hh/hv60fv4x0nb1zhgd0y12pzq80000gn/T//Rtmp6hNHV3/dryad_extract_1117293b509a/NutNet1/data/foliar_cover_updated_2.csv","qa","FLAGS","P2_VALUE_OUT_OF_RANGE[cited_range:0.5_to_500,got:10000]=1; P2_VALUE_OUT_OF_RANGE[cited_range:0.5_to_500,got:10003]=1; P2_VALUE_OUT_OF_RANGE[cited_range:0.5_to_500,got:10017.4]=1; P2_VALUE_OUT_OF_RANGE[cited_range:0.5_to_500,got:1003.74]=1; P2_VALUE_OUT_OF_RANGE[cited_range:0.5_to_500,got:1003.95]=1; P2_VALUE_OUT_OF_RANGE[cited_range:0.5_to_500,got:10042.9]=1; P2_VALUE_OUT_OF_RANGE[cited_range:0.5_to_500,got:10052.6]=1; P2_VALUE_OUT_OF_RANGE[cited_range:0.5_to_500,got:1006.34]=1; P2_VALUE_OUT_OF_RANGE[cited_range:0.5_to_500,got:10069.3]=1; P2_VALUE_OUT_OF_RANGE[cited_range:0.5_to_500,got:1007.45]=1; P2_VALUE_OUT_OF_RANGE[cited_range:0.5_to_500,got:10072.3]=1; P2_VALUE_OUT_OF_RANGE[cited_range:0.5_to_500,got:10073.6]=1; P2_VALUE_OUT_OF_RANGE[cited_range:0.5_to_500,got:10074.5]=1; P2_VALUE_OUT_OF_RANGE[cited_range:0.5_to_500,got:10079.9]=1; P2_VALUE_OUT_OF_RANGE[cited_range:0.5_to_500,got:10094.4]=1; P2_VALUE_OUT_OF_RANGE[cited_range:0.5_to_500,got:1010.52]=1; P2_VALUE_OUT_OF_RANGE[cited_range:0.5_to_500,got:10105.7]=1; P2_VALUE_OUT_OF_RANGE[cited_range:0.5_to_500,got:1013.74]=1; P2_VALUE_OUT_OF_RANGE[cited_range:0.5_to_500,got:101315]=1; P2_VALUE_OUT_OF_RANGE[cited_range:0.5_to_500,got:10168.3]=1; P2_VALUE_OUT_OF_RANGE[cited_range:0.5_to_500,got:1018.22]=1; P2_VALUE_OUT_OF_RANGE[cited_range:0.5_to_500,got:1018.75]=1; P2_VALUE_OUT_OF_RANGE[cited_range:0.5_to_500,got:10186.4]=1; P2_VALUE_OUT_OF_RANGE[cited_range:0.5_to_500,got:1019.15]=1; P2_VALUE_OUT_OF_RANGE[cited_range:0.5_to_500,got:10199.4]=1; P2_VALUE_OUT_OF_RANGE[cited_range:0.5_to_500,got:10223.7]=1; P2_VALUE_OUT_OF_RANGE[cited_range:0.5_to_500,got:10223.9]=1; P2_VALUE_OUT_OF_RANGE[cited_range:0.5_to_500,got:102277]=1; P2_VALUE_OUT_OF_RANGE[cited_range:0.5_to_500,got:10229.3]=1; P2_VALUE_OUT_OF_RANGE[cited_range:0.5_to_500,got:10236.2]=1; P2_VALUE_OUT_OF_RANGE[cited_range:0.5_to_500,got:10244.3]=1; P2_VALUE_OUT_OF_RANGE[cited_range:0.5_to_500,got:10257.8]=1; P2_VALUE_OUT_OF_RANGE[cited_range:0.5_to_500,got:1026.04]=1; P2_VALUE_OUT_OF_RANGE[cited_range:0.5_to_500,got:1027.46]=1; P2_VALUE_OUT_OF_RANGE[cited_range:0.5_to_500,got:102716]=1; P2_VALUE_OUT_OF_RANGE[cited_range:0.5_to_500,got:10276.3]=1; P2_VALUE_OUT_OF_RANGE[cited_range:0.5_to_500,got:10284.5]=1; P2_VALUE_OUT_OF_RANGE[cited_range:0.5_to_500,got:10298.6]=1; P2_VALUE_OUT_OF_RANGE[cited_range:0.5_to_500,got:10305.5]=1; P2_VALUE_OUT_OF_RANGE[cited_range:0.5_to_500,got:1031.06]=1; P2_VALUE_OUT_OF_RANGE[cited_range:0.5_to_500,got:10326.9]=1; P2_VALUE_OUT_OF_RANGE[cited_range:0.5_to_500,got:1033.08]=1; P2_VALUE_OUT_OF_RANGE[cited_range:0.5_to_500,got:103471]=1; P2_VALUE_OUT_OF_RANGE[cited_range:0.5_to_500,got:1035.89]=1; P2_VALUE_OUT_OF_RANGE[cited_range:0.5_to_500,got:1035.93]=1; P2_VALUE_OUT_OF_RANGE[cited_range:0.5_to_500,got:10396.9]=1; P2_VALUE_OUT_OF_RANGE[cited_range:0.5_to_500,got:1040.81]=1; P2_VALUE_OUT_OF_RANGE[cited_range:0.5_to_500,got:104013]=1; P2_VALUE_OUT_OF_RANGE[cited_range:0.5_to_500,got:1042.89]=1; P2_VALUE_OUT_OF_RANGE[cited_range:0.5_to_500,got:1043.52]=1; P2_VALUE_OUT_OF_RANGE[cited_range:0.5_to_500,got:10442.1]=1; P2_VALUE_OUT_OF_RANGE[cited_range:0.5_to_500,got:10455.5]=1; P2_VALUE_OUT_OF_RANGE[cited_range:0.5_to_500,got:1047.65]=1; P2_VALUE_OUT_OF_RANGE[cited_range:0.5_to_500,got:10471.2]=1; P2_VALUE_OUT_OF_RANGE[cited_range:0.5_to_500,got:1048.36]=1; P2_VALUE_OUT_OF_RANGE[cited_range:0.5_to_500,got:10480.9]=1; P2_VALUE_OUT_OF_RANGE[cited_range:0.5_to_500,got:10491.4]=1; P2_VALUE_OUT_OF_RANGE[cited_range:0.5_to_500,got:10496.5]=1; P2_VALUE_OUT_OF_RANGE[cited_range:0.5_to_500,got:10502.8]=1; P2_VALUE_OUT_OF_RANGE[cited_range:0.5_to_500,got:10502]=1; P2_VALUE_OUT_OF_RANGE[cited_range:0.5_to_500,got:10514.4]=1; P2_VALUE_OUT_OF_RANGE[cited_range:0.5_to_500,got:105159]=1; P2_VALUE_OUT_OF_RANGE[cited_range:0.5_to_500,got:10524.1]=1; P2_VALUE_OUT_OF_RANGE[cited_range:0.5_to_500,got:10526.6]=1; P2_VALUE_OUT_OF_RANGE[cited_range:0.5_to_500,got:10556.6]=1; P2_VALUE_OUT_OF_RANGE[cited_range:0.5_to_500,got:1056.04]=1; P2_VALUE_OUT_OF_RANGE[cited_range:0.5_to_500,got:1058.4]=1; P2_VALUE_OUT_OF_RANGE[cited_range:0.5_to_500,got:10582.2]=1; P2_VALUE_OUT_OF_RANGE[cited_range:0.5_to_500,got:10585.5]=1; P2_VALUE_OUT_OF_RANGE[cited_range:0.5_to_500,got:1060.61]=1; P2_VALUE_OUT_OF_RANGE[cited_range:0.5_to_500,got:1061.67]=1; P2_VALUE_OUT_OF_RANGE[cited_range:0.5_to_500,got:106126]=1; P2_VALUE_OUT_OF_RANGE[cited_range:0.5_to_500,got:106267]=1; P2_VALUE_OUT_OF_RANGE[cited_range:0.5_to_500,got:106467]=1; P2_VALUE_OUT_OF_RANGE[cited_range:0.5_to_500,got:10661.5]=1; P2_VALUE_OUT_OF_RANGE[cited_range:0.5_to_500,got:1067.94]=1; P2_VALUE_OUT_OF_RANGE[cited_range:0.5_to_500,got:1068.13]=1; P2_VALUE_OUT_OF_RANGE[cited_range:0.5_to_500,got:10684.1]=1; P2_VALUE_OUT_OF_RANGE[cited_range:0.5_to_500,got:10687.9]=1; P2_VALUE_OUT_OF_RANGE[cited_range:0.5_to_500,got:106980]=1; P2_VALUE_OUT_OF_RANGE[cited_range:0.5_to_500,got:1070.92]=1; P2_VALUE_OUT_OF_RANGE[cited_range:0.5_to_500,got:10710.5]=1; P2_VALUE_OUT_OF_RANGE[cited_range:0.5_to_500,got:10714.5]=1; P2_VALUE_OUT_OF_RANGE[cited_range:0.5_to_500,got:10715.2]=1; P2_VALUE_OUT_OF_RANGE[cited_range:0.5_to_500,got:10719.4]=1; P2_VALUE_OUT_OF_RANGE[cited_range:0.5_to_500,got:10722.3]=1; P2_VALUE_OUT_OF_RANGE[cited_range:0.5_to_500,got:10730]=1; P2_VALUE_OUT_OF_RANGE[cited_range:0.5_to_500,got:10733.7]=1; P2_VALUE_OUT_OF_RANGE[cited_range:0.5_to_500,got:1074.06]=1; P2_VALUE_OUT_OF_RANGE[cited_range:0.5_to_500,got:1074.53]=1; P2_VALUE_OUT_OF_RANGE[cited_range:0.5_to_500,got:1074.68]=1; P2_VALUE_OUT_OF_RANGE[cited_range:0.5_to_500,got:10753]=1; P2_VALUE_OUT_OF_RANGE[cited_range:0.5_to_500,got:10755.1]=1; P2_VALUE_OUT_OF_RANGE[cited_range:0.5_to_500,got:107589]=1; P2_VALUE_OUT_OF_RANGE[cited_range:0.5_to_500,got:1077.17]=1; P2_VALUE_OUT_OF_RANGE[cited_range:0.5_to_500,got:10781.3]=1; P2_VALUE_OUT_OF_RANGE[cited_range:0.5_to_500,got:1079.6]=1; P2_VALUE_OUT_OF_RANGE[cited_range:0.5_to_500,got:10800.8]=1; P2_VALUE_OUT_OF_RANGE[cited_range:0.5_to_500,got:10804]=1; P2_VALUE_OUT_OF_RANGE[cited_range:0.5_to_500,got:10820.9]=1; P2_VALUE_OUT_OF_RANGE[cited_range:0.5_to_500,got:10829.1]=1; P2_VALUE_OUT_OF_RANGE[cited_range:0.5_to_500,got:1085.21]=1; P2_VALUE_OUT_OF_RANGE[cited_range:0.5_to_500,got:10860.5]=1; P2_VALUE_OUT_OF_RANGE[cited_range:0.5_to_500,got:10861.6]=1; P2_VALUE_OUT_OF_RANGE[cited_range:0.5_to_500,got:108788]=1; P2_VALUE_OUT_OF_RANGE[cited_range:0.5_to_500,got:10888.9]=1; P2_VALUE_OUT_OF_RANGE[cited_range:0.5_to_500,got:108882]=1; P2_VALUE_OUT_OF_RANGE[cited_range:0.5_to_500,got:10897.5]=1; P2_VALUE_OUT_OF_RANGE[cited_range:0.5_to_500,got:10900.6]=1; P2_VALUE_OUT_OF_RANGE[cited_range:0.5_to_500,got:10909.3]=1; P2_VALUE_OUT_OF_RANGE[cited_range:0.5_to_500,got:109142]=1; P2_VALUE_OUT_OF_RANGE[cited_range:0.5_to_500,got:1092.05]=1; P2_VALUE_OUT_OF_RANGE[cited_range:0.5_to_500,got:10924.2]=1; P2_VALUE_OUT_OF_RANGE[cited_range:0.5_to_500,got:1093.63]=1; P2_VALUE_OUT_OF_RANGE[cited_range:0.5_to_500,got:10944.1]=1; P2_VALUE_OUT_OF_RANGE[cited_range:0.5_to_500,got:10951]=1; P2_VALUE_OUT_OF_RANGE[cited_range:0.5_to_500,got:10954.2]=1; P2_VALUE_OUT_OF_RANGE[cited_range:0.5_to_500,got:10963]=1; P2_VALUE_OUT_OF_RANGE[cited_range:0.5_to_500,got:10969.4]=1; P2_VALUE_OUT_OF_RANGE[cited_range:0.5_to_500,got:10998.9]=1; P2_VALUE_OUT_OF_RANGE[cited_range:0.5_to_500,got:11007]=1; P2_VALUE_OUT_OF_RANGE[cited_range:0.5_to_500,got:110289]=1; P2_VALUE_OUT_OF_RANGE[cited_range:0.5_to_500,got:11033.8]=1; P2_VALUE_OUT_OF_RANGE[cited_range:0.5_to_500,got:1104.7]=1; P2_VALUE_OUT_OF_RANGE[cited_range:0.5_to_500,got:11056.8]=1; P2_VALUE_OUT_OF_RANGE[cited_range:0.5_to_500,got:11076.3]=1; P2_VALUE_OUT_OF_RANGE[cited_range:0.5_to_500,got:1108.88]=1; P2_VALUE_OUT_OF_RANGE[cited_range:0.5_to_500,got:11090.4]=1; P2_VALUE_OUT_OF_RANGE[cited_range:0.5_to_500,got:110909]=1; P2_VALUE_OUT_OF_RANGE[cited_range:0.5_to_500,got:11094.4]=1; P2_VALUE_OUT_OF_RANGE[cited_range:0.5_to_500,got:1110.1]=1; P2_VALUE_OUT_OF_RANGE[cited_range:0.5_to_500,got:1110.41]=1; P2_VALUE_OUT_OF_RANGE[cited_range:0.5_to_500,got:1110.73]=1; P2_VALUE_OUT_OF_RANGE[cited_range:0.5_to_500,got:11106.4]=1; P2_VALUE_OUT_OF_RANGE[cited_range:0.5_to_500,got:11108.3]=1; P2_VALUE_OUT_OF_RANGE[cited_range:0.5_to_500,got:1111.05]=1; P2_VALUE_OUT_OF_RANGE[cited_range:0.5_to_500,got:11134.3]=1; P2_VALUE_OUT_OF_RANGE[cited_range:0.5_to_500,got:111363]=1; P2_VALUE_OUT_OF_RANGE[cited_range:0.5_to_500,got:1114.87]=1; P2_VALUE_OUT_OF_RANGE[cited_range:0.5_to_500,got:1115.14]=1; P2_VALUE_OUT_OF_RANGE[cited_range:0.5_to_500,got:111649]=1; P2_VALUE_OUT_OF_RANGE[cited_range:0.5_to_500,got:1117.78]=1; P2_VALUE_OUT_OF_RANGE[cited_range:0.5_to_500,got:11189.5]=1; P2_VALUE_OUT_OF_RANGE[cited_range:0.5_to_500,got:111932]=1; P2_VALUE_OUT_OF_RANGE[cited_range:0.5_to_500,got:11198.9]=1; P2_VALUE_OUT_OF_RANGE[cited_range:0.5_to_500,got:1120.37]=1; P2_VALUE_OUT_OF_RANGE[cited_range:0.5_to_500,got:1121.42]=1; P2_VALUE_OUT_OF_RANGE[cited_range:0.5_to_500,got:11226.1]=1; P2_VALUE_OUT_OF_RANGE[cited_range:0.5_to_500,got:1124.16]=1; P2_VALUE_OUT_OF_RANGE[cited_range:0.5_to_500,got:1126.1]=1; P2_VALUE_OUT_OF_RANGE[cited_range:0.5_to_500,got:11267.2]=1; P2_VALUE_OUT_OF_RANGE[cited_range:0.5_to_500,got:11273.2]=1; P2_VALUE_OUT_OF_RANGE[cited_range:0.5_to_500,got:11273]=1; P2_VALUE_OUT_OF_RANGE[cited_range:0.5_to_500,got:11274.1]=1; P2_VALUE_OUT_OF_RANGE[cited_range:0.5_to_500,got:11275.7]=1; P2_VALUE_OUT_OF_RANGE[cited_range:0.5_to_500,got:11293.6]=1; P2_VALUE_OUT_OF_RANGE[cited_range:0.5_to_500,got:1131.12]=1; P2_VALUE_OUT_OF_RANGE[cited_range:0.5_to_500,got:11324.4]=1; P2_VALUE_OUT_OF_RANGE[cited_range:0.5_to_500,got:11336.7]=1; P2_VALUE_OUT_OF_RANGE[cited_range:0.5_to_500,got:11337.8]=1; P2_VALUE_OUT_OF_RANGE[cited_range:0.5_to_500,got:113539]=1; P2_VALUE_OUT_OF_RANGE[cited_range:0.5_to_500,got:11386]=1; P2_VALUE_OUT_OF_RANGE[cited_range:0.5_to_500,got:11391.8]=1; P2_VALUE_OUT_OF_RANGE[cited_range:0.5_to_500,got:11399.7]=1; P2_VALUE_OUT_OF_RANGE[cited_range:0.5_to_500,got:1142.81]=1; P2_VALUE_OUT_OF_RANGE[cited_range:0.5_to_500,got:1142.86]=1; P2_VALUE_OUT_OF_RANGE[cited_range:0.5_to_500,got:11442.5]=1; P2_VALUE_OUT_OF_RANGE[cited_range:0.5_to_500,got:114629]=1; P2_VALUE_OUT_OF_RANGE[cited_range:0.5_to_500,got:1147.04]=1; P2_VALUE_OUT_OF_RANGE[cited_range:0.5_to_500,got:114702]=1; P2_VALUE_OUT_OF_RANGE[cited_range:0.5_to_500,got:11489.2]=1; P2_VALUE_OUT_OF_RANGE[cited_range:0.5_to_500,got:11500.6]=1; P2_VALUE_OUT_OF_RANGE[cited_range:0.5_to_500,got:11512.6]=1; P2_VALUE_OUT_OF_RANGE[cited_range:0.5_to_500,got:1152.3]=1; P2_VALUE_OUT_OF_RANGE[cited_range:0.5_to_500,got:11533.3]=1; P2_VALUE_OUT_OF_RANGE[cited_range:0.5_to_500,got:11540.7]=1; P2_VALUE_OUT_OF_RANGE[cited_range:0.5_to_500,got:1156.53]=1; P2_VALUE_OUT_OF_RANGE[cited_range:0.5_to_500,got:11560.6]=1; P2_VALUE_OUT_OF_RANGE[cited_range:0.5_to_500,got:11574.6]=1; P2_VALUE_OUT_OF_RANGE[cited_range:0.5_to_500,got:1160.71]=1; P2_VALUE_OUT_OF_RANGE[cited_range:0.5_to_500,got:1161.46]=1; P2_VALUE_OUT_OF_RANGE[cited_range:0.5_to_500,got:11619.6]=1; P2_VALUE_OUT_OF_RANGE[cited_range:0.5_to_500,got:1162.39]=1; P2_VALUE_OUT_OF_RANGE[cited_range:0.5_to_500,got:11621]=1; P2_VALUE_OUT_OF_RANGE[cited_range:0.5_to_500,got:1163.92]=1; P2_VALUE_OUT_OF_RANGE[cited_range:0.5_to_500,got:11632.4]=1; P2_VALUE_OUT_OF_RANGE[cited_range:0.5_to_500,got:11635]=1; P2_VALUE_OUT_OF_RANGE[cited_range:0.5_to_500,got:11646.4]=1; P2_VALUE_OUT_OF_RANGE[cited_range:0.5_to_500,got:11662.2]=1; P2_VALUE_OUT_OF_RANGE[cited_range:0.5_to_500,got:1167.3]=1; P2_VALUE_OUT_OF_RANGE[cited_range:0.5_to_500,got:1168.38]=1; P2_VALUE_OUT_OF_RANGE[cited_range:0.5_to_500,got:116835]=1; P2_VALUE_OUT_OF_RANGE[cited_range:0.5_to_500,got:11685.2]=1; P2_VALUE_OUT_OF_RANGE[cited_range:0.5_to_500,got:1170.21]=1; P2_VALUE_OUT_OF_RANGE[cited_range:0.5_to_500,got:1170.88]=1; P2_VALUE_OUT_OF_RANGE[cited_range:0.5_to_500,got:11714.3]=1; P2_VALUE_OUT_OF_RANGE[cited_range:0.5_to_500,got:1173.05]=1; P2_VALUE_OUT_OF_RANGE[cited_range:0.5_to_500,got:117335]=1; P2_VALUE_OUT_OF_RANGE[cited_range:0.5_to_500,got:1174.36]=1; P2_VALUE_OUT_OF_RANGE[cited_range:0.5_to_500,got:1176.47]=1; P2_VALUE_OUT_OF_RANGE[cited_range:0.5_to_500,got:11762.3]=1; P2_VALUE_OUT_OF_RANGE[cited_range:0.5_to_500,got:11775.9]=1; P2_VALUE_OUT_OF_RANGE[cited_range:0.5_to_500,got:117825]=1; P2_VALUE_OUT_OF_RANGE[cited_range:0.5_to_500,got:11791]=1; P2_VALUE_OUT_OF_RANGE[cited_range:0.5_to_500,got:1181.5]=1; P2_VALUE_OUT_OF_RANGE[cited_range:0.5_to_500,got:11822.6]=1; P2_VALUE_OUT_OF_RANGE[cited_range:0.5_to_500,got:11832]=1; P2_VALUE_OUT_OF_RANGE[cited_range:0.5_to_500,got:11841.6]=1; P2_VALUE_OUT_OF_RANGE[cited_range:0.5_to_500,got:11842.3]=1; P2_VALUE_OUT_OF_RANGE[cited_range:0.5_to_500,got:118673]=1; P2_VALUE_OUT_OF_RANGE[cited_range:0.5_to_500,got:11870.9]=1; P2_VALUE_OUT_OF_RANGE[cited_range:0.5_to_500,got:118741]=1; P2_VALUE_OUT_OF_RANGE[cited_range:0.5_to_500,got:11892.1]=1; P2_VALUE_OUT_OF_RANGE[cited_range:0.5_to_500,got:11910.5]=1; P2_VALUE_OUT_OF_RANGE[cited_range:0.5_to_500,got:11922.4]=1; P2_VALUE_OUT_OF_RANGE[cited_range:0.5_to_500,got:11937.1]=1; P2_VALUE_OUT_OF_RANGE[cited_range:0.5_to_500,got:11944.7]=1; P2_VALUE_OUT_OF_RANGE[cited_range:0.5_to_500,got:11950.7]=1; P2_VALUE_OUT_OF_RANGE[cited_range:0.5_to_500,got:119536]=1; P2_VALUE_OUT_OF_RANGE[cited_range:0.5_to_500,got:119879]=1; P2_VALUE_OUT_OF_RANGE[cited_range:0.5_to_500,got:1203.01]=1; P2_VALUE_OUT_OF_RANGE[cited_range:0.5_to_500,got:1203.95]=1; P2_VALUE_OUT_OF_RANGE[cited_range:0.5_to_500,got:12031.6]=1; P2_VALUE_OUT_OF_RANGE[cited_range:0.5_to_500,got:12038.3]=1; P2_VALUE_OUT_OF_RANGE[cited_range:0.5_to_500,got:1204.99]=1; P2_VALUE_OUT_OF_RANGE[cited_range:0.5_to_500,got:12051.3]=1; P2_VALUE_OUT_OF_RANGE[cited_range:0.5_to_500,got:12061.2]=1; P2_VALUE_OUT_OF_RANGE[cited_range:0.5_to_500,got:12074.7]=1; P2_VALUE_OUT_OF_RANGE[cited_range:0.5_to_500,got:12081.9]=1; P2_VALUE_OUT_OF_RANGE[cited_range:0.5_to_500,got:12099.5]=1; P2_VALUE_OUT_OF_RANGE[cited_range:0.5_to_500,got:1210.91]=1; P2_VALUE_OUT_OF_RANGE[cited_range:0.5_to_500,got:121000]=1; P2_VALUE_OUT_OF_RANGE[cited_range:0.5_to_500,got:121127]=1; P2_VALUE_OUT_OF_RANGE[cited_range:0.5_to_500,got:12123.1]=1; P2_VALUE_OUT_OF_RANGE[cited_range:0.5_to_500,got:12127]=1; P2_VALUE_OUT_OF_RANGE[cited_range:0.5_to_500,got:121390]=1; P2_VALUE_OUT_OF_RANGE[cited_range:0.5_to_500,got:12158.5]=1; P2_VALUE_OUT_OF_RANGE[cited_range:0.5_to_500,got:12163.4]=1; P2_VALUE_OUT_OF_RANGE[cited_range:0.5_to_500,got:12185.5]=1; P2_VALUE_OUT_OF_RANGE[cited_range:0.5_to_500,got:12196.1]=1; P2_VALUE_OUT_OF_RANGE[cited_range:0.5_to_500,got:12201.9]=1; P2_VALUE_OUT_OF_RANGE[cited_range:0.5_to_500,got:12202.2]=1; P2_VALUE_OUT_OF_RANGE[cited_range:0.5_to_500,got:12211.1]=1; P2_VALUE_OUT_OF_RANGE[cited_range:0.5_to_500,got:12217.8]=1; P2_VALUE_OUT_OF_RANGE[cited_range:0.5_to_500,got:12218.4]=1; P2_VALUE_OUT_OF_RANGE[cited_range:0.5_to_500,got:12226.4]=1; P2_VALUE_OUT_OF_RANGE[cited_range:0.5_to_500,got:1223.56]=1; P2_VALUE_OUT_OF_RANGE[cited_range:0.5_to_500,got:12243.4]=1; P2_VALUE_OUT_OF_RANGE[cited_range:0.5_to_500,got:12250.8]=1; P2_VALUE_OUT_OF_RANGE[cited_range:0.5_to_500,got:1226.32]=1; P2_VALUE_OUT_OF_RANGE[cited_range:0.5_to_500,got:1226.54]=1; P2_VALUE_OUT_OF_RANGE[cited_range:0.5_to_500,got:122677]=1; P2_VALUE_OUT_OF_RANGE[cited_range:0.5_to_500,got:12277.9]=1; P2_VALUE_OUT_OF_RANGE[cited_range:0.5_to_500,got:12284.4]=1; P2_VALUE_OUT_OF_RANGE[cited_range:0.5_to_500,got:1229.63]=1; P2_VALUE_OUT_OF_RANGE[cited_range:0.5_to_500,got:12290.9]=1; P2_VALUE_OUT_OF_RANGE[cited_range:0.5_to_500,got:12293.8]=1; P2_VALUE_OUT_OF_RANGE[cited_range:0.5_to_500,got:12303.9]=1; P2_VALUE_OUT_OF_RANGE[cited_range:0.5_to_500,got:12317.1]=1; P2_VALUE_OUT_OF_RANGE[cited_range:0.5_to_500,got:12323]=1; P2_VALUE_OUT_OF_RANGE[cited_range:0.5_to_500,got:1235.71]=1; P2_VALUE_OUT_OF_RANGE[cited_range:0.5_to_500,got:12366.7]=1; P2_VALUE_OUT_OF_RANGE[cited_range:0.5_to_500,got:123684]=1; P2_VALUE_OUT_OF_RANGE[cited_range:0.5_to_500,got:1238.59]=1; P2_VALUE_OUT_OF_RANGE[cited_range:0.5_to_500,got:12385.1]=1; P2_VALUE_OUT_OF_RANGE[cited_range:0.5_to_500,got:12386.2]=1; P2_VALUE_OUT_OF_RANGE[cited_range:0.5_to_500,got:12387.3]=1; P2_VALUE_OUT_OF_RANGE[cited_range:0.5_to_500,got:12393.9]=1; P2_VALUE_OUT_OF_RANGE[cited_range:0.5_to_500,got:12405.2]=1; P2_VALUE_OUT_OF_RANGE[cited_range:0.5_to_500,got:1242.31]=1; P2_VALUE_OUT_OF_RANGE[cited_range:0.5_to_500,got:1242.45]=1; P2_VALUE_OUT_OF_RANGE[cited_range:0.5_to_500,got:1242.93]=1; P2_VALUE_OUT_OF_RANGE[cited_range:0.5_to_500,got:12445.8]=1; P2_VALUE_OUT_OF_RANGE[cited_range:0.5_to_500,got:12474.5]=1; P2_VALUE_OUT_OF_RANGE[cited_range:0.5_to_500,got:124824]=1; P2_VALUE_OUT_OF_RANGE[cited_range:0.5_to_500,got:1249.65]=1; P2_VALUE_OUT_OF_RANGE[cited_range:0.5_to_500,got:12551.5]=1; P2_VALUE_OUT_OF_RANGE[cited_range:0.5_to_500,got:1256.14]=1; P2_VALUE_OUT_OF_RANGE[cited_range:0.5_to_500,got:12564.5]=1; P2_VALUE_OUT_OF_RANGE[cited_range:0.5_to_500,got:12570.8]=1; P2_VALUE_OUT_OF_RANGE[cited_range:0.5_to_500,got:12581.4]=1; P2_VALUE_OUT_OF_RANGE[cited_range:0.5_to_500,got:12582]=1; P2_VALUE_OUT_OF_RANGE[cited_range:0.5_to_500,got:12592.6]=1; P2_VALUE_OUT_OF_RANGE[cited_range:0.5_to_500,got:12612.2]=1; P2_VALUE_OUT_OF_RANGE[cited_range:0.5_to_500,got:12618.7]=1; P2_VALUE_OUT_OF_RANGE[cited_range:0.5_to_500,got:126310]=1; P2_VALUE_OUT_OF_RANGE[cited_range:0.5_to_500,got:12644.5]=1; P2_VALUE_OUT_OF_RANGE[cited_range:0.5_to_500,got:12647.2]=1; P2_VALUE_OUT_OF_RANGE[cited_range:0.5_to_500,got:12656.7]=1; P2_VALUE_OUT_OF_RANGE[cited_range:0.5_to_500,got:1266.55]=1; P2_VALUE_OUT_OF_RANGE[cited_range:0.5_to_500,got:12697.4]=1; P2_VALUE_OUT_OF_RANGE[cited_range:0.5_to_500,got:1270.08]=1; P2_VALUE_OUT_OF_RANGE[cited_range:0.5_to_500,got:12710.3]=1; P2_VALUE_OUT_OF_RANGE[cited_range:0.5_to_500,got:12717.7]=1; P2_VALUE_OUT_OF_RANGE[cited_range:0.5_to_500,got:12721.9]=1; P2_VALUE_OUT_OF_RANGE[cited_range:0.5_to_500,got:1278.03]=1; P2_VALUE_OUT_OF_RANGE[cited_range:0.5_to_500,got:12803.2]=1; P2_VALUE_OUT_OF_RANGE[cited_range:0.5_to_500,got:12808.7]=1; P2_VALUE_OUT_OF_RANGE[cited_range:0.5_to_500,got:1281.11]=1; P2_VALUE_OUT_OF_RANGE[cited_range:0.5_to_500,got:12845.5]=1; P2_VALUE_OUT_OF_RANGE[cited_range:0.5_to_500,got:12848.1]=1; P2_VALUE_OUT_OF_RANGE[cited_range:0.5_to_500,got:12860.7]=1; P2_VALUE_OUT_OF_RANGE[cited_range:0.5_to_500,got:12868.6]=1; P2_VALUE_OUT_OF_RANGE[cited_range:0.5_to_500,got:12874.8]=1; P2_VALUE_OUT_OF_RANGE[cited_range:0.5_to_500,got:128750]=1; P2_VALUE_OUT_OF_RANGE[cited_range:0.5_to_500,got:12876.7]=1; P2_VALUE_OUT_OF_RANGE[cited_range:0.5_to_500,got:1289.65]=1; P2_VALUE_OUT_OF_RANGE[cited_range:0.5_to_500,got:12892.6]=1; P2_VALUE_OUT_OF_RANGE[cited_range:0.5_to_500,got:12901.4]=1; P2_VALUE_OUT_OF_RANGE[cited_range:0.5_to_500,got:12922.7]=1; P2_VALUE_OUT_OF_RANGE[cited_range:0.5_to_500,got:1293.62]=1; P2_VALUE_OUT_OF_RANGE[cited_range:0.5_to_500,got:12957.6]=1; P2_VALUE_OUT_OF_RANGE[cited_range:0.5_to_500,got:12962.6]=1; P2_VALUE_OUT_OF_RANGE[cited_range:0.5_to_500,got:1298.54]=1; P2_VALUE_OUT_OF_RANGE[cited_range:0.5_to_500,got:129854]=1; P2_VALUE_OUT_OF_RANGE[cited_range:0.5_to_500,got:13001]=1; P2_VALUE_OUT_OF_RANGE[cited_range:0.5_to_500,got:13028.9]=1; P2_VALUE_OUT_OF_RANGE[cited_range:0.5_to_500,got:13038.7]=1; P2_VALUE_OUT_OF_RANGE[cited_range:0.5_to_500,got:1305.21]=1; P2_VALUE_OUT_OF_RANGE[cited_range:0.5_to_500,got:13065.5]=1; P2_VALUE_OUT_OF_RANGE[cited_range:0.5_to_500,got:13066.4]=1; P2_VALUE_OUT_OF_RANGE[cited_range:0.5_to_500,got:13071.7]=1; P2_VALUE_OUT_OF_RANGE[cited_range:0.5_to_500,got:13085]=1; P2_VALUE_OUT_OF_RANGE[cited_range:0.5_to_500,got:13108.6]=1; P2_VALUE_OUT_OF_RANGE[cited_range:0.5_to_500,got:1312.42]=1; P2_VALUE_OUT_OF_RANGE[cited_range:0.5_to_500,got:13128.8]=1; P2_VALUE_OUT_OF_RANGE[cited_range:0.5_to_500,got:1313.82]=1; P2_VALUE_OUT_OF_RANGE[cited_range:0.5_to_500,got:13145.9]=1; P2_VALUE_OUT_OF_RANGE[cited_range:0.5_to_500,got:1316.99]=1; P2_VALUE_OUT_OF_RANGE[cited_range:0.5_to_500,got:13160.8]=1; P2_VALUE_OUT_OF_RANGE[cited_range:0.5_to_500,got:13193.1]=1; P2_VALUE_OUT_OF_RANGE[cited_range:0.5_to_500,got:1322.2]=1; P2_VALUE_OUT_OF_RANGE[cited_range:0.5_to_500,got:13246.6]=1; P2_VALUE_OUT_OF_RANGE[cited_range:0.5_to_500,got:1328.38]=1; P2_VALUE_OUT_OF_RANGE[cited_range:0.5_to_500,got:1328.71]=1; P2_VALUE_OUT_OF_RANGE[cited_range:0.5_to_500,got:132808]=1; P2_VALUE_OUT_OF_RANGE[cited_range:0.5_to_500,got:13287.7]=1; P2_VALUE_OUT_OF_RANGE[cited_range:0.5_to_500,got:1329.22]=1; P2_VALUE_OUT_OF_RANGE[cited_range:0.5_to_500,got:13294.1]=1; P2_VALUE_OUT_OF_RANGE[cited_range:0.5_to_500,got:13302.2]=1; P2_VALUE_OUT_OF_RANGE[cited_range:0.5_to_500,got:13310.8]=1; P2_VALUE_OUT_OF_RANGE[cited_range:0.5_to_500,got:1333.38]=1; P2_VALUE_OUT_OF_RANGE[cited_range:0.5_to_500,got:13338.1]=1; P2_VALUE_OUT_OF_RANGE[cited_range:0.5_to_500,got:1339.95]=1; P2_VALUE_OUT_OF_RANGE[cited_range:0.5_to_500,got:1340.11]=1; P2_VALUE_OUT_OF_RANGE[cited_range:0.5_to_500,got:13405.2]=1; P2_VALUE_OUT_OF_RANGE[cited_range:0.5_to_500,got:13416.8]=1; P2_VALUE_OUT_OF_RANGE[cited_range:0.5_to_500,got:134160]=1; P2_VALUE_OUT_OF_RANGE[cited_range:0.5_to_500,got:1342.97]=1; P2_VALUE_OUT_OF_RANGE[cited_range:0.5_to_500,got:13421.4]=1; P2_VALUE_OUT_OF_RANGE[cited_range:0.5_to_500,got:13438.1]=1; P2_VALUE_OUT_OF_RANGE[cited_range:0.5_to_500,got:1344.87]=1; P2_VALUE_OUT_OF_RANGE[cited_range:0.5_to_500,got:13441.9]=1; P2_VALUE_OUT_OF_RANGE[cited_range:0.5_to_500,got:13442.5]=1; P2_VALUE_OUT_OF_RANGE[cited_range:0.5_to_500,got:13458.4]=1; P2_VALUE_OUT_OF_RANGE[cited_range:0.5_to_500,got:13460.9]=1; P2_VALUE_OUT_OF_RANGE[cited_range:0.5_to_500,got:13462.6]=1; P2_VALUE_OUT_OF_RANGE[cited_range:0.5_to_500,got:1347.86]=1; P2_VALUE_OUT_OF_RANGE[cited_range:0.5_to_500,got:13483.4]=1; P2_VALUE_OUT_OF_RANGE[cited_range:0.5_to_500,got:1349.3]=1; P2_VALUE_OUT_OF_RANGE[cited_range:0.5_to_500,got:13497]=1; P2_VALUE_OUT_OF_RANGE[cited_range:0.5_to_500,got:13506.3]=1; P2_VALUE_OUT_OF_RANGE[cited_range:0.5_to_500,got:13506.8]=1; P2_VALUE_OUT_OF_RANGE[cited_range:0.5_to_500,got:13507.4]=1; P2_VALUE_OUT_OF_RANGE[cited_range:0.5_to_500,got:13524]=1; P2_VALUE_OUT_OF_RANGE[cited_range:0.5_to_500,got:1357.48]=1; P2_VALUE_OUT_OF_RANGE[cited_range:0.5_to_500,got:1358.24]=1; P2_VALUE_OUT_OF_RANGE[cited_range:0.5_to_500,got:13580.1]=1; P2_VALUE_OUT_OF_RANGE[cited_range:0.5_to_500,got:13605.2]=1; P2_VALUE_OUT_OF_RANGE[cited_range:0.5_to_500,got:13605.4]=1; P2_VALUE_OUT_OF_RANGE[cited_range:0.5_to_500,got:13609.9]=1; P2_VALUE_OUT_OF_RANGE[cited_range:0.5_to_500,got:13610.4]=1; P2_VALUE_OUT_OF_RANGE[cited_range:0.5_to_500,got:1364.85]=1; P2_VALUE_OUT_OF_RANGE[cited_range:0.5_to_500,got:13647.6]=1; P2_VALUE_OUT_OF_RANGE[cited_range:0.5_to_500,got:13651.6]=1; P2_VALUE_OUT_OF_RANGE[cited_range:0.5_to_500,got:13663]=1; P2_VALUE_OUT_OF_RANGE[cited_range:0.5_to_500,got:13697.7]=1; P2_VALUE_OUT_OF_RANGE[cited_range:0.5_to_500,got:1371.65]=1; P2_VALUE_OUT_OF_RANGE[cited_range:0.5_to_500,got:1374.41]=1; P2_VALUE_OUT_OF_RANGE[cited_range:0.5_to_500,got:13743]=1; P2_VALUE_OUT_OF_RANGE[cited_range:0.5_to_500,got:13745.2]=1; P2_VALUE_OUT_OF_RANGE[cited_range:0.5_to_500,got:1376.88]=1; P2_VALUE_OUT_OF_RANGE[cited_range:0.5_to_500,got:13785.7]=1; P2_VALUE_OUT_OF_RANGE[cited_range:0.5_to_500,got:1383.9]=1; P2_VALUE_OUT_OF_RANGE[cited_range:0.5_to_500,got:13850.6]=1; P2_VALUE_OUT_OF_RANGE[cited_range:0.5_to_500,got:13882.1]=1; P2_VALUE_OUT_OF_RANGE[cited_range:0.5_to_500,got:13886.5]=1; P2_VALUE_OUT_OF_RANGE[cited_range:0.5_to_500,got:13899.9]=1; P2_VALUE_OUT_OF_RANGE[cited_range:0.5_to_500,got:13906.8]=1; P2_VALUE_OUT_OF_RANGE[cited_range:0.5_to_500,got:13921.2]=1; P2_VALUE_OUT_OF_RANGE[cited_range:0.5_to_500,got:13948.6]=1; P2_VALUE_OUT_OF_RANGE[cited_range:0.5_to_500,got:13955.9]=1; P2_VALUE_OUT_OF_RANGE[cited_range:0.5_to_500,got:13965.8]=1; P2_VALUE_OUT_OF_RANGE[cited_range:0.5_to_500,got:13971.5]=1; P2_VALUE_OUT_OF_RANGE[cited_range:0.5_to_500,got:13978.2]=1; P2_VALUE_OUT_OF_RANGE[cited_range:0.5_to_500,got:1398.65]=1; P2_VALUE_OUT_OF_RANGE[cited_range:0.5_to_500,got:13986.5]=1; P2_VALUE_OUT_OF_RANGE[cited_range:0.5_to_500,got:13987.4]=1; P2_VALUE_OUT_OF_RANGE[cited_range:0.5_to_500,got:1400.61]=1; P2_VALUE_OUT_OF_RANGE[cited_range:0.5_to_500,got:14013.8]=1; P2_VALUE_OUT_OF_RANGE[cited_range:0.5_to_500,got:1406.25]=1; P2_VALUE_OUT_OF_RANGE[cited_range:0.5_to_500,got:1407.34]=1; P2_VALUE_OUT_OF_RANGE[cited_range:0.5_to_500,got:14072.3]=1; P2_VALUE_OUT_OF_RANGE[cited_range:0.5_to_500,got:14079.9]=1; P2_VALUE_OUT_OF_RANGE[cited_range:0.5_to_500,got:14098.3]=1; P2_VALUE_OUT_OF_RANGE[cited_range:0.5_to_500,got:1411.93]=1; P2_VALUE_OUT_OF_RANGE[cited_range:0.5_to_500,got:14114.2]=1; P2_VALUE_OUT_OF_RANGE[cited_range:0.5_to_500,got:14119]=1; P2_VALUE_OUT_OF_RANGE[cited_range:0.5_to_500,got:14131.7]=1; P2_VALUE_OUT_OF_RANGE[cited_range:0.5_to_500,got:14136.3]=1; P2_VALUE_OUT_OF_RANGE[cited_range:0.5_to_500,got:14142.8]=1; P2_VALUE_OUT_OF_RANGE[cited_range:0.5_to_500,got:14156.1]=1; P2_VALUE_OUT_OF_RANGE[cited_range:0.5_to_500,got:14173.9]=1; P2_VALUE_OUT_OF_RANGE[cited_range:0.5_to_500,got:1418.44]=1; P2_VALUE_OUT_OF_RANGE[cited_range:0.5_to_500,got:14204.6]=1; P2_VALUE_OUT_OF_RANGE[cited_range:0.5_to_500,got:14207.1]=1; P2_VALUE_OUT_OF_RANGE[cited_range:0.5_to_500,got:14214.4]=1; P2_VALUE_OUT_OF_RANGE[cited_range:0.5_to_500,got:1422.57]=1; P2_VALUE_OUT_OF_RANGE[cited_range:0.5_to_500,got:1423.28]=1; P2_VALUE_OUT_OF_RANGE[cited_range:0.5_to_500,got:1423.43]=1; P2_VALUE_OUT_OF_RANGE[cited_range:0.5_to_500,got:14236.1]=1; P2_VALUE_OUT_OF_RANGE[cited_range:0.5_to_500,got:1426.4]=1; P2_VALUE_OUT_OF_RANGE[cited_range:0.5_to_500,got:142639]=1; P2_VALUE_OUT_OF_RANGE[cited_range:0.5_to_500,got:1427.1]=1; P2_VALUE_OUT_OF_RANGE[cited_range:0.5_to_500,got:1429.45]=1; P2_VALUE_OUT_OF_RANGE[cited_range:0.5_to_500,got:14291.9]=1; P2_VALUE_OUT_OF_RANGE[cited_range:0.5_to_500,got:14300.6]=1; P2_VALUE_OUT_OF_RANGE[cited_range:0.5_to_500,got:14323.3]=1; P2_VALUE_OUT_OF_RANGE[cited_range:0.5_to_500,got:1433.94]=1; P2_VALUE_OUT_OF_RANGE[cited_range:0.5_to_500,got:14330.7]=1; P2_VALUE_OUT_OF_RANGE[cited_range:0.5_to_500,got:14339.6]=1; P2_VALUE_OUT_OF_RANGE[cited_range:0.5_to_500,got:14354.6]=1; P2_VALUE_OUT_OF_RANGE[cited_range:0.5_to_500,got:14399.7]=1; P2_VALUE_OUT_OF_RANGE[cited_range:0.5_to_500,got:14402.2]=1; P2_VALUE_OUT_OF_RANGE[cited_range:0.5_to_500,got:14416.4]=1; P2_VALUE_OUT_OF_RANGE[cited_range:0.5_to_500,got:14434.6]=1; P2_VALUE_OUT_OF_RANGE[cited_range:0.5_to_500,got:14449.6]=1; P2_VALUE_OUT_OF_RANGE[cited_range:0.5_to_500,got:14463.8]=1; P2_VALUE_OUT_OF_RANGE[cited_range:0.5_to_500,got:14464.4]=1; P2_VALUE_OUT_OF_RANGE[cited_range:0.5_to_500,got:14474.6]=1; P2_VALUE_OUT_OF_RANGE[cited_range:0.5_to_500,got:14479.7]=1; P2_VALUE_OUT_OF_RANGE[cited_range:0.5_to_500,got:1451.36]=1; P2_VALUE_OUT_OF_RANGE[cited_range:0.5_to_500,got:14515.3]=1; P2_VALUE_OUT_OF_RANGE[cited_range:0.5_to_500,got:14540.5]=1; P2_VALUE_OUT_OF_RANGE[cited_range:0.5_to_500,got:14558.3]=1; P2_VALUE_OUT_OF_RANGE[cited_range:0.5_to_500,got:14563.7]=1; P2_VALUE_OUT_OF_RANGE[cited_range:0.5_to_500,got:14567.5]=1; P2_VALUE_OUT_OF_RANGE[cited_range:0.5_to_500,got:145813]=1; P2_VALUE_OUT_OF_RANGE[cited_range:0.5_to_500,got:14585.2]=1; P2_VALUE_OUT_OF_RANGE[cited_range:0.5_to_500,got:14596.2]=1; P2_VALUE_OUT_OF_RANGE[cited_range:0.5_to_500,got:14599.5]=1; P2_VALUE_OUT_OF_RANGE[cited_range:0.5_to_500,got:1460.86]=1; P2_VALUE_OUT_OF_RANGE[cited_range:0.5_to_500,got:14605.3]=1; P2_VALUE_OUT_OF_RANGE[cited_range:0.5_to_500,got:14606.9]=1; P2_VALUE_OUT_OF_RANGE[cited_range:0.5_to_500,got:1463.66]=1; P2_VALUE_OUT_OF_RANGE[cited_range:0.5_to_500,got:14639.2]=1; P2_VALUE_OUT_OF_RANGE[cited_range:0.5_to_500,got:146487]=1; P2_VALUE_OUT_OF_RANGE[cited_range:0.5_to_500,got:14670.2]=1; P2_VALUE_OUT_OF_RANGE[cited_range:0.5_to_500,got:146758]=1; P2_VALUE_OUT_OF_RANGE[cited_range:0.5_to_500,got:14684.3]=1; P2_VALUE_OUT_OF_RANGE[cited_range:0.5_to_500,got:1469.62]=1; P2_VALUE_OUT_OF_RANGE[cited_range:0.5_to_500,got:14735.5]=1; P2_VALUE_OUT_OF_RANGE[cited_range:0.5_to_500,got:14745.8]=1; P2_VALUE_OUT_OF_RANGE[cited_range:0.5_to_500,got:14747]=1; P2_VALUE_OUT_OF_RANGE[cited_range:0.5_to_500,got:1476.57]=1; P2_VALUE_OUT_OF_RANGE[cited_range:0.5_to_500,got:14804.4]=1; P2_VALUE_OUT_OF_RANGE[cited_range:0.5_to_500,got:14805.7]=1; P2_VALUE_OUT_OF_RANGE[cited_range:0.5_to_500,got:14830.4]=1; P2_VALUE_OUT_OF_RANGE[cited_range:0.5_to_500,got:14831]=1; P2_VALUE_OUT_OF_RANGE[cited_range:0.5_to_500,got:14838]=1; P2_VALUE_OUT_OF_RANGE[cited_range:0.5_to_500,got:14840.7]=1; P2_VALUE_OUT_OF_RANGE[cited_range:0.5_to_500,got:14854.9]=1; P2_VALUE_OUT_OF_RANGE[cited_range:0.5_to_500,got:14861.7]=1; P2_VALUE_OUT_OF_RANGE[cited_range:0.5_to_500,got:1489.23]=1; P2_VALUE_OUT_OF_RANGE[cited_range:0.5_to_500,got:14892.5]=1; P2_VALUE_OUT_OF_RANGE[cited_range:0.5_to_500,got:14900.7]=1; P2_VALUE_OUT_OF_RANGE[cited_range:0.5_to_500,got:14910.7]=1; P2_VALUE_OUT_OF_RANGE[cited_range:0.5_to_500,got:14933.3]=1; P2_VALUE_OUT_OF_RANGE[cited_range:0.5_to_500,got:14964.3]=1; P2_VALUE_OUT_OF_RANGE[cited_range:0.5_to_500,got:14964.6]=1; P2_VALUE_OUT_OF_RANGE[cited_range:0.5_to_500,got:14984.1]=1; P2_VALUE_OUT_OF_RANGE[cited_range:0.5_to_500,got:15016.4]=1; P2_VALUE_OUT_OF_RANGE[cited_range:0.5_to_500,got:15056]=1; P2_VALUE_OUT_OF_RANGE[cited_range:0.5_to_500,got:15063.4]=1; P2_VALUE_OUT_OF_RANGE[cited_range:0.5_to_500,got:1509.98]=1; P2_VALUE_OUT_OF_RANGE[cited_range:0.5_to_500,got:1510.28]=1; P2_VALUE_OUT_OF_RANGE[cited_range:0.5_to_500,got:15104.9]=1; P2_VALUE_OUT_OF_RANGE[cited_range:0.5_to_500,got:15123.6]=1; P2_VALUE_OUT_OF_RANGE[cited_range:0.5_to_500,got:1513.37]=1; P2_VALUE_OUT_OF_RANGE[cited_range:0.5_to_500,got:15133]=1; P2_VALUE_OUT_OF_RANGE[cited_range:0.5_to_500,got:15138.5]=1; P2_VALUE_OUT_OF_RANGE[cited_range:0.5_to_500,got:151598]=1; P2_VALUE_OUT_OF_RANGE[cited_range:0.5_to_500,got:1516.66]=1; P2_VALUE_OUT_OF_RANGE[cited_range:0.5_to_500,got:15165.5]=1; P2_VALUE_OUT_OF_RANGE[cited_range:0.5_to_500,got:15177.7]=1; P2_VALUE_OUT_OF_RANGE[cited_range:0.5_to_500,got:15180.8]=1; P2_VALUE_OUT_OF_RANGE[cited_range:0.5_to_500,got:15192.5]=1; P2_VALUE_OUT_OF_RANGE[cited_range:0.5_to_500,got:1520.3]=1; P2_VALUE_OUT_OF_RANGE[cited_range:0.5_to_500,got:1523.63]=1; P2_VALUE_OUT_OF_RANGE[cited_range:0.5_to_500,got:1524.49]=1; P2_VALUE_OUT_OF_RANGE[cited_range:0.5_to_500,got:15252.9]=1; P2_VALUE_OUT_OF_RANGE[cited_range:0.5_to_500,got:15255.4]=1; P2_VALUE_OUT_OF_RANGE[cited_range:0.5_to_500,got:1526.57]=1; P2_VALUE_OUT_OF_RANGE[cited_range:0.5_to_500,got:1526.87]=1; P2_VALUE_OUT_OF_RANGE[cited_range:0.5_to_500,got:15270.4]=1; P2_VALUE_OUT_OF_RANGE[cited_range:0.5_to_500,got:1529.42]=1; P2_VALUE_OUT_OF_RANGE[cited_range:0.5_to_500,got:152974]=1; P2_VALUE_OUT_OF_RANGE[cited_range:0.5_to_500,got:1531.81]=1; P2_VALUE_OUT_OF_RANGE[cited_range:0.5_to_500,got:1532.81]=1; P2_VALUE_OUT_OF_RANGE[cited_range:0.5_to_500,got:1533.48]=1; P2_VALUE_OUT_OF_RANGE[cited_range:0.5_to_500,got:1533.53]=1; P2_VALUE_OUT_OF_RANGE[cited_range:0.5_to_500,got:15359.7]=1; P2_VALUE_OUT_OF_RANGE[cited_range:0.5_to_500,got:153593]=1; P2_VALUE_OUT_OF_RANGE[cited_range:0.5_to_500,got:15362.4]=1; P2_VALUE_OUT_OF_RANGE[cited_range:0.5_to_500,got:153738]=1; P2_VALUE_OUT_OF_RANGE[cited_range:0.5_to_500,got:15382.4]=1; P2_VALUE_OUT_OF_RANGE[cited_range:0.5_to_500,got:15382.5]=1; P2_VALUE_OUT_OF_RANGE[cited_range:0.5_to_500,got:1539.43]=1; P2_VALUE_OUT_OF_RANGE[cited_range:0.5_to_500,got:15390.7]=1; P2_VALUE_OUT_OF_RANGE[cited_range:0.5_to_500,got:15390]=1; P2_VALUE_OUT_OF_RANGE[cited_range:0.5_to_500,got:15392.8]=1; P2_VALUE_OUT_OF_RANGE[cited_range:0.5_to_500,got:1543.92]=1; P2_VALUE_OUT_OF_RANGE[cited_range:0.5_to_500,got:15481.3]=1; P2_VALUE_OUT_OF_RANGE[cited_range:0.5_to_500,got:15530.4]=1; P2_VALUE_OUT_OF_RANGE[cited_range:0.5_to_500,got:15547.3]=1; P2_VALUE_OUT_OF_RANGE[cited_range:0.5_to_500,got:155506]=1; P2_VALUE_OUT_OF_RANGE[cited_range:0.5_to_500,got:15568.3]=1; P2_VALUE_OUT_OF_RANGE[cited_range:0.5_to_500,got:15571.4]=1; P2_VALUE_OUT_OF_RANGE[cited_range:0.5_to_500,got:15582]=1; P2_VALUE_OUT_OF_RANGE[cited_range:0.5_to_500,got:155861]=1; P2_VALUE_OUT_OF_RANGE[cited_range:0.5_to_500,got:15592.7]=1; P2_VALUE_OUT_OF_RANGE[cited_range:0.5_to_500,got:15594.7]=1; P2_VALUE_OUT_OF_RANGE[cited_range:0.5_to_500,got:15621.1]=1; P2_VALUE_OUT_OF_RANGE[cited_range:0.5_to_500,got:15629.7]=1; P2_VALUE_OUT_OF_RANGE[cited_range:0.5_to_500,got:15639.3]=1; P2_VALUE_OUT_OF_RANGE[cited_range:0.5_to_500,got:15666.6]=1; P2_VALUE_OUT_OF_RANGE[cited_range:0.5_to_500,got:15669]=1; P2_VALUE_OUT_OF_RANGE[cited_range:0.5_to_500,got:15678.8]=1; P2_VALUE_OUT_OF_RANGE[cited_range:0.5_to_500,got:1568.83]=1; P2_VALUE_OUT_OF_RANGE[cited_range:0.5_to_500,got:15706.8]=1; P2_VALUE_OUT_OF_RANGE[cited_range:0.5_to_500,got:15721]=1; P2_VALUE_OUT_OF_RANGE[cited_range:0.5_to_500,got:15727.2]=1; P2_VALUE_OUT_OF_RANGE[cited_range:0.5_to_500,got:157306]=1; P2_VALUE_OUT_OF_RANGE[cited_range:0.5_to_500,got:15746.6]=1; P2_VALUE_OUT_OF_RANGE[cited_range:0.5_to_500,got:1575.14]=1; P2_VALUE_OUT_OF_RANGE[cited_range:0.5_to_500,got:15753.3]=1; P2_VALUE_OUT_OF_RANGE[cited_range:0.5_to_500,got:15768.3]=1; P2_VALUE_OUT_OF_RANGE[cited_range:0.5_to_500,got:15773.4]=1; P2_VALUE_OUT_OF_RANGE[cited_range:0.5_to_500,got:1579.32]=1; P2_VALUE_OUT_OF_RANGE[cited_range:0.5_to_500,got:15805.4]=1; P2_VALUE_OUT_OF_RANGE[cited_range:0.5_to_500,got:15820.5]=1; P2_VALUE_OUT_OF_RANGE[cited_range:0.5_to_500,got:1585.48]=1; P2_VALUE_OUT_OF_RANGE[cited_range:0.5_to_500,got:15868.1]=1; P2_VALUE_OUT_OF_RANGE[cited_range:0.5_to_500,got:15868.3]=1; P2_VALUE_OUT_OF_RANGE[cited_range:0.5_to_500,got:1587.46]=1; P2_VALUE_OUT_OF_RANGE[cited_range:0.5_to_500,got:158896]=1; P2_VALUE_OUT_OF_RANGE[cited_range:0.5_to_500,got:1589.71]=1; P2_VALUE_OUT_OF_RANGE[cited_range:0.5_to_500,got:1590.81]=1; P2_VALUE_OUT_OF_RANGE[cited_range:0.5_to_500,got:15905.1]=1; P2_VALUE_OUT_OF_RANGE[cited_range:0.5_to_500,got:1592.77]=1; P2_VALUE_OUT_OF_RANGE[cited_range:0.5_to_500,got:1595.18]=1; P2_VALUE_OUT_OF_RANGE[cited_range:0.5_to_500,got:1595.48]=1; P2_VALUE_OUT_OF_RANGE[cited_range:0.5_to_500,got:15965.7]=1; P2_VALUE_OUT_OF_RANGE[cited_range:0.5_to_500,got:15977.4]=1; P2_VALUE_OUT_OF_RANGE[cited_range:0.5_to_500,got:159775]=1; P2_VALUE_OUT_OF_RANGE[cited_range:0.5_to_500,got:15992.6]=1; P2_VALUE_OUT_OF_RANGE[cited_range:0.5_to_500,got:15993.2]=1; P2_VALUE_OUT_OF_RANGE[cited_range:0.5_to_500,got:15997.6]=1; P2_VALUE_OUT_OF_RANGE[cited_range:0.5_to_500,got:1600.9]=1; P2_VALUE_OUT_OF_RANGE[cited_range:0.5_to_500,got:16007.1]=1; P2_VALUE_OUT_OF_RANGE[cited_range:0.5_to_500,got:16009.5]=1; P2_VALUE_OUT_OF_RANGE[cited_range:0.5_to_500,got:1601.84]=1; P2_VALUE_OUT_OF_RANGE[cited_range:0.5_to_500,got:16012.3]=1; P2_VALUE_OUT_OF_RANGE[cited_range:0.5_to_500,got:16036.3]=1; P2_VALUE_OUT_OF_RANGE[cited_range:0.5_to_500,got:16070.6]=1; P2_VALUE_OUT_OF_RANGE[cited_range:0.5_to_500,got:16081.7]=1; P2_VALUE_OUT_OF_RANGE[cited_range:0.5_to_500,got:1609.47]=1; P2_VALUE_OUT_OF_RANGE[cited_range:0.5_to_500,got:1609.76]=1; P2_VALUE_OUT_OF_RANGE[cited_range:0.5_to_500,got:16096.7]=1; P2_VALUE_OUT_OF_RANGE[cited_range:0.5_to_500,got:16099]=1; P2_VALUE_OUT_OF_RANGE[cited_range:0.5_to_500,got:1611.63]=1; P2_VALUE_OUT_OF_RANGE[cited_range:0.5_to_500,got:16115]=1; P2_VALUE_OUT_OF_RANGE[cited_range:0.5_to_500,got:16127.3]=1; P2_VALUE_OUT_OF_RANGE[cited_range:0.5_to_500,got:16148.8]=1; P2_VALUE_OUT_OF_RANGE[cited_range:0.5_to_500,got:1615.24]=1; P2_VALUE_OUT_OF_RANGE[cited_range:0.5_to_500,got:1615.73]=1; P2_VALUE_OUT_OF_RANGE[cited_range:0.5_to_500,got:16166.6]=1; P2_VALUE_OUT_OF_RANGE[cited_range:0.5_to_500,got:16183.3]=1; P2_VALUE_OUT_OF_RANGE[cited_range:0.5_to_500,got:16188.8]=1; P2_VALUE_OUT_OF_RANGE[cited_range:0.5_to_500,got:16201.8]=1; P2_VALUE_OUT_OF_RANGE[cited_range:0.5_to_500,got:16208.1]=1; P2_VALUE_OUT_OF_RANGE[cited_range:0.5_to_500,got:162087]=1; P2_VALUE_OUT_OF_RANGE[cited_range:0.5_to_500,got:16209.4]=1; P2_VALUE_OUT_OF_RANGE[cited_range:0.5_to_500,got:16229.5]=1; P2_VALUE_OUT_OF_RANGE[cited_range:0.5_to_500,got:16230.4]=1; P2_VALUE_OUT_OF_RANGE[cited_range:0.5_to_500,got:16236.9]=1; P2_VALUE_OUT_OF_RANGE[cited_range:0.5_to_500,got:16250.9]=1; P2_VALUE_OUT_OF_RANGE[cited_range:0.5_to_500,got:16254.6]=1; P2_VALUE_OUT_OF_RANGE[cited_range:0.5_to_500,got:16263.3]=1; P2_VALUE_OUT_OF_RANGE[cited_range:0.5_to_500,got:1627.71]=1; P2_VALUE_OUT_OF_RANGE[cited_range:0.5_to_500,got:16274.7]=1; P2_VALUE_OUT_OF_RANGE[cited_range:0.5_to_500,got:16286]=1; P2_VALUE_OUT_OF_RANGE[cited_range:0.5_to_500,got:16288.3]=1; P2_VALUE_OUT_OF_RANGE[cited_range:0.5_to_500,got:1629.19]=1; P2_VALUE_OUT_OF_RANGE[cited_range:0.5_to_500,got:1631.76]=1; P2_VALUE_OUT_OF_RANGE[cited_range:0.5_to_500,got:1633.92]=1; P2_VALUE_OUT_OF_RANGE[cited_range:0.5_to_500,got:1634.36]=1; P2_VALUE_OUT_OF_RANGE[cited_range:0.5_to_500,got:163477]=1; P2_VALUE_OUT_OF_RANGE[cited_range:0.5_to_500,got:1635.31]=1; P2_VALUE_OUT_OF_RANGE[cited_range:0.5_to_500,got:16368.9]=1; P2_VALUE_OUT_OF_RANGE[cited_range:0.5_to_500,got:163823]=1; P2_VALUE_OUT_OF_RANGE[cited_range:0.5_to_500,got:16391.4]=1; P2_VALUE_OUT_OF_RANGE[cited_range:0.5_to_500,got:16406.2]=1; P2_VALUE_OUT_OF_RANGE[cited_range:0.5_to_500,got:16421.5]=1; P2_VALUE_OUT_OF_RANGE[cited_range:0.5_to_500,got:16426]=1; P2_VALUE_OUT_OF_RANGE[cited_range:0.5_to_500,got:1644.86]=1; P2_VALUE_OUT_OF_RANGE[cited_range:0.5_to_500,got:1645.46]=1; P2_VALUE_OUT_OF_RANGE[cited_range:0.5_to_500,got:16465.2]=1; P2_VALUE_OUT_OF_RANGE[cited_range:0.5_to_500,got:16467.4]=1; P2_VALUE_OUT_OF_RANGE[cited_range:0.5_to_500,got:16479.4]=1; P2_VALUE_OUT_OF_RANGE[cited_range:0.5_to_500,got:1648.33]=1; P2_VALUE_OUT_OF_RANGE[cited_range:0.5_to_500,got:16491.3]=1; P2_VALUE_OUT_OF_RANGE[cited_range:0.5_to_500,got:16496.1]=1; P2_VALUE_OUT_OF_RANGE[cited_range:0.5_to_500,got:1650.55]=1; P2_VALUE_OUT_OF_RANGE[cited_range:0.5_to_500,got:1652.59]=1; P2_VALUE_OUT_OF_RANGE[cited_range:0.5_to_500,got:16522.2]=1; P2_VALUE_OUT_OF_RANGE[cited_range:0.5_to_500,got:16532]=1; P2_VALUE_OUT_OF_RANGE[cited_range:0.5_to_500,got:16538.1]=1; P2_VALUE_OUT_OF_RANGE[cited_range:0.5_to_500,got:16539.7]=1; P2_VALUE_OUT_OF_RANGE[cited_range:0.5_to_500,got:1654.1]=1; P2_VALUE_OUT_OF_RANGE[cited_range:0.5_to_500,got:16564.9]=1; P2_VALUE_OUT_OF_RANGE[cited_range:0.5_to_500,got:16566.6]=1; P2_VALUE_OUT_OF_RANGE[cited_range:0.5_to_500,got:16567.7]=1; P2_VALUE_OUT_OF_RANGE[cited_range:0.5_to_500,got:16571.4]=1; P2_VALUE_OUT_OF_RANGE[cited_range:0.5_to_500,got:16573.4]=1; P2_VALUE_OUT_OF_RANGE[cited_range:0.5_to_500,got:16580.6]=1; P2_VALUE_OUT_OF_RANGE[cited_range:0.5_to_500,got:16583.6]=1; P2_VALUE_OUT_OF_RANGE[cited_range:0.5_to_500,got:16593.1]=1; P2_VALUE_OUT_OF_RANGE[cited_range:0.5_to_500,got:16604.1]=1; P2_VALUE_OUT_OF_RANGE[cited_range:0.5_to_500,got:16607.1]=1; P2_VALUE_OUT_OF_RANGE[cited_range:0.5_to_500,got:1663.1]=1; P2_VALUE_OUT_OF_RANGE[cited_range:0.5_to_500,got:16634.3]=1; P2_VALUE_OUT_OF_RANGE[cited_range:0.5_to_500,got:1665.28]=1; P2_VALUE_OUT_OF_RANGE[cited_range:0.5_to_500,got:16709.6]=1; P2_VALUE_OUT_OF_RANGE[cited_range:0.5_to_500,got:1672.34]=1; P2_VALUE_OUT_OF_RANGE[cited_range:0.5_to_500,got:16736.7]=1; P2_VALUE_OUT_OF_RANGE[cited_range:0.5_to_500,got:1674.26]=1; P2_VALUE_OUT_OF_RANGE[cited_range:0.5_to_500,got:16755.6]=1; P2_VALUE_OUT_OF_RANGE[cited_range:0.5_to_500,got:167616]=1; P2_VALUE_OUT_OF_RANGE[cited_range:0.5_to_500,got:16780.5]=1; P2_VALUE_OUT_OF_RANGE[cited_range:0.5_to_500,got:16823.9]=1; P2_VALUE_OUT_OF_RANGE[cited_range:0.5_to_500,got:16830.1]=1; P2_VALUE_OUT_OF_RANGE[cited_range:0.5_to_500,got:16833.4]=1; P2_VALUE_OUT_OF_RANGE[cited_range:0.5_to_500,got:16846.3]=1; P2_VALUE_OUT_OF_RANGE[cited_range:0.5_to_500,got:16847.1]=1; P2_VALUE_OUT_OF_RANGE[cited_range:0.5_to_500,got:16851.7]=1; P2_VALUE_OUT_OF_RANGE[cited_range:0.5_to_500,got:1686.15]=1; P2_VALUE_OUT_OF_RANGE[cited_range:0.5_to_500,got:1687.78]=1; P2_VALUE_OUT_OF_RANGE[cited_range:0.5_to_500,got:16874.5]=1; P2_VALUE_OUT_OF_RANGE[cited_range:0.5_to_500,got:1688.31]=1; P2_VALUE_OUT_OF_RANGE[cited_range:0.5_to_500,got:1691.59]=1; P2_VALUE_OUT_OF_RANGE[cited_range:0.5_to_500,got:1692.79]=1; P2_VALUE_OUT_OF_RANGE[cited_range:0.5_to_500,got:16929]=1; P2_VALUE_OUT_OF_RANGE[cited_range:0.5_to_500,got:1695.29]=1; P2_VALUE_OUT_OF_RANGE[cited_range:0.5_to_500,got:16958]=1; P2_VALUE_OUT_OF_RANGE[cited_range:0.5_to_500,got:16963.3]=1; P2_VALUE_OUT_OF_RANGE[cited_range:0.5_to_500,got:16974.1]=1; P2_VALUE_OUT_OF_RANGE[cited_range:0.5_to_500,got:1701.99]=1; P2_VALUE_OUT_OF_RANGE[cited_range:0.5_to_500,got:17018.4]=1; P2_VALUE_OUT_OF_RANGE[cited_range:0.5_to_500,got:17019.3]=1; P2_VALUE_OUT_OF_RANGE[cited_range:0.5_to_500,got:17023.6]=1; P2_VALUE_OUT_OF_RANGE[cited_range:0.5_to_500,got:17038.6]=1; P2_VALUE_OUT_OF_RANGE[cited_range:0.5_to_500,got:17051.8]=1; P2_VALUE_OUT_OF_RANGE[cited_range:0.5_to_500,got:17058.1]=1; P2_VALUE_OUT_OF_RANGE[cited_range:0.5_to_500,got:17067.9]=1; P2_VALUE_OUT_OF_RANGE[cited_range:0.5_to_500,got:1707.76]=1; P2_VALUE_OUT_OF_RANGE[cited_range:0.5_to_500,got:17088]=1; P2_VALUE_OUT_OF_RANGE[cited_range:0.5_to_500,got:17103.9]=1; P2_VALUE_OUT_OF_RANGE[cited_range:0.5_to_500,got:17110.5]=1; P2_VALUE_OUT_OF_RANGE[cited_range:0.5_to_500,got:17126.8]=1; P2_VALUE_OUT_OF_RANGE[cited_range:0.5_to_500,got:17138.5]=1; P2_VALUE_OUT_OF_RANGE[cited_range:0.5_to_500,got:17142]=1; P2_VALUE_OUT_OF_RANGE[cited_range:0.5_to_500,got:17177.1]=1; P2_VALUE_OUT_OF_RANGE[cited_range:0.5_to_500,got:1720.11]=1; P2_VALUE_OUT_OF_RANGE[cited_range:0.5_to_500,got:1720.78]=1; P2_VALUE_OUT_OF_RANGE[cited_range:0.5_to_500,got:17201]=1; P2_VALUE_OUT_OF_RANGE[cited_range:0.5_to_500,got:17206.1]=1; P2_VALUE_OUT_OF_RANGE[cited_range:0.5_to_500,got:17223.6]=1; P2_VALUE_OUT_OF_RANGE[cited_range:0.5_to_500,got:17226]=1; P2_VALUE_OUT_OF_RANGE[cited_range:0.5_to_500,got:17241.8]=1; P2_VALUE_OUT_OF_RANGE[cited_range:0.5_to_500,got:1725.17]=1; P2_VALUE_OUT_OF_RANGE[cited_range:0.5_to_500,got:1727.36]=1; P2_VALUE_OUT_OF_RANGE[cited_range:0.5_to_500,got:1727.67]=1; P2_VALUE_OUT_OF_RANGE[cited_range:0.5_to_500,got:17289.4]=1; P2_VALUE_OUT_OF_RANGE[cited_range:0.5_to_500,got:17306.3]=1; P2_VALUE_OUT_OF_RANGE[cited_range:0.5_to_500,got:17318.5]=1; P2_VALUE_OUT_OF_RANGE[cited_range:0.5_to_500,got:17330.4]=1; P2_VALUE_OUT_OF_RANGE[cited_range:0.5_to_500,got:17347.3]=1; P2_VALUE_OUT_OF_RANGE[cited_range:0.5_to_500,got:17365.5]=1; P2_VALUE_OUT_OF_RANGE[cited_range:0.5_to_500,got:17377.2]=1; P2_VALUE_OUT_OF_RANGE[cited_range:0.5_to_500,got:17395.8]=1; P2_VALUE_OUT_OF_RANGE[cited_range:0.5_to_500,got:17400]=1; P2_VALUE_OUT_OF_RANGE[cited_range:0.5_to_500,got:17418.5]=1; P2_VALUE_OUT_OF_RANGE[cited_range:0.5_to_500,got:1742.36]=1; P2_VALUE_OUT_OF_RANGE[cited_range:0.5_to_500,got:1743.45]=1; P2_VALUE_OUT_OF_RANGE[cited_range:0.5_to_500,got:17431.6]=1; P2_VALUE_OUT_OF_RANGE[cited_range:0.5_to_500,got:1744.2]=1; P2_VALUE_OUT_OF_RANGE[cited_range:0.5_to_500,got:17449.1]=1; P2_VALUE_OUT_OF_RANGE[cited_range:0.5_to_500,got:17450.5]=1; P2_VALUE_OUT_OF_RANGE[cited_range:0.5_to_500,got:1746.77]=1; P2_VALUE_OUT_OF_RANGE[cited_range:0.5_to_500,got:17469.2]=1; P2_VALUE_OUT_OF_RANGE[cited_range:0.5_to_500,got:1748.99]=1; P2_VALUE_OUT_OF_RANGE[cited_range:0.5_to_500,got:17495.9]=1; P2_VALUE_OUT_OF_RANGE[cited_range:0.5_to_500,got:17504.7]=1; P2_VALUE_OUT_OF_RANGE[cited_range:0.5_to_500,got:17509.4]=1; P2_VALUE_OUT_OF_RANGE[cited_range:0.5_to_500,got:17510.3]=1; P2_VALUE_OUT_OF_RANGE[cited_range:0.5_to_500,got:17521.1]=1; P2_VALUE_OUT_OF_RANGE[cited_range:0.5_to_500,got:17523.3]=1; P2_VALUE_OUT_OF_RANGE[cited_range:0.5_to_500,got:17532.3]=1; P2_VALUE_OUT_OF_RANGE[cited_range:0.5_to_500,got:17548.3]=1; P2_VALUE_OUT_OF_RANGE[cited_range:0.5_to_500,got:17561.6]=1; P2_VALUE_OUT_OF_RANGE[cited_range:0.5_to_500,got:17571.4]=1; P2_VALUE_OUT_OF_RANGE[cited_range:0.5_to_500,got:17576]=1; P2_VALUE_OUT_OF_RANGE[cited_range:0.5_to_500,got:175847]=1; P2_VALUE_OUT_OF_RANGE[cited_range:0.5_to_500,got:17617]=1; P2_VALUE_OUT_OF_RANGE[cited_range:0.5_to_500,got:1762.53]=1; P2_VALUE_OUT_OF_RANGE[cited_range:0.5_to_500,got:17625.8]=1; P2_VALUE_OUT_OF_RANGE[cited_range:0.5_to_500,got:17632.4]=1; P2_VALUE_OUT_OF_RANGE[cited_range:0.5_to_500,got:17645.2]=1; P2_VALUE_OUT_OF_RANGE[cited_range:0.5_to_500,got:17653.8]=1; P2_VALUE_OUT_OF_RANGE[cited_range:0.5_to_500,got:1766.8]=1; P2_VALUE_OUT_OF_RANGE[cited_range:0.5_to_500,got:1767.04]=1; P2_VALUE_OUT_OF_RANGE[cited_range:0.5_to_500,got:1769.48]=1; P2_VALUE_OUT_OF_RANGE[cited_range:0.5_to_500,got:1769.86]=1; P2_VALUE_OUT_OF_RANGE[cited_range:0.5_to_500,got:17728.5]=1; P2_VALUE_OUT_OF_RANGE[cited_range:0.5_to_500,got:17746.2]=1; P2_VALUE_OUT_OF_RANGE[cited_range:0.5_to_500,got:17751.1]=1; P2_VALUE_OUT_OF_RANGE[cited_range:0.5_to_500,got:17755.9]=1; P2_VALUE_OUT_OF_RANGE[cited_range:0.5_to_500,got:17757.2]=1; P2_VALUE_OUT_OF_RANGE[cited_range:0.5_to_500,got:17765.5]=1; P2_VALUE_OUT_OF_RANGE[cited_range:0.5_to_500,got:17769.3]=1; P2_VALUE_OUT_OF_RANGE[cited_range:0.5_to_500,got:17774.8]=1; P2_VALUE_OUT_OF_RANGE[cited_range:0.5_to_500,got:17796.9]=1; P2_VALUE_OUT_OF_RANGE[cited_range:0.5_to_500,got:1785.04]=1; P2_VALUE_OUT_OF_RANGE[cited_range:0.5_to_500,got:1785.52]=1; P2_VALUE_OUT_OF_RANGE[cited_range:0.5_to_500,got:17854]=1; P2_VALUE_OUT_OF_RANGE[cited_range:0.5_to_500,got:1787.58]=1; P2_VALUE_OUT_OF_RANGE[cited_range:0.5_to_500,got:17870.6]=1; P2_VALUE_OUT_OF_RANGE[cited_range:0.5_to_500,got:17878.3]=1; P2_VALUE_OUT_OF_RANGE[cited_range:0.5_to_500,got:17904.8]=1; P2_VALUE_OUT_OF_RANGE[cited_range:0.5_to_500,got:1791.57]=1; P2_VALUE_OUT_OF_RANGE[cited_range:0.5_to_500,got:17920.4]=1; P2_VALUE_OUT_OF_RANGE[cited_range:0.5_to_500,got:1793.76]=1; P2_VALUE_OUT_OF_RANGE[cited_range:0.5_to_500,got:1798.24]=1; P2_VALUE_OUT_OF_RANGE[cited_range:0.5_to_500,got:18018.4]=1; P2_VALUE_OUT_OF_RANGE[cited_range:0.5_to_500,got:18026.7]=1; P2_VALUE_OUT_OF_RANGE[cited_range:0.5_to_500,got:18038.1]=1; P2_VALUE_OUT_OF_RANGE[cited_range:0.5_to_500,got:180580]=1; P2_VALUE_OUT_OF_RANGE[cited_range:0.5_to_500,got:1806.03]=1; P2_VALUE_OUT_OF_RANGE[cited_range:0.5_to_500,got:1807.97]=1; P2_VALUE_OUT_OF_RANGE[cited_range:0.5_to_500,got:18111.6]=1; P2_VALUE_OUT_OF_RANGE[cited_range:0.5_to_500,got:18114.4]=1; P2_VALUE_OUT_OF_RANGE[cited_range:0.5_to_500,got:1813.22]=1; P2_VALUE_OUT_OF_RANGE[cited_range:0.5_to_500,got:1813.57]=1; P2_VALUE_OUT_OF_RANGE[cited_range:0.5_to_500,got:1815.65]=1; P2_VALUE_OUT_OF_RANGE[cited_range:0.5_to_500,got:1816.83]=1; P2_VALUE_OUT_OF_RANGE[cited_range:0.5_to_500,got:18170.6]=1; P2_VALUE_OUT_OF_RANGE[cited_range:0.5_to_500,got:18176.1]=1; P2_VALUE_OUT_OF_RANGE[cited_range:0.5_to_500,got:18191]=1; P2_VALUE_OUT_OF_RANGE[cited_range:0.5_to_500,got:18192.3]=1; P2_VALUE_OUT_OF_RANGE[cited_range:0.5_to_500,got:18228.7]=1; P2_VALUE_OUT_OF_RANGE[cited_range:0.5_to_500,got:18273.7]=1; P2_VALUE_OUT_OF_RANGE[cited_range:0.5_to_500,got:1828.74]=1; P2_VALUE_OUT_OF_RANGE[cited_range:0.5_to_500,got:1828.89]=1; P2_VALUE_OUT_OF_RANGE[cited_range:0.5_to_500,got:18289.4]=1; P2_VALUE_OUT_OF_RANGE[cited_range:0.5_to_500,got:18295.6]=1; P2_VALUE_OUT_OF_RANGE[cited_range:0.5_to_500,got:18307.5]=1; P2_VALUE_OUT_OF_RANGE[cited_range:0.5_to_500,got:1831.09]=1; P2_VALUE_OUT_OF_RANGE[cited_range:0.5_to_500,got:1832.77]=1; P2_VALUE_OUT_OF_RANGE[cited_range:0.5_to_500,got:18359.9]=1; P2_VALUE_OUT_OF_RANGE[cited_range:0.5_to_500,got:1836.68]=1; P2_VALUE_OUT_OF_RANGE[cited_range:0.5_to_500,got:1836.72]=1; P2_VALUE_OUT_OF_RANGE[cited_range:0.5_to_500,got:1837.9]=1; P2_VALUE_OUT_OF_RANGE[cited_range:0.5_to_500,got:18391.8]=1; P2_VALUE_OUT_OF_RANGE[cited_range:0.5_to_500,got:1841.19]=1; P2_VALUE_OUT_OF_RANGE[cited_range:0.5_to_500,got:1842.43]=1; P2_VALUE_OUT_OF_RANGE[cited_range:0.5_to_500,got:1845.68]=1; P2_VALUE_OUT_OF_RANGE[cited_range:0.5_to_500,got:18473.1]=1; P2_VALUE_OUT_OF_RANGE[cited_range:0.5_to_500,got:1849.48]=1; P2_VALUE_OUT_OF_RANGE[cited_range:0.5_to_500,got:1850.29]=1; P2_VALUE_OUT_OF_RANGE[cited_range:0.5_to_500,got:18516]=1; P2_VALUE_OUT_OF_RANGE[cited_range:0.5_to_500,got:1852.03]=1; P2_VALUE_OUT_OF_RANGE[cited_range:0.5_to_500,got:18520.9]=1; P2_VALUE_OUT_OF_RANGE[cited_range:0.5_to_500,got:185445]=1; P2_VALUE_OUT_OF_RANGE[cited_range:0.5_to_500,got:18546.9]=1; P2_VALUE_OUT_OF_RANGE[cited_range:0.5_to_500,got:18547.9]=1; P2_VALUE_OUT_OF_RANGE[cited_range:0.5_to_500,got:18565]=1; P2_VALUE_OUT_OF_RANGE[cited_range:0.5_to_500,got:1857.49]=1; P2_VALUE_OUT_OF_RANGE[cited_range:0.5_to_500,got:1857.51]=1; P2_VALUE_OUT_OF_RANGE[cited_range:0.5_to_500,got:1859.57]=1; P2_VALUE_OUT_OF_RANGE[cited_range:0.5_to_500,got:18616.4]=1; P2_VALUE_OUT_OF_RANGE[cited_range:0.5_to_500,got:18641.3]=1; P2_VALUE_OUT_OF_RANGE[cited_range:0.5_to_500,got:1865.56]=1; P2_VALUE_OUT_OF_RANGE[cited_range:0.5_to_500,got:18678.2]=1; P2_VALUE_OUT_OF_RANGE[cited_range:0.5_to_500,got:1868.12]=1; P2_VALUE_OUT_OF_RANGE[cited_range:0.5_to_500,got:1868.79]=1; P2_VALUE_OUT_OF_RANGE[cited_range:0.5_to_500,got:18701.3]=1; P2_VALUE_OUT_OF_RANGE[cited_range:0.5_to_500,got:18727]=1; P2_VALUE_OUT_OF_RANGE[cited_range:0.5_to_500,got:18742.2]=1; P2_VALUE_OUT_OF_RANGE[cited_range:0.5_to_500,got:1875.73]=1; P2_VALUE_OUT_OF_RANGE[cited_range:0.5_to_500,got:187510]=1; P2_VALUE_OUT_OF_RANGE[cited_range:0.5_to_500,got:18754]=1; P2_VALUE_OUT_OF_RANGE[cited_range:0.5_to_500,got:1876.65]=1; P2_VALUE_OUT_OF_RANGE[cited_range:0.5_to_500,got:18762]=1; P2_VALUE_OUT_OF_RANGE[cited_range:0.5_to_500,got:18773.6]=1; P2_VALUE_OUT_OF_RANGE[cited_range:0.5_to_500,got:18799]=1; P2_VALUE_OUT_OF_RANGE[cited_range:0.5_to_500,got:18817.9]=1; P2_VALUE_OUT_OF_RANGE[cited_range:0.5_to_500,got:18829.9]=1; P2_VALUE_OUT_OF_RANGE[cited_range:0.5_to_500,got:18831.7]=1; P2_VALUE_OUT_OF_RANGE[cited_range:0.5_to_500,got:18835.8]=1; P2_VALUE_OUT_OF_RANGE[cited_range:0.5_to_500,got:18852.7]=1; P2_VALUE_OUT_OF_RANGE[cited_range:0.5_to_500,got:18857.8]=1; P2_VALUE_OUT_OF_RANGE[cited_range:0.5_to_500,got:18864.4]=1; P2_VALUE_OUT_OF_RANGE[cited_range:0.5_to_500,got:18864.5]=1; P2_VALUE_OUT_OF_RANGE[cited_range:0.5_to_500,got:18872.1]=1; P2_VALUE_OUT_OF_RANGE[cited_range:0.5_to_500,got:18883.5]=1; P2_VALUE_OUT_OF_RANGE[cited_range:0.5_to_500,got:1890.94]=1; P2_VALUE_OUT_OF_RANGE[cited_range:0.5_to_500,got:18904.1]=1; P2_VALUE_OUT_OF_RANGE[cited_range:0.5_to_500,got:18929.5]=1; P2_VALUE_OUT_OF_RANGE[cited_range:0.5_to_500,got:18943.1]=1; P2_VALUE_OUT_OF_RANGE[cited_range:0.5_to_500,got:18962.3]=1; P2_VALUE_OUT_OF_RANGE[cited_range:0.5_to_500,got:1897.32]=1; P2_VALUE_OUT_OF_RANGE[cited_range:0.5_to_500,got:1901.76]=1; P2_VALUE_OUT_OF_RANGE[cited_range:0.5_to_500,got:190228]=1; P2_VALUE_OUT_OF_RANGE[cited_range:0.5_to_500,got:1904.17]=1; P2_VALUE_OUT_OF_RANGE[cited_range:0.5_to_500,got:19043.5]=1; P2_VALUE_OUT_OF_RANGE[cited_range:0.5_to_500,got:19091.1]=1; P2_VALUE_OUT_OF_RANGE[cited_range:0.5_to_500,got:19106.4]=1; P2_VALUE_OUT_OF_RANGE[cited_range:0.5_to_500,got:19116.3]=1; P2_VALUE_OUT_OF_RANGE[cited_range:0.5_to_500,got:1912.93]=1; P2_VALUE_OUT_OF_RANGE[cited_range:0.5_to_500,got:1914.59]=1; P2_VALUE_OUT_OF_RANGE[cited_range:0.5_to_500,got:191820]=1; P2_VALUE_OUT_OF_RANGE[cited_range:0.5_to_500,got:1920.27]=1; P2_VALUE_OUT_OF_RANGE[cited_range:0.5_to_500,got:1921.7]=1; P2_VALUE_OUT_OF_RANGE[cited_range:0.5_to_500,got:19211.8]=1; P2_VALUE_OUT_OF_RANGE[cited_range:0.5_to_500,got:19218.2]=1; P2_VALUE_OUT_OF_RANGE[cited_range:0.5_to_500,got:1922.11]=1; P2_VALUE_OUT_OF_RANGE[cited_range:0.5_to_500,got:1926.18]=1; P2_VALUE_OUT_OF_RANGE[cited_range:0.5_to_500,got:1927.6]=1; P2_VALUE_OUT_OF_RANGE[cited_range:0.5_to_500,got:1928.01]=1; P2_VALUE_OUT_OF_RANGE[cited_range:0.5_to_500,got:1928.66]=1; P2_VALUE_OUT_OF_RANGE[cited_range:0.5_to_500,got:19287.5]=1; P2_VALUE_OUT_OF_RANGE[cited_range:0.5_to_500,got:1930.97]=1; P2_VALUE_OUT_OF_RANGE[cited_range:0.5_to_500,got:19311.4]=1; P2_VALUE_OUT_OF_RANGE[cited_range:0.5_to_500,got:19317.9]=1; P2_VALUE_OUT_OF_RANGE[cited_range:0.5_to_500,got:19319.9]=1; P2_VALUE_OUT_OF_RANGE[cited_range:0.5_to_500,got:1932.42]=1; P2_VALUE_OUT_OF_RANGE[cited_range:0.5_to_500,got:1933.1]=1; P2_VALUE_OUT_OF_RANGE[cited_range:0.5_to_500,got:1934.87]=1; P2_VALUE_OUT_OF_RANGE[cited_range:0.5_to_500,got:1935.71]=1; P2_VALUE_OUT_OF_RANGE[cited_range:0.5_to_500,got:1937.18]=1; P2_VALUE_OUT_OF_RANGE[cited_range:0.5_to_500,got:19379.6]=1; P2_VALUE_OUT_OF_RANGE[cited_range:0.5_to_500,got:1939.66]=1; P2_VALUE_OUT_OF_RANGE[cited_range:0.5_to_500,got:19425.6]=1; P2_VALUE_OUT_OF_RANGE[cited_range:0.5_to_500,got:19460.8]=1; P2_VALUE_OUT_OF_RANGE[cited_range:0.5_to_500,got:1947.13]=1; P2_VALUE_OUT_OF_RANGE[cited_range:0.5_to_500,got:1950.33]=1; P2_VALUE_OUT_OF_RANGE[cited_range:0.5_to_500,got:19502.1]=1; P2_VALUE_OUT_OF_RANGE[cited_range:0.5_to_500,got:19504.8]=1; P2_VALUE_OUT_OF_RANGE[cited_range:0.5_to_500,got:19520.7]=1; P2_VALUE_OUT_OF_RANGE[cited_range:0.5_to_500,got:19525.2]=1; P2_VALUE_OUT_OF_RANGE[cited_range:0.5_to_500,got:1955.22]=1; P2_VALUE_OUT_OF_RANGE[cited_range:0.5_to_500,got:19551.7]=1; P2_VALUE_OUT_OF_RANGE[cited_range:0.5_to_500,got:19574.2]=1; P2_VALUE_OUT_OF_RANGE[cited_range:0.5_to_500,got:19580]=1; P2_VALUE_OUT_OF_RANGE[cited_range:0.5_to_500,got:19589.9]=1; P2_VALUE_OUT_OF_RANGE[cited_range:0.5_to_500,got:1960.15]=1; P2_VALUE_OUT_OF_RANGE[cited_range:0.5_to_500,got:19659.6]=1; P2_VALUE_OUT_OF_RANGE[cited_range:0.5_to_500,got:19705.3]=1; P2_VALUE_OUT_OF_RANGE[cited_range:0.5_to_500,got:19705.9]=1; P2_VALUE_OUT_OF_RANGE[cited_range:0.5_to_500,got:19707.5]=1; P2_VALUE_OUT_OF_RANGE[cited_range:0.5_to_500,got:19708.3]=1; P2_VALUE_OUT_OF_RANGE[cited_range:0.5_to_500,got:1971.99]=1; P2_VALUE_OUT_OF_RANGE[cited_range:0.5_to_500,got:19713.5]=1; P2_VALUE_OUT_OF_RANGE[cited_range:0.5_to_500,got:19725.9]=1; P2_VALUE_OUT_OF_RANGE[cited_range:0.5_to_500,got:19748.3]=1; P2_VALUE_OUT_OF_RANGE[cited_range:0.5_to_500,got:1975.09]=1; P2_VALUE_OUT_OF_RANGE[cited_range:0.5_to_500,got:1975.12]=1; P2_VALUE_OUT_OF_RANGE[cited_range:0.5_to_500,got:1975.78]=1; P2_VALUE_OUT_OF_RANGE[cited_range:0.5_to_500,got:1978.9]=1; P2_VALUE_OUT_OF_RANGE[cited_range:0.5_to_500,got:19783.2]=1; P2_VALUE_OUT_OF_RANGE[cited_range:0.5_to_500,got:19789.6]=1; P2_VALUE_OUT_OF_RANGE[cited_range:0.5_to_500,got:1979.57]=1; P2_VALUE_OUT_OF_RANGE[cited_range:0.5_to_500,got:19800]=1; P2_VALUE_OUT_OF_RANGE[cited_range:0.5_to_500,got:1981.01]=1; P2_VALUE_OUT_OF_RANGE[cited_range:0.5_to_500,got:19811.3]=1; P2_VALUE_OUT_OF_RANGE[cited_range:0.5_to_500,got:19842.5]=1; P2_VALUE_OUT_OF_RANGE[cited_range:0.5_to_500,got:1985.58]=1; P2_VALUE_OUT_OF_RANGE[cited_range:0.5_to_500,got:19883.5]=1; P2_VALUE_OUT_OF_RANGE[cited_range:0.5_to_500,got:19903.1]=1; P2_VALUE_OUT_OF_RANGE[cited_range:0.5_to_500,got:1991.97]=1; P2_VALUE_OUT_OF_RANGE[cited_range:0.5_to_500,got:1992.21]=1; P2_VALUE_OUT_OF_RANGE[cited_range:0.5_to_500,got:1996.55]=1; P2_VALUE_OUT_OF_RANGE[cited_range:0.5_to_500,got:2003.41]=1; P2_VALUE_OUT_OF_RANGE[cited_range:0.5_to_500,got:2006.84]=1; P2_VALUE_OUT_OF_RANGE[cited_range:0.5_to_500,got:20062.6]=1; P2_VALUE_OUT_OF_RANGE[cited_range:0.5_to_500,got:200763]=1; P2_VALUE_OUT_OF_RANGE[cited_range:0.5_to_500,got:20079.5]=1; P2_VALUE_OUT_OF_RANGE[cited_range:0.5_to_500,got:20086.8]=1; P2_VALUE_OUT_OF_RANGE[cited_range:0.5_to_500,got:20091.9]=1; P2_VALUE_OUT_OF_RANGE[cited_range:0.5_to_500,got:20096.5]=1; P2_VALUE_OUT_OF_RANGE[cited_range:0.5_to_500,got:20100]=1; P2_VALUE_OUT_OF_RANGE[cited_range:0.5_to_500,got:20104.3]=1; P2_VALUE_OUT_OF_RANGE[cited_range:0.5_to_500,got:2013.05]=1; P2_VALUE_OUT_OF_RANGE[cited_range:0.5_to_500,got:20130.5]=1; P2_VALUE_OUT_OF_RANGE[cited_range:0.5_to_500,got:20153.7]=1; P2_VALUE_OUT_OF_RANGE[cited_range:0.5_to_500,got:20161.2]=1; P2_VALUE_OUT_OF_RANGE[cited_range:0.5_to_500,got:2017.01]=1; P2_VALUE_OUT_OF_RANGE[cited_range:0.5_to_500,got:20177.7]=1; P2_VALUE_OUT_OF_RANGE[cited_range:0.5_to_500,got:20180.4]=1; P2_VALUE_OUT_OF_RANGE[cited_range:0.5_to_500,got:20241.6]=1; P2_VALUE_OUT_OF_RANGE[cited_range:0.5_to_500,got:2025.21]=1; P2_VALUE_OUT_OF_RANGE[cited_range:0.5_to_500,got:20250.8]=1; P2_VALUE_OUT_OF_RANGE[cited_range:0.5_to_500,got:20265.7]=1; P2_VALUE_OUT_OF_RANGE[cited_range:0.5_to_500,got:20273.9]=1; P2_VALUE_OUT_OF_RANGE[cited_range:0.5_to_500,got:20277.2]=1; P2_VALUE_OUT_OF_RANGE[cited_range:0.5_to_500,got:20280.1]=1; P2_VALUE_OUT_OF_RANGE[cited_range:0.5_to_500,got:20291.8]=1; P2_VALUE_OUT_OF_RANGE[cited_range:0.5_to_500,got:20304.1]=1; P2_VALUE_OUT_OF_RANGE[cited_range:0.5_to_500,got:20304.4]=1; P2_VALUE_OUT_OF_RANGE[cited_range:0.5_to_500,got:20323.3]=1; P2_VALUE_OUT_OF_RANGE[cited_range:0.5_to_500,got:20334.5]=1; P2_VALUE_OUT_OF_RANGE[cited_range:0.5_to_500,got:2035.19]=1; P2_VALUE_OUT_OF_RANGE[cited_range:0.5_to_500,got:2035.99]=1; P2_VALUE_OUT_OF_RANGE[cited_range:0.5_to_500,got:2036.49]=1; P2_VALUE_OUT_OF_RANGE[cited_range:0.5_to_500,got:2039.87]=1; P2_VALUE_OUT_OF_RANGE[cited_range:0.5_to_500,got:20395.5]=1; P2_VALUE_OUT_OF_RANGE[cited_range:0.5_to_500,got:20407.2]=1; P2_VALUE_OUT_OF_RANGE[cited_range:0.5_to_500,got:2041.94]=1; P2_VALUE_OUT_OF_RANGE[cited_range:0.5_to_500,got:2041.96]=1; P2_VALUE_OUT_OF_RANGE[cited_range:0.5_to_500,got:20468]=1; P2_VALUE_OUT_OF_RANGE[cited_range:0.5_to_500,got:20478]=1; P2_VALUE_OUT_OF_RANGE[cited_range:0.5_to_500,got:20522.7]=1; P2_VALUE_OUT_OF_RANGE[cited_range:0.5_to_500,got:20527.8]=1; P2_VALUE_OUT_OF_RANGE[cited_range:0.5_to_500,got:20541.9]=1; P2_VALUE_OUT_OF_RANGE[cited_range:0.5_to_500,got:2056.49]=1; P2_VALUE_OUT_OF_RANGE[cited_range:0.5_to_500,got:2057.3]=1; P2_VALUE_OUT_OF_RANGE[cited_range:0.5_to_500,got:20572.7]=1; P2_VALUE_OUT_OF_RANGE[cited_range:0.5_to_500,got:20575.5]=1; P2_VALUE_OUT_OF_RANGE[cited_range:0.5_to_500,got:20602.8]=1; P2_VALUE_OUT_OF_RANGE[cited_range:0.5_to_500,got:20612.8]=1; P2_VALUE_OUT_OF_RANGE[cited_range:0.5_to_500,got:2064.19]=1; P2_VALUE_OUT_OF_RANGE[cited_range:0.5_to_500,got:2066.48]=1; P2_VALUE_OUT_OF_RANGE[cited_range:0.5_to_500,got:2067.54]=1; P2_VALUE_OUT_OF_RANGE[cited_range:0.5_to_500,got:20672.7]=1; P2_VALUE_OUT_OF_RANGE[cited_range:0.5_to_500,got:2068.54]=1; P2_VALUE_OUT_OF_RANGE[cited_range:0.5_to_500,got:20692.5]=1; P2_VALUE_OUT_OF_RANGE[cited_range:0.5_to_500,got:20699]=1; P2_VALUE_OUT_OF_RANGE[cited_range:0.5_to_500,got:2070.04]=1; P2_VALUE_OUT_OF_RANGE[cited_range:0.5_to_500,got:2071.01]=1; P2_VALUE_OUT_OF_RANGE[cited_range:0.5_to_500,got:2072.56]=1; P2_VALUE_OUT_OF_RANGE[cited_range:0.5_to_500,got:2074.75]=1; P2_VALUE_OUT_OF_RANGE[cited_range:0.5_to_500,got:20742.6]=1; P2_VALUE_OUT_OF_RANGE[cited_range:0.5_to_500,got:2077.12]=1; P2_VALUE_OUT_OF_RANGE[cited_range:0.5_to_500,got:2077.84]=1; P2_VALUE_OUT_OF_RANGE[cited_range:0.5_to_500,got:2078.75]=1; P2_VALUE_OUT_OF_RANGE[cited_range:0.5_to_500,got:208273]=1; P2_VALUE_OUT_OF_RANGE[cited_range:0.5_to_500,got:20847.7]=1; P2_VALUE_OUT_OF_RANGE[cited_range:0.5_to_500,got:20857.5]=1; P2_VALUE_OUT_OF_RANGE[cited_range:0.5_to_500,got:2086.11]=1; P2_VALUE_OUT_OF_RANGE[cited_range:0.5_to_500,got:2087.81]=1; P2_VALUE_OUT_OF_RANGE[cited_range:0.5_to_500,got:20888.7]=1; P2_VALUE_OUT_OF_RANGE[cited_range:0.5_to_500,got:2089.74]=1; P2_VALUE_OUT_OF_RANGE[cited_range:0.5_to_500,got:2090.49]=1; P2_VALUE_OUT_OF_RANGE[cited_range:0.5_to_500,got:2091.43]=1; P2_VALUE_OUT_OF_RANGE[cited_range:0.5_to_500,got:20912.6]=1; P2_VALUE_OUT_OF_RANGE[cited_range:0.5_to_500,got:2092.67]=1; P2_VALUE_OUT_OF_RANGE[cited_range:0.5_to_500,got:2093.21]=1; P2_VALUE_OUT_OF_RANGE[cited_range:0.5_to_500,got:2097.82]=1; P2_VALUE_OUT_OF_RANGE[cited_range:0.5_to_500,got:20974.2]=1; P2_VALUE_OUT_OF_RANGE[cited_range:0.5_to_500,got:21017.8]=1; P2_VALUE_OUT_OF_RANGE[cited_range:0.5_to_500,got:2105.03]=1; P2_VALUE_OUT_OF_RANGE[cited_range:0.5_to_500,got:2108.61]=1; P2_VALUE_OUT_OF_RANGE[cited_range:0.5_to_500,got:2108.7]=1; P2_VALUE_OUT_OF_RANGE[cited_range:0.5_to_500,got:2108.79]=1; P2_VALUE_OUT_OF_RANGE[cited_range:0.5_to_500,got:2108.99]=1; P2_VALUE_OUT_OF_RANGE[cited_range:0.5_to_500,got:2109.59]=1; P2_VALUE_OUT_OF_RANGE[cited_range:0.5_to_500,got:21094.8]=1; P2_VALUE_OUT_OF_RANGE[cited_range:0.5_to_500,got:2111.12]=1; P2_VALUE_OUT_OF_RANGE[cited_range:0.5_to_500,got:2114.91]=1; P2_VALUE_OUT_OF_RANGE[cited_range:0.5_to_500,got:21143]=1; P2_VALUE_OUT_OF_RANGE[cited_range:0.5_to_500,got:21148.2]=1; P2_VALUE_OUT_OF_RANGE[cited_range:0.5_to_500,got:21252.4]=1; P2_VALUE_OUT_OF_RANGE[cited_range:0.5_to_500,got:21257.4]=1; P2_VALUE_OUT_OF_RANGE[cited_range:0.5_to_500,got:2127.87]=1; P2_VALUE_OUT_OF_RANGE[cited_range:0.5_to_500,got:21298.3]=1; P2_VALUE_OUT_OF_RANGE[cited_range:0.5_to_500,got:21317.4]=1; P2_VALUE_OUT_OF_RANGE[cited_range:0.5_to_500,got:2133.26]=1; P2_VALUE_OUT_OF_RANGE[cited_range:0.5_to_500,got:2137.58]=1; P2_VALUE_OUT_OF_RANGE[cited_range:0.5_to_500,got:2138.07]=1; P2_VALUE_OUT_OF_RANGE[cited_range:0.5_to_500,got:2143.2]=1; P2_VALUE_OUT_OF_RANGE[cited_range:0.5_to_500,got:2143.51]=1; P2_VALUE_OUT_OF_RANGE[cited_range:0.5_to_500,got:2143.58]=1; P2_VALUE_OUT_OF_RANGE[cited_range:0.5_to_500,got:2143.75]=1; P2_VALUE_OUT_OF_RANGE[cited_range:0.5_to_500,got:21430]=1; P2_VALUE_OUT_OF_RANGE[cited_range:0.5_to_500,got:21463.4]=1; P2_VALUE_OUT_OF_RANGE[cited_range:0.5_to_500,got:21472.8]=1; P2_VALUE_OUT_OF_RANGE[cited_range:0.5_to_500,got:21489.9]=1; P2_VALUE_OUT_OF_RANGE[cited_range:0.5_to_500,got:215143]=1; P2_VALUE_OUT_OF_RANGE[cited_range:0.5_to_500,got:2152.98]=1; P2_VALUE_OUT_OF_RANGE[cited_range:0.5_to_500,got:2154.94]=1; P2_VALUE_OUT_OF_RANGE[cited_range:0.5_to_500,got:21559.6]=1; P2_VALUE_OUT_OF_RANGE[cited_range:0.5_to_500,got:2157.26]=1; P2_VALUE_OUT_OF_RANGE[cited_range:0.5_to_500,got:2158.02]=1; P2_VALUE_OUT_OF_RANGE[cited_range:0.5_to_500,got:2158.19]=1; P2_VALUE_OUT_OF_RANGE[cited_range:0.5_to_500,got:2158.28]=1; P2_VALUE_OUT_OF_RANGE[cited_range:0.5_to_500,got:2160.41]=1; P2_VALUE_OUT_OF_RANGE[cited_range:0.5_to_500,got:21614]=1; P2_VALUE_OUT_OF_RANGE[cited_range:0.5_to_500,got:2162.53]=1; P2_VALUE_OUT_OF_RANGE[cited_range:0.5_to_500,got:2162.8]=1; P2_VALUE_OUT_OF_RANGE[cited_range:0.5_to_500,got:2163.89]=1; P2_VALUE_OUT_OF_RANGE[cited_range:0.5_to_500,got:21638.1]=1; P2_VALUE_OUT_OF_RANGE[cited_range:0.5_to_500,got:2164.19]=1; P2_VALUE_OUT_OF_RANGE[cited_range:0.5_to_500,got:2165.02]=1; P2_VALUE_OUT_OF_RANGE[cited_range:0.5_to_500,got:21691.4]=1; P2_VALUE_OUT_OF_RANGE[cited_range:0.5_to_500,got:21727.9]=1; P2_VALUE_OUT_OF_RANGE[cited_range:0.5_to_500,got:21743.1]=1; P2_VALUE_OUT_OF_RANGE[cited_range:0.5_to_500,got:21756.9]=1; P2_VALUE_OUT_OF_RANGE[cited_range:0.5_to_500,got:21759.5]=1; P2_VALUE_OUT_OF_RANGE[cited_range:0.5_to_500,got:2176.8]=1; P2_VALUE_OUT_OF_RANGE[cited_range:0.5_to_500,got:21762.8]=1; P2_VALUE_OUT_OF_RANGE[cited_range:0.5_to_500,got:2177.39]=1; P2_VALUE_OUT_OF_RANGE[cited_range:0.5_to_500,got:21829.4]=1; P2_VALUE_OUT_OF_RANGE[cited_range:0.5_to_500,got:2183.38]=1; P2_VALUE_OUT_OF_RANGE[cited_range:0.5_to_500,got:21835.9]=1; P2_VALUE_OUT_OF_RANGE[cited_range:0.5_to_500,got:21843.1]=1; P2_VALUE_OUT_OF_RANGE[cited_range:0.5_to_500,got:2185.28]=1; P2_VALUE_OUT_OF_RANGE[cited_range:0.5_to_500,got:21889.1]=1; P2_VALUE_OUT_OF_RANGE[cited_range:0.5_to_500,got:21926]=1; P2_VALUE_OUT_OF_RANGE[cited_range:0.5_to_500,got:2193.49]=1; P2_VALUE_OUT_OF_RANGE[cited_range:0.5_to_500,got:2195.34]=1; P2_VALUE_OUT_OF_RANGE[cited_range:0.5_to_500,got:21968.6]=1; P2_VALUE_OUT_OF_RANGE[cited_range:0.5_to_500,got:21975.3]=1; P2_VALUE_OUT_OF_RANGE[cited_range:0.5_to_500,got:2200.58]=1; P2_VALUE_OUT_OF_RANGE[cited_range:0.5_to_500,got:22028.9]=1; P2_VALUE_OUT_OF_RANGE[cited_range:0.5_to_500,got:2207.68]=1; P2_VALUE_OUT_OF_RANGE[cited_range:0.5_to_500,got:2211.17]=1; P2_VALUE_OUT_OF_RANGE[cited_range:0.5_to_500,got:2211.22]=1; P2_VALUE_OUT_OF_RANGE[cited_range:0.5_to_500,got:22113.6]=1; P2_VALUE_OUT_OF_RANGE[cited_range:0.5_to_500,got:22123.4]=1; P2_VALUE_OUT_OF_RANGE[cited_range:0.5_to_500,got:2213.39]=1; P2_VALUE_OUT_OF_RANGE[cited_range:0.5_to_500,got:2214.72]=1; P2_VALUE_OUT_OF_RANGE[cited_range:0.5_to_500,got:22154.2]=1; P2_VALUE_OUT_OF_RANGE[cited_range:0.5_to_500,got:22167.9]=1; P2_VALUE_OUT_OF_RANGE[cited_range:0.5_to_500,got:2221.09]=1; P2_VALUE_OUT_OF_RANGE[cited_range:0.5_to_500,got:2225.59]=1; P2_VALUE_OUT_OF_RANGE[cited_range:0.5_to_500,got:22263.3]=1; P2_VALUE_OUT_OF_RANGE[cited_range:0.5_to_500,got:22265.4]=1; P2_VALUE_OUT_OF_RANGE[cited_range:0.5_to_500,got:22271.2]=1; P2_VALUE_OUT_OF_RANGE[cited_range:0.5_to_500,got:22271]=1; P2_VALUE_OUT_OF_RANGE[cited_range:0.5_to_500,got:2228.22]=1; P2_VALUE_OUT_OF_RANGE[cited_range:0.5_to_500,got:22330.4]=1; P2_VALUE_OUT_OF_RANGE[cited_range:0.5_to_500,got:2235.95]=1; P2_VALUE_OUT_OF_RANGE[cited_range:0.5_to_500,got:22379.7]=1; P2_VALUE_OUT_OF_RANGE[cited_range:0.5_to_500,got:22384.6]=1; P2_VALUE_OUT_OF_RANGE[cited_range:0.5_to_500,got:22419.4]=1; P2_VALUE_OUT_OF_RANGE[cited_range:0.5_to_500,got:2244.61]=1; P2_VALUE_OUT_OF_RANGE[cited_range:0.5_to_500,got:22510.1]=1; P2_VALUE_OUT_OF_RANGE[cited_range:0.5_to_500,got:22511.2]=1; P2_VALUE_OUT_OF_RANGE[cited_range:0.5_to_500,got:22529]=1; P2_VALUE_OUT_OF_RANGE[cited_range:0.5_to_500,got:2254.52]=1; P2_VALUE_OUT_OF_RANGE[cited_range:0.5_to_500,got:22540.5]=1; P2_VALUE_OUT_OF_RANGE[cited_range:0.5_to_500,got:2255]=1; P2_VALUE_OUT_OF_RANGE[cited_range:0.5_to_500,got:22606.2]=1; P2_VALUE_OUT_OF_RANGE[cited_range:0.5_to_500,got:2261.19]=1; P2_VALUE_OUT_OF_RANGE[cited_range:0.5_to_500,got:22712.6]=1; P2_VALUE_OUT_OF_RANGE[cited_range:0.5_to_500,got:22731.5]=1; P2_VALUE_OUT_OF_RANGE[cited_range:0.5_to_500,got:22744.9]=1; P2_VALUE_OUT_OF_RANGE[cited_range:0.5_to_500,got:22753.6]=1; P2_VALUE_OUT_OF_RANGE[cited_range:0.5_to_500,got:22763.2]=1; P2_VALUE_OUT_OF_RANGE[cited_range:0.5_to_500,got:22808.4]=1; P2_VALUE_OUT_OF_RANGE[cited_range:0.5_to_500,got:22823.6]=1; P2_VALUE_OUT_OF_RANGE[cited_range:0.5_to_500,got:22827.7]=1; P2_VALUE_OUT_OF_RANGE[cited_range:0.5_to_500,got:22842.4]=1; P2_VALUE_OUT_OF_RANGE[cited_range:0.5_to_500,got:2285.59]=1; P2_VALUE_OUT_OF_RANGE[cited_range:0.5_to_500,got:2288.27]=1; P2_VALUE_OUT_OF_RANGE[cited_range:0.5_to_500,got:2290.06]=1; P2_VALUE_OUT_OF_RANGE[cited_range:0.5_to_500,got:22917.4]=1; P2_VALUE_OUT_OF_RANGE[cited_range:0.5_to_500,got:2292.55]=1; P2_VALUE_OUT_OF_RANGE[cited_range:0.5_to_500,got:22923.1]=1; P2_VALUE_OUT_OF_RANGE[cited_range:0.5_to_500,got:2293.45]=1; P2_VALUE_OUT_OF_RANGE[cited_range:0.5_to_500,got:2293.75]=1; P2_VALUE_OUT_OF_RANGE[cited_range:0.5_to_500,got:2294.46]=1; P2_VALUE_OUT_OF_RANGE[cited_range:0.5_to_500,got:2294.65]=1; P2_VALUE_OUT_OF_RANGE[cited_range:0.5_to_500,got:2295.23]=1; P2_VALUE_OUT_OF_RANGE[cited_range:0.5_to_500,got:2296.1]=1; P2_VALUE_OUT_OF_RANGE[cited_range:0.5_to_500,got:22973.2]=1; P2_VALUE_OUT_OF_RANGE[cited_range:0.5_to_500,got:2298.32]=1; P2_VALUE_OUT_OF_RANGE[cited_range:0.5_to_500,got:22989.9]=1; P2_VALUE_OUT_OF_RANGE[cited_range:0.5_to_500,got:23002.5]=1; P2_VALUE_OUT_OF_RANGE[cited_range:0.5_to_500,got:2304.03]=1; P2_VALUE_OUT_OF_RANGE[cited_range:0.5_to_500,got:23178.5]=1; P2_VALUE_OUT_OF_RANGE[cited_range:0.5_to_500,got:23224.8]=1; P2_VALUE_OUT_OF_RANGE[cited_range:0.5_to_500,got:23237.2]=1; P2_VALUE_OUT_OF_RANGE[cited_range:0.5_to_500,got:23243.6]=1; P2_VALUE_OUT_OF_RANGE[cited_range:0.5_to_500,got:23257.9]=1; P2_VALUE_OUT_OF_RANGE[cited_range:0.5_to_500,got:23369.7]=1; P2_VALUE_OUT_OF_RANGE[cited_range:0.5_to_500,got:23375.4]=1; P2_VALUE_OUT_OF_RANGE[cited_range:0.5_to_500,got:23387.6]=1; P2_VALUE_OUT_OF_RANGE[cited_range:0.5_to_500,got:23408.5]=1; P2_VALUE_OUT_OF_RANGE[cited_range:0.5_to_500,got:23475.4]=1; P2_VALUE_OUT_OF_RANGE[cited_range:0.5_to_500,got:2348.13]=1; P2_VALUE_OUT_OF_RANGE[cited_range:0.5_to_500,got:23488.8]=1; P2_VALUE_OUT_OF_RANGE[cited_range:0.5_to_500,got:23492.2]=1; P2_VALUE_OUT_OF_RANGE[cited_range:0.5_to_500,got:23523.6]=1; P2_VALUE_OUT_OF_RANGE[cited_range:0.5_to_500,got:23532.5]=1; P2_VALUE_OUT_OF_RANGE[cited_range:0.5_to_500,got:23572.9]=1; P2_VALUE_OUT_OF_RANGE[cited_range:0.5_to_500,got:235916]=1; P2_VALUE_OUT_OF_RANGE[cited_range:0.5_to_500,got:23596.4]=1; P2_VALUE_OUT_OF_RANGE[cited_range:0.5_to_500,got:23643]=1; P2_VALUE_OUT_OF_RANGE[cited_range:0.5_to_500,got:23700]=1; P2_VALUE_OUT_OF_RANGE[cited_range:0.5_to_500,got:2372.25]=1; P2_VALUE_OUT_OF_RANGE[cited_range:0.5_to_500,got:23730.6]=1; P2_VALUE_OUT_OF_RANGE[cited_range:0.5_to_500,got:23744.6]=1; P2_VALUE_OUT_OF_RANGE[cited_range:0.5_to_500,got:2376.22]=1; P2_VALUE_OUT_OF_RANGE[cited_range:0.5_to_500,got:2376.62]=1; P2_VALUE_OUT_OF_RANGE[cited_range:0.5_to_500,got:23800.5]=1; P2_VALUE_OUT_OF_RANGE[cited_range:0.5_to_500,got:23811.8]=1; P2_VALUE_OUT_OF_RANGE[cited_range:0.5_to_500,got:2384.1]=1; P2_VALUE_OUT_OF_RANGE[cited_range:0.5_to_500,got:2384.97]=1; P2_VALUE_OUT_OF_RANGE[cited_range:0.5_to_500,got:2385.85]=1; P2_VALUE_OUT_OF_RANGE[cited_range:0.5_to_500,got:23866.1]=1; P2_VALUE_OUT_OF_RANGE[cited_range:0.5_to_500,got:23889.6]=1; P2_VALUE_OUT_OF_RANGE[cited_range:0.5_to_500,got:23920.4]=1; P2_VALUE_OUT_OF_RANGE[cited_range:0.5_to_500,got:2393.95]=1; P2_VALUE_OUT_OF_RANGE[cited_range:0.5_to_500,got:2394.36]=1; P2_VALUE_OUT_OF_RANGE[cited_range:0.5_to_500,got:23966]=1; P2_VALUE_OUT_OF_RANGE[cited_range:0.5_to_500,got:2397.13]=1; P2_VALUE_OUT_OF_RANGE[cited_range:0.5_to_500,got:23970.6]=1; P2_VALUE_OUT_OF_RANGE[cited_range:0.5_to_500,got:2400]=1; P2_VALUE_OUT_OF_RANGE[cited_range:0.5_to_500,got:24043]=1; P2_VALUE_OUT_OF_RANGE[cited_range:0.5_to_500,got:24046.1]=1; P2_VALUE_OUT_OF_RANGE[cited_range:0.5_to_500,got:2408.17]=1; P2_VALUE_OUT_OF_RANGE[cited_range:0.5_to_500,got:24096]=1; P2_VALUE_OUT_OF_RANGE[cited_range:0.5_to_500,got:24101.7]=1; P2_VALUE_OUT_OF_RANGE[cited_range:0.5_to_500,got:24105]=1; P2_VALUE_OUT_OF_RANGE[cited_range:0.5_to_500,got:24118.5]=1; P2_VALUE_OUT_OF_RANGE[cited_range:0.5_to_500,got:2413.51]=1; P2_VALUE_OUT_OF_RANGE[cited_range:0.5_to_500,got:24139.4]=1; P2_VALUE_OUT_OF_RANGE[cited_range:0.5_to_500,got:24142.2]=1; P2_VALUE_OUT_OF_RANGE[cited_range:0.5_to_500,got:24148.9]=1; P2_VALUE_OUT_OF_RANGE[cited_range:0.5_to_500,got:2418.28]=1; P2_VALUE_OUT_OF_RANGE[cited_range:0.5_to_500,got:24225.4]=1; P2_VALUE_OUT_OF_RANGE[cited_range:0.5_to_500,got:2423.43]=1; P2_VALUE_OUT_OF_RANGE[cited_range:0.5_to_500,got:2427.93]=1; P2_VALUE_OUT_OF_RANGE[cited_range:0.5_to_500,got:24280.4]=1; P2_VALUE_OUT_OF_RANGE[cited_range:0.5_to_500,got:24282.9]=1; P2_VALUE_OUT_OF_RANGE[cited_range:0.5_to_500,got:24317.2]=1; P2_VALUE_OUT_OF_RANGE[cited_range:0.5_to_500,got:24325.7]=1; P2_VALUE_OUT_OF_RANGE[cited_range:0.5_to_500,got:24334.7]=1; P2_VALUE_OUT_OF_RANGE[cited_range:0.5_to_500,got:24341.9]=1; P2_VALUE_OUT_OF_RANGE[cited_range:0.5_to_500,got:24381.6]=1; P2_VALUE_OUT_OF_RANGE[cited_range:0.5_to_500,got:2441.38]=1; P2_VALUE_OUT_OF_RANGE[cited_range:0.5_to_500,got:2441.44]=1; P2_VALUE_OUT_OF_RANGE[cited_range:0.5_to_500,got:2441.52]=1; P2_VALUE_OUT_OF_RANGE[cited_range:0.5_to_500,got:24417.6]=1; P2_VALUE_OUT_OF_RANGE[cited_range:0.5_to_500,got:2446.72]=1; P2_VALUE_OUT_OF_RANGE[cited_range:0.5_to_500,got:24466.7]=1; P2_VALUE_OUT_OF_RANGE[cited_range:0.5_to_500,got:24471.4]=1; P2_VALUE_OUT_OF_RANGE[cited_range:0.5_to_500,got:2451.79]=1; P2_VALUE_OUT_OF_RANGE[cited_range:0.5_to_500,got:24540.4]=1; P2_VALUE_OUT_OF_RANGE[cited_range:0.5_to_500,got:24546.4]=1; P2_VALUE_OUT_OF_RANGE[cited_range:0.5_to_500,got:2456.59]=1; P2_VALUE_OUT_OF_RANGE[cited_range:0.5_to_500,got:2462.9]=1; P2_VALUE_OUT_OF_RANGE[cited_range:0.5_to_500,got:24655.8]=1; P2_VALUE_OUT_OF_RANGE[cited_range:0.5_to_500,got:24673.1]=1; P2_VALUE_OUT_OF_RANGE[cited_range:0.5_to_500,got:24683.1]=1; P2_VALUE_OUT_OF_RANGE[cited_range:0.5_to_500,got:2469.9]=1; P2_VALUE_OUT_OF_RANGE[cited_range:0.5_to_500,got:24692.1]=1; P2_VALUE_OUT_OF_RANGE[cited_range:0.5_to_500,got:2473.52]=1; P2_VALUE_OUT_OF_RANGE[cited_range:0.5_to_500,got:2473.6]=1; P2_VALUE_OUT_OF_RANGE[cited_range:0.5_to_500,got:24747.6]=1; P2_VALUE_OUT_OF_RANGE[cited_range:0.5_to_500,got:24749.2]=1; P2_VALUE_OUT_OF_RANGE[cited_range:0.5_to_500,got:2478.99]=1; P2_VALUE_OUT_OF_RANGE[cited_range:0.5_to_500,got:2480.8]=1; P2_VALUE_OUT_OF_RANGE[cited_range:0.5_to_500,got:2482.34]=1; P2_VALUE_OUT_OF_RANGE[cited_range:0.5_to_500,got:24840.6]=1; P2_VALUE_OUT_OF_RANGE[cited_range:0.5_to_500,got:2491.23]=1; P2_VALUE_OUT_OF_RANGE[cited_range:0.5_to_500,got:2491.45]=1; P2_VALUE_OUT_OF_RANGE[cited_range:0.5_to_500,got:24918.2]=1; P2_VALUE_OUT_OF_RANGE[cited_range:0.5_to_500,got:2492.04]=1; P2_VALUE_OUT_OF_RANGE[cited_range:0.5_to_500,got:24925.7]=1; P2_VALUE_OUT_OF_RANGE[cited_range:0.5_to_500,got:24928.6]=1; P2_VALUE_OUT_OF_RANGE[cited_range:0.5_to_500,got:2495.49]=1; P2_VALUE_OUT_OF_RANGE[cited_range:0.5_to_500,got:24957.6]=1; P2_VALUE_OUT_OF_RANGE[cited_range:0.5_to_500,got:2496.78]=1; P2_VALUE_OUT_OF_RANGE[cited_range:0.5_to_500,got:24968.4]=1; P2_VALUE_OUT_OF_RANGE[cited_range:0.5_to_500,got:24971]=1; P2_VALUE_OUT_OF_RANGE[cited_range:0.5_to_500,got:25043.6]=1; P2_VALUE_OUT_OF_RANGE[cited_range:0.5_to_500,got:25046.7]=1; P2_VALUE_OUT_OF_RANGE[cited_range:0.5_to_500,got:2505.57]=1; P2_VALUE_OUT_OF_RANGE[cited_range:0.5_to_500,got:25056.5]=1; P2_VALUE_OUT_OF_RANGE[cited_range:0.5_to_500,got:25057.1]=1; P2_VALUE_OUT_OF_RANGE[cited_range:0.5_to_500,got:25060.1]=1; P2_VALUE_OUT_OF_RANGE[cited_range:0.5_to_500,got:2508.14]=1; P2_VALUE_OUT_OF_RANGE[cited_range:0.5_to_500,got:251162]=1; P2_VALUE_OUT_OF_RANGE[cited_range:0.5_to_500,got:25124.5]=1; P2_VALUE_OUT_OF_RANGE[cited_range:0.5_to_500,got:2513.51]=1; P2_VALUE_OUT_OF_RANGE[cited_range:0.5_to_500,got:25141.5]=1; P2_VALUE_OUT_OF_RANGE[cited_range:0.5_to_500,got:25143]=1; P2_VALUE_OUT_OF_RANGE[cited_range:0.5_to_500,got:2515]=1; P2_VALUE_OUT_OF_RANGE[cited_range:0.5_to_500,got:2517.81]=1; P2_VALUE_OUT_OF_RANGE[cited_range:0.5_to_500,got:25186.4]=1; P2_VALUE_OUT_OF_RANGE[cited_range:0.5_to_500,got:2522.49]=1; P2_VALUE_OUT_OF_RANGE[cited_range:0.5_to_500,got:25232.8]=1; P2_VALUE_OUT_OF_RANGE[cited_range:0.5_to_500,got:2529.2]=1; P2_VALUE_OUT_OF_RANGE[cited_range:0.5_to_500,got:25290.8]=1; P2_VALUE_OUT_OF_RANGE[cited_range:0.5_to_500,got:25329.4]=1; P2_VALUE_OUT_OF_RANGE[cited_range:0.5_to_500,got:25334.8]=1; P2_VALUE_OUT_OF_RANGE[cited_range:0.5_to_500,got:25376.5]=1; P2_VALUE_OUT_OF_RANGE[cited_range:0.5_to_500,got:2543.26]=1; P2_VALUE_OUT_OF_RANGE[cited_range:0.5_to_500,got:25434.5]=1; P2_VALUE_OUT_OF_RANGE[cited_range:0.5_to_500,got:25455.8]=1; P2_VALUE_OUT_OF_RANGE[cited_range:0.5_to_500,got:2549.82]=1; P2_VALUE_OUT_OF_RANGE[cited_range:0.5_to_500,got:2551.83]=1; P2_VALUE_OUT_OF_RANGE[cited_range:0.5_to_500,got:25541.2]=1; P2_VALUE_OUT_OF_RANGE[cited_range:0.5_to_500,got:25626.6]=1; P2_VALUE_OUT_OF_RANGE[cited_range:0.5_to_500,got:25629.8]=1; P2_VALUE_OUT_OF_RANGE[cited_range:0.5_to_500,got:25634.9]=1; P2_VALUE_OUT_OF_RANGE[cited_range:0.5_to_500,got:25640.4]=1; P2_VALUE_OUT_OF_RANGE[cited_range:0.5_to_500,got:2565.65]=1; P2_VALUE_OUT_OF_RANGE[cited_range:0.5_to_500,got:2566.95]=1; P2_VALUE_OUT_OF_RANGE[cited_range:0.5_to_500,got:2567.6]=1; P2_VALUE_OUT_OF_RANGE[cited_range:0.5_to_500,got:25675.1]=1; P2_VALUE_OUT_OF_RANGE[cited_range:0.5_to_500,got:25687]=1; P2_VALUE_OUT_OF_RANGE[cited_range:0.5_to_500,got:2570.67]=1; P2_VALUE_OUT_OF_RANGE[cited_range:0.5_to_500,got:25711.3]=1; P2_VALUE_OUT_OF_RANGE[cited_range:0.5_to_500,got:25731.8]=1; P2_VALUE_OUT_OF_RANGE[cited_range:0.5_to_500,got:2574.45]=1; P2_VALUE_OUT_OF_RANGE[cited_range:0.5_to_500,got:2576.3]=1; P2_VALUE_OUT_OF_RANGE[cited_range:0.5_to_500,got:25771.6]=1; P2_VALUE_OUT_OF_RANGE[cited_range:0.5_to_500,got:2578.55]=1; P2_VALUE_OUT_OF_RANGE[cited_range:0.5_to_500,got:2581.76]=1; P2_VALUE_OUT_OF_RANGE[cited_range:0.5_to_500,got:2582.94]=1; P2_VALUE_OUT_OF_RANGE[cited_range:0.5_to_500,got:25829.5]=1; P2_VALUE_OUT_OF_RANGE[cited_range:0.5_to_500,got:2586.31]=1; P2_VALUE_OUT_OF_RANGE[cited_range:0.5_to_500,got:25866.2]=1; P2_VALUE_OUT_OF_RANGE[cited_range:0.5_to_500,got:25867]=1; P2_VALUE_OUT_OF_RANGE[cited_range:0.5_to_500,got:25870.5]=1; P2_VALUE_OUT_OF_RANGE[cited_range:0.5_to_500,got:25896.3]=1; P2_VALUE_OUT_OF_RANGE[cited_range:0.5_to_500,got:25905.9]=1; P2_VALUE_OUT_OF_RANGE[cited_range:0.5_to_500,got:25907]=1; P2_VALUE_OUT_OF_RANGE[cited_range:0.5_to_500,got:25943.1]=1; P2_VALUE_OUT_OF_RANGE[cited_range:0.5_to_500,got:25958.8]=1; P2_VALUE_OUT_OF_RANGE[cited_range:0.5_to_500,got:25985.7]=1; P2_VALUE_OUT_OF_RANGE[cited_range:0.5_to_500,got:26007.3]=1; P2_VALUE_OUT_OF_RANGE[cited_range:0.5_to_500,got:26036.2]=1; P2_VALUE_OUT_OF_RANGE[cited_range:0.5_to_500,got:26060.6]=1; P2_VALUE_OUT_OF_RANGE[cited_range:0.5_to_500,got:2608.16]=1; P2_VALUE_OUT_OF_RANGE[cited_range:0.5_to_500,got:26149.6]=1; P2_VALUE_OUT_OF_RANGE[cited_range:0.5_to_500,got:26214.2]=1; P2_VALUE_OUT_OF_RANGE[cited_range:0.5_to_500,got:26215]=1; P2_VALUE_OUT_OF_RANGE[cited_range:0.5_to_500,got:26293.8]=1; P2_VALUE_OUT_OF_RANGE[cited_range:0.5_to_500,got:2631.27]=1; P2_VALUE_OUT_OF_RANGE[cited_range:0.5_to_500,got:26342.2]=1; P2_VALUE_OUT_OF_RANGE[cited_range:0.5_to_500,got:2637.31]=1; P2_VALUE_OUT_OF_RANGE[cited_range:0.5_to_500,got:26382.9]=1; P2_VALUE_OUT_OF_RANGE[cited_range:0.5_to_500,got:2641.43]=1; P2_VALUE_OUT_OF_RANGE[cited_range:0.5_to_500,got:2641.98]=1; P2_VALUE_OUT_OF_RANGE[cited_range:0.5_to_500,got:26436.3]=1; P2_VALUE_OUT_OF_RANGE[cited_range:0.5_to_500,got:26478.8]=1; P2_VALUE_OUT_OF_RANGE[cited_range:0.5_to_500,got:26492.1]=1; P2_VALUE_OUT_OF_RANGE[cited_range:0.5_to_500,got:2651.64]=1; P2_VALUE_OUT_OF_RANGE[cited_range:0.5_to_500,got:265188]=1; P2_VALUE_OUT_OF_RANGE[cited_range:0.5_to_500,got:26541.6]=1; P2_VALUE_OUT_OF_RANGE[cited_range:0.5_to_500,got:26544.5]=1; P2_VALUE_OUT_OF_RANGE[cited_range:0.5_to_500,got:26600.4]=1; P2_VALUE_OUT_OF_RANGE[cited_range:0.5_to_500,got:26635.8]=1; P2_VALUE_OUT_OF_RANGE[cited_range:0.5_to_500,got:26642.6]=1; P2_VALUE_OUT_OF_RANGE[cited_range:0.5_to_500,got:26731.1]=1; P2_VALUE_OUT_OF_RANGE[cited_range:0.5_to_500,got:2674.77]=1; P2_VALUE_OUT_OF_RANGE[cited_range:0.5_to_500,got:2675.38]=1; P2_VALUE_OUT_OF_RANGE[cited_range:0.5_to_500,got:26786.7]=1; P2_VALUE_OUT_OF_RANGE[cited_range:0.5_to_500,got:26839.5]=1; P2_VALUE_OUT_OF_RANGE[cited_range:0.5_to_500,got:26869.1]=1; P2_VALUE_OUT_OF_RANGE[cited_range:0.5_to_500,got:26874.3]=1; P2_VALUE_OUT_OF_RANGE[cited_range:0.5_to_500,got:26888.5]=1; P2_VALUE_OUT_OF_RANGE[cited_range:0.5_to_500,got:26904.6]=1; P2_VALUE_OUT_OF_RANGE[cited_range:0.5_to_500,got:2691.68]=1; P2_VALUE_OUT_OF_RANGE[cited_range:0.5_to_500,got:26929.9]=1; P2_VALUE_OUT_OF_RANGE[cited_range:0.5_to_500,got:2695.64]=1; P2_VALUE_OUT_OF_RANGE[cited_range:0.5_to_500,got:26979.7]=1; P2_VALUE_OUT_OF_RANGE[cited_range:0.5_to_500,got:26984.6]=1; P2_VALUE_OUT_OF_RANGE[cited_range:0.5_to_500,got:2702.06]=1; P2_VALUE_OUT_OF_RANGE[cited_range:0.5_to_500,got:27033.4]=1; P2_VALUE_OUT_OF_RANGE[cited_range:0.5_to_500,got:27118.3]=1; P2_VALUE_OUT_OF_RANGE[cited_range:0.5_to_500,got:2715.39]=1; P2_VALUE_OUT_OF_RANGE[cited_range:0.5_to_500,got:2719.97]=1; P2_VALUE_OUT_OF_RANGE[cited_range:0.5_to_500,got:27250.9]=1; P2_VALUE_OUT_OF_RANGE[cited_range:0.5_to_500,got:27254.3]=1; P2_VALUE_OUT_OF_RANGE[cited_range:0.5_to_500,got:27282.7]=1; P2_VALUE_OUT_OF_RANGE[cited_range:0.5_to_500,got:27298.6]=1; P2_VALUE_OUT_OF_RANGE[cited_range:0.5_to_500,got:2730.03]=1; P2_VALUE_OUT_OF_RANGE[cited_range:0.5_to_500,got:27310.3]=1; P2_VALUE_OUT_OF_RANGE[cited_range:0.5_to_500,got:27313.5]=1; P2_VALUE_OUT_OF_RANGE[cited_range:0.5_to_500,got:27321.5]=1; P2_VALUE_OUT_OF_RANGE[cited_range:0.5_to_500,got:27352.1]=1; P2_VALUE_OUT_OF_RANGE[cited_range:0.5_to_500,got:27358.1]=1; P2_VALUE_OUT_OF_RANGE[cited_range:0.5_to_500,got:27359.9]=1; P2_VALUE_OUT_OF_RANGE[cited_range:0.5_to_500,got:27375.5]=1; P2_VALUE_OUT_OF_RANGE[cited_range:0.5_to_500,got:2740.15]=1; P2_VALUE_OUT_OF_RANGE[cited_range:0.5_to_500,got:27492]=1; P2_VALUE_OUT_OF_RANGE[cited_range:0.5_to_500,got:27505.2]=1; P2_VALUE_OUT_OF_RANGE[cited_range:0.5_to_500,got:2755.22]=1; P2_VALUE_OUT_OF_RANGE[cited_range:0.5_to_500,got:2756.19]=1; P2_VALUE_OUT_OF_RANGE[cited_range:0.5_to_500,got:2757.98]=1; P2_VALUE_OUT_OF_RANGE[cited_range:0.5_to_500,got:2760.62]=1; P2_VALUE_OUT_OF_RANGE[cited_range:0.5_to_500,got:2766.45]=1; P2_VALUE_OUT_OF_RANGE[cited_range:0.5_to_500,got:27682.1]=1; P2_VALUE_OUT_OF_RANGE[cited_range:0.5_to_500,got:27724.6]=1; P2_VALUE_OUT_OF_RANGE[cited_range:0.5_to_500,got:2774.38]=1; P2_VALUE_OUT_OF_RANGE[cited_range:0.5_to_500,got:27742.5]=1; P2_VALUE_OUT_OF_RANGE[cited_range:0.5_to_500,got:27832.1]=1; P2_VALUE_OUT_OF_RANGE[cited_range:0.5_to_500,got:27832.5]=1; P2_VALUE_OUT_OF_RANGE[cited_range:0.5_to_500,got:27884.7]=1; P2_VALUE_OUT_OF_RANGE[cited_range:0.5_to_500,got:27890.5]=1; P2_VALUE_OUT_OF_RANGE[cited_range:0.5_to_500,got:27935]=1; P2_VALUE_OUT_OF_RANGE[cited_range:0.5_to_500,got:27939.8]=1; P2_VALUE_OUT_OF_RANGE[cited_range:0.5_to_500,got:27958.3]=1; P2_VALUE_OUT_OF_RANGE[cited_range:0.5_to_500,got:27965.2]=1; P2_VALUE_OUT_OF_RANGE[cited_range:0.5_to_500,got:27996]=1; P2_VALUE_OUT_OF_RANGE[cited_range:0.5_to_500,got:28003.7]=1; P2_VALUE_OUT_OF_RANGE[cited_range:0.5_to_500,got:28008.8]=1; P2_VALUE_OUT_OF_RANGE[cited_range:0.5_to_500,got:28034]=1; P2_VALUE_OUT_OF_RANGE[cited_range:0.5_to_500,got:28076.4]=1; P2_VALUE_OUT_OF_RANGE[cited_range:0.5_to_500,got:28115.3]=1; P2_VALUE_OUT_OF_RANGE[cited_range:0.5_to_500,got:2814.6]=1; P2_VALUE_OUT_OF_RANGE[cited_range:0.5_to_500,got:28160.8]=1; P2_VALUE_OUT_OF_RANGE[cited_range:0.5_to_500,got:28192.6]=1; P2_VALUE_OUT_OF_RANGE[cited_range:0.5_to_500,got:28208]=1; P2_VALUE_OUT_OF_RANGE[cited_range:0.5_to_500,got:2826.14]=1; P2_VALUE_OUT_OF_RANGE[cited_range:0.5_to_500,got:28268.6]=1; P2_VALUE_OUT_OF_RANGE[cited_range:0.5_to_500,got:28287.7]=1; P2_VALUE_OUT_OF_RANGE[cited_range:0.5_to_500,got:28314.2]=1; P2_VALUE_OUT_OF_RANGE[cited_range:0.5_to_500,got:28338.6]=1; P2_VALUE_OUT_OF_RANGE[cited_range:0.5_to_500,got:28401.9]=1; P2_VALUE_OUT_OF_RANGE[cited_range:0.5_to_500,got:2841.14]=1; P2_VALUE_OUT_OF_RANGE[cited_range:0.5_to_500,got:2842.09]=1; P2_VALUE_OUT_OF_RANGE[cited_range:0.5_to_500,got:28427.8]=1; P2_VALUE_OUT_OF_RANGE[cited_range:0.5_to_500,got:2846.12]=1; P2_VALUE_OUT_OF_RANGE[cited_range:0.5_to_500,got:2846.83]=1; P2_VALUE_OUT_OF_RANGE[cited_range:0.5_to_500,got:28462.9]=1; P2_VALUE_OUT_OF_RANGE[cited_range:0.5_to_500,got:28516.4]=1; P2_VALUE_OUT_OF_RANGE[cited_range:0.5_to_500,got:2856.55]=1; P2_VALUE_OUT_OF_RANGE[cited_range:0.5_to_500,got:28626.1]=1; P2_VALUE_OUT_OF_RANGE[cited_range:0.5_to_500,got:28757.2]=1; P2_VALUE_OUT_OF_RANGE[cited_range:0.5_to_500,got:28769.2]=1; P2_VALUE_OUT_OF_RANGE[cited_range:0.5_to_500,got:28782]=1; P2_VALUE_OUT_OF_RANGE[cited_range:0.5_to_500,got:28795.4]=1; P2_VALUE_OUT_OF_RANGE[cited_range:0.5_to_500,got:28819.2]=1; P2_VALUE_OUT_OF_RANGE[cited_range:0.5_to_500,got:28852.6]=1; P2_VALUE_OUT_OF_RANGE[cited_range:0.5_to_500,got:2887.01]=1; P2_VALUE_OUT_OF_RANGE[cited_range:0.5_to_500,got:28890.4]=1; P2_VALUE_OUT_OF_RANGE[cited_range:0.5_to_500,got:28906]=1; P2_VALUE_OUT_OF_RANGE[cited_range:0.5_to_500,got:2894.34]=1; P2_VALUE_OUT_OF_RANGE[cited_range:0.5_to_500,got:28955.9]=1; P2_VALUE_OUT_OF_RANGE[cited_range:0.5_to_500,got:2907.49]=1; P2_VALUE_OUT_OF_RANGE[cited_range:0.5_to_500,got:29094.2]=1; P2_VALUE_OUT_OF_RANGE[cited_range:0.5_to_500,got:2910.3]=1; P2_VALUE_OUT_OF_RANGE[cited_range:0.5_to_500,got:2913.16]=1; P2_VALUE_OUT_OF_RANGE[cited_range:0.5_to_500,got:2916.27]=1; P2_VALUE_OUT_OF_RANGE[cited_range:0.5_to_500,got:29167.1]=1; P2_VALUE_OUT_OF_RANGE[cited_range:0.5_to_500,got:29175.7]=1; P2_VALUE_OUT_OF_RANGE[cited_range:0.5_to_500,got:2918.09]=1; P2_VALUE_OUT_OF_RANGE[cited_range:0.5_to_500,got:29186.9]=1; P2_VALUE_OUT_OF_RANGE[cited_range:0.5_to_500,got:29236.3]=1; P2_VALUE_OUT_OF_RANGE[cited_range:0.5_to_500,got:2924.41]=1; P2_VALUE_OUT_OF_RANGE[cited_range:0.5_to_500,got:29292.2]=1; P2_VALUE_OUT_OF_RANGE[cited_range:0.5_to_500,got:29351.7]=1; P2_VALUE_OUT_OF_RANGE[cited_range:0.5_to_500,got:29354.2]=1; P2_VALUE_OUT_OF_RANGE[cited_range:0.5_to_500,got:29355.1]=1; P2_VALUE_OUT_OF_RANGE[cited_range:0.5_to_500,got:29408.2]=1; P2_VALUE_OUT_OF_RANGE[cited_range:0.5_to_500,got:2941.1]=1; P2_VALUE_OUT_OF_RANGE[cited_range:0.5_to_500,got:29422.8]=1; P2_VALUE_OUT_OF_RANGE[cited_range:0.5_to_500,got:2946.46]=1; P2_VALUE_OUT_OF_RANGE[cited_range:0.5_to_500,got:2948.94]=1; P2_VALUE_OUT_OF_RANGE[cited_range:0.5_to_500,got:29480.5]=1; P2_VALUE_OUT_OF_RANGE[cited_range:0.5_to_500,got:2952.69]=1; P2_VALUE_OUT_OF_RANGE[cited_range:0.5_to_500,got:29550.7]=1; P2_VALUE_OUT_OF_RANGE[cited_range:0.5_to_500,got:2958.14]=1; P2_VALUE_OUT_OF_RANGE[cited_range:0.5_to_500,got:29666.4]=1; P2_VALUE_OUT_OF_RANGE[cited_range:0.5_to_500,got:2967.16]=1; P2_VALUE_OUT_OF_RANGE[cited_range:0.5_to_500,got:2968.67]=1; P2_VALUE_OUT_OF_RANGE[cited_range:0.5_to_500,got:29726.2]=1; P2_VALUE_OUT_OF_RANGE[cited_range:0.5_to_500,got:29737.2]=1; P2_VALUE_OUT_OF_RANGE[cited_range:0.5_to_500,got:29753.3]=1; P2_VALUE_OUT_OF_RANGE[cited_range:0.5_to_500,got:2977.57]=1; P2_VALUE_OUT_OF_RANGE[cited_range:0.5_to_500,got:2978.01]=1; P2_VALUE_OUT_OF_RANGE[cited_range:0.5_to_500,got:2979.7]=1; P2_VALUE_OUT_OF_RANGE[cited_range:0.5_to_500,got:2984.68]=1; P2_VALUE_OUT_OF_RANGE[cited_range:0.5_to_500,got:29870.2]=1; P2_VALUE_OUT_OF_RANGE[cited_range:0.5_to_500,got:3000.53]=1; P2_VALUE_OUT_OF_RANGE[cited_range:0.5_to_500,got:30005.5]=1; P2_VALUE_OUT_OF_RANGE[cited_range:0.5_to_500,got:3003.17]=1; P2_VALUE_OUT_OF_RANGE[cited_range:0.5_to_500,got:30098.3]=1; P2_VALUE_OUT_OF_RANGE[cited_range:0.5_to_500,got:30125.4]=1; P2_VALUE_OUT_OF_RANGE[cited_range:0.5_to_500,got:30168.6]=1; P2_VALUE_OUT_OF_RANGE[cited_range:0.5_to_500,got:3020.51]=1; P2_VALUE_OUT_OF_RANGE[cited_range:0.5_to_500,got:30243.1]=1; P2_VALUE_OUT_OF_RANGE[cited_range:0.5_to_500,got:30313.9]=1; P2_VALUE_OUT_OF_RANGE[cited_range:0.5_to_500,got:3036.21]=1; P2_VALUE_OUT_OF_RANGE[cited_range:0.5_to_500,got:30366.4]=1; P2_VALUE_OUT_OF_RANGE[cited_range:0.5_to_500,got:3050.04]=1; P2_VALUE_OUT_OF_RANGE[cited_range:0.5_to_500,got:3051.4]=1; P2_VALUE_OUT_OF_RANGE[cited_range:0.5_to_500,got:3059.8]=1; P2_VALUE_OUT_OF_RANGE[cited_range:0.5_to_500,got:30596]=1; P2_VALUE_OUT_OF_RANGE[cited_range:0.5_to_500,got:30621.7]=1; P2_VALUE_OUT_OF_RANGE[cited_range:0.5_to_500,got:3064.61]=1; P2_VALUE_OUT_OF_RANGE[cited_range:0.5_to_500,got:3065.6]=1; P2_VALUE_OUT_OF_RANGE[cited_range:0.5_to_500,got:3069]=1; P2_VALUE_OUT_OF_RANGE[cited_range:0.5_to_500,got:3071.9]=1; P2_VALUE_OUT_OF_RANGE[cited_range:0.5_to_500,got:3073.02]=1; P2_VALUE_OUT_OF_RANGE[cited_range:0.5_to_500,got:3073.32]=1; P2_VALUE_OUT_OF_RANGE[cited_range:0.5_to_500,got:3074.61]=1; P2_VALUE_OUT_OF_RANGE[cited_range:0.5_to_500,got:3079.93]=1; P2_VALUE_OUT_OF_RANGE[cited_range:0.5_to_500,got:30852.1]=1; P2_VALUE_OUT_OF_RANGE[cited_range:0.5_to_500,got:30969.4]=1; P2_VALUE_OUT_OF_RANGE[cited_range:0.5_to_500,got:30979.6]=1; P2_VALUE_OUT_OF_RANGE[cited_range:0.5_to_500,got:30979.9]=1; P2_VALUE_OUT_OF_RANGE[cited_range:0.5_to_500,got:31118.4]=1; P2_VALUE_OUT_OF_RANGE[cited_range:0.5_to_500,got:31187.7]=1; P2_VALUE_OUT_OF_RANGE[cited_range:0.5_to_500,got:31208.4]=1; P2_VALUE_OUT_OF_RANGE[cited_range:0.5_to_500,got:31223.9]=1; P2_VALUE_OUT_OF_RANGE[cited_range:0.5_to_500,got:3125.99]=1; P2_VALUE_OUT_OF_RANGE[cited_range:0.5_to_500,got:3128.98]=1; P2_VALUE_OUT_OF_RANGE[cited_range:0.5_to_500,got:3137.25]=1; P2_VALUE_OUT_OF_RANGE[cited_range:0.5_to_500,got:31420.8]=1; P2_VALUE_OUT_OF_RANGE[cited_range:0.5_to_500,got:3143.46]=1; P2_VALUE_OUT_OF_RANGE[cited_range:0.5_to_500,got:3144.71]=1; P2_VALUE_OUT_OF_RANGE[cited_range:0.5_to_500,got:31458]=1; P2_VALUE_OUT_OF_RANGE[cited_range:0.5_to_500,got:31491.7]=1; P2_VALUE_OUT_OF_RANGE[cited_range:0.5_to_500,got:31553.5]=1; P2_VALUE_OUT_OF_RANGE[cited_range:0.5_to_500,got:3161.58]=1; P2_VALUE_OUT_OF_RANGE[cited_range:0.5_to_500,got:31612.7]=1; P2_VALUE_OUT_OF_RANGE[cited_range:0.5_to_500,got:31636.2]=1; P2_VALUE_OUT_OF_RANGE[cited_range:0.5_to_500,got:31662.7]=1; P2_VALUE_OUT_OF_RANGE[cited_range:0.5_to_500,got:316756]=1; P2_VALUE_OUT_OF_RANGE[cited_range:0.5_to_500,got:3168.51]=1; P2_VALUE_OUT_OF_RANGE[cited_range:0.5_to_500,got:31681.9]=1; P2_VALUE_OUT_OF_RANGE[cited_range:0.5_to_500,got:31705.3]=1; P2_VALUE_OUT_OF_RANGE[cited_range:0.5_to_500,got:31762.3]=1; P2_VALUE_OUT_OF_RANGE[cited_range:0.5_to_500,got:31783.5]=1; P2_VALUE_OUT_OF_RANGE[cited_range:0.5_to_500,got:31837.6]=1; P2_VALUE_OUT_OF_RANGE[cited_range:0.5_to_500,got:31849.9]=1; P2_VALUE_OUT_OF_RANGE[cited_range:0.5_to_500,got:31855.4]=1; P2_VALUE_OUT_OF_RANGE[cited_range:0.5_to_500,got:32057.4]=1; P2_VALUE_OUT_OF_RANGE[cited_range:0.5_to_500,got:32171.5]=1; P2_VALUE_OUT_OF_RANGE[cited_range:0.5_to_500,got:32214.3]=1; P2_VALUE_OUT_OF_RANGE[cited_range:0.5_to_500,got:3225.48]=1; P2_VALUE_OUT_OF_RANGE[cited_range:0.5_to_500,got:32261.3]=1; P2_VALUE_OUT_OF_RANGE[cited_range:0.5_to_500,got:32344.8]=1; P2_VALUE_OUT_OF_RANGE[cited_range:0.5_to_500,got:32424.6]=1; P2_VALUE_OUT_OF_RANGE[cited_range:0.5_to_500,got:3246.31]=1; P2_VALUE_OUT_OF_RANGE[cited_range:0.5_to_500,got:32521.8]=1; P2_VALUE_OUT_OF_RANGE[cited_range:0.5_to_500,got:32566.9]=1; P2_VALUE_OUT_OF_RANGE[cited_range:0.5_to_500,got:32639.3]=1; P2_VALUE_OUT_OF_RANGE[cited_range:0.5_to_500,got:326414]=1; P2_VALUE_OUT_OF_RANGE[cited_range:0.5_to_500,got:3266.29]=1; P2_VALUE_OUT_OF_RANGE[cited_range:0.5_to_500,got:3271.68]=1; P2_VALUE_OUT_OF_RANGE[cited_range:0.5_to_500,got:32711.9]=1; P2_VALUE_OUT_OF_RANGE[cited_range:0.5_to_500,got:32726.1]=1; P2_VALUE_OUT_OF_RANGE[cited_range:0.5_to_500,got:3273.41]=1; P2_VALUE_OUT_OF_RANGE[cited_range:0.5_to_500,got:3284.25]=1; P2_VALUE_OUT_OF_RANGE[cited_range:0.5_to_500,got:32996.7]=1; P2_VALUE_OUT_OF_RANGE[cited_range:0.5_to_500,got:3301.71]=1; P2_VALUE_OUT_OF_RANGE[cited_range:0.5_to_500,got:33126.1]=1; P2_VALUE_OUT_OF_RANGE[cited_range:0.5_to_500,got:33177.1]=1; P2_VALUE_OUT_OF_RANGE[cited_range:0.5_to_500,got:3318.09]=1; P2_VALUE_OUT_OF_RANGE[cited_range:0.5_to_500,got:33195.8]=1; P2_VALUE_OUT_OF_RANGE[cited_range:0.5_to_500,got:3321.27]=1; P2_VALUE_OUT_OF_RANGE[cited_range:0.5_to_500,got:33381.1]=1; P2_VALUE_OUT_OF_RANGE[cited_range:0.5_to_500,got:33411.7]=1; P2_VALUE_OUT_OF_RANGE[cited_range:0.5_to_500,got:33454.1]=1; P2_VALUE_OUT_OF_RANGE[cited_range:0.5_to_500,got:33472.1]=1; P2_VALUE_OUT_OF_RANGE[cited_range:0.5_to_500,got:33517.8]=1; P2_VALUE_OUT_OF_RANGE[cited_range:0.5_to_500,got:3360.63]=1; P2_VALUE_OUT_OF_RANGE[cited_range:0.5_to_500,got:33710.9]=1; P2_VALUE_OUT_OF_RANGE[cited_range:0.5_to_500,got:33729.7]=1; P2_VALUE_OUT_OF_RANGE[cited_range:0.5_to_500,got:3375.54]=1; P2_VALUE_OUT_OF_RANGE[cited_range:0.5_to_500,got:3381.73]=1; P2_VALUE_OUT_OF_RANGE[cited_range:0.5_to_500,got:33878]=1; P2_VALUE_OUT_OF_RANGE[cited_range:0.5_to_500,got:3390.41]=1; P2_VALUE_OUT_OF_RANGE[cited_range:0.5_to_500,got:33929.9]=1; P2_VALUE_OUT_OF_RANGE[cited_range:0.5_to_500,got:3398.22]=1; P2_VALUE_OUT_OF_RANGE[cited_range:0.5_to_500,got:33985]=1; P2_VALUE_OUT_OF_RANGE[cited_range:0.5_to_500,got:3402.41]=1; P2_VALUE_OUT_OF_RANGE[cited_range:0.5_to_500,got:34030.3]=1; P2_VALUE_OUT_OF_RANGE[cited_range:0.5_to_500,got:34058.5]=1; P2_VALUE_OUT_OF_RANGE[cited_range:0.5_to_500,got:34069.1]=1; P2_VALUE_OUT_OF_RANGE[cited_range:0.5_to_500,got:34081.3]=1; P2_VALUE_OUT_OF_RANGE[cited_range:0.5_to_500,got:34088.4]=1; P2_VALUE_OUT_OF_RANGE[cited_range:0.5_to_500,got:34090.2]=1; P2_VALUE_OUT_OF_RANGE[cited_range:0.5_to_500,got:34093.5]=1; P2_VALUE_OUT_OF_RANGE[cited_range:0.5_to_500,got:34094.1]=1; P2_VALUE_OUT_OF_RANGE[cited_range:0.5_to_500,got:3419.21]=1; P2_VALUE_OUT_OF_RANGE[cited_range:0.5_to_500,got:3419.98]=1; P2_VALUE_OUT_OF_RANGE[cited_range:0.5_to_500,got:3424.77]=1; P2_VALUE_OUT_OF_RANGE[cited_range:0.5_to_500,got:3425.2]=1; P2_VALUE_OUT_OF_RANGE[cited_range:0.5_to_500,got:34265.9]=1; P2_VALUE_OUT_OF_RANGE[cited_range:0.5_to_500,got:3428.22]=1; P2_VALUE_OUT_OF_RANGE[cited_range:0.5_to_500,got:34309.8]=1; P2_VALUE_OUT_OF_RANGE[cited_range:0.5_to_500,got:3442.09]=1; P2_VALUE_OUT_OF_RANGE[cited_range:0.5_to_500,got:3445.76]=1; P2_VALUE_OUT_OF_RANGE[cited_range:0.5_to_500,got:3454.31]=1; P2_VALUE_OUT_OF_RANGE[cited_range:0.5_to_500,got:34660.8]=1; P2_VALUE_OUT_OF_RANGE[cited_range:0.5_to_500,got:3467.47]=1; P2_VALUE_OUT_OF_RANGE[cited_range:0.5_to_500,got:34704.5]=1; P2_VALUE_OUT_OF_RANGE[cited_range:0.5_to_500,got:3474.36]=1; P2_VALUE_OUT_OF_RANGE[cited_range:0.5_to_500,got:3478.83]=1; P2_VALUE_OUT_OF_RANGE[cited_range:0.5_to_500,got:34821.4]=1; P2_VALUE_OUT_OF_RANGE[cited_range:0.5_to_500,got:34844.2]=1; P2_VALUE_OUT_OF_RANGE[cited_range:0.5_to_500,got:34879.7]=1; P2_VALUE_OUT_OF_RANGE[cited_range:0.5_to_500,got:35154.4]=1; P2_VALUE_OUT_OF_RANGE[cited_range:0.5_to_500,got:3524.7]=1; P2_VALUE_OUT_OF_RANGE[cited_range:0.5_to_500,got:35255]=1; P2_VALUE_OUT_OF_RANGE[cited_range:0.5_to_500,got:35383.7]=1; P2_VALUE_OUT_OF_RANGE[cited_range:0.5_to_500,got:35384]=1; P2_VALUE_OUT_OF_RANGE[cited_range:0.5_to_500,got:35448.9]=1; P2_VALUE_OUT_OF_RANGE[cited_range:0.5_to_500,got:35646.6]=1; P2_VALUE_OUT_OF_RANGE[cited_range:0.5_to_500,got:35647.7]=1; P2_VALUE_OUT_OF_RANGE[cited_range:0.5_to_500,got:35793.5]=1; P2_VALUE_OUT_OF_RANGE[cited_range:0.5_to_500,got:35823.6]=1; P2_VALUE_OUT_OF_RANGE[cited_range:0.5_to_500,got:35964.9]=1; P2_VALUE_OUT_OF_RANGE[cited_range:0.5_to_500,got:36037.4]=1; P2_VALUE_OUT_OF_RANGE[cited_range:0.5_to_500,got:36061]=1; P2_VALUE_OUT_OF_RANGE[cited_range:0.5_to_500,got:36067.6]=1; P2_VALUE_OUT_OF_RANGE[cited_range:0.5_to_500,got:36085.5]=1; P2_VALUE_OUT_OF_RANGE[cited_range:0.5_to_500,got:3609.18]=1; P2_VALUE_OUT_OF_RANGE[cited_range:0.5_to_500,got:36140.5]=1; P2_VALUE_OUT_OF_RANGE[cited_range:0.5_to_500,got:36153.4]=1; P2_VALUE_OUT_OF_RANGE[cited_range:0.5_to_500,got:36160.4]=1; P2_VALUE_OUT_OF_RANGE[cited_range:0.5_to_500,got:3621.12]=1; P2_VALUE_OUT_OF_RANGE[cited_range:0.5_to_500,got:3629.86]=1; P2_VALUE_OUT_OF_RANGE[cited_range:0.5_to_500,got:3636.36]=1; P2_VALUE_OUT_OF_RANGE[cited_range:0.5_to_500,got:36531.3]=1; P2_VALUE_OUT_OF_RANGE[cited_range:0.5_to_500,got:36533.8]=1; P2_VALUE_OUT_OF_RANGE[cited_range:0.5_to_500,got:36592.7]=1; P2_VALUE_OUT_OF_RANGE[cited_range:0.5_to_500,got:36722.3]=1; P2_VALUE_OUT_OF_RANGE[cited_range:0.5_to_500,got:36981.1]=1; P2_VALUE_OUT_OF_RANGE[cited_range:0.5_to_500,got:3699.15]=1; P2_VALUE_OUT_OF_RANGE[cited_range:0.5_to_500,got:37118.5]=1; P2_VALUE_OUT_OF_RANGE[cited_range:0.5_to_500,got:37153.2]=1; P2_VALUE_OUT_OF_RANGE[cited_range:0.5_to_500,got:3716.68]=1; P2_VALUE_OUT_OF_RANGE[cited_range:0.5_to_500,got:37263.9]=1; P2_VALUE_OUT_OF_RANGE[cited_range:0.5_to_500,got:37417.1]=1; P2_VALUE_OUT_OF_RANGE[cited_range:0.5_to_500,got:3761.37]=1; P2_VALUE_OUT_OF_RANGE[cited_range:0.5_to_500,got:3765.45]=1; P2_VALUE_OUT_OF_RANGE[cited_range:0.5_to_500,got:37745.1]=1; P2_VALUE_OUT_OF_RANGE[cited_range:0.5_to_500,got:38035.2]=1; P2_VALUE_OUT_OF_RANGE[cited_range:0.5_to_500,got:3806.01]=1; P2_VALUE_OUT_OF_RANGE[cited_range:0.5_to_500,got:38116.3]=1; P2_VALUE_OUT_OF_RANGE[cited_range:0.5_to_500,got:38180]=1; P2_VALUE_OUT_OF_RANGE[cited_range:0.5_to_500,got:3819.35]=1; P2_VALUE_OUT_OF_RANGE[cited_range:0.5_to_500,got:3823.57]=1; P2_VALUE_OUT_OF_RANGE[cited_range:0.5_to_500,got:38272.4]=1; P2_VALUE_OUT_OF_RANGE[cited_range:0.5_to_500,got:38327.4]=1; P2_VALUE_OUT_OF_RANGE[cited_range:0.5_to_500,got:383274]=1; P2_VALUE_OUT_OF_RANGE[cited_range:0.5_to_500,got:38371.6]=1; P2_VALUE_OUT_OF_RANGE[cited_range:0.5_to_500,got:384854]=1; P2_VALUE_OUT_OF_RANGE[cited_range:0.5_to_500,got:38525.1]=1; P2_VALUE_OUT_OF_RANGE[cited_range:0.5_to_500,got:3854.07]=1; P2_VALUE_OUT_OF_RANGE[cited_range:0.5_to_500,got:38567.7]=1; P2_VALUE_OUT_OF_RANGE[cited_range:0.5_to_500,got:3872.04]=1; P2_VALUE_OUT_OF_RANGE[cited_range:0.5_to_500,got:38769.3]=1; P2_VALUE_OUT_OF_RANGE[cited_range:0.5_to_500,got:38790.3]=1; P2_VALUE_OUT_OF_RANGE[cited_range:0.5_to_500,got:38918.1]=1; P2_VALUE_OUT_OF_RANGE[cited_range:0.5_to_500,got:38990.6]=1; P2_VALUE_OUT_OF_RANGE[cited_range:0.5_to_500,got:3903.12]=1; P2_VALUE_OUT_OF_RANGE[cited_range:0.5_to_500,got:3916.04]=1; P2_VALUE_OUT_OF_RANGE[cited_range:0.5_to_500,got:39180.4]=1; P2_VALUE_OUT_OF_RANGE[cited_range:0.5_to_500,got:39254.3]=1; P2_VALUE_OUT_OF_RANGE[cited_range:0.5_to_500,got:39443.3]=1; P2_VALUE_OUT_OF_RANGE[cited_range:0.5_to_500,got:39632.8]=1; P2_VALUE_OUT_OF_RANGE[cited_range:0.5_to_500,got:39734.6]=1; P2_VALUE_OUT_OF_RANGE[cited_range:0.5_to_500,got:39742.1]=1; P2_VALUE_OUT_OF_RANGE[cited_range:0.5_to_500,got:3993.18]=1; P2_VALUE_OUT_OF_RANGE[cited_range:0.5_to_500,got:39977.2]=1; P2_VALUE_OUT_OF_RANGE[cited_range:0.5_to_500,got:40200.3]=1; P2_VALUE_OUT_OF_RANGE[cited_range:0.5_to_500,got:4022.53]=1; P2_VALUE_OUT_OF_RANGE[cited_range:0.5_to_500,got:4029.11]=1; P2_VALUE_OUT_OF_RANGE[cited_range:0.5_to_500,got:4035.59]=1; P2_VALUE_OUT_OF_RANGE[cited_range:0.5_to_500,got:40416.9]=1; P2_VALUE_OUT_OF_RANGE[cited_range:0.5_to_500,got:4052.33]=1; P2_VALUE_OUT_OF_RANGE[cited_range:0.5_to_500,got:40552.8]=1; P2_VALUE_OUT_OF_RANGE[cited_range:0.5_to_500,got:40669.5]=1; P2_VALUE_OUT_OF_RANGE[cited_range:0.5_to_500,got:4085.54]=1; P2_VALUE_OUT_OF_RANGE[cited_range:0.5_to_500,got:41031.9]=1; P2_VALUE_OUT_OF_RANGE[cited_range:0.5_to_500,got:41045.3]=1; P2_VALUE_OUT_OF_RANGE[cited_range:0.5_to_500,got:4110.63]=1; P2_VALUE_OUT_OF_RANGE[cited_range:0.5_to_500,got:41277.6]=1; P2_VALUE_OUT_OF_RANGE[cited_range:0.5_to_500,got:4128.79]=1; P2_VALUE_OUT_OF_RANGE[cited_range:0.5_to_500,got:4150.45]=1; P2_VALUE_OUT_OF_RANGE[cited_range:0.5_to_500,got:41523.1]=1; P2_VALUE_OUT_OF_RANGE[cited_range:0.5_to_500,got:4157.17]=1; P2_VALUE_OUT_OF_RANGE[cited_range:0.5_to_500,got:41609.9]=1; P2_VALUE_OUT_OF_RANGE[cited_range:0.5_to_500,got:4163.33]=1; P2_VALUE_OUT_OF_RANGE[cited_range:0.5_to_500,got:4168.08]=1; P2_VALUE_OUT_OF_RANGE[cited_range:0.5_to_500,got:41786.3]=1; P2_VALUE_OUT_OF_RANGE[cited_range:0.5_to_500,got:41817.3]=1; P2_VALUE_OUT_OF_RANGE[cited_range:0.5_to_500,got:41914.6]=1; P2_VALUE_OUT_OF_RANGE[cited_range:0.5_to_500,got:41945.2]=1; P2_VALUE_OUT_OF_RANGE[cited_range:0.5_to_500,got:4195.83]=1; P2_VALUE_OUT_OF_RANGE[cited_range:0.5_to_500,got:4213.49]=1; P2_VALUE_OUT_OF_RANGE[cited_range:0.5_to_500,got:4224.37]=1; P2_VALUE_OUT_OF_RANGE[cited_range:0.5_to_500,got:4235.08]=1; P2_VALUE_OUT_OF_RANGE[cited_range:0.5_to_500,got:42420.4]=1; P2_VALUE_OUT_OF_RANGE[cited_range:0.5_to_500,got:42446.6]=1; P2_VALUE_OUT_OF_RANGE[cited_range:0.5_to_500,got:4246.9]=1; P2_VALUE_OUT_OF_RANGE[cited_range:0.5_to_500,got:42543.4]=1; P2_VALUE_OUT_OF_RANGE[cited_range:0.5_to_500,got:42608.1]=1; P2_VALUE_OUT_OF_RANGE[cited_range:0.5_to_500,got:42854.3]=1; P2_VALUE_OUT_OF_RANGE[cited_range:0.5_to_500,got:42889]=1; P2_VALUE_OUT_OF_RANGE[cited_range:0.5_to_500,got:42893.1]=1; P2_VALUE_OUT_OF_RANGE[cited_range:0.5_to_500,got:42911.3]=1; P2_VALUE_OUT_OF_RANGE[cited_range:0.5_to_500,got:42943.1]=1; P2_VALUE_OUT_OF_RANGE[cited_range:0.5_to_500,got:42975.8]=1; P2_VALUE_OUT_OF_RANGE[cited_range:0.5_to_500,got:42986.6]=1; P2_VALUE_OUT_OF_RANGE[cited_range:0.5_to_500,got:43022.1]=1; P2_VALUE_OUT_OF_RANGE[cited_range:0.5_to_500,got:43069.5]=1; P2_VALUE_OUT_OF_RANGE[cited_range:0.5_to_500,got:4310.12]=1; P2_VALUE_OUT_OF_RANGE[cited_range:0.5_to_500,got:43124.5]=1; P2_VALUE_OUT_OF_RANGE[cited_range:0.5_to_500,got:4315.1]=1; P2_VALUE_OUT_OF_RANGE[cited_range:0.5_to_500,got:43245.1]=1; P2_VALUE_OUT_OF_RANGE[cited_range:0.5_to_500,got:43282]=1; P2_VALUE_OUT_OF_RANGE[cited_range:0.5_to_500,got:43365.8]=1; P2_VALUE_OUT_OF_RANGE[cited_range:0.5_to_500,got:43421.5]=1; P2_VALUE_OUT_OF_RANGE[cited_range:0.5_to_500,got:4354.27]=1; P2_VALUE_OUT_OF_RANGE[cited_range:0.5_to_500,got:43557.7]=1; P2_VALUE_OUT_OF_RANGE[cited_range:0.5_to_500,got:43762]=1; P2_VALUE_OUT_OF_RANGE[cited_range:0.5_to_500,got:43828.8]=1; P2_VALUE_OUT_OF_RANGE[cited_range:0.5_to_500,got:4391.19]=1; P2_VALUE_OUT_OF_RANGE[cited_range:0.5_to_500,got:4396.32]=1; P2_VALUE_OUT_OF_RANGE[cited_range:0.5_to_500,got:4426.23]=1; P2_VALUE_OUT_OF_RANGE[cited_range:0.5_to_500,got:44345.9]=1; P2_VALUE_OUT_OF_RANGE[cited_range:0.5_to_500,got:4451.3]=1; P2_VALUE_OUT_OF_RANGE[cited_range:0.5_to_500,got:4452.1]=1; P2_VALUE_OUT_OF_RANGE[cited_range:0.5_to_500,got:44567.7]=1; P2_VALUE_OUT_OF_RANGE[cited_range:0.5_to_500,got:44730.8]=1; P2_VALUE_OUT_OF_RANGE[cited_range:0.5_to_500,got:4475.9]=1; P2_VALUE_OUT_OF_RANGE[cited_range:0.5_to_500,got:44758.6]=1; P2_VALUE_OUT_OF_RANGE[cited_range:0.5_to_500,got:44786.5]=1; P2_VALUE_OUT_OF_RANGE[cited_range:0.5_to_500,got:44830.2]=1; P2_VALUE_OUT_OF_RANGE[cited_range:0.5_to_500,got:44871.1]=1; P2_VALUE_OUT_OF_RANGE[cited_range:0.5_to_500,got:4494.41]=1; P2_VALUE_OUT_OF_RANGE[cited_range:0.5_to_500,got:44980.4]=1; P2_VALUE_OUT_OF_RANGE[cited_range:0.5_to_500,got:4500.23]=1; P2_VALUE_OUT_OF_RANGE[cited_range:0.5_to_500,got:45157.3]=1; P2_VALUE_OUT_OF_RANGE[cited_range:0.5_to_500,got:45326]=1; P2_VALUE_OUT_OF_RANGE[cited_range:0.5_to_500,got:45358.7]=1; P2_VALUE_OUT_OF_RANGE[cited_range:0.5_to_500,got:45415.9]=1; P2_VALUE_OUT_OF_RANGE[cited_range:0.5_to_500,got:4545.58]=1; P2_VALUE_OUT_OF_RANGE[cited_range:0.5_to_500,got:4563.05]=1; P2_VALUE_OUT_OF_RANGE[cited_range:0.5_to_500,got:4577.89]=1; P2_VALUE_OUT_OF_RANGE[cited_range:0.5_to_500,got:4604.23]=1; P2_VALUE_OUT_OF_RANGE[cited_range:0.5_to_500,got:4607.37]=1; P2_VALUE_OUT_OF_RANGE[cited_range:0.5_to_500,got:46430.2]=1; P2_VALUE_OUT_OF_RANGE[cited_range:0.5_to_500,got:46501.8]=1; P2_VALUE_OUT_OF_RANGE[cited_range:0.5_to_500,got:46520.4]=1; P2_VALUE_OUT_OF_RANGE[cited_range:0.5_to_500,got:46797]=1; P2_VALUE_OUT_OF_RANGE[cited_range:0.5_to_500,got:46929.2]=1; P2_VALUE_OUT_OF_RANGE[cited_range:0.5_to_500,got:47180.2]=1; P2_VALUE_OUT_OF_RANGE[cited_range:0.5_to_500,got:4730]=1; P2_VALUE_OUT_OF_RANGE[cited_range:0.5_to_500,got:47475.9]=1; P2_VALUE_OUT_OF_RANGE[cited_range:0.5_to_500,got:4749.48]=1; P2_VALUE_OUT_OF_RANGE[cited_range:0.5_to_500,got:47702]=1; P2_VALUE_OUT_OF_RANGE[cited_range:0.5_to_500,got:4789.24]=1; P2_VALUE_OUT_OF_RANGE[cited_range:0.5_to_500,got:48063.8]=1; P2_VALUE_OUT_OF_RANGE[cited_range:0.5_to_500,got:4811.48]=1; P2_VALUE_OUT_OF_RANGE[cited_range:0.5_to_500,got:48154.4]=1; P2_VALUE_OUT_OF_RANGE[cited_range:0.5_to_500,got:48552.3]=1; P2_VALUE_OUT_OF_RANGE[cited_range:0.5_to_500,got:4874.28]=1; P2_VALUE_OUT_OF_RANGE[cited_range:0.5_to_500,got:48912.3]=1; P2_VALUE_OUT_OF_RANGE[cited_range:0.5_to_500,got:4900.27]=1; P2_VALUE_OUT_OF_RANGE[cited_range:0.5_to_500,got:49041.5]=1; P2_VALUE_OUT_OF_RANGE[cited_range:0.5_to_500,got:4908.67]=1; P2_VALUE_OUT_OF_RANGE[cited_range:0.5_to_500,got:49209.1]=1; P2_VALUE_OUT_OF_RANGE[cited_range:0.5_to_500,got:4993.91]=1; P2_VALUE_OUT_OF_RANGE[cited_range:0.5_to_500,got:4998.65]=1; P2_VALUE_OUT_OF_RANGE[cited_range:0.5_to_500,got:5000]=1; P2_VALUE_OUT_OF_RANGE[cited_range:0.5_to_500,got:5002.85]=1; P2_VALUE_OUT_OF_RANGE[cited_range:0.5_to_500,got:50059.8]=1; P2_VALUE_OUT_OF_RANGE[cited_range:0.5_to_500,got:5008.56]=1; P2_VALUE_OUT_OF_RANGE[cited_range:0.5_to_500,got:5011.76]=1; P2_VALUE_OUT_OF_RANGE[cited_range:0.5_to_500,got:50275.4]=1; P2_VALUE_OUT_OF_RANGE[cited_range:0.5_to_500,got:5048.83]=1; P2_VALUE_OUT_OF_RANGE[cited_range:0.5_to_500,got:50536.2]=1; P2_VALUE_OUT_OF_RANGE[cited_range:0.5_to_500,got:5078.8]=1; P2_VALUE_OUT_OF_RANGE[cited_range:0.5_to_500,got:5080.4]=1; P2_VALUE_OUT_OF_RANGE[cited_range:0.5_to_500,got:5106.38]=1; P2_VALUE_OUT_OF_RANGE[cited_range:0.5_to_500,got:5111.07]=1; P2_VALUE_OUT_OF_RANGE[cited_range:0.5_to_500,got:5118.12]=1; P2_VALUE_OUT_OF_RANGE[cited_range:0.5_to_500,got:5128.55]=1; P2_VALUE_OUT_OF_RANGE[cited_range:0.5_to_500,got:51301.2]=1; P2_VALUE_OUT_OF_RANGE[cited_range:0.5_to_500,got:51354.1]=1; P2_VALUE_OUT_OF_RANGE[cited_range:0.5_to_500,got:51545.7]=1; P2_VALUE_OUT_OF_RANGE[cited_range:0.5_to_500,got:51692.5]=1; P2_VALUE_OUT_OF_RANGE[cited_range:0.5_to_500,got:5174.49]=1; P2_VALUE_OUT_OF_RANGE[cited_range:0.5_to_500,got:51774.7]=1; P2_VALUE_OUT_OF_RANGE[cited_range:0.5_to_500,got:51776.7]=1; P2_VALUE_OUT_OF_RANGE[cited_range:0.5_to_500,got:518.911]=1; P2_VALUE_OUT_OF_RANGE[cited_range:0.5_to_500,got:51831.5]=1; P2_VALUE_OUT_OF_RANGE[cited_range:0.5_to_500,got:5188.88]=1; P2_VALUE_OUT_OF_RANGE[cited_range:0.5_to_500,got:51933.8]=1; P2_VALUE_OUT_OF_RANGE[cited_range:0.5_to_500,got:5202.39]=1; P2_VALUE_OUT_OF_RANGE[cited_range:0.5_to_500,got:52046.5]=1; P2_VALUE_OUT_OF_RANGE[cited_range:0.5_to_500,got:5205.32]=1; P2_VALUE_OUT_OF_RANGE[cited_range:0.5_to_500,got:52112.1]=1; P2_VALUE_OUT_OF_RANGE[cited_range:0.5_to_500,got:52136]=1; P2_VALUE_OUT_OF_RANGE[cited_range:0.5_to_500,got:523.41]=1; P2_VALUE_OUT_OF_RANGE[cited_range:0.5_to_500,got:5235.1]=1; P2_VALUE_OUT_OF_RANGE[cited_range:0.5_to_500,got:5242.96]=1; P2_VALUE_OUT_OF_RANGE[cited_range:0.5_to_500,got:5245.44]=1; P2_VALUE_OUT_OF_RANGE[cited_range:0.5_to_500,got:52453.5]=1; P2_VALUE_OUT_OF_RANGE[cited_range:0.5_to_500,got:52608.8]=1; P2_VALUE_OUT_OF_RANGE[cited_range:0.5_to_500,got:5275.2]=1; P2_VALUE_OUT_OF_RANGE[cited_range:0.5_to_500,got:52764.6]=1; P2_VALUE_OUT_OF_RANGE[cited_range:0.5_to_500,got:5290.89]=1; P2_VALUE_OUT_OF_RANGE[cited_range:0.5_to_500,got:52948.8]=1; P2_VALUE_OUT_OF_RANGE[cited_range:0.5_to_500,got:53064.7]=1; P2_VALUE_OUT_OF_RANGE[cited_range:0.5_to_500,got:531.158]=1; P2_VALUE_OUT_OF_RANGE[cited_range:0.5_to_500,got:534.868]=1; P2_VALUE_OUT_OF_RANGE[cited_range:0.5_to_500,got:53405.7]=1; P2_VALUE_OUT_OF_RANGE[cited_range:0.5_to_500,got:5353.66]=1; P2_VALUE_OUT_OF_RANGE[cited_range:0.5_to_500,got:53541.7]=1; P2_VALUE_OUT_OF_RANGE[cited_range:0.5_to_500,got:53759.9]=1; P2_VALUE_OUT_OF_RANGE[cited_range:0.5_to_500,got:53905.1]=1; P2_VALUE_OUT_OF_RANGE[cited_range:0.5_to_500,got:5402.85]=1; P2_VALUE_OUT_OF_RANGE[cited_range:0.5_to_500,got:54196.8]=1; P2_VALUE_OUT_OF_RANGE[cited_range:0.5_to_500,got:54198.7]=1; P2_VALUE_OUT_OF_RANGE[cited_range:0.5_to_500,got:54251.1]=1; P2_VALUE_OUT_OF_RANGE[cited_range:0.5_to_500,got:5485.56]=1; P2_VALUE_OUT_OF_RANGE[cited_range:0.5_to_500,got:55318.3]=1; P2_VALUE_OUT_OF_RANGE[cited_range:0.5_to_500,got:5533.15]=1; P2_VALUE_OUT_OF_RANGE[cited_range:0.5_to_500,got:55360.2]=1; P2_VALUE_OUT_OF_RANGE[cited_range:0.5_to_500,got:5541.62]=1; P2_VALUE_OUT_OF_RANGE[cited_range:0.5_to_500,got:5543.65]=1; P2_VALUE_OUT_OF_RANGE[cited_range:0.5_to_500,got:55469.9]=1; P2_VALUE_OUT_OF_RANGE[cited_range:0.5_to_500,got:5550.72]=1; P2_VALUE_OUT_OF_RANGE[cited_range:0.5_to_500,got:5571.07]=1; P2_VALUE_OUT_OF_RANGE[cited_range:0.5_to_500,got:5592.27]=1; P2_VALUE_OUT_OF_RANGE[cited_range:0.5_to_500,got:56026]=1; P2_VALUE_OUT_OF_RANGE[cited_range:0.5_to_500,got:56138.5]=1; P2_VALUE_OUT_OF_RANGE[cited_range:0.5_to_500,got:56155.7]=1; P2_VALUE_OUT_OF_RANGE[cited_range:0.5_to_500,got:56290.6]=1; P2_VALUE_OUT_OF_RANGE[cited_range:0.5_to_500,got:56297.6]=1; P2_VALUE_OUT_OF_RANGE[cited_range:0.5_to_500,got:563.698]=1; P2_VALUE_OUT_OF_RANGE[cited_range:0.5_to_500,got:56584.2]=1; P2_VALUE_OUT_OF_RANGE[cited_range:0.5_to_500,got:5662.17]=1; P2_VALUE_OUT_OF_RANGE[cited_range:0.5_to_500,got:56663]=1; P2_VALUE_OUT_OF_RANGE[cited_range:0.5_to_500,got:56806.2]=1; P2_VALUE_OUT_OF_RANGE[cited_range:0.5_to_500,got:5681.97]=1; P2_VALUE_OUT_OF_RANGE[cited_range:0.5_to_500,got:56839.1]=1; P2_VALUE_OUT_OF_RANGE[cited_range:0.5_to_500,got:5684.31]=1; P2_VALUE_OUT_OF_RANGE[cited_range:0.5_to_500,got:571.024]=1; P2_VALUE_OUT_OF_RANGE[cited_range:0.5_to_500,got:57182.9]=1; P2_VALUE_OUT_OF_RANGE[cited_range:0.5_to_500,got:5722.12]=1; P2_VALUE_OUT_OF_RANGE[cited_range:0.5_to_500,got:5723.49]=1; P2_VALUE_OUT_OF_RANGE[cited_range:0.5_to_500,got:57248.5]=1; P2_VALUE_OUT_OF_RANGE[cited_range:0.5_to_500,got:5727.96]=1; P2_VALUE_OUT_OF_RANGE[cited_range:0.5_to_500,got:5735]=1; P2_VALUE_OUT_OF_RANGE[cited_range:0.5_to_500,got:57354.5]=1; P2_VALUE_OUT_OF_RANGE[cited_range:0.5_to_500,got:57540.1]=1; P2_VALUE_OUT_OF_RANGE[cited_range:0.5_to_500,got:5765.25]=1; P2_VALUE_OUT_OF_RANGE[cited_range:0.5_to_500,got:57797.3]=1; P2_VALUE_OUT_OF_RANGE[cited_range:0.5_to_500,got:57837.8]=1; P2_VALUE_OUT_OF_RANGE[cited_range:0.5_to_500,got:58025.3]=1; P2_VALUE_OUT_OF_RANGE[cited_range:0.5_to_500,got:58324]=1; P2_VALUE_OUT_OF_RANGE[cited_range:0.5_to_500,got:585.77]=1; P2_VALUE_OUT_OF_RANGE[cited_range:0.5_to_500,got:586.792]=1; P2_VALUE_OUT_OF_RANGE[cited_range:0.5_to_500,got:58626.3]=1; P2_VALUE_OUT_OF_RANGE[cited_range:0.5_to_500,got:58658.6]=1; P2_VALUE_OUT_OF_RANGE[cited_range:0.5_to_500,got:588.486]=1; P2_VALUE_OUT_OF_RANGE[cited_range:0.5_to_500,got:588.58]=1; P2_VALUE_OUT_OF_RANGE[cited_range:0.5_to_500,got:59033.7]=1; P2_VALUE_OUT_OF_RANGE[cited_range:0.5_to_500,got:591.726]=1; P2_VALUE_OUT_OF_RANGE[cited_range:0.5_to_500,got:59142.4]=1; P2_VALUE_OUT_OF_RANGE[cited_range:0.5_to_500,got:59182.2]=1; P2_VALUE_OUT_OF_RANGE[cited_range:0.5_to_500,got:593.807]=1; P2_VALUE_OUT_OF_RANGE[cited_range:0.5_to_500,got:5953.97]=1; P2_VALUE_OUT_OF_RANGE[cited_range:0.5_to_500,got:598.359]=1; P2_VALUE_OUT_OF_RANGE[cited_range:0.5_to_500,got:59878.7]=1; P2_VALUE_OUT_OF_RANGE[cited_range:0.5_to_500,got:5991.89]=1; P2_VALUE_OUT_OF_RANGE[cited_range:0.5_to_500,got:6001.75]=1; P2_VALUE_OUT_OF_RANGE[cited_range:0.5_to_500,got:6006.4]=1; P2_VALUE_OUT_OF_RANGE[cited_range:0.5_to_500,got:602.976]=1; P2_VALUE_OUT_OF_RANGE[cited_range:0.5_to_500,got:6034.07]=1; P2_VALUE_OUT_OF_RANGE[cited_range:0.5_to_500,got:6045.94]=1; P2_VALUE_OUT_OF_RANGE[cited_range:0.5_to_500,got:605.117]=1; P2_VALUE_OUT_OF_RANGE[cited_range:0.5_to_500,got:60880.4]=1; P2_VALUE_OUT_OF_RANGE[cited_range:0.5_to_500,got:60973.9]=1; P2_VALUE_OUT_OF_RANGE[cited_range:0.5_to_500,got:61104.9]=1; P2_VALUE_OUT_OF_RANGE[cited_range:0.5_to_500,got:612.726]=1; P2_VALUE_OUT_OF_RANGE[cited_range:0.5_to_500,got:6129.11]=1; P2_VALUE_OUT_OF_RANGE[cited_range:0.5_to_500,got:61456.2]=1; P2_VALUE_OUT_OF_RANGE[cited_range:0.5_to_500,got:6147.55]=1; P2_VALUE_OUT_OF_RANGE[cited_range:0.5_to_500,got:61542.8]=1; P2_VALUE_OUT_OF_RANGE[cited_range:0.5_to_500,got:6161.41]=1; P2_VALUE_OUT_OF_RANGE[cited_range:0.5_to_500,got:6178.29]=1; P2_VALUE_OUT_OF_RANGE[cited_range:0.5_to_500,got:61887.7]=1; P2_VALUE_OUT_OF_RANGE[cited_range:0.5_to_500,got:619.291]=1; P2_VALUE_OUT_OF_RANGE[cited_range:0.5_to_500,got:6196.81]=1; P2_VALUE_OUT_OF_RANGE[cited_range:0.5_to_500,got:6198.48]=1; P2_VALUE_OUT_OF_RANGE[cited_range:0.5_to_500,got:6227]=1; P2_VALUE_OUT_OF_RANGE[cited_range:0.5_to_500,got:6251.04]=1; P2_VALUE_OUT_OF_RANGE[cited_range:0.5_to_500,got:62549.5]=1; P2_VALUE_OUT_OF_RANGE[cited_range:0.5_to_500,got:627.811]=1; P2_VALUE_OUT_OF_RANGE[cited_range:0.5_to_500,got:628.722]=1; P2_VALUE_OUT_OF_RANGE[cited_range:0.5_to_500,got:629.642]=1; P2_VALUE_OUT_OF_RANGE[cited_range:0.5_to_500,got:6303.24]=1; P2_VALUE_OUT_OF_RANGE[cited_range:0.5_to_500,got:63347.6]=1; P2_VALUE_OUT_OF_RANGE[cited_range:0.5_to_500,got:63375.8]=1; P2_VALUE_OUT_OF_RANGE[cited_range:0.5_to_500,got:63472.8]=1; P2_VALUE_OUT_OF_RANGE[cited_range:0.5_to_500,got:6353.85]=1; P2_VALUE_OUT_OF_RANGE[cited_range:0.5_to_500,got:63768.6]=1; P2_VALUE_OUT_OF_RANGE[cited_range:0.5_to_500,got:6394.54]=1; P2_VALUE_OUT_OF_RANGE[cited_range:0.5_to_500,got:640.083]=1; P2_VALUE_OUT_OF_RANGE[cited_range:0.5_to_500,got:641.686]=1; P2_VALUE_OUT_OF_RANGE[cited_range:0.5_to_500,got:6438.07]=1; P2_VALUE_OUT_OF_RANGE[cited_range:0.5_to_500,got:645.287]=1; P2_VALUE_OUT_OF_RANGE[cited_range:0.5_to_500,got:6461.97]=1; P2_VALUE_OUT_OF_RANGE[cited_range:0.5_to_500,got:648.438]=1; P2_VALUE_OUT_OF_RANGE[cited_range:0.5_to_500,got:6484.75]=1; P2_VALUE_OUT_OF_RANGE[cited_range:0.5_to_500,got:64861.9]=1; P2_VALUE_OUT_OF_RANGE[cited_range:0.5_to_500,got:64863.9]=1; P2_VALUE_OUT_OF_RANGE[cited_range:0.5_to_500,got:6506.18]=1; P2_VALUE_OUT_OF_RANGE[cited_range:0.5_to_500,got:6510.05]=1; P2_VALUE_OUT_OF_RANGE[cited_range:0.5_to_500,got:65159.4]=1; P2_VALUE_OUT_OF_RANGE[cited_range:0.5_to_500,got:6550.9]=1; P2_VALUE_OUT_OF_RANGE[cited_range:0.5_to_500,got:6559.62]=1; P2_VALUE_OUT_OF_RANGE[cited_range:0.5_to_500,got:656.294]=1; P2_VALUE_OUT_OF_RANGE[cited_range:0.5_to_500,got:658.087]=1; P2_VALUE_OUT_OF_RANGE[cited_range:0.5_to_500,got:6584.13]=1; P2_VALUE_OUT_OF_RANGE[cited_range:0.5_to_500,got:65941.4]=1; P2_VALUE_OUT_OF_RANGE[cited_range:0.5_to_500,got:66002.5]=1; P2_VALUE_OUT_OF_RANGE[cited_range:0.5_to_500,got:6603.87]=1; P2_VALUE_OUT_OF_RANGE[cited_range:0.5_to_500,got:6612.02]=1; P2_VALUE_OUT_OF_RANGE[cited_range:0.5_to_500,got:6635.12]=1; P2_VALUE_OUT_OF_RANGE[cited_range:0.5_to_500,got:664.94]=1; P2_VALUE_OUT_OF_RANGE[cited_range:0.5_to_500,got:66532.8]=1; P2_VALUE_OUT_OF_RANGE[cited_range:0.5_to_500,got:666.908]=1; P2_VALUE_OUT_OF_RANGE[cited_range:0.5_to_500,got:6694.96]=1; P2_VALUE_OUT_OF_RANGE[cited_range:0.5_to_500,got:6713.27]=1; P2_VALUE_OUT_OF_RANGE[cited_range:0.5_to_500,got:6715.83]=1; P2_VALUE_OUT_OF_RANGE[cited_range:0.5_to_500,got:6715.84]=1; P2_VALUE_OUT_OF_RANGE[cited_range:0.5_to_500,got:6723]=1; P2_VALUE_OUT_OF_RANGE[cited_range:0.5_to_500,got:6725.04]=1; P2_VALUE_OUT_OF_RANGE[cited_range:0.5_to_500,got:6726.58]=1; P2_VALUE_OUT_OF_RANGE[cited_range:0.5_to_500,got:6740.28]=1; P2_VALUE_OUT_OF_RANGE[cited_range:0.5_to_500,got:67512]=1; P2_VALUE_OUT_OF_RANGE[cited_range:0.5_to_500,got:67580.8]=1; P2_VALUE_OUT_OF_RANGE[cited_range:0.5_to_500,got:6767.4]=1; P2_VALUE_OUT_OF_RANGE[cited_range:0.5_to_500,got:677.328]=1; P2_VALUE_OUT_OF_RANGE[cited_range:0.5_to_500,got:6773.2]=1; P2_VALUE_OUT_OF_RANGE[cited_range:0.5_to_500,got:680.53]=1; P2_VALUE_OUT_OF_RANGE[cited_range:0.5_to_500,got:6805.07]=1; P2_VALUE_OUT_OF_RANGE[cited_range:0.5_to_500,got:683.515]=1; P2_VALUE_OUT_OF_RANGE[cited_range:0.5_to_500,got:6838.37]=1; P2_VALUE_OUT_OF_RANGE[cited_range:0.5_to_500,got:6863.62]=1; P2_VALUE_OUT_OF_RANGE[cited_range:0.5_to_500,got:6865.15]=1; P2_VALUE_OUT_OF_RANGE[cited_range:0.5_to_500,got:68798.6]=1; P2_VALUE_OUT_OF_RANGE[cited_range:0.5_to_500,got:688.149]=1; P2_VALUE_OUT_OF_RANGE[cited_range:0.5_to_500,got:6887.57]=1; P2_VALUE_OUT_OF_RANGE[cited_range:0.5_to_500,got:689.094]=1; P2_VALUE_OUT_OF_RANGE[cited_range:0.5_to_500,got:6898.35]=1; P2_VALUE_OUT_OF_RANGE[cited_range:0.5_to_500,got:6925.26]=1; P2_VALUE_OUT_OF_RANGE[cited_range:0.5_to_500,got:69302.6]=1; P2_VALUE_OUT_OF_RANGE[cited_range:0.5_to_500,got:69397.9]=1; P2_VALUE_OUT_OF_RANGE[cited_range:0.5_to_500,got:695.198]=1; P2_VALUE_OUT_OF_RANGE[cited_range:0.5_to_500,got:6954.23]=1; P2_VALUE_OUT_OF_RANGE[cited_range:0.5_to_500,got:6960.92]=1; P2_VALUE_OUT_OF_RANGE[cited_range:0.5_to_500,got:6969.44]=1; P2_VALUE_OUT_OF_RANGE[cited_range:0.5_to_500,got:697.082]=1; P2_VALUE_OUT_OF_RANGE[cited_range:0.5_to_500,got:697.28]=1; P2_VALUE_OUT_OF_RANGE[cited_range:0.5_to_500,got:698.723]=1; P2_VALUE_OUT_OF_RANGE[cited_range:0.5_to_500,got:699.477]=1; P2_VALUE_OUT_OF_RANGE[cited_range:0.5_to_500,got:702.985]=1; P2_VALUE_OUT_OF_RANGE[cited_range:0.5_to_500,got:70205.3]=1; P2_VALUE_OUT_OF_RANGE[cited_range:0.5_to_500,got:7038.85]=1; P2_VALUE_OUT_OF_RANGE[cited_range:0.5_to_500,got:7058.28]=1; P2_VALUE_OUT_OF_RANGE[cited_range:0.5_to_500,got:706.061]=1; P2_VALUE_OUT_OF_RANGE[cited_range:0.5_to_500,got:706.398]=1; P2_VALUE_OUT_OF_RANGE[cited_range:0.5_to_500,got:70645.9]=1; P2_VALUE_OUT_OF_RANGE[cited_range:0.5_to_500,got:7068.71]=1; P2_VALUE_OUT_OF_RANGE[cited_range:0.5_to_500,got:7080.62]=1; P2_VALUE_OUT_OF_RANGE[cited_range:0.5_to_500,got:710.111]=1; P2_VALUE_OUT_OF_RANGE[cited_range:0.5_to_500,got:711.972]=1; P2_VALUE_OUT_OF_RANGE[cited_range:0.5_to_500,got:7117.57]=1; P2_VALUE_OUT_OF_RANGE[cited_range:0.5_to_500,got:71190]=1; P2_VALUE_OUT_OF_RANGE[cited_range:0.5_to_500,got:7140.55]=1; P2_VALUE_OUT_OF_RANGE[cited_range:0.5_to_500,got:7140.66]=1; P2_VALUE_OUT_OF_RANGE[cited_range:0.5_to_500,got:7155.54]=1; P2_VALUE_OUT_OF_RANGE[cited_range:0.5_to_500,got:71837.6]=1; P2_VALUE_OUT_OF_RANGE[cited_range:0.5_to_500,got:7216.4]=1; P2_VALUE_OUT_OF_RANGE[cited_range:0.5_to_500,got:7231.46]=1; P2_VALUE_OUT_OF_RANGE[cited_range:0.5_to_500,got:725.538]=1; P2_VALUE_OUT_OF_RANGE[cited_range:0.5_to_500,got:72532.2]=1; P2_VALUE_OUT_OF_RANGE[cited_range:0.5_to_500,got:7305.02]=1; P2_VALUE_OUT_OF_RANGE[cited_range:0.5_to_500,got:7307.4]=1; P2_VALUE_OUT_OF_RANGE[cited_range:0.5_to_500,got:73330.6]=1; P2_VALUE_OUT_OF_RANGE[cited_range:0.5_to_500,got:7337.08]=1; P2_VALUE_OUT_OF_RANGE[cited_range:0.5_to_500,got:7342.33]=1; P2_VALUE_OUT_OF_RANGE[cited_range:0.5_to_500,got:73559.3]=1; P2_VALUE_OUT_OF_RANGE[cited_range:0.5_to_500,got:7360.57]=1; P2_VALUE_OUT_OF_RANGE[cited_range:0.5_to_500,got:737.188]=1; P2_VALUE_OUT_OF_RANGE[cited_range:0.5_to_500,got:740.488]=1; P2_VALUE_OUT_OF_RANGE[cited_range:0.5_to_500,got:7414.81]=1; P2_VALUE_OUT_OF_RANGE[cited_range:0.5_to_500,got:74334.1]=1; P2_VALUE_OUT_OF_RANGE[cited_range:0.5_to_500,got:74626.4]=1; P2_VALUE_OUT_OF_RANGE[cited_range:0.5_to_500,got:7466.44]=1; P2_VALUE_OUT_OF_RANGE[cited_range:0.5_to_500,got:74762.8]=1; P2_VALUE_OUT_OF_RANGE[cited_range:0.5_to_500,got:74863.5]=1; P2_VALUE_OUT_OF_RANGE[cited_range:0.5_to_500,got:7493.23]=1; P2_VALUE_OUT_OF_RANGE[cited_range:0.5_to_500,got:750.769]=1; P2_VALUE_OUT_OF_RANGE[cited_range:0.5_to_500,got:75054.7]=1; P2_VALUE_OUT_OF_RANGE[cited_range:0.5_to_500,got:751.735]=1; P2_VALUE_OUT_OF_RANGE[cited_range:0.5_to_500,got:7526.31]=1; P2_VALUE_OUT_OF_RANGE[cited_range:0.5_to_500,got:75303.9]=1; P2_VALUE_OUT_OF_RANGE[cited_range:0.5_to_500,got:754.134]=1; P2_VALUE_OUT_OF_RANGE[cited_range:0.5_to_500,got:754.597]=1; P2_VALUE_OUT_OF_RANGE[cited_range:0.5_to_500,got:7543.47]=1; P2_VALUE_OUT_OF_RANGE[cited_range:0.5_to_500,got:7547.21]=1; P2_VALUE_OUT_OF_RANGE[cited_range:0.5_to_500,got:75470.3]=1; P2_VALUE_OUT_OF_RANGE[cited_range:0.5_to_500,got:75561.8]=1; P2_VALUE_OUT_OF_RANGE[cited_range:0.5_to_500,got:7558.77]=1; P2_VALUE_OUT_OF_RANGE[cited_range:0.5_to_500,got:7578.91]=1; P2_VALUE_OUT_OF_RANGE[cited_range:0.5_to_500,got:7590.18]=1; P2_VALUE_OUT_OF_RANGE[cited_range:0.5_to_500,got:761.609]=1; P2_VALUE_OUT_OF_RANGE[cited_range:0.5_to_500,got:7619.15]=1; P2_VALUE_OUT_OF_RANGE[cited_range:0.5_to_500,got:76400]=1; P2_VALUE_OUT_OF_RANGE[cited_range:0.5_to_500,got:77107.6]=1; P2_VALUE_OUT_OF_RANGE[cited_range:0.5_to_500,got:7712.12]=1; P2_VALUE_OUT_OF_RANGE[cited_range:0.5_to_500,got:7716.72]=1; P2_VALUE_OUT_OF_RANGE[cited_range:0.5_to_500,got:7726.14]=1; P2_VALUE_OUT_OF_RANGE[cited_range:0.5_to_500,got:775.387]=1; P2_VALUE_OUT_OF_RANGE[cited_range:0.5_to_500,got:775.739]=1; P2_VALUE_OUT_OF_RANGE[cited_range:0.5_to_500,got:7762.26]=1; P2_VALUE_OUT_OF_RANGE[cited_range:0.5_to_500,got:7765.42]=1; P2_VALUE_OUT_OF_RANGE[cited_range:0.5_to_500,got:7769.53]=1; P2_VALUE_OUT_OF_RANGE[cited_range:0.5_to_500,got:7775.64]=1; P2_VALUE_OUT_OF_RANGE[cited_range:0.5_to_500,got:77751.8]=1; P2_VALUE_OUT_OF_RANGE[cited_range:0.5_to_500,got:779.324]=1; P2_VALUE_OUT_OF_RANGE[cited_range:0.5_to_500,got:7795.67]=1; P2_VALUE_OUT_OF_RANGE[cited_range:0.5_to_500,got:7808.55]=1; P2_VALUE_OUT_OF_RANGE[cited_range:0.5_to_500,got:7815.65]=1; P2_VALUE_OUT_OF_RANGE[cited_range:0.5_to_500,got:78253.5]=1; P2_VALUE_OUT_OF_RANGE[cited_range:0.5_to_500,got:78327.2]=1; P2_VALUE_OUT_OF_RANGE[cited_range:0.5_to_500,got:784.509]=1; P2_VALUE_OUT_OF_RANGE[cited_range:0.5_to_500,got:7847.45]=1; P2_VALUE_OUT_OF_RANGE[cited_range:0.5_to_500,got:7879.03]=1; P2_VALUE_OUT_OF_RANGE[cited_range:0.5_to_500,got:788.591]=1; P2_VALUE_OUT_OF_RANGE[cited_range:0.5_to_500,got:7883.26]=1; P2_VALUE_OUT_OF_RANGE[cited_range:0.5_to_500,got:7887.01]=1; P2_VALUE_OUT_OF_RANGE[cited_range:0.5_to_500,got:78883.6]=1; P2_VALUE_OUT_OF_RANGE[cited_range:0.5_to_500,got:789.835]=1; P2_VALUE_OUT_OF_RANGE[cited_range:0.5_to_500,got:790.534]=1; P2_VALUE_OUT_OF_RANGE[cited_range:0.5_to_500,got:7907.4]=1; P2_VALUE_OUT_OF_RANGE[cited_range:0.5_to_500,got:791.542]=1; P2_VALUE_OUT_OF_RANGE[cited_range:0.5_to_500,got:792.073]=1; P2_VALUE_OUT_OF_RANGE[cited_range:0.5_to_500,got:792.45]=1; P2_VALUE_OUT_OF_RANGE[cited_range:0.5_to_500,got:7931.68]=1; P2_VALUE_OUT_OF_RANGE[cited_range:0.5_to_500,got:7935.71]=1; P2_VALUE_OUT_OF_RANGE[cited_range:0.5_to_500,got:7937.64]=1; P2_VALUE_OUT_OF_RANGE[cited_range:0.5_to_500,got:79654.8]=1; P2_VALUE_OUT_OF_RANGE[cited_range:0.5_to_500,got:797.503]=1; P2_VALUE_OUT_OF_RANGE[cited_range:0.5_to_500,got:797.577]=1; P2_VALUE_OUT_OF_RANGE[cited_range:0.5_to_500,got:7971.35]=1; P2_VALUE_OUT_OF_RANGE[cited_range:0.5_to_500,got:79860.7]=1; P2_VALUE_OUT_OF_RANGE[cited_range:0.5_to_500,got:8003.75]=1; P2_VALUE_OUT_OF_RANGE[cited_range:0.5_to_500,got:8008.09]=1; P2_VALUE_OUT_OF_RANGE[cited_range:0.5_to_500,got:80161.7]=1; P2_VALUE_OUT_OF_RANGE[cited_range:0.5_to_500,got:80187.5]=1; P2_VALUE_OUT_OF_RANGE[cited_range:0.5_to_500,got:802.33]=1; P2_VALUE_OUT_OF_RANGE[cited_range:0.5_to_500,got:8022.09]=1; P2_VALUE_OUT_OF_RANGE[cited_range:0.5_to_500,got:8024.07]=1; P2_VALUE_OUT_OF_RANGE[cited_range:0.5_to_500,got:80384.1]=1; P2_VALUE_OUT_OF_RANGE[cited_range:0.5_to_500,got:80491.9]=1; P2_VALUE_OUT_OF_RANGE[cited_range:0.5_to_500,got:8059.81]=1; P2_VALUE_OUT_OF_RANGE[cited_range:0.5_to_500,got:807.048]=1; P2_VALUE_OUT_OF_RANGE[cited_range:0.5_to_500,got:807.129]=1; P2_VALUE_OUT_OF_RANGE[cited_range:0.5_to_500,got:807.852]=1; P2_VALUE_OUT_OF_RANGE[cited_range:0.5_to_500,got:8089.86]=1; P2_VALUE_OUT_OF_RANGE[cited_range:0.5_to_500,got:8097.25]=1; P2_VALUE_OUT_OF_RANGE[cited_range:0.5_to_500,got:81026.8]=1; P2_VALUE_OUT_OF_RANGE[cited_range:0.5_to_500,got:8106.82]=1; P2_VALUE_OUT_OF_RANGE[cited_range:0.5_to_500,got:81064.3]=1; P2_VALUE_OUT_OF_RANGE[cited_range:0.5_to_500,got:8110.94]=1; P2_VALUE_OUT_OF_RANGE[cited_range:0.5_to_500,got:8118.17]=1; P2_VALUE_OUT_OF_RANGE[cited_range:0.5_to_500,got:8128.37]=1; P2_VALUE_OUT_OF_RANGE[cited_range:0.5_to_500,got:8138.21]=1; P2_VALUE_OUT_OF_RANGE[cited_range:0.5_to_500,got:81464]=1; P2_VALUE_OUT_OF_RANGE[cited_range:0.5_to_500,got:8153.48]=1; P2_VALUE_OUT_OF_RANGE[cited_range:0.5_to_500,got:8154.38]=1; P2_VALUE_OUT_OF_RANGE[cited_range:0.5_to_500,got:81673.5]=1; P2_VALUE_OUT_OF_RANGE[cited_range:0.5_to_500,got:817.561]=1; P2_VALUE_OUT_OF_RANGE[cited_range:0.5_to_500,got:8172.8]=1; P2_VALUE_OUT_OF_RANGE[cited_range:0.5_to_500,got:8173.12]=1; P2_VALUE_OUT_OF_RANGE[cited_range:0.5_to_500,got:8177.63]=1; P2_VALUE_OUT_OF_RANGE[cited_range:0.5_to_500,got:819.426]=1; P2_VALUE_OUT_OF_RANGE[cited_range:0.5_to_500,got:8203.48]=1; P2_VALUE_OUT_OF_RANGE[cited_range:0.5_to_500,got:8205.56]=1; P2_VALUE_OUT_OF_RANGE[cited_range:0.5_to_500,got:8206.08]=1; P2_VALUE_OUT_OF_RANGE[cited_range:0.5_to_500,got:8207.19]=1; P2_VALUE_OUT_OF_RANGE[cited_range:0.5_to_500,got:8209.8]=1; P2_VALUE_OUT_OF_RANGE[cited_range:0.5_to_500,got:821.918]=1; P2_VALUE_OUT_OF_RANGE[cited_range:0.5_to_500,got:82133]=1; P2_VALUE_OUT_OF_RANGE[cited_range:0.5_to_500,got:8227.81]=1; P2_VALUE_OUT_OF_RANGE[cited_range:0.5_to_500,got:82318.5]=1; P2_VALUE_OUT_OF_RANGE[cited_range:0.5_to_500,got:8236.1]=1; P2_VALUE_OUT_OF_RANGE[cited_range:0.5_to_500,got:8240.9]=1; P2_VALUE_OUT_OF_RANGE[cited_range:0.5_to_500,got:82431]=1; P2_VALUE_OUT_OF_RANGE[cited_range:0.5_to_500,got:8247.78]=1; P2_VALUE_OUT_OF_RANGE[cited_range:0.5_to_500,got:8311.27]=1; P2_VALUE_OUT_OF_RANGE[cited_range:0.5_to_500,got:83256]=1; P2_VALUE_OUT_OF_RANGE[cited_range:0.5_to_500,got:8329.25]=1; P2_VALUE_OUT_OF_RANGE[cited_range:0.5_to_500,got:8330.95]=1; P2_VALUE_OUT_OF_RANGE[cited_range:0.5_to_500,got:8333.36]=1; P2_VALUE_OUT_OF_RANGE[cited_range:0.5_to_500,got:8337.86]=1; P2_VALUE_OUT_OF_RANGE[cited_range:0.5_to_500,got:8339.8]=1; P2_VALUE_OUT_OF_RANGE[cited_range:0.5_to_500,got:836.207]=1; P2_VALUE_OUT_OF_RANGE[cited_range:0.5_to_500,got:8365.67]=1; P2_VALUE_OUT_OF_RANGE[cited_range:0.5_to_500,got:8365.76]=1; P2_VALUE_OUT_OF_RANGE[cited_range:0.5_to_500,got:8371.37]=1; P2_VALUE_OUT_OF_RANGE[cited_range:0.5_to_500,got:8379.07]=1; P2_VALUE_OUT_OF_RANGE[cited_range:0.5_to_500,got:8412.92]=1; P2_VALUE_OUT_OF_RANGE[cited_range:0.5_to_500,got:8415.32]=1; P2_VALUE_OUT_OF_RANGE[cited_range:0.5_to_500,got:8427.26]=1; P2_VALUE_OUT_OF_RANGE[cited_range:0.5_to_500,got:8430.43]=1; P2_VALUE_OUT_OF_RANGE[cited_range:0.5_to_500,got:8442.71]=1; P2_VALUE_OUT_OF_RANGE[cited_range:0.5_to_500,got:8447.9]=1; P2_VALUE_OUT_OF_RANGE[cited_range:0.5_to_500,got:846.551]=1; P2_VALUE_OUT_OF_RANGE[cited_range:0.5_to_500,got:847.838]=1; P2_VALUE_OUT_OF_RANGE[cited_range:0.5_to_500,got:84848.9]=1; P2_VALUE_OUT_OF_RANGE[cited_range:0.5_to_500,got:8486.34]=1; P2_VALUE_OUT_OF_RANGE[cited_range:0.5_to_500,got:8489.32]=1; P2_VALUE_OUT_OF_RANGE[cited_range:0.5_to_500,got:84949.7]=1; P2_VALUE_OUT_OF_RANGE[cited_range:0.5_to_500,got:84971.3]=1; P2_VALUE_OUT_OF_RANGE[cited_range:0.5_to_500,got:8498.75]=1; P2_VALUE_OUT_OF_RANGE[cited_range:0.5_to_500,got:852.551]=1; P2_VALUE_OUT_OF_RANGE[cited_range:0.5_to_500,got:852.792]=1; P2_VALUE_OUT_OF_RANGE[cited_range:0.5_to_500,got:8568.71]=1; P2_VALUE_OUT_OF_RANGE[cited_range:0.5_to_500,got:85683.5]=1; P2_VALUE_OUT_OF_RANGE[cited_range:0.5_to_500,got:857.076]=1; P2_VALUE_OUT_OF_RANGE[cited_range:0.5_to_500,got:8570.08]=1; P2_VALUE_OUT_OF_RANGE[cited_range:0.5_to_500,got:8578]=1; P2_VALUE_OUT_OF_RANGE[cited_range:0.5_to_500,got:8579.16]=1; P2_VALUE_OUT_OF_RANGE[cited_range:0.5_to_500,got:86025.7]=1; P2_VALUE_OUT_OF_RANGE[cited_range:0.5_to_500,got:8609.56]=1; P2_VALUE_OUT_OF_RANGE[cited_range:0.5_to_500,got:8611.42]=1; P2_VALUE_OUT_OF_RANGE[cited_range:0.5_to_500,got:862.652]=1; P2_VALUE_OUT_OF_RANGE[cited_range:0.5_to_500,got:8620.62]=1; P2_VALUE_OUT_OF_RANGE[cited_range:0.5_to_500,got:86204.2]=1; P2_VALUE_OUT_OF_RANGE[cited_range:0.5_to_500,got:8622.72]=1; P2_VALUE_OUT_OF_RANGE[cited_range:0.5_to_500,got:8625.72]=1; P2_VALUE_OUT_OF_RANGE[cited_range:0.5_to_500,got:8648.38]=1; P2_VALUE_OUT_OF_RANGE[cited_range:0.5_to_500,got:866.536]=1; P2_VALUE_OUT_OF_RANGE[cited_range:0.5_to_500,got:8664.18]=1; P2_VALUE_OUT_OF_RANGE[cited_range:0.5_to_500,got:8665.77]=1; P2_VALUE_OUT_OF_RANGE[cited_range:0.5_to_500,got:8683.4]=1; P2_VALUE_OUT_OF_RANGE[cited_range:0.5_to_500,got:8686.39]=1; P2_VALUE_OUT_OF_RANGE[cited_range:0.5_to_500,got:869.197]=1; P2_VALUE_OUT_OF_RANGE[cited_range:0.5_to_500,got:869.565]=1; P2_VALUE_OUT_OF_RANGE[cited_range:0.5_to_500,got:87073]=1; P2_VALUE_OUT_OF_RANGE[cited_range:0.5_to_500,got:872.871]=1; P2_VALUE_OUT_OF_RANGE[cited_range:0.5_to_500,got:8725.33]=1; P2_VALUE_OUT_OF_RANGE[cited_range:0.5_to_500,got:87257.1]=1; P2_VALUE_OUT_OF_RANGE[cited_range:0.5_to_500,got:8735.2]=1; P2_VALUE_OUT_OF_RANGE[cited_range:0.5_to_500,got:874.725]=1; P2_VALUE_OUT_OF_RANGE[cited_range:0.5_to_500,got:8740.53]=1; P2_VALUE_OUT_OF_RANGE[cited_range:0.5_to_500,got:876.615]=1; P2_VALUE_OUT_OF_RANGE[cited_range:0.5_to_500,got:8762.84]=1; P2_VALUE_OUT_OF_RANGE[cited_range:0.5_to_500,got:8766.74]=1; P2_VALUE_OUT_OF_RANGE[cited_range:0.5_to_500,got:8774.67]=1; P2_VALUE_OUT_OF_RANGE[cited_range:0.5_to_500,got:8795.42]=1; P2_VALUE_OUT_OF_RANGE[cited_range:0.5_to_500,got:8805.58]=1; P2_VALUE_OUT_OF_RANGE[cited_range:0.5_to_500,got:88103.6]=1; P2_VALUE_OUT_OF_RANGE[cited_range:0.5_to_500,got:8821.32]=1; P2_VALUE_OUT_OF_RANGE[cited_range:0.5_to_500,got:8821.47]=1; P2_VALUE_OUT_OF_RANGE[cited_range:0.5_to_500,got:8824.32]=1; P2_VALUE_OUT_OF_RANGE[cited_range:0.5_to_500,got:88285.8]=1; P2_VALUE_OUT_OF_RANGE[cited_range:0.5_to_500,got:88300.7]=1; P2_VALUE_OUT_OF_RANGE[cited_range:0.5_to_500,got:8831.27]=1; P2_VALUE_OUT_OF_RANGE[cited_range:0.5_to_500,got:8840.77]=1; P2_VALUE_OUT_OF_RANGE[cited_range:0.5_to_500,got:8847.99]=1; P2_VALUE_OUT_OF_RANGE[cited_range:0.5_to_500,got:8860.07]=1; P2_VALUE_OUT_OF_RANGE[cited_range:0.5_to_500,got:8860.68]=1; P2_VALUE_OUT_OF_RANGE[cited_range:0.5_to_500,got:8875.6]=1; P2_VALUE_OUT_OF_RANGE[cited_range:0.5_to_500,got:8892.77]=1; P2_VALUE_OUT_OF_RANGE[cited_range:0.5_to_500,got:8898.87]=1; P2_VALUE_OUT_OF_RANGE[cited_range:0.5_to_500,got:8909.32]=1; P2_VALUE_OUT_OF_RANGE[cited_range:0.5_to_500,got:891.365]=1; P2_VALUE_OUT_OF_RANGE[cited_range:0.5_to_500,got:891.726]=1; P2_VALUE_OUT_OF_RANGE[cited_range:0.5_to_500,got:8914.08]=1; P2_VALUE_OUT_OF_RANGE[cited_range:0.5_to_500,got:8915.45]=1; P2_VALUE_OUT_OF_RANGE[cited_range:0.5_to_500,got:89190]=1; P2_VALUE_OUT_OF_RANGE[cited_range:0.5_to_500,got:892.647]=1; P2_VALUE_OUT_OF_RANGE[cited_range:0.5_to_500,got:8924.25]=1; P2_VALUE_OUT_OF_RANGE[cited_range:0.5_to_500,got:893.423]=1; P2_VALUE_OUT_OF_RANGE[cited_range:0.5_to_500,got:8934.49]=1; P2_VALUE_OUT_OF_RANGE[cited_range:0.5_to_500,got:89359.4]=1; P2_VALUE_OUT_OF_RANGE[cited_range:0.5_to_500,got:894.097]=1; P2_VALUE_OUT_OF_RANGE[cited_range:0.5_to_500,got:8942.54]=1; P2_VALUE_OUT_OF_RANGE[cited_range:0.5_to_500,got:8942.86]=1; P2_VALUE_OUT_OF_RANGE[cited_range:0.5_to_500,got:897.693]=1; P2_VALUE_OUT_OF_RANGE[cited_range:0.5_to_500,got:8972.15]=1; P2_VALUE_OUT_OF_RANGE[cited_range:0.5_to_500,got:8974.14]=1; P2_VALUE_OUT_OF_RANGE[cited_range:0.5_to_500,got:898.385]=1; P2_VALUE_OUT_OF_RANGE[cited_range:0.5_to_500,got:8983.79]=1; P2_VALUE_OUT_OF_RANGE[cited_range:0.5_to_500,got:8987.81]=1; P2_VALUE_OUT_OF_RANGE[cited_range:0.5_to_500,got:8993.59]=1; P2_VALUE_OUT_OF_RANGE[cited_range:0.5_to_500,got:8994.39]=1; P2_VALUE_OUT_OF_RANGE[cited_range:0.5_to_500,got:9004.91]=1; P2_VALUE_OUT_OF_RANGE[cited_range:0.5_to_500,got:9007.93]=1; P2_VALUE_OUT_OF_RANGE[cited_range:0.5_to_500,got:9012.88]=1; P2_VALUE_OUT_OF_RANGE[cited_range:0.5_to_500,got:9019.04]=1; P2_VALUE_OUT_OF_RANGE[cited_range:0.5_to_500,got:9033.09]=1; P2_VALUE_OUT_OF_RANGE[cited_range:0.5_to_500,got:904.09]=1; P2_VALUE_OUT_OF_RANGE[cited_range:0.5_to_500,got:9043.51]=1; P2_VALUE_OUT_OF_RANGE[cited_range:0.5_to_500,got:9043.81]=1; P2_VALUE_OUT_OF_RANGE[cited_range:0.5_to_500,got:9046.94]=1; P2_VALUE_OUT_OF_RANGE[cited_range:0.5_to_500,got:905.971]=1; P2_VALUE_OUT_OF_RANGE[cited_range:0.5_to_500,got:9056.67]=1; P2_VALUE_OUT_OF_RANGE[cited_range:0.5_to_500,got:906.745]=1; P2_VALUE_OUT_OF_RANGE[cited_range:0.5_to_500,got:9062.71]=1; P2_VALUE_OUT_OF_RANGE[cited_range:0.5_to_500,got:9069.79]=1; P2_VALUE_OUT_OF_RANGE[cited_range:0.5_to_500,got:9082.16]=1; P2_VALUE_OUT_OF_RANGE[cited_range:0.5_to_500,got:91073.1]=1; P2_VALUE_OUT_OF_RANGE[cited_range:0.5_to_500,got:9111.96]=1; P2_VALUE_OUT_OF_RANGE[cited_range:0.5_to_500,got:9131.48]=1; P2_VALUE_OUT_OF_RANGE[cited_range:0.5_to_500,got:9136.43]=1; P2_VALUE_OUT_OF_RANGE[cited_range:0.5_to_500,got:9137.22]=1; P2_VALUE_OUT_OF_RANGE[cited_range:0.5_to_500,got:9165.43]=1; P2_VALUE_OUT_OF_RANGE[cited_range:0.5_to_500,got:91771.2]=1; P2_VALUE_OUT_OF_RANGE[cited_range:0.5_to_500,got:918.724]=1; P2_VALUE_OUT_OF_RANGE[cited_range:0.5_to_500,got:9180.2]=1; P2_VALUE_OUT_OF_RANGE[cited_range:0.5_to_500,got:9187.01]=1; P2_VALUE_OUT_OF_RANGE[cited_range:0.5_to_500,got:9188.05]=1; P2_VALUE_OUT_OF_RANGE[cited_range:0.5_to_500,got:9189.21]=1; P2_VALUE_OUT_OF_RANGE[cited_range:0.5_to_500,got:919.026]=1; P2_VALUE_OUT_OF_RANGE[cited_range:0.5_to_500,got:92063.5]=1; P2_VALUE_OUT_OF_RANGE[cited_range:0.5_to_500,got:922.721]=1; P2_VALUE_OUT_OF_RANGE[cited_range:0.5_to_500,got:92225.8]=1; P2_VALUE_OUT_OF_RANGE[cited_range:0.5_to_500,got:9235.67]=1; P2_VALUE_OUT_OF_RANGE[cited_range:0.5_to_500,got:9240.77]=1; P2_VALUE_OUT_OF_RANGE[cited_range:0.5_to_500,got:9249.5]=1; P2_VALUE_OUT_OF_RANGE[cited_range:0.5_to_500,got:926.607]=1; P2_VALUE_OUT_OF_RANGE[cited_range:0.5_to_500,got:9263.44]=1; P2_VALUE_OUT_OF_RANGE[cited_range:0.5_to_500,got:9270.96]=1; P2_VALUE_OUT_OF_RANGE[cited_range:0.5_to_500,got:9273.07]=1; P2_VALUE_OUT_OF_RANGE[cited_range:0.5_to_500,got:9288.04]=1; P2_VALUE_OUT_OF_RANGE[cited_range:0.5_to_500,got:9304.02]=1; P2_VALUE_OUT_OF_RANGE[cited_range:0.5_to_500,got:932.039]=1; P2_VALUE_OUT_OF_RANGE[cited_range:0.5_to_500,got:9320.39]=1; P2_VALUE_OUT_OF_RANGE[cited_range:0.5_to_500,got:9323.11]=1; P2_VALUE_OUT_OF_RANGE[cited_range:0.5_to_500,got:9324.05]=1; P2_VALUE_OUT_OF_RANGE[cited_range:0.5_to_500,got:933.333]=1; P2_VALUE_OUT_OF_RANGE[cited_range:0.5_to_500,got:9333.04]=1; P2_VALUE_OUT_OF_RANGE[cited_range:0.5_to_500,got:9346.84]=1; P2_VALUE_OUT_OF_RANGE[cited_range:0.5_to_500,got:9351.7]=1; P2_VALUE_OUT_OF_RANGE[cited_range:0.5_to_500,got:9354.25]=1; P2_VALUE_OUT_OF_RANGE[cited_range:0.5_to_500,got:938.545]=1; P2_VALUE_OUT_OF_RANGE[cited_range:0.5_to_500,got:9389.42]=1; P2_VALUE_OUT_OF_RANGE[cited_range:0.5_to_500,got:939.579]=1; P2_VALUE_OUT_OF_RANGE[cited_range:0.5_to_500,got:940.36]=1; P2_VALUE_OUT_OF_RANGE[cited_range:0.5_to_500,got:9401.56]=1; P2_VALUE_OUT_OF_RANGE[cited_range:0.5_to_500,got:9407.39]=1; P2_VALUE_OUT_OF_RANGE[cited_range:0.5_to_500,got:943.443]=1; P2_VALUE_OUT_OF_RANGE[cited_range:0.5_to_500,got:94364.7]=1; P2_VALUE_OUT_OF_RANGE[cited_range:0.5_to_500,got:944.124]=1; P2_VALUE_OUT_OF_RANGE[cited_range:0.5_to_500,got:9463.12]=1; P2_VALUE_OUT_OF_RANGE[cited_range:0.5_to_500,got:9474.86]=1; P2_VALUE_OUT_OF_RANGE[cited_range:0.5_to_500,got:9475.25]=1; P2_VALUE_OUT_OF_RANGE[cited_range:0.5_to_500,got:9476.71]=1; P2_VALUE_OUT_OF_RANGE[cited_range:0.5_to_500,got:94782]=1; P2_VALUE_OUT_OF_RANGE[cited_range:0.5_to_500,got:94951.7]=1; P2_VALUE_OUT_OF_RANGE[cited_range:0.5_to_500,got:9501.89]=1; P2_VALUE_OUT_OF_RANGE[cited_range:0.5_to_500,got:9507.65]=1; P2_VALUE_OUT_OF_RANGE[cited_range:0.5_to_500,got:9529.34]=1; P2_VALUE_OUT_OF_RANGE[cited_range:0.5_to_500,got:953.009]=1; P2_VALUE_OUT_OF_RANGE[cited_range:0.5_to_500,got:95312.8]=1; P2_VALUE_OUT_OF_RANGE[cited_range:0.5_to_500,got:954.007]=1; P2_VALUE_OUT_OF_RANGE[cited_range:0.5_to_500,got:9550.01]=1; P2_VALUE_OUT_OF_RANGE[cited_range:0.5_to_500,got:9553.43]=1; P2_VALUE_OUT_OF_RANGE[cited_range:0.5_to_500,got:95549.7]=1; P2_VALUE_OUT_OF_RANGE[cited_range:0.5_to_500,got:9555.37]=1; P2_VALUE_OUT_OF_RANGE[cited_range:0.5_to_500,got:9555.98]=1; P2_VALUE_OUT_OF_RANGE[cited_range:0.5_to_500,got:9558.75]=1; P2_VALUE_OUT_OF_RANGE[cited_range:0.5_to_500,got:9561.81]=1; P2_VALUE_OUT_OF_RANGE[cited_range:0.5_to_500,got:9571.78]=1; P2_VALUE_OUT_OF_RANGE[cited_range:0.5_to_500,got:95804.1]=1; P2_VALUE_OUT_OF_RANGE[cited_range:0.5_to_500,got:9581.97]=1; P2_VALUE_OUT_OF_RANGE[cited_range:0.5_to_500,got:9589.2]=1; P2_VALUE_OUT_OF_RANGE[cited_range:0.5_to_500,got:95965.3]=1; P2_VALUE_OUT_OF_RANGE[cited_range:0.5_to_500,got:9597.68]=1; P2_VALUE_OUT_OF_RANGE[cited_range:0.5_to_500,got:9607.7]=1; P2_VALUE_OUT_OF_RANGE[cited_range:0.5_to_500,got:96070.9]=1; P2_VALUE_OUT_OF_RANGE[cited_range:0.5_to_500,got:9612.04]=1; P2_VALUE_OUT_OF_RANGE[cited_range:0.5_to_500,got:963.954]=1; P2_VALUE_OUT_OF_RANGE[cited_range:0.5_to_500,got:9633.54]=1; P2_VALUE_OUT_OF_RANGE[cited_range:0.5_to_500,got:964.814]=1; P2_VALUE_OUT_OF_RANGE[cited_range:0.5_to_500,got:9650.83]=1; P2_VALUE_OUT_OF_RANGE[cited_range:0.5_to_500,got:968.973]=1; P2_VALUE_OUT_OF_RANGE[cited_range:0.5_to_500,got:969.953]=1; P2_VALUE_OUT_OF_RANGE[cited_range:0.5_to_500,got:9690.19]=1; P2_VALUE_OUT_OF_RANGE[cited_range:0.5_to_500,got:9690.33]=1; P2_VALUE_OUT_OF_RANGE[cited_range:0.5_to_500,got:9698.35]=1; P2_VALUE_OUT_OF_RANGE[cited_range:0.5_to_500,got:971.021]=1; P2_VALUE_OUT_OF_RANGE[cited_range:0.5_to_500,got:97136.1]=1; P2_VALUE_OUT_OF_RANGE[cited_range:0.5_to_500,got:97283.2]=1; P2_VALUE_OUT_OF_RANGE[cited_range:0.5_to_500,got:973.208]=1; P2_VALUE_OUT_OF_RANGE[cited_range:0.5_to_500,got:973.335]=1; P2_VALUE_OUT_OF_RANGE[cited_range:0.5_to_500,got:9731.89]=1; P2_VALUE_OUT_OF_RANGE[cited_range:0.5_to_500,got:97312.1]=1; P2_VALUE_OUT_OF_RANGE[cited_range:0.5_to_500,got:9736.13]=1; P2_VALUE_OUT_OF_RANGE[cited_range:0.5_to_500,got:974.641]=1; P2_VALUE_OUT_OF_RANGE[cited_range:0.5_to_500,got:9740.04]=1; P2_VALUE_OUT_OF_RANGE[cited_range:0.5_to_500,got:9740.37]=1; P2_VALUE_OUT_OF_RANGE[cited_range:0.5_to_500,got:97409.6]=1; P2_VALUE_OUT_OF_RANGE[cited_range:0.5_to_500,got:9742.35]=1; P2_VALUE_OUT_OF_RANGE[cited_range:0.5_to_500,got:9742.63]=1; P2_VALUE_OUT_OF_RANGE[cited_range:0.5_to_500,got:9743.7]=1; P2_VALUE_OUT_OF_RANGE[cited_range:0.5_to_500,got:9754.59]=1; P2_VALUE_OUT_OF_RANGE[cited_range:0.5_to_500,got:976.345]=1; P2_VALUE_OUT_OF_RANGE[cited_range:0.5_to_500,got:976]=1; P2_VALUE_OUT_OF_RANGE[cited_range:0.5_to_500,got:9760.28]=1; P2_VALUE_OUT_OF_RANGE[cited_range:0.5_to_500,got:97601.4]=1; P2_VALUE_OUT_OF_RANGE[cited_range:0.5_to_500,got:9762.13]=1; P2_VALUE_OUT_OF_RANGE[cited_range:0.5_to_500,got:977.23]=1; P2_VALUE_OUT_OF_RANGE[cited_range:0.5_to_500,got:9788.47]=1; P2_VALUE_OUT_OF_RANGE[cited_range:0.5_to_500,got:980.335]=1; P2_VALUE_OUT_OF_RANGE[cited_range:0.5_to_500,got:981.235]=1; P2_VALUE_OUT_OF_RANGE[cited_range:0.5_to_500,got:9825.11]=1; P2_VALUE_OUT_OF_RANGE[cited_range:0.5_to_500,got:9830.05]=1; P2_VALUE_OUT_OF_RANGE[cited_range:0.5_to_500,got:984.879]=1; P2_VALUE_OUT_OF_RANGE[cited_range:0.5_to_500,got:9847.04]=1; P2_VALUE_OUT_OF_RANGE[cited_range:0.5_to_500,got:98473.7]=1; P2_VALUE_OUT_OF_RANGE[cited_range:0.5_to_500,got:986.531]=1; P2_VALUE_OUT_OF_RANGE[cited_range:0.5_to_500,got:9862.26]=1; P2_VALUE_OUT_OF_RANGE[cited_range:0.5_to_500,got:9867.14]=1; P2_VALUE_OUT_OF_RANGE[cited_range:0.5_to_500,got:9871.45]=1; P2_VALUE_OUT_OF_RANGE[cited_range:0.5_to_500,got:9871.62]=1; P2_VALUE_OUT_OF_RANGE[cited_range:0.5_to_500,got:9877.89]=1; P2_VALUE_OUT_OF_RANGE[cited_range:0.5_to_500,got:989.356]=1; P2_VALUE_OUT_OF_RANGE[cited_range:0.5_to_500,got:991.408]=1; P2_VALUE_OUT_OF_RANGE[cited_range:0.5_to_500,got:9912.65]=1; P2_VALUE_OUT_OF_RANGE[cited_range:0.5_to_500,got:992.899]=1; P2_VALUE_OUT_OF_RANGE[cited_range:0.5_to_500,got:993.033]=1; P2_VALUE_OUT_OF_RANGE[cited_range:0.5_to_500,got:9936.46]=1; P2_VALUE_OUT_OF_RANGE[cited_range:0.5_to_500,got:996.524]=1; P2_VALUE_OUT_OF_RANGE[cited_range:0.5_to_500,got:9969]=1; P2_VALUE_OUT_OF_RANGE[cited_range:0.5_to_500,got:9991.48]=1; P2_VALUE_OUT_OF_RANGE[cited_range:0.5_to_500,got:9998.03]=1; P2_VALUE_OUT_OF_RANGE[cited_range:0.5_to_500,got:10074.2]=2; P2_VALUE_OUT_OF_RANGE[cited_range:0.5_to_500,got:10140.9]=2; P2_VALUE_OUT_OF_RANGE[cited_range:0.5_to_500,got:10343.6]=2; P2_VALUE_OUT_OF_RANGE[cited_range:0.5_to_500,got:10895]=2; P2_VALUE_OUT_OF_RANGE[cited_range:0.5_to_500,got:1250]=2; P2_VALUE_OUT_OF_RANGE[cited_range:0.5_to_500,got:12925.7]=2; P2_VALUE_OUT_OF_RANGE[cited_range:0.5_to_500,got:13865.7]=2; P2_VALUE_OUT_OF_RANGE[cited_range:0.5_to_500,got:1736.18]=2; P2_VALUE_OUT_OF_RANGE[cited_range:0.5_to_500,got:19000]=2; P2_VALUE_OUT_OF_RANGE[cited_range:0.5_to_500,got:20530.3]=2",2664,383,"2026-04-25T21:21:07Z"
"doi:10.5061/dryad.qp25093",65538,318505,"/var/folders/hh/hv60fv4x0nb1zhgd0y12pzq80000gn/T//Rtmp6hNHV3/dryad_extract_1117293b509a/NutNet1/data/foliar_cover_updated_2.csv","standardize","compiled","Compiled BIEN-style observation rows.",2664,2664,"2026-04-25T21:21:07Z"
"doi:10.5061/dryad.qp25093",65538,318505,"/var/folders/hh/hv60fv4x0nb1zhgd0y12pzq80000gn/T//Rtmp6hNHV3/dryad_extract_1117293b509a/NutNet1/data/time zero cover data for functional trait NutNet.csv","standardize","skipped","No likely trait observation fields detected.",12238,0,"2026-04-25T21:21:07Z"
"doi:10.5061/dryad.qp25093",65538,318505,"/var/folders/hh/hv60fv4x0nb1zhgd0y12pzq80000gn/T//Rtmp6hNHV3/dryad_extract_1117293b509a/NutNet1/data/turnover_data.csv","standardize","skipped","No likely trait observation fields detected.",2651,0,"2026-04-25T21:21:07Z"
"doi:10.5061/dryad.qp25093",65538,318505,"/var/folders/hh/hv60fv4x0nb1zhgd0y12pzq80000gn/T//Rtmp6hNHV3/dryad_extract_1117293b509a/NutNet1/data/Tx community level.csv","standardize","skipped","No likely trait observation fields detected.",11642,0,"2026-04-25T21:21:07Z"
"doi:10.5061/dryad.qp25093",65538,318505,"/var/folders/hh/hv60fv4x0nb1zhgd0y12pzq80000gn/T//Rtmp6hNHV3/dryad_extract_1117293b509a/NutNet1/scripts/README.txt","standardize","skipped","No likely trait observation fields detected.",11,0,"2026-04-25T21:21:07Z"
"doi:10.5061/dryad.z08kprr9b",65650,319080,"DryadPlantTraits/output/downloads/v65650/data-cappelli_et_al_2020-ecol_lett.txt","read","read","Loaded 307 rows x 13 columns",0,0,"2026-04-25T21:21:07Z"
"doi:10.5061/dryad.z08kprr9b",65650,319080,"DryadPlantTraits/output/downloads/v65650/data-cappelli_et_al_2020-ecol_lett.txt","standardize","skipped","No likely trait observation fields detected.",307,0,"2026-04-25T21:21:07Z"
"doi:10.5061/dryad.z08kprr9b",65650,319081,"DryadPlantTraits/output/downloads/v65650/metadata-cappelli_et_al_2020-ecol_lett.txt","read","read","Loaded 12 rows x 2 columns",0,0,"2026-04-25T21:21:07Z"
"doi:10.5061/dryad.z08kprr9b",65650,319081,"DryadPlantTraits/output/downloads/v65650/metadata-cappelli_et_al_2020-ecol_lett.txt","standardize","skipped","No likely trait observation fields detected.",12,0,"2026-04-25T21:21:07Z"
"doi:10.5061/dryad.zkh189376",66502,322509,"DryadPlantTraits/output/downloads/v66502/Zhang_etal_2020_Plants_data_foliar-biochemistry.txt","read","read","Loaded 192 rows x 14 columns",0,0,"2026-04-25T21:21:07Z"
"doi:10.5061/dryad.zkh189376",66502,322509,"DryadPlantTraits/output/downloads/v66502/Zhang_etal_2020_Plants_data_foliar-biochemistry.txt","qa","FLAGS","P1_SPECIES_UNRESOLVED=192",192,0,"2026-04-25T21:21:07Z"
"doi:10.5061/dryad.zkh189376",66502,322509,"DryadPlantTraits/output/downloads/v66502/Zhang_etal_2020_Plants_data_foliar-biochemistry.txt","standardize","compiled","Compiled BIEN-style observation rows.",192,192,"2026-04-25T21:21:07Z"
"doi:10.5061/dryad.zkh189376",66502,322508,"DryadPlantTraits/output/downloads/v66502/Zhang_etal_2020_Plants_data_foliar-morphology.txt","read","read","Loaded 381 rows x 13 columns",0,0,"2026-04-25T21:21:07Z"
"doi:10.5061/dryad.zkh189376",66502,322508,"DryadPlantTraits/output/downloads/v66502/Zhang_etal_2020_Plants_data_foliar-morphology.txt","standardize","skipped","No likely trait observation fields detected.",381,0,"2026-04-25T21:21:08Z"
"doi:10.5061/dryad.8sf7m0cjr",73984,363854,"DryadPlantTraits/output/downloads/v73984/Blumenthal_etal_2020_shortgrass_steppe_and_mixedgrass_prairie_plant_species_traits.csv","read","read","Loaded 9148 rows x 12 columns",0,0,"2026-04-25T21:21:08Z"
"doi:10.5061/dryad.8sf7m0cjr",73984,363854,"DryadPlantTraits/output/downloads/v73984/Blumenthal_etal_2020_shortgrass_steppe_and_mixedgrass_prairie_plant_species_traits.csv","qa","FLAGS","P2_VALUE_OUT_OF_RANGE[cited_range:0.05_to_10,got:0.02]=1",9148,9147,"2026-04-25T21:21:20Z"
"doi:10.5061/dryad.8sf7m0cjr",73984,363854,"DryadPlantTraits/output/downloads/v73984/Blumenthal_etal_2020_shortgrass_steppe_and_mixedgrass_prairie_plant_species_traits.csv","standardize","compiled","Compiled BIEN-style observation rows.",9148,9148,"2026-04-25T21:21:20Z"
"doi:10.5061/dryad.7h44j0zqx",75310,236729,,"read","skipped","archive_extracted",0,0,"2026-04-25T21:21:20Z"
"doi:10.5061/dryad.n02v6wwtd",75499,376910,"DryadPlantTraits/output/downloads/v75499/environmental_parameters_soil_depth_LAI.csv","read","read","Loaded 315 rows x 4 columns",0,0,"2026-04-25T21:21:20Z"
"doi:10.5061/dryad.n02v6wwtd",75499,376910,"DryadPlantTraits/output/downloads/v75499/environmental_parameters_soil_depth_LAI.csv","standardize","skipped","No likely trait observation fields detected.",315,0,"2026-04-25T21:21:20Z"
"doi:10.5061/dryad.n02v6wwtd",75499,376906,"DryadPlantTraits/output/downloads/v75499/environmental_parameters.csv","read","read","Loaded 64 rows x 21 columns",0,0,"2026-04-25T21:21:20Z"
"doi:10.5061/dryad.n02v6wwtd",75499,376906,"DryadPlantTraits/output/downloads/v75499/environmental_parameters.csv","standardize","skipped","No likely trait observation fields detected.",64,0,"2026-04-25T21:21:20Z"
"doi:10.5061/dryad.n02v6wwtd",75499,376911,"DryadPlantTraits/output/downloads/v75499/functional_traits.csv","read","read","Loaded 260 rows x 11 columns",0,0,"2026-04-25T21:21:20Z"
"doi:10.5061/dryad.n02v6wwtd",75499,376911,"DryadPlantTraits/output/downloads/v75499/functional_traits.csv","qa","FLAGS","P1_SPECIES_UNRESOLVED=520",520,0,"2026-04-25T21:21:20Z"
"doi:10.5061/dryad.n02v6wwtd",75499,376911,"DryadPlantTraits/output/downloads/v75499/functional_traits.csv","standardize","compiled","Compiled BIEN-style observation rows.",260,520,"2026-04-25T21:21:20Z"
"doi:10.5061/dryad.n02v6wwtd",75499,376909,"DryadPlantTraits/output/downloads/v75499/pop_means_CV_environmental_factors.csv","read","read","Loaded 13 rows x 11 columns",0,0,"2026-04-25T21:21:20Z"
"doi:10.5061/dryad.n02v6wwtd",75499,376909,"DryadPlantTraits/output/downloads/v75499/pop_means_CV_environmental_factors.csv","standardize","skipped","No likely trait observation fields detected.",13,0,"2026-04-25T21:21:20Z"
"doi:10.5061/dryad.n02v6wwtd",75499,376904,"DryadPlantTraits/output/downloads/v75499/pop_means_CV_functional_traits.csv","read","read","Loaded 13 rows x 10 columns",0,0,"2026-04-25T21:21:20Z"
"doi:10.5061/dryad.n02v6wwtd",75499,376904,"DryadPlantTraits/output/downloads/v75499/pop_means_CV_functional_traits.csv","qa","FLAGS","P2_VALUE_OUT_OF_RANGE[cited_range:0.5_to_500,got:0.087]=1; P2_VALUE_OUT_OF_RANGE[cited_range:0.5_to_500,got:0.088]=1; P2_VALUE_OUT_OF_RANGE[cited_range:0.5_to_500,got:0.091]=1; P2_VALUE_OUT_OF_RANGE[cited_range:0.5_to_500,got:0.094]=1; P2_VALUE_OUT_OF_RANGE[cited_range:0.5_to_500,got:0.096]=1; P2_VALUE_OUT_OF_RANGE[cited_range:0.5_to_500,got:0.097]=1; P2_VALUE_OUT_OF_RANGE[cited_range:0.5_to_500,got:0.098]=1; P2_VALUE_OUT_OF_RANGE[cited_range:0.5_to_500,got:0.101]=1; P2_VALUE_OUT_OF_RANGE[cited_range:0.5_to_500,got:0.108]=1; P2_VALUE_OUT_OF_RANGE[cited_range:0.5_to_500,got:0.121]=1; P2_VALUE_OUT_OF_RANGE[cited_range:0.5_to_500,got:0.128]=1; P2_VALUE_OUT_OF_RANGE[cited_range:0.5_to_500,got:0.132]=1; P2_VALUE_OUT_OF_RANGE[cited_range:0.5_to_500,got:0.174]=1; P2_VALUE_OUT_OF_RANGE[cited_range:10_to_990,got:0.049]=1; P2_VALUE_OUT_OF_RANGE[cited_range:10_to_990,got:0.056]=1; P2_VALUE_OUT_OF_RANGE[cited_range:10_to_990,got:0.06]=1; P2_VALUE_OUT_OF_RANGE[cited_range:10_to_990,got:0.062]=1; P2_VALUE_OUT_OF_RANGE[cited_range:10_to_990,got:0.064]=1; P2_VALUE_OUT_OF_RANGE[cited_range:10_to_990,got:0.067]=1; P2_VALUE_OUT_OF_RANGE[cited_range:10_to_990,got:0.068]=1; P2_VALUE_OUT_OF_RANGE[cited_range:10_to_990,got:0.07]=1; P2_VALUE_OUT_OF_RANGE[cited_range:10_to_990,got:0.074]=1; P2_VALUE_OUT_OF_RANGE[cited_range:10_to_990,got:0.102]=1; P2_VALUE_OUT_OF_RANGE[cited_range:10_to_990,got:0.104]=1; P2_VALUE_OUT_OF_RANGE[cited_range:10_to_990,got:0.05]=2; P1_SPECIES_UNRESOLVED=26",26,0,"2026-04-25T21:21:20Z"
"doi:10.5061/dryad.n02v6wwtd",75499,376904,"DryadPlantTraits/output/downloads/v75499/pop_means_CV_functional_traits.csv","standardize","compiled","Compiled BIEN-style observation rows.",13,26,"2026-04-25T21:21:20Z"
"doi:10.5061/dryad.n02v6wwtd",75499,376907,"DryadPlantTraits/output/downloads/v75499/pop_means_environmental_factors.csv","read","read","Loaded 13 rows x 20 columns",0,0,"2026-04-25T21:21:20Z"
"doi:10.5061/dryad.n02v6wwtd",75499,376907,"DryadPlantTraits/output/downloads/v75499/pop_means_environmental_factors.csv","standardize","skipped","No likely trait observation fields detected.",13,0,"2026-04-25T21:21:21Z"
"doi:10.5061/dryad.n02v6wwtd",75499,376905,"DryadPlantTraits/output/downloads/v75499/pop_means_FD_HD_GD.csv","read","read","Loaded 13 rows x 6 columns",0,0,"2026-04-25T21:21:20Z"
"doi:10.5061/dryad.n02v6wwtd",75499,376905,"DryadPlantTraits/output/downloads/v75499/pop_means_FD_HD_GD.csv","standardize","skipped","No likely trait observation fields detected.",13,0,"2026-04-25T21:21:21Z"
"doi:10.5061/dryad.n02v6wwtd",75499,376908,"DryadPlantTraits/output/downloads/v75499/pop_means_genetic_diversity_indices.csv","read","read","Loaded 13 rows x 6 columns",0,0,"2026-04-25T21:21:20Z"
"doi:10.5061/dryad.n02v6wwtd",75499,376908,"DryadPlantTraits/output/downloads/v75499/pop_means_genetic_diversity_indices.csv","standardize","skipped","No likely trait observation fields detected.",13,0,"2026-04-25T21:21:21Z"
"doi:10.5061/dryad.n02v6wwtd",75499,376912,"DryadPlantTraits/output/downloads/v75499/population_genetics.csv","read","read","Loaded 255 rows x 20 columns",0,0,"2026-04-25T21:21:20Z"
"doi:10.5061/dryad.n02v6wwtd",75499,376912,"population_genetics.csv","process","error","attempt to select less than one element in get1index",0,0,"2026-04-25T21:21:21Z"
"doi:10.5061/dryad.n02v6wwtd",75499,376913,"DryadPlantTraits/output/downloads/v75499/README.txt","read","read","Loaded 2 rows x 1 columns",0,0,"2026-04-25T21:21:20Z"
"doi:10.5061/dryad.n02v6wwtd",75499,376913,"DryadPlantTraits/output/downloads/v75499/README.txt","standardize","skipped","No likely trait observation fields detected.",2,0,"2026-04-25T21:21:21Z"
"doi:10.5061/dryad.jh9w0vt8v",80619,412211,"DryadPlantTraits/output/downloads/v80619/tundra_shrub_traits_README.txt","read","skipped","duplicate 'row.names' are not allowed",0,0,"2026-04-25T21:21:21Z"
"doi:10.5061/dryad.jh9w0vt8v",80619,412212,"DryadPlantTraits/output/downloads/v80619/tundra_shrub_traits.csv","read","read","Loaded 720 rows x 36 columns",0,0,"2026-04-25T21:21:21Z"
"doi:10.5061/dryad.jh9w0vt8v",80619,412212,"DryadPlantTraits/output/downloads/v80619/tundra_shrub_traits.csv","qa","FLAGS","P2_VALUE_OUT_OF_RANGE[cited_range:0.05_to_1.4,got:1.429]=1; P2_VALUE_OUT_OF_RANGE[cited_range:0.05_to_1.4,got:1.433]=1; P2_VALUE_OUT_OF_RANGE[cited_range:0.05_to_1.4,got:1.452]=1; P2_VALUE_OUT_OF_RANGE[cited_range:0.05_to_1.4,got:1.465]=1; P2_VALUE_OUT_OF_RANGE[cited_range:0.05_to_1.4,got:1.496]=1; P2_VALUE_OUT_OF_RANGE[cited_range:0.05_to_1.4,got:1.5]=1; P2_VALUE_OUT_OF_RANGE[cited_range:0.05_to_1.4,got:1.587]=1; P2_VALUE_OUT_OF_RANGE[cited_range:0.05_to_1.4,got:1.603]=1; P2_VALUE_OUT_OF_RANGE[cited_range:0.05_to_1.4,got:1.632]=1; P2_VALUE_OUT_OF_RANGE[cited_range:0.05_to_1.4,got:1.648]=1; P2_VALUE_OUT_OF_RANGE[cited_range:10_to_990,got:0.314]=1; P2_VALUE_OUT_OF_RANGE[cited_range:10_to_990,got:0.326]=1; P2_VALUE_OUT_OF_RANGE[cited_range:10_to_990,got:0.329]=1; P2_VALUE_OUT_OF_RANGE[cited_range:10_to_990,got:0.335]=1; P2_VALUE_OUT_OF_RANGE[cited_range:10_to_990,got:0.336]=1; P2_VALUE_OUT_OF_RANGE[cited_range:10_to_990,got:0.337]=1; P2_VALUE_OUT_OF_RANGE[cited_range:10_to_990,got:0.339]=1; P2_VALUE_OUT_OF_RANGE[cited_range:10_to_990,got:0.344]=1; P2_VALUE_OUT_OF_RANGE[cited_range:10_to_990,got:0.346]=1; P2_VALUE_OUT_OF_RANGE[cited_range:10_to_990,got:0.358]=1; P2_VALUE_OUT_OF_RANGE[cited_range:10_to_990,got:0.359]=1; P2_VALUE_OUT_OF_RANGE[cited_range:10_to_990,got:0.362]=1; P2_VALUE_OUT_OF_RANGE[cited_range:10_to_990,got:0.367]=1; P2_VALUE_OUT_OF_RANGE[cited_range:10_to_990,got:0.369]=1; P2_VALUE_OUT_OF_RANGE[cited_range:10_to_990,got:0.373]=1; P2_VALUE_OUT_OF_RANGE[cited_range:10_to_990,got:0.381]=1; P2_VALUE_OUT_OF_RANGE[cited_range:10_to_990,got:0.383]=1; P2_VALUE_OUT_OF_RANGE[cited_range:10_to_990,got:0.384]=1; P2_VALUE_OUT_OF_RANGE[cited_range:10_to_990,got:0.386]=1; P2_VALUE_OUT_OF_RANGE[cited_range:10_to_990,got:0.389]=1; P2_VALUE_OUT_OF_RANGE[cited_range:10_to_990,got:0.39]=1; P2_VALUE_OUT_OF_RANGE[cited_range:10_to_990,got:0.398]=1; P2_VALUE_OUT_OF_RANGE[cited_range:10_to_990,got:0.399]=1; P2_VALUE_OUT_OF_RANGE[cited_range:10_to_990,got:0.402]=1; P2_VALUE_OUT_OF_RANGE[cited_range:10_to_990,got:0.403]=1; P2_VALUE_OUT_OF_RANGE[cited_range:10_to_990,got:0.407]=1; P2_VALUE_OUT_OF_RANGE[cited_range:10_to_990,got:0.411]=1; P2_VALUE_OUT_OF_RANGE[cited_range:10_to_990,got:0.412]=1; P2_VALUE_OUT_OF_RANGE[cited_range:10_to_990,got:0.417]=1; P2_VALUE_OUT_OF_RANGE[cited_range:10_to_990,got:0.419]=1; P2_VALUE_OUT_OF_RANGE[cited_range:10_to_990,got:0.424]=1; P2_VALUE_OUT_OF_RANGE[cited_range:10_to_990,got:0.425]=1; P2_VALUE_OUT_OF_RANGE[cited_range:10_to_990,got:0.431]=1; P2_VALUE_OUT_OF_RANGE[cited_range:10_to_990,got:0.436]=1; P2_VALUE_OUT_OF_RANGE[cited_range:10_to_990,got:0.438]=1; P2_VALUE_OUT_OF_RANGE[cited_range:10_to_990,got:0.44]=1; P2_VALUE_OUT_OF_RANGE[cited_range:10_to_990,got:0.441]=1; P2_VALUE_OUT_OF_RANGE[cited_range:10_to_990,got:0.442]=1; P2_VALUE_OUT_OF_RANGE[cited_range:10_to_990,got:0.446]=1; P2_VALUE_OUT_OF_RANGE[cited_range:10_to_990,got:0.451]=1; P2_VALUE_OUT_OF_RANGE[cited_range:10_to_990,got:0.452]=1; P2_VALUE_OUT_OF_RANGE[cited_range:10_to_990,got:0.454]=1; P2_VALUE_OUT_OF_RANGE[cited_range:10_to_990,got:0.459]=1; P2_VALUE_OUT_OF_RANGE[cited_range:10_to_990,got:0.462]=1; P2_VALUE_OUT_OF_RANGE[cited_range:10_to_990,got:0.465]=1; P2_VALUE_OUT_OF_RANGE[cited_range:10_to_990,got:0.466]=1; P2_VALUE_OUT_OF_RANGE[cited_range:10_to_990,got:0.467]=1; P2_VALUE_OUT_OF_RANGE[cited_range:10_to_990,got:0.469]=1; P2_VALUE_OUT_OF_RANGE[cited_range:10_to_990,got:0.477]=1; P2_VALUE_OUT_OF_RANGE[cited_range:10_to_990,got:0.485]=1; P2_VALUE_OUT_OF_RANGE[cited_range:10_to_990,got:0.486]=1; P2_VALUE_OUT_OF_RANGE[cited_range:10_to_990,got:0.488]=1; P2_VALUE_OUT_OF_RANGE[cited_range:10_to_990,got:0.489]=1; P2_VALUE_OUT_OF_RANGE[cited_range:10_to_990,got:0.494]=1; P2_VALUE_OUT_OF_RANGE[cited_range:10_to_990,got:0.496]=1; P2_VALUE_OUT_OF_RANGE[cited_range:10_to_990,got:0.499]=1; P2_VALUE_OUT_OF_RANGE[cited_range:10_to_990,got:0.5]=1; P2_VALUE_OUT_OF_RANGE[cited_range:10_to_990,got:0.501]=1; P2_VALUE_OUT_OF_RANGE[cited_range:10_to_990,got:0.51]=1; P2_VALUE_OUT_OF_RANGE[cited_range:10_to_990,got:0.511]=1; P2_VALUE_OUT_OF_RANGE[cited_range:10_to_990,got:0.512]=1; P2_VALUE_OUT_OF_RANGE[cited_range:10_to_990,got:0.513]=1; P2_VALUE_OUT_OF_RANGE[cited_range:10_to_990,got:0.516]=1; P2_VALUE_OUT_OF_RANGE[cited_range:10_to_990,got:0.53]=1; P2_VALUE_OUT_OF_RANGE[cited_range:10_to_990,got:0.532]=1; P2_VALUE_OUT_OF_RANGE[cited_range:10_to_990,got:0.533]=1; P2_VALUE_OUT_OF_RANGE[cited_range:10_to_990,got:0.534]=1; P2_VALUE_OUT_OF_RANGE[cited_range:10_to_990,got:0.535]=1; P2_VALUE_OUT_OF_RANGE[cited_range:10_to_990,got:0.536]=1; P2_VALUE_OUT_OF_RANGE[cited_range:10_to_990,got:0.54]=1; P2_VALUE_OUT_OF_RANGE[cited_range:10_to_990,got:0.542]=1; P2_VALUE_OUT_OF_RANGE[cited_range:10_to_990,got:0.544]=1; P2_VALUE_OUT_OF_RANGE[cited_range:10_to_990,got:0.547]=1; P2_VALUE_OUT_OF_RANGE[cited_range:10_to_990,got:0.55]=1; P2_VALUE_OUT_OF_RANGE[cited_range:10_to_990,got:0.551]=1; P2_VALUE_OUT_OF_RANGE[cited_range:10_to_990,got:0.552]=1; P2_VALUE_OUT_OF_RANGE[cited_range:10_to_990,got:0.563]=1; P2_VALUE_OUT_OF_RANGE[cited_range:10_to_990,got:0.564]=1; P2_VALUE_OUT_OF_RANGE[cited_range:10_to_990,got:0.567]=1; P2_VALUE_OUT_OF_RANGE[cited_range:10_to_990,got:0.573]=1; P2_VALUE_OUT_OF_RANGE[cited_range:10_to_990,got:0.574]=1; P2_VALUE_OUT_OF_RANGE[cited_range:10_to_990,got:0.576]=1; P2_VALUE_OUT_OF_RANGE[cited_range:10_to_990,got:0.577]=1; P2_VALUE_OUT_OF_RANGE[cited_range:10_to_990,got:0.578]=1; P2_VALUE_OUT_OF_RANGE[cited_range:10_to_990,got:0.579]=1; P2_VALUE_OUT_OF_RANGE[cited_range:10_to_990,got:0.58]=1; P2_VALUE_OUT_OF_RANGE[cited_range:10_to_990,got:0.586]=1; P2_VALUE_OUT_OF_RANGE[cited_range:10_to_990,got:0.589]=1; P2_VALUE_OUT_OF_RANGE[cited_range:10_to_990,got:0.594]=1; P2_VALUE_OUT_OF_RANGE[cited_range:10_to_990,got:0.601]=1; P2_VALUE_OUT_OF_RANGE[cited_range:10_to_990,got:0.608]=1; P2_VALUE_OUT_OF_RANGE[cited_range:10_to_990,got:0.61]=1; P2_VALUE_OUT_OF_RANGE[cited_range:10_to_990,got:0.611]=1; P2_VALUE_OUT_OF_RANGE[cited_range:10_to_990,got:0.625]=1; P2_VALUE_OUT_OF_RANGE[cited_range:10_to_990,got:0.634]=1; P2_VALUE_OUT_OF_RANGE[cited_range:10_to_990,got:0.641]=1; P2_VALUE_OUT_OF_RANGE[cited_range:10_to_990,got:0.644]=1; P2_VALUE_OUT_OF_RANGE[cited_range:10_to_990,got:0.647]=1; P2_VALUE_OUT_OF_RANGE[cited_range:10_to_990,got:0.673]=1; P2_VALUE_OUT_OF_RANGE[cited_range:10_to_990,got:0.682]=1; P2_VALUE_OUT_OF_RANGE[cited_range:10_to_990,got:0.694]=1; P2_VALUE_OUT_OF_RANGE[cited_range:10_to_990,got:0.722]=1; P2_VALUE_OUT_OF_RANGE[cited_range:10_to_990,got:0.733]=1; P2_VALUE_OUT_OF_RANGE[cited_range:10_to_990,got:0.746]=1; P2_VALUE_OUT_OF_RANGE[cited_range:10_to_990,got:0.748]=1; P2_VALUE_OUT_OF_RANGE[cited_range:10_to_990,got:0.754]=1; P2_VALUE_OUT_OF_RANGE[cited_range:10_to_990,got:0.758]=1; P2_VALUE_OUT_OF_RANGE[cited_range:10_to_990,got:0.809]=1; P2_VALUE_OUT_OF_RANGE[cited_range:10_to_990,got:0.848]=1; P2_VALUE_OUT_OF_RANGE[cited_range:5_to_200,got:4.276]=1; P2_VALUE_OUT_OF_RANGE[cited_range:0.05_to_1.4,got:1.538]=2; P2_VALUE_OUT_OF_RANGE[cited_range:10_to_990,got:0.333]=2; P2_VALUE_OUT_OF_RANGE[cited_range:10_to_990,got:0.387]=2; P2_VALUE_OUT_OF_RANGE[cited_range:10_to_990,got:0.404]=2; P2_VALUE_OUT_OF_RANGE[cited_range:10_to_990,got:0.406]=2; P2_VALUE_OUT_OF_RANGE[cited_range:10_to_990,got:0.427]=2; P2_VALUE_OUT_OF_RANGE[cited_range:10_to_990,got:0.429]=2; P2_VALUE_OUT_OF_RANGE[cited_range:10_to_990,got:0.432]=2; P2_VALUE_OUT_OF_RANGE[cited_range:10_to_990,got:0.433]=2; P2_VALUE_OUT_OF_RANGE[cited_range:10_to_990,got:0.434]=2; P2_VALUE_OUT_OF_RANGE[cited_range:10_to_990,got:0.435]=2; P2_VALUE_OUT_OF_RANGE[cited_range:10_to_990,got:0.439]=2; P2_VALUE_OUT_OF_RANGE[cited_range:10_to_990,got:0.443]=2; P2_VALUE_OUT_OF_RANGE[cited_range:10_to_990,got:0.444]=2; P2_VALUE_OUT_OF_RANGE[cited_range:10_to_990,got:0.445]=2; P2_VALUE_OUT_OF_RANGE[cited_range:10_to_990,got:0.448]=2; P2_VALUE_OUT_OF_RANGE[cited_range:10_to_990,got:0.449]=2; P2_VALUE_OUT_OF_RANGE[cited_range:10_to_990,got:0.457]=2; P2_VALUE_OUT_OF_RANGE[cited_range:10_to_990,got:0.461]=2; P2_VALUE_OUT_OF_RANGE[cited_range:10_to_990,got:0.473]=2; P2_VALUE_OUT_OF_RANGE[cited_range:10_to_990,got:0.474]=2; P2_VALUE_OUT_OF_RANGE[cited_range:10_to_990,got:0.475]=2; P2_VALUE_OUT_OF_RANGE[cited_range:10_to_990,got:0.476]=2; P2_VALUE_OUT_OF_RANGE[cited_range:10_to_990,got:0.48]=2; P2_VALUE_OUT_OF_RANGE[cited_range:10_to_990,got:0.482]=2; P2_VALUE_OUT_OF_RANGE[cited_range:10_to_990,got:0.483]=2; P2_VALUE_OUT_OF_RANGE[cited_range:10_to_990,got:0.49]=2; P2_VALUE_OUT_OF_RANGE[cited_range:10_to_990,got:0.492]=2; P2_VALUE_OUT_OF_RANGE[cited_range:10_to_990,got:0.503]=2; P2_VALUE_OUT_OF_RANGE[cited_range:10_to_990,got:0.505]=2; P2_VALUE_OUT_OF_RANGE[cited_range:10_to_990,got:0.507]=2; P2_VALUE_OUT_OF_RANGE[cited_range:10_to_990,got:0.508]=2; P2_VALUE_OUT_OF_RANGE[cited_range:10_to_990,got:0.517]=2; P2_VALUE_OUT_OF_RANGE[cited_range:10_to_990,got:0.518]=2; P2_VALUE_OUT_OF_RANGE[cited_range:10_to_990,got:0.526]=2; P2_VALUE_OUT_OF_RANGE[cited_range:10_to_990,got:0.527]=2; P2_VALUE_OUT_OF_RANGE[cited_range:10_to_990,got:0.528]=2; P2_VALUE_OUT_OF_RANGE[cited_range:10_to_990,got:0.529]=2; P2_VALUE_OUT_OF_RANGE[cited_range:10_to_990,got:0.539]=2; P2_VALUE_OUT_OF_RANGE[cited_range:10_to_990,got:0.545]=2; P2_VALUE_OUT_OF_RANGE[cited_range:10_to_990,got:0.548]=2; P2_VALUE_OUT_OF_RANGE[cited_range:10_to_990,got:0.555]=2; P2_VALUE_OUT_OF_RANGE[cited_range:10_to_990,got:0.558]=2; P2_VALUE_OUT_OF_RANGE[cited_range:10_to_990,got:0.56]=2; P2_VALUE_OUT_OF_RANGE[cited_range:10_to_990,got:0.565]=2; P2_VALUE_OUT_OF_RANGE[cited_range:10_to_990,got:0.571]=2; P2_VALUE_OUT_OF_RANGE[cited_range:10_to_990,got:0.575]=2; P2_VALUE_OUT_OF_RANGE[cited_range:10_to_990,got:0.587]=2; P2_VALUE_OUT_OF_RANGE[cited_range:10_to_990,got:0.604]=2; P2_VALUE_OUT_OF_RANGE[cited_range:10_to_990,got:0.685]=2; P2_VALUE_OUT_OF_RANGE[cited_range:10_to_990,got:0.4]=3; P2_VALUE_OUT_OF_RANGE[cited_range:10_to_990,got:0.416]=3; P2_VALUE_OUT_OF_RANGE[cited_range:10_to_990,got:0.428]=3; P2_VALUE_OUT_OF_RANGE[cited_range:10_to_990,got:0.447]=3; P2_VALUE_OUT_OF_RANGE[cited_range:10_to_990,got:0.45]=3; P2_VALUE_OUT_OF_RANGE[cited_range:10_to_990,got:0.453]=3; P2_VALUE_OUT_OF_RANGE[cited_range:10_to_990,got:0.463]=3; P2_VALUE_OUT_OF_RANGE[cited_range:10_to_990,got:0.47]=3; P2_VALUE_OUT_OF_RANGE[cited_range:10_to_990,got:0.472]=3; P2_VALUE_OUT_OF_RANGE[cited_range:10_to_990,got:0.479]=3; P2_VALUE_OUT_OF_RANGE[cited_range:10_to_990,got:0.481]=3; P2_VALUE_OUT_OF_RANGE[cited_range:10_to_990,got:0.493]=3; P2_VALUE_OUT_OF_RANGE[cited_range:10_to_990,got:0.497]=3; P2_VALUE_OUT_OF_RANGE[cited_range:10_to_990,got:0.498]=3; P2_VALUE_OUT_OF_RANGE[cited_range:10_to_990,got:0.502]=3; P2_VALUE_OUT_OF_RANGE[cited_range:10_to_990,got:0.504]=3; P2_VALUE_OUT_OF_RANGE[cited_range:10_to_990,got:0.506]=3; P2_VALUE_OUT_OF_RANGE[cited_range:10_to_990,got:0.514]=3; P2_VALUE_OUT_OF_RANGE[cited_range:10_to_990,got:0.52]=3; P2_VALUE_OUT_OF_RANGE[cited_range:10_to_990,got:0.522]=3; P2_VALUE_OUT_OF_RANGE[cited_range:10_to_990,got:0.524]=3; P2_VALUE_OUT_OF_RANGE[cited_range:10_to_990,got:0.525]=3; P2_VALUE_OUT_OF_RANGE[cited_range:10_to_990,got:0.531]=3; P2_VALUE_OUT_OF_RANGE[cited_range:10_to_990,got:0.538]=3; P2_VALUE_OUT_OF_RANGE[cited_range:10_to_990,got:0.549]=3; P2_VALUE_OUT_OF_RANGE[cited_range:10_to_990,got:0.554]=3; P2_VALUE_OUT_OF_RANGE[cited_range:10_to_990,got:0.566]=3; P2_VALUE_OUT_OF_RANGE[cited_range:10_to_990,got:0.568]=3; P2_VALUE_OUT_OF_RANGE[cited_range:10_to_990,got:0.6]=3; P2_VALUE_OUT_OF_RANGE[cited_range:10_to_990,got:0.615]=3; P2_VALUE_OUT_OF_RANGE[cited_range:10_to_990,got:0.396]=4; P2_VALUE_OUT_OF_RANGE[cited_range:10_to_990,got:0.415]=4; P2_VALUE_OUT_OF_RANGE[cited_range:10_to_990,got:0.423]=4; P2_VALUE_OUT_OF_RANGE[cited_range:10_to_990,got:0.458]=4; P2_VALUE_OUT_OF_RANGE[cited_range:10_to_990,got:0.487]=4; P2_VALUE_OUT_OF_RANGE[cited_range:10_to_990,got:0.495]=4; P2_VALUE_OUT_OF_RANGE[cited_range:10_to_990,got:0.543]=4; P2_VALUE_OUT_OF_RANGE[cited_range:10_to_990,got:0.46]=5; P2_VALUE_OUT_OF_RANGE[cited_range:10_to_990,got:0.484]=5; P2_VALUE_OUT_OF_RANGE[cited_range:10_to_990,got:0.521]=6; P1_SPECIES_UNRESOLVED=3600",3600,0,"2026-04-25T21:21:23Z"
"doi:10.5061/dryad.jh9w0vt8v",80619,412212,"DryadPlantTraits/output/downloads/v80619/tundra_shrub_traits.csv","standardize","compiled","Compiled BIEN-style observation rows.",720,3600,"2026-04-25T21:21:23Z"
"doi:10.5061/dryad.ncjsxkst4",98043,535753,"DryadPlantTraits/output/downloads/v98043/Bioassay_data.csv","read","read","Loaded 167 rows x 6 columns",0,0,"2026-04-25T21:21:23Z"
"doi:10.5061/dryad.ncjsxkst4",98043,535753,"DryadPlantTraits/output/downloads/v98043/Bioassay_data.csv","standardize","skipped","No likely trait observation fields detected.",167,0,"2026-04-25T21:21:23Z"
"doi:10.5061/dryad.ncjsxkst4",98043,535752,"DryadPlantTraits/output/downloads/v98043/Fitness_data.csv","read","read","Loaded 231 rows x 7 columns",0,0,"2026-04-25T21:21:23Z"
"doi:10.5061/dryad.ncjsxkst4",98043,535752,"DryadPlantTraits/output/downloads/v98043/Fitness_data.csv","standardize","skipped","No likely trait observation fields detected.",231,0,"2026-04-25T21:21:23Z"
"doi:10.5061/dryad.ncjsxkst4",98043,535751,"DryadPlantTraits/output/downloads/v98043/Floral_data.csv","read","read","Loaded 157 rows x 5 columns",0,0,"2026-04-25T21:21:23Z"
"doi:10.5061/dryad.ncjsxkst4",98043,535751,"DryadPlantTraits/output/downloads/v98043/Floral_data.csv","standardize","skipped","No likely trait observation fields detected.",157,0,"2026-04-25T21:21:23Z"
"doi:10.5061/dryad.0vt4b8gvv",100013,256247,"DryadPlantTraits/output/downloads/v100013/biomass_in_the_open.csv","read","read","Loaded 29 rows x 17 columns",0,0,"2026-04-25T21:21:24Z"
"doi:10.5061/dryad.0vt4b8gvv",100013,256247,"DryadPlantTraits/output/downloads/v100013/biomass_in_the_open.csv","standardize","skipped","No likely trait observation fields detected.",29,0,"2026-04-25T21:21:24Z"
"doi:10.5061/dryad.0vt4b8gvv",100013,256245,"DryadPlantTraits/output/downloads/v100013/functional_trait.csv","read","read","Loaded 15 rows x 4 columns",0,0,"2026-04-25T21:21:24Z"
"doi:10.5061/dryad.0vt4b8gvv",100013,256245,"DryadPlantTraits/output/downloads/v100013/functional_trait.csv","qa","FLAGS","P1_SPECIES_UNRESOLVED=30",30,0,"2026-04-25T21:21:24Z"
"doi:10.5061/dryad.0vt4b8gvv",100013,256245,"DryadPlantTraits/output/downloads/v100013/functional_trait.csv","standardize","compiled","Compiled BIEN-style observation rows.",15,30,"2026-04-25T21:21:24Z"
"doi:10.5061/dryad.0vt4b8gvv",100013,256246,"DryadPlantTraits/output/downloads/v100013/RII.csv","read","read","Loaded 30 rows x 17 columns",0,0,"2026-04-25T21:21:24Z"
"doi:10.5061/dryad.0vt4b8gvv",100013,256246,"DryadPlantTraits/output/downloads/v100013/RII.csv","standardize","skipped","No likely trait observation fields detected.",30,0,"2026-04-25T21:21:24Z"
"doi:10.5061/dryad.zw3r2285n",108170,602319,"IWG_GS_II.zip","download_version_zip","failed","Dryad version zip download failed after max retries (HTTP 429).",0,0,"2026-04-25T21:21:24Z"
"doi:10.5061/dryad.j3tx95xch",132931,858077,"DryadPlantTraits/output/downloads/v132931/clim_Norderney2.csv","read","read","Loaded 9 rows x 121 columns",0,0,"2026-04-25T21:36:30Z"
"doi:10.5061/dryad.j3tx95xch",132931,858077,"DryadPlantTraits/output/downloads/v132931/clim_Norderney2.csv","standardize","skipped","No likely trait observation fields detected.",9,0,"2026-04-25T21:36:30Z"
"doi:10.5061/dryad.j3tx95xch",132931,858079,"DryadPlantTraits/output/downloads/v132931/CNS.csv","read","read","Loaded 80 rows x 4 columns",0,0,"2026-04-25T21:36:30Z"
"doi:10.5061/dryad.j3tx95xch",132931,858079,"DryadPlantTraits/output/downloads/v132931/CNS.csv","standardize","skipped","No likely trait observation fields detected.",80,0,"2026-04-25T21:36:30Z"
"doi:10.5061/dryad.j3tx95xch",132931,858072,"DryadPlantTraits/output/downloads/v132931/Plant_growth_data.csv","read","read","Loaded 691 rows x 13 columns",0,0,"2026-04-25T21:36:30Z"
"doi:10.5061/dryad.j3tx95xch",132931,858072,"DryadPlantTraits/output/downloads/v132931/Plant_growth_data.csv","standardize","skipped","No likely trait observation fields detected.",691,0,"2026-04-25T21:36:30Z"
"doi:10.5061/dryad.j3tx95xch",132931,858074,"DryadPlantTraits/output/downloads/v132931/ReadMe.txt","read","read","Loaded 12 rows x 1 columns",0,0,"2026-04-25T21:36:30Z"
"doi:10.5061/dryad.j3tx95xch",132931,858074,"DryadPlantTraits/output/downloads/v132931/ReadMe.txt","standardize","skipped","No likely trait observation fields detected.",12,0,"2026-04-25T21:36:30Z"
"doi:10.5061/dryad.j3tx95xch",132931,864888,"DryadPlantTraits/output/downloads/v132931/Soil_data_combined.csv","read","read","Loaded 60 rows x 15 columns",0,0,"2026-04-25T21:36:30Z"
"doi:10.5061/dryad.j3tx95xch",132931,864888,"DryadPlantTraits/output/downloads/v132931/Soil_data_combined.csv","standardize","skipped","No likely trait observation fields detected.",60,0,"2026-04-25T21:36:31Z"
"doi:10.5061/dryad.rxwdbrv8w",137965,929443,"/var/folders/hh/hv60fv4x0nb1zhgd0y12pzq80000gn/T//Rtmp6hNHV3/dryad_extract_111722506c88d/Changelog.txt","read","read","Loaded 24 rows x 1 columns",0,0,"2026-04-25T21:36:31Z"
"doi:10.5061/dryad.rxwdbrv8w",137965,929443,"/var/folders/hh/hv60fv4x0nb1zhgd0y12pzq80000gn/T//Rtmp6hNHV3/dryad_extract_111722506c88d/Dataset-complete-1995-2020.csv","read","read","Loaded 3511 rows x 34 columns",0,0,"2026-04-25T21:36:31Z"
"doi:10.5061/dryad.rxwdbrv8w",137965,929443,"/var/folders/hh/hv60fv4x0nb1zhgd0y12pzq80000gn/T//Rtmp6hNHV3/dryad_extract_111722506c88d/Dataset-site-average-1995-2020.csv","read","read","Loaded 223 rows x 33 columns",0,0,"2026-04-25T21:36:31Z"
"doi:10.5061/dryad.rxwdbrv8w",137965,929443,"/var/folders/hh/hv60fv4x0nb1zhgd0y12pzq80000gn/T//Rtmp6hNHV3/dryad_extract_111722506c88d/Properties.csv","read","read","Loaded 23 rows x 3 columns",0,0,"2026-04-25T21:36:31Z"
"doi:10.5061/dryad.rxwdbrv8w",137965,929443,"/var/folders/hh/hv60fv4x0nb1zhgd0y12pzq80000gn/T//Rtmp6hNHV3/dryad_extract_111722506c88d/Changelog.txt","standardize","skipped","No likely trait observation fields detected.",24,0,"2026-04-25T21:36:31Z"
"doi:10.5061/dryad.rxwdbrv8w",137965,929443,"/var/folders/hh/hv60fv4x0nb1zhgd0y12pzq80000gn/T//Rtmp6hNHV3/dryad_extract_111722506c88d/Dataset-complete-1995-2020.csv","standardize","skipped","No likely trait observation fields detected.",3511,0,"2026-04-25T21:36:31Z"
"doi:10.5061/dryad.rxwdbrv8w",137965,929443,"/var/folders/hh/hv60fv4x0nb1zhgd0y12pzq80000gn/T//Rtmp6hNHV3/dryad_extract_111722506c88d/Dataset-site-average-1995-2020.csv","standardize","skipped","No likely trait observation fields detected.",223,0,"2026-04-25T21:36:31Z"
"doi:10.5061/dryad.rxwdbrv8w",137965,929443,"/var/folders/hh/hv60fv4x0nb1zhgd0y12pzq80000gn/T//Rtmp6hNHV3/dryad_extract_111722506c88d/Properties.csv","standardize","skipped","No likely trait observation fields detected.",23,0,"2026-04-25T21:36:31Z"
