higher_plant_group,class,superorder,order,scrubbed_family,scrubbed_genus,scrubbed_species_binomial,scrubbed_author,scrubbed_taxonomic_status
flowering plants,Equisetopsida,Caryophyllanae,Caryophyllales,Cactaceae,Cactus,Cactus atroruber,(Ehrenb.) Kuntze,Accepted
flowering plants,Equisetopsida,Caryophyllanae,Caryophyllales,Cactaceae,Echinocereus,Echinocereus brandegeei,(J.M.Coult.) Schelle,Accepted
flowering plants,Equisetopsida,Caryophyllanae,Caryophyllales,Cactaceae,Coryphantha,Coryphantha pseudoradians,Bravo,Accepted
flowering plants,Equisetopsida,Caryophyllanae,Caryophyllales,Cactaceae,Espostoa,Espostoa huanucoensis,H. Johnson ex F. Ritter,Accepted
flowering plants,Equisetopsida,Caryophyllanae,Caryophyllales,Cactaceae,Sulcorebutia,Sulcorebutia tarijensis,F. Ritter,Accepted
flowering plants,Equisetopsida,Caryophyllanae,Caryophyllales,Cactaceae,Ferocactus,Ferocactus wislizeni,(Engelm.) Britton & Rose,Accepted
flowering plants,Equisetopsida,Caryophyllanae,Caryophyllales,Cactaceae,Browningia,Browningia hernandezii,Fern. Alonso,Accepted
flowering plants,Equisetopsida,Caryophyllanae,Caryophyllales,Cactaceae,Mammillaria,Mammillaria goodridgei,Scheer ex Salm-Dyck,Accepted
flowering plants,Equisetopsida,Caryophyllanae,Caryophyllales,Cactaceae,Pilosocereus,Pilosocereus splendidus,F. Ritter,Accepted
flowering plants,Equisetopsida,Caryophyllanae,Caryophyllales,Cactaceae,Rebutia,Rebutia marsoneri,Werderm.,Accepted
flowering plants,Equisetopsida,Caryophyllanae,Caryophyllales,Cactaceae,Opuntia,Opuntia aciculata,Griffiths,Accepted
flowering plants,Equisetopsida,Caryophyllanae,Caryophyllales,Cactaceae,Selenicereus,Selenicereus inermis,(Otto) Britton & Rose,Accepted
flowering plants,Equisetopsida,Caryophyllanae,Caryophyllales,Cactaceae,Melocactus,Melocactus pescaderensis,Xhonn. & Fern. Alonso,No opinion
flowering plants,Equisetopsida,Caryophyllanae,Caryophyllales,Cactaceae,Stenocactus,Stenocactus sulphureus,(A. Dietr.) Bravo,Accepted
flowering plants,Equisetopsida,Caryophyllanae,Caryophyllales,Cactaceae,Echinocereus,Echinocereus enneacanthus,,Accepted
flowering plants,Equisetopsida,Caryophyllanae,Caryophyllales,Cactaceae,Rhipsalis,Rhipsalis neves-armondii,(Loefgr.) Barthlott & N.P. Taylor,Accepted
flowering plants,Equisetopsida,Caryophyllanae,Caryophyllales,Cactaceae,Mammillaria,Mammillaria crinita,(A. Dietr.) D.R. Hunt,Accepted
flowering plants,Equisetopsida,Caryophyllanae,Caryophyllales,Cactaceae,Cylindropuntia,Cylindropuntia grantiorum,P.V.Heath,No opinion
flowering plants,Equisetopsida,Caryophyllanae,Caryophyllales,Cactaceae,Cereus,Cereus colosseus,F. Ritter,Accepted
flowering plants,Equisetopsida,Caryophyllanae,Caryophyllales,Cactaceae,Corynopuntia,Corynopuntia schottii,(Engelm.) F.M. Knuth,Accepted
flowering plants,Equisetopsida,Caryophyllanae,Caryophyllales,Cactaceae,Ferocactus,Ferocactus fordii,,Accepted
flowering plants,Equisetopsida,Caryophyllanae,Caryophyllales,Cactaceae,Mammillaria,Mammillaria schiedeana,Ehrenb. ex Schltdl.,Accepted
flowering plants,Equisetopsida,Caryophyllanae,Caryophyllales,Cactaceae,Cylindropuntia,Cylindropuntia molesta,(Brandegee) F.M. Knuth,Accepted
flowering plants,Equisetopsida,Caryophyllanae,Caryophyllales,Cactaceae,Escobaria,Escobaria vivipara,(Orcutt) D.R. Hunt,Accepted
flowering plants,Equisetopsida,Caryophyllanae,Caryophyllales,Cactaceae,Ferocactus,Ferocactus pottsii,(Salm-Dyck) Backeb.,Accepted
flowering plants,Equisetopsida,Caryophyllanae,Caryophyllales,Cactaceae,Echinopsis,Echinopsis rhodotricha,K. Schum.,Accepted
flowering plants,Equisetopsida,Caryophyllanae,Caryophyllales,Cactaceae,Mammillaria,Mammillaria droegeana,(K.Schum.) Borg,No opinion
flowering plants,Equisetopsida,Caryophyllanae,Caryophyllales,Cactaceae,Echinocereus,Echinocereus barthelowanus,Britton & Rose,Accepted
flowering plants,Equisetopsida,Caryophyllanae,Caryophyllales,Cactaceae,Maihueniopsis,Maihueniopsis grandiflora,F. Ritter,Accepted
flowering plants,Equisetopsida,Caryophyllanae,Caryophyllales,Cactaceae,Turbinicarpus,Turbinicarpus saueri,(Boed.) John & Å˜íha,Accepted
flowering plants,Equisetopsida,Caryophyllanae,Caryophyllales,Cactaceae,Selenicereus,Selenicereus grandiflorus,(Salm-Dyck) Ralf Bauer,Accepted
flowering plants,Equisetopsida,Caryophyllanae,Caryophyllales,Cactaceae,Opuntia,Opuntia ficus-indica,(Willd.) Speg.,Accepted
flowering plants,Equisetopsida,Caryophyllanae,Caryophyllales,Cactaceae,Ferocactus,Ferocactus diguetii,,Accepted
flowering plants,Equisetopsida,Caryophyllanae,Caryophyllales,Cactaceae,Gymnocalycium,Gymnocalycium mackieanum,"(Hook.) Metzing, Mereg. & R. Kiesling",Accepted
flowering plants,Equisetopsida,Caryophyllanae,Caryophyllales,Cactaceae,Ferocactus,Ferocactus chrysacanthus,(Orcutt) Britton & Rose,Accepted
flowering plants,Equisetopsida,Caryophyllanae,Caryophyllales,Cactaceae,Epiphyllum,Epiphyllum crenatum,(Bravo) U. Guzmán,Accepted
flowering plants,Equisetopsida,Caryophyllanae,Caryophyllales,Cactaceae,Cleistocactus,Cleistocactus piraymirensis,Cárdenas,Accepted
flowering plants,Equisetopsida,Caryophyllanae,Caryophyllales,Cactaceae,Peniocereus,Peniocereus viperinus,(F.A.C. Weber) Buxb.,Accepted
flowering plants,Equisetopsida,Caryophyllanae,Caryophyllales,Cactaceae,Lobivia,Lobivia pentlandii,(Hook.) Britton & Rose,Accepted
flowering plants,Equisetopsida,Caryophyllanae,Caryophyllales,Cactaceae,Neoporteria,Neoporteria taltalensis,Hutchison,Accepted
flowering plants,Equisetopsida,Caryophyllanae,Caryophyllales,Cactaceae,Opuntia,Opuntia bensonii,Sánchez-Mej.,Accepted
flowering plants,Equisetopsida,Caryophyllanae,Caryophyllales,Cactaceae,Cipocereus,Cipocereus bradei,(Backeb. & Voll) Zappi & N.P. Taylor,Accepted
flowering plants,Equisetopsida,Caryophyllanae,Caryophyllales,Cactaceae,Cylindropuntia,Cylindropuntia tunicata,(Lehm.) F.M.Knuth,Accepted
flowering plants,Equisetopsida,Caryophyllanae,Caryophyllales,Cactaceae,Pereskia,Pereskia horrida,DC.,Accepted
flowering plants,Equisetopsida,Caryophyllanae,Caryophyllales,Cactaceae,Mammillaria,Mammillaria karwinskiana,Mart.,Accepted
flowering plants,Equisetopsida,Caryophyllanae,Caryophyllales,Cactaceae,Pilosocereus,Pilosocereus azulensis,N.P. Taylor & Zappi,Accepted
flowering plants,Equisetopsida,Caryophyllanae,Caryophyllales,Cactaceae,Pseudolobivia,Pseudolobivia carmineoflora,Hoffm. & Backeb.,No opinion
flowering plants,Equisetopsida,Caryophyllanae,Caryophyllales,Cactaceae,Mammillaria,Mammillaria pilispina,J.A. Purpus,Accepted
flowering plants,Equisetopsida,Caryophyllanae,Caryophyllales,Cactaceae,Rhipsalis,Rhipsalis loefgrenii,Britton & Rose,Accepted
flowering plants,Equisetopsida,Caryophyllanae,Caryophyllales,Cactaceae,Mammillaria,Mammillaria anniana,Glass & R.A. Foster,Accepted
flowering plants,Equisetopsida,Caryophyllanae,Caryophyllales,Cactaceae,Trichocereus,Trichocereus camarguensis,Cárdenas,Accepted
flowering plants,Equisetopsida,Caryophyllanae,Caryophyllales,Cactaceae,Notocactus,Notocactus magnificus,(F.Ritter) Krainz,No opinion
flowering plants,Equisetopsida,Caryophyllanae,Caryophyllales,Cactaceae,Opuntia,Opuntia ekmanii,Werderm.,Accepted
flowering plants,Equisetopsida,Caryophyllanae,Caryophyllales,Cactaceae,Parodia,Parodia mueller-melchersii,(FriÄ ex Backeb.) N.P. Taylor,Accepted
flowering plants,Equisetopsida,Caryophyllanae,Caryophyllales,Cactaceae,Mammillaria,Mammillaria microthele,Mart.,No opinion
flowering plants,Equisetopsida,Caryophyllanae,Caryophyllales,Cactaceae,Rhipsalis,Rhipsalis cereuscula,Haw.,Accepted
flowering plants,Equisetopsida,Caryophyllanae,Caryophyllales,Cactaceae,Coryphantha,Coryphantha pallida,"(Bravo ex S. Arias Montes, U. Guzman Cruz & S. Gama Lopez) Dicht & A. Lüthy",Accepted
flowering plants,Equisetopsida,Caryophyllanae,Caryophyllales,Cactaceae,Copiapoa,Copiapoa montana,,Accepted
flowering plants,Equisetopsida,Caryophyllanae,Caryophyllales,Cactaceae,Haageocereus,Haageocereus pseudomelanostele,(Rauh & Backeb.) Ostolaza,Accepted
flowering plants,Equisetopsida,Caryophyllanae,Caryophyllales,Cactaceae,Cylindropuntia,Cylindropuntia californica,,Accepted
flowering plants,Equisetopsida,Caryophyllanae,Caryophyllales,Cactaceae,Sclerocactus,Sclerocactus blainei,S.L. Welsh & K.H. Thorne,Accepted
flowering plants,Equisetopsida,Caryophyllanae,Caryophyllales,Cactaceae,Melocactus,Melocactus ernestii,,Accepted
flowering plants,Equisetopsida,Caryophyllanae,Caryophyllales,Cactaceae,Sclerocactus,Sclerocactus cloverae,K.D. Heil & J.M. Porter,Accepted
flowering plants,Equisetopsida,Caryophyllanae,Caryophyllales,Cactaceae,Pereskia,Pereskia aculeata,Mill.,Accepted
flowering plants,Equisetopsida,Caryophyllanae,Caryophyllales,Cactaceae,Opuntia,Opuntia llanos-de-huanta,D.R. Hunt,Accepted
flowering plants,Equisetopsida,Caryophyllanae,Caryophyllales,Cactaceae,Echinocereus,Echinocereus viridiflorus,(A.D. Houghton) W.T. Marshall,Accepted
flowering plants,Equisetopsida,Caryophyllanae,Caryophyllales,Cactaceae,Rebutia,Rebutia huasiensis,Rausch,Accepted
flowering plants,Equisetopsida,Caryophyllanae,Caryophyllales,Cactaceae,Cleistocactus,Cleistocactus parviflorus,F. Ritter,No opinion
flowering plants,Equisetopsida,Caryophyllanae,Caryophyllales,Cactaceae,Pilosocereus,Pilosocereus pachycladus,(F. Ritter) Zappi,Accepted
flowering plants,Equisetopsida,Caryophyllanae,Caryophyllales,Cactaceae,Tunilla,Tunilla albisaetacens,(Backeb.) D.R. Hunt & Iliff,Accepted
flowering plants,Equisetopsida,Caryophyllanae,Caryophyllales,Cactaceae,Notocactus,Notocactus courantii,(Lem.) S.Theun.,No opinion
flowering plants,Equisetopsida,Caryophyllanae,Caryophyllales,Cactaceae,Epiphyllum,Epiphyllum phyllanthus,,Accepted
flowering plants,Equisetopsida,Caryophyllanae,Caryophyllales,Cactaceae,Pediocactus,Pediocactus sileri,(Engelm. ex J.M. Coult.) L.D. Benson,Accepted
flowering plants,Equisetopsida,Caryophyllanae,Caryophyllales,Cactaceae,Rhipsalis,Rhipsalis cylindrica,Steud.,Accepted
flowering plants,Equisetopsida,Caryophyllanae,Caryophyllales,Cactaceae,Rhipsalis,Rhipsalis pulchra,Loefgr.,Accepted
flowering plants,Equisetopsida,Caryophyllanae,Caryophyllales,Cactaceae,Coryphantha,Coryphantha sulcata,,Accepted
flowering plants,Equisetopsida,Caryophyllanae,Caryophyllales,Cactaceae,Sulcorebutia,Sulcorebutia christiei,"B.Bates, Halda, P. Hertus & Horácek",Accepted
flowering plants,Equisetopsida,Caryophyllanae,Caryophyllales,Cactaceae,Echinocereus,Echinocereus pectinatus,(Scheidw.) Engelm.,Accepted
flowering plants,Equisetopsida,Caryophyllanae,Caryophyllales,Cactaceae,Echinocactus,Echinocactus lancifer,Rchb. ex Walp.,No opinion
flowering plants,Equisetopsida,Caryophyllanae,Caryophyllales,Cactaceae,Cumulopuntia,Cumulopuntia zehnderi,(Rauh & Backeb.) F.Ritter,Accepted
flowering plants,Equisetopsida,Caryophyllanae,Caryophyllales,Cactaceae,Opuntia,Opuntia engelmannii,(Engelm.) Parfitt & Pinkava,Accepted
flowering plants,Equisetopsida,Caryophyllanae,Caryophyllales,Cactaceae,Neolloydia,Neolloydia grandiflora,(Otto) F.M.Knuth,No opinion
flowering plants,Equisetopsida,Caryophyllanae,Caryophyllales,Cactaceae,Eulychnia,Eulychnia taltalensis,(F.Ritter) Hoxey,No opinion
flowering plants,Equisetopsida,Caryophyllanae,Caryophyllales,Cactaceae,Mammillaria,Mammillaria multiformis,(Britton & Rose) Backeb.,No opinion
flowering plants,Equisetopsida,Caryophyllanae,Caryophyllales,Cactaceae,Facheiroa,Facheiroa cephaliomelana,(P.J. Braun) N.P. Taylor & Zappi,Accepted
flowering plants,Equisetopsida,Caryophyllanae,Caryophyllales,Cactaceae,Leptocereus,Leptocereus santamarinae,Areces,Accepted
flowering plants,Equisetopsida,Caryophyllanae,Caryophyllales,Cactaceae,Pilosocereus,Pilosocereus bohlei,Hofacker,Accepted
flowering plants,Equisetopsida,Caryophyllanae,Caryophyllales,Cactaceae,Echinopsis,Echinopsis cephalomacrostibas,(Werderm. & Backeb.) Friedrich & G.D.Rowley,Accepted
flowering plants,Equisetopsida,Caryophyllanae,Caryophyllales,Cactaceae,Melocactus,Melocactus brederooianus,Buining,Accepted
flowering plants,Equisetopsida,Caryophyllanae,Caryophyllales,Cactaceae,Cleistocactus,Cleistocactus hystrix,(Rauh & Backeb.) Ostolaza,Accepted
flowering plants,Equisetopsida,Caryophyllanae,Caryophyllales,Cactaceae,Selenicereus,Selenicereus rubineus,Kimnach,Accepted
flowering plants,Equisetopsida,Caryophyllanae,Caryophyllales,Cactaceae,Sulcorebutia,Sulcorebutia pulchra,(Cárdenas) Donald,Accepted
flowering plants,Equisetopsida,Caryophyllanae,Caryophyllales,Cactaceae,Opuntia,Opuntia basilaris,S.L. Welsh & Neese,Accepted
flowering plants,Equisetopsida,Caryophyllanae,Caryophyllales,Cactaceae,Opuntia,Opuntia corrugata,(Loudon) Salm-Dyck,Accepted
flowering plants,Equisetopsida,Caryophyllanae,Caryophyllales,Cactaceae,Cereus,Cereus cochabambensis,Cárdenas,Accepted
flowering plants,Equisetopsida,Caryophyllanae,Caryophyllales,Cactaceae,Cereus,Cereus quisco,Gay,No opinion
flowering plants,Equisetopsida,Caryophyllanae,Caryophyllales,Cactaceae,Echinocereus,Echinocereus pulchellus,(Mart.) K. Schum.,Accepted
flowering plants,Equisetopsida,Caryophyllanae,Caryophyllales,Cactaceae,Copiapoa,Copiapoa griseoviolacea,I.Schaub & Keim,No opinion
flowering plants,Equisetopsida,Caryophyllanae,Caryophyllales,Cactaceae,Pterocactus,Pterocactus hickenii,Britton & Rose,Accepted
flowering plants,Equisetopsida,Caryophyllanae,Caryophyllales,Cactaceae,Cumulopuntia,Cumulopuntia iturbicola,G.J.Charles,No opinion
flowering plants,Equisetopsida,Caryophyllanae,Caryophyllales,Cactaceae,Lobivia,Lobivia caespitosa,F. Ritter,Accepted
flowering plants,Equisetopsida,Caryophyllanae,Caryophyllales,Cactaceae,Harrisia,Harrisia pomanensis,(F.A.C. Weber ex K. Schum.) Britton & Rose,Accepted
flowering plants,Equisetopsida,Caryophyllanae,Caryophyllales,Cactaceae,Mammillaria,Mammillaria solisioides,Backeb.,Accepted
flowering plants,Equisetopsida,Caryophyllanae,Caryophyllales,Cactaceae,Mammillaria,Mammillaria bocensis,R.T. Craig,Accepted
flowering plants,Equisetopsida,Caryophyllanae,Caryophyllales,Cactaceae,Stenocactus,Stenocactus obvallatus,(DC.) A. Berger ex A.W. Hill,Accepted
flowering plants,Equisetopsida,Caryophyllanae,Caryophyllales,Cactaceae,Neoporteria,Neoporteria catamarcensis,(F.A.C.Weber) Donald & G.D.Rowley,No opinion
flowering plants,Equisetopsida,Caryophyllanae,Caryophyllales,Cactaceae,Coryphantha,Coryphantha gracilis,Bremer & A.B. Lau,Accepted
flowering plants,Equisetopsida,Caryophyllanae,Caryophyllales,Cactaceae,Trichocereus,Trichocereus riomizquensis,F. Ritter,Accepted
flowering plants,Equisetopsida,Caryophyllanae,Caryophyllales,Cactaceae,Escobaria,Escobaria sandbergii,"Castetter, P.Pierce & K.H Schwer.",Accepted
flowering plants,Equisetopsida,Caryophyllanae,Caryophyllales,Cactaceae,Werckleocereus,Werckleocereus tonduzii,(F.A.C. Weber) Britton & Rose,Accepted
flowering plants,Equisetopsida,Caryophyllanae,Caryophyllales,Cactaceae,Frailea,Frailea alexandri,Metzing,Accepted
flowering plants,Equisetopsida,Caryophyllanae,Caryophyllales,Cactaceae,Opuntia,Opuntia foliosa,Salm-Dyck,No opinion
flowering plants,Equisetopsida,Caryophyllanae,Caryophyllales,Cactaceae,Echinocereus,Echinocereus russanthus,,Accepted
flowering plants,Equisetopsida,Caryophyllanae,Caryophyllales,Cactaceae,Cactus,Cactus hystrix,(Mart.) Kuntze,Accepted
flowering plants,Equisetopsida,Caryophyllanae,Caryophyllales,Cactaceae,Echinocereus,Echinocereus dasyacanthus,,Accepted
flowering plants,Equisetopsida,Caryophyllanae,Caryophyllales,Cactaceae,Parodia,Parodia werdermanniana,(Herter) N.P. Taylor,Accepted
flowering plants,Equisetopsida,Caryophyllanae,Caryophyllales,Cactaceae,Weberbauerocereus,Weberbauerocereus churinensis,F. Ritter,Accepted
flowering plants,Equisetopsida,Caryophyllanae,Caryophyllales,Cactaceae,Echinocactus,Echinocactus horizontalis,Lem.,No opinion
flowering plants,Equisetopsida,Caryophyllanae,Caryophyllales,Cactaceae,Rebutia,Rebutia heliosa,Rausch,Accepted
flowering plants,Equisetopsida,Caryophyllanae,Caryophyllales,Cactaceae,Coryphantha,Coryphantha compacta,(Engelm.) Orcutt,Accepted
flowering plants,Equisetopsida,Caryophyllanae,Caryophyllales,Cactaceae,Sclerocactus,Sclerocactus parviflorus,(K.D. Heil) K.D. Heil & J.M. Porter,Accepted
flowering plants,Equisetopsida,Caryophyllanae,Caryophyllales,Cactaceae,Echinopsis,Echinopsis calliantholilacina,Cárdenas,Accepted
flowering plants,Equisetopsida,Caryophyllanae,Caryophyllales,Cactaceae,Tacinga,Tacinga saxatilis,(F. Ritter) N.P. Taylor & Stuppy,Accepted
flowering plants,Equisetopsida,Caryophyllanae,Caryophyllales,Cactaceae,Arrojadoa,Arrojadoa dinae,(Buining & Brederoo) N.P.Taylor & Zappi,Accepted
flowering plants,Equisetopsida,Caryophyllanae,Caryophyllales,Cactaceae,Mammillaria,Mammillaria thornberi,(R.T. Craig) D.R. Hunt,Accepted
flowering plants,Equisetopsida,Caryophyllanae,Caryophyllales,Cactaceae,Opuntia,Opuntia bonplandii,(Kunth) F.A.C. Weber,Accepted
flowering plants,Equisetopsida,Caryophyllanae,Caryophyllales,Cactaceae,Cereus,Cereus eburneus,Salm-Dyck,Accepted
flowering plants,Equisetopsida,Caryophyllanae,Caryophyllales,Cactaceae,Eriosyce,Eriosyce laui,Lüthy,Accepted
flowering plants,Equisetopsida,Caryophyllanae,Caryophyllales,Cactaceae,Pyrrhocactus,Pyrrhocactus catamarcensis,(F.A.C. Weber) Backeb.,Accepted
flowering plants,Equisetopsida,Caryophyllanae,Caryophyllales,Cactaceae,Gymnocalycium,Gymnocalycium anisitsii,,No opinion
flowering plants,Equisetopsida,Caryophyllanae,Caryophyllales,Cactaceae,Mammillaria,Mammillaria mamillaria,Scheeren,No opinion
flowering plants,Equisetopsida,Caryophyllanae,Caryophyllales,Cactaceae,Mammillaria,Mammillaria goodridgei,,No opinion
flowering plants,Equisetopsida,Caryophyllanae,Caryophyllales,Cactaceae,Cylindropuntia,Cylindropuntia hystrix,(Griseb.) Areces,Accepted
flowering plants,Equisetopsida,Caryophyllanae,Caryophyllales,Cactaceae,Parodia,Parodia comarapana,Cárdenas,Accepted
flowering plants,Equisetopsida,Caryophyllanae,Caryophyllales,Cactaceae,Coryphantha,Coryphantha vivipara,(Nutt.) Britton & Rose,Accepted
flowering plants,Equisetopsida,Caryophyllanae,Caryophyllales,Cactaceae,Turbinicarpus,Turbinicarpus booleanus,G.S. Hinton,Accepted
flowering plants,Equisetopsida,Caryophyllanae,Caryophyllales,Cactaceae,Echinopsis,Echinopsis arebaloi,Cárdenas,Accepted
flowering plants,Equisetopsida,Caryophyllanae,Caryophyllales,Cactaceae,Echinomastus,Echinomastus unguispinus,(Engelm.) Britton & Rose,Accepted
flowering plants,Equisetopsida,Caryophyllanae,Caryophyllales,Cactaceae,Turbinicarpus,Turbinicarpus mombergeri,,No opinion
flowering plants,Equisetopsida,Caryophyllanae,Caryophyllales,Cactaceae,Opuntia,Opuntia squarrosa,Griffiths,No opinion
flowering plants,Equisetopsida,Caryophyllanae,Caryophyllales,Cactaceae,Neoporteria,Neoporteria odoriflora,Backeb.,Accepted
flowering plants,Equisetopsida,Caryophyllanae,Caryophyllales,Cactaceae,Lobivia,Lobivia amblayensis,Rausch,No opinion
flowering plants,Equisetopsida,Caryophyllanae,Caryophyllales,Cactaceae,Rebutia,Rebutia walteri,Diers,No opinion
flowering plants,Equisetopsida,Caryophyllanae,Caryophyllales,Cactaceae,Pilosocereus,Pilosocereus frewenii,Zappi & N.P. Taylor,Accepted
flowering plants,Equisetopsida,Caryophyllanae,Caryophyllales,Cactaceae,Maihueniopsis,Maihueniopsis pentlandii,(Salm-Dyck) R. Kiesling,Accepted
flowering plants,Equisetopsida,Caryophyllanae,Caryophyllales,Cactaceae,Opuntia,Opuntia bisetosa,Pittier,Accepted
flowering plants,Equisetopsida,Caryophyllanae,Caryophyllales,Cactaceae,Copiapoa,Copiapoa montana,(F.Ritter) N.P.Taylor,Accepted
flowering plants,Equisetopsida,Caryophyllanae,Caryophyllales,Cactaceae,Stenocactus,Stenocactus multicostatus,,Accepted
flowering plants,Equisetopsida,Caryophyllanae,Caryophyllales,Cactaceae,Austrocylindropuntia,Austrocylindropuntia verschaffeltii,(Speg.) Backeb.,Accepted
flowering plants,Equisetopsida,Caryophyllanae,Caryophyllales,Cactaceae,Cereus,Cereus pectinatus,Coult.,No opinion
flowering plants,Equisetopsida,Caryophyllanae,Caryophyllales,Cactaceae,Mammillaria,Mammillaria tetrancistra,Engelm.,Accepted
flowering plants,Equisetopsida,Caryophyllanae,Caryophyllales,Cactaceae,Pseudorhipsalis,Pseudorhipsalis acuminata,Cufod.,Accepted
flowering plants,Equisetopsida,Caryophyllanae,Caryophyllales,Cactaceae,Pediocactus,Pediocactus knowltonii,L.D. Benson,Accepted
flowering plants,Equisetopsida,Caryophyllanae,Caryophyllales,Cactaceae,Mammillaria,Mammillaria mieheana,Tiegel,Accepted
flowering plants,Equisetopsida,Caryophyllanae,Caryophyllales,Cactaceae,Parodia,Parodia scopa,(Spreng.) N.P. Taylor,Accepted
flowering plants,Equisetopsida,Caryophyllanae,Caryophyllales,Cactaceae,Pachycereus,Pachycereus militaris,(Audot) D.R. Hunt,Accepted
flowering plants,Equisetopsida,Caryophyllanae,Caryophyllales,Cactaceae,Matucana,Matucana celendinensis,F. Ritter,Accepted
flowering plants,Equisetopsida,Caryophyllanae,Caryophyllales,Cactaceae,Mammillaria,Mammillaria recurvispina,Engelm.,No opinion
flowering plants,Equisetopsida,Caryophyllanae,Caryophyllales,Cactaceae,Frailea,Frailea cataphracta,(Dams) Britton & Rose,Accepted
flowering plants,Equisetopsida,Caryophyllanae,Caryophyllales,Cactaceae,Echinocereus,Echinocereus polyacanthus,(Otto ex Salm-Dyck) N.P. Taylor,Accepted
flowering plants,Equisetopsida,Caryophyllanae,Caryophyllales,Cactaceae,Melocactus,Melocactus curvispinus,Fern. Alonso & Xhonn.,No opinion
flowering plants,Equisetopsida,Caryophyllanae,Caryophyllales,Cactaceae,Echinopsis,Echinopsis candicans,(Gillies ex Salm-Dyck) D.R.Hunt,Accepted
flowering plants,Equisetopsida,Caryophyllanae,Caryophyllales,Cactaceae,Sulcorebutia,Sulcorebutia juckeri,Gertel,Accepted
flowering plants,Equisetopsida,Caryophyllanae,Caryophyllales,Cactaceae,Opuntia,Opuntia cognata,(F. Ritter) P.J. Braun & Esteves,Accepted
flowering plants,Equisetopsida,Caryophyllanae,Caryophyllales,Cactaceae,Cereus,Cereus devauxii,Foerster,No opinion
flowering plants,Equisetopsida,Caryophyllanae,Caryophyllales,Cactaceae,Echinopsis,Echinopsis callichroma,Cárdenas,Accepted
flowering plants,Equisetopsida,Caryophyllanae,Caryophyllales,Cactaceae,Stenocereus,Stenocereus thurberi,,Accepted
flowering plants,Equisetopsida,Caryophyllanae,Caryophyllales,Cactaceae,Echinocactus,Echinocactus pepinianus,K. Schum.,No opinion
flowering plants,Equisetopsida,Caryophyllanae,Caryophyllales,Cactaceae,Cereus,Cereus uruguayanus,R. Kiesling,Accepted
flowering plants,Equisetopsida,Caryophyllanae,Caryophyllales,Cactaceae,Coryphantha,Coryphantha robustispina,(Lem.) N.P. Taylor,Accepted
flowering plants,Equisetopsida,Caryophyllanae,Caryophyllales,Cactaceae,Mammillaria,Mammillaria heyderi,Muehlenpf.,Accepted
flowering plants,Equisetopsida,Caryophyllanae,Caryophyllales,Cactaceae,Strombocactus,Strombocactus turbiniformis,FriÄ,No opinion
flowering plants,Equisetopsida,Caryophyllanae,Caryophyllales,Cactaceae,Coryphantha,Coryphantha robustispina,(Schott ex Engelm.) Britton & Rose,Accepted
flowering plants,Equisetopsida,Caryophyllanae,Caryophyllales,Cactaceae,Parodia,Parodia splendens,Cárdenas,Accepted
flowering plants,Equisetopsida,Caryophyllanae,Caryophyllales,Cactaceae,Cephalocereus,Cephalocereus rhodanthus,(Gürke) Werderm.,Accepted
flowering plants,Equisetopsida,Caryophyllanae,Caryophyllales,Cactaceae,Ferocactus,Ferocactus haematacanthus,Bravo ex Backeb. & F.M. Knuth,Accepted
flowering plants,Equisetopsida,Caryophyllanae,Caryophyllales,Cactaceae,Echinopsis,Echinopsis antezanae,(Cárdenas) Friedrich & G.D. Rowley,Accepted
flowering plants,Equisetopsida,Caryophyllanae,Caryophyllales,Cactaceae,Heliocereus,Heliocereus speciosus,,Accepted
flowering plants,Equisetopsida,Caryophyllanae,Caryophyllales,Cactaceae,Cylindropuntia,Cylindropuntia lindsayi,(Rebman) Rebman,Accepted
flowering plants,Equisetopsida,Caryophyllanae,Caryophyllales,Cactaceae,Opuntia,Opuntia megacantha,A. Berger,No opinion
flowering plants,Equisetopsida,Caryophyllanae,Caryophyllales,Cactaceae,Matucana,Matucana haynei,(Backeb.) Mottram,Accepted
flowering plants,Equisetopsida,Caryophyllanae,Caryophyllales,Cactaceae,Pilosocereus,Pilosocereus arrabidae,(Lem.) Byles & G.D. Rowley,Accepted
flowering plants,Equisetopsida,Caryophyllanae,Caryophyllales,Cactaceae,Mammillaria,Mammillaria hutchisoniana,(G.E. Linds.) D.R. Hunt,Accepted
flowering plants,Equisetopsida,Caryophyllanae,Caryophyllales,Cactaceae,Pseudoacanthocereus,Pseudoacanthocereus sicariguensis,(Croizat & Tamayo) N.P.Taylor,Accepted
flowering plants,Equisetopsida,Caryophyllanae,Caryophyllales,Cactaceae,Coleocephalocereus,Coleocephalocereus buxbaumianus,(F. Ritter) N.P. Taylor & Zappi,Accepted
flowering plants,Equisetopsida,Caryophyllanae,Caryophyllales,Cactaceae,Melocactus,Melocactus bahiensis,(Buining & Brederoo) N.P. Taylor,Accepted
flowering plants,Equisetopsida,Caryophyllanae,Caryophyllales,Cactaceae,Glandulicactus,Glandulicactus uncinatus,,Accepted
flowering plants,Equisetopsida,Caryophyllanae,Caryophyllales,Cactaceae,Ferocactus,Ferocactus latispinus,(Haw.) Britton & Rose,Accepted
flowering plants,Equisetopsida,Caryophyllanae,Caryophyllales,Cactaceae,Parodia,Parodia turbinata,(Arechav.) Hofacker,Accepted
flowering plants,Equisetopsida,Caryophyllanae,Caryophyllales,Cactaceae,Echinocactus,Echinocactus platyacanthus,(Hook.) Bravo,Accepted
flowering plants,Equisetopsida,Caryophyllanae,Caryophyllales,Cactaceae,Sulcorebutia,Sulcorebutia frankiana,Rausch,Accepted
flowering plants,Equisetopsida,Caryophyllanae,Caryophyllales,Cactaceae,Copiapoa,Copiapoa pendulina,F.Ritter,Accepted
flowering plants,Equisetopsida,Caryophyllanae,Caryophyllales,Cactaceae,Pediocactus,Pediocactus simpsonii,,Accepted
flowering plants,Equisetopsida,Caryophyllanae,Caryophyllales,Cactaceae,Cephalocereus,Cephalocereus scoparius,(Poselg.) Britton & Rose,Accepted
flowering plants,Equisetopsida,Caryophyllanae,Caryophyllales,Cactaceae,Notocactus,Notocactus catarinensis,(F.Ritter) S.Theun.,No opinion
flowering plants,Equisetopsida,Caryophyllanae,Caryophyllales,Cactaceae,Hylocereus,Hylocereus escuintlensis,Kimnach,Accepted
flowering plants,Equisetopsida,Caryophyllanae,Caryophyllales,Cactaceae,Opuntia,Opuntia borinquensis,Britton & Rose,Accepted
flowering plants,Equisetopsida,Caryophyllanae,Caryophyllales,Cactaceae,Copiapoa,Copiapoa cinerea,(Backeb.) N.P.Taylor,Accepted
flowering plants,Equisetopsida,Caryophyllanae,Caryophyllales,Cactaceae,Eulychnia,Eulychnia acida,Phil.,Accepted
flowering plants,Equisetopsida,Caryophyllanae,Caryophyllales,Cactaceae,Echinopsis,Echinopsis obrepanda,(Cárdenas) G. Navarro,Accepted
flowering plants,Equisetopsida,Caryophyllanae,Caryophyllales,Cactaceae,Pilosocereus,Pilosocereus catingicola,(Werderm.) Zappi,Accepted
flowering plants,Equisetopsida,Caryophyllanae,Caryophyllales,Cactaceae,Schlumbergera,Schlumbergera epiphyloides,Lem.,No opinion
flowering plants,Equisetopsida,Caryophyllanae,Caryophyllales,Cactaceae,Hylocereus,Hylocereus stenopterus,(F.A.C. Weber) Britton & Rose,Accepted
flowering plants,Equisetopsida,Caryophyllanae,Caryophyllales,Cactaceae,Opuntia,Opuntia lloydii,Rose,Accepted
flowering plants,Equisetopsida,Caryophyllanae,Caryophyllales,Cactaceae,Neobuxbaumia,Neobuxbaumia mezcalaensis,Bravo,Accepted
flowering plants,Equisetopsida,Caryophyllanae,Caryophyllales,Cactaceae,Mammillaria,Mammillaria coronata,Scheidw.,No opinion
flowering plants,Equisetopsida,Caryophyllanae,Caryophyllales,Cactaceae,Tephrocactus,Tephrocactus halophilus,(Speg.) Backeb.,Accepted
flowering plants,Equisetopsida,Caryophyllanae,Caryophyllales,Cactaceae,Opuntia,Opuntia alcerrecensis,Iliff,Accepted
flowering plants,Equisetopsida,Caryophyllanae,Caryophyllales,Cactaceae,Arthrocereus,Arthrocereus melanurus,"(K.Schum.) Diers, P.Br. & Esteves",Accepted
flowering plants,Equisetopsida,Caryophyllanae,Caryophyllales,Cactaceae,Cochemiea,Cochemiea halei,(Brandegee) Walton,Accepted
flowering plants,Equisetopsida,Caryophyllanae,Caryophyllales,Cactaceae,Parodia,Parodia rudibuenekeri,(W.R. Abraham) Hofacker & P.J. Braun,Accepted
flowering plants,Equisetopsida,Caryophyllanae,Caryophyllales,Cactaceae,Mammillaria,Mammillaria knebeliana,Boed.,No opinion
flowering plants,Equisetopsida,Caryophyllanae,Caryophyllales,Cactaceae,Sclerocactus,Sclerocactus spinosior,(S.L. Welsh & Thorne) F. Hochstätter,Accepted
flowering plants,Equisetopsida,Caryophyllanae,Caryophyllales,Cactaceae,Stenocactus,Stenocactus lamellosus,(A. Dietr.) A. Berger ex A.W. Hill,Accepted
flowering plants,Equisetopsida,Caryophyllanae,Caryophyllales,Cactaceae,Cipocereus,Cipocereus crassisepalus,(Buining & Brederoo) Zappi & N.P. Taylor,Accepted
flowering plants,Equisetopsida,Caryophyllanae,Caryophyllales,Cactaceae,Echinopsis,Echinopsis rhodotricha,K.Schum.,Accepted
flowering plants,Equisetopsida,Caryophyllanae,Caryophyllales,Cactaceae,Pyrrhocactus,Pyrrhocactus marksianus,F. Ritter,Accepted
flowering plants,Equisetopsida,Caryophyllanae,Caryophyllales,Cactaceae,Opuntia,Opuntia littoralis,,Accepted
flowering plants,Equisetopsida,Caryophyllanae,Caryophyllales,Cactaceae,Oreocereus,Oreocereus varicolor,Backeb.,Accepted
flowering plants,Equisetopsida,Caryophyllanae,Caryophyllales,Cactaceae,Gymnocalycium,Gymnocalycium quehlianum,(F. Haage) Vaupel ex Hosseus,Accepted
flowering plants,Equisetopsida,Caryophyllanae,Caryophyllales,Cactaceae,Gymnocalycium,Gymnocalycium castellanosii,Backeb.,Accepted
flowering plants,Equisetopsida,Caryophyllanae,Caryophyllales,Cactaceae,Mammillaria,Mammillaria flavicentra,Backeb. ex Mottram,Accepted
flowering plants,Equisetopsida,Caryophyllanae,Caryophyllales,Cactaceae,Maihueniopsis,Maihueniopsis ovallei,(Remy) F.Ritter,No opinion
flowering plants,Equisetopsida,Caryophyllanae,Caryophyllales,Cactaceae,Echinocereus,Echinocereus fasciculatus,,No opinion
flowering plants,Equisetopsida,Caryophyllanae,Caryophyllales,Cactaceae,Rebutia,Rebutia fulviseta,F. Ritter,Accepted
flowering plants,Equisetopsida,Caryophyllanae,Caryophyllales,Cactaceae,Epiphyllum,Epiphyllum anguliger,(Lem.) G.Don,Accepted
flowering plants,Equisetopsida,Caryophyllanae,Caryophyllales,Cactaceae,Cleistocactus,Cleistocactus fieldianus,(Britton & Rose) D.R. Hunt,Accepted
flowering plants,Equisetopsida,Caryophyllanae,Caryophyllales,Cactaceae,Echinopsis,Echinopsis formosa,(Britton & Rose) M.Lowry,Accepted
flowering plants,Equisetopsida,Caryophyllanae,Caryophyllales,Cactaceae,Echinocereus,Echinocereus knippelianus,(Glass & R.A.Foster) Glass,Accepted
flowering plants,Equisetopsida,Caryophyllanae,Caryophyllales,Cactaceae,Opuntia,Opuntia caribaea,Britton & Rose,Accepted
flowering plants,Equisetopsida,Caryophyllanae,Caryophyllales,Cactaceae,Pilosocereus,Pilosocereus kanukuensis,(Alexander) Leuenb.,Accepted
flowering plants,Equisetopsida,Caryophyllanae,Caryophyllales,Cactaceae,Brasilicereus,Brasilicereus phaeacanthus,(Gürke) Backeb.,Accepted
flowering plants,Equisetopsida,Caryophyllanae,Caryophyllales,Cactaceae,Opuntia,Opuntia rufida,Engelm.,Accepted
flowering plants,Equisetopsida,Caryophyllanae,Caryophyllales,Cactaceae,Gymnocalycium,Gymnocalycium platense,(Speg.) R. Kiesling,Accepted
flowering plants,Equisetopsida,Caryophyllanae,Caryophyllales,Cactaceae,Ariocarpus,Ariocarpus bravoanus,(Stuppy & N.P.Taylor) E.F.Anderson & W.A.Fitz Maur.,Accepted
flowering plants,Equisetopsida,Caryophyllanae,Caryophyllales,Cactaceae,Opuntia,Opuntia fulvicoma,(Rauh & Backeb.) G.D. Rowley,Accepted
flowering plants,Equisetopsida,Caryophyllanae,Caryophyllales,Cactaceae,Cylindropuntia,Cylindropuntia imbricata,(Haw.) F.M. Knuth,Accepted
flowering plants,Equisetopsida,Caryophyllanae,Caryophyllales,Cactaceae,Opuntia,Opuntia engelmannii,(Griffiths) Parfitt & Pinkava,Accepted
flowering plants,Equisetopsida,Caryophyllanae,Caryophyllales,Cactaceae,Echinocereus,Echinocereus polyacanthus,(F.A.C. Weber) N.P. Taylor,Accepted
flowering plants,Equisetopsida,Caryophyllanae,Caryophyllales,Cactaceae,Echinopsis,Echinopsis scopulicola,(F. Ritter) Mottram,Accepted
flowering plants,Equisetopsida,Caryophyllanae,Caryophyllales,Cactaceae,Opuntia,Opuntia rahmeri,Phil.,Accepted
flowering plants,Equisetopsida,Caryophyllanae,Caryophyllales,Cactaceae,Mammillaria,Mammillaria orcuttii,Boed.,Accepted
flowering plants,Equisetopsida,Caryophyllanae,Caryophyllales,Cactaceae,Disocactus,Disocactus ackermannii,,Accepted
flowering plants,Equisetopsida,Caryophyllanae,Caryophyllales,Cactaceae,Rhipsalis,Rhipsalis conferta,Salm-Dyck,No opinion
flowering plants,Equisetopsida,Caryophyllanae,Caryophyllales,Cactaceae,Sulcorebutia,Sulcorebutia cardenasiana,R. Vásquez,Accepted
flowering plants,Equisetopsida,Caryophyllanae,Caryophyllales,Cactaceae,Rhipsalis,Rhipsalis neves-armondii,K. Schum.,Accepted
flowering plants,Equisetopsida,Caryophyllanae,Caryophyllales,Cactaceae,Coryphantha,Coryphantha hintoniorum,Dicht & A. Lüthy,Accepted
flowering plants,Equisetopsida,Caryophyllanae,Caryophyllales,Cactaceae,Cylindropuntia,Cylindropuntia imbricata,,Accepted
flowering plants,Equisetopsida,Caryophyllanae,Caryophyllales,Cactaceae,Hatiora,Hatiora salicornioides,(Haw.) Britton & Rose,Accepted
flowering plants,Equisetopsida,Caryophyllanae,Caryophyllales,Cactaceae,Schlumbergera,Schlumbergera microsphaerica,(K. Schum.) P.V. Heath,Accepted
flowering plants,Equisetopsida,Caryophyllanae,Caryophyllales,Cactaceae,Trichocereus,Trichocereus werdermannianus,Backeb.,Accepted
flowering plants,Equisetopsida,Caryophyllanae,Caryophyllales,Cactaceae,Discocactus,Discocactus heptacanthus,(Barb.Rodr.) Britton & Rose,Accepted
flowering plants,Equisetopsida,Caryophyllanae,Caryophyllales,Cactaceae,Corynopuntia,Corynopuntia bulbispina,(Engelm.) F.M. Knuth,Accepted
flowering plants,Equisetopsida,Caryophyllanae,Caryophyllales,Cactaceae,Echinocereus,Echinocereus viridiflorus,(Engelm.) N.P. Taylor,Accepted
flowering plants,Equisetopsida,Caryophyllanae,Caryophyllales,Cactaceae,Mammillaria,Mammillaria karwinskiana,,Accepted
flowering plants,Equisetopsida,Caryophyllanae,Caryophyllales,Cactaceae,Cereus,Cereus phoeniceus,Engelm. & Bigelow,Accepted
flowering plants,Equisetopsida,Caryophyllanae,Caryophyllales,Cactaceae,Echinopsis,Echinopsis densispina,Werderm.,Accepted
flowering plants,Equisetopsida,Caryophyllanae,Caryophyllales,Cactaceae,Sulcorebutia,Sulcorebutia arenacea,(Cárdenas) F. Ritter,Accepted
flowering plants,Equisetopsida,Caryophyllanae,Caryophyllales,Cactaceae,Parodia,Parodia rechensis,(Buining) F.H. Brandt,Accepted
flowering plants,Equisetopsida,Caryophyllanae,Caryophyllales,Cactaceae,Echinopsis,Echinopsis sanguiniflora,(Backeb.) D.R.Hunt,Accepted
flowering plants,Equisetopsida,Caryophyllanae,Caryophyllales,Cactaceae,Parodia,Parodia arnostiana,(Lisal & Kolarik) Hofacker,Accepted
flowering plants,Equisetopsida,Caryophyllanae,Caryophyllales,Cactaceae,Sulcorebutia,Sulcorebutia insperata,Rol.Müll.,Accepted
flowering plants,Equisetopsida,Caryophyllanae,Caryophyllales,Cactaceae,Cephalocereus,Cephalocereus macrocephalus,F.A.C. Weber ex K. Schum.,Accepted
flowering plants,Equisetopsida,Caryophyllanae,Caryophyllales,Cactaceae,Loxanthocereus,Loxanthocereus eulalianus,Rauh & Backeb.,No opinion
flowering plants,Equisetopsida,Caryophyllanae,Caryophyllales,Cactaceae,Coryphantha,Coryphantha elephantidens,(Bravo) Dicht & A. Lüthy,Accepted
flowering plants,Equisetopsida,Caryophyllanae,Caryophyllales,Cactaceae,Harrisia,Harrisia taylorii,Britton,Accepted
flowering plants,Equisetopsida,Caryophyllanae,Caryophyllales,Cactaceae,Cleistocactus,Cleistocactus acanthurus,(Backeb.) Ostolaza,Accepted
flowering plants,Equisetopsida,Caryophyllanae,Caryophyllales,Cactaceae,Echinocereus,Echinocereus maritimus,(E.Y. Dawson) W. Blum & Rutow,Accepted
flowering plants,Equisetopsida,Caryophyllanae,Caryophyllales,Cactaceae,Corryocactus,Corryocactus matucanensis,F. Ritter,Accepted
flowering plants,Equisetopsida,Caryophyllanae,Caryophyllales,Cactaceae,Mammillaria,Mammillaria goodridgii,Scheer,Accepted
flowering plants,Equisetopsida,Caryophyllanae,Caryophyllales,Cactaceae,Echinocereus,Echinocereus knippelianus,(Glass & Foster) W. Blum & Mich. Lange,Accepted
flowering plants,Equisetopsida,Caryophyllanae,Caryophyllales,Cactaceae,Harrisia,Harrisia aboriginum,Small,Accepted
flowering plants,Equisetopsida,Caryophyllanae,Caryophyllales,Cactaceae,Espostoa,Espostoa lanata,,No opinion
flowering plants,Equisetopsida,Caryophyllanae,Caryophyllales,Cactaceae,Cereus,Cereus ovatus,Pfeiff.,No opinion
flowering plants,Equisetopsida,Caryophyllanae,Caryophyllales,Cactaceae,Copiapoa,Copiapoa cinerea,F. Ritter,Accepted
flowering plants,Equisetopsida,Caryophyllanae,Caryophyllales,Cactaceae,Echinocactus,Echinocactus megapotamicus,Osten,No opinion
flowering plants,Equisetopsida,Caryophyllanae,Caryophyllales,Cactaceae,Echinopsis,Echinopsis deserticola,(Werderm.) Friedrich & G.D.Rowley,Accepted
flowering plants,Equisetopsida,Caryophyllanae,Caryophyllales,Cactaceae,Lobivia,Lobivia schreiteri,(Backeb.) Rausch,Accepted
flowering plants,Equisetopsida,Caryophyllanae,Caryophyllales,Cactaceae,Pyrrhocactus,Pyrrhocactus curvispinus,(Bertero ex Colla) A. Berger,Accepted
flowering plants,Equisetopsida,Caryophyllanae,Caryophyllales,Cactaceae,Coryphantha,Coryphantha chihuahuensis,(Britton & Rose) A. Berger,Accepted
flowering plants,Equisetopsida,Caryophyllanae,Caryophyllales,Cactaceae,Parodia,Parodia schumanniana,,Accepted
flowering plants,Equisetopsida,Caryophyllanae,Caryophyllales,Cactaceae,Echinocereus,Echinocereus parkeri,(N.P. Taylor) N.P. Taylor,Accepted
flowering plants,Equisetopsida,Caryophyllanae,Caryophyllales,Cactaceae,Escobaria,Escobaria dasyacantha,(Britton & Rose) N.P. Taylor,Accepted
flowering plants,Equisetopsida,Caryophyllanae,Caryophyllales,Cactaceae,Eriosyce,Eriosyce limariensis,(F.Ritter) Katt.,Accepted
flowering plants,Equisetopsida,Caryophyllanae,Caryophyllales,Cactaceae,Rhipsalis,Rhipsalis cereoides,(Backeb. & Voll) A. Cast.,Accepted
flowering plants,Equisetopsida,Caryophyllanae,Caryophyllales,Cactaceae,Parodia,Parodia columnaris,Cárdenas,Accepted
flowering plants,Equisetopsida,Caryophyllanae,Caryophyllales,Cactaceae,Cactus,Cactus triacanthus,(DC.) Kuntze,Accepted
flowering plants,Equisetopsida,Caryophyllanae,Caryophyllales,Cactaceae,Maihueniopsis,Maihueniopsis darwinii,(Britton & Rose) R. Kiesling,Accepted
flowering plants,Equisetopsida,Caryophyllanae,Caryophyllales,Cactaceae,Gymnocalycium,Gymnocalycium paediophilum,F.Ritter,Accepted
flowering plants,Equisetopsida,Caryophyllanae,Caryophyllales,Cactaceae,Strophocactus,Strophocactus wittii,(K. Schum.) Britton & Rose,Accepted
flowering plants,Equisetopsida,Caryophyllanae,Caryophyllales,Cactaceae,Monvillea,Monvillea apoloensis,Cárdenas,Accepted
flowering plants,Equisetopsida,Caryophyllanae,Caryophyllales,Cactaceae,Weingartia,Weingartia frey-juckeri,Diers & K.Augustin,No opinion
flowering plants,Equisetopsida,Caryophyllanae,Caryophyllales,Cactaceae,Parodia,Parodia tabularis,(F. Cels ex Rümpler) D.R. Hunt,Accepted
flowering plants,Equisetopsida,Caryophyllanae,Caryophyllales,Cactaceae,Eriosyce,Eriosyce esmeraldana,(F. Ritter) Katt.,Accepted
flowering plants,Equisetopsida,Caryophyllanae,Caryophyllales,Cactaceae,Navajoa,Navajoa fickeisenii,Backeb.,No opinion
flowering plants,Equisetopsida,Caryophyllanae,Caryophyllales,Cactaceae,Cleistocactus,Cleistocactus winteri,D.R.Hunt,Accepted
flowering plants,Equisetopsida,Caryophyllanae,Caryophyllales,Cactaceae,Notocactus,Notocactus concinnus,A.Berger,No opinion
flowering plants,Equisetopsida,Caryophyllanae,Caryophyllales,Cactaceae,Rhipsalis,Rhipsalis riocampanensis,Madsen & Z. Aguirre,Accepted
flowering plants,Equisetopsida,Caryophyllanae,Caryophyllales,Cactaceae,Rhipsalis,Rhipsalis crenata,(Britton) Vaupel,Accepted
flowering plants,Equisetopsida,Caryophyllanae,Caryophyllales,Cactaceae,Cipocereus,Cipocereus pleurocarpus,F. Ritter,Accepted
flowering plants,Equisetopsida,Caryophyllanae,Caryophyllales,Cactaceae,Opuntia,Opuntia guatemalensis,Britton & Rose,Accepted
flowering plants,Equisetopsida,Caryophyllanae,Caryophyllales,Cactaceae,Parodia,Parodia punae,Cárdenas,Accepted
flowering plants,Equisetopsida,Caryophyllanae,Caryophyllales,Cactaceae,Echinocereus,Echinocereus papillosus,(Clover) W.T.Marshall,Accepted
flowering plants,Equisetopsida,Caryophyllanae,Caryophyllales,Cactaceae,Bolivicereus,Bolivicereus soukupii,Knize,No opinion
flowering plants,Equisetopsida,Caryophyllanae,Caryophyllales,Cactaceae,Gymnocalycium,Gymnocalycium marsoneri,FriÄ ex Y.Itô,Accepted
flowering plants,Equisetopsida,Caryophyllanae,Caryophyllales,Cactaceae,Rhipsalis,Rhipsalis paranganiensis,(Cárdenas) Kimnach,Accepted
flowering plants,Equisetopsida,Caryophyllanae,Caryophyllales,Cactaceae,Oreocereus,Oreocereus variicolor,Backeb.,Accepted
flowering plants,Equisetopsida,Caryophyllanae,Caryophyllales,Cactaceae,Parodia,Parodia ottonis,(Lehm.) N.P. Taylor,Accepted
flowering plants,Equisetopsida,Caryophyllanae,Caryophyllales,Cactaceae,Austrocactus,Austrocactus bertinii,(E. Cels ex Hérincq) Britton & Rose,Accepted
flowering plants,Equisetopsida,Caryophyllanae,Caryophyllales,Cactaceae,Lobivia,Lobivia caineana,Cárdenas,Accepted
flowering plants,Equisetopsida,Caryophyllanae,Caryophyllales,Cactaceae,Browningia,Browningia hertlingiana,(Rauh) Buxb.,Accepted
flowering plants,Equisetopsida,Caryophyllanae,Caryophyllales,Cactaceae,Coleocephalocereus,Coleocephalocereus buxbaumianus,Buining,Accepted
flowering plants,Equisetopsida,Caryophyllanae,Caryophyllales,Cactaceae,Opuntia,Opuntia elatior,Mill.,Accepted
flowering plants,Equisetopsida,Caryophyllanae,Caryophyllales,Cactaceae,Gymnocalycium,Gymnocalycium robustum,"R. Kiesling, O. Ferrari & Metzing",Accepted
flowering plants,Equisetopsida,Caryophyllanae,Caryophyllales,Cactaceae,Cleistocactus,Cleistocactus hyalacanthus,(K. Schum.) Rol.-Goss.,Accepted
flowering plants,Equisetopsida,Caryophyllanae,Caryophyllales,Cactaceae,Echinocactus,Echinocactus maelenii,Salm-Dyck,No opinion
flowering plants,Equisetopsida,Caryophyllanae,Caryophyllales,Cactaceae,Opuntia,Opuntia leptarthra,F.A.C. Weber,No opinion
flowering plants,Equisetopsida,Caryophyllanae,Caryophyllales,Cactaceae,Maihueniopsis,Maihueniopsis archiconoidea,F. Ritter,Accepted
flowering plants,Equisetopsida,Caryophyllanae,Caryophyllales,Cactaceae,Corynopuntia,Corynopuntia moelleri,(A. Berger) F.M. Knuth,Accepted
flowering plants,Equisetopsida,Caryophyllanae,Caryophyllales,Cactaceae,Sclerocactus,Sclerocactus glaucus,(J.A. Purpus ex K. Schum.) L.D. Benson,Accepted
flowering plants,Equisetopsida,Caryophyllanae,Caryophyllales,Cactaceae,Acharagma,Acharagma huasteca,Elhart,No opinion
flowering plants,Equisetopsida,Caryophyllanae,Caryophyllales,Cactaceae,Echinocactus,Echinocactus horizonthalonius,,Accepted
flowering plants,Equisetopsida,Caryophyllanae,Caryophyllales,Cactaceae,Brachycereus,Brachycereus nesioticus,(K. Schum.) Backeb.,Accepted
flowering plants,Equisetopsida,Caryophyllanae,Caryophyllales,Cactaceae,Tephrocactus,Tephrocactus weberi,(Speg.) Backeb.,Accepted
flowering plants,Equisetopsida,Caryophyllanae,Caryophyllales,Cactaceae,Rhipsalis,Rhipsalis micrantha,,Accepted
flowering plants,Equisetopsida,Caryophyllanae,Caryophyllales,Cactaceae,Opuntia,Opuntia ianthinantha,(F. Ritter) Iliff,Accepted
flowering plants,Equisetopsida,Caryophyllanae,Caryophyllales,Cactaceae,Harrisia,Harrisia pomanensis,,Accepted
flowering plants,Equisetopsida,Caryophyllanae,Caryophyllales,Cactaceae,Monvillea,Monvillea ballivianii,Cárdenas,Accepted
flowering plants,Equisetopsida,Caryophyllanae,Caryophyllales,Cactaceae,Mammillaria,Mammillaria compressa,DC.,Accepted
flowering plants,Equisetopsida,Caryophyllanae,Caryophyllales,Cactaceae,Mammillaria,Mammillaria winterae,D.R. Hunt,Accepted
flowering plants,Equisetopsida,Caryophyllanae,Caryophyllales,Cactaceae,Cephalocereus,Cephalocereus remolinensis,(Backeb.) Borg,Accepted
flowering plants,Equisetopsida,Caryophyllanae,Caryophyllales,Cactaceae,Gymnocalycium,Gymnocalycium paraguayense,(K.Schum.) Hosseus,Accepted
flowering plants,Equisetopsida,Caryophyllanae,Caryophyllales,Cactaceae,Loxanthocereus,Loxanthocereus sulcifer,Rauh & Backeb.,Accepted
flowering plants,Equisetopsida,Caryophyllanae,Caryophyllales,Cactaceae,Opuntia,Opuntia ficus-indica,(Haw.) Speg.,Accepted
flowering plants,Equisetopsida,Caryophyllanae,Caryophyllales,Cactaceae,Parodia,Parodia gracilis,F. Ritter,Accepted
flowering plants,Equisetopsida,Caryophyllanae,Caryophyllales,Cactaceae,Echinocactus,Echinocactus polycephalus,J.M. Coult.,Accepted
flowering plants,Equisetopsida,Caryophyllanae,Caryophyllales,Cactaceae,Hatiora,Hatiora epiphylloides,(Porto ex Werderm.) Buxb.,No opinion
flowering plants,Equisetopsida,Caryophyllanae,Caryophyllales,Cactaceae,Winterocereus,Winterocereus colademononis,(Diers & Krahn) Metzing & R. Kiesling,Accepted
flowering plants,Equisetopsida,Caryophyllanae,Caryophyllales,Cactaceae,Thelocactus,Thelocactus rinconensis,(R. Haas) Mosco & Zanov.,Accepted
flowering plants,Equisetopsida,Caryophyllanae,Caryophyllales,Cactaceae,Tacinga,Tacinga funalis,Britton & Rose,Accepted
flowering plants,Equisetopsida,Caryophyllanae,Caryophyllales,Cactaceae,Peniocereus,Peniocereus rosei,"González Ortega, Jesús",Accepted
flowering plants,Equisetopsida,Caryophyllanae,Caryophyllales,Cactaceae,Arrojadoa,Arrojadoa bahiensis,(U. Braun & Esteves) N.P. Taylor & Eggli,Accepted
flowering plants,Equisetopsida,Caryophyllanae,Caryophyllales,Cactaceae,Glandulicactus,Glandulicactus uncinatus,(Engelm.) U. Guzmán,Accepted
flowering plants,Equisetopsida,Caryophyllanae,Caryophyllales,Cactaceae,Escobaria,Escobaria villardii,"Castetter, Pierce & Schwerin",Accepted
flowering plants,Equisetopsida,Caryophyllanae,Caryophyllales,Cactaceae,Echinocereus,Echinocereus pleiogonus,(Labour.) Croucher,Accepted
flowering plants,Equisetopsida,Caryophyllanae,Caryophyllales,Cactaceae,Micranthocereus,Micranthocereus dolichospermaticus,(Buining & Brederoo) F. Ritter,Accepted
flowering plants,Equisetopsida,Caryophyllanae,Caryophyllales,Cactaceae,Discocactus,Discocactus zehntneri,(Buining & Brederoo) N.P.Taylor & Zappi,Accepted
flowering plants,Equisetopsida,Caryophyllanae,Caryophyllales,Cactaceae,Coryphantha,Coryphantha kracikii,"Halda, Chalupa & Kupcák",Accepted
flowering plants,Equisetopsida,Caryophyllanae,Caryophyllales,Cactaceae,Echinopsis,Echinopsis werdermannii,Fric ex Fleisch.,Accepted
flowering plants,Equisetopsida,Caryophyllanae,Caryophyllales,Cactaceae,Echinopsis,Echinopsis tulhuayacensis,(Ochoa ex Backeb.) Friedrich & G.D. Rowley,Accepted
flowering plants,Equisetopsida,Caryophyllanae,Caryophyllales,Cactaceae,Echinocereus,Echinocereus reichenbachii,(Poselger) N.P. Taylor,Accepted
flowering plants,Equisetopsida,Caryophyllanae,Caryophyllales,Cactaceae,Neobesseya,Neobesseya arizonica,Hester,No opinion
flowering plants,Equisetopsida,Caryophyllanae,Caryophyllales,Cactaceae,Stenocereus,Stenocereus standleyi,(J.G. Ortega) Buxb.,Accepted
flowering plants,Equisetopsida,Caryophyllanae,Caryophyllales,Cactaceae,Cephalocereus,Cephalocereus polylophus,(DC.) Britton & Rose,Accepted
flowering plants,Equisetopsida,Caryophyllanae,Caryophyllales,Cactaceae,Stenocactus,Stenocactus dichroacanthus,,Accepted
flowering plants,Equisetopsida,Caryophyllanae,Caryophyllales,Cactaceae,Malacocarpus,Malacocarpus maassii,(Heese) Britton & Rose,Accepted
flowering plants,Equisetopsida,Caryophyllanae,Caryophyllales,Cactaceae,Echinocereus,Echinocereus subinermis,(J.G. Ortega) N.P. Taylor,Accepted
flowering plants,Equisetopsida,Caryophyllanae,Caryophyllales,Cactaceae,Acanthocereus,Acanthocereus baxaniensis,(Karw. ex Pfeiff.) Borg.,Accepted
flowering plants,Equisetopsida,Caryophyllanae,Caryophyllales,Cactaceae,Opuntia,Opuntia galapageia,E.F. Anderson & Walk.,Accepted
flowering plants,Equisetopsida,Caryophyllanae,Caryophyllales,Cactaceae,Sclerocactus,Sclerocactus wrightiae,L.D. Benson,Accepted
flowering plants,Equisetopsida,Caryophyllanae,Caryophyllales,Cactaceae,Mammillaria,Mammillaria microhelia,Werderm.,Accepted
flowering plants,Equisetopsida,Caryophyllanae,Caryophyllales,Cactaceae,Subpilocereus,Subpilocereus horrispinus,(Backeb.) Backeb.,Accepted
flowering plants,Equisetopsida,Caryophyllanae,Caryophyllales,Cactaceae,Peniocereus,Peniocereus lazaro-cardenasii,"(J.L. Contr., J. Jiménez Ram., Sánchez-Mej. & C.A. Toledo) D.R. Hunt",Accepted
flowering plants,Equisetopsida,Caryophyllanae,Caryophyllales,Cactaceae,Pereskiopsis,Pereskiopsis rotundifolia,(DC.) Britton & Rose,Accepted
flowering plants,Equisetopsida,Caryophyllanae,Caryophyllales,Cactaceae,Pterocereus,Pterocereus gaumeri,(Britton & Rose) T. MacDoug. & Miranda,Accepted
flowering plants,Equisetopsida,Caryophyllanae,Caryophyllales,Cactaceae,Pereskia,Pereskia grandifolia,,Accepted
flowering plants,Equisetopsida,Caryophyllanae,Caryophyllales,Cactaceae,Echinocereus,Echinocereus davisii,Houghton,Accepted
flowering plants,Equisetopsida,Caryophyllanae,Caryophyllales,Cactaceae,Echinocereus,Echinocereus coccineus,(Wooton & Standl.) A.D. Zimmerman,Accepted
flowering plants,Equisetopsida,Caryophyllanae,Caryophyllales,Cactaceae,Trichocereus,Trichocereus vollianus,Backeb.,Accepted
flowering plants,Equisetopsida,Caryophyllanae,Caryophyllales,Cactaceae,Tephrocactus,Tephrocactus campestris,(Britton & Rose) Backeb.,Accepted
flowering plants,Equisetopsida,Caryophyllanae,Caryophyllales,Cactaceae,Lophocereus,Lophocereus gatesii,M.E. Jones,Accepted
flowering plants,Equisetopsida,Caryophyllanae,Caryophyllales,Cactaceae,Epiphyllopsis,Epiphyllopsis gaertneri,(Regel) auct.,No opinion
flowering plants,Equisetopsida,Caryophyllanae,Caryophyllales,Cactaceae,Echinopsis,Echinopsis eyriesii,(Turpin) Pfeiff. & Otto,Accepted
flowering plants,Equisetopsida,Caryophyllanae,Caryophyllales,Cactaceae,Hariota,Hariota salicornioides,,No opinion
flowering plants,Equisetopsida,Caryophyllanae,Caryophyllales,Cactaceae,Lobivia,Lobivia saltensis,(Speg.) Britton & Rose,Accepted
flowering plants,Equisetopsida,Caryophyllanae,Caryophyllales,Cactaceae,Maihueniopsis,Maihueniopsis ovata,(Pfeiff.) F. Ritter,Accepted
flowering plants,Equisetopsida,Caryophyllanae,Caryophyllales,Cactaceae,Lophophora,Lophophora koehresii,"Bohata, MyÅ¡ák & Å nicer",No opinion
flowering plants,Equisetopsida,Caryophyllanae,Caryophyllales,Cactaceae,Mammillaria,Mammillaria schiedeana,(J.A. Purpus) D.R. Hunt,Accepted
flowering plants,Equisetopsida,Caryophyllanae,Caryophyllales,Cactaceae,Neochilenia,Neochilenia kunzei,(C.F.Först.) Backeb.,No opinion
flowering plants,Equisetopsida,Caryophyllanae,Caryophyllales,Cactaceae,Echinopsis,Echinopsis apiculata,Linke,Accepted
flowering plants,Equisetopsida,Caryophyllanae,Caryophyllales,Cactaceae,Cumulopuntia,Cumulopuntia mistiensis,(Backeb.) E.F. Anderson,Accepted
flowering plants,Equisetopsida,Caryophyllanae,Caryophyllales,Cactaceae,Trichocereus,Trichocereus litoralis,(Johow) Looser,Accepted
flowering plants,Equisetopsida,Caryophyllanae,Caryophyllales,Cactaceae,Mammillaria,Mammillaria heyderi,,Accepted
flowering plants,Equisetopsida,Caryophyllanae,Caryophyllales,Cactaceae,Epithelantha,Epithelantha unguispina,(Boed.) D.Donati & Zanov.,No opinion
flowering plants,Equisetopsida,Caryophyllanae,Caryophyllales,Cactaceae,Coryphantha,Coryphantha retusa,(Pfeiff) Britton & Rose,Accepted
flowering plants,Equisetopsida,Caryophyllanae,Caryophyllales,Cactaceae,Stenocactus,Stenocactus crispatus,(DC.) A. Berger ex A.W. Hill,Accepted
flowering plants,Equisetopsida,Caryophyllanae,Caryophyllales,Cactaceae,Echinopsis,Echinopsis chalaensis,(Rauh & Backeb.) Friedrich & G.D. Rowley,Accepted
flowering plants,Equisetopsida,Caryophyllanae,Caryophyllales,Cactaceae,Ferocactus,Ferocactus emoryi,(Engelm.) Orcutt,Accepted
flowering plants,Equisetopsida,Caryophyllanae,Caryophyllales,Cactaceae,Opuntia,Opuntia robusta,H.L. Wendl. ex Pfeiff.,Accepted
flowering plants,Equisetopsida,Caryophyllanae,Caryophyllales,Cactaceae,Parodia,Parodia hausteiniana,Rausch,Accepted
flowering plants,Equisetopsida,Caryophyllanae,Caryophyllales,Cactaceae,Rebutia,Rebutia margarethae,Rausch,Accepted
flowering plants,Equisetopsida,Caryophyllanae,Caryophyllales,Cactaceae,Mammillaria,Mammillaria brevicrinita,,No opinion
flowering plants,Equisetopsida,Caryophyllanae,Caryophyllales,Cactaceae,Echinocereus,Echinocereus pentalophus,,Accepted
flowering plants,Equisetopsida,Caryophyllanae,Caryophyllales,Cactaceae,Coryphantha,Coryphantha obscura,Boed.,Accepted
flowering plants,Equisetopsida,Caryophyllanae,Caryophyllales,Cactaceae,Eriosyce,Eriosyce islayensis,(C.F.Först.) Katt.,Accepted
flowering plants,Equisetopsida,Caryophyllanae,Caryophyllales,Cactaceae,Copiapoa,Copiapoa angustiflora,"Helmut Walter, G.J.Charles & Mächler",Accepted
flowering plants,Equisetopsida,Caryophyllanae,Caryophyllales,Cactaceae,Gymnocalycium,Gymnocalycium uebelmannianum,Rausch,Accepted
flowering plants,Equisetopsida,Caryophyllanae,Caryophyllales,Cactaceae,Mammillaria,Mammillaria evermanniana,(Britton & Rose) Orcutt,Accepted
flowering plants,Equisetopsida,Caryophyllanae,Caryophyllales,Cactaceae,Weberocereus,Weberocereus tonduzii,(F.A.C. Weber) D.R. Hunt,No opinion
flowering plants,Equisetopsida,Caryophyllanae,Caryophyllales,Cactaceae,Opuntia,Opuntia robinsonii,J.G. Ortega,Accepted
flowering plants,Equisetopsida,Caryophyllanae,Caryophyllales,Cactaceae,Echinomastus,Echinomastus intertextus,(Engelm.) Backeb.,Accepted
flowering plants,Equisetopsida,Caryophyllanae,Caryophyllales,Cactaceae,Mammillaria,Mammillaria trohartii,Hildm. ex K.Schum.,No opinion
flowering plants,Equisetopsida,Caryophyllanae,Caryophyllales,Cactaceae,Cereus,Cereus amazonicus,K. Schum.,Accepted
flowering plants,Equisetopsida,Caryophyllanae,Caryophyllales,Cactaceae,Matucana,Matucana paucicostata,F. Ritter,Accepted
flowering plants,Equisetopsida,Caryophyllanae,Caryophyllales,Cactaceae,Pyrrhocactus,Pyrrhocactus sanjuanensis,(Speg.) Backeb.,Accepted
flowering plants,Equisetopsida,Caryophyllanae,Caryophyllales,Cactaceae,Cylindropuntia,Cylindropuntia californica,(G.E. Linds.) Rebman,Accepted
flowering plants,Equisetopsida,Caryophyllanae,Caryophyllales,Cactaceae,Echinocereus,Echinocereus rigidissimus,(Engelm.) Engelm. ex Haage,Accepted
flowering plants,Equisetopsida,Caryophyllanae,Caryophyllales,Cactaceae,Opuntia,Opuntia bartramii,Raf.,No opinion
flowering plants,Equisetopsida,Caryophyllanae,Caryophyllales,Cactaceae,Pilosocereus,Pilosocereus coerulescens,,No opinion
flowering plants,Equisetopsida,Caryophyllanae,Caryophyllales,Cactaceae,Echinocereus,Echinocereus pamanesiorum,A.B. Lau,Accepted
flowering plants,Equisetopsida,Caryophyllanae,Caryophyllales,Cactaceae,Disocactus,Disocactus macranthus,(Alexander) Kimnach & Hutchison,Accepted
flowering plants,Equisetopsida,Caryophyllanae,Caryophyllales,Cactaceae,Copiapoa,Copiapoa humilis,(Werderm.) A.E. Hoffm.,Accepted
flowering plants,Equisetopsida,Caryophyllanae,Caryophyllales,Cactaceae,Gymnocalycium,Gymnocalycium oenanthemum,Backeb.,Accepted
flowering plants,Equisetopsida,Caryophyllanae,Caryophyllales,Cactaceae,Rebutia,Rebutia costata,Werderm.,Accepted
flowering plants,Equisetopsida,Caryophyllanae,Caryophyllales,Cactaceae,Escobaria,Escobaria chihuahuensis,(Glass & R.A.Foster) N.P.Taylor,Accepted
flowering plants,Equisetopsida,Caryophyllanae,Caryophyllales,Cactaceae,Lophocereus,Lophocereus schottii,,Accepted
flowering plants,Equisetopsida,Caryophyllanae,Caryophyllales,Cactaceae,Cleistocactus,Cleistocactus longiserpens,Leuenb.,Accepted
flowering plants,Equisetopsida,Caryophyllanae,Caryophyllales,Cactaceae,Tephrocactus,Tephrocactus bruchii,(Speg.) Backeb.,No opinion
flowering plants,Equisetopsida,Caryophyllanae,Caryophyllales,Cactaceae,Opuntia,Opuntia toumeyi,Rose,No opinion
flowering plants,Equisetopsida,Caryophyllanae,Caryophyllales,Cactaceae,Opuntia,Opuntia saxicola,Howell,Accepted
flowering plants,Equisetopsida,Caryophyllanae,Caryophyllales,Cactaceae,Weberocereus,Weberocereus bradei,(Britton & Rose) D.R. Hunt,No opinion
flowering plants,Equisetopsida,Caryophyllanae,Caryophyllales,Cactaceae,Cleistocactus,Cleistocactus reae,Cárdenas,Accepted
flowering plants,Equisetopsida,Caryophyllanae,Caryophyllales,Cactaceae,Echinocereus,Echinocereus polyacanthus,(Engelm.) N.P.Taylor,Accepted
flowering plants,Equisetopsida,Caryophyllanae,Caryophyllales,Cactaceae,Cumulopuntia,Cumulopuntia boliviana,(Vaupel) D.R.Hunt,Accepted
flowering plants,Equisetopsida,Caryophyllanae,Caryophyllales,Cactaceae,Echinopsis,Echinopsis nigra,Backeb.,Accepted
flowering plants,Equisetopsida,Caryophyllanae,Caryophyllales,Cactaceae,Ariocarpus,Ariocarpus retusus,(F.A.C. Weber) E.F. Anderson & Fitz Maurice,Accepted
flowering plants,Equisetopsida,Caryophyllanae,Caryophyllales,Cactaceae,Lobivia,Lobivia jajoiana,(Rausch) Rausch,Accepted
flowering plants,Equisetopsida,Caryophyllanae,Caryophyllales,Cactaceae,Kimnachia,Kimnachia ramulosa,(Britton & Harris) S. Arias & N. Korotkova,Accepted
flowering plants,Equisetopsida,Caryophyllanae,Caryophyllales,Cactaceae,Weberbauerocereus,Weberbauerocereus rauhii,Backeb.,Accepted
flowering plants,Equisetopsida,Caryophyllanae,Caryophyllales,Cactaceae,Neomammillaria,Neomammillaria trichacantha,(K. Schum.) Britton & Rose,Accepted
flowering plants,Equisetopsida,Caryophyllanae,Caryophyllales,Cactaceae,Cereus,Cereus diffusus,(Britton & Rose) Werderm.,Accepted
flowering plants,Equisetopsida,Caryophyllanae,Caryophyllales,Cactaceae,Cereus,Cereus saddianus,(Rizzini & A. Mattos) P.J. Braun,Accepted
flowering plants,Equisetopsida,Caryophyllanae,Caryophyllales,Cactaceae,Tunilla,Tunilla soehrensii,(Britton & Rose) D.R. Hunt & Iliff,Accepted
flowering plants,Equisetopsida,Caryophyllanae,Caryophyllales,Cactaceae,Disocactus,Disocactus hybridus,(Geel) Barthlott,No opinion
flowering plants,Equisetopsida,Caryophyllanae,Caryophyllales,Cactaceae,Mammillaria,Mammillaria crucigera,(Repp.) D.R. Hunt,Accepted
flowering plants,Equisetopsida,Caryophyllanae,Caryophyllales,Cactaceae,Corryocactus,Corryocactus charazanensis,Cárdenas,Accepted
flowering plants,Equisetopsida,Caryophyllanae,Caryophyllales,Cactaceae,Emorycactus,Emorycactus xeranthemoides,(J.M. Coult.) Doweld,Accepted
flowering plants,Equisetopsida,Caryophyllanae,Caryophyllales,Cactaceae,Pseudorhipsalis,Pseudorhipsalis ramulosa,,Accepted
flowering plants,Equisetopsida,Caryophyllanae,Caryophyllales,Cactaceae,Ferocactus,Ferocactus flavovirens,(Scheidw.) Britton & Rose,Accepted
flowering plants,Equisetopsida,Caryophyllanae,Caryophyllales,Cactaceae,Tephrocactus,Tephrocactus bonnieae,,No opinion
flowering plants,Equisetopsida,Caryophyllanae,Caryophyllales,Cactaceae,Mammillaria,Mammillaria tegelbergiana,H.E. Gates ex G.E. Linds.,Accepted
flowering plants,Equisetopsida,Caryophyllanae,Caryophyllales,Cactaceae,Cereus,Cereus grandicostatus,Werderm.,Accepted
flowering plants,Equisetopsida,Caryophyllanae,Caryophyllales,Cactaceae,Echinocereus,Echinocereus papillosus,Linke ex C.F. Först. & Rümpler,Accepted
flowering plants,Equisetopsida,Caryophyllanae,Caryophyllales,Cactaceae,Loxanthocereus,Loxanthocereus deserticola,F. Ritter,Accepted
flowering plants,Equisetopsida,Caryophyllanae,Caryophyllales,Cactaceae,Weberocereus,Weberocereus tunilla,(F.A.C. Weber) Ralf Bauer,Accepted
flowering plants,Equisetopsida,Caryophyllanae,Caryophyllales,Cactaceae,Parodia,Parodia microsperma,(F. Ritter & Weskamp) Brickwood,Accepted
flowering plants,Equisetopsida,Caryophyllanae,Caryophyllales,Cactaceae,Echinocereus,Echinocereus triglochidiatus,(K. Schum.) W. Blum & Mich. Lange,Accepted
flowering plants,Equisetopsida,Caryophyllanae,Caryophyllales,Cactaceae,Echinopsis,Echinopsis saltensis,Speg.,Accepted
flowering plants,Equisetopsida,Caryophyllanae,Caryophyllales,Cactaceae,Puna,Puna clavarioides,(Pfeiff.) R. Kiesling,Accepted
flowering plants,Equisetopsida,Caryophyllanae,Caryophyllales,Cactaceae,Epiphyllum,Epiphyllum phyllanthus,(L.) Haw.,Accepted
flowering plants,Equisetopsida,Caryophyllanae,Caryophyllales,Cactaceae,Echinocereus,Echinocereus spinigemmatus,A.B. Lau,Accepted
flowering plants,Equisetopsida,Caryophyllanae,Caryophyllales,Cactaceae,Mammillaria,Mammillaria voburnensis,Scheer,Accepted
flowering plants,Equisetopsida,Caryophyllanae,Caryophyllales,Cactaceae,Mammillaria,Mammillaria coahuilensis,(Boed.) Moran,Accepted
flowering plants,Equisetopsida,Caryophyllanae,Caryophyllales,Cactaceae,Ancistrocactus,Ancistrocactus brevihamatus,(Engelm.) Britton & Rose,Accepted
flowering plants,Equisetopsida,Caryophyllanae,Caryophyllales,Cactaceae,Coryphantha,Coryphantha georgii,Boed.,Accepted
flowering plants,Equisetopsida,Caryophyllanae,Caryophyllales,Cactaceae,Ferocactus,Ferocactus emoryi,,Accepted
flowering plants,Equisetopsida,Caryophyllanae,Caryophyllales,Cactaceae,Thelocactus,Thelocactus leucacanthus,(Werderm.) Mosco & Zanov.,Accepted
flowering plants,Equisetopsida,Caryophyllanae,Caryophyllales,Cactaceae,Opuntia,Opuntia curvispina,,No opinion
flowering plants,Equisetopsida,Caryophyllanae,Caryophyllales,Cactaceae,Echinocereus,Echinocereus laui,G. Frank,Accepted
flowering plants,Equisetopsida,Caryophyllanae,Caryophyllales,Cactaceae,x Pacherocactus,x Pacherocactus orcuttii,(Brandegee) G.D. Rowley,Accepted
flowering plants,Equisetopsida,Caryophyllanae,Caryophyllales,Cactaceae,Opuntia,Opuntia olmeca,"Pérez Crisanto, J.Reyes & F.Brachet",No opinion
flowering plants,Equisetopsida,Caryophyllanae,Caryophyllales,Cactaceae,Pilosocereus,Pilosocereus fulvilanatus,(P.J. Braun) Zappi,Accepted
flowering plants,Equisetopsida,Caryophyllanae,Caryophyllales,Cactaceae,Stenocactus,Stenocactus lancifer,(A. Dietr.) A. Berger ex Backeb. & F.M. Knuth,Accepted
flowering plants,Equisetopsida,Caryophyllanae,Caryophyllales,Cactaceae,Lepismium,Lepismium houlletianum,(Lem.) Barthlott,Accepted
flowering plants,Equisetopsida,Caryophyllanae,Caryophyllales,Cactaceae,Opuntia,Opuntia humifusa,,Accepted
flowering plants,Equisetopsida,Caryophyllanae,Caryophyllales,Cactaceae,Eriosyce,Eriosyce odieri,(F. Ritter) Katt.,Accepted
flowering plants,Equisetopsida,Caryophyllanae,Caryophyllales,Cactaceae,Opuntia,Opuntia hanburyana,F.A.C.Weber ex A.Berger,No opinion
flowering plants,Equisetopsida,Caryophyllanae,Caryophyllales,Cactaceae,Mammillaria,Mammillaria mercadensis,Patoni,Accepted
flowering plants,Equisetopsida,Caryophyllanae,Caryophyllales,Cactaceae,Echinocereus,Echinocereus xroetteri,(Engelm.) Rümpler,Accepted
flowering plants,Equisetopsida,Caryophyllanae,Caryophyllales,Cactaceae,Rhipsalis,Rhipsalis floccosa,(G. Lindb.) Barthlott & N.P. Taylor,Accepted
flowering plants,Equisetopsida,Caryophyllanae,Caryophyllales,Cactaceae,Pediocactus,Pediocactus simpsonii,(J.M. Coult.) L.D. Benson,Accepted
flowering plants,Equisetopsida,Caryophyllanae,Caryophyllales,Cactaceae,Coryphantha,Coryphantha recurvata,Dicht & A. Lüthy,Accepted
flowering plants,Equisetopsida,Caryophyllanae,Caryophyllales,Cactaceae,Cumulopuntia,Cumulopuntia frigida,F.Ritter,Accepted
flowering plants,Equisetopsida,Caryophyllanae,Caryophyllales,Cactaceae,Arrojadoa,Arrojadoa rhodantha,(Gürke) Britton & Rose,Accepted
flowering plants,Equisetopsida,Caryophyllanae,Caryophyllales,Cactaceae,Sclerocactus,Sclerocactus scheeri,(Salm-Dyck) N.P. Taylor,Accepted
flowering plants,Equisetopsida,Caryophyllanae,Caryophyllales,Cactaceae,Opuntia,Opuntia covillei,(Fosberg) Munz,Accepted
flowering plants,Equisetopsida,Caryophyllanae,Caryophyllales,Cactaceae,Lepismium,Lepismium cruciforme,(Vell.) Miq.,Accepted
flowering plants,Equisetopsida,Caryophyllanae,Caryophyllales,Cactaceae,Mammillaria,Mammillaria haageana,(J.A. Purpus) D.R. Hunt,Accepted
flowering plants,Equisetopsida,Caryophyllanae,Caryophyllales,Cactaceae,Turbinicarpus,Turbinicarpus gielsdorfianus,(Werderm.) John & Å˜íha,Accepted
flowering plants,Equisetopsida,Caryophyllanae,Caryophyllales,Cactaceae,Copiapoa,Copiapoa taltalensis,(F. Ritter) G.J. Charles,Accepted
flowering plants,Equisetopsida,Caryophyllanae,Caryophyllales,Cactaceae,Eriosyce,Eriosyce aerocarpa,(F. Ritter) Katt.,Accepted
flowering plants,Equisetopsida,Caryophyllanae,Caryophyllales,Cactaceae,Cylindropuntia,Cylindropuntia bigelovii,(Engelm.) F.M.Knuth,Accepted
flowering plants,Equisetopsida,Caryophyllanae,Caryophyllales,Cactaceae,Gymnocalycium,Gymnocalycium angelae,Meregalli,Accepted
flowering plants,Equisetopsida,Caryophyllanae,Caryophyllales,Cactaceae,Mammillaria,Mammillaria petterssonii,Hildm.,Accepted
flowering plants,Equisetopsida,Caryophyllanae,Caryophyllales,Cactaceae,Eulychnia,Eulychnia breviflora,Phil.,Accepted
flowering plants,Equisetopsida,Caryophyllanae,Caryophyllales,Cactaceae,Melocactus,Melocactus ernestii,Vaupel,Accepted
flowering plants,Equisetopsida,Caryophyllanae,Caryophyllales,Cactaceae,Neomammillaria,Neomammillaria gatesii,(M.E.Jones) Y.Itô,No opinion
flowering plants,Equisetopsida,Caryophyllanae,Caryophyllales,Cactaceae,Oreocereus,Oreocereus ritteri,Cullman,Accepted
flowering plants,Equisetopsida,Caryophyllanae,Caryophyllales,Cactaceae,Stenocactus,Stenocactus anfractuosus,(Mart.) A. Berger ex A.W. Hill,Accepted
flowering plants,Equisetopsida,Caryophyllanae,Caryophyllales,Cactaceae,Gymnocalycium,Gymnocalycium kroenleinii,"R. Kiesling, Rausch & O. Ferrari",Accepted
flowering plants,Equisetopsida,Caryophyllanae,Caryophyllales,Cactaceae,Haageocereus,Haageocereus pseudoversicolor,Rauh & Backeb.,Accepted
flowering plants,Equisetopsida,Caryophyllanae,Caryophyllales,Cactaceae,Harrisia,Harrisia portoricensis,Britton,Accepted
flowering plants,Equisetopsida,Caryophyllanae,Caryophyllales,Cactaceae,Pilosocereus,Pilosocereus leucocephalus,(Poselger) Byles & G.D. Rowley,Accepted
flowering plants,Equisetopsida,Caryophyllanae,Caryophyllales,Cactaceae,Pilosocereus,Pilosocereus juaruensis,(Buining & Brederoo) P.J. Braun,Accepted
flowering plants,Equisetopsida,Caryophyllanae,Caryophyllales,Cactaceae,Oreocereus,Oreocereus fossulatus,(Labour.) Backeb.,Accepted
flowering plants,Equisetopsida,Caryophyllanae,Caryophyllales,Cactaceae,Mammillaria,Mammillaria neopalmeri,R.T. Craig,Accepted
flowering plants,Equisetopsida,Caryophyllanae,Caryophyllales,Cactaceae,Gymnocalycium,Gymnocalycium bruchii,Rausch,Accepted
flowering plants,Equisetopsida,Caryophyllanae,Caryophyllales,Cactaceae,Cipocereus,Cipocereus minensis,,Accepted
flowering plants,Equisetopsida,Caryophyllanae,Caryophyllales,Cactaceae,Pereskia,Pereskia grandifolia,Leuenb.,Accepted
flowering plants,Equisetopsida,Caryophyllanae,Caryophyllales,Cactaceae,Lobivia,Lobivia haematantha,(Speg.) J. Ullmann,Accepted
flowering plants,Equisetopsida,Caryophyllanae,Caryophyllales,Cactaceae,Disocactus,Disocactus ackermannii,(Lindl.) Barthlott,No opinion
flowering plants,Equisetopsida,Caryophyllanae,Caryophyllales,Cactaceae,Coryphantha,Coryphantha cornifera,,No opinion
flowering plants,Equisetopsida,Caryophyllanae,Caryophyllales,Cactaceae,Echinocereus,Echinocereus pulchellus,(A. Dietr.) K. Schum.,Accepted
flowering plants,Equisetopsida,Caryophyllanae,Caryophyllales,Cactaceae,Lobivia,Lobivia bonnieae,"Halda, Hogan & Janeba",No opinion
flowering plants,Equisetopsida,Caryophyllanae,Caryophyllales,Cactaceae,Pfeiffera,Pfeiffera boliviana,(Britton) D.R. Hunt,Accepted
flowering plants,Equisetopsida,Caryophyllanae,Caryophyllales,Cactaceae,Cylindropuntia,Cylindropuntia alcahes,(F.A.C. Weber) F.M. Knuth,Accepted
flowering plants,Equisetopsida,Caryophyllanae,Caryophyllales,Cactaceae,Escobaria,Escobaria missouriensis,(Clover) D.R. Hunt,Accepted
flowering plants,Equisetopsida,Caryophyllanae,Caryophyllales,Cactaceae,Acharagma,Acharagma roseanum,,Accepted
flowering plants,Equisetopsida,Caryophyllanae,Caryophyllales,Cactaceae,Ancistrocactus,Ancistrocactus scheeri,(Salm-Dyck) Britton & Rose,Accepted
flowering plants,Equisetopsida,Caryophyllanae,Caryophyllales,Cactaceae,Peniocereus,Peniocereus castellae,Sánchez-Mej.,Accepted
flowering plants,Equisetopsida,Caryophyllanae,Caryophyllales,Cactaceae,Rhipsalis,Rhipsalis ewaldiana,Barthlott & N.P. Taylor,Accepted
flowering plants,Equisetopsida,Caryophyllanae,Caryophyllales,Cactaceae,Pterocactus,Pterocactus valentini,Speg.,Accepted
flowering plants,Equisetopsida,Caryophyllanae,Caryophyllales,Cactaceae,Echinopsis,Echinopsis uyupampensis,(Backeb.) Friedrich & G.D.Rowley,Accepted
flowering plants,Equisetopsida,Caryophyllanae,Caryophyllales,Cactaceae,Mammillaria,Mammillaria perezdelarosae,Bravo & Scheinvar,Accepted
flowering plants,Equisetopsida,Caryophyllanae,Caryophyllales,Cactaceae,Opuntia,Opuntia turgida,Small,Accepted
flowering plants,Equisetopsida,Caryophyllanae,Caryophyllales,Cactaceae,Echinocactus,Echinocactus langsdorfii,(Lehm.) Link & Otto,No opinion
flowering plants,Equisetopsida,Caryophyllanae,Caryophyllales,Cactaceae,Mammillaria,Mammillaria polythele,,Accepted
flowering plants,Equisetopsida,Caryophyllanae,Caryophyllales,Cactaceae,Pilosocereus,Pilosocereus densiareolatus,F. Ritter,Accepted
flowering plants,Equisetopsida,Caryophyllanae,Caryophyllales,Cactaceae,Opuntia,Opuntia macrorhiza,,Accepted
flowering plants,Equisetopsida,Caryophyllanae,Caryophyllales,Cactaceae,Haagespostoa,Haagespostoa climaxantha,(Werderm.) G.D.Rowley,No opinion
flowering plants,Equisetopsida,Caryophyllanae,Caryophyllales,Cactaceae,Pilosocereus,Pilosocereus maxonii,(Rose) Byles & G.D.Rowley,Accepted
flowering plants,Equisetopsida,Caryophyllanae,Caryophyllales,Cactaceae,Gymnocalycium,Gymnocalycium erinaceum,J.G.Lamb.,Accepted
flowering plants,Equisetopsida,Caryophyllanae,Caryophyllales,Cactaceae,Echinocereus,Echinocereus milleri,"W. Blum, Kuenzler & Oldach",No opinion
flowering plants,Equisetopsida,Caryophyllanae,Caryophyllales,Cactaceae,Melocactus,Melocactus guanensis,Xhonn. & Fern. Alonso,No opinion
flowering plants,Equisetopsida,Caryophyllanae,Caryophyllales,Cactaceae,Peniocereus,Peniocereus hirschtianus,(K.Schum.) D.R.Hunt,Accepted
flowering plants,Equisetopsida,Caryophyllanae,Caryophyllales,Cactaceae,Aporocactus,Aporocactus martianus,(Zucc.) Britton & Rose,Accepted
flowering plants,Equisetopsida,Caryophyllanae,Caryophyllales,Cactaceae,Opuntia,Opuntia atrispina,Griffiths,Accepted
flowering plants,Equisetopsida,Caryophyllanae,Caryophyllales,Cactaceae,Parodia,Parodia samaensis,H. Thiele,No opinion
flowering plants,Equisetopsida,Caryophyllanae,Caryophyllales,Cactaceae,Mammillaria,Mammillaria rhodantha,(Shurly) D.R. Hunt,Accepted
flowering plants,Equisetopsida,Caryophyllanae,Caryophyllales,Cactaceae,Eriosyce,Eriosyce aurata,(F. Ritter) Katt.,Accepted
flowering plants,Equisetopsida,Caryophyllanae,Caryophyllales,Cactaceae,Ferocactus,Ferocactus lindsayi,Bravo,Accepted
flowering plants,Equisetopsida,Caryophyllanae,Caryophyllales,Cactaceae,Uebelmannia,Uebelmannia pectinifera,,Accepted
flowering plants,Equisetopsida,Caryophyllanae,Caryophyllales,Cactaceae,Eriosyce,Eriosyce heinrichiana,(F.Ritter) Katt.,Accepted
flowering plants,Equisetopsida,Caryophyllanae,Caryophyllales,Cactaceae,Pseudorhipsalis,Pseudorhipsalis lankesteri,(Kimnach) Barthlott,Accepted
flowering plants,Equisetopsida,Caryophyllanae,Caryophyllales,Cactaceae,Myrtillocactus,Myrtillocactus pugionifer,A.Berger,No opinion
flowering plants,Equisetopsida,Caryophyllanae,Caryophyllales,Cactaceae,Haageocereus,Haageocereus lanugispinus,F. Ritter,Accepted
flowering plants,Equisetopsida,Caryophyllanae,Caryophyllales,Cactaceae,Weberocereus,Weberocereus imitans,(Kimnach & Hutchison) Buxb.,Accepted
flowering plants,Equisetopsida,Caryophyllanae,Caryophyllales,Cactaceae,Neomammillaria,Neomammillaria graessneriana,(Boed.) Britton & Rose,Accepted
flowering plants,Equisetopsida,Caryophyllanae,Caryophyllales,Cactaceae,Echinomastus,Echinomastus unguispinus,,Accepted
flowering plants,Equisetopsida,Caryophyllanae,Caryophyllales,Cactaceae,Mila,Mila pugionifera,Rauh & Backeb.,Accepted
flowering plants,Equisetopsida,Caryophyllanae,Caryophyllales,Cactaceae,Coleocephalocereus,Coleocephalocereus braunii,Diers & Esteves,Accepted
flowering plants,Equisetopsida,Caryophyllanae,Caryophyllales,Cactaceae,Stenocereus,Stenocereus dumortieri,(Scheidw.) Buxb.,Accepted
flowering plants,Equisetopsida,Caryophyllanae,Caryophyllales,Cactaceae,Melocactus,Melocactus onychacanthus,F. Ritter,No opinion
flowering plants,Equisetopsida,Caryophyllanae,Caryophyllales,Cactaceae,Lepismium,Lepismium cruciforme,(Salm-Dyck ex DC.) Süpplie,Accepted
flowering plants,Equisetopsida,Caryophyllanae,Caryophyllales,Cactaceae,Leptocereus,Leptocereus weingartianus,(Hartmann) Britton & Rose,Accepted
flowering plants,Equisetopsida,Caryophyllanae,Caryophyllales,Cactaceae,Echinocereus,Echinocereus rigidissimus,(Engelm.) F.Haage,Accepted
flowering plants,Equisetopsida,Caryophyllanae,Caryophyllales,Cactaceae,Trichocereus,Trichocereus tacnaensis,F. Ritter,Accepted
flowering plants,Equisetopsida,Caryophyllanae,Caryophyllales,Cactaceae,Facheiroa,Facheiroa squamosa,(Gürke) P.J. Braun & Esteves,Accepted
flowering plants,Equisetopsida,Caryophyllanae,Caryophyllales,Cactaceae,Ferocactus,Ferocactus cylindraceus,(Engelm.) Orcutt,Accepted
flowering plants,Equisetopsida,Caryophyllanae,Caryophyllales,Cactaceae,Eriosyce,Eriosyce napina,Katt.,Accepted
flowering plants,Equisetopsida,Caryophyllanae,Caryophyllales,Cactaceae,Parodia,Parodia minuta,F. Ritter,Accepted
flowering plants,Equisetopsida,Caryophyllanae,Caryophyllales,Cactaceae,Ferocactus,Ferocactus reppenhagenii,G. Unger,Accepted
flowering plants,Equisetopsida,Caryophyllanae,Caryophyllales,Cactaceae,Micranthocereus,Micranthocereus violaciflorus,Buining,Accepted
flowering plants,Equisetopsida,Caryophyllanae,Caryophyllales,Cactaceae,Neochilenia,Neochilenia jussieui,(Monv.) Backeb.,Accepted
flowering plants,Equisetopsida,Caryophyllanae,Caryophyllales,Cactaceae,Cleistocactus,Cleistocactus sepium,(Riccob.) Madsen,Accepted
flowering plants,Equisetopsida,Caryophyllanae,Caryophyllales,Cactaceae,Parodia,Parodia turecekiana,R. Kiesling,Accepted
flowering plants,Equisetopsida,Caryophyllanae,Caryophyllales,Cactaceae,Heliocereus,Heliocereus schrankii,,Accepted
flowering plants,Equisetopsida,Caryophyllanae,Caryophyllales,Cactaceae,Strombocactus,Strombocactus disciformis,Glass & S. Arias,Accepted
flowering plants,Equisetopsida,Caryophyllanae,Caryophyllales,Cactaceae,Coryphantha,Coryphantha tuberculosa,(Engelm.) A. Berger,Accepted
flowering plants,Equisetopsida,Caryophyllanae,Caryophyllales,Cactaceae,Puna,Puna bonnieae,D.J. Ferguson & R. Kiesling,Accepted
flowering plants,Equisetopsida,Caryophyllanae,Caryophyllales,Cactaceae,Cereus,Cereus hildmannii,K. Schum.,No opinion
flowering plants,Equisetopsida,Caryophyllanae,Caryophyllales,Cactaceae,Matucana,Matucana intertexta,F. Ritter,Accepted
flowering plants,Equisetopsida,Caryophyllanae,Caryophyllales,Cactaceae,Opuntia,Opuntia parryi,,Accepted
flowering plants,Equisetopsida,Caryophyllanae,Caryophyllales,Cactaceae,Echinomastus,Echinomastus gautii,(L.D. Benson) Mosco & Zanov.,Accepted
flowering plants,Equisetopsida,Caryophyllanae,Caryophyllales,Cactaceae,Cephalocereus,Cephalocereus nizandensis,(Bravo & T. MacDoug.) Buxb.,Accepted
flowering plants,Equisetopsida,Caryophyllanae,Caryophyllales,Cactaceae,Schlumbergera,Schlumbergera truncata,(N.E. Br.) Moran,Accepted
flowering plants,Equisetopsida,Caryophyllanae,Caryophyllales,Cactaceae,Echinocereus,Echinocereus chisosensis,(Mieckley) N.P. Taylor,Accepted
flowering plants,Equisetopsida,Caryophyllanae,Caryophyllales,Cactaceae,Rapicactus,Rapicactus booleanus,(G.S.Hinton) D.Donati,No opinion
flowering plants,Equisetopsida,Caryophyllanae,Caryophyllales,Cactaceae,Melocactus,Melocactus curvispinus,(Bravo) N.P. Taylor,Accepted
flowering plants,Equisetopsida,Caryophyllanae,Caryophyllales,Cactaceae,Echinopsis,Echinopsis cristata,Salm-Dyck,Accepted
flowering plants,Equisetopsida,Caryophyllanae,Caryophyllales,Cactaceae,Eriosyce,Eriosyce caligophila,R.Pinto,Accepted
flowering plants,Equisetopsida,Caryophyllanae,Caryophyllales,Cactaceae,Echinocereus,Echinocereus fendleri,(Peebles) N.P.Taylor,Accepted
flowering plants,Equisetopsida,Caryophyllanae,Caryophyllales,Cactaceae,x Haagespostoa,x Haagespostoa climaxantha,(Werderm.) G.D.Rowley,Accepted
flowering plants,Equisetopsida,Caryophyllanae,Caryophyllales,Cactaceae,Melocactus,Melocactus perezassoi,Areces,Accepted
flowering plants,Equisetopsida,Caryophyllanae,Caryophyllales,Cactaceae,Gymnocalycium,Gymnocalycium frankianum,Rausch ex H.Till & Amerh.,Accepted
flowering plants,Equisetopsida,Caryophyllanae,Caryophyllales,Cactaceae,Opuntia,Opuntia polyacantha,J.M. Coult.,No opinion
flowering plants,Equisetopsida,Caryophyllanae,Caryophyllales,Cactaceae,Coryphantha,Coryphantha guerkeana,(Boed.) Britton & Rose,Accepted
flowering plants,Equisetopsida,Caryophyllanae,Caryophyllales,Cactaceae,Echinopsis,Echinopsis tunariensis,(Cárdenas) Friedrich & G.D.Rowley,Accepted
flowering plants,Equisetopsida,Caryophyllanae,Caryophyllales,Cactaceae,Copiapoa,Copiapoa cinerascens,(Salm-Dyck) Britton & Rose,Accepted
flowering plants,Equisetopsida,Caryophyllanae,Caryophyllales,Cactaceae,Thelocactus,Thelocactus bicolor,Backeb.,Accepted
flowering plants,Equisetopsida,Caryophyllanae,Caryophyllales,Cactaceae,Opuntia,Opuntia maidenii,Griffiths,No opinion
flowering plants,Equisetopsida,Caryophyllanae,Caryophyllales,Cactaceae,Mammillaria,Mammillaria prolifera,(D.R. Hunt) D.R. Hunt,Accepted
flowering plants,Equisetopsida,Caryophyllanae,Caryophyllales,Cactaceae,Melocactus,Melocactus andinus,Fern. Alonso & Xhonn.,No opinion
flowering plants,Equisetopsida,Caryophyllanae,Caryophyllales,Cactaceae,Mammillaria,Mammillaria supertexta,Mart. ex Pfeiff.,Accepted
flowering plants,Equisetopsida,Caryophyllanae,Caryophyllales,Cactaceae,Thelocactus,Thelocactus setispinus,(Engelm.) E.F. Anderson,Accepted
flowering plants,Equisetopsida,Caryophyllanae,Caryophyllales,Cactaceae,Escobaria,Escobaria missouriensis,,Accepted
flowering plants,Equisetopsida,Caryophyllanae,Caryophyllales,Cactaceae,Browningia,Browningia amstutziae,(Rauh & Backeb.) Hutchison ex Krainz,Accepted
flowering plants,Equisetopsida,Caryophyllanae,Caryophyllales,Cactaceae,Cereus,Cereus monvilleanus,F.A.C. Weber,No opinion
flowering plants,Equisetopsida,Caryophyllanae,Caryophyllales,Cactaceae,Parodia,Parodia rosariana,H. Thiele,No opinion
flowering plants,Equisetopsida,Caryophyllanae,Caryophyllales,Cactaceae,Eriosyce,Eriosyce curvispina,(F. Ritter) Katt.,Accepted
flowering plants,Equisetopsida,Caryophyllanae,Caryophyllales,Cactaceae,Pilosocereus,Pilosocereus ulei,(K. Schum.) Byles & G.D. Rowley,Accepted
flowering plants,Equisetopsida,Caryophyllanae,Caryophyllales,Cactaceae,Mammillaria,Mammillaria picta,,Accepted
flowering plants,Equisetopsida,Caryophyllanae,Caryophyllales,Cactaceae,Cereus,Cereus yungasensis,A. Fuentes & Quispe,Accepted
flowering plants,Equisetopsida,Caryophyllanae,Caryophyllales,Cactaceae,Cleistocactus,Cleistocactus sextonianus,(Backeb.) D.R. Hunt,Accepted
flowering plants,Equisetopsida,Caryophyllanae,Caryophyllales,Cactaceae,Pediocactus,Pediocactus peeblesianus,(Backeb. ex Hochstätter) Lüthy,Accepted
flowering plants,Equisetopsida,Caryophyllanae,Caryophyllales,Cactaceae,Mammillaria,Mammillaria stella-de-tacubaya,Heese,Accepted
flowering plants,Equisetopsida,Caryophyllanae,Caryophyllales,Cactaceae,Discocactus,Discocactus ferricola,Buining & Brederoo,Accepted
flowering plants,Equisetopsida,Caryophyllanae,Caryophyllales,Cactaceae,Gymnocalycium,Gymnocalycium mazanense,(Backeb.) Backeb.,Accepted
flowering plants,Equisetopsida,Caryophyllanae,Caryophyllales,Cactaceae,Opuntia,Opuntia carstenii,R.Puente & C.Hamann,No opinion
flowering plants,Equisetopsida,Caryophyllanae,Caryophyllales,Cactaceae,Stenocereus,Stenocereus alamosensis,(J.M. Coult.) A.C. Gibson & K.E. Horak,Accepted
flowering plants,Equisetopsida,Caryophyllanae,Caryophyllales,Cactaceae,Mammillaria,Mammillaria longispina,Rchb.,No opinion
flowering plants,Equisetopsida,Caryophyllanae,Caryophyllales,Cactaceae,Echinocereus,Echinocereus mojavensis,(Engelm. & J.M. Bigelow) Rumpler,Accepted
flowering plants,Equisetopsida,Caryophyllanae,Caryophyllales,Cactaceae,Cleistocactus,Cleistocactus neoroezlii,(F. Ritter) Buxb.,Accepted
flowering plants,Equisetopsida,Caryophyllanae,Caryophyllales,Cactaceae,Opuntia,Opuntia megalarthra,Rose,No opinion
flowering plants,Equisetopsida,Caryophyllanae,Caryophyllales,Cactaceae,Cereus,Cereus haenkeanus,F.A.C. Weber ex K. Schum.,Accepted
flowering plants,Equisetopsida,Caryophyllanae,Caryophyllales,Cactaceae,Mammillaria,Mammillaria wiesingeri,Boed.,Accepted
flowering plants,Equisetopsida,Caryophyllanae,Caryophyllales,Cactaceae,Acanthocereus,Acanthocereus subinermis,Britton & Rose,Accepted
flowering plants,Equisetopsida,Caryophyllanae,Caryophyllales,Cactaceae,Mammillaria,Mammillaria backebergiana,Franc.G. Buchenau,Accepted
flowering plants,Equisetopsida,Caryophyllanae,Caryophyllales,Cactaceae,Stenocactus,Stenocactus wippermannii,(Muehlenpf.) A. Berger ex A.W. Hill,Accepted
flowering plants,Equisetopsida,Caryophyllanae,Caryophyllales,Cactaceae,Opuntia,Opuntia xcolumbiana,Griffiths (pro sp.),Accepted
flowering plants,Equisetopsida,Caryophyllanae,Caryophyllales,Cactaceae,Echinopsis,Echinopsis marsoneri,Werderm.,Accepted
flowering plants,Equisetopsida,Caryophyllanae,Caryophyllales,Cactaceae,Echinocereus,Echinocereus viereckii,Werderm.,Accepted
flowering plants,Equisetopsida,Caryophyllanae,Caryophyllales,Cactaceae,Mammillaria,Mammillaria albilanata,D.R. Hunt,Accepted
flowering plants,Equisetopsida,Caryophyllanae,Caryophyllales,Cactaceae,Mammillaria,Mammillaria eriacantha,J. Linares,Accepted
flowering plants,Equisetopsida,Caryophyllanae,Caryophyllales,Cactaceae,Coleocephalocereus,Coleocephalocereus fluminensis,(F. Ritter) N.P. Taylor & Zappi,Accepted
flowering plants,Equisetopsida,Caryophyllanae,Caryophyllales,Cactaceae,Matucana,Matucana haynei,(Otto ex Salm-Dyck) Britton & Rose,Accepted
flowering plants,Equisetopsida,Caryophyllanae,Caryophyllales,Cactaceae,Gymnocalycium,Gymnocalycium pungens,,No opinion
flowering plants,Equisetopsida,Caryophyllanae,Caryophyllales,Cactaceae,Mammillaria,Mammillaria hutchisoniana,(H.E. Gates) Boed.,Accepted
flowering plants,Equisetopsida,Caryophyllanae,Caryophyllales,Cactaceae,Marshallocereus,Marshallocereus aragonii,(F.A.C. Weber) Backeb.,Accepted
flowering plants,Equisetopsida,Caryophyllanae,Caryophyllales,Cactaceae,Mammillaria,Mammillaria albilanata,,Accepted
flowering plants,Equisetopsida,Caryophyllanae,Caryophyllales,Cactaceae,Leptocereus,Leptocereus grantianus,Britton,Accepted
flowering plants,Equisetopsida,Caryophyllanae,Caryophyllales,Cactaceae,Cereus,Cereus houlletii,(Lem.) A. Berger,Accepted
flowering plants,Equisetopsida,Caryophyllanae,Caryophyllales,Cactaceae,Cipocereus,Cipocereus minensis,N.P. Taylor & Zappi,Accepted
flowering plants,Equisetopsida,Caryophyllanae,Caryophyllales,Cactaceae,Sclerocactus,Sclerocactus spinosior,(Engelm.) Woodruff & L.D. Benson,Accepted
flowering plants,Equisetopsida,Caryophyllanae,Caryophyllales,Cactaceae,Echinocereus,Echinocereus stoloniferus,(W.T.Marshall) N.P.Taylor,Accepted
flowering plants,Equisetopsida,Caryophyllanae,Caryophyllales,Cactaceae,Turbinicarpus,Turbinicarpus beguinii,(N.P. Taylor) Mosco & Zanov.,Accepted
flowering plants,Equisetopsida,Caryophyllanae,Caryophyllales,Cactaceae,Opuntia,Opuntia nashii,Britton,Accepted
flowering plants,Equisetopsida,Caryophyllanae,Caryophyllales,Cactaceae,Opuntia,Opuntia wootonii,Griffiths,Accepted
flowering plants,Equisetopsida,Caryophyllanae,Caryophyllales,Cactaceae,Armatocereus,Armatocereus balsasensis,F. Ritter,Accepted
flowering plants,Equisetopsida,Caryophyllanae,Caryophyllales,Cactaceae,Coryphantha,Coryphantha macromeris,(Engelm.) Britton & Rose,Accepted
flowering plants,Equisetopsida,Caryophyllanae,Caryophyllales,Cactaceae,Cylindropuntia,Cylindropuntia acanthocarpa,(Engelm. & J.M. Bigelow) F.M. Knuth,Accepted
flowering plants,Equisetopsida,Caryophyllanae,Caryophyllales,Cactaceae,Trichocereus,Trichocereus terscheckii,(Parm. ex Pfeiff.) Britton & Rose,Accepted
flowering plants,Equisetopsida,Caryophyllanae,Caryophyllales,Cactaceae,Armatocereus,Armatocereus rupicola,F. Ritter,Accepted
flowering plants,Equisetopsida,Caryophyllanae,Caryophyllales,Cactaceae,Mammillaria,Mammillaria capensis,(H.E. Gates) R.T. Craig,Accepted
flowering plants,Equisetopsida,Caryophyllanae,Caryophyllales,Cactaceae,Cactus,Cactus rhodeocentrus,(Lem.) Kuntze,Accepted
flowering plants,Equisetopsida,Caryophyllanae,Caryophyllales,Cactaceae,Opuntia,Opuntia blakeana,Rose,No opinion
flowering plants,Equisetopsida,Caryophyllanae,Caryophyllales,Cactaceae,Ferocactus,Ferocactus recurvus,(Mill.) Borg,Accepted
flowering plants,Equisetopsida,Caryophyllanae,Caryophyllales,Cactaceae,Opuntia,Opuntia echinocarpa,,Accepted
flowering plants,Equisetopsida,Caryophyllanae,Caryophyllales,Cactaceae,Polaskia,Polaskia chende,Gibson & Horak,Accepted
flowering plants,Equisetopsida,Caryophyllanae,Caryophyllales,Cactaceae,Strombocactus,Strombocactus disciformis,,Accepted
flowering plants,Equisetopsida,Caryophyllanae,Caryophyllales,Cactaceae,Rhipsalis,Rhipsalis baccifera,(DC.) Barthlott,Accepted
flowering plants,Equisetopsida,Caryophyllanae,Caryophyllales,Cactaceae,Frailea,Frailea fulviseta,Buining & Brederoo,Accepted
flowering plants,Equisetopsida,Caryophyllanae,Caryophyllales,Cactaceae,Echinocereus,Echinocereus triglochidiatus,(Engelm.) U. Guzmán,Accepted
flowering plants,Equisetopsida,Caryophyllanae,Caryophyllales,Cactaceae,Opuntia,Opuntia burrageana,Britton & Rose,Accepted
flowering plants,Equisetopsida,Caryophyllanae,Caryophyllales,Cactaceae,Pereskia,Pereskia nemorosa,Rojas Acosta,Accepted
flowering plants,Equisetopsida,Caryophyllanae,Caryophyllales,Cactaceae,Parodia,Parodia schumanniana,(F. Ritter) Hofacker & P.J. Braun,Accepted
flowering plants,Equisetopsida,Caryophyllanae,Caryophyllales,Cactaceae,Frailea,Frailea phaeodisca,(Speg.) Backeb. & F.M.Knuth,Accepted
flowering plants,Equisetopsida,Caryophyllanae,Caryophyllales,Cactaceae,Opuntia,Opuntia polyacantha,(L.D. Benson) B.D. Parfitt,Accepted
flowering plants,Equisetopsida,Caryophyllanae,Caryophyllales,Cactaceae,Leptocereus,Leptocereus arboreus,Britton & Rose,Accepted
flowering plants,Equisetopsida,Caryophyllanae,Caryophyllales,Cactaceae,Cereus,Cereus paraensis,,No opinion
flowering plants,Equisetopsida,Caryophyllanae,Caryophyllales,Cactaceae,Acanthocalycium,Acanthocalycium klimpelianum,(Weidlich & Werderm.) Backeb.,Accepted
flowering plants,Equisetopsida,Caryophyllanae,Caryophyllales,Cactaceae,Echinocereus,Echinocereus engelmannii,(Parry ex Engelm.) Lem.,Accepted
flowering plants,Equisetopsida,Caryophyllanae,Caryophyllales,Cactaceae,Opuntia,Opuntia phaeacantha,(Engelm. & J.M. Bigelow) L.D. Benson,Accepted
flowering plants,Equisetopsida,Caryophyllanae,Caryophyllales,Cactaceae,Pediocactus,Pediocactus simpsonii,(Engelm.) Cockerell,Accepted
flowering plants,Equisetopsida,Caryophyllanae,Caryophyllales,Cactaceae,Melocactus,Melocactus concinnus,Buining & Brederoo,Accepted
flowering plants,Equisetopsida,Caryophyllanae,Caryophyllales,Cactaceae,Chileorebutia,Chileorebutia reichei,(K. Schum.) F. Ritter,Accepted
flowering plants,Equisetopsida,Caryophyllanae,Caryophyllales,Cactaceae,Echinocereus,Echinocereus paucispinus,Rumpler,No opinion
flowering plants,Equisetopsida,Caryophyllanae,Caryophyllales,Cactaceae,Opuntia,Opuntia domingensis,Britton & Rose ex Urb.,No opinion
flowering plants,Equisetopsida,Caryophyllanae,Caryophyllales,Cactaceae,Cereus,Cereus tenellus,Salm-Dyck,No opinion
flowering plants,Equisetopsida,Caryophyllanae,Caryophyllales,Cactaceae,Heliaporus,Heliaporus smithii,(Pfeiff.) Rowley,No opinion
flowering plants,Equisetopsida,Caryophyllanae,Caryophyllales,Cactaceae,Tephrocactus,Tephrocactus alexanderi,(Britton & Rose) Backeb.,Accepted
flowering plants,Equisetopsida,Caryophyllanae,Caryophyllales,Cactaceae,Astrophytum,Astrophytum capricorne,(A.Dietr.) Britton & Rose,Accepted
flowering plants,Equisetopsida,Caryophyllanae,Caryophyllales,Cactaceae,Neochilenia,Neochilenia hankeana,(C.F.Först.) Dölz,No opinion
flowering plants,Equisetopsida,Caryophyllanae,Caryophyllales,Cactaceae,Mammillaria,Mammillaria hamata,Lehm.,Accepted
flowering plants,Equisetopsida,Caryophyllanae,Caryophyllales,Cactaceae,Coryphantha,Coryphantha nickelsiae,(K. Brandegee) Britton & Rose,Accepted
flowering plants,Equisetopsida,Caryophyllanae,Caryophyllales,Cactaceae,Weberocereus,Weberocereus glaber,(Bravo) U. Guzmán,No opinion
flowering plants,Equisetopsida,Caryophyllanae,Caryophyllales,Cactaceae,Thelocactus,Thelocactus bicolor,,Accepted
flowering plants,Equisetopsida,Caryophyllanae,Caryophyllales,Cactaceae,Ferocactus,Ferocactus viridescens,,Accepted
flowering plants,Equisetopsida,Caryophyllanae,Caryophyllales,Cactaceae,Rebutia,Rebutia borealis,Diers & Krahn,Accepted
flowering plants,Equisetopsida,Caryophyllanae,Caryophyllales,Cactaceae,Mammillaria,Mammillaria sphacelata,,Accepted
flowering plants,Equisetopsida,Caryophyllanae,Caryophyllales,Cactaceae,Gymnocalycium,Gymnocalycium alboareolatum,Rausch,Accepted
flowering plants,Equisetopsida,Caryophyllanae,Caryophyllales,Cactaceae,Opuntia,Opuntia labouretiana,Console,No opinion
flowering plants,Equisetopsida,Caryophyllanae,Caryophyllales,Cactaceae,Cumulopuntia,Cumulopuntia recurvata,Gilmer & H.P.Thomas,Accepted
flowering plants,Equisetopsida,Caryophyllanae,Caryophyllales,Cactaceae,Opuntia,Opuntia santa-rita,(Griffiths & Hare) Rose,Accepted
flowering plants,Equisetopsida,Caryophyllanae,Caryophyllales,Cactaceae,Echinocactus,Echinocactus parryi,Engelm.,Accepted
flowering plants,Equisetopsida,Caryophyllanae,Caryophyllales,Cactaceae,Browningia,Browningia riosaniensis,(Backeb.) G.D. Rowley,Accepted
flowering plants,Equisetopsida,Caryophyllanae,Caryophyllales,Cactaceae,Echinopsis,Echinopsis guentheri,(Kupper) Anceschi & Magli,Accepted
flowering plants,Equisetopsida,Caryophyllanae,Caryophyllales,Cactaceae,Espostocactus,Espostocactus mirabilis,,No opinion
flowering plants,Equisetopsida,Caryophyllanae,Caryophyllales,Cactaceae,Wigginsia,Wigginsia schaeferiana,W.R. Abraham & J. Theun.,Accepted
flowering plants,Equisetopsida,Caryophyllanae,Caryophyllales,Cactaceae,Cereus,Cereus peruvianus,(L.) Mill.,Accepted
flowering plants,Equisetopsida,Caryophyllanae,Caryophyllales,Cactaceae,Coryphantha,Coryphantha delicata,L.Bremer,Accepted
flowering plants,Equisetopsida,Caryophyllanae,Caryophyllales,Cactaceae,Trichocereus,Trichocereus thelegonoides,(Speg.) Britton & Rose,Accepted
flowering plants,Equisetopsida,Caryophyllanae,Caryophyllales,Cactaceae,Cereus,Cereus hildmannianus,,Accepted
flowering plants,Equisetopsida,Caryophyllanae,Caryophyllales,Cactaceae,Mammillaria,Mammillaria vonwyssiana,Krainz,No opinion
flowering plants,Equisetopsida,Caryophyllanae,Caryophyllales,Cactaceae,Cylindropuntia,Cylindropuntia leptocaulis,(DC.) F.M.Knuth,Accepted
flowering plants,Equisetopsida,Caryophyllanae,Caryophyllales,Cactaceae,Turbinicarpus,Turbinicarpus pseudomacrochele,(G. Frank) Lüthy & A. Hofer,Accepted
flowering plants,Equisetopsida,Caryophyllanae,Caryophyllales,Cactaceae,Mammillaria,Mammillaria discolor,,Accepted
flowering plants,Equisetopsida,Caryophyllanae,Caryophyllales,Cactaceae,Leocereus,Leocereus bahiensis,Britton & Rose,Accepted
flowering plants,Equisetopsida,Caryophyllanae,Caryophyllales,Cactaceae,Opuntia,Opuntia stenopetala,,No opinion
flowering plants,Equisetopsida,Caryophyllanae,Caryophyllales,Cactaceae,Ancistrocactus,Ancistrocactus tobuschii,(W.T. Marshall) W.T. Marshall ex Backeb.,Accepted
flowering plants,Equisetopsida,Caryophyllanae,Caryophyllales,Cactaceae,Cereus,Cereus bicolor,Rizzini & A. Mattos,Accepted
flowering plants,Equisetopsida,Caryophyllanae,Caryophyllales,Cactaceae,Escobaria,Escobaria deserti,(Engelm.) Buxb.,Accepted
flowering plants,Equisetopsida,Caryophyllanae,Caryophyllales,Cactaceae,Micranthocereus,Micranthocereus oliveirae,P.J. Braun,Accepted
flowering plants,Equisetopsida,Caryophyllanae,Caryophyllales,Cactaceae,Parodia,Parodia magnifica,(F. Ritter) F.H. Brandt,Accepted
flowering plants,Equisetopsida,Caryophyllanae,Caryophyllales,Cactaceae,Copiapoa,Copiapoa megarhiza,Britton & Rose,Accepted
flowering plants,Equisetopsida,Caryophyllanae,Caryophyllales,Cactaceae,Opuntia,Opuntia hyptiacantha,F.A.C. Weber,Accepted
flowering plants,Equisetopsida,Caryophyllanae,Caryophyllales,Cactaceae,Ferocactus,Ferocactus townsendianus,Britton & Rose,Accepted
flowering plants,Equisetopsida,Caryophyllanae,Caryophyllales,Cactaceae,Lobivia,Lobivia famatimensis,(Speg.) Britton & Rose,Accepted
flowering plants,Equisetopsida,Caryophyllanae,Caryophyllales,Cactaceae,Eriosyce,Eriosyce taltalensis,(F. Ritter) Katt.,Accepted
flowering plants,Equisetopsida,Caryophyllanae,Caryophyllales,Cactaceae,Echinocactus,Echinocactus polycephalus,(J.M.Coult.) N.P.Taylor,Accepted
flowering plants,Equisetopsida,Caryophyllanae,Caryophyllales,Cactaceae,Opuntia,Opuntia virens,Ten.,No opinion
flowering plants,Equisetopsida,Caryophyllanae,Caryophyllales,Cactaceae,Hatiora,Hatiora herminiae,(Porto & A. Cast.) Backeb. ex Barthlott,Accepted
flowering plants,Equisetopsida,Caryophyllanae,Caryophyllales,Cactaceae,Disocactus,Disocactus ackermannii,(Haw.) Ralf Bauer,Accepted
flowering plants,Equisetopsida,Caryophyllanae,Caryophyllales,Cactaceae,Echinocereus,Echinocereus engelmannii,(Parry ex Engelm.) Rumpler,No opinion
flowering plants,Equisetopsida,Caryophyllanae,Caryophyllales,Cactaceae,Yungasocereus,Yungasocereus inquisivensis,(Cárdenas) F. Ritter,No opinion
flowering plants,Equisetopsida,Caryophyllanae,Caryophyllales,Cactaceae,Mammillaria,Mammillaria nunezii,,Accepted
flowering plants,Equisetopsida,Caryophyllanae,Caryophyllales,Cactaceae,Malacocarpus,Malacocarpus escayachensis,(Vaupel) Britton & Rose,Accepted
flowering plants,Equisetopsida,Caryophyllanae,Caryophyllales,Cactaceae,Pereskiopsis,Pereskiopsis blakeana,J.G. Ortega,Accepted
flowering plants,Equisetopsida,Caryophyllanae,Caryophyllales,Cactaceae,Opuntia,Opuntia bonaerensis,Speg.,Accepted
flowering plants,Equisetopsida,Caryophyllanae,Caryophyllales,Cactaceae,Lobivia,Lobivia krahn-juckeri,Diers,Accepted
flowering plants,Equisetopsida,Caryophyllanae,Caryophyllales,Cactaceae,Echinocereus,Echinocereus chloranthus,(Engelm.) J.N.Haage,Accepted
flowering plants,Equisetopsida,Caryophyllanae,Caryophyllales,Cactaceae,Coryphantha,Coryphantha glassii,Dicht & A. Lüthy,Accepted
flowering plants,Equisetopsida,Caryophyllanae,Caryophyllales,Cactaceae,Tephrocactus,Tephrocactus chichensis,Cárdenas,Accepted
flowering plants,Equisetopsida,Caryophyllanae,Caryophyllales,Cactaceae,Thelocactus,Thelocactus conothelos,(Glass & R.A. Foster) Glass,Accepted
flowering plants,Equisetopsida,Caryophyllanae,Caryophyllales,Cactaceae,Micranthocereus,Micranthocereus estevesii,(Buining & Brederoo) F. Ritter,Accepted
flowering plants,Equisetopsida,Caryophyllanae,Caryophyllales,Cactaceae,Gymnocalycium,Gymnocalycium gaponii,Neuhuber,Accepted
flowering plants,Equisetopsida,Caryophyllanae,Caryophyllales,Cactaceae,Mammillaria,Mammillaria elongata,(Salm-Dyck) Hemsl.,No opinion
flowering plants,Equisetopsida,Caryophyllanae,Caryophyllales,Cactaceae,Echinocereus,Echinocereus longisetus,(Gürke) N.P. Taylor,Accepted
flowering plants,Equisetopsida,Caryophyllanae,Caryophyllales,Cactaceae,Escobaria,Escobaria tuberculosa,(Tiegel) Lüthy,Accepted
flowering plants,Equisetopsida,Caryophyllanae,Caryophyllales,Cactaceae,Echinocereus,Echinocereus engelmannii,(Parish) Pierce & Fosberg,Accepted
flowering plants,Equisetopsida,Caryophyllanae,Caryophyllales,Cactaceae,Opuntia,Opuntia intricata,Griffiths,No opinion
flowering plants,Equisetopsida,Caryophyllanae,Caryophyllales,Cactaceae,Lobivia,Lobivia brachiantha,Wessner,Accepted
flowering plants,Equisetopsida,Caryophyllanae,Caryophyllales,Cactaceae,Mammillaria,Mammillaria laui,(D.R. Hunt) D.R. Hunt,Accepted
flowering plants,Equisetopsida,Caryophyllanae,Caryophyllales,Cactaceae,Echinocereus,Echinocereus fendleri,(Peebles) L.D.Benson,Accepted
flowering plants,Equisetopsida,Caryophyllanae,Caryophyllales,Cactaceae,Rapicactus,Rapicactus beguinii,(N.P.Taylor) Lüthy,No opinion
flowering plants,Equisetopsida,Caryophyllanae,Caryophyllales,Cactaceae,Escobaria,Escobaria vivipara,(Engelm.) D.R. Hunt,Accepted
flowering plants,Equisetopsida,Caryophyllanae,Caryophyllales,Cactaceae,Gymnocalycium,Gymnocalycium andreae,(Boed.) Backeb. & F.M.Knuth,Accepted
flowering plants,Equisetopsida,Caryophyllanae,Caryophyllales,Cactaceae,Eriosyce,Eriosyce kunzei,(F. Ritter) Katt.,Accepted
flowering plants,Equisetopsida,Caryophyllanae,Caryophyllales,Cactaceae,Mammillaria,Mammillaria hahniana,Werderm.,Accepted
flowering plants,Equisetopsida,Caryophyllanae,Caryophyllales,Cactaceae,Cleistocactus,Cleistocactus strausii,(Heese) Backeb.,Accepted
flowering plants,Equisetopsida,Caryophyllanae,Caryophyllales,Cactaceae,Malacocarpus,Malacocarpus pauciareolatus,,No opinion
flowering plants,Equisetopsida,Caryophyllanae,Caryophyllales,Cactaceae,Coryphantha,Coryphantha echinoidea,(Quehl) Britton & Rose,Accepted
flowering plants,Equisetopsida,Caryophyllanae,Caryophyllales,Cactaceae,Turbinicarpus,Turbinicarpus valdezianus,(Møller) Glass & R.A. Foster,Accepted
flowering plants,Equisetopsida,Caryophyllanae,Caryophyllales,Cactaceae,Opuntia,Opuntia diversispina,Griffiths,No opinion
flowering plants,Equisetopsida,Caryophyllanae,Caryophyllales,Cactaceae,Polaskia,Polaskia chende,(Rol.-Goss.) A.C. Gibson & K.E. Horak,Accepted
flowering plants,Equisetopsida,Caryophyllanae,Caryophyllales,Cactaceae,Echinocereus,Echinocereus triglochidiatus,Engelm.,Accepted
flowering plants,Equisetopsida,Caryophyllanae,Caryophyllales,Cactaceae,Mammillaria,Mammillaria tonalensis,D.R. Hunt,Accepted
flowering plants,Equisetopsida,Caryophyllanae,Caryophyllales,Cactaceae,Rebutia,Rebutia padcayensis,Rausch,Accepted
flowering plants,Equisetopsida,Caryophyllanae,Caryophyllales,Cactaceae,Stenocereus,Stenocereus thurberi,(K. Brandegee) N.P. Taylor,Accepted
flowering plants,Equisetopsida,Caryophyllanae,Caryophyllales,Cactaceae,Opuntia,Opuntia echios,,Accepted
flowering plants,Equisetopsida,Caryophyllanae,Caryophyllales,Cactaceae,Melocactus,Melocactus curvispinus,Xhonn. & Fern. Alonso,No opinion
flowering plants,Equisetopsida,Caryophyllanae,Caryophyllales,Cactaceae,Lobivia,Lobivia salitrensis,Rausch,No opinion
flowering plants,Equisetopsida,Caryophyllanae,Caryophyllales,Cactaceae,Mammillaria,Mammillaria scheinvariana,R.Ortega V. & Glass,Accepted
flowering plants,Equisetopsida,Caryophyllanae,Caryophyllales,Cactaceae,Selenicereus,Selenicereus coniflorus,(Weing.) Britton & Rose,Accepted
flowering plants,Equisetopsida,Caryophyllanae,Caryophyllales,Cactaceae,Cephalocereus,Cephalocereus nudus,E.Y. Dawson,Accepted
flowering plants,Equisetopsida,Caryophyllanae,Caryophyllales,Cactaceae,Hylocereus,Hylocereus undatus,Cálix,Accepted
flowering plants,Equisetopsida,Caryophyllanae,Caryophyllales,Cactaceae,Coleocephalocereus,Coleocephalocereus purpureus,(Buining & Brederoo) F. Ritter,Accepted
flowering plants,Equisetopsida,Caryophyllanae,Caryophyllales,Cactaceae,Acanthocalycium,Acanthocalycium glaucum,F. Ritter,Accepted
flowering plants,Equisetopsida,Caryophyllanae,Caryophyllales,Cactaceae,Cactus,Cactus loricatus,(Mart. ex Pfeiff.) Kuntze,Accepted
flowering plants,Equisetopsida,Caryophyllanae,Caryophyllales,Cactaceae,Mammillaria,Mammillaria saetigera,Boed. & Tiegel,No opinion
flowering plants,Equisetopsida,Caryophyllanae,Caryophyllales,Cactaceae,Soehrensia,Soehrensia korethroides,(Werderm.) Backeb.,No opinion
flowering plants,Equisetopsida,Caryophyllanae,Caryophyllales,Cactaceae,Mammillaria,Mammillaria moelleriana,Boed.,Accepted
flowering plants,Equisetopsida,Caryophyllanae,Caryophyllales,Cactaceae,Discocactus,Discocactus placentiformis,(Lehm.) K.Schum.,Accepted
flowering plants,Equisetopsida,Caryophyllanae,Caryophyllales,Cactaceae,Melocactus,Melocactus neryi,K. Schum.,Accepted
flowering plants,Equisetopsida,Caryophyllanae,Caryophyllales,Cactaceae,Cleistocactus,Cleistocactus luribayensis,Cárdenas,Accepted
flowering plants,Equisetopsida,Caryophyllanae,Caryophyllales,Cactaceae,Echinocereus,Echinocereus engelmannii,(Clover & Jotter) W. Blum & Mich. Lange,Accepted
flowering plants,Equisetopsida,Caryophyllanae,Caryophyllales,Cactaceae,Parodia,Parodia werneri,(N. Gerloff & G. Königs) Hofacker,Accepted
flowering plants,Equisetopsida,Caryophyllanae,Caryophyllales,Cactaceae,Echinocactus,Echinocactus grusonii,Hildm.,Accepted
flowering plants,Equisetopsida,Caryophyllanae,Caryophyllales,Cactaceae,Opuntia,Opuntia cochenillifera,(L.) Mill.,Accepted
flowering plants,Equisetopsida,Caryophyllanae,Caryophyllales,Cactaceae,Peniocereus,Peniocereus johnstonii,Britton & Rose,Accepted
flowering plants,Equisetopsida,Caryophyllanae,Caryophyllales,Cactaceae,Thelocephala,Thelocephala lembckei,(Backeb.) F. Ritter,No opinion
flowering plants,Equisetopsida,Caryophyllanae,Caryophyllales,Cactaceae,Opuntia,Opuntia jamaicensis,Britton & Harris,Accepted
flowering plants,Equisetopsida,Caryophyllanae,Caryophyllales,Cactaceae,Gymnocalycium,Gymnocalycium gibbosum,(Haw.) Pfeiff. ex Mittler,Accepted
flowering plants,Equisetopsida,Caryophyllanae,Caryophyllales,Cactaceae,Opuntia,Opuntia littoralis,(Fosberg) L.D. Benson & Walk.,Accepted
flowering plants,Equisetopsida,Caryophyllanae,Caryophyllales,Cactaceae,Opuntia,Opuntia mandragora,(Backeb.) G.D. Rowley,No opinion
flowering plants,Equisetopsida,Caryophyllanae,Caryophyllales,Cactaceae,Gymnocalycium,Gymnocalycium leptanthum,(Speg.) Speg.,Accepted
flowering plants,Equisetopsida,Caryophyllanae,Caryophyllales,Cactaceae,Mammillaria,Mammillaria brandegeei,(Engelm. ex J.M. Coult.) D.R. Hunt,Accepted
flowering plants,Equisetopsida,Caryophyllanae,Caryophyllales,Cactaceae,Opuntia,Opuntia expansa,Griffiths,No opinion
flowering plants,Equisetopsida,Caryophyllanae,Caryophyllales,Cactaceae,Haageocereus,Haageocereus decumbens,(Vaupel) Backeb.,Accepted
flowering plants,Equisetopsida,Caryophyllanae,Caryophyllales,Cactaceae,Pilosocereus,Pilosocereus curtisii,(Otto ex Pfeiff.) A.R. Frank,Accepted
flowering plants,Equisetopsida,Caryophyllanae,Caryophyllales,Cactaceae,Opuntia,Opuntia chisosensis,(M.S. Anthony) D.J. Ferguson,Accepted
flowering plants,Equisetopsida,Caryophyllanae,Caryophyllales,Cactaceae,Rhipsalis,Rhipsalis simmleri,Beauverd,Accepted
flowering plants,Equisetopsida,Caryophyllanae,Caryophyllales,Cactaceae,Maihueniopsis,Maihueniopsis darwinii,(Hensl.) F. Ritter,Accepted
flowering plants,Equisetopsida,Caryophyllanae,Caryophyllales,Cactaceae,Mammillaria,Mammillaria decipiens,(Dams) D.R. Hunt,Accepted
flowering plants,Equisetopsida,Caryophyllanae,Caryophyllales,Cactaceae,Lepismium,Lepismium lorentzianum,(Griseb.) Barthlott,Accepted
flowering plants,Equisetopsida,Caryophyllanae,Caryophyllales,Cactaceae,Lobivia,Lobivia backebergii,(Werderm.) Backeb.,Accepted
flowering plants,Equisetopsida,Caryophyllanae,Caryophyllales,Cactaceae,Echinocereus,Echinocereus berlandieri,(Poselg.) Fourn.,Accepted
flowering plants,Equisetopsida,Caryophyllanae,Caryophyllales,Cactaceae,Schlumbergera,Schlumbergera bridgesii,(Lem.) Loefgr.,Accepted
flowering plants,Equisetopsida,Caryophyllanae,Caryophyllales,Cactaceae,Airampoa,Airampoa ayrampo,(Azara) Doweld,Accepted
flowering plants,Equisetopsida,Caryophyllanae,Caryophyllales,Cactaceae,Ferocactus,Ferocactus chrysacanthus,(G.E. Linds.) N.P. Taylor,Accepted
flowering plants,Equisetopsida,Caryophyllanae,Caryophyllales,Cactaceae,Pereskia,Pereskia quisqueyana,Alain,Accepted
flowering plants,Equisetopsida,Caryophyllanae,Caryophyllales,Cactaceae,Schlumbergera,Schlumbergera truncata,(Haw.) Moran,Accepted
flowering plants,Equisetopsida,Caryophyllanae,Caryophyllales,Cactaceae,Maihueniopsis,Maihueniopsis hickenii,(Britton & Rose) D.R.Hunt,No opinion
flowering plants,Equisetopsida,Caryophyllanae,Caryophyllales,Cactaceae,Mammillaria,Mammillaria lenta,K. Brandegee,Accepted
flowering plants,Equisetopsida,Caryophyllanae,Caryophyllales,Cactaceae,Mammillaria,Mammillaria decipiens,Scheidw.,Accepted
flowering plants,Equisetopsida,Caryophyllanae,Caryophyllales,Cactaceae,Thelocactus,Thelocactus conothelos,(Regel & L. Klein) F.M. Knuth,Accepted
flowering plants,Equisetopsida,Caryophyllanae,Caryophyllales,Cactaceae,Coryphantha,Coryphantha ottonis,(Pfeiff.) Lem.,Accepted
flowering plants,Equisetopsida,Caryophyllanae,Caryophyllales,Cactaceae,Arthrocereus,Arthrocereus spinosissimus,(Buining & Brederoo) F. Ritter,Accepted
flowering plants,Equisetopsida,Caryophyllanae,Caryophyllales,Cactaceae,Melocactus,Melocactus lanssensianus,P.J. Braun,Accepted
flowering plants,Equisetopsida,Caryophyllanae,Caryophyllales,Cactaceae,Pachycereus,Pachycereus gaumeri,Britton & Rose,Accepted
flowering plants,Equisetopsida,Caryophyllanae,Caryophyllales,Cactaceae,Cochemiea,Cochemiea pondii,(Greene) Walton,Accepted
flowering plants,Equisetopsida,Caryophyllanae,Caryophyllales,Cactaceae,Echinopsis,Echinopsis vasquezii,(Rausch) G.D.Rowley,Accepted
flowering plants,Equisetopsida,Caryophyllanae,Caryophyllales,Cactaceae,Echinocereus,Echinocereus coccineus,(Engelm.) D.J. Ferguson,Accepted
flowering plants,Equisetopsida,Caryophyllanae,Caryophyllales,Cactaceae,Sulcorebutia,Sulcorebutia breviflora,Backeb.,Accepted
flowering plants,Equisetopsida,Caryophyllanae,Caryophyllales,Cactaceae,Discocactus,Discocactus biformis,Walp.,No opinion
flowering plants,Equisetopsida,Caryophyllanae,Caryophyllales,Cactaceae,Echinocereus,Echinocereus scheeri,(Salm-Dyck) Scheer,Accepted
flowering plants,Equisetopsida,Caryophyllanae,Caryophyllales,Cactaceae,Haageocereus,Haageocereus subtilispinus,F. Ritter,Accepted
flowering plants,Equisetopsida,Caryophyllanae,Caryophyllales,Cactaceae,Opuntia,Opuntia sanctae-barbarae,D.R. Hunt,Accepted
flowering plants,Equisetopsida,Caryophyllanae,Caryophyllales,Cactaceae,Weingartia,Weingartia neumanniana,(Backeb.) Werderm.,Accepted
flowering plants,Equisetopsida,Caryophyllanae,Caryophyllales,Cactaceae,Myrtgerocactus,Myrtgerocactus lindsayi,,No opinion
flowering plants,Equisetopsida,Caryophyllanae,Caryophyllales,Cactaceae,Escobaria,Escobaria albicolumnaria,Hester,Accepted
flowering plants,Equisetopsida,Caryophyllanae,Caryophyllales,Cactaceae,Gymnocalycium,Gymnocalycium denudatum,(Mereg.) Prestlé,Accepted
flowering plants,Equisetopsida,Caryophyllanae,Caryophyllales,Cactaceae,Rhipsalis,Rhipsalis baccifera,"M. Kessler, Ibisch & Barthlott",Accepted
flowering plants,Equisetopsida,Caryophyllanae,Caryophyllales,Cactaceae,Espostoa,Espostoa haagei,(Poselger ex Rumpler) F. Ritter,Accepted
flowering plants,Equisetopsida,Caryophyllanae,Caryophyllales,Cactaceae,Melocactus,Melocactus intortus,,Accepted
flowering plants,Equisetopsida,Caryophyllanae,Caryophyllales,Cactaceae,Ferocactus,Ferocactus tiburonensis,(G.Lindsay) Backeb.,No opinion
flowering plants,Equisetopsida,Caryophyllanae,Caryophyllales,Cactaceae,Cleistocactus,Cleistocactus jajoanus,(Backeb.) G.J.Charles,Accepted
flowering plants,Equisetopsida,Caryophyllanae,Caryophyllales,Cactaceae,Turbinicarpus,Turbinicarpus laui,Glass & R.A. Foster,Accepted
flowering plants,Equisetopsida,Caryophyllanae,Caryophyllales,Cactaceae,Sclerocactus,Sclerocactus parviflorus,,Accepted
flowering plants,Equisetopsida,Caryophyllanae,Caryophyllales,Cactaceae,Echinocereus,Echinocereus adustus,(A.B.Lau) N.P.Taylor,Accepted
flowering plants,Equisetopsida,Caryophyllanae,Caryophyllales,Cactaceae,Echinocactus,Echinocactus strobiliformis,Poselg.,No opinion
flowering plants,Equisetopsida,Caryophyllanae,Caryophyllales,Cactaceae,Weingartia,Weingartia fidaiana,(Backeb.) Werderm.,Accepted
flowering plants,Equisetopsida,Caryophyllanae,Caryophyllales,Cactaceae,Copiapoa,Copiapoa coquimbana,,Accepted
flowering plants,Equisetopsida,Caryophyllanae,Caryophyllales,Cactaceae,Browningia,Browningia hertlingiana,(Backeb.) Buxb.,Accepted
flowering plants,Equisetopsida,Caryophyllanae,Caryophyllales,Cactaceae,Rhipsalis,Rhipsalis floccosa,(Britton & Rose) Barthlott & N.P. Taylor,Accepted
flowering plants,Equisetopsida,Caryophyllanae,Caryophyllales,Cactaceae,Cumulopuntia,Cumulopuntia sphaerica,(Foerster) E.F. Anderson,Accepted
flowering plants,Equisetopsida,Caryophyllanae,Caryophyllales,Cactaceae,Selenicereus,Selenicereus grandiflorus,,Accepted
flowering plants,Equisetopsida,Caryophyllanae,Caryophyllales,Cactaceae,Mammillaria,Mammillaria polythele,(Scheidw.) D.R. Hunt,Accepted
flowering plants,Equisetopsida,Caryophyllanae,Caryophyllales,Cactaceae,Echinocereus,Echinocereus sciurus,(Schwarz ex Backeb.) N.P. Taylor,Accepted
flowering plants,Equisetopsida,Caryophyllanae,Caryophyllales,Cactaceae,Parodia,Parodia microsperma,,Accepted
flowering plants,Equisetopsida,Caryophyllanae,Caryophyllales,Cactaceae,Thelocactus,Thelocactus rinconensis,,Accepted
flowering plants,Equisetopsida,Caryophyllanae,Caryophyllales,Cactaceae,Escobaria,Escobaria cubensis,(Britton & Rose) D.R. Hunt,Accepted
flowering plants,Equisetopsida,Caryophyllanae,Caryophyllales,Cactaceae,Coryphantha,Coryphantha sneedii,,No opinion
flowering plants,Equisetopsida,Caryophyllanae,Caryophyllales,Cactaceae,Sulcorebutia,Sulcorebutia cylindrica,Donald & A.B. Lau,Accepted
flowering plants,Equisetopsida,Caryophyllanae,Caryophyllales,Cactaceae,Ferocactus,Ferocactus macrodiscus,,Accepted
flowering plants,Equisetopsida,Caryophyllanae,Caryophyllales,Cactaceae,Pilosocereus,Pilosocereus occultiflorus,P.J.Braun & Esteves,No opinion
flowering plants,Equisetopsida,Caryophyllanae,Caryophyllales,Cactaceae,Gymnocalycium,Gymnocalycium megalothelos,(Sencke) Britton & Rose,Accepted
flowering plants,Equisetopsida,Caryophyllanae,Caryophyllales,Cactaceae,Pilosocereus,Pilosocereus royenii,(L.) Byles & G.D. Rowley,Accepted
flowering plants,Equisetopsida,Caryophyllanae,Caryophyllales,Cactaceae,Cumulopuntia,Cumulopuntia tumida,F. Ritter,Accepted
flowering plants,Equisetopsida,Caryophyllanae,Caryophyllales,Cactaceae,Echinopsis,Echinopsis cajasensis,F.Ritter,Accepted
flowering plants,Equisetopsida,Caryophyllanae,Caryophyllales,Cactaceae,Parodia,Parodia stockingeri,(Prestlé) Hofacker & P.J. Braun,Accepted
flowering plants,Equisetopsida,Caryophyllanae,Caryophyllales,Cactaceae,Acanthocalycium,Acanthocalycium spiniflorum,(K. Schum.) Backeb.,Accepted
flowering plants,Equisetopsida,Caryophyllanae,Caryophyllales,Cactaceae,Opuntia,Opuntia crinifera,Salm-Dyck,No opinion
flowering plants,Equisetopsida,Caryophyllanae,Caryophyllales,Cactaceae,Opuntia,Opuntia compressa,(Small) L.D. Benson,Accepted
flowering plants,Equisetopsida,Caryophyllanae,Caryophyllales,Cactaceae,Cleistocactus,Cleistocactus hoffmannii,G.J. Charles,Accepted
flowering plants,Equisetopsida,Caryophyllanae,Caryophyllales,Cactaceae,Echinocereus,Echinocereus reichenbachii,(Terscheck ex Walp.) Britton & Rose,Accepted
flowering plants,Equisetopsida,Caryophyllanae,Caryophyllales,Cactaceae,Cereus,Cereus estevesii,P.J. Braun,Accepted
flowering plants,Equisetopsida,Caryophyllanae,Caryophyllales,Cactaceae,Opuntia,Opuntia strobiliformis,A. Berger,No opinion
flowering plants,Equisetopsida,Caryophyllanae,Caryophyllales,Cactaceae,Pyrrhocactus,Pyrrhocactus floccosus,F. Ritter,Accepted
flowering plants,Equisetopsida,Caryophyllanae,Caryophyllales,Cactaceae,Opuntia,Opuntia engelmannii,(Engelm.) B.D. Parfitt & Pinkava,Accepted
flowering plants,Equisetopsida,Caryophyllanae,Caryophyllales,Cactaceae,Copiapoa,Copiapoa fiedleriana,(K.Schum.) Backeb.,Accepted
flowering plants,Equisetopsida,Caryophyllanae,Caryophyllales,Cactaceae,Mammillaria,Mammillaria compressa,(Repp.) D.R. Hunt,Accepted
flowering plants,Equisetopsida,Caryophyllanae,Caryophyllales,Cactaceae,Escobaria,Escobaria missouriensis,(Sweet) D.R.Hunt,Accepted
flowering plants,Equisetopsida,Caryophyllanae,Caryophyllales,Cactaceae,Ariocarpus,Ariocarpus retusus,(F.A.C.Weber) E.F.Anderson & W.A.Fitz Maur.,Accepted
flowering plants,Equisetopsida,Caryophyllanae,Caryophyllales,Cactaceae,Matucana,Matucana tuberculata,"(Donald) Bregmann, Meerst., Melis & A.B. Pullen",Accepted
flowering plants,Equisetopsida,Caryophyllanae,Caryophyllales,Cactaceae,Echinocereus,Echinocereus palmeri,Britton & Rose,Accepted
flowering plants,Equisetopsida,Caryophyllanae,Caryophyllales,Cactaceae,Neobuxbaumia,Neobuxbaumia tetetzo,(F.A.C. Weber ex K. Schum.) Backeb.,Accepted
flowering plants,Equisetopsida,Caryophyllanae,Caryophyllales,Cactaceae,Echinocereus,Echinocereus subinermis,(J.G. Ortega) G. Unger,Accepted
flowering plants,Equisetopsida,Caryophyllanae,Caryophyllales,Cactaceae,Echinopsis,Echinopsis minuana,Speg.,Accepted
flowering plants,Equisetopsida,Caryophyllanae,Caryophyllales,Cactaceae,Mammillaria,Mammillaria pennispinosa,,Accepted
flowering plants,Equisetopsida,Caryophyllanae,Caryophyllales,Cactaceae,Opuntia,Opuntia phaeacantha,(Griffiths) L.D. Benson,Accepted
flowering plants,Equisetopsida,Caryophyllanae,Caryophyllales,Cactaceae,Peniocereus,Peniocereus striatus,(Brandegee) Buxb.,Accepted
flowering plants,Equisetopsida,Caryophyllanae,Caryophyllales,Cactaceae,Ariocarpus,Ariocarpus agavoides,(Castañeda) E.F. Anderson,Accepted
flowering plants,Equisetopsida,Caryophyllanae,Caryophyllales,Cactaceae,Opuntia,Opuntia moniliformis,(L.) Haw. ex Steud.,Accepted
flowering plants,Equisetopsida,Caryophyllanae,Caryophyllales,Cactaceae,Selenicereus,Selenicereus hamatus,(Scheidw.) Britton & Rose,Accepted
flowering plants,Equisetopsida,Caryophyllanae,Caryophyllales,Cactaceae,Tephrocactus,Tephrocactus articulatus,,Accepted
flowering plants,Equisetopsida,Caryophyllanae,Caryophyllales,Cactaceae,Opuntia,Opuntia chaffeyi,Britton & Rose,Accepted
flowering plants,Equisetopsida,Caryophyllanae,Caryophyllales,Cactaceae,Cactus,Cactus acanthophlegmus,(Lehm.) Kuntze,Accepted
flowering plants,Equisetopsida,Caryophyllanae,Caryophyllales,Cactaceae,Peniocereus,Peniocereus maculatus,(Weing.) Cutak,Accepted
flowering plants,Equisetopsida,Caryophyllanae,Caryophyllales,Cactaceae,Monvillea,Monvillea phatnosperma,(K. Schum.) Britton & Rose,Accepted
flowering plants,Equisetopsida,Caryophyllanae,Caryophyllales,Cactaceae,Hatiora,Hatiora salicornioides,(Britton & Rose) Süpplie,Accepted
flowering plants,Equisetopsida,Caryophyllanae,Caryophyllales,Cactaceae,Pygmaeocereus,Pygmaeocereus familiaris,F. Ritter,Accepted
flowering plants,Equisetopsida,Caryophyllanae,Caryophyllales,Cactaceae,Oroya,Oroya peruviana,F. Ritter,No opinion
flowering plants,Equisetopsida,Caryophyllanae,Caryophyllales,Cactaceae,Grusonia,Grusonia bradtiana,(Coult.) Britton & Rose,Accepted
flowering plants,Equisetopsida,Caryophyllanae,Caryophyllales,Cactaceae,Ariocarpus,Ariocarpus fissuratus,(Engelm.) K. Schum.,Accepted
flowering plants,Equisetopsida,Caryophyllanae,Caryophyllales,Cactaceae,Echinocereus,Echinocereus maritimus,(E.Y.Dawson) N.P.Taylor,Accepted
flowering plants,Equisetopsida,Caryophyllanae,Caryophyllales,Cactaceae,Thelocephala,Thelocephala tenebrica,F. Ritter,Accepted
flowering plants,Equisetopsida,Caryophyllanae,Caryophyllales,Cactaceae,Epiphyllum,Epiphyllum hookeri,(F.A.C. Weber) Ralf Bauer,Accepted
flowering plants,Equisetopsida,Caryophyllanae,Caryophyllales,Cactaceae,Cylindropuntia,Cylindropuntia tesajo,(Engelm. ex J.M. Coult.) F.M. Knuth,Accepted
flowering plants,Equisetopsida,Caryophyllanae,Caryophyllales,Cactaceae,Opuntia,Opuntia taylorii,Britton & Rose,Accepted
flowering plants,Equisetopsida,Caryophyllanae,Caryophyllales,Cactaceae,Sulcorebutia,Sulcorebutia glomeriseta,(Cárdenas) F. Ritter,Accepted
flowering plants,Equisetopsida,Caryophyllanae,Caryophyllales,Cactaceae,Sulcorebutia,Sulcorebutia kruegerae,,Accepted
flowering plants,Equisetopsida,Caryophyllanae,Caryophyllales,Cactaceae,Opuntia,Opuntia macracantha,Gibbes,Accepted
flowering plants,Equisetopsida,Caryophyllanae,Caryophyllales,Cactaceae,Opuntia,Opuntia assumptionis,K. Schum.,Accepted
flowering plants,Equisetopsida,Caryophyllanae,Caryophyllales,Cactaceae,Cleistocactus,Cleistocactus baumannii,,Accepted
flowering plants,Equisetopsida,Caryophyllanae,Caryophyllales,Cactaceae,Epiphyllum,Epiphyllum floribundum,Kimnach,Accepted
flowering plants,Equisetopsida,Caryophyllanae,Caryophyllales,Cactaceae,Mammillaria,Mammillaria huitzilopochtli,D.R. Hunt,Accepted
flowering plants,Equisetopsida,Caryophyllanae,Caryophyllales,Cactaceae,Sulcorebutia,Sulcorebutia canigueralii,(Cárdenas) Buining & Donald,Accepted
flowering plants,Equisetopsida,Caryophyllanae,Caryophyllales,Cactaceae,Pterocereus,Pterocereus gaumeri,(Britton & Rose) Th. MacDoug. & Miranda,Accepted
flowering plants,Equisetopsida,Caryophyllanae,Caryophyllales,Cactaceae,Rhipsalis,Rhipsalis paradoxa,(Salm-Dyck ex Pfeiff.) Salm-Dyck,Accepted
flowering plants,Equisetopsida,Caryophyllanae,Caryophyllales,Cactaceae,Gymnocalycium,Gymnocalycium carolinense,(Neuhuber) Neuhuber,Accepted
flowering plants,Equisetopsida,Caryophyllanae,Caryophyllales,Cactaceae,Opuntia,Opuntia basilaris,,Accepted
flowering plants,Equisetopsida,Caryophyllanae,Caryophyllales,Cactaceae,Echinofossulocactus,Echinofossulocactus hastatus,(Hopffer ex K.Schum.) Britton & Rose,No opinion
flowering plants,Equisetopsida,Caryophyllanae,Caryophyllales,Cactaceae,Lobivia,Lobivia wegheiana,Backeb.,Accepted
flowering plants,Equisetopsida,Caryophyllanae,Caryophyllales,Cactaceae,Selenicereus,Selenicereus setaceus,(Salm-Dyck) A. Berger ex Werderm.,Accepted
flowering plants,Equisetopsida,Caryophyllanae,Caryophyllales,Cactaceae,Discocactus,Discocactus heptacanthus,(Barb. Rodr.) Britton & Rose,Accepted
flowering plants,Equisetopsida,Caryophyllanae,Caryophyllales,Cactaceae,Melocactus,Melocactus ferreophilus,Buining & Brederoo,Accepted
flowering plants,Equisetopsida,Caryophyllanae,Caryophyllales,Cactaceae,Opuntia,Opuntia lutea,(Rose) Solomon,No opinion
flowering plants,Equisetopsida,Caryophyllanae,Caryophyllales,Cactaceae,Coryphantha,Coryphantha longicornis,Boed.,Accepted
flowering plants,Equisetopsida,Caryophyllanae,Caryophyllales,Cactaceae,Escobaria,Escobaria roseana,(Boed.) Buxb.,Accepted
flowering plants,Equisetopsida,Caryophyllanae,Caryophyllales,Cactaceae,Pediocactus,Pediocactus despainii,S.L. Welsh & Goodrich,Accepted
flowering plants,Equisetopsida,Caryophyllanae,Caryophyllales,Cactaceae,Mammillaria,Mammillaria bombycina,Quehl,Accepted
flowering plants,Equisetopsida,Caryophyllanae,Caryophyllales,Cactaceae,Leptocereus,Leptocereus scopulophilus,Areces,Accepted
flowering plants,Equisetopsida,Caryophyllanae,Caryophyllales,Cactaceae,Opuntia,Opuntia stenopetala,Bravo,No opinion
flowering plants,Equisetopsida,Caryophyllanae,Caryophyllales,Cactaceae,Gymnocalycium,Gymnocalycium anisitsii,(K. Schum.) Britton & Rose,Accepted
flowering plants,Equisetopsida,Caryophyllanae,Caryophyllales,Cactaceae,Notocactus,Notocactus katharinae,,No opinion
flowering plants,Equisetopsida,Caryophyllanae,Caryophyllales,Cactaceae,Mammillaria,Mammillaria multihamata,Boed.,Accepted
flowering plants,Equisetopsida,Caryophyllanae,Caryophyllales,Cactaceae,Lobivia,Lobivia pugionacantha,(Rose & Boed.) Backeb.,Accepted
flowering plants,Equisetopsida,Caryophyllanae,Caryophyllales,Cactaceae,Cumulopuntia,Cumulopuntia sphaerica,(C.F.Först.) E.F.Anderson,Accepted
flowering plants,Equisetopsida,Caryophyllanae,Caryophyllales,Cactaceae,Copiapoa,Copiapoa hypogaea,F.Ritter,Accepted
flowering plants,Equisetopsida,Caryophyllanae,Caryophyllales,Cactaceae,Pereskiopsis,Pereskiopsis porteri,(Brandegee ex F.A.C. Weber) Britton & Rose,Accepted
flowering plants,Equisetopsida,Caryophyllanae,Caryophyllales,Cactaceae,Tephrocactus,Tephrocactus clavarioides,(Pfeiff.) G.D.Rowley,No opinion
flowering plants,Equisetopsida,Caryophyllanae,Caryophyllales,Cactaceae,Opuntia,Opuntia stricta,(Haw.) Haw.,Accepted
flowering plants,Equisetopsida,Caryophyllanae,Caryophyllales,Cactaceae,Trichocereus,Trichocereus schickendantzii,(F.A.C. Weber) Britton & Rose,Accepted
flowering plants,Equisetopsida,Caryophyllanae,Caryophyllales,Cactaceae,Cereus,Cereus crispatus,(Haw.) Pfeiff. ex K. Schum.,Accepted
flowering plants,Equisetopsida,Caryophyllanae,Caryophyllales,Cactaceae,Pilosocereus,Pilosocereus royenii,(L.) Byles & Rowley,Accepted
flowering plants,Equisetopsida,Caryophyllanae,Caryophyllales,Cactaceae,Espostoa,Espostoa superba,F. Ritter,Accepted
flowering plants,Equisetopsida,Caryophyllanae,Caryophyllales,Cactaceae,Rhipsalis,Rhipsalis floccosa,,Accepted
flowering plants,Equisetopsida,Caryophyllanae,Caryophyllales,Cactaceae,Arthrocereus,Arthrocereus melanurus,"(K. Schum.) Diers, P.J. Braun & Esteves",Accepted
flowering plants,Equisetopsida,Caryophyllanae,Caryophyllales,Cactaceae,Echinocereus,Echinocereus neomexicanus,Standl.,No opinion
flowering plants,Equisetopsida,Caryophyllanae,Caryophyllales,Cactaceae,Copiapoa,Copiapoa humilis,(F. Ritter ex D.R. Hunt) D.R. Hunt,Accepted
flowering plants,Equisetopsida,Caryophyllanae,Caryophyllales,Cactaceae,Opuntia,Opuntia confusa,Griffiths,No opinion
flowering plants,Equisetopsida,Caryophyllanae,Caryophyllales,Cactaceae,Cleistocactus,Cleistocactus roezlii,(Haage ex K. Schum.) Backeb.,Accepted
flowering plants,Equisetopsida,Caryophyllanae,Caryophyllales,Cactaceae,Pyrrhocactus,Pyrrhocactus kattermannii,R. Kiesling,Accepted
flowering plants,Equisetopsida,Caryophyllanae,Caryophyllales,Cactaceae,Lobivia,Lobivia schreiteri,A. Cast.,Accepted
flowering plants,Equisetopsida,Caryophyllanae,Caryophyllales,Cactaceae,Echinomastus,Echinomastus mariposensis,Hester,Accepted
flowering plants,Equisetopsida,Caryophyllanae,Caryophyllales,Cactaceae,Loxanthocereus,Loxanthocereus hoffmannii,F. Ritter,Accepted
flowering plants,Equisetopsida,Caryophyllanae,Caryophyllales,Cactaceae,Opuntia,Opuntia tumida,(F. Ritter) D.R. Hunt,Accepted
flowering plants,Equisetopsida,Caryophyllanae,Caryophyllales,Cactaceae,Ferocactus,Ferocactus cylindraceus,,Accepted
flowering plants,Equisetopsida,Caryophyllanae,Caryophyllales,Cactaceae,Lobivia,Lobivia pugionacantha,Rausch,Accepted
flowering plants,Equisetopsida,Caryophyllanae,Caryophyllales,Cactaceae,Selenicereus,Selenicereus trigonus,(Haw.) S. Arias & N. Korotkova,Accepted
flowering plants,Equisetopsida,Caryophyllanae,Caryophyllales,Cactaceae,Turbinicarpus,Turbinicarpus jauernigii,G. Frank,Accepted
flowering plants,Equisetopsida,Caryophyllanae,Caryophyllales,Cactaceae,Echinocereus,Echinocereus fasciculatus,(Orcutt) L.D.Benson,Accepted
flowering plants,Equisetopsida,Caryophyllanae,Caryophyllales,Cactaceae,Mammillaria,Mammillaria melanocentra,Poselg.,Accepted
flowering plants,Equisetopsida,Caryophyllanae,Caryophyllales,Cactaceae,Opuntia,Opuntia whipplei,,No opinion
flowering plants,Equisetopsida,Caryophyllanae,Caryophyllales,Cactaceae,Anisocereus,Anisocereus lepidanthus,(Eichlam) Backeb.,Accepted
flowering plants,Equisetopsida,Caryophyllanae,Caryophyllales,Cactaceae,Melocactus,Melocactus deinacanthus,Buining & Brederoo,Accepted
flowering plants,Equisetopsida,Caryophyllanae,Caryophyllales,Cactaceae,Coryphantha,Coryphantha chlorantha,(Engelm.) Britton & Rose,Accepted
flowering plants,Equisetopsida,Caryophyllanae,Caryophyllales,Cactaceae,Mammillaria,Mammillaria marshalliana,(H.E. Gates) Boed.,Accepted
flowering plants,Equisetopsida,Caryophyllanae,Caryophyllales,Cactaceae,Disocactus,Disocactus mallisonii,(Otto & A.Dietr.) Barthlott,No opinion
flowering plants,Equisetopsida,Caryophyllanae,Caryophyllales,Cactaceae,Coryphantha,Coryphantha macromeris,(Britton & Rose) L.D. Benson,Accepted
flowering plants,Equisetopsida,Caryophyllanae,Caryophyllales,Cactaceae,Lobivia,Lobivia lateritia,Rausch,Accepted
flowering plants,Equisetopsida,Caryophyllanae,Caryophyllales,Cactaceae,Coryphantha,Coryphantha ramillosa,Cutak,Accepted
flowering plants,Equisetopsida,Caryophyllanae,Caryophyllales,Cactaceae,Grusonia,Grusonia robertsii,Rebman,Accepted
flowering plants,Equisetopsida,Caryophyllanae,Caryophyllales,Cactaceae,Opuntia,Opuntia tunicata,,Accepted
flowering plants,Equisetopsida,Caryophyllanae,Caryophyllales,Cactaceae,Opuntia,Opuntia engelmannii,Salm-Dyck,Accepted
flowering plants,Equisetopsida,Caryophyllanae,Caryophyllales,Cactaceae,Copiapoa,Copiapoa marginata,(Pfeiff.) A.E. Hoffm.,Accepted
flowering plants,Equisetopsida,Caryophyllanae,Caryophyllales,Cactaceae,Mammillaria,Mammillaria hahniana,(R.T. Craig) D.R. Hunt,Accepted
flowering plants,Equisetopsida,Caryophyllanae,Caryophyllales,Cactaceae,Mammillaria,Mammillaria meyranii,Bravo,Accepted
flowering plants,Equisetopsida,Caryophyllanae,Caryophyllales,Cactaceae,Coryphantha,Coryphantha difficilis,(Quehl) Orcutt,Accepted
flowering plants,Equisetopsida,Caryophyllanae,Caryophyllales,Cactaceae,Cleistocactus,Cleistocactus baumannii,(P.J. Braun) N.P. Taylor,Accepted
flowering plants,Equisetopsida,Caryophyllanae,Caryophyllales,Cactaceae,Eulychnia,Eulychnia castanea,Phil.,Accepted
flowering plants,Equisetopsida,Caryophyllanae,Caryophyllales,Cactaceae,Echinopsis,Echinopsis eyriesii,(Pfeiff. & Otto) P. Fourn.,Accepted
flowering plants,Equisetopsida,Caryophyllanae,Caryophyllales,Cactaceae,Mammillaria,Mammillaria theresae,Cutak,Accepted
flowering plants,Equisetopsida,Caryophyllanae,Caryophyllales,Cactaceae,Mammillaria,Mammillaria schiedeana,(Mart.-Aval. & Glass) Lüthy,Accepted
flowering plants,Equisetopsida,Caryophyllanae,Caryophyllales,Cactaceae,Pilosocereus,Pilosocereus sergipensis,(Werderm.) Byles & G.D. Rowley,Accepted
flowering plants,Equisetopsida,Caryophyllanae,Caryophyllales,Cactaceae,Copiapoa,Copiapoa humilis,(F. Ritter) G.J. Charles,No opinion
flowering plants,Equisetopsida,Caryophyllanae,Caryophyllales,Cactaceae,Lepismium,Lepismium myosurus,Pfeiff.,No opinion
flowering plants,Equisetopsida,Caryophyllanae,Caryophyllales,Cactaceae,Browningia,Browningia candelaris,(F. Ritter) D.R. Hunt,Accepted
flowering plants,Equisetopsida,Caryophyllanae,Caryophyllales,Cactaceae,Nopalea,Nopalea inaperta,Schott ex Griffiths,Accepted
flowering plants,Equisetopsida,Caryophyllanae,Caryophyllales,Cactaceae,Pyrrhocactus,Pyrrhocactus bulbocalyx,(Werderm.) Backeb.,Accepted
flowering plants,Equisetopsida,Caryophyllanae,Caryophyllales,Cactaceae,Rebutia,Rebutia albopectinata,Rausch,Accepted
flowering plants,Equisetopsida,Caryophyllanae,Caryophyllales,Cactaceae,Notocactus,Notocactus minimus,FriÄ‡ & Kreuz. Ex Buining,No opinion
flowering plants,Equisetopsida,Caryophyllanae,Caryophyllales,Cactaceae,Cylindropuntia,Cylindropuntia ganderi,(C.B. Wolf) Rebman & Pinkava,Accepted
flowering plants,Equisetopsida,Caryophyllanae,Caryophyllales,Cactaceae,Mammillaria,Mammillaria elongata,,Accepted
flowering plants,Equisetopsida,Caryophyllanae,Caryophyllales,Cactaceae,Ferocactus,Ferocactus cylindraceus,(H.E.Gates) N.P.Taylor,Accepted
flowering plants,Equisetopsida,Caryophyllanae,Caryophyllales,Cactaceae,Cleistocactus,Cleistocactus morawetzianus,Backeb.,Accepted
flowering plants,Equisetopsida,Caryophyllanae,Caryophyllales,Cactaceae,Escobaria,Escobaria missouriensis,(Sweet) D.R. Hunt,Accepted
flowering plants,Equisetopsida,Caryophyllanae,Caryophyllales,Cactaceae,Haagespostoa,Haagespostoa climaxantha,,No opinion
flowering plants,Equisetopsida,Caryophyllanae,Caryophyllales,Cactaceae,Austrocylindropuntia,Austrocylindropuntia subulata,(A. Berger) D.R. Hunt,Accepted
flowering plants,Equisetopsida,Caryophyllanae,Caryophyllales,Cactaceae,Sulcorebutia,Sulcorebutia verticillacantha,,Accepted
flowering plants,Equisetopsida,Caryophyllanae,Caryophyllales,Cactaceae,Ferocactus,Ferocactus viridescens,(Torr. & A. Gray) Britton & Rose,Accepted
flowering plants,Equisetopsida,Caryophyllanae,Caryophyllales,Cactaceae,Rebutia,Rebutia cintia,Hjertson,Accepted
flowering plants,Equisetopsida,Caryophyllanae,Caryophyllales,Cactaceae,Sulcorebutia,Sulcorebutia torotorensis,(Cárdenas) F.H. Brandt,Accepted
flowering plants,Equisetopsida,Caryophyllanae,Caryophyllales,Cactaceae,Rhipsalis,Rhipsalis pentaptera,Pfeiff. ex A. Dietr.,Accepted
flowering plants,Equisetopsida,Caryophyllanae,Caryophyllales,Cactaceae,Peniocereus,Peniocereus greggii,(Engelm.) Backeb.,Accepted
flowering plants,Equisetopsida,Caryophyllanae,Caryophyllales,Cactaceae,Mammillaria,Mammillaria wrightii,(Toumey ex K. Schum.) W.T. Marshall,Accepted
flowering plants,Equisetopsida,Caryophyllanae,Caryophyllales,Cactaceae,Opuntia,Opuntia curassavica,(L.) Mill.,Accepted
flowering plants,Equisetopsida,Caryophyllanae,Caryophyllales,Cactaceae,Austrocactus,Austrocactus coxii,(K.Schum.) Backeb.,Accepted
flowering plants,Equisetopsida,Caryophyllanae,Caryophyllales,Cactaceae,Parodia,Parodia yamparaezi,Cárdenas,Accepted
flowering plants,Equisetopsida,Caryophyllanae,Caryophyllales,Cactaceae,Parodia,Parodia meonacantha,(Prestlé) Hofacker,Accepted
flowering plants,Equisetopsida,Caryophyllanae,Caryophyllales,Cactaceae,Opuntia,Opuntia ellisiana,Griffiths,Accepted
flowering plants,Equisetopsida,Caryophyllanae,Caryophyllales,Cactaceae,Mammillaria,Mammillaria melanocentra,Poselger,Accepted
flowering plants,Equisetopsida,Caryophyllanae,Caryophyllales,Cactaceae,Frailea,Frailea stockingeri,Prestlé,Accepted
flowering plants,Equisetopsida,Caryophyllanae,Caryophyllales,Cactaceae,Melocactus,Melocactus curvispinus,(Suringar) N.P. Taylor,Accepted
flowering plants,Equisetopsida,Caryophyllanae,Caryophyllales,Cactaceae,Opuntia,Opuntia feracantha,Britton & Rose,Accepted
flowering plants,Equisetopsida,Caryophyllanae,Caryophyllales,Cactaceae,Rhipsalis,Rhipsalis platycarpa,(Zucc.) Pfeiff.,Accepted
flowering plants,Equisetopsida,Caryophyllanae,Caryophyllales,Cactaceae,Lobivia,Lobivia haematantha,Rausch,No opinion
flowering plants,Equisetopsida,Caryophyllanae,Caryophyllales,Cactaceae,Coryphantha,Coryphantha robustispina,,Accepted
flowering plants,Equisetopsida,Caryophyllanae,Caryophyllales,Cactaceae,Mammillaria,Mammillaria pseudocrucigera,R.T. Craig,Accepted
flowering plants,Equisetopsida,Caryophyllanae,Caryophyllales,Cactaceae,Echinopsis,Echinopsis caineana,(Cárdenas) D.R.Hunt,Accepted
flowering plants,Equisetopsida,Caryophyllanae,Caryophyllales,Cactaceae,Cleistocactus,Cleistocactus xylorhizus,(F. Ritter) Ostolaza,Accepted
flowering plants,Equisetopsida,Caryophyllanae,Caryophyllales,Cactaceae,Opuntia,Opuntia caesia,Griffiths,No opinion
flowering plants,Equisetopsida,Caryophyllanae,Caryophyllales,Cactaceae,Heliocereus,Heliocereus aurantiacus,,Accepted
flowering plants,Equisetopsida,Caryophyllanae,Caryophyllales,Cactaceae,Frailea,Frailea knippeliana,(Quehl) Britton & Rose,Accepted
flowering plants,Equisetopsida,Caryophyllanae,Caryophyllales,Cactaceae,Opuntia,Opuntia tuna,(L.) Mill.,Accepted
flowering plants,Equisetopsida,Caryophyllanae,Caryophyllales,Cactaceae,Selenicereus,Selenicereus minutiflorus,(Britton & Rose) D.R. Hunt,Accepted
flowering plants,Equisetopsida,Caryophyllanae,Caryophyllales,Cactaceae,Escobaria,Escobaria sneedii,(Rose ex Boed.) D.R. Hunt,Accepted
flowering plants,Equisetopsida,Caryophyllanae,Caryophyllales,Cactaceae,Weberbauerocereus,Weberbauerocereus madidiensis,Quispe & A. Fuentes,Accepted
flowering plants,Equisetopsida,Caryophyllanae,Caryophyllales,Cactaceae,Echinopsis,Echinopsis saltensis,(A.Cast.) M.Lowry,Accepted
flowering plants,Equisetopsida,Caryophyllanae,Caryophyllales,Cactaceae,Pereskia,Pereskia zinniaeflora,,No opinion
flowering plants,Equisetopsida,Caryophyllanae,Caryophyllales,Cactaceae,Mammillaria,Mammillaria sempervivi,DC.,Accepted
flowering plants,Equisetopsida,Caryophyllanae,Caryophyllales,Cactaceae,Mammillaria,Mammillaria magnimamma,Haw.,Accepted
flowering plants,Equisetopsida,Caryophyllanae,Caryophyllales,Cactaceae,Cylindropuntia,Cylindropuntia fulgida,(Schott ex Engelm.) Backeb.,Accepted
flowering plants,Equisetopsida,Caryophyllanae,Caryophyllales,Cactaceae,Lymanbensonia,Lymanbensonia crenata,(Britton) Doweld,Accepted
flowering plants,Equisetopsida,Caryophyllanae,Caryophyllales,Cactaceae,Echinopsis,Echinopsis baldiana,Speg.,Accepted
flowering plants,Equisetopsida,Caryophyllanae,Caryophyllales,Cactaceae,Sulcorebutia,Sulcorebutia atrospinosa,J. de Vries,Accepted
flowering plants,Equisetopsida,Caryophyllanae,Caryophyllales,Cactaceae,Opuntia,Opuntia whipplei,(Britton & Rose) L.D. Benson,Accepted
flowering plants,Equisetopsida,Caryophyllanae,Caryophyllales,Cactaceae,Opuntia,Opuntia limitata,(F. Ritter) P.J. Braun & Esteves,Accepted
flowering plants,Equisetopsida,Caryophyllanae,Caryophyllales,Cactaceae,Echinopsis,Echinopsis aurea,Britton & Rose,Accepted
flowering plants,Equisetopsida,Caryophyllanae,Caryophyllales,Cactaceae,Opuntia,Opuntia gilvescens,Griffiths,Accepted
flowering plants,Equisetopsida,Caryophyllanae,Caryophyllales,Cactaceae,Cereus,Cereus jugatiflorus,Werderm.,No opinion
flowering plants,Equisetopsida,Caryophyllanae,Caryophyllales,Cactaceae,Cylindropuntia,Cylindropuntia californica,(Torr. & A. Gray) F.M. Knuth,Accepted
flowering plants,Equisetopsida,Caryophyllanae,Caryophyllales,Cactaceae,Parodia,Parodia slabana,Halda & Horácek,Accepted
flowering plants,Equisetopsida,Caryophyllanae,Caryophyllales,Cactaceae,Echinocereus,Echinocereus chisosensis,W.T. Marshall,Accepted
flowering plants,Equisetopsida,Caryophyllanae,Caryophyllales,Cactaceae,Malacocarpus,Malacocarpus vorwerckianus,(Werderm.) Backeb.,No opinion
flowering plants,Equisetopsida,Caryophyllanae,Caryophyllales,Cactaceae,Frailea,Frailea schilinzkyana,(F. Haage) Britton & Rose,Accepted
flowering plants,Equisetopsida,Caryophyllanae,Caryophyllales,Cactaceae,Echinocereus,Echinocereus viridiflorus,(Houghton) N.P. Taylor,Accepted
flowering plants,Equisetopsida,Caryophyllanae,Caryophyllales,Cactaceae,Mammillaria,Mammillaria fittkaui,(Repp.) Lüthy,Accepted
flowering plants,Equisetopsida,Caryophyllanae,Caryophyllales,Cactaceae,Opuntia,Opuntia erinacea,Engelm. & J.M. Bigelow,Accepted
flowering plants,Equisetopsida,Caryophyllanae,Caryophyllales,Cactaceae,Cylindropuntia,Cylindropuntia parryi,(Engelm.) F.M. Knuth,Accepted
flowering plants,Equisetopsida,Caryophyllanae,Caryophyllales,Cactaceae,Opuntia,Opuntia ficus-indica,Makino,No opinion
flowering plants,Equisetopsida,Caryophyllanae,Caryophyllales,Cactaceae,Maihueniopsis,Maihueniopsis crassispina,F. Ritter,Accepted
flowering plants,Equisetopsida,Caryophyllanae,Caryophyllales,Cactaceae,Mammillaria,Mammillaria prolifera,(Engelm.) D.R. Hunt,Accepted
flowering plants,Equisetopsida,Caryophyllanae,Caryophyllales,Cactaceae,Ferocactus,Ferocactus haematacanthus,(Monv. ex Salm-Dyck) Bravo ex Backeb. & F.M.Knuth,Accepted
flowering plants,Equisetopsida,Caryophyllanae,Caryophyllales,Cactaceae,Cactus,Cactus muehlenpfordtii,Kuntze,Accepted
flowering plants,Equisetopsida,Caryophyllanae,Caryophyllales,Cactaceae,Pilosocereus,Pilosocereus coerulescens,(Lem.) F. Ritter,No opinion
flowering plants,Equisetopsida,Caryophyllanae,Caryophyllales,Cactaceae,Stenocereus,Stenocereus beneckei,(Ehrenb.) A. Berger & Buxb.,Accepted
flowering plants,Equisetopsida,Caryophyllanae,Caryophyllales,Cactaceae,Weberocereus,Weberocereus frohningiorum,Ralf Bauer,Accepted
flowering plants,Equisetopsida,Caryophyllanae,Caryophyllales,Cactaceae,Echinocereus,Echinocereus chaletii,W.Rischer,Accepted
flowering plants,Equisetopsida,Caryophyllanae,Caryophyllales,Cactaceae,Echinocereus,Echinocereus arizonicus,Rose ex Orcutt,Accepted
flowering plants,Equisetopsida,Caryophyllanae,Caryophyllales,Cactaceae,Stenocereus,Stenocereus chrysocarpus,Sánchez-Mej.,Accepted
flowering plants,Equisetopsida,Caryophyllanae,Caryophyllales,Cactaceae,Mammillaria,Mammillaria plumosa,F.A.C. Weber,Accepted
flowering plants,Equisetopsida,Caryophyllanae,Caryophyllales,Cactaceae,Mammillaria,Mammillaria zeyeriana,F. Haage ex K. Schum.,Accepted
flowering plants,Equisetopsida,Caryophyllanae,Caryophyllales,Cactaceae,Eriosyce,Eriosyce bulbocalyx,(Werderm.) Katt.,Accepted
flowering plants,Equisetopsida,Caryophyllanae,Caryophyllales,Cactaceae,Parodia,Parodia maasii,(Heese) A. Berger,Accepted
flowering plants,Equisetopsida,Caryophyllanae,Caryophyllales,Cactaceae,Neobuxbaumia,Neobuxbaumia laui,(P.V. Heath) D.R. Hunt,Accepted
flowering plants,Equisetopsida,Caryophyllanae,Caryophyllales,Cactaceae,Opuntia,Opuntia cardiosperma,K. Schum.,Accepted
flowering plants,Equisetopsida,Caryophyllanae,Caryophyllales,Cactaceae,Pilosocereus,Pilosocereus tuberculosus,Rauh & Backeb.,No opinion
flowering plants,Equisetopsida,Caryophyllanae,Caryophyllales,Cactaceae,Gymnocalycium,Gymnocalycium itatiquense,H. Till & Amerh.,Accepted
flowering plants,Equisetopsida,Caryophyllanae,Caryophyllales,Cactaceae,Hatiora,Hatiora epiphylloides,(Porto & Castell.) P.V. Heath,Accepted
flowering plants,Equisetopsida,Caryophyllanae,Caryophyllales,Cactaceae,Opuntia,Opuntia humifusa,(Raf.) Raf.,Accepted
flowering plants,Equisetopsida,Caryophyllanae,Caryophyllales,Cactaceae,Pachycereus,Pachycereus lepidanthus,(Eichlam) Britton & Rose,Accepted
flowering plants,Equisetopsida,Caryophyllanae,Caryophyllales,Cactaceae,Echinopsis,Echinopsis angelesiae,(R. Kiesling) G.D. Rowley,Accepted
flowering plants,Equisetopsida,Caryophyllanae,Caryophyllales,Cactaceae,Lobivia,Lobivia scheeri,(Rausch) Rausch,Accepted
flowering plants,Equisetopsida,Caryophyllanae,Caryophyllales,Cactaceae,Echinopsis,Echinopsis graciliflora,Cárdenas,Accepted
flowering plants,Equisetopsida,Caryophyllanae,Caryophyllales,Cactaceae,Stenocereus,Stenocereus quevedonis,(J.G. Ortega) Buxb.,Accepted
flowering plants,Equisetopsida,Caryophyllanae,Caryophyllales,Cactaceae,Cleistocactus,Cleistocactus ritteri,Backeb.,Accepted
flowering plants,Equisetopsida,Caryophyllanae,Caryophyllales,Cactaceae,Echinocereus,Echinocereus rigidissimus,(G. Frank & A.B. Lau) N.P. Taylor,Accepted
flowering plants,Equisetopsida,Caryophyllanae,Caryophyllales,Cactaceae,Echinopsis,Echinopsis schoenii,(Rauh & Backeb.) Friedrich & G.D. Rowley,Accepted
flowering plants,Equisetopsida,Caryophyllanae,Caryophyllales,Cactaceae,Mammillaria,Mammillaria marcosii,"Fitz Maurice, B. Fitz Maur. & Glass",Accepted
flowering plants,Equisetopsida,Caryophyllanae,Caryophyllales,Cactaceae,Corynopuntia,Corynopuntia emoryi,(Engelm.) M.P.Griff.,Accepted
flowering plants,Equisetopsida,Caryophyllanae,Caryophyllales,Cactaceae,Cleistocactus,Cleistocactus laniceps,(K. Schum.) Gosselin,Accepted
flowering plants,Equisetopsida,Caryophyllanae,Caryophyllales,Cactaceae,Stenocactus,Stenocactus phyllacanthus,(Mart.) A. Berger ex A.W. Hill,Accepted
flowering plants,Equisetopsida,Caryophyllanae,Caryophyllales,Cactaceae,Micranthocereus,Micranthocereus flaviflorus,(Buining & Brederoo) P.J. Braun & Esteves,Accepted
flowering plants,Equisetopsida,Caryophyllanae,Caryophyllales,Cactaceae,Parodia,Parodia concinna,(Monv.) N.P. Taylor,Accepted
flowering plants,Equisetopsida,Caryophyllanae,Caryophyllales,Cactaceae,Selenicereus,Selenicereus testudo,(Karw. ex Zucc.) Buxb.,Accepted
flowering plants,Equisetopsida,Caryophyllanae,Caryophyllales,Cactaceae,Mammillaria,Mammillaria dioica,,Accepted
flowering plants,Equisetopsida,Caryophyllanae,Caryophyllales,Cactaceae,Cactus,Cactus quadrispinus,(Mart.) Kuntze,Accepted
flowering plants,Equisetopsida,Caryophyllanae,Caryophyllales,Cactaceae,Weberbauerocereus,Weberbauerocereus winterianus,F. Ritter,Accepted
flowering plants,Equisetopsida,Caryophyllanae,Caryophyllales,Cactaceae,Opuntia,Opuntia humifusa,A. Heller,No opinion
flowering plants,Equisetopsida,Caryophyllanae,Caryophyllales,Cactaceae,Trichocereus,Trichocereus johnsonii,Hutchison,No opinion
flowering plants,Equisetopsida,Caryophyllanae,Caryophyllales,Cactaceae,Echinopsis,Echinopsis sucrensis,Cárdenas,Accepted
flowering plants,Equisetopsida,Caryophyllanae,Caryophyllales,Cactaceae,Stenocereus,Stenocereus queretaroensis,(F.A.C. Weber) Buxb.,Accepted
flowering plants,Equisetopsida,Caryophyllanae,Caryophyllales,Cactaceae,Acanthocereus,Acanthocereus horridus,Britton & Rose,Accepted
flowering plants,Equisetopsida,Caryophyllanae,Caryophyllales,Cactaceae,Eriosyce,Eriosyce sociabilis,(F.Ritter) Katt.,Accepted
flowering plants,Equisetopsida,Caryophyllanae,Caryophyllales,Cactaceae,Geohintonia,Geohintonia mexicana,Glass & W.A.Fitz Maur.,Accepted
flowering plants,Equisetopsida,Caryophyllanae,Caryophyllales,Cactaceae,Mammillaria,Mammillaria glochidiata,Repp.,No opinion
flowering plants,Equisetopsida,Caryophyllanae,Caryophyllales,Cactaceae,Frailea,Frailea grahliana,(F.Haage ex K.Schum.) Britton & Rose,Accepted
flowering plants,Equisetopsida,Caryophyllanae,Caryophyllales,Cactaceae,Espostoa,Espostoa guentheri,(Kupper) Buxb.,Accepted
flowering plants,Equisetopsida,Caryophyllanae,Caryophyllales,Cactaceae,Opuntia,Opuntia excelsa,Sánchez-Mej.,Accepted
flowering plants,Equisetopsida,Caryophyllanae,Caryophyllales,Cactaceae,Copiapoa,Copiapoa montana,(F. Ritter) Doweld,Accepted
flowering plants,Equisetopsida,Caryophyllanae,Caryophyllales,Cactaceae,Rhipsalis,Rhipsalis guineensis,A.Chev.,No opinion
flowering plants,Equisetopsida,Caryophyllanae,Caryophyllales,Cactaceae,Armatocereus,Armatocereus laetus,(Kunth) Backeb. ex A.W. Hill,Accepted
flowering plants,Equisetopsida,Caryophyllanae,Caryophyllales,Cactaceae,Mammillaria,Mammillaria pennispinosa,(Glass & R. Foster) D.R. Hunt,Accepted
flowering plants,Equisetopsida,Caryophyllanae,Caryophyllales,Cactaceae,Quiabentia,Quiabentia verticillata,(Vaupel) Vaupel ex Berger,Accepted
flowering plants,Equisetopsida,Caryophyllanae,Caryophyllales,Cactaceae,Coryphantha,Coryphantha lloydii,(Britton & Rose) Fosberg,Accepted
flowering plants,Equisetopsida,Caryophyllanae,Caryophyllales,Cactaceae,Mammillaria,Mammillaria neocoronaria,F.M.Knuth,No opinion
flowering plants,Equisetopsida,Caryophyllanae,Caryophyllales,Cactaceae,Selenicereus,Selenicereus donkelaarii,(Salm-Dyck) Britton & Rose,Accepted
flowering plants,Equisetopsida,Caryophyllanae,Caryophyllales,Cactaceae,Opuntia,Opuntia densispina,Ralston & Hilsenb.,Accepted
flowering plants,Equisetopsida,Caryophyllanae,Caryophyllales,Cactaceae,Eriosyce,Eriosyce crispa,(F.Ritter) Katt.,Accepted
flowering plants,Equisetopsida,Caryophyllanae,Caryophyllales,Cactaceae,Bergerocactus,Bergerocactus emoryi,(Engelm.) Britton & Rose,Accepted
flowering plants,Equisetopsida,Caryophyllanae,Caryophyllales,Cactaceae,Pilosocereus,Pilosocereus gounellei,(F.A.C.Weber ex K.Schum.) Byles & G.D.Rowley,Accepted
flowering plants,Equisetopsida,Caryophyllanae,Caryophyllales,Cactaceae,Borzicactus,Borzicactus purpureus,F. Ritter,Accepted
flowering plants,Equisetopsida,Caryophyllanae,Caryophyllales,Cactaceae,Trichocereus,Trichocereus cabrerae,R. Kiesling,Accepted
flowering plants,Equisetopsida,Caryophyllanae,Caryophyllales,Cactaceae,Leocereus,Leocereus bahiensis,(P.J. Braun & Esteves) P.J. Braun & Esteves,Accepted
flowering plants,Equisetopsida,Caryophyllanae,Caryophyllales,Cactaceae,Lobivia,Lobivia crassicaulis,R. Kiesling,Accepted
flowering plants,Equisetopsida,Caryophyllanae,Caryophyllales,Cactaceae,Browningia,Browningia altissima,(F. Ritter) Buxb.,Accepted
flowering plants,Equisetopsida,Caryophyllanae,Caryophyllales,Cactaceae,Echinocereus,Echinocereus scopulorum,Britton & Rose,Accepted
flowering plants,Equisetopsida,Caryophyllanae,Caryophyllales,Cactaceae,Espostoa,Espostoa lanata,(F.Ritter) G.J.Charles,Accepted
flowering plants,Equisetopsida,Caryophyllanae,Caryophyllales,Cactaceae,Parodia,Parodia ayopayana,Cárdenas,Accepted
flowering plants,Equisetopsida,Caryophyllanae,Caryophyllales,Cactaceae,Opuntia,Opuntia fusiformis,Engelm. & J.M. Bigelow,No opinion
flowering plants,Equisetopsida,Caryophyllanae,Caryophyllales,Cactaceae,Gymnocalycium,Gymnocalycium horstii,Buining,Accepted
flowering plants,Equisetopsida,Caryophyllanae,Caryophyllales,Cactaceae,Neobuxbaumia,Neobuxbaumia multiareolata,"(E.Y. Dawson) Bravo, Scheinvar & Sánchez-Mej.",Accepted
flowering plants,Equisetopsida,Caryophyllanae,Caryophyllales,Cactaceae,Echinopsis,Echinopsis muelleri,Focke,No opinion
flowering plants,Equisetopsida,Caryophyllanae,Caryophyllales,Cactaceae,Frailea,Frailea buenekeri,W.R. Abraham,Accepted
flowering plants,Equisetopsida,Caryophyllanae,Caryophyllales,Cactaceae,Frailea,Frailea buenekeri,Hofacker & K. Herm,Accepted
flowering plants,Equisetopsida,Caryophyllanae,Caryophyllales,Cactaceae,Corynopuntia,Corynopuntia emoryi,(Engelm.) M.P. Griff.,Accepted
flowering plants,Equisetopsida,Caryophyllanae,Caryophyllales,Cactaceae,Gymnocalycium,Gymnocalycium monvillei,,Accepted
flowering plants,Equisetopsida,Caryophyllanae,Caryophyllales,Cactaceae,Corryocactus,Corryocactus otuyensis,Cárdenas,Accepted
flowering plants,Equisetopsida,Caryophyllanae,Caryophyllales,Cactaceae,Gymnocalycium,Gymnocalycium saglionis,,No opinion
flowering plants,Equisetopsida,Caryophyllanae,Caryophyllales,Cactaceae,Cipocereus,Cipocereus minensis,(F. Ritter) N.P. Taylor & Zappi,Accepted
flowering plants,Equisetopsida,Caryophyllanae,Caryophyllales,Cactaceae,Frailea,Frailea pseudopulcherrima,Y. Itô,Accepted
flowering plants,Equisetopsida,Caryophyllanae,Caryophyllales,Cactaceae,Rodentiophila,Rodentiophila megacarpa,F.Ritter & Y.Itô,No opinion
flowering plants,Equisetopsida,Caryophyllanae,Caryophyllales,Cactaceae,Opuntia,Opuntia robusta,,No opinion
flowering plants,Equisetopsida,Caryophyllanae,Caryophyllales,Cactaceae,Opuntia,Opuntia eburnea,Lem.,No opinion
flowering plants,Equisetopsida,Caryophyllanae,Caryophyllales,Cactaceae,Mammillaria,Mammillaria deherdtiana,Farwig,Accepted
flowering plants,Equisetopsida,Caryophyllanae,Caryophyllales,Cactaceae,Mammillaria,Mammillaria blossfeldiana,,Accepted
flowering plants,Equisetopsida,Caryophyllanae,Caryophyllales,Cactaceae,Selenicereus,Selenicereus chontalensis,(Alexander) Kimnach,Accepted
flowering plants,Equisetopsida,Caryophyllanae,Caryophyllales,Cactaceae,Pilocereus,Pilocereus chrysostele,,No opinion
flowering plants,Equisetopsida,Caryophyllanae,Caryophyllales,Cactaceae,Parodia,Parodia pseudoayopayana,Cárdenas,Accepted
flowering plants,Equisetopsida,Caryophyllanae,Caryophyllales,Cactaceae,Opuntia,Opuntia montevideensis,Speg.,Accepted
flowering plants,Equisetopsida,Caryophyllanae,Caryophyllales,Cactaceae,Disocactus,Disocactus speciosus,(Cav.) Barthlott,Accepted
flowering plants,Equisetopsida,Caryophyllanae,Caryophyllales,Cactaceae,Consolea,Consolea corallicola,Small,Accepted
flowering plants,Equisetopsida,Caryophyllanae,Caryophyllales,Cactaceae,Pereskia,Pereskia aculeata,,No opinion
flowering plants,Equisetopsida,Caryophyllanae,Caryophyllales,Cactaceae,Trichocereus,Trichocereus atacamensis,(Phil.) W.T. Marshall & T.M. Bock,Accepted
flowering plants,Equisetopsida,Caryophyllanae,Caryophyllales,Cactaceae,Parodia,Parodia aureicentra,Backeb.,Accepted
flowering plants,Equisetopsida,Caryophyllanae,Caryophyllales,Cactaceae,Mammillaria,Mammillaria zephyranthoides,Scheidw.,Accepted
flowering plants,Equisetopsida,Caryophyllanae,Caryophyllales,Cactaceae,Cereus,Cereus sclerocarpus,K.Schum. ex B.L.Rob.,No opinion
flowering plants,Equisetopsida,Caryophyllanae,Caryophyllales,Cactaceae,Opuntia,Opuntia rutila,Nutt.,Accepted
flowering plants,Equisetopsida,Caryophyllanae,Caryophyllales,Cactaceae,Maihueniopsis,Maihueniopsis rahmeri,(Phil.) F. Ritter,Accepted
flowering plants,Equisetopsida,Caryophyllanae,Caryophyllales,Cactaceae,Deamia,Deamia testudo,(Karw. ex Zucc.) Britton & Rose,Accepted
flowering plants,Equisetopsida,Caryophyllanae,Caryophyllales,Cactaceae,Weberbauerocereus,Weberbauerocereus torataensis,F. Ritter,Accepted
flowering plants,Equisetopsida,Caryophyllanae,Caryophyllales,Cactaceae,Opuntia,Opuntia velutina,,No opinion
flowering plants,Equisetopsida,Caryophyllanae,Caryophyllales,Cactaceae,Echinocereus,Echinocereus yavapaiensis,M.A.Baker,Accepted
flowering plants,Equisetopsida,Caryophyllanae,Caryophyllales,Cactaceae,Opuntia,Opuntia magnifica,Small,Accepted
flowering plants,Equisetopsida,Caryophyllanae,Caryophyllales,Cactaceae,Myrtillocactus,Myrtillocactus schenckii,(J.A. Purpus) Britton & Rose,Accepted
flowering plants,Equisetopsida,Caryophyllanae,Caryophyllales,Cactaceae,Opuntia,Opuntia grandis,Pfeiff.,Accepted
flowering plants,Equisetopsida,Caryophyllanae,Caryophyllales,Cactaceae,Opuntia,Opuntia cardenche,Griffiths,Accepted
flowering plants,Equisetopsida,Caryophyllanae,Caryophyllales,Cactaceae,Eriosyce,Eriosyce duripulpa,(F. Ritter) P. C. Guerrero & Helmut Walter,Accepted
flowering plants,Equisetopsida,Caryophyllanae,Caryophyllales,Cactaceae,Eriosyce,Eriosyce pygmaea,(F.Ritter) Ferryman,Accepted
flowering plants,Equisetopsida,Caryophyllanae,Caryophyllales,Cactaceae,Cereus,Cereus fernambucensis,(F. Ritter) N.P. Taylor & Zappi,Accepted
flowering plants,Equisetopsida,Caryophyllanae,Caryophyllales,Cactaceae,Opuntia,Opuntia magenta,Griffiths,No opinion
flowering plants,Equisetopsida,Caryophyllanae,Caryophyllales,Cactaceae,Echinocereus,Echinocereus ledingii,Peebles,Accepted
flowering plants,Equisetopsida,Caryophyllanae,Caryophyllales,Cactaceae,Consolea,Consolea millspaughii,(Britton) A. Berger,Accepted
flowering plants,Equisetopsida,Caryophyllanae,Caryophyllales,Cactaceae,Echinocereus,Echinocereus pectinatus,,Accepted
flowering plants,Equisetopsida,Caryophyllanae,Caryophyllales,Cactaceae,Echinocactus,Echinocactus scheeri,,No opinion
flowering plants,Equisetopsida,Caryophyllanae,Caryophyllales,Cactaceae,Melocactus,Melocactus conoideus,Buining & Brederoo,Accepted
flowering plants,Equisetopsida,Caryophyllanae,Caryophyllales,Cactaceae,Opuntia,Opuntia phaeacantha,(Engelm. & J.M. Bigelow) Fosberg,Accepted
flowering plants,Equisetopsida,Caryophyllanae,Caryophyllales,Cactaceae,Opuntia,Opuntia basilaris,(J.M. Coult.) J.M. Coult. ex Toumey,Accepted
flowering plants,Equisetopsida,Caryophyllanae,Caryophyllales,Cactaceae,Nopalea,Nopalea cochenillifera,(L.) Lyons,No opinion
flowering plants,Equisetopsida,Caryophyllanae,Caryophyllales,Cactaceae,Coryphantha,Coryphantha laredoi,Glass & R.A. Foster,Accepted
flowering plants,Equisetopsida,Caryophyllanae,Caryophyllales,Cactaceae,Opuntia,Opuntia platynoda,Griffiths,No opinion
flowering plants,Equisetopsida,Caryophyllanae,Caryophyllales,Cactaceae,Glandulicactus,Glandulicactus uncinatus,(Engelm.) Backeb.,Accepted
flowering plants,Equisetopsida,Caryophyllanae,Caryophyllales,Cactaceae,Lobivia,Lobivia ferox,(Backeb.) J. Ullmann,Accepted
flowering plants,Equisetopsida,Caryophyllanae,Caryophyllales,Cactaceae,Gymnocalycium,Gymnocalycium denudatum,(Link & Otto) Pfeiff. ex Mittler,Accepted
flowering plants,Equisetopsida,Caryophyllanae,Caryophyllales,Cactaceae,Frailea,Frailea cataphracta,(G. Moser) P.J. Braun & Esteves,Accepted
flowering plants,Equisetopsida,Caryophyllanae,Caryophyllales,Cactaceae,Heliocereus,Heliocereus speciosus,(Cav.) Britton & Rose,Accepted
flowering plants,Equisetopsida,Caryophyllanae,Caryophyllales,Cactaceae,Stenocactus,Stenocactus dichroacanthus,(Mart.) A. Berger ex Backeb. & F.M. Knuth,Accepted
flowering plants,Equisetopsida,Caryophyllanae,Caryophyllales,Cactaceae,Selenicereus,Selenicereus pteranthus,(Link ex A. Dietr.) Britton & Rose,Accepted
flowering plants,Equisetopsida,Caryophyllanae,Caryophyllales,Cactaceae,Pilosocereus,Pilosocereus vilaboensis,(Diers & Esteves) P.J. Braun,Accepted
flowering plants,Equisetopsida,Caryophyllanae,Caryophyllales,Cactaceae,Harrisia,Harrisia pomanensis,(Weing.) R. Kiesling,Accepted
flowering plants,Equisetopsida,Caryophyllanae,Caryophyllales,Cactaceae,Parodia,Parodia mammulosa,(Lem.) N.P. Taylor,Accepted
flowering plants,Equisetopsida,Caryophyllanae,Caryophyllales,Cactaceae,Mammillaria,Mammillaria rhodantha,(J.M. Coult.) D.R. Hunt,Accepted
flowering plants,Equisetopsida,Caryophyllanae,Caryophyllales,Cactaceae,Cylindropuntia,Cylindropuntia anteojoensis,(Pinkava) E.F. Anderson,Accepted
flowering plants,Equisetopsida,Caryophyllanae,Caryophyllales,Cactaceae,Browningia,Browningia caineana,(Cárdenas) D.R. Hunt,Accepted
flowering plants,Equisetopsida,Caryophyllanae,Caryophyllales,Cactaceae,Wigginsia,Wigginsia pauciareolata,(Arechav.) R. Kiesling,Accepted
flowering plants,Equisetopsida,Caryophyllanae,Caryophyllales,Cactaceae,Echinopsis,Echinopsis calochlora,P.J. Braun & Esteves,Accepted
flowering plants,Equisetopsida,Caryophyllanae,Caryophyllales,Cactaceae,Opuntia,Opuntia megacantha,Salm-Dyck,Accepted
flowering plants,Equisetopsida,Caryophyllanae,Caryophyllales,Cactaceae,Escobaria,Escobaria vivipara,(Nutt.) Buxb.,Accepted
flowering plants,Equisetopsida,Caryophyllanae,Caryophyllales,Cactaceae,Opuntia,Opuntia kuehnrichiana,Werderm. & Backeb.,Accepted
flowering plants,Equisetopsida,Caryophyllanae,Caryophyllales,Cactaceae,Rhipsalis,Rhipsalis russellii,Britton & Rose,Accepted
flowering plants,Equisetopsida,Caryophyllanae,Caryophyllales,Cactaceae,Lobivia,Lobivia gonjianii,(R. Kiesling) R. Kiesling,Accepted
flowering plants,Equisetopsida,Caryophyllanae,Caryophyllales,Cactaceae,Cylindropuntia,Cylindropuntia abysii,(Hester) Backeb.,Accepted
flowering plants,Equisetopsida,Caryophyllanae,Caryophyllales,Cactaceae,Opuntia,Opuntia estevesii,P.J. Braun,Accepted
flowering plants,Equisetopsida,Caryophyllanae,Caryophyllales,Cactaceae,Ferocactus,Ferocactus hamatacanthus,(A. Dietr.) L.D. Benson,Accepted
flowering plants,Equisetopsida,Caryophyllanae,Caryophyllales,Cactaceae,Ferocactus,Ferocactus fordii,N.P. Taylor,Accepted
flowering plants,Equisetopsida,Caryophyllanae,Caryophyllales,Cactaceae,Epiphyllum,Epiphyllum hookeri,,Accepted
flowering plants,Equisetopsida,Caryophyllanae,Caryophyllales,Cactaceae,Harrisia,Harrisia fragrans,Small ex Britton & Rose,Accepted
flowering plants,Equisetopsida,Caryophyllanae,Caryophyllales,Cactaceae,Pyrrhocactus,Pyrrhocactus paucicostatus,(F. Ritter) F. Ritter,Accepted
flowering plants,Equisetopsida,Caryophyllanae,Caryophyllales,Cactaceae,Echinocereus,Echinocereus coccineus,Engelm.,Accepted
flowering plants,Equisetopsida,Caryophyllanae,Caryophyllales,Cactaceae,Uebelmannia,Uebelmannia buiningii,Donald,Accepted
flowering plants,Equisetopsida,Caryophyllanae,Caryophyllales,Cactaceae,Coleocephalocereus,Coleocephalocereus goebelianus,(Vaupel) Buining,Accepted
flowering plants,Equisetopsida,Caryophyllanae,Caryophyllales,Cactaceae,Echinopsis,Echinopsis decaisneana,(Lem.) Walp.,Accepted
flowering plants,Equisetopsida,Caryophyllanae,Caryophyllales,Cactaceae,Rebutia,Rebutia perplexa,Donald,Accepted
flowering plants,Equisetopsida,Caryophyllanae,Caryophyllales,Cactaceae,Mammillaria,Mammillaria wagneriana,Boed.,Accepted
flowering plants,Equisetopsida,Caryophyllanae,Caryophyllales,Cactaceae,Peniocereus,Peniocereus tepalcatepecanus,Sánchez-Mej.,Accepted
flowering plants,Equisetopsida,Caryophyllanae,Caryophyllales,Cactaceae,Haageocereus,Haageocereus chilensis,F. Ritter ex D.R. Hunt,No opinion
flowering plants,Equisetopsida,Caryophyllanae,Caryophyllales,Cactaceae,Mammillaria,Mammillaria monticola,Repp.,No opinion
flowering plants,Equisetopsida,Caryophyllanae,Caryophyllales,Cactaceae,Coryphantha,Coryphantha pallida,"(Bravo ex Arias, U.Guzmán & S.Gama) R.F.Dicht & A.D.Lüthy",Accepted
flowering plants,Equisetopsida,Caryophyllanae,Caryophyllales,Cactaceae,Parodia,Parodia langsdorfii,(Lehm.) D.R. Hunt,Accepted
flowering plants,Equisetopsida,Caryophyllanae,Caryophyllales,Cactaceae,Cactus,Cactus affinis,(DC.) Kuntze,Accepted
flowering plants,Equisetopsida,Caryophyllanae,Caryophyllales,Cactaceae,Coryphantha,Coryphantha recurvata,(Engelm.) Britton & Rose,Accepted
flowering plants,Equisetopsida,Caryophyllanae,Caryophyllales,Cactaceae,Thelocactus,Thelocactus hexaedrophorus,(Britton & Rose) Kladiwa & Fittkau,Accepted
flowering plants,Equisetopsida,Caryophyllanae,Caryophyllales,Cactaceae,Mammillaria,Mammillaria haageana,(Sánchez-Mej.) D.R. Hunt,Accepted
flowering plants,Equisetopsida,Caryophyllanae,Caryophyllales,Cactaceae,Coryphantha,Coryphantha missouriensis,,Accepted
flowering plants,Equisetopsida,Caryophyllanae,Caryophyllales,Cactaceae,Maihueniopsis,Maihueniopsis bolivianum,(Salm-Dyck) R. Kiesling,Accepted
flowering plants,Equisetopsida,Caryophyllanae,Caryophyllales,Cactaceae,Mammillaria,Mammillaria magnifica,F.G. Buchenau,Accepted
flowering plants,Equisetopsida,Caryophyllanae,Caryophyllales,Cactaceae,Sclerocactus,Sclerocactus cloverae,,No opinion
flowering plants,Equisetopsida,Caryophyllanae,Caryophyllales,Cactaceae,Corynopuntia,Corynopuntia marenae,(S.H.Parsons) M.P.Griff.,Accepted
flowering plants,Equisetopsida,Caryophyllanae,Caryophyllales,Cactaceae,Echinocereus,Echinocereus reichenbachii,(Britton & Rose) N.P. Taylor,Accepted
flowering plants,Equisetopsida,Caryophyllanae,Caryophyllales,Cactaceae,Mammillaria,Mammillaria rioverdensis,Repp.,No opinion
flowering plants,Equisetopsida,Caryophyllanae,Caryophyllales,Cactaceae,Opuntia,Opuntia engelmannii,(Engelm.) U. Guzmán & Mandujano,Accepted
flowering plants,Equisetopsida,Caryophyllanae,Caryophyllales,Cactaceae,Peniocereus,Peniocereus macdougallii,Cutak,Accepted
flowering plants,Equisetopsida,Caryophyllanae,Caryophyllales,Cactaceae,Rhipsalis,Rhipsalis horrida,Baker,Accepted
flowering plants,Equisetopsida,Caryophyllanae,Caryophyllales,Cactaceae,Sulcorebutia,Sulcorebutia langeri,Augustin & Hentzschel,Accepted
flowering plants,Equisetopsida,Caryophyllanae,Caryophyllales,Cactaceae,Echinopsis,Echinopsis bertramiana,(Backeb.) Friedrich & G.D. Rowley,Accepted
flowering plants,Equisetopsida,Caryophyllanae,Caryophyllales,Cactaceae,Notocactus,Notocactus notabilis,Dupal,No opinion
flowering plants,Equisetopsida,Caryophyllanae,Caryophyllales,Cactaceae,Opuntia,Opuntia lilae,Trujillo & M. Ponce,Accepted
flowering plants,Equisetopsida,Caryophyllanae,Caryophyllales,Cactaceae,Mammillaria,Mammillaria brevicrinita,Repp.,No opinion
flowering plants,Equisetopsida,Caryophyllanae,Caryophyllales,Cactaceae,Parodia,Parodia mammulosa,(Havlicek) Hofacker,Accepted
flowering plants,Equisetopsida,Caryophyllanae,Caryophyllales,Cactaceae,Harrisia,Harrisia simpsonii,Small,Accepted
flowering plants,Equisetopsida,Caryophyllanae,Caryophyllales,Cactaceae,Eriosyce,Eriosyce chilensis,(F. Ritter) Katt.,Accepted
flowering plants,Equisetopsida,Caryophyllanae,Caryophyllales,Cactaceae,Zehntnerella,Zehntnerella chaetacantha,F.Ritter,No opinion
flowering plants,Equisetopsida,Caryophyllanae,Caryophyllales,Cactaceae,Neoporteria,Neoporteria sociabilis,F. Ritter,Accepted
flowering plants,Equisetopsida,Caryophyllanae,Caryophyllales,Cactaceae,Reicheocactus,Reicheocactus floribundus,Backeb.,No opinion
flowering plants,Equisetopsida,Caryophyllanae,Caryophyllales,Cactaceae,Opuntia,Opuntia rauppiana,K. Schum.,Accepted
flowering plants,Equisetopsida,Caryophyllanae,Caryophyllales,Cactaceae,Acanthocereus,Acanthocereus chiapensis,Bravo,Accepted
flowering plants,Equisetopsida,Caryophyllanae,Caryophyllales,Cactaceae,Mammillaria,Mammillaria lewinii,(Henn.) H.Karst.,No opinion
flowering plants,Equisetopsida,Caryophyllanae,Caryophyllales,Cactaceae,Eriosyce,Eriosyce napina,(Phil.) Katt.,Accepted
flowering plants,Equisetopsida,Caryophyllanae,Caryophyllales,Cactaceae,Thelocactus,Thelocactus bicolor,(Runge) Doweld,Accepted
flowering plants,Equisetopsida,Caryophyllanae,Caryophyllales,Cactaceae,Sclerocactus,Sclerocactus nyensis,F. Hochstätter,Accepted
flowering plants,Equisetopsida,Caryophyllanae,Caryophyllales,Cactaceae,Cactus,Cactus rufidulus,(Ehrenb.) Kuntze,Accepted
flowering plants,Equisetopsida,Caryophyllanae,Caryophyllales,Cactaceae,Haageocereus,Haageocereus acranthus,(Backeb.) Ostolaza,Accepted
flowering plants,Equisetopsida,Caryophyllanae,Caryophyllales,Cactaceae,Gymnocalycium,Gymnocalycium zegarrae,(Cárdenas) H. Till & W. Till,Accepted
flowering plants,Equisetopsida,Caryophyllanae,Caryophyllales,Cactaceae,Copiapoa,Copiapoa solaris,(F. Ritter) F. Ritter,Accepted
flowering plants,Equisetopsida,Caryophyllanae,Caryophyllales,Cactaceae,Mammillaria,Mammillaria albiflora,(Werderm.) Backeb.,Accepted
flowering plants,Equisetopsida,Caryophyllanae,Caryophyllales,Cactaceae,Opuntia,Opuntia velutina,F.A.C. Weber,Accepted
flowering plants,Equisetopsida,Caryophyllanae,Caryophyllales,Cactaceae,Mammillaria,Mammillaria woburnensis,,No opinion
flowering plants,Equisetopsida,Caryophyllanae,Caryophyllales,Cactaceae,Coryphantha,Coryphantha potosiana,(Jacobi) Glass & R.A. Foster,Accepted
flowering plants,Equisetopsida,Caryophyllanae,Caryophyllales,Cactaceae,Echinocereus,Echinocereus fendleri,(Engelm.) Rumpler,Accepted
flowering plants,Equisetopsida,Caryophyllanae,Caryophyllales,Cactaceae,Trichocereus,Trichocereus skottsbergii,Backeb. ex Skottsb.,Accepted
flowering plants,Equisetopsida,Caryophyllanae,Caryophyllales,Cactaceae,Lophophora,Lophophora lutea,(Rouhier) Backeb.,No opinion
flowering plants,Equisetopsida,Caryophyllanae,Caryophyllales,Cactaceae,Echinomastus,Echinomastus unguispinus,(G. Frank & Zecher) Glass,Accepted
flowering plants,Equisetopsida,Caryophyllanae,Caryophyllales,Cactaceae,Rhipsalis,Rhipsalis baccifera,(Sol.) Stearn,Accepted
flowering plants,Equisetopsida,Caryophyllanae,Caryophyllales,Cactaceae,Eriosyce,Eriosyce chilensis,(Hildm. ex K.Schum.) Katt.,Accepted
flowering plants,Equisetopsida,Caryophyllanae,Caryophyllales,Cactaceae,Cereus,Cereus fricii,Backeb.,Accepted
flowering plants,Equisetopsida,Caryophyllanae,Caryophyllales,Cactaceae,Sulcorebutia,Sulcorebutia camargoensis,Gertel & Jucker,Accepted
flowering plants,Equisetopsida,Caryophyllanae,Caryophyllales,Cactaceae,Mammillaria,Mammillaria decipiens,(Tiegel) D.R. Hunt,Accepted
flowering plants,Equisetopsida,Caryophyllanae,Caryophyllales,Cactaceae,Echinopsis,Echinopsis famatimensis,(Speg.) Werderm.,Accepted
flowering plants,Equisetopsida,Caryophyllanae,Caryophyllales,Cactaceae,Opuntia,Opuntia megasperma,,Accepted
flowering plants,Equisetopsida,Caryophyllanae,Caryophyllales,Cactaceae,Oreocereus,Oreocereus fossulatus,F. Ritter,Accepted
flowering plants,Equisetopsida,Caryophyllanae,Caryophyllales,Cactaceae,Echinofossulocactus,Echinofossulocactus grandicornus,Britton & A. Rose,No opinion
flowering plants,Equisetopsida,Caryophyllanae,Caryophyllales,Cactaceae,Opuntia,Opuntia polyacantha,(Engelm. & J.M. Bigelow ex Engelm.) Parfitt,Accepted
flowering plants,Equisetopsida,Caryophyllanae,Caryophyllales,Cactaceae,Rhipsalis,Rhipsalis warmingiana,K. Schum.,Accepted
flowering plants,Equisetopsida,Caryophyllanae,Caryophyllales,Cactaceae,Trichocereus,Trichocereus chiloensis,(Colla) Britton & Rose,Accepted
flowering plants,Equisetopsida,Caryophyllanae,Caryophyllales,Cactaceae,Echinocactus,Echinocactus anfractuosus,Mart. ex Pfeiff.,No opinion
flowering plants,Equisetopsida,Caryophyllanae,Caryophyllales,Cactaceae,Lymanbensonia,Lymanbensonia incachacana,(Cárdenas) Barthlott & N. Korotkova,Accepted
flowering plants,Equisetopsida,Caryophyllanae,Caryophyllales,Cactaceae,Echinopsis,Echinopsis pachanoi,(Britton & Rose) Friedrich & G.D. Rowley,Accepted
flowering plants,Equisetopsida,Caryophyllanae,Caryophyllales,Cactaceae,Corryocactus,Corryocactus tarijensis,Cárdenas,Accepted
flowering plants,Equisetopsida,Caryophyllanae,Caryophyllales,Cactaceae,Mammillaria,Mammillaria scrippsiana,Repp.,No opinion
flowering plants,Equisetopsida,Caryophyllanae,Caryophyllales,Cactaceae,Pseudorhipsalis,Pseudorhipsalis amazonica,,Accepted
flowering plants,Equisetopsida,Caryophyllanae,Caryophyllales,Cactaceae,Echinopsis,Echinopsis kladiwaiana,Rausch,Accepted
flowering plants,Equisetopsida,Caryophyllanae,Caryophyllales,Cactaceae,Melocactus,Melocactus guanensis,Xhonneux & Fern.Alonso,No opinion
flowering plants,Equisetopsida,Caryophyllanae,Caryophyllales,Cactaceae,Ferocactus,Ferocactus diguetii,(A.A.Weber) Britton & Rose,Accepted
flowering plants,Equisetopsida,Caryophyllanae,Caryophyllales,Cactaceae,Ferocactus,Ferocactus herrerae,J.G.Ortega,Accepted
flowering plants,Equisetopsida,Caryophyllanae,Caryophyllales,Cactaceae,Cactus,Cactus euchlorus,(Ehrenb.) Kuntze,Accepted
flowering plants,Equisetopsida,Caryophyllanae,Caryophyllales,Cactaceae,Escobaria,Escobaria henricksonii,Glass & R.A. Foster,Accepted
flowering plants,Equisetopsida,Caryophyllanae,Caryophyllales,Cactaceae,Coryphantha,Coryphantha cornifera,(DC.) Lem.,Accepted
flowering plants,Equisetopsida,Caryophyllanae,Caryophyllales,Cactaceae,Cylindropuntia,Cylindropuntia alcahes,,Accepted
flowering plants,Equisetopsida,Caryophyllanae,Caryophyllales,Cactaceae,Horridocactus,Horridocactus garaventai,F.Ritter,No opinion
flowering plants,Equisetopsida,Caryophyllanae,Caryophyllales,Cactaceae,Grusonia,Grusonia parishii,(Orcutt) Pinkava,Accepted
flowering plants,Equisetopsida,Caryophyllanae,Caryophyllales,Cactaceae,Pilosocereus,Pilosocereus gounellei,(Britton & Rose) Zappi,Accepted
flowering plants,Equisetopsida,Caryophyllanae,Caryophyllales,Cactaceae,Opuntia,Opuntia coccinellifera,,No opinion
flowering plants,Equisetopsida,Caryophyllanae,Caryophyllales,Cactaceae,Echinopsis,Echinopsis crassicaulis,(R. Kiesling) H. Friedrich & Glaetzle,Accepted
flowering plants,Equisetopsida,Caryophyllanae,Caryophyllales,Cactaceae,Eriosyce,Eriosyce engleri,(F. Ritter) Katt.,Accepted
flowering plants,Equisetopsida,Caryophyllanae,Caryophyllales,Cactaceae,Copiapoa,Copiapoa cinerea,(Backeb.) N.P. Taylor,Accepted
flowering plants,Equisetopsida,Caryophyllanae,Caryophyllales,Cactaceae,Cephalocereus,Cephalocereus columna-trajani,(Karw. ex Pfeiff.) K. Schum.,Accepted
flowering plants,Equisetopsida,Caryophyllanae,Caryophyllales,Cactaceae,Trichocereus,Trichocereus thelegonus,(F.A.C. Weber ex K. Schum.) Britton & Rose,Accepted
flowering plants,Equisetopsida,Caryophyllanae,Caryophyllales,Cactaceae,Cereus,Cereus peruvianus,(Pfeiff.) K. Schum.,Accepted
flowering plants,Equisetopsida,Caryophyllanae,Caryophyllales,Cactaceae,Lobivia,Lobivia schieliana,Backeb.,Accepted
flowering plants,Equisetopsida,Caryophyllanae,Caryophyllales,Cactaceae,Trichocereus,Trichocereus angelesii,R.Kiesling,No opinion
flowering plants,Equisetopsida,Caryophyllanae,Caryophyllales,Cactaceae,Stenocactus,Stenocactus dichroacanthus,(Quehl) U. Guzmán & Vazq.-Ben.,Accepted
flowering plants,Equisetopsida,Caryophyllanae,Caryophyllales,Cactaceae,Eriosyce,Eriosyce taltalensis,,Accepted
flowering plants,Equisetopsida,Caryophyllanae,Caryophyllales,Cactaceae,Myrtillocactus,Myrtillocactus geometrizans,(Mart. ex Pfeiff.) Console,Accepted
flowering plants,Equisetopsida,Caryophyllanae,Caryophyllales,Cactaceae,Echinocereus,Echinocereus enneacanthus,(W.O. Moore) L.D. Benson,Accepted
flowering plants,Equisetopsida,Caryophyllanae,Caryophyllales,Cactaceae,Acharagma,Acharagma aguirreanum,(Glass & R.A. Foster) Glass,Accepted
flowering plants,Equisetopsida,Caryophyllanae,Caryophyllales,Cactaceae,Cereus,Cereus robinii,,Accepted
flowering plants,Equisetopsida,Caryophyllanae,Caryophyllales,Cactaceae,Hatiora,Hatiora epiphylloides,(Porto ex Werderm.) P.V. Heath,Accepted
flowering plants,Equisetopsida,Caryophyllanae,Caryophyllales,Cactaceae,Coryphantha,Coryphantha bella,(Britton & Rose) Fosberg,Accepted
flowering plants,Equisetopsida,Caryophyllanae,Caryophyllales,Cactaceae,Escobaria,Escobaria dasyacantha,,Accepted
flowering plants,Equisetopsida,Caryophyllanae,Caryophyllales,Cactaceae,Coryphantha,Coryphantha retusa,(Bravo) Bravo,Accepted
flowering plants,Equisetopsida,Caryophyllanae,Caryophyllales,Cactaceae,Gymnocalycium,Gymnocalycium schickendantzii,(K. Schum.) G.J. Charles,Accepted
flowering plants,Equisetopsida,Caryophyllanae,Caryophyllales,Cactaceae,Echinopsis,Echinopsis klingleriana,Cárdenas,Accepted
flowering plants,Equisetopsida,Caryophyllanae,Caryophyllales,Cactaceae,Mammillaria,Mammillaria linaresensis,R. Wolf & F. Wolf,Accepted
flowering plants,Equisetopsida,Caryophyllanae,Caryophyllales,Cactaceae,Coryphantha,Coryphantha clavata,(Scheidw.) Dicht & A. Lüthy,Accepted
flowering plants,Equisetopsida,Caryophyllanae,Caryophyllales,Cactaceae,Echinomastus,Echinomastus intertextus,(Engelm.) Britton & Rose,Accepted
flowering plants,Equisetopsida,Caryophyllanae,Caryophyllales,Cactaceae,Echinopsis,Echinopsis macrogona,(Salm-Dyck) Friedrich & G.D.Rowley,Accepted
flowering plants,Equisetopsida,Caryophyllanae,Caryophyllales,Cactaceae,Selenicereus,Selenicereus macdonaldiae,(Hook.) Britton & Rose,Accepted
flowering plants,Equisetopsida,Caryophyllanae,Caryophyllales,Cactaceae,Mammillaria,Mammillaria senilis,Lodd. ex Salm-Dyck,Accepted
flowering plants,Equisetopsida,Caryophyllanae,Caryophyllales,Cactaceae,Echinopsis,Echinopsis pseudomamillosa,Cárdenas,Accepted
flowering plants,Equisetopsida,Caryophyllanae,Caryophyllales,Cactaceae,Browningia,Browningia viridis,(Rauh & Backeb.) Buxb.,Accepted
flowering plants,Equisetopsida,Caryophyllanae,Caryophyllales,Cactaceae,Cylindropuntia,Cylindropuntia ciribe,(Engelm.) F.M. Knuth,Accepted
flowering plants,Equisetopsida,Caryophyllanae,Caryophyllales,Cactaceae,Mammillaria,Mammillaria roseoalba,Boed.,Accepted
flowering plants,Equisetopsida,Caryophyllanae,Caryophyllales,Cactaceae,Escobaria,Escobaria laredoi,(Glass & R.A. Foster) N.P. Taylor,Accepted
flowering plants,Equisetopsida,Caryophyllanae,Caryophyllales,Cactaceae,Opuntia,Opuntia martiniana,(L.D. Benson) B.D. Parfitt,Accepted
flowering plants,Equisetopsida,Caryophyllanae,Caryophyllales,Cactaceae,Gymnocalycium,Gymnocalycium pugionacanthum,Backeb. ex H. Till,Accepted
flowering plants,Equisetopsida,Caryophyllanae,Caryophyllales,Cactaceae,Mammillaria,Mammillaria puberula,,No opinion
flowering plants,Equisetopsida,Caryophyllanae,Caryophyllales,Cactaceae,Echinopsis,Echinopsis chiloensis,(Backeb. ex Skottsb.) G.J.Charles,Accepted
flowering plants,Equisetopsida,Caryophyllanae,Caryophyllales,Cactaceae,Notocactus,Notocactus arachnitis,F.Ritter,No opinion
flowering plants,Equisetopsida,Caryophyllanae,Caryophyllales,Cactaceae,Nopalxochia,Nopalxochia ackermannii,(Alexander) Alexander,No opinion
flowering plants,Equisetopsida,Caryophyllanae,Caryophyllales,Cactaceae,Mammillaria,Mammillaria dolichacantha,Lem. ex C.F.Först.,No opinion
flowering plants,Equisetopsida,Caryophyllanae,Caryophyllales,Cactaceae,Myrtillocactus,Myrtillocactus eichlamii,Britton & Rose,Accepted
flowering plants,Equisetopsida,Caryophyllanae,Caryophyllales,Cactaceae,Cleistocactus,Cleistocactus buchtienii,Backeb.,Accepted
flowering plants,Equisetopsida,Caryophyllanae,Caryophyllales,Cactaceae,Mammillaria,Mammillaria johnstonii,(Britton & Rose) Orcutt,Accepted
flowering plants,Equisetopsida,Caryophyllanae,Caryophyllales,Cactaceae,Gymnocalycium,Gymnocalycium schickendantzii,(F.A.C. Weber) Britton & Rose,Accepted
flowering plants,Equisetopsida,Caryophyllanae,Caryophyllales,Cactaceae,Gymnocalycium,Gymnocalycium jochumii,Neuhuber,Accepted
flowering plants,Equisetopsida,Caryophyllanae,Caryophyllales,Cactaceae,Corryocactus,Corryocactus heteracanthus,Backeb.,Accepted
flowering plants,Equisetopsida,Caryophyllanae,Caryophyllales,Cactaceae,Opuntia,Opuntia longiclada,Griffiths,No opinion
flowering plants,Equisetopsida,Caryophyllanae,Caryophyllales,Cactaceae,Cleistocactus,Cleistocactus muyurinensis,F.Ritter,Accepted
flowering plants,Equisetopsida,Caryophyllanae,Caryophyllales,Cactaceae,Eulychnia,Eulychnia iquiquensis,(K. Schum.) Britton & Rose,Accepted
flowering plants,Equisetopsida,Caryophyllanae,Caryophyllales,Cactaceae,Melocactus,Melocactus mazelianus,Å˜íha,Accepted
flowering plants,Equisetopsida,Caryophyllanae,Caryophyllales,Cactaceae,Pilosocereus,Pilosocereus floccosus,,Accepted
flowering plants,Equisetopsida,Caryophyllanae,Caryophyllales,Cactaceae,Opuntia,Opuntia grosseana,F.A.C. Weber,Accepted
flowering plants,Equisetopsida,Caryophyllanae,Caryophyllales,Cactaceae,Cereus,Cereus phatnospermus,K.Schum.,Accepted
flowering plants,Equisetopsida,Caryophyllanae,Caryophyllales,Cactaceae,Hatiora,Hatiora gaertneri,(Regel) Barthlott,Accepted
flowering plants,Equisetopsida,Caryophyllanae,Caryophyllales,Cactaceae,Mammillaria,Mammillaria schwarzii,Shurly,Accepted
flowering plants,Equisetopsida,Caryophyllanae,Caryophyllales,Cactaceae,Mammillaria,Mammillaria bocasana,Poselg.,Accepted
flowering plants,Equisetopsida,Caryophyllanae,Caryophyllales,Cactaceae,Melocactus,Melocactus andinus,R. Gruber ex N.P. Taylor,Accepted
flowering plants,Equisetopsida,Caryophyllanae,Caryophyllales,Cactaceae,Discocactus,Discocactus hartmannii,(K. Schum.) Britton & Rose,Accepted
flowering plants,Equisetopsida,Caryophyllanae,Caryophyllales,Cactaceae,Echinocereus,Echinocereus triglochidiatus,(Otto ex Salm-Dyck) U. Guzmán,Accepted
flowering plants,Equisetopsida,Caryophyllanae,Caryophyllales,Cactaceae,Echinomastus,Echinomastus erectocentrus,(Coult.) Britton & Rose,No opinion
flowering plants,Equisetopsida,Caryophyllanae,Caryophyllales,Cactaceae,Gymnocalycium,Gymnocalycium mesopotamicum,R. Kiesling,Accepted
flowering plants,Equisetopsida,Caryophyllanae,Caryophyllales,Cactaceae,Coleocephalocereus,Coleocephalocereus fluminensis,(Miq.) Backeb.,Accepted
flowering plants,Equisetopsida,Caryophyllanae,Caryophyllales,Cactaceae,Mammillaria,Mammillaria poselgeri,Hildm.,Accepted
flowering plants,Equisetopsida,Caryophyllanae,Caryophyllales,Cactaceae,Pyrrhocactus,Pyrrhocactus heinrichianus,(Backeb.) F. Ritter,Accepted
flowering plants,Equisetopsida,Caryophyllanae,Caryophyllales,Cactaceae,Espostoa,Espostoa utcubambensis,G.J. Charles,Accepted
flowering plants,Equisetopsida,Caryophyllanae,Caryophyllales,Cactaceae,Pilosocereus,Pilosocereus magnificus,(Buining & Brederoo) F. Ritter,Accepted
flowering plants,Equisetopsida,Caryophyllanae,Caryophyllales,Cactaceae,Melocactus,Melocactus albicephalus,,No opinion
flowering plants,Equisetopsida,Caryophyllanae,Caryophyllales,Cactaceae,Eriosyce,Eriosyce senilis,(Backeb.) Katt.,Accepted
flowering plants,Equisetopsida,Caryophyllanae,Caryophyllales,Cactaceae,Sulcorebutia,Sulcorebutia losenickyana,,Accepted
flowering plants,Equisetopsida,Caryophyllanae,Caryophyllales,Cactaceae,Escobaria,Escobaria hesteri,(Y.Wright) Buxb.,Accepted
flowering plants,Equisetopsida,Caryophyllanae,Caryophyllales,Cactaceae,Mammilloydia,Mammilloydia candida,,Accepted
flowering plants,Equisetopsida,Caryophyllanae,Caryophyllales,Cactaceae,Trichocereus,Trichocereus gladiatus,(Lem.) Backeb.,No opinion
flowering plants,Equisetopsida,Caryophyllanae,Caryophyllales,Cactaceae,Lepismium,Lepismium micranthum,(Vaupel) Barthlott,Accepted
flowering plants,Equisetopsida,Caryophyllanae,Caryophyllales,Cactaceae,Trichocereus,Trichocereus smrzianus,(Backeb.) Backeb.,Accepted
flowering plants,Equisetopsida,Caryophyllanae,Caryophyllales,Cactaceae,Tacinga,Tacinga subcylindrica,,No opinion
flowering plants,Equisetopsida,Caryophyllanae,Caryophyllales,Cactaceae,Mammillaria,Mammillaria hahniana,,Accepted
flowering plants,Equisetopsida,Caryophyllanae,Caryophyllales,Cactaceae,Mammillaria,Mammillaria heidiae,Krainz,Accepted
flowering plants,Equisetopsida,Caryophyllanae,Caryophyllales,Cactaceae,Rodentiophila,Rodentiophila atacamensis,F.Ritter & Y.Itô,No opinion
flowering plants,Equisetopsida,Caryophyllanae,Caryophyllales,Cactaceae,Corryocactus,Corryocactus acervatus,F. Ritter,Accepted
flowering plants,Equisetopsida,Caryophyllanae,Caryophyllales,Cactaceae,Mammillaria,Mammillaria nunezii,(Britton & Rose) Orcutt,Accepted
flowering plants,Equisetopsida,Caryophyllanae,Caryophyllales,Cactaceae,Echinopsis,Echinopsis schieliana,(Backeb.) D.R.Hunt,Accepted
flowering plants,Equisetopsida,Caryophyllanae,Caryophyllales,Cactaceae,Opuntia,Opuntia sphaerocarpa,Engelm. & J.M. Bigelow,Accepted
flowering plants,Equisetopsida,Caryophyllanae,Caryophyllales,Cactaceae,Mammillaria,Mammillaria bombycina,,Accepted
flowering plants,Equisetopsida,Caryophyllanae,Caryophyllales,Cactaceae,Melocactus,Melocactus bahiensis,,Accepted
flowering plants,Equisetopsida,Caryophyllanae,Caryophyllales,Cactaceae,Opuntia,Opuntia pyrocarpa,Griffiths,No opinion
flowering plants,Equisetopsida,Caryophyllanae,Caryophyllales,Cactaceae,Echinocereus,Echinocereus sciurus,(K.Brandegee) Britton & Rose,Accepted
flowering plants,Equisetopsida,Caryophyllanae,Caryophyllales,Cactaceae,Echinopsis,Echinopsis obrepanda,(Salm-Dyck) K. Schum.,Accepted
flowering plants,Equisetopsida,Caryophyllanae,Caryophyllales,Cactaceae,Espostoa,Espostoa hylaea,F. Ritter,Accepted
flowering plants,Equisetopsida,Caryophyllanae,Caryophyllales,Cactaceae,Opuntia,Opuntia albisetosa,Hildm. ex Hirscht,No opinion
flowering plants,Equisetopsida,Caryophyllanae,Caryophyllales,Cactaceae,Opuntia,Opuntia megapotamica,Arechav.,Accepted
flowering plants,Equisetopsida,Caryophyllanae,Caryophyllales,Cactaceae,Echinocereus,Echinocereus papillosus,Linke ex Haage,Accepted
flowering plants,Equisetopsida,Caryophyllanae,Caryophyllales,Cactaceae,Copiapoa,Copiapoa longistaminea,F. Ritter,Accepted
flowering plants,Equisetopsida,Caryophyllanae,Caryophyllales,Cactaceae,Echinopsis,Echinopsis thelegona,(Web.) Friedrich & G.D.Rowley,Accepted
flowering plants,Equisetopsida,Caryophyllanae,Caryophyllales,Cactaceae,Opuntia,Opuntia darrahiana,F.A.C. Weber,Accepted
flowering plants,Equisetopsida,Caryophyllanae,Caryophyllales,Cactaceae,Gymnocalycium,Gymnocalycium netrelianum,(Monv.) Britton & Rose,Accepted
flowering plants,Equisetopsida,Caryophyllanae,Caryophyllales,Cactaceae,Mammillaria,Mammillaria grusonii,Runge,Accepted
flowering plants,Equisetopsida,Caryophyllanae,Caryophyllales,Cactaceae,Mammillaria,Mammillaria schumannii,Hildm.,Accepted
flowering plants,Equisetopsida,Caryophyllanae,Caryophyllales,Cactaceae,Tephrocactus,Tephrocactus bonnieae,(D.J.Ferguson & R.Kiesling) Stuppy,No opinion
flowering plants,Equisetopsida,Caryophyllanae,Caryophyllales,Cactaceae,Strophocactus,Strophocactus sicariguensis,(Croizat & Tamayo) S. Arias & N. Korotkova,Accepted
flowering plants,Equisetopsida,Caryophyllanae,Caryophyllales,Cactaceae,Neomammillaria,Neomammillaria seideliana,(Quehl) Britton & Rose,Accepted
flowering plants,Equisetopsida,Caryophyllanae,Caryophyllales,Cactaceae,Melocactus,Melocactus oreas,(Buining & Brederoo) P.J. Braun,Accepted
flowering plants,Equisetopsida,Caryophyllanae,Caryophyllales,Cactaceae,Corryocactus,Corryocactus brevistylus,(Rauh & Backeb.) Ostolaza,Accepted
flowering plants,Equisetopsida,Caryophyllanae,Caryophyllales,Cactaceae,Cactus,Cactus atrosanguineus,(Ehrenb.) Kuntze,Accepted
flowering plants,Equisetopsida,Caryophyllanae,Caryophyllales,Cactaceae,Mammillaria,Mammillaria picta,(Boed.) D.R. Hunt,Accepted
flowering plants,Equisetopsida,Caryophyllanae,Caryophyllales,Cactaceae,Opuntia,Opuntia corrugata,Salm-Dyck,Accepted
flowering plants,Equisetopsida,Caryophyllanae,Caryophyllales,Cactaceae,Epithelantha,Epithelantha micromeris,(Engelm.) N.P.Taylor,Accepted
flowering plants,Equisetopsida,Caryophyllanae,Caryophyllales,Cactaceae,Austrocylindropuntia,Austrocylindropuntia miquelii,(Monv.) Backeb.,Accepted
flowering plants,Equisetopsida,Caryophyllanae,Caryophyllales,Cactaceae,Opuntia,Opuntia inaequilaterlis,A. Berger,Accepted
flowering plants,Equisetopsida,Caryophyllanae,Caryophyllales,Cactaceae,Turbinicarpus,Turbinicarpus saueri,(Boed.) Lüthy,Accepted
flowering plants,Equisetopsida,Caryophyllanae,Caryophyllales,Cactaceae,Cylindropuntia,Cylindropuntia acanthocarpa,,Accepted
flowering plants,Equisetopsida,Caryophyllanae,Caryophyllales,Cactaceae,Maihueniopsis,Maihueniopsis camachoi,(Espinosa) F. Ritter,Accepted
flowering plants,Equisetopsida,Caryophyllanae,Caryophyllales,Cactaceae,Echinocereus,Echinocereus subinermis,,Accepted
flowering plants,Equisetopsida,Caryophyllanae,Caryophyllales,Cactaceae,Stenocactus,Stenocactus arrigens,(Link) A. Berger ex A.W. Hill,Accepted
flowering plants,Equisetopsida,Caryophyllanae,Caryophyllales,Cactaceae,Selenicereus,Selenicereus costaricensis,(F.A.C. Weber) S. Arias & N. Korotkova,Accepted
flowering plants,Equisetopsida,Caryophyllanae,Caryophyllales,Cactaceae,Corryocactus,Corryocactus tenuiculus,(Backeb.) Hutchison,Accepted
flowering plants,Equisetopsida,Caryophyllanae,Caryophyllales,Cactaceae,Harrisia,Harrisia fernowii,Britton,Accepted
flowering plants,Equisetopsida,Caryophyllanae,Caryophyllales,Cactaceae,Gymnocalycium,Gymnocalycium saglionis,(Backeb.) H.Till & W.Till,Accepted
flowering plants,Equisetopsida,Caryophyllanae,Caryophyllales,Cactaceae,Lophocereus,Lophocereus schottii,(Engelm.) Britton & Rose,Accepted
flowering plants,Equisetopsida,Caryophyllanae,Caryophyllales,Cactaceae,Hatiora,Hatiora epiphylloides,(Porto & Castell.) Barthlott & N.P. Taylor,Accepted
flowering plants,Equisetopsida,Caryophyllanae,Caryophyllales,Cactaceae,Grusonia,Grusonia aggeria,(Ralston & Hilsenb.) E.F. Anderson,Accepted
flowering plants,Equisetopsida,Caryophyllanae,Caryophyllales,Cactaceae,Lepismium,Lepismium incachacanum,(Cárdenas) Barthlott,Accepted
flowering plants,Equisetopsida,Caryophyllanae,Caryophyllales,Cactaceae,Mammillaria,Mammillaria gaumeri,(Britton & Rose) Orcutt,Accepted
flowering plants,Equisetopsida,Caryophyllanae,Caryophyllales,Cactaceae,Mammillaria,Mammillaria huitzilopochtli,,Accepted
flowering plants,Equisetopsida,Caryophyllanae,Caryophyllales,Cactaceae,Melocactus,Melocactus placentiformis,DC.,No opinion
flowering plants,Equisetopsida,Caryophyllanae,Caryophyllales,Cactaceae,Pereskia,Pereskia higuerana,Cárdenas,Accepted
flowering plants,Equisetopsida,Caryophyllanae,Caryophyllales,Cactaceae,Coryphantha,Coryphantha clava,(Pfeiff.) Lem.,Accepted
flowering plants,Equisetopsida,Caryophyllanae,Caryophyllales,Cactaceae,Selenicereus,Selenicereus grandiflorus,(K. Schum. ex Weing.) Ralf Bauer,Accepted
flowering plants,Equisetopsida,Caryophyllanae,Caryophyllales,Cactaceae,Turbinicarpus,Turbinicarpus hoferi,Lüthy & A.B. Lau,Accepted
flowering plants,Equisetopsida,Caryophyllanae,Caryophyllales,Cactaceae,Thelocactus,Thelocactus lausseri,Å˜íha & Busek,Accepted
flowering plants,Equisetopsida,Caryophyllanae,Caryophyllales,Cactaceae,Pfeiffera,Pfeiffera monacantha,(Griseb.) P.V. Heath,Accepted
flowering plants,Equisetopsida,Caryophyllanae,Caryophyllales,Cactaceae,Opuntia,Opuntia guatinensis,D.R. Hunt,Accepted
flowering plants,Equisetopsida,Caryophyllanae,Caryophyllales,Cactaceae,Opuntia,Opuntia engelmannii,,Accepted
flowering plants,Equisetopsida,Caryophyllanae,Caryophyllales,Cactaceae,Consolea,Consolea microcarpa,(K. Schum.) E.F. Anderson,Accepted
flowering plants,Equisetopsida,Caryophyllanae,Caryophyllales,Cactaceae,Mammillaria,Mammillaria matudae,Bravo,Accepted
flowering plants,Equisetopsida,Caryophyllanae,Caryophyllales,Cactaceae,Opuntia,Opuntia unguispina,Backeb.,Accepted
flowering plants,Equisetopsida,Caryophyllanae,Caryophyllales,Cactaceae,Parodia,Parodia leninghausii,(K. Schum.) F.H. Brandt,Accepted
flowering plants,Equisetopsida,Caryophyllanae,Caryophyllales,Cactaceae,Gymnocalycium,Gymnocalycium nataliae,Neuhuber,Accepted
flowering plants,Equisetopsida,Caryophyllanae,Caryophyllales,Cactaceae,Echinocereus,Echinocereus adustus,Engelm.,Accepted
flowering plants,Equisetopsida,Caryophyllanae,Caryophyllales,Cactaceae,Opuntia,Opuntia tortispina,Engelm. & J.M. Bigelow,Accepted
flowering plants,Equisetopsida,Caryophyllanae,Caryophyllales,Cactaceae,Pygmaeocereus,Pygmaeocereus bylesianus,M.O. Andreae & Backeb.,Accepted
flowering plants,Equisetopsida,Caryophyllanae,Caryophyllales,Cactaceae,Aylostera,Aylostera kruegeri,Cárdenas,No opinion
flowering plants,Equisetopsida,Caryophyllanae,Caryophyllales,Cactaceae,Echinopsis,Echinopsis rojasii,Cárdenas,Accepted
flowering plants,Equisetopsida,Caryophyllanae,Caryophyllales,Cactaceae,Copiapoa,Copiapoa dealbata,F. Ritter,Accepted
flowering plants,Equisetopsida,Caryophyllanae,Caryophyllales,Cactaceae,Arrojadoa,Arrojadoa bahiensis,(P.J.Braun & Esteves) N.P.Taylor & Eggli,Accepted
flowering plants,Equisetopsida,Caryophyllanae,Caryophyllales,Cactaceae,Gymnocalycium,Gymnocalycium morroense,"Kulhánek, Å˜epka & J.Proch.",No opinion
flowering plants,Equisetopsida,Caryophyllanae,Caryophyllales,Cactaceae,Echinopsis,Echinopsis strigosa,(Salm-Dyck) Friedrich & G.D.Rowley,Accepted
flowering plants,Equisetopsida,Caryophyllanae,Caryophyllales,Cactaceae,Parodia,Parodia scopa,(W.R. Abraham) Hofacker,Accepted
flowering plants,Equisetopsida,Caryophyllanae,Caryophyllales,Cactaceae,Grusonia,Grusonia bulbispina,(Engelm.) H. Rob.,Accepted
flowering plants,Equisetopsida,Caryophyllanae,Caryophyllales,Cactaceae,Mammillaria,Mammillaria gigantea,Hildm. ex K. Schum.,Accepted
flowering plants,Equisetopsida,Caryophyllanae,Caryophyllales,Cactaceae,Neoporteria,Neoporteria nidus,(Söhrens) Britton & Rose,Accepted
flowering plants,Equisetopsida,Caryophyllanae,Caryophyllales,Cactaceae,Coryphantha,Coryphantha unicornis,Boed.,Accepted
flowering plants,Equisetopsida,Caryophyllanae,Caryophyllales,Cactaceae,Lobivia,Lobivia formosa,(Rausch) Rausch,Accepted
flowering plants,Equisetopsida,Caryophyllanae,Caryophyllales,Cactaceae,Echinopsis,Echinopsis bolligeriana,Machler & Helmut Walter,Accepted
flowering plants,Equisetopsida,Caryophyllanae,Caryophyllales,Cactaceae,Echinocereus,Echinocereus engelmannii,Engelm. ex Rumpler,No opinion
flowering plants,Equisetopsida,Caryophyllanae,Caryophyllales,Cactaceae,Eriosyce,Eriosyce taltalensis,(F.Ritter) Katt.,Accepted
flowering plants,Equisetopsida,Caryophyllanae,Caryophyllales,Cactaceae,Pereskiopsis,Pereskiopsis kellermanii,Rose,Accepted
flowering plants,Equisetopsida,Caryophyllanae,Caryophyllales,Cactaceae,Neobuxbaumia,Neobuxbaumia macrocephala,(F.A.C. Weber ex K. Schum.) E.Y. Dawson,Accepted
flowering plants,Equisetopsida,Caryophyllanae,Caryophyllales,Cactaceae,Opuntia,Opuntia engelmannii,Salm-Dyck ex Engelm.,Accepted
flowering plants,Equisetopsida,Caryophyllanae,Caryophyllales,Cactaceae,Corryocactus,Corryocactus perezianus,Cárdenas,Accepted
flowering plants,Equisetopsida,Caryophyllanae,Caryophyllales,Cactaceae,Opuntia,Opuntia cochenillifera,DC.,No opinion
flowering plants,Equisetopsida,Caryophyllanae,Caryophyllales,Cactaceae,Opuntia,Opuntia bella,Britton & Rose,Accepted
flowering plants,Equisetopsida,Caryophyllanae,Caryophyllales,Cactaceae,Ariocarpus,Ariocarpus fissuratus,(Rose) W.T. Marshall,Accepted
flowering plants,Equisetopsida,Caryophyllanae,Caryophyllales,Cactaceae,Opuntia,Opuntia pachypus,K. Schum.,Accepted
flowering plants,Equisetopsida,Caryophyllanae,Caryophyllales,Cactaceae,Mammillaria,Mammillaria kraehenbuehlii,(Krainz) Krainz,Accepted
flowering plants,Equisetopsida,Caryophyllanae,Caryophyllales,Cactaceae,Ferocactus,Ferocactus peninsulae,(Britton & Rose) Pilbeam & Bowdery,Accepted
flowering plants,Equisetopsida,Caryophyllanae,Caryophyllales,Cactaceae,Weingartia,Weingartia neocumingii,Backeb.,Accepted
flowering plants,Equisetopsida,Caryophyllanae,Caryophyllales,Cactaceae,Parodia,Parodia maxima,F. Ritter,Accepted
flowering plants,Equisetopsida,Caryophyllanae,Caryophyllales,Cactaceae,Mammillaria,Mammillaria lasiacantha,Engelm.,Accepted
flowering plants,Equisetopsida,Caryophyllanae,Caryophyllales,Cactaceae,Parodia,Parodia multicostata,F. Ritter & Jelin.,Accepted
flowering plants,Equisetopsida,Caryophyllanae,Caryophyllales,Cactaceae,Sulcorebutia,Sulcorebutia langeri,J. Falkenberg & K. Neumann,No opinion
flowering plants,Equisetopsida,Caryophyllanae,Caryophyllales,Cactaceae,Parodia,Parodia maassii,F. Ritter,Accepted
flowering plants,Equisetopsida,Caryophyllanae,Caryophyllales,Cactaceae,Echinopsis,Echinopsis formosa,(Pfeiff.) Jacobi ex Salm-Dyck,Accepted
flowering plants,Equisetopsida,Caryophyllanae,Caryophyllales,Cactaceae,Echinocereus,Echinocereus ortegae,(G. Frank) W. Rischer & Gerhart Frank,Accepted
flowering plants,Equisetopsida,Caryophyllanae,Caryophyllales,Cactaceae,Gymnocalycium,Gymnocalycium castellanosii,(Backeb. ex H. Till & Amerh.) G.J. Charles,Accepted
flowering plants,Equisetopsida,Caryophyllanae,Caryophyllales,Cactaceae,Opuntia,Opuntia eocarpa,Griffiths,No opinion
flowering plants,Equisetopsida,Caryophyllanae,Caryophyllales,Cactaceae,Echinocereus,Echinocereus fasciculatus,(Engelm. ex B.D. Jacks.) L.D. Benson,Accepted
flowering plants,Equisetopsida,Caryophyllanae,Caryophyllales,Cactaceae,Heliochia,Heliochia hybrida,(Van Geel) P.V.Heath,No opinion
flowering plants,Equisetopsida,Caryophyllanae,Caryophyllales,Cactaceae,Parodia,Parodia haselbergii,(K. Schum.) Hofacker & P.J. Braun,Accepted
flowering plants,Equisetopsida,Caryophyllanae,Caryophyllales,Cactaceae,Lobivia,Lobivia steinmannii,(Solms) Backeb.,Accepted
flowering plants,Equisetopsida,Caryophyllanae,Caryophyllales,Cactaceae,Cylindropuntia,Cylindropuntia alcahes,(Rebman) U.Guzmán,Accepted
flowering plants,Equisetopsida,Caryophyllanae,Caryophyllales,Cactaceae,Gymnocalycium,Gymnocalycium paediophilum,F. Ritter & Schütz,Accepted
flowering plants,Equisetopsida,Caryophyllanae,Caryophyllales,Cactaceae,Cereus,Cereus forbesii,Otto,Accepted
flowering plants,Equisetopsida,Caryophyllanae,Caryophyllales,Cactaceae,Opuntia,Opuntia colubrina,A. Cast.,Accepted
flowering plants,Equisetopsida,Caryophyllanae,Caryophyllales,Cactaceae,Cipocereus,Cipocereus minensis,(Werderm.) F. Ritter,Accepted
flowering plants,Equisetopsida,Caryophyllanae,Caryophyllales,Cactaceae,Epiphyllum,Epiphyllum hookeri,(Link & Otto) Haw.,Accepted
flowering plants,Equisetopsida,Caryophyllanae,Caryophyllales,Cactaceae,Mammillaria,Mammillaria polythele,Mart.,Accepted
flowering plants,Equisetopsida,Caryophyllanae,Caryophyllales,Cactaceae,Neoraimondia,Neoraimondia arequipensis,Backeb.,Accepted
flowering plants,Equisetopsida,Caryophyllanae,Caryophyllales,Cactaceae,Echinopsis,Echinopsis gemmata,Schumann in Mart.,No opinion
flowering plants,Equisetopsida,Caryophyllanae,Caryophyllales,Cactaceae,Uebelmannia,Uebelmannia pectinifera,(Buining & Brederoo) P.J. Braun & Esteves,Accepted
flowering plants,Equisetopsida,Caryophyllanae,Caryophyllales,Cactaceae,Escontria,Escontria chiotilla,(A.A.Weber ex K.Schum.) Rose,Accepted
flowering plants,Equisetopsida,Caryophyllanae,Caryophyllales,Cactaceae,Thelocactus,Thelocactus tulensis,(Klein) N.P. Taylor,Accepted
flowering plants,Equisetopsida,Caryophyllanae,Caryophyllales,Cactaceae,Turbinicarpus,Turbinicarpus subterraneus,(Backeb.) A.D. Zimmerman,Accepted
flowering plants,Equisetopsida,Caryophyllanae,Caryophyllales,Cactaceae,Opuntia,Opuntia phaeacantha,Engelm.,Accepted
flowering plants,Equisetopsida,Caryophyllanae,Caryophyllales,Cactaceae,Parodia,Parodia comarapana,F. Ritter,No opinion
flowering plants,Equisetopsida,Caryophyllanae,Caryophyllales,Cactaceae,Cumulopuntia,Cumulopuntia boliviana,D.R. Hunt,No opinion
flowering plants,Equisetopsida,Caryophyllanae,Caryophyllales,Cactaceae,Echinocereus,Echinocereus bonkerae,Thornb. & Bonker,Accepted
flowering plants,Equisetopsida,Caryophyllanae,Caryophyllales,Cactaceae,Selenicereus,Selenicereus monacanthus,(hort. ex Lem.) D.R. Hunt,Accepted
flowering plants,Equisetopsida,Caryophyllanae,Caryophyllales,Cactaceae,Cereus,Cereus adelmarii,(Rizzini & A. Mattos) P.J. Braun,Accepted
flowering plants,Equisetopsida,Caryophyllanae,Caryophyllales,Cactaceae,Rhipsalis,Rhipsalis clavata,F.A.C. Weber,Accepted
flowering plants,Equisetopsida,Caryophyllanae,Caryophyllales,Cactaceae,Opuntia,Opuntia quimilo,K. Schum.,Accepted
flowering plants,Equisetopsida,Caryophyllanae,Caryophyllales,Cactaceae,Discocactus,Discocactus bahiensis,Britton & Rose,Accepted
flowering plants,Equisetopsida,Caryophyllanae,Caryophyllales,Cactaceae,Copiapoa,Copiapoa hypogaea,(F. Ritter) G.J. Charles,Accepted
flowering plants,Equisetopsida,Caryophyllanae,Caryophyllales,Cactaceae,Mammillaria,Mammillaria glassii,R.A. Foster,Accepted
flowering plants,Equisetopsida,Caryophyllanae,Caryophyllales,Cactaceae,Opuntia,Opuntia neochrysacantha,Bravo,Accepted
flowering plants,Equisetopsida,Caryophyllanae,Caryophyllales,Cactaceae,Cactus,Cactus pyrrhochroacanthus,(Lem.) Kuntze,Accepted
flowering plants,Equisetopsida,Caryophyllanae,Caryophyllales,Cactaceae,Lobivia,Lobivia lateritia,(Gürke) Britton & Rose,Accepted
flowering plants,Equisetopsida,Caryophyllanae,Caryophyllales,Cactaceae,Thelocactus,Thelocactus heterochromus,(F.A.C. Weber) Oosten,Accepted
flowering plants,Equisetopsida,Caryophyllanae,Caryophyllales,Cactaceae,Neoporteria,Neoporteria fusca,(Muehlenpf.) Britton & Rose,Accepted
flowering plants,Equisetopsida,Caryophyllanae,Caryophyllales,Cactaceae,Gymnocalycium,Gymnocalycium schroederianum,R. Kiesling,Accepted
flowering plants,Equisetopsida,Caryophyllanae,Caryophyllales,Cactaceae,Coryphantha,Coryphantha macromeris,(Engelm.) Lem.,Accepted
flowering plants,Equisetopsida,Caryophyllanae,Caryophyllales,Cactaceae,Echinopsis,Echinopsis knuthiana,(Backeb.) Friedrich & G.D. Rowley,Accepted
flowering plants,Equisetopsida,Caryophyllanae,Caryophyllales,Cactaceae,Opuntia,Opuntia polyacantha,(K. Schum.) Backeb.,Accepted
flowering plants,Equisetopsida,Caryophyllanae,Caryophyllales,Cactaceae,Ferocactus,Ferocactus gracilis,,Accepted
flowering plants,Equisetopsida,Caryophyllanae,Caryophyllales,Cactaceae,Mammillaria,Mammillaria sneedii,(Britton & Rose) Cory,Accepted
flowering plants,Equisetopsida,Caryophyllanae,Caryophyllales,Cactaceae,Parodia,Parodia haselbergii,(F. Haage ex Rümpler) F.H. Brandt,Accepted
flowering plants,Equisetopsida,Caryophyllanae,Caryophyllales,Cactaceae,Echinomastus,Echinomastus warnockii,(L.D. Benson) Glass & R.A. Foster,Accepted
flowering plants,Equisetopsida,Caryophyllanae,Caryophyllales,Cactaceae,Echinopsis,Echinopsis thelegonoides,(Speg.) Friedrich & G.D.Rowley,Accepted
flowering plants,Equisetopsida,Caryophyllanae,Caryophyllales,Cactaceae,Opuntia,Opuntia heteromorpha,Phil.,Accepted
flowering plants,Equisetopsida,Caryophyllanae,Caryophyllales,Cactaceae,Mammillaria,Mammillaria bocensis,Repp.,No opinion
flowering plants,Equisetopsida,Caryophyllanae,Caryophyllales,Cactaceae,Stenocereus,Stenocereus queretaroensis,(F.A.C.Weber ex Mathes.) Buxb.,Accepted
flowering plants,Equisetopsida,Caryophyllanae,Caryophyllales,Cactaceae,Mammillaria,Mammillaria standleyi,(Britton & Rose) Orcutt,Accepted
flowering plants,Equisetopsida,Caryophyllanae,Caryophyllales,Cactaceae,Coryphantha,Coryphantha tuberculosa,(Tiegel) A.D. Zimmerman,Accepted
flowering plants,Equisetopsida,Caryophyllanae,Caryophyllales,Cactaceae,Mammillaria,Mammillaria mazatlanensis,,Accepted
flowering plants,Equisetopsida,Caryophyllanae,Caryophyllales,Cactaceae,Opuntia,Opuntia ithypetala,Griffiths,No opinion
flowering plants,Equisetopsida,Caryophyllanae,Caryophyllales,Cactaceae,Echinocereus,Echinocereus polyacanthus,(Regel) N.P. Taylor,Accepted
flowering plants,Equisetopsida,Caryophyllanae,Caryophyllales,Cactaceae,Coryphantha,Coryphantha robertii,A. Berger,Accepted
flowering plants,Equisetopsida,Caryophyllanae,Caryophyllales,Cactaceae,Cephalocereus,Cephalocereus tetazo,(Weber ex Coulter.) Diguet,Accepted
flowering plants,Equisetopsida,Caryophyllanae,Caryophyllales,Cactaceae,Echinomastus,Echinomastus kakui,Backeb.,No opinion
flowering plants,Equisetopsida,Caryophyllanae,Caryophyllales,Cactaceae,Gymnocalycium,Gymnocalycium hybopleurum,(K. Schum.) Backeb.,Accepted
flowering plants,Equisetopsida,Caryophyllanae,Caryophyllales,Cactaceae,Mammillaria,Mammillaria discolor,(Bravo) Linzen,Accepted
flowering plants,Equisetopsida,Caryophyllanae,Caryophyllales,Cactaceae,Leptocereus,Leptocereus quadricostatus,(Bello) Britton & Rose,Accepted
flowering plants,Equisetopsida,Caryophyllanae,Caryophyllales,Cactaceae,Opuntia,Opuntia tenuiflora,Small,Accepted
flowering plants,Equisetopsida,Caryophyllanae,Caryophyllales,Cactaceae,Monvillea,Monvillea anisitsii,(K. Schum.) A. Berger,Accepted
flowering plants,Equisetopsida,Caryophyllanae,Caryophyllales,Cactaceae,Echinocereus,Echinocereus nivosus,Glass & Foster,Accepted
flowering plants,Equisetopsida,Caryophyllanae,Caryophyllales,Cactaceae,Mammillaria,Mammillaria lasiacantha,(Backeb. ex Rogoz. & Appenz.) D.R. Hunt,Accepted
flowering plants,Equisetopsida,Caryophyllanae,Caryophyllales,Cactaceae,Opuntia,Opuntia pycnantha,Engelm.,Accepted
flowering plants,Equisetopsida,Caryophyllanae,Caryophyllales,Cactaceae,Opuntia,Opuntia fulgida,,Accepted
flowering plants,Equisetopsida,Caryophyllanae,Caryophyllales,Cactaceae,Mammillaria,Mammillaria deherdtiana,(Bravo) D.R. Hunt,Accepted
flowering plants,Equisetopsida,Caryophyllanae,Caryophyllales,Cactaceae,Selenicereus,Selenicereus anthonyanus,(Alexander) D.R. Hunt,Accepted
flowering plants,Equisetopsida,Caryophyllanae,Caryophyllales,Cactaceae,Sulcorebutia,Sulcorebutia gemmae,Mosti & Rovida,Accepted
flowering plants,Equisetopsida,Caryophyllanae,Caryophyllales,Cactaceae,Opuntia,Opuntia setigera,,No opinion
flowering plants,Equisetopsida,Caryophyllanae,Caryophyllales,Cactaceae,Mammillaria,Mammillaria aurihamata,Boed.,Accepted
flowering plants,Equisetopsida,Caryophyllanae,Caryophyllales,Cactaceae,Parodia,Parodia tillii,Weskamp,Accepted
flowering plants,Equisetopsida,Caryophyllanae,Caryophyllales,Cactaceae,Pereskia,Pereskia guamacho,F.A.C. Weber,Accepted
flowering plants,Equisetopsida,Caryophyllanae,Caryophyllales,Cactaceae,Rebutia,Rebutia pseudodeminuta,(Backeb.) Buining & Don.,Accepted
flowering plants,Equisetopsida,Caryophyllanae,Caryophyllales,Cactaceae,Neoporteria,Neoporteria mammillarioides,(Hook.) Backeb.,No opinion
flowering plants,Equisetopsida,Caryophyllanae,Caryophyllales,Cactaceae,Turbinicarpus,Turbinicarpus schmiedickeanus,(G. Frank & A.B. Lau) Glass & R.A. Foster,Accepted
flowering plants,Equisetopsida,Caryophyllanae,Caryophyllales,Cactaceae,Armatocereus,Armatocereus rauhii,Backeb.,Accepted
flowering plants,Equisetopsida,Caryophyllanae,Caryophyllales,Cactaceae,Echinopsis,Echinopsis ancistrophora,Speg.,Accepted
flowering plants,Equisetopsida,Caryophyllanae,Caryophyllales,Cactaceae,Copiapoa,Copiapoa echinoides,(Lem. ex Salm-Dyck) Britton & Rose,Accepted
flowering plants,Equisetopsida,Caryophyllanae,Caryophyllales,Cactaceae,Parodia,Parodia sotomayorensis,F. Ritter,Accepted
flowering plants,Equisetopsida,Caryophyllanae,Caryophyllales,Cactaceae,Mammillaria,Mammillaria karwinskiana,(R.T. Craig & E.Y. Dawson) D.R. Hunt,Accepted
flowering plants,Equisetopsida,Caryophyllanae,Caryophyllales,Cactaceae,Pterocactus,Pterocactus kurtzei,K.Schum.,No opinion
flowering plants,Equisetopsida,Caryophyllanae,Caryophyllales,Cactaceae,Opuntia,Opuntia wilcoxii,Britton & Rose,Accepted
flowering plants,Equisetopsida,Caryophyllanae,Caryophyllales,Cactaceae,Harrisia,Harrisia bonplandii,(Parm.) Britton & Rose,Accepted
flowering plants,Equisetopsida,Caryophyllanae,Caryophyllales,Cactaceae,Turbinicarpus,Turbinicarpus pseudomacrochele,,Accepted
flowering plants,Equisetopsida,Caryophyllanae,Caryophyllales,Cactaceae,Mammillaria,Mammillaria hutchisoniana,,Accepted
flowering plants,Equisetopsida,Caryophyllanae,Caryophyllales,Cactaceae,Maihueniopsis,Maihueniopsis minuta,(Backeb.) R. Kiesling,Accepted
flowering plants,Equisetopsida,Caryophyllanae,Caryophyllales,Cactaceae,Parodia,Parodia alacriportana,,Accepted
flowering plants,Equisetopsida,Caryophyllanae,Caryophyllales,Cactaceae,Selenicereus,Selenicereus tricae,D.R. Hunt,Accepted
flowering plants,Equisetopsida,Caryophyllanae,Caryophyllales,Cactaceae,Cylindropuntia,Cylindropuntia sanfelipensis,(Rebman) Rebman,Accepted
flowering plants,Equisetopsida,Caryophyllanae,Caryophyllales,Cactaceae,Coryphantha,Coryphantha alversonii,(J.M. Coult.) Orcutt,Accepted
flowering plants,Equisetopsida,Caryophyllanae,Caryophyllales,Cactaceae,Opuntia,Opuntia plumbea,Rose,Accepted
flowering plants,Equisetopsida,Caryophyllanae,Caryophyllales,Cactaceae,Opuntia,Opuntia spirocentra,Engelm. & J.M.Bigelow ex Haage,No opinion
flowering plants,Equisetopsida,Caryophyllanae,Caryophyllales,Cactaceae,Opuntia,Opuntia longispina,Haw.,Accepted
flowering plants,Equisetopsida,Caryophyllanae,Caryophyllales,Cactaceae,Echinomastus,Echinomastus erectocentrus,(W.T. Marshall) U. Guzmán,No opinion
flowering plants,Equisetopsida,Caryophyllanae,Caryophyllales,Cactaceae,Espostoa,Espostoa nana,F. Ritter,Accepted
flowering plants,Equisetopsida,Caryophyllanae,Caryophyllales,Cactaceae,Heliocereus,Heliocereus elegantissimus,,No opinion
flowering plants,Equisetopsida,Caryophyllanae,Caryophyllales,Cactaceae,Sulcorebutia,Sulcorebutia crispata,Rausch,Accepted
flowering plants,Equisetopsida,Caryophyllanae,Caryophyllales,Cactaceae,Rebutia,Rebutia tarijensis,Rausch,Accepted
flowering plants,Equisetopsida,Caryophyllanae,Caryophyllales,Cactaceae,Ferocactus,Ferocactus recurvus,(Glass) Pilbeam & Bowdery,Accepted
flowering plants,Equisetopsida,Caryophyllanae,Caryophyllales,Cactaceae,Opuntia,Opuntia rufescens,Salm-Dyck ex C.F.Först.,No opinion
flowering plants,Equisetopsida,Caryophyllanae,Caryophyllales,Cactaceae,Turbinicarpus,Turbinicarpus viereckii,(Werderm.) John & Riha,Accepted
flowering plants,Equisetopsida,Caryophyllanae,Caryophyllales,Cactaceae,Calymmanthium,Calymmanthium fertile,F. Ritter,Accepted
flowering plants,Equisetopsida,Caryophyllanae,Caryophyllales,Cactaceae,Pilosocereus,Pilosocereus pachycladus,,Accepted
flowering plants,Equisetopsida,Caryophyllanae,Caryophyllales,Cactaceae,Mammillaria,Mammillaria phitauiana,(E.M. Baxter) Werderm.,Accepted
flowering plants,Equisetopsida,Caryophyllanae,Caryophyllales,Cactaceae,Echinocereus,Echinocereus cinerascens,(DC.) Rumpler,No opinion
flowering plants,Equisetopsida,Caryophyllanae,Caryophyllales,Cactaceae,Mammillaria,Mammillaria uncinata,Zucc. ex Pfeiff.,Accepted
flowering plants,Equisetopsida,Caryophyllanae,Caryophyllales,Cactaceae,Parodia,Parodia neglecta,F.H. Brandt,Accepted
flowering plants,Equisetopsida,Caryophyllanae,Caryophyllales,Cactaceae,Matucana,Matucana mirabilis,Buining,Accepted
flowering plants,Equisetopsida,Caryophyllanae,Caryophyllales,Cactaceae,Jasminocereus,Jasminocereus thouarsii,(K. Schum.) E.F. Anderson & Walk.,Accepted
flowering plants,Equisetopsida,Caryophyllanae,Caryophyllales,Cactaceae,Copiapoa,Copiapoa humilis,Hoxey,No opinion
flowering plants,Equisetopsida,Caryophyllanae,Caryophyllales,Cactaceae,Opuntia,Opuntia winteriana,A. Berger,No opinion
flowering plants,Equisetopsida,Caryophyllanae,Caryophyllales,Cactaceae,Mammillaria,Mammillaria pondii,(G.E. Linds.) D.R. Hunt,Accepted
flowering plants,Equisetopsida,Caryophyllanae,Caryophyllales,Cactaceae,Parodia,Parodia muricata,(Otto) Hofacker,Accepted
flowering plants,Equisetopsida,Caryophyllanae,Caryophyllales,Cactaceae,Frailea,Frailea phaeodisca,(Speg.) Backeb. & F.M. Knuth,Accepted
flowering plants,Equisetopsida,Caryophyllanae,Caryophyllales,Cactaceae,Lobivia,Lobivia pygmaea,Rausch,Accepted
flowering plants,Equisetopsida,Caryophyllanae,Caryophyllales,Cactaceae,Cereus,Cereus triangularis,Mill.,No opinion
flowering plants,Equisetopsida,Caryophyllanae,Caryophyllales,Cactaceae,Sclerocactus,Sclerocactus mesae-verdae,(Boissev. & C. Davidson) L.D. Benson,Accepted
flowering plants,Equisetopsida,Caryophyllanae,Caryophyllales,Cactaceae,Mammillaria,Mammillaria xaltianguensis,,Accepted
flowering plants,Equisetopsida,Caryophyllanae,Caryophyllales,Cactaceae,Sulcorebutia,Sulcorebutia roberto-vasquezii,Diers & Krahn,Accepted
flowering plants,Equisetopsida,Caryophyllanae,Caryophyllales,Cactaceae,Cereus,Cereus jamacaru,(F. Ritter) P.J. Braun & Esteves,Accepted
flowering plants,Equisetopsida,Caryophyllanae,Caryophyllales,Cactaceae,Austrocylindropuntia,Austrocylindropuntia verschaffeltii,(Cels ex F.A.C.Weber) Backeb.,Accepted
flowering plants,Equisetopsida,Caryophyllanae,Caryophyllales,Cactaceae,Pelecyphora,Pelecyphora strobiliformis,FriÄ‡ & Schelle,Accepted
flowering plants,Equisetopsida,Caryophyllanae,Caryophyllales,Cactaceae,Ferocactus,Ferocactus alamosanus,,Accepted
flowering plants,Equisetopsida,Caryophyllanae,Caryophyllales,Cactaceae,Pfeiffera,Pfeiffera brevispina,D.R.Hunt,No opinion
flowering plants,Equisetopsida,Caryophyllanae,Caryophyllales,Cactaceae,Neoporteria,Neoporteria monte-amargensis,(Backeb.) Donald & G.D. Rowley,No opinion
flowering plants,Equisetopsida,Caryophyllanae,Caryophyllales,Cactaceae,Acanthocereus,Acanthocereus oaxacensis,(Britton & Rose) Lodé,Accepted
flowering plants,Equisetopsida,Caryophyllanae,Caryophyllales,Cactaceae,Mammillaria,Mammillaria marksiana,Krainz,Accepted
flowering plants,Equisetopsida,Caryophyllanae,Caryophyllales,Cactaceae,Copiapoa,Copiapoa marginata,(Salm-Dyck) Britton & Rose,Accepted
flowering plants,Equisetopsida,Caryophyllanae,Caryophyllales,Cactaceae,Echinocereus,Echinocereus chisoensis,,No opinion
flowering plants,Equisetopsida,Caryophyllanae,Caryophyllales,Cactaceae,Opuntia,Opuntia leucotricha,DC.,Accepted
flowering plants,Equisetopsida,Caryophyllanae,Caryophyllales,Cactaceae,Peniocereus,Peniocereus greggii,(Engelm.) Britton & Rose,Accepted
flowering plants,Equisetopsida,Caryophyllanae,Caryophyllales,Cactaceae,Schlumbergera,Schlumbergera gaertneri,(Regel) Britton & Rose,Accepted
flowering plants,Equisetopsida,Caryophyllanae,Caryophyllales,Cactaceae,Turbinicarpus,Turbinicarpus schmiedickeanus,(Boed.) Buxb. & Backeb.,Accepted
flowering plants,Equisetopsida,Caryophyllanae,Caryophyllales,Cactaceae,Opuntia,Opuntia helleri,K. Schum. ex B.L. Rob.,Accepted
flowering plants,Equisetopsida,Caryophyllanae,Caryophyllales,Cactaceae,Peniocereus,Peniocereus greggii,,Accepted
flowering plants,Equisetopsida,Caryophyllanae,Caryophyllales,Cactaceae,Opuntia,Opuntia cantabrigiensis,Lynch,Accepted
flowering plants,Equisetopsida,Caryophyllanae,Caryophyllales,Cactaceae,Cereus,Cereus vargasianus,Cárdenas,Accepted
flowering plants,Equisetopsida,Caryophyllanae,Caryophyllales,Cactaceae,Peniocereus,Peniocereus viperinus,(F.A.C. Weber) Kreuz.,Accepted
flowering plants,Equisetopsida,Caryophyllanae,Caryophyllales,Cactaceae,Gymnocalycium,Gymnocalycium rosae,H. Till,Accepted
flowering plants,Equisetopsida,Caryophyllanae,Caryophyllales,Cactaceae,Mammillaria,Mammillaria dixanthocentron,Backeb. ex Mottram,Accepted
flowering plants,Equisetopsida,Caryophyllanae,Caryophyllales,Cactaceae,Coryphantha,Coryphantha pseudonickelsae,Backeb.,Accepted
flowering plants,Equisetopsida,Caryophyllanae,Caryophyllales,Cactaceae,Mammillaria,Mammillaria pennispinosa,Krainz,Accepted
flowering plants,Equisetopsida,Caryophyllanae,Caryophyllales,Cactaceae,Opuntia,Opuntia horrida,Salm-Dyck ex DC.,No opinion
flowering plants,Equisetopsida,Caryophyllanae,Caryophyllales,Cactaceae,Digitorebutia,Digitorebutia haagei,(Fric & Schelle) Fric ex Buining,No opinion
flowering plants,Equisetopsida,Caryophyllanae,Caryophyllales,Cactaceae,Epithelantha,Epithelantha micromeris,(Boed.) N.P. Taylor,Accepted
flowering plants,Equisetopsida,Caryophyllanae,Caryophyllales,Cactaceae,Ferocactus,Ferocactus alamosanus,(Britton & Rose) Britton & Rose,Accepted
flowering plants,Equisetopsida,Caryophyllanae,Caryophyllales,Cactaceae,Eriosyce,Eriosyce kunzei,(C.F.Först.) Katt.,Accepted
flowering plants,Equisetopsida,Caryophyllanae,Caryophyllales,Cactaceae,Mammillaria,Mammillaria prolifera,(Mill.) Haw.,Accepted
flowering plants,Equisetopsida,Caryophyllanae,Caryophyllales,Cactaceae,Hylocereus,Hylocereus bronxensis,Britton & Rose,No opinion
flowering plants,Equisetopsida,Caryophyllanae,Caryophyllales,Cactaceae,Notocactus,Notocactus globularis,F.Ritter,No opinion
flowering plants,Equisetopsida,Caryophyllanae,Caryophyllales,Cactaceae,Cleistocactus,Cleistocactus plagiostoma,(Vaupel) D.R. Hunt,Accepted
flowering plants,Equisetopsida,Caryophyllanae,Caryophyllales,Cactaceae,Pilosocereus,Pilosocereus hermii,"P.J.Braun, Esteves & Hofacker",No opinion
flowering plants,Equisetopsida,Caryophyllanae,Caryophyllales,Cactaceae,Neoporteria,Neoporteria odieri,(Backeb.) Ferryman,Accepted
flowering plants,Equisetopsida,Caryophyllanae,Caryophyllales,Cactaceae,Opuntia,Opuntia linguiformis,Griffiths,Accepted
flowering plants,Equisetopsida,Caryophyllanae,Caryophyllales,Cactaceae,Harrisia,Harrisia aboriginum,Small ex Britton & Rose,Accepted
flowering plants,Equisetopsida,Caryophyllanae,Caryophyllales,Cactaceae,Pterocactus,Pterocactus tuberosus,(Pfeiff.) Britton & Rose,Accepted
flowering plants,Equisetopsida,Caryophyllanae,Caryophyllales,Cactaceae,Parodia,Parodia nigrispina,(K. Schum.) F.H. Brandt,Accepted
flowering plants,Equisetopsida,Caryophyllanae,Caryophyllales,Cactaceae,Rebutia,Rebutia pulvinosa,F. Ritter & Buining,Accepted
flowering plants,Equisetopsida,Caryophyllanae,Caryophyllales,Cactaceae,Lobivia,Lobivia kieslingii,Rausch,Accepted
flowering plants,Equisetopsida,Caryophyllanae,Caryophyllales,Cactaceae,Mammillaria,Mammillaria haageana,(Tiegel) U. Guzmán,Accepted
flowering plants,Equisetopsida,Caryophyllanae,Caryophyllales,Cactaceae,Ferocactus,Ferocactus robustus,(Karw. ex Pfeiff.) Britton & Rose,Accepted
flowering plants,Equisetopsida,Caryophyllanae,Caryophyllales,Cactaceae,Astrophytum,Astrophytum asterias,(Zucc.) Lem.,Accepted
flowering plants,Equisetopsida,Caryophyllanae,Caryophyllales,Cactaceae,Opuntia,Opuntia retrorsa,Speg.,Accepted
flowering plants,Equisetopsida,Caryophyllanae,Caryophyllales,Cactaceae,Weberocereus,Weberocereus trichophorus,H. Johnson & Kimnach,Accepted
flowering plants,Equisetopsida,Caryophyllanae,Caryophyllales,Cactaceae,Mammillaria,Mammillaria melanocentra,(Repp. & A.B. Lau) D.R. Hunt,Accepted
flowering plants,Equisetopsida,Caryophyllanae,Caryophyllales,Cactaceae,Mammillaria,Mammillaria parkinsonii,Ehrenb.,Accepted
flowering plants,Equisetopsida,Caryophyllanae,Caryophyllales,Cactaceae,Hylocereus,Hylocereus costaricensis,(F.A.C.Weber) Britton & Rose,Accepted
flowering plants,Equisetopsida,Caryophyllanae,Caryophyllales,Cactaceae,Echinopsis,Echinopsis leucantha,(Gillies ex Salm-Dyck) Walp.,Accepted
flowering plants,Equisetopsida,Caryophyllanae,Caryophyllales,Cactaceae,Schlumbergera,Schlumbergera gaertneri,(Regel) E. Britton & A. Rose,Accepted
flowering plants,Equisetopsida,Caryophyllanae,Caryophyllales,Cactaceae,Corryocactus,Corryocactus brevispinus,Rauh & Backeb.,Accepted
flowering plants,Equisetopsida,Caryophyllanae,Caryophyllales,Cactaceae,Harrisia,Harrisia eriophora,(hort. ex Pfeiff.) Britton,Accepted
flowering plants,Equisetopsida,Caryophyllanae,Caryophyllales,Cactaceae,Cereus,Cereus ridleii,Andrade-Lima ex Backeb.,Accepted
flowering plants,Equisetopsida,Caryophyllanae,Caryophyllales,Cactaceae,Mammillaria,Mammillaria discolor,(Bravo) U. Guzmán,Accepted
flowering plants,Equisetopsida,Caryophyllanae,Caryophyllales,Cactaceae,Weberocereus,Weberocereus tonduzii,(F.A.C. Weber) G.D. Rowley,Accepted
flowering plants,Equisetopsida,Caryophyllanae,Caryophyllales,Cactaceae,Thelocactus,Thelocactus conothelos,,Accepted
flowering plants,Equisetopsida,Caryophyllanae,Caryophyllales,Cactaceae,Oroya,Oroya borchersii,(Boed.) Backeb.,Accepted
flowering plants,Equisetopsida,Caryophyllanae,Caryophyllales,Cactaceae,Pachycereus,Pachycereus pringlei,(S. Watson) Britton & Rose,Accepted
flowering plants,Equisetopsida,Caryophyllanae,Caryophyllales,Cactaceae,Echinopsis,Echinopsis santaensis,(Rauh & Backeb.) Friedrich & G.D. Rowley,Accepted
flowering plants,Equisetopsida,Caryophyllanae,Caryophyllales,Cactaceae,Opuntia,Opuntia deamii,Rose,Accepted
flowering plants,Equisetopsida,Caryophyllanae,Caryophyllales,Cactaceae,Mammillaria,Mammillaria brandegeei,,Accepted
flowering plants,Equisetopsida,Caryophyllanae,Caryophyllales,Cactaceae,Rhipsalis,Rhipsalis agudoensis,N.P. Taylor,Accepted
flowering plants,Equisetopsida,Caryophyllanae,Caryophyllales,Cactaceae,Opuntia,Opuntia aureispina,(S. Brack & K.D. Heil) Pinkava & B.D. Parfitt,Accepted
flowering plants,Equisetopsida,Caryophyllanae,Caryophyllales,Cactaceae,Opuntia,Opuntia greenei,(Engelm. ex J.M. Coult.) Britton & Rose,Accepted
flowering plants,Equisetopsida,Caryophyllanae,Caryophyllales,Cactaceae,Ferocactus,Ferocactus wislizeni,,Accepted
flowering plants,Equisetopsida,Caryophyllanae,Caryophyllales,Cactaceae,Gymnocalycium,Gymnocalycium eytianum,Cárdenas,Accepted
flowering plants,Equisetopsida,Caryophyllanae,Caryophyllales,Cactaceae,Echinopsis,Echinopsis walteri,(R. Kiesling) H. Friedrich & Glaetzle,Accepted
flowering plants,Equisetopsida,Caryophyllanae,Caryophyllales,Cactaceae,Copiapoa,Copiapoa rupestris,(F. Ritter) Doweld,Accepted
flowering plants,Equisetopsida,Caryophyllanae,Caryophyllales,Cactaceae,Browningia,Browningia microsperma,(Werderm. & Backeb.) W.T. Marshall,Accepted
flowering plants,Equisetopsida,Caryophyllanae,Caryophyllales,Cactaceae,Ferocactus,Ferocactus johnstonianus,Britton & Rose,Accepted
flowering plants,Equisetopsida,Caryophyllanae,Caryophyllales,Cactaceae,Astrophytum,Astrophytum caput-medusae,(Velazco & Nevárez) D.R. Hunt,No opinion
flowering plants,Equisetopsida,Caryophyllanae,Caryophyllales,Cactaceae,Opuntia,Opuntia rubescens,Salm-Dyck ex DC.,Accepted
flowering plants,Equisetopsida,Caryophyllanae,Caryophyllales,Cactaceae,Mammillaria,Mammillaria haageana,Pfeiff.,Accepted
flowering plants,Equisetopsida,Caryophyllanae,Caryophyllales,Cactaceae,Mammillaria,Mammillaria setispina,Engelm. ex J.M. Coult.,No opinion
flowering plants,Equisetopsida,Caryophyllanae,Caryophyllales,Cactaceae,Mammillaria,Mammillaria mazatlanensis,K. Schum.,Accepted
flowering plants,Equisetopsida,Caryophyllanae,Caryophyllales,Cactaceae,Stenocereus,Stenocereus aragonii,(F.A.C. Weber) Buxb.,Accepted
flowering plants,Equisetopsida,Caryophyllanae,Caryophyllales,Cactaceae,Consolea,Consolea nashii,,No opinion
flowering plants,Equisetopsida,Caryophyllanae,Caryophyllales,Cactaceae,Harrisia,Harrisia earlei,Britton & Rose,Accepted
flowering plants,Equisetopsida,Caryophyllanae,Caryophyllales,Cactaceae,Siccobaccatus,Siccobaccatus insigniflorus,,No opinion
flowering plants,Equisetopsida,Caryophyllanae,Caryophyllales,Cactaceae,Echinopsis,Echinopsis serpentina,M. Lowry & M. Mend.,Accepted
flowering plants,Equisetopsida,Caryophyllanae,Caryophyllales,Cactaceae,Opuntia,Opuntia undulata,Griffiths,Accepted
flowering plants,Equisetopsida,Caryophyllanae,Caryophyllales,Cactaceae,Samaipaticereus,Samaipaticereus corroanus,Cárdenas,Accepted
flowering plants,Equisetopsida,Caryophyllanae,Caryophyllales,Cactaceae,Opuntia,Opuntia pubescens,H.L. Wendl. ex Pfeiff.,Accepted
flowering plants,Equisetopsida,Caryophyllanae,Caryophyllales,Cactaceae,Opuntia,Opuntia nuda,(Backeb.) G.D. Rowley,Accepted
flowering plants,Equisetopsida,Caryophyllanae,Caryophyllales,Cactaceae,Uebelmannia,Uebelmannia pectinifera,(P.J. Braun) P.J. Braun & Esteves,Accepted
flowering plants,Equisetopsida,Caryophyllanae,Caryophyllales,Cactaceae,Sulcorebutia,Sulcorebutia dorana,Gertel,Accepted
flowering plants,Equisetopsida,Caryophyllanae,Caryophyllales,Cactaceae,Cereus,Cereus lanosus,(F. Ritter) P.J. Braun,Accepted
flowering plants,Equisetopsida,Caryophyllanae,Caryophyllales,Cactaceae,Cereus,Cereus paniculatus,DC.,No opinion
flowering plants,Equisetopsida,Caryophyllanae,Caryophyllales,Cactaceae,Rhipsalis,Rhipsalis cruciformis,(Vell.) A. Cast.,Accepted
flowering plants,Equisetopsida,Caryophyllanae,Caryophyllales,Cactaceae,Schlumbergera,Schlumbergera orssichiana,Barthlott & McMillan,Accepted
flowering plants,Equisetopsida,Caryophyllanae,Caryophyllales,Cactaceae,Opuntia,Opuntia mira,(Rauh & Backeb.) G.D. Rowley,Accepted
flowering plants,Equisetopsida,Caryophyllanae,Caryophyllales,Cactaceae,Rebutia,Rebutia neocumingii,,Accepted
flowering plants,Equisetopsida,Caryophyllanae,Caryophyllales,Cactaceae,Gymnocalycium,Gymnocalycium hossei,(Haage) A. Berger,Accepted
flowering plants,Equisetopsida,Caryophyllanae,Caryophyllales,Cactaceae,Turbinicarpus,Turbinicarpus horripilus,(Lem.) John & Riha,Accepted
flowering plants,Equisetopsida,Caryophyllanae,Caryophyllales,Cactaceae,Echinocereus,Echinocereus schereri,G. Frank,Accepted
flowering plants,Equisetopsida,Caryophyllanae,Caryophyllales,Cactaceae,Cumulopuntia,Cumulopuntia galerasensis,F. Ritter,Accepted
flowering plants,Equisetopsida,Caryophyllanae,Caryophyllales,Cactaceae,Opuntia,Opuntia zebrina,Small,Accepted
flowering plants,Equisetopsida,Caryophyllanae,Caryophyllales,Cactaceae,Opuntia,Opuntia cyanella,Griffiths,No opinion
flowering plants,Equisetopsida,Caryophyllanae,Caryophyllales,Cactaceae,Neomammillaria,Neomammillaria umbrina,(Ehrenb.) Britton & Rose,Accepted
flowering plants,Equisetopsida,Caryophyllanae,Caryophyllales,Cactaceae,Mammillaria,Mammillaria melanocentra,,Accepted
flowering plants,Equisetopsida,Caryophyllanae,Caryophyllales,Cactaceae,Echinocactus,Echinocactus horridus,Colla,No opinion
flowering plants,Equisetopsida,Caryophyllanae,Caryophyllales,Cactaceae,Mammillaria,Mammillaria amajacensis,Brachet & M. Lacoste,Accepted
flowering plants,Equisetopsida,Caryophyllanae,Caryophyllales,Cactaceae,Mammillaria,Mammillaria grandis,Hitchen ex J.Forbes,No opinion
flowering plants,Equisetopsida,Caryophyllanae,Caryophyllales,Cactaceae,Pereskiopsis,Pereskiopsis aquosa,(F.A.C. Weber) Britton & Rose,Accepted
flowering plants,Equisetopsida,Caryophyllanae,Caryophyllales,Cactaceae,Disocactus,Disocactus martianus,(Zucc. ex Pfeiff.) Barthlott,Accepted
flowering plants,Equisetopsida,Caryophyllanae,Caryophyllales,Cactaceae,Mammillaria,Mammillaria deliusiana,Shurly,No opinion
flowering plants,Equisetopsida,Caryophyllanae,Caryophyllales,Cactaceae,Copiapoa,Copiapoa aphanes,Machler & Helmut Walter,Accepted
flowering plants,Equisetopsida,Caryophyllanae,Caryophyllales,Cactaceae,Lobivia,Lobivia haematantha,(Speg.) Britton & Rose,Accepted
flowering plants,Equisetopsida,Caryophyllanae,Caryophyllales,Cactaceae,Echinopsis,Echinopsis ferox,(Britton & Rose) Backeb.,Accepted
flowering plants,Equisetopsida,Caryophyllanae,Caryophyllales,Cactaceae,Brasilicereus,Brasilicereus phaeacanthus,(Gürke) P.J. Braun & Esteves,Accepted
flowering plants,Equisetopsida,Caryophyllanae,Caryophyllales,Cactaceae,Cactus,Cactus mitis,(Mill.) Kuntze,Accepted
flowering plants,Equisetopsida,Caryophyllanae,Caryophyllales,Cactaceae,Neoporteria,Neoporteria clavata,(Söhrens ex K. Schum.) Werderm.,Accepted
flowering plants,Equisetopsida,Caryophyllanae,Caryophyllales,Cactaceae,Echinocereus,Echinocereus fasciculatus,(Engelm. ex B.D.Jacks.) L.D.Benson,Accepted
flowering plants,Equisetopsida,Caryophyllanae,Caryophyllales,Cactaceae,Pseudomitrocereus,Pseudomitrocereus fulviceps,(F.A.C. Weber ex K. Schum.) Bravo & Buxb.,Accepted
flowering plants,Equisetopsida,Caryophyllanae,Caryophyllales,Cactaceae,Pseudorhipsalis,Pseudorhipsalis himantoclada,(Rol.-Goss.) Britton & Rose,Accepted
flowering plants,Equisetopsida,Caryophyllanae,Caryophyllales,Cactaceae,Echinopsis,Echinopsis longispina,(Britton & Rose) Werderm.,Accepted
flowering plants,Equisetopsida,Caryophyllanae,Caryophyllales,Cactaceae,Gymnocalycium,Gymnocalycium stenopleurum,F. Ritter,Accepted
flowering plants,Equisetopsida,Caryophyllanae,Caryophyllales,Cactaceae,Melocactus,Melocactus macracanthos,(Salm-Dyck) Link & Otto,Accepted
flowering plants,Equisetopsida,Caryophyllanae,Caryophyllales,Cactaceae,Corryocactus,Corryocactus megarhizus,F. Ritter,Accepted
flowering plants,Equisetopsida,Caryophyllanae,Caryophyllales,Cactaceae,Pseudorhipsalis,Pseudorhipsalis ramulosa,(Britton & Harris) Doweld,Accepted
flowering plants,Equisetopsida,Caryophyllanae,Caryophyllales,Cactaceae,Mammillaria,Mammillaria carnea,Zucc. ex Pfeiff.,Accepted
flowering plants,Equisetopsida,Caryophyllanae,Caryophyllales,Cactaceae,Espostoa,Espostoa blossfeldiorum,(Werderm.) Buxb.,Accepted
flowering plants,Equisetopsida,Caryophyllanae,Caryophyllales,Cactaceae,Echinopsis,Echinopsis huotii,(Cels.) Labour.,Accepted
flowering plants,Equisetopsida,Caryophyllanae,Caryophyllales,Cactaceae,Cereus,Cereus bicolor,Rizzini & Mattos,No opinion
flowering plants,Equisetopsida,Caryophyllanae,Caryophyllales,Cactaceae,Mammillaria,Mammillaria manana,,No opinion
flowering plants,Equisetopsida,Caryophyllanae,Caryophyllales,Cactaceae,Peniocereus,Peniocereus fosterianus,Cutak,Accepted
flowering plants,Equisetopsida,Caryophyllanae,Caryophyllales,Cactaceae,Stenocereus,Stenocereus pruinosus,(Otto ex Pfeiff.) Buxb.,Accepted
flowering plants,Equisetopsida,Caryophyllanae,Caryophyllales,Cactaceae,Micranthocereus,Micranthocereus streckeri,Van Heek & Van Criek.,Accepted
flowering plants,Equisetopsida,Caryophyllanae,Caryophyllales,Cactaceae,Mammillaria,Mammillaria albilanata,Backeb.,Accepted
flowering plants,Equisetopsida,Caryophyllanae,Caryophyllales,Cactaceae,Stenocereus,Stenocereus yunckeri,(Standl.) P.V. Heath,No opinion
flowering plants,Equisetopsida,Caryophyllanae,Caryophyllales,Cactaceae,Echinocereus,Echinocereus coccineus,(Rose ex Orcutt) D.J. Ferguson,Accepted
flowering plants,Equisetopsida,Caryophyllanae,Caryophyllales,Cactaceae,Mammillaria,Mammillaria saltillensis,Boed.,No opinion
flowering plants,Equisetopsida,Caryophyllanae,Caryophyllales,Cactaceae,Copiapoa,Copiapoa ahremephiana,N.P. Taylor & G.J. Charles,Accepted
flowering plants,Equisetopsida,Caryophyllanae,Caryophyllales,Cactaceae,Echinocereus,Echinocereus reichenbachii,(Terscheck) J.N.Haage,Accepted
flowering plants,Equisetopsida,Caryophyllanae,Caryophyllales,Cactaceae,Disocactus,Disocactus crenatus,(Bravo) M.Á. Cruz & S. Arias,Accepted
flowering plants,Equisetopsida,Caryophyllanae,Caryophyllales,Cactaceae,Melocactus,Melocactus curvispinus,(Lem.) Xhonn. & Fern. Alonso,Accepted
flowering plants,Equisetopsida,Caryophyllanae,Caryophyllales,Cactaceae,Sulcorebutia,Sulcorebutia purpurea,,Accepted
flowering plants,Equisetopsida,Caryophyllanae,Caryophyllales,Cactaceae,Coryphantha,Coryphantha ramillosa,,Accepted
flowering plants,Equisetopsida,Caryophyllanae,Caryophyllales,Cactaceae,Copiapoa,Copiapoa coquimbana,(Karw.) Britton & Rose,Accepted
flowering plants,Equisetopsida,Caryophyllanae,Caryophyllales,Cactaceae,Disocactus,Disocactus biformis,(Lindl.) Lindl.,Accepted
flowering plants,Equisetopsida,Caryophyllanae,Caryophyllales,Cactaceae,Jasminocereus,Jasminocereus thouarsii,(E.Y. Dawson) E.F. Anderson & Walk.,Accepted
flowering plants,Equisetopsida,Caryophyllanae,Caryophyllales,Cactaceae,Mammillaria,Mammillaria brandegeei,(H.E. Gates) D.R. Hunt,Accepted
flowering plants,Equisetopsida,Caryophyllanae,Caryophyllales,Cactaceae,Mammillaria,Mammillaria humboldtii,Ehrenb.,Accepted
flowering plants,Equisetopsida,Caryophyllanae,Caryophyllales,Cactaceae,Hylocereus,Hylocereus calcaratus,(F.A.C. Weber) Britton & Rose,Accepted
flowering plants,Equisetopsida,Caryophyllanae,Caryophyllales,Cactaceae,Echinocereus,Echinocereus cinerascens,(N.P. Taylor) N.P. Taylor,Accepted
flowering plants,Equisetopsida,Caryophyllanae,Caryophyllales,Cactaceae,Mammillaria,Mammillaria halbingeri,Boed.,Accepted
flowering plants,Equisetopsida,Caryophyllanae,Caryophyllales,Cactaceae,Opuntia,Opuntia tetracantha,,No opinion
flowering plants,Equisetopsida,Caryophyllanae,Caryophyllales,Cactaceae,Echinocereus,Echinocereus viridiflorus,(Engelm.) Backeb.,Accepted
flowering plants,Equisetopsida,Caryophyllanae,Caryophyllales,Cactaceae,Mammillaria,Mammillaria mystax,Mart.,Accepted
flowering plants,Equisetopsida,Caryophyllanae,Caryophyllales,Cactaceae,Frailea,Frailea asterioides,Werderm.,Accepted
flowering plants,Equisetopsida,Caryophyllanae,Caryophyllales,Cactaceae,Echinocereus,Echinocereus berlandieri,(Engelm.) Haage,Accepted
flowering plants,Equisetopsida,Caryophyllanae,Caryophyllales,Cactaceae,Rhipsalis,Rhipsalis incachacana,Cárdenas,Accepted
flowering plants,Equisetopsida,Caryophyllanae,Caryophyllales,Cactaceae,Selenicereus,Selenicereus guatemalensis,(Eichlam ex Weing.) D.R. Hunt,Accepted
flowering plants,Equisetopsida,Caryophyllanae,Caryophyllales,Cactaceae,Rebutia,Rebutia ritteri,(Wessner) Buining & Donald,Accepted
flowering plants,Equisetopsida,Caryophyllanae,Caryophyllales,Cactaceae,Opuntia,Opuntia thurberi,(Britton & Rose) Bravo,Accepted
flowering plants,Equisetopsida,Caryophyllanae,Caryophyllales,Cactaceae,Parodia,Parodia concinna,(Vliet) Hofacker,Accepted
flowering plants,Equisetopsida,Caryophyllanae,Caryophyllales,Cactaceae,Opuntia,Opuntia zehnderi,(Rauh & Backeb.) G.D. Rowley,Accepted
flowering plants,Equisetopsida,Caryophyllanae,Caryophyllales,Cactaceae,Pyrrhocactus,Pyrrhocactus chilensis,F. Ritter,Accepted
flowering plants,Equisetopsida,Caryophyllanae,Caryophyllales,Cactaceae,Echinocereus,Echinocereus coccineus,,Accepted
flowering plants,Equisetopsida,Caryophyllanae,Caryophyllales,Cactaceae,Turbinicarpus,Turbinicarpus mandragora,(FriÄ ex A. Berger) A.D. Zimmerman,Accepted
flowering plants,Equisetopsida,Caryophyllanae,Caryophyllales,Cactaceae,Disocactus,Disocactus schrankii,(Zucc. ex Seitz) Barthlott,Accepted
flowering plants,Equisetopsida,Caryophyllanae,Caryophyllales,Cactaceae,Leptocereus,Leptocereus ekmanii,(Werderm.) F.M. Knuth,Accepted
flowering plants,Equisetopsida,Caryophyllanae,Caryophyllales,Cactaceae,Sulcorebutia,Sulcorebutia caracarensis,(Cárdenas) Donald,Accepted
flowering plants,Equisetopsida,Caryophyllanae,Caryophyllales,Cactaceae,Mammillaria,Mammillaria spinosissima,Lem.,Accepted
flowering plants,Equisetopsida,Caryophyllanae,Caryophyllales,Cactaceae,Copiapoa,Copiapoa coquimbana,(Karw. ex Rüpler) Britton & Rose,Accepted
flowering plants,Equisetopsida,Caryophyllanae,Caryophyllales,Cactaceae,Stenocereus,Stenocereus montanus,(Britton & Rose) Buxb.,Accepted
flowering plants,Equisetopsida,Caryophyllanae,Caryophyllales,Cactaceae,Lobivia,Lobivia multicostata,Backeb.,No opinion
flowering plants,Equisetopsida,Caryophyllanae,Caryophyllales,Cactaceae,Frailea,Frailea buiningiana,Prestlé,Accepted
flowering plants,Equisetopsida,Caryophyllanae,Caryophyllales,Cactaceae,Opuntia,Opuntia quipa,F.A.C. Weber (pro sp.),No opinion
flowering plants,Equisetopsida,Caryophyllanae,Caryophyllales,Cactaceae,Stenocactus,Stenocactus multicostatus,(Hildm.) A. Berger ex A.W. Hill,Accepted
flowering plants,Equisetopsida,Caryophyllanae,Caryophyllales,Cactaceae,Consolea,Consolea spinosissima,(Mill.) Lem.,Accepted
flowering plants,Equisetopsida,Caryophyllanae,Caryophyllales,Cactaceae,Rhipsalis,Rhipsalis baccifera,N.P. Taylor & Barthlott,Accepted
flowering plants,Equisetopsida,Caryophyllanae,Caryophyllales,Cactaceae,Echinopsis,Echinopsis schickendantzii,F.A.C.Weber,Accepted
flowering plants,Equisetopsida,Caryophyllanae,Caryophyllales,Cactaceae,Cephalocereus,Cephalocereus euphorbioides,(Haw.) Britton & Rose,Accepted
flowering plants,Equisetopsida,Caryophyllanae,Caryophyllales,Cactaceae,Echinocereus,Echinocereus fendleri,(Fobe) W. Blum,Accepted
flowering plants,Equisetopsida,Caryophyllanae,Caryophyllales,Cactaceae,Pediocactus,Pediocactus bradyi,L.D. Benson,Accepted
flowering plants,Equisetopsida,Caryophyllanae,Caryophyllales,Cactaceae,Echinocereus,Echinocereus fasciculatus,(Engelm. ex S. Watson) L.D. Benson,Accepted
flowering plants,Equisetopsida,Caryophyllanae,Caryophyllales,Cactaceae,Coryphantha,Coryphantha pottsiana,(Poselger) A.D. Zimmerman,Accepted
flowering plants,Equisetopsida,Caryophyllanae,Caryophyllales,Cactaceae,Turbinicarpus,Turbinicarpus viereckii,,Accepted
flowering plants,Equisetopsida,Caryophyllanae,Caryophyllales,Cactaceae,Echinopsis,Echinopsis candicans,(Gillies ex Salm-Dyck) F.A.C. Weber ex D.R. Hunt,Accepted
flowering plants,Equisetopsida,Caryophyllanae,Caryophyllales,Cactaceae,Lophocereus,Lophocereus marginatus,(DC.) S. Arias & Terrazas,Accepted
flowering plants,Equisetopsida,Caryophyllanae,Caryophyllales,Cactaceae,Echinopsis,Echinopsis taratensis,(Cárdenas) Friedrich & G.D.Rowley,Accepted
flowering plants,Equisetopsida,Caryophyllanae,Caryophyllales,Cactaceae,Coleocephalocereus,Coleocephalocereus uebelmanniorum,"(P.J. Braun & Esteves) P.J. Braun, Esteves & Hofacker",Accepted
flowering plants,Equisetopsida,Caryophyllanae,Caryophyllales,Cactaceae,Opuntia,Opuntia aurantiaca,Lindl.,Accepted
flowering plants,Equisetopsida,Caryophyllanae,Caryophyllales,Cactaceae,Gymnocalycium,Gymnocalycium pflanzii,F. Ritter,No opinion
flowering plants,Equisetopsida,Caryophyllanae,Caryophyllales,Cactaceae,Mammillaria,Mammillaria sanchez-mejoradae,Rodr. González,Accepted
flowering plants,Equisetopsida,Caryophyllanae,Caryophyllales,Cactaceae,Discocactus,Discocactus heptacanthus,(Buining & Brederoo) N.P. Taylor & Zappi,Accepted
flowering plants,Equisetopsida,Caryophyllanae,Caryophyllales,Cactaceae,Notocactus,Notocactus euvelenovskyi,Z.Fleisch. & Schütz,No opinion
flowering plants,Equisetopsida,Caryophyllanae,Caryophyllales,Cactaceae,Ferocactus,Ferocactus histrix,Lindsay,Accepted
flowering plants,Equisetopsida,Caryophyllanae,Caryophyllales,Cactaceae,Melocactus,Melocactus hernandezii,Fern.Alonso & Xhonneux,No opinion
flowering plants,Equisetopsida,Caryophyllanae,Caryophyllales,Cactaceae,Echinocereus,Echinocereus pulchellus,(S.Arias & U.Guzmán) W.Blum,Accepted
flowering plants,Equisetopsida,Caryophyllanae,Caryophyllales,Cactaceae,Opuntia,Opuntia leptocaulis,,No opinion
flowering plants,Equisetopsida,Caryophyllanae,Caryophyllales,Cactaceae,Opuntia,Opuntia kelvinensis,,No opinion
flowering plants,Equisetopsida,Caryophyllanae,Caryophyllales,Cactaceae,Gymnocalycium,Gymnocalycium bayrianum,H. Till,Accepted
flowering plants,Equisetopsida,Caryophyllanae,Caryophyllales,Cactaceae,Gymnocalycium,Gymnocalycium schreiteri,H.Till,Accepted
flowering plants,Equisetopsida,Caryophyllanae,Caryophyllales,Cactaceae,Mammillaria,Mammillaria woburnensis,Scheer,No opinion
flowering plants,Equisetopsida,Caryophyllanae,Caryophyllales,Cactaceae,Parodia,Parodia alacriportana,(Buining) Hofacker & P.J. Braun,Accepted
flowering plants,Equisetopsida,Caryophyllanae,Caryophyllales,Cactaceae,Melocactus,Melocactus levitestatus,Buining & Brederoo,Accepted
flowering plants,Equisetopsida,Caryophyllanae,Caryophyllales,Cactaceae,Mammillaria,Mammillaria longicoma,(Britton & Rose) A. Berger,Accepted
flowering plants,Equisetopsida,Caryophyllanae,Caryophyllales,Cactaceae,Echinocereus,Echinocereus penicilliformis,Linke,No opinion
flowering plants,Equisetopsida,Caryophyllanae,Caryophyllales,Cactaceae,Schlumbergera,Schlumbergera microsphaerica,(Britton & Rose) Hoevel,Accepted
flowering plants,Equisetopsida,Caryophyllanae,Caryophyllales,Cactaceae,Gymnocalycium,Gymnocalycium pugionacanthum,Backeb.,Accepted
flowering plants,Equisetopsida,Caryophyllanae,Caryophyllales,Cactaceae,Mammillaria,Mammillaria heyderi,(Rose) L.D. Benson,Accepted
flowering plants,Equisetopsida,Caryophyllanae,Caryophyllales,Cactaceae,Echinocereus,Echinocereus platyacanthus,Link & Otto,No opinion
flowering plants,Equisetopsida,Caryophyllanae,Caryophyllales,Cactaceae,Epiphyllum,Epiphyllum baueri,Dorsch,Accepted
flowering plants,Equisetopsida,Caryophyllanae,Caryophyllales,Cactaceae,Neomammillaria,Neomammillaria celsiana,(Lem.) Britton & Rose,Accepted
flowering plants,Equisetopsida,Caryophyllanae,Caryophyllales,Cactaceae,Echinocereus,Echinocereus stolonifer,(W.T. Marshall) G. Pichler,Accepted
flowering plants,Equisetopsida,Caryophyllanae,Caryophyllales,Cactaceae,Rhipsalis,Rhipsalis cuneata,Britton & Rose,Accepted
flowering plants,Equisetopsida,Caryophyllanae,Caryophyllales,Cactaceae,Eriosyce,Eriosyce curvispina,(F.Ritter) Katt.,Accepted
flowering plants,Equisetopsida,Caryophyllanae,Caryophyllales,Cactaceae,Cylindropuntia,Cylindropuntia campii,(M.A.Baker & Pinkava) M.A.Baker & Pinkava,No opinion
flowering plants,Equisetopsida,Caryophyllanae,Caryophyllales,Cactaceae,Rhipsalis,Rhipsalis monacantha,Griseb.,Accepted
flowering plants,Equisetopsida,Caryophyllanae,Caryophyllales,Cactaceae,Mammilloydia,Mammilloydia candida,(Scheidw.) Buxb.,Accepted
flowering plants,Equisetopsida,Caryophyllanae,Caryophyllales,Cactaceae,Echinocereus,Echinocereus ferreirianus,(J. Meyrán) N.P. Taylor,Accepted
flowering plants,Equisetopsida,Caryophyllanae,Caryophyllales,Cactaceae,Oreocereus,Oreocereus leucotrichus,(Phil.) Wagenkn.,Accepted
flowering plants,Equisetopsida,Caryophyllanae,Caryophyllales,Cactaceae,Pilosocereus,Pilosocereus aurilanatus,F.Ritter,Accepted
flowering plants,Equisetopsida,Caryophyllanae,Caryophyllales,Cactaceae,Echinopsis,Echinopsis adolfofriedrichii,G.Moser,Accepted
flowering plants,Equisetopsida,Caryophyllanae,Caryophyllales,Cactaceae,Cactus,Cactus alatus,Willd.,No opinion
flowering plants,Equisetopsida,Caryophyllanae,Caryophyllales,Cactaceae,Myrtgerocactus,Myrtgerocactus lindsayi,Moran,No opinion
flowering plants,Equisetopsida,Caryophyllanae,Caryophyllales,Cactaceae,Rhipsalis,Rhipsalis bambusoides,F.A.C.Weber,Accepted
flowering plants,Equisetopsida,Caryophyllanae,Caryophyllales,Cactaceae,Neoraimondia,Neoraimondia herzogiana,(Backeb.) Buxb.,Accepted
flowering plants,Equisetopsida,Caryophyllanae,Caryophyllales,Cactaceae,Parodia,Parodia compressa,F. Ritter,Accepted
flowering plants,Equisetopsida,Caryophyllanae,Caryophyllales,Cactaceae,Gymnocalycium,Gymnocalycium kieslingii,O.Ferrari,Accepted
flowering plants,Equisetopsida,Caryophyllanae,Caryophyllales,Cactaceae,Tephrocactus,Tephrocactus aoracanthus,Lem.,Accepted
flowering plants,Equisetopsida,Caryophyllanae,Caryophyllales,Cactaceae,Trichocereus,Trichocereus angelesiae,R. Kiesling,Accepted
flowering plants,Equisetopsida,Caryophyllanae,Caryophyllales,Cactaceae,Eriosyce,Eriosyce lapampaensis,F. Ritter,Accepted
flowering plants,Equisetopsida,Caryophyllanae,Caryophyllales,Cactaceae,Phyllocactus,Phyllocactus russellianus,K.Schum.,No opinion
flowering plants,Equisetopsida,Caryophyllanae,Caryophyllales,Cactaceae,Parodia,Parodia linkii,(Lehm.) R. Kiesling,Accepted
flowering plants,Equisetopsida,Caryophyllanae,Caryophyllales,Cactaceae,Coryphantha,Coryphantha ramillosa,Dicht & A. Lüthy,Accepted
flowering plants,Equisetopsida,Caryophyllanae,Caryophyllales,Cactaceae,Mammillaria,Mammillaria zeilmanniana,Boed.,Accepted
flowering plants,Equisetopsida,Caryophyllanae,Caryophyllales,Cactaceae,Gymnocalycium,Gymnocalycium bruchii,(Speg.) Hosseus,Accepted
flowering plants,Equisetopsida,Caryophyllanae,Caryophyllales,Cactaceae,Eriosyce,Eriosyce simulans,(F.Ritter) Katt.,Accepted
flowering plants,Equisetopsida,Caryophyllanae,Caryophyllales,Cactaceae,Escobaria,Escobaria vivipara,(Nutt.) Buxbaum,Accepted
flowering plants,Equisetopsida,Caryophyllanae,Caryophyllales,Cactaceae,Weberocereus,Weberocereus rosei,(Kimnach) Buxb.,Accepted
flowering plants,Equisetopsida,Caryophyllanae,Caryophyllales,Cactaceae,Cylindropuntia,Cylindropuntia wolfii,(L.D. Benson) M.A. Baker,Accepted
flowering plants,Equisetopsida,Caryophyllanae,Caryophyllales,Cactaceae,Opuntia,Opuntia engelmannii,(Griffiths) B.D. Parfitt & Pinkava,Accepted
flowering plants,Equisetopsida,Caryophyllanae,Caryophyllales,Cactaceae,Cereus,Cereus mortensenii,(Croizat) D.R.Hunt & N.P.Taylor,Accepted
flowering plants,Equisetopsida,Caryophyllanae,Caryophyllales,Cactaceae,Brasiliopuntia,Brasiliopuntia brasiliensis,(Willd.) A. Berger,Accepted
flowering plants,Equisetopsida,Caryophyllanae,Caryophyllales,Cactaceae,Matucana,Matucana calliantha,F. Ritter,Accepted
flowering plants,Equisetopsida,Caryophyllanae,Caryophyllales,Cactaceae,Echinocactus,Echinocactus lindheimeri,Engelm.,No opinion
flowering plants,Equisetopsida,Caryophyllanae,Caryophyllales,Cactaceae,Frailea,Frailea castanea,(F. Ritter) Prestlé,Accepted
flowering plants,Equisetopsida,Caryophyllanae,Caryophyllales,Cactaceae,Turbinicarpus,Turbinicarpus schmiedickeanus,,Accepted
flowering plants,Equisetopsida,Caryophyllanae,Caryophyllales,Cactaceae,Rhipsalis,Rhipsalis mesembryanthoides,,No opinion
flowering plants,Equisetopsida,Caryophyllanae,Caryophyllales,Cactaceae,Rhipsalis,Rhipsalis kirbergii,Barthlott,Accepted
flowering plants,Equisetopsida,Caryophyllanae,Caryophyllales,Cactaceae,Opuntia,Opuntia galapageia,,Accepted
flowering plants,Equisetopsida,Caryophyllanae,Caryophyllales,Cactaceae,Erdisia,Erdisia quadrangularis,Rauh & Backeb.,Accepted
flowering plants,Equisetopsida,Caryophyllanae,Caryophyllales,Cactaceae,Pilosocereus,Pilosocereus aureispinus,(Buining & Brederoo) F. Ritter,Accepted
flowering plants,Equisetopsida,Caryophyllanae,Caryophyllales,Cactaceae,Corynopuntia,Corynopuntia invicta,(Brandegee) F.M. Knuth,Accepted
flowering plants,Equisetopsida,Caryophyllanae,Caryophyllales,Cactaceae,Opuntia,Opuntia pilifera,F.A.C. Weber,Accepted
flowering plants,Equisetopsida,Caryophyllanae,Caryophyllales,Cactaceae,Mammillaria,Mammillaria haageana,(Linzen & et al.) D.R. Hunt,Accepted
flowering plants,Equisetopsida,Caryophyllanae,Caryophyllales,Cactaceae,Arthrocereus,Arthrocereus rondonianus,Backeb. & Voll,Accepted
flowering plants,Equisetopsida,Caryophyllanae,Caryophyllales,Cactaceae,Pyrrhocactus,Pyrrhocactus echinus,F. Ritter,Accepted
flowering plants,Equisetopsida,Caryophyllanae,Caryophyllales,Cactaceae,Acanthocereus,Acanthocereus rosei,(J.G. Ortega) Lodé,Accepted
flowering plants,Equisetopsida,Caryophyllanae,Caryophyllales,Cactaceae,Cleistocactus,Cleistocactus brookeae,Cárdenas,Accepted
flowering plants,Equisetopsida,Caryophyllanae,Caryophyllales,Cactaceae,Cleistocactus,Cleistocactus peculiaris,Ostolaza,Accepted
flowering plants,Equisetopsida,Caryophyllanae,Caryophyllales,Cactaceae,Parodia,Parodia stuemeri,(Werderm.) Backeb.,Accepted
flowering plants,Equisetopsida,Caryophyllanae,Caryophyllales,Cactaceae,Acanthocalycium,Acanthocalycium ferrarii,Rausch,Accepted
flowering plants,Equisetopsida,Caryophyllanae,Caryophyllales,Cactaceae,Thelocactus,Thelocactus leucacanthus,(Zucc. ex Pfeiff.) Britton & Rose,Accepted
flowering plants,Equisetopsida,Caryophyllanae,Caryophyllales,Cactaceae,Mammillaria,Mammillaria lasiacantha,,No opinion
flowering plants,Equisetopsida,Caryophyllanae,Caryophyllales,Cactaceae,Echinopsis,Echinopsis puquiensis,(Rauh & Backeb.) Friedrich & G.D. Rowley,Accepted
flowering plants,Equisetopsida,Caryophyllanae,Caryophyllales,Cactaceae,Cleistocactus,Cleistocactus sepium,,Accepted
flowering plants,Equisetopsida,Caryophyllanae,Caryophyllales,Cactaceae,Cylindropuntia,Cylindropuntia acanthocarpa,(Engelm. & J.M. Bigelow) Pinkava,Accepted
flowering plants,Equisetopsida,Caryophyllanae,Caryophyllales,Cactaceae,Eulychnia,Eulychnia ritteri,Cullman,Accepted
flowering plants,Equisetopsida,Caryophyllanae,Caryophyllales,Cactaceae,Mammillaria,Mammillaria purpusii,K. Schum.,No opinion
flowering plants,Equisetopsida,Caryophyllanae,Caryophyllales,Cactaceae,Coryphantha,Coryphantha vivipara,,Accepted
flowering plants,Equisetopsida,Caryophyllanae,Caryophyllales,Cactaceae,Matucana,Matucana myriacantha,(Vaupel) Buxb.,Accepted
flowering plants,Equisetopsida,Caryophyllanae,Caryophyllales,Cactaceae,Rhipsalis,Rhipsalis lindbergiana,K. Schum.,Accepted
flowering plants,Equisetopsida,Caryophyllanae,Caryophyllales,Cactaceae,Gymnocalycium,Gymnocalycium hyptiacanthum,(Lem.) Britton & Rose,Accepted
flowering plants,Equisetopsida,Caryophyllanae,Caryophyllales,Cactaceae,Opuntia,Opuntia inamoena,K. Schum.,Accepted
flowering plants,Equisetopsida,Caryophyllanae,Caryophyllales,Cactaceae,Echinopsis,Echinopsis bridgesii,Salm-Dyck,Accepted
flowering plants,Equisetopsida,Caryophyllanae,Caryophyllales,Cactaceae,Coryphantha,Coryphantha echinus,(Engelm.) Britton & Rose,Accepted
flowering plants,Equisetopsida,Caryophyllanae,Caryophyllales,Cactaceae,Hatiora,Hatiora salicornioides,(F.A.C. Weber) Süpplie,Accepted
flowering plants,Equisetopsida,Caryophyllanae,Caryophyllales,Cactaceae,Opuntia,Opuntia megasperma,Howell,Accepted
flowering plants,Equisetopsida,Caryophyllanae,Caryophyllales,Cactaceae,Polaskia,Polaskia chichipe,(Gosselin) Backeb.,Accepted
flowering plants,Equisetopsida,Caryophyllanae,Caryophyllales,Cactaceae,Mammillaria,Mammillaria spinosissima,(Bravo) D.R. Hunt,Accepted
flowering plants,Equisetopsida,Caryophyllanae,Caryophyllales,Cactaceae,Opuntia,Opuntia brachyclada,(Griffiths) Wiggins & C.B. Wolf,Accepted
flowering plants,Equisetopsida,Caryophyllanae,Caryophyllales,Cactaceae,Selenicereus,Selenicereus spinulosus,(DC.) Britton & Rose,Accepted
flowering plants,Equisetopsida,Caryophyllanae,Caryophyllales,Cactaceae,Disocactus,Disocactus speciosus,(Eichlam ex Weing.) Ralf Bauer,Accepted
flowering plants,Equisetopsida,Caryophyllanae,Caryophyllales,Cactaceae,Pfeiffera,Pfeiffera ianthothele,(Monv.) F.A.C. Weber,Accepted
flowering plants,Equisetopsida,Caryophyllanae,Caryophyllales,Cactaceae,Echinocereus,Echinocereus llanuraensis,(Rutow) W. Blum & D. Felix,Accepted
flowering plants,Equisetopsida,Caryophyllanae,Caryophyllales,Cactaceae,Weberocereus,Weberocereus biolleyi,(F.A.C. Weber) Britton & Rose,Accepted
flowering plants,Equisetopsida,Caryophyllanae,Caryophyllales,Cactaceae,Opuntia,Opuntia tomentella,A.Berger,Accepted
flowering plants,Equisetopsida,Caryophyllanae,Caryophyllales,Cactaceae,Schlumbergera,Schlumbergera reginae,McMillan & Orssich,No opinion
flowering plants,Equisetopsida,Caryophyllanae,Caryophyllales,Cactaceae,Coryphantha,Coryphantha gracilis,L. Bremer & A.B. Lau,Accepted
flowering plants,Equisetopsida,Caryophyllanae,Caryophyllales,Cactaceae,Acanthocereus,Acanthocereus tetragonus,(L.) Humm.,Accepted
flowering plants,Equisetopsida,Caryophyllanae,Caryophyllales,Cactaceae,Opuntia,Opuntia saxicola,J.T. Howell,Accepted
flowering plants,Equisetopsida,Caryophyllanae,Caryophyllales,Cactaceae,Pterocactus,Pterocactus australis,(F.A.C. Weber) Backeb.,Accepted
flowering plants,Equisetopsida,Caryophyllanae,Caryophyllales,Cactaceae,Eriosyce,Eriosyce odieri,,Accepted
flowering plants,Equisetopsida,Caryophyllanae,Caryophyllales,Cactaceae,Ferocactus,Ferocactus gracilis,H.E. Gates,Accepted
flowering plants,Equisetopsida,Caryophyllanae,Caryophyllales,Cactaceae,Coryphantha,Coryphantha pallida,(Bravo) U.Guzmán & Vázq.-Ben.,Accepted
flowering plants,Equisetopsida,Caryophyllanae,Caryophyllales,Cactaceae,Echinopsis,Echinopsis glauca,(F.Ritter) Friedrich & G.D.Rowley,Accepted
flowering plants,Equisetopsida,Caryophyllanae,Caryophyllales,Cactaceae,Parodia,Parodia nothominuscula,Hofacker,Accepted
flowering plants,Equisetopsida,Caryophyllanae,Caryophyllales,Cactaceae,Facheiroa,Facheiroa squamosa,(Gürke) P.J.Braun & Esteves,Accepted
flowering plants,Equisetopsida,Caryophyllanae,Caryophyllales,Cactaceae,Malacocarpus,Malacocarpus corynodes,Salm-Dyck,No opinion
flowering plants,Equisetopsida,Caryophyllanae,Caryophyllales,Cactaceae,Ferocactus,Ferocactus gracilis,(H.E. Gates) N.P. Taylor,Accepted
flowering plants,Equisetopsida,Caryophyllanae,Caryophyllales,Cactaceae,Pereskia,Pereskia sacharosa,Griseb.,Accepted
flowering plants,Equisetopsida,Caryophyllanae,Caryophyllales,Cactaceae,Echinocereus,Echinocereus coccineus,(L.D. Benson) K.D. Heil & S. Brack,Accepted
flowering plants,Equisetopsida,Caryophyllanae,Caryophyllales,Cactaceae,Cylindropuntia,Cylindropuntia ramosissima,(Engelm.) F.M. Knuth,Accepted
flowering plants,Equisetopsida,Caryophyllanae,Caryophyllales,Cactaceae,Pilosocereus,Pilosocereus robinii,(Lem.) Byles & G.D. Rowley,Accepted
flowering plants,Equisetopsida,Caryophyllanae,Caryophyllales,Cactaceae,Echinopsis,Echinopsis cochabambensis,Backeb.,Accepted
flowering plants,Equisetopsida,Caryophyllanae,Caryophyllales,Cactaceae,Eriosyce,Eriosyce eriosyzoides,(F.Ritter) Ferryman,Accepted
flowering plants,Equisetopsida,Caryophyllanae,Caryophyllales,Cactaceae,Corryocactus,Corryocactus odoratus,F. Ritter,Accepted
flowering plants,Equisetopsida,Caryophyllanae,Caryophyllales,Cactaceae,Opuntia,Opuntia greenei,Britton & Rose,No opinion
flowering plants,Equisetopsida,Caryophyllanae,Caryophyllales,Cactaceae,Rebutia,Rebutia brachyantha,Cárdenas,No opinion
flowering plants,Equisetopsida,Caryophyllanae,Caryophyllales,Cactaceae,Opuntia,Opuntia wentiana,Britton & Rose,Accepted
flowering plants,Equisetopsida,Caryophyllanae,Caryophyllales,Cactaceae,Cereus,Cereus jamacaru,(F. Ritter) N.P. Taylor & Zappi,Accepted
flowering plants,Equisetopsida,Caryophyllanae,Caryophyllales,Cactaceae,Opuntia,Opuntia catocantha,hort. Bot. Berlin ex Pfeiff.,No opinion
flowering plants,Equisetopsida,Caryophyllanae,Caryophyllales,Cactaceae,Pilosocereus,Pilosocereus chrysostele,(Vaupel) Byles & G.D. Rowley,Accepted
flowering plants,Equisetopsida,Caryophyllanae,Caryophyllales,Cactaceae,Mammillaria,Mammillaria gracilis,Pfeiff.,Accepted
flowering plants,Equisetopsida,Caryophyllanae,Caryophyllales,Cactaceae,Matucana,Matucana oreodoxa,(F. Ritter) Slaba,Accepted
flowering plants,Equisetopsida,Caryophyllanae,Caryophyllales,Cactaceae,Escobaria,Escobaria dasyacantha,(Engelm.) Britton & Rose,Accepted
flowering plants,Equisetopsida,Caryophyllanae,Caryophyllales,Cactaceae,Mammillaria,Mammillaria haageana,,Accepted
flowering plants,Equisetopsida,Caryophyllanae,Caryophyllales,Cactaceae,Eriosyce,Eriosyce rodentiophila,F. Ritter,Accepted
flowering plants,Equisetopsida,Caryophyllanae,Caryophyllales,Cactaceae,Opuntia,Opuntia soederstromiana,Britton & Rose,Accepted
flowering plants,Equisetopsida,Caryophyllanae,Caryophyllales,Cactaceae,Lobivia,Lobivia chrysantha,(Werderm.) Backeb.,Accepted
flowering plants,Equisetopsida,Caryophyllanae,Caryophyllales,Cactaceae,Harrisia,Harrisia regelii,(Weing.) Borg,Accepted
flowering plants,Equisetopsida,Caryophyllanae,Caryophyllales,Cactaceae,Consolea,Consolea moniliformis,(L.) A.Berger,Accepted
flowering plants,Equisetopsida,Caryophyllanae,Caryophyllales,Cactaceae,Pachycereus,Pachycereus grandis,Rose,Accepted
flowering plants,Equisetopsida,Caryophyllanae,Caryophyllales,Cactaceae,Eriosyce,Eriosyce recondita,(F. Ritter) Katt.,Accepted
flowering plants,Equisetopsida,Caryophyllanae,Caryophyllales,Cactaceae,Melocactus,Melocactus margaritaceus,Rizzini,No opinion
flowering plants,Equisetopsida,Caryophyllanae,Caryophyllales,Cactaceae,Rhipsalis,Rhipsalis burchellii,Britton & Rose,Accepted
flowering plants,Equisetopsida,Caryophyllanae,Caryophyllales,Cactaceae,Opuntia,Opuntia lata,Small,Accepted
flowering plants,Equisetopsida,Caryophyllanae,Caryophyllales,Cactaceae,Cumulopuntia,Cumulopuntia tortispina,F.Ritter,Accepted
flowering plants,Equisetopsida,Caryophyllanae,Caryophyllales,Cactaceae,Pilosocereus,Pilosocereus glaucochrous,(Werderm.) Byles & G.D. Rowley,Accepted
flowering plants,Equisetopsida,Caryophyllanae,Caryophyllales,Cactaceae,Opuntia,Opuntia grandiflora,Engelm.,Accepted
flowering plants,Equisetopsida,Caryophyllanae,Caryophyllales,Cactaceae,Rauhocereus,Rauhocereus riosaniensis,(Backeb.) Ostolaza,Accepted
flowering plants,Equisetopsida,Caryophyllanae,Caryophyllales,Cactaceae,Copiapoa,Copiapoa laui,Diers,Accepted
flowering plants,Equisetopsida,Caryophyllanae,Caryophyllales,Cactaceae,Turbinicarpus,Turbinicarpus schmiedickeanus,Mosco,Accepted
flowering plants,Equisetopsida,Caryophyllanae,Caryophyllales,Cactaceae,Cereus,Cereus rigidispinus,Lem.,No opinion
flowering plants,Equisetopsida,Caryophyllanae,Caryophyllales,Cactaceae,Echinocereus,Echinocereus pensilis,(K. Brandegee) J.A. Purpus,Accepted
flowering plants,Equisetopsida,Caryophyllanae,Caryophyllales,Cactaceae,Cereus,Cereus paraensis,Huber,No opinion
flowering plants,Equisetopsida,Caryophyllanae,Caryophyllales,Cactaceae,Echinocereus,Echinocereus pulchellus,(Weing.) N.P. Taylor,Accepted
flowering plants,Equisetopsida,Caryophyllanae,Caryophyllales,Cactaceae,Mammillaria,Mammillaria peninsularis,(Britton & Rose) Orcutt,Accepted
flowering plants,Equisetopsida,Caryophyllanae,Caryophyllales,Cactaceae,Mammillaria,Mammillaria rhodantha,Pfeiff.,No opinion
flowering plants,Equisetopsida,Caryophyllanae,Caryophyllales,Cactaceae,Echinopsis,Echinopsis pamparuizii,Cárdenas,Accepted
flowering plants,Equisetopsida,Caryophyllanae,Caryophyllales,Cactaceae,Echinopsis,Echinopsis tacaquirensis,(Vaupel) Friedrich & G.D.Rowley,Accepted
flowering plants,Equisetopsida,Caryophyllanae,Caryophyllales,Cactaceae,Trichocereus,Trichocereus bridgesii,(Salm-Dyck) Britton & Rose,Accepted
flowering plants,Equisetopsida,Caryophyllanae,Caryophyllales,Cactaceae,Pfeiffera,Pfeiffera asuntapatensis,"(M. Kessler, Ibisch & Barthlott) Ralf Bauer",Accepted
flowering plants,Equisetopsida,Caryophyllanae,Caryophyllales,Cactaceae,Pilosocereus,Pilosocereus glaucescens,(Labour.) Byles & G.D. Rowley,Accepted
flowering plants,Equisetopsida,Caryophyllanae,Caryophyllales,Cactaceae,Armatocereus,Armatocereus procerus,Rauh & Backeb.,Accepted
flowering plants,Equisetopsida,Caryophyllanae,Caryophyllales,Cactaceae,Coryphantha,Coryphantha elephantidens,(Lem.) Lem.,Accepted
flowering plants,Equisetopsida,Caryophyllanae,Caryophyllales,Cactaceae,Armatocereus,Armatocereus cartwrightianus,(Britton & Rose) Backeb.,No opinion
flowering plants,Equisetopsida,Caryophyllanae,Caryophyllales,Cactaceae,Escobaria,Escobaria vivipara,(Clokey) D.R. Hunt,Accepted
flowering plants,Equisetopsida,Caryophyllanae,Caryophyllales,Cactaceae,Oroya,Oroya baumannii,Knize,Accepted
flowering plants,Equisetopsida,Caryophyllanae,Caryophyllales,Cactaceae,Discocactus,Discocactus flagriformis,(Zucc. ex Pfeiff.) Scheinvar,Accepted
flowering plants,Equisetopsida,Caryophyllanae,Caryophyllales,Cactaceae,Parodia,Parodia alacriportana,Backeb. & Voll,Accepted
flowering plants,Equisetopsida,Caryophyllanae,Caryophyllales,Cactaceae,Hatiora,Hatiora rosea,(Lagerh.) Barthlott,Accepted
flowering plants,Equisetopsida,Caryophyllanae,Caryophyllales,Cactaceae,Rebutia,Rebutia simoniana,Rausch,Accepted
flowering plants,Equisetopsida,Caryophyllanae,Caryophyllales,Cactaceae,Pereskia,Pereskia bleo,(Kunth) DC.,Accepted
flowering plants,Equisetopsida,Caryophyllanae,Caryophyllales,Cactaceae,Islaya,Islaya islayensis,Backeb.,Accepted
flowering plants,Equisetopsida,Caryophyllanae,Caryophyllales,Cactaceae,Pacherocactus,Pacherocactus orcuttii,,No opinion
flowering plants,Equisetopsida,Caryophyllanae,Caryophyllales,Cactaceae,Thelocactus,Thelocactus bicolor,(Galeotti) Britton & Rose,Accepted
flowering plants,Equisetopsida,Caryophyllanae,Caryophyllales,Cactaceae,Turbinicarpus,Turbinicarpus schmiedickeanus,(G. Frank) Panar.,Accepted
flowering plants,Equisetopsida,Caryophyllanae,Caryophyllales,Cactaceae,Rhipsalis,Rhipsalis baccifera,(Sol. ex J.S. Muell.) Stearn,Accepted
flowering plants,Equisetopsida,Caryophyllanae,Caryophyllales,Cactaceae,Austrocylindropuntia,Austrocylindropuntia lagopus,"(K. Schum.) I. Crook, J. Arnold & M. Lowry",Accepted
flowering plants,Equisetopsida,Caryophyllanae,Caryophyllales,Cactaceae,Echinocereus,Echinocereus polyacanthus,,Accepted
flowering plants,Equisetopsida,Caryophyllanae,Caryophyllales,Cactaceae,Pilosocereus,Pilosocereus catingicola,,Accepted
flowering plants,Equisetopsida,Caryophyllanae,Caryophyllales,Cactaceae,Cylindropuntia,Cylindropuntia bigelovii,(Engelm. ex J.M.Coult.) U.Guzmán,Accepted
flowering plants,Equisetopsida,Caryophyllanae,Caryophyllales,Cactaceae,Anhalonium,Anhalonium lewinii,Henn.,No opinion
flowering plants,Equisetopsida,Caryophyllanae,Caryophyllales,Cactaceae,Rhipsalis,Rhipsalis olivifera,N.P. Taylor & Zappi,Accepted
flowering plants,Equisetopsida,Caryophyllanae,Caryophyllales,Cactaceae,Opuntia,Opuntia mieckleyi,K. Schum.,Accepted
flowering plants,Equisetopsida,Caryophyllanae,Caryophyllales,Cactaceae,Opuntia,Opuntia atrocapensis,Small,Accepted
flowering plants,Equisetopsida,Caryophyllanae,Caryophyllales,Cactaceae,Cylindropuntia,Cylindropuntia acanthocarpa,(L.D. Benson) Pinkava,Accepted
flowering plants,Equisetopsida,Caryophyllanae,Caryophyllales,Cactaceae,Espostoa,Espostoa mirabilis,F. Ritter,Accepted
flowering plants,Equisetopsida,Caryophyllanae,Caryophyllales,Cactaceae,Sulcorebutia,Sulcorebutia verticillacantha,F. Ritter,Accepted
flowering plants,Equisetopsida,Caryophyllanae,Caryophyllales,Cactaceae,Trichocereus,Trichocereus nigripilis,(Phil.) Backeb.,Accepted
flowering plants,Equisetopsida,Caryophyllanae,Caryophyllales,Cactaceae,Myrtillocactus,Myrtillocactus cochal,(Orcutt) Britton & Rose,Accepted
flowering plants,Equisetopsida,Caryophyllanae,Caryophyllales,Cactaceae,Echinopsis,Echinopsis riviere-de-caraltii,Cárdenas,Accepted
flowering plants,Equisetopsida,Caryophyllanae,Caryophyllales,Cactaceae,Opuntia,Opuntia littoralis,(Engelm.) Britton & Rose,No opinion
flowering plants,Equisetopsida,Caryophyllanae,Caryophyllales,Cactaceae,Disocactus,Disocactus lepidocarpus,(F.A.C. Weber) M.Á. Cruz & S. Arias,Accepted
flowering plants,Equisetopsida,Caryophyllanae,Caryophyllales,Cactaceae,Consolea,Consolea falcata,(Ekman & Werderm.) F.M. Knuth,Accepted
flowering plants,Equisetopsida,Caryophyllanae,Caryophyllales,Cactaceae,Cactus,Cactus neumannianus,(Lem.) Kuntze,Accepted
flowering plants,Equisetopsida,Caryophyllanae,Caryophyllales,Cactaceae,Epiphyllum,Epiphyllum crenatum,,Accepted
flowering plants,Equisetopsida,Caryophyllanae,Caryophyllales,Cactaceae,Melocactus,Melocactus violaceus,Pfeiff.,Accepted
flowering plants,Equisetopsida,Caryophyllanae,Caryophyllales,Cactaceae,Mammillaria,Mammillaria prolifera,(K. Schum.) D.R. Hunt,Accepted
flowering plants,Equisetopsida,Caryophyllanae,Caryophyllales,Cactaceae,Escobaria,Escobaria grata,"M. Kaplan, Kunte & Å nicer",No opinion
flowering plants,Equisetopsida,Caryophyllanae,Caryophyllales,Cactaceae,Opuntia,Opuntia hondurensis,Standl.,Accepted
flowering plants,Equisetopsida,Caryophyllanae,Caryophyllales,Cactaceae,Delaetia,Delaetia woutersiana,Backeb.,No opinion
flowering plants,Equisetopsida,Caryophyllanae,Caryophyllales,Cactaceae,Wigginsia,Wigginsia erinacea,(Haw.) D.M. Porter,Accepted
flowering plants,Equisetopsida,Caryophyllanae,Caryophyllales,Cactaceae,Cylindropuntia,Cylindropuntia x kelvinensis,(V.E.Grant & K.A.Grant) P.V.Heath,Accepted
flowering plants,Equisetopsida,Caryophyllanae,Caryophyllales,Cactaceae,Opuntia,Opuntia ticnamarensis,(F. Ritter) D.R. Hunt,Accepted
flowering plants,Equisetopsida,Caryophyllanae,Caryophyllales,Cactaceae,Grusonia,Grusonia densispina,(Ralston & Hilsenb.) Pinkava,Accepted
flowering plants,Equisetopsida,Caryophyllanae,Caryophyllales,Cactaceae,Echinomastus,Echinomastus intertextus,,Accepted
flowering plants,Equisetopsida,Caryophyllanae,Caryophyllales,Cactaceae,Mammillaria,Mammillaria carretii,Rebut ex K. Schum.,Accepted
flowering plants,Equisetopsida,Caryophyllanae,Caryophyllales,Cactaceae,Mammillaria,Mammillaria varieaculeata,Buchenau,Accepted
flowering plants,Equisetopsida,Caryophyllanae,Caryophyllales,Cactaceae,Sulcorebutia,Sulcorebutia steinbachii,,Accepted
flowering plants,Equisetopsida,Caryophyllanae,Caryophyllales,Cactaceae,Opuntia,Opuntia stenopetala,Engelm.,Accepted
flowering plants,Equisetopsida,Caryophyllanae,Caryophyllales,Cactaceae,Mammillaria,Mammillaria rhodantha,Link & Otto,Accepted
flowering plants,Equisetopsida,Caryophyllanae,Caryophyllales,Cactaceae,Cumulopuntia,Cumulopuntia berteroi,(Colla) F. Ritter,Accepted
flowering plants,Equisetopsida,Caryophyllanae,Caryophyllales,Cactaceae,Cereus,Cereus hildmannianus,(R. Kiesling) N.P. Taylor,Accepted
flowering plants,Equisetopsida,Caryophyllanae,Caryophyllales,Cactaceae,Opuntia,Opuntia gomei,Griffiths,No opinion
flowering plants,Equisetopsida,Caryophyllanae,Caryophyllales,Cactaceae,Gymnocalycium,Gymnocalycium baldianum,(Speg.) Speg.,Accepted
flowering plants,Equisetopsida,Caryophyllanae,Caryophyllales,Cactaceae,Trichocereus,Trichocereus herzogianus,Cárdenas,Accepted
flowering plants,Equisetopsida,Caryophyllanae,Caryophyllales,Cactaceae,Echinomastus,Echinomastus erectocentrus,(J.M. Coult.) Britton & Rose,Accepted
flowering plants,Equisetopsida,Caryophyllanae,Caryophyllales,Cactaceae,Coleocephalocereus,Coleocephalocereus aureus,F. Ritter,Accepted
flowering plants,Equisetopsida,Caryophyllanae,Caryophyllales,Cactaceae,Acanthocereus,Acanthocereus occidentalis,Britton & Rose,Accepted
flowering plants,Equisetopsida,Caryophyllanae,Caryophyllales,Cactaceae,Pilosocereus,Pilosocereus gounellei,,Accepted
flowering plants,Equisetopsida,Caryophyllanae,Caryophyllales,Cactaceae,Rebutia,Rebutia famatinensis,Speg. ex Hosseus,No opinion
flowering plants,Equisetopsida,Caryophyllanae,Caryophyllales,Cactaceae,Mammillaria,Mammillaria voburnensis,,Accepted
flowering plants,Equisetopsida,Caryophyllanae,Caryophyllales,Cactaceae,Echinocereus,Echinocereus klapperi,W. Blum,Accepted
flowering plants,Equisetopsida,Caryophyllanae,Caryophyllales,Cactaceae,Cleistocactus,Cleistocactus palhuayensis,F.Ritter & Shahori,Accepted
flowering plants,Equisetopsida,Caryophyllanae,Caryophyllales,Cactaceae,Gymnocalycium,Gymnocalycium mostii,(Jajó) Mereg. & G.J.Charles,Accepted
flowering plants,Equisetopsida,Caryophyllanae,Caryophyllales,Cactaceae,Sclerocactus,Sclerocactus whipplei,,No opinion
flowering plants,Equisetopsida,Caryophyllanae,Caryophyllales,Cactaceae,Matucana,Matucana comacephala,F. Ritter,Accepted
flowering plants,Equisetopsida,Caryophyllanae,Caryophyllales,Cactaceae,Praecereus,Praecereus saxicola,(Morong) N.P. Taylor,Accepted
flowering plants,Equisetopsida,Caryophyllanae,Caryophyllales,Cactaceae,Pyrrhocactus,Pyrrhocactus pygmaeus,F. Ritter,Accepted
flowering plants,Equisetopsida,Caryophyllanae,Caryophyllales,Cactaceae,Opuntia,Opuntia anacantha,(Speg.) R. Kiesling,Accepted
flowering plants,Equisetopsida,Caryophyllanae,Caryophyllales,Cactaceae,Cereus,Cereus paraguayensis,K. Schum.,Accepted
flowering plants,Equisetopsida,Caryophyllanae,Caryophyllales,Cactaceae,Opuntia,Opuntia microdasys,(Lehm.) Pfeiff.,Accepted
flowering plants,Equisetopsida,Caryophyllanae,Caryophyllales,Cactaceae,Opuntia,Opuntia robusta,J.C. Wendl.,Accepted
flowering plants,Equisetopsida,Caryophyllanae,Caryophyllales,Cactaceae,Copiapoa,Copiapoa cinerea,(Phil.) Britton & Rose,Accepted
flowering plants,Equisetopsida,Caryophyllanae,Caryophyllales,Cactaceae,Lemaireocereus,Lemaireocereus hollianus,(F.A.C. Weber) Britton & Rose,Accepted
flowering plants,Equisetopsida,Caryophyllanae,Caryophyllales,Cactaceae,Lophophora,Lophophora diffusa,(Croizat) Bravo,Accepted
flowering plants,Equisetopsida,Caryophyllanae,Caryophyllales,Cactaceae,Echinocereus,Echinocereus viereckii,,Accepted
flowering plants,Equisetopsida,Caryophyllanae,Caryophyllales,Cactaceae,Parodia,Parodia submammulosa,R. Kiesling,Accepted
flowering plants,Equisetopsida,Caryophyllanae,Caryophyllales,Cactaceae,Selenicereus,Selenicereus ocamponis,(Salm-Dyck) D.R. Hunt,Accepted
flowering plants,Equisetopsida,Caryophyllanae,Caryophyllales,Cactaceae,Mammillaria,Mammillaria guillauminiana,Backeb.,Accepted
flowering plants,Equisetopsida,Caryophyllanae,Caryophyllales,Cactaceae,Coryphantha,Coryphantha pseudoechinus,Boed.,Accepted
flowering plants,Equisetopsida,Caryophyllanae,Caryophyllales,Cactaceae,Echinocereus,Echinocereus fendleri,N.P. Taylor,No opinion
flowering plants,Equisetopsida,Caryophyllanae,Caryophyllales,Cactaceae,Rhipsalidopsis,Rhipsalidopsis graeseri,(D.R.Hunt) P.V.Heath,No opinion
flowering plants,Equisetopsida,Caryophyllanae,Caryophyllales,Cactaceae,Coryphantha,Coryphantha cubensis,Britton & Rose,Accepted
flowering plants,Equisetopsida,Caryophyllanae,Caryophyllales,Cactaceae,Loxanthocereus,Loxanthocereus erectispinus,Rauh & Backeb.,Accepted
flowering plants,Equisetopsida,Caryophyllanae,Caryophyllales,Cactaceae,Opuntia,Opuntia fragilis,(Nutt.) Haw.,Accepted
flowering plants,Equisetopsida,Caryophyllanae,Caryophyllales,Cactaceae,Thelocactus,Thelocactus rinconensis,(Halda & Panar. ex Halda) Lüthy,Accepted
flowering plants,Equisetopsida,Caryophyllanae,Caryophyllales,Cactaceae,Glandulicactus,Glandulicactus uncinatus,(Galeotti ex Pfeiff.) Backeb.,Accepted
flowering plants,Equisetopsida,Caryophyllanae,Caryophyllales,Cactaceae,Eriosyce,Eriosyce malleolata,(F. Ritter) P. C. Guerrero & Helmut Walter,Accepted
flowering plants,Equisetopsida,Caryophyllanae,Caryophyllales,Cactaceae,Mammillaria,Mammillaria duwei,Rogoz. & Appenz.,Accepted
flowering plants,Equisetopsida,Caryophyllanae,Caryophyllales,Cactaceae,Melocactus,Melocactus azureus,Buining & Brederoo,Accepted
flowering plants,Equisetopsida,Caryophyllanae,Caryophyllales,Cactaceae,Opuntia,Opuntia crassicylindrica,(Rauh & Backeb.) G.D. Rowley,Accepted
flowering plants,Equisetopsida,Caryophyllanae,Caryophyllales,Cactaceae,Pilosocereus,Pilosocereus polygonus,(Lam.) Byles & G.D. Rowley,Accepted
flowering plants,Equisetopsida,Caryophyllanae,Caryophyllales,Cactaceae,Opuntia,Opuntia stricta,,Accepted
flowering plants,Equisetopsida,Caryophyllanae,Caryophyllales,Cactaceae,Echinopsis,Echinopsis multiplex,(Pfeiff.) Zucc.,Accepted
flowering plants,Equisetopsida,Caryophyllanae,Caryophyllales,Cactaceae,Consolea,Consolea rubescens,(Salm-Dyck ex DC.) Lem.,Accepted
flowering plants,Equisetopsida,Caryophyllanae,Caryophyllales,Cactaceae,Opuntia,Opuntia polyacantha,,Accepted
flowering plants,Equisetopsida,Caryophyllanae,Caryophyllales,Cactaceae,Echinopsis,Echinopsis yuquina,D.R.Hunt,Accepted
flowering plants,Equisetopsida,Caryophyllanae,Caryophyllales,Cactaceae,Echinopsis,Echinopsis peruviana,(Britton & Rose) Friedrich & G.D. Rowley,Accepted
flowering plants,Equisetopsida,Caryophyllanae,Caryophyllales,Cactaceae,Opuntia,Opuntia trichopora,Britton,No opinion
flowering plants,Equisetopsida,Caryophyllanae,Caryophyllales,Cactaceae,Gymnocalycium,Gymnocalycium ochoterenae,,Accepted
flowering plants,Equisetopsida,Caryophyllanae,Caryophyllales,Cactaceae,Polaskia,Polaskia chichipe,(Rol.-Goss.) Backeb.,Accepted
flowering plants,Equisetopsida,Caryophyllanae,Caryophyllales,Cactaceae,Lobivia,Lobivia varians,Backeb.,Accepted
flowering plants,Equisetopsida,Caryophyllanae,Caryophyllales,Cactaceae,Mammillaria,Mammillaria pringlei,(J.M. Coult.) K. Brandegee,Accepted
flowering plants,Equisetopsida,Caryophyllanae,Caryophyllales,Cactaceae,Sclerocactus,Sclerocactus parviflorus,(Peebles) K.D. Heil & J.M. Porter,Accepted
flowering plants,Equisetopsida,Caryophyllanae,Caryophyllales,Cactaceae,Sclerocactus,Sclerocactus spinosior,(Engelm.) D. Woodruff & L.D. Benson,Accepted
flowering plants,Equisetopsida,Caryophyllanae,Caryophyllales,Cactaceae,Cleistocactus,Cleistocactus pungens,F. Ritter,Accepted
flowering plants,Equisetopsida,Caryophyllanae,Caryophyllales,Cactaceae,Turbinicarpus,Turbinicarpus schmiedickeanus,(Glass & R.A. Foster) N.P. Taylor,Accepted
flowering plants,Equisetopsida,Caryophyllanae,Caryophyllales,Cactaceae,Cylindropuntia,Cylindropuntia x vivipara,(Rose) F.M.Knuth,Accepted
flowering plants,Equisetopsida,Caryophyllanae,Caryophyllales,Cactaceae,Opuntia,Opuntia streptacantha,Scheinvar & A. Rodr.,No opinion
flowering plants,Equisetopsida,Caryophyllanae,Caryophyllales,Cactaceae,Opuntia,Opuntia rileyi,J.G. Ortega,Accepted
flowering plants,Equisetopsida,Caryophyllanae,Caryophyllales,Cactaceae,Miqueliopuntia,Miqueliopuntia miquelii,(Monv.) F. Ritter,Accepted
flowering plants,Equisetopsida,Caryophyllanae,Caryophyllales,Cactaceae,Backebergia,Backebergia militaris,(Audot) Bravo ex Sánchez-Mej.,Accepted
flowering plants,Equisetopsida,Caryophyllanae,Caryophyllales,Cactaceae,Opuntia,Opuntia robinsonii,"González Ortega, Jesús",Accepted
flowering plants,Equisetopsida,Caryophyllanae,Caryophyllales,Cactaceae,Echinocereus,Echinocereus pentalophus,(Mathsson) N.P. Taylor,Accepted
flowering plants,Equisetopsida,Caryophyllanae,Caryophyllales,Cactaceae,Mammillaria,Mammillaria coahuilensis,,Accepted
flowering plants,Equisetopsida,Caryophyllanae,Caryophyllales,Cactaceae,Gymnocalycium,Gymnocalycium schroederianum,"R. Kiesling, Marchesi & O. Ferrari",Accepted
flowering plants,Equisetopsida,Caryophyllanae,Caryophyllales,Cactaceae,Tacinga,Tacinga quipa,(F.A.C.Weber) N.P.Taylor & Stuppy,No opinion
flowering plants,Equisetopsida,Caryophyllanae,Caryophyllales,Cactaceae,Gymnocalycium,Gymnocalycium capillaense,(Schick) Hosseus,Accepted
flowering plants,Equisetopsida,Caryophyllanae,Caryophyllales,Cactaceae,Sulcorebutia,Sulcorebutia tiraquensis,,Accepted
flowering plants,Equisetopsida,Caryophyllanae,Caryophyllales,Cactaceae,Haagespostoa,Haagespostoa albisetata,,No opinion
flowering plants,Equisetopsida,Caryophyllanae,Caryophyllales,Cactaceae,Epithelantha,Epithelantha ilariae,D.Donati & Zanov.,No opinion
flowering plants,Equisetopsida,Caryophyllanae,Caryophyllales,Cactaceae,Disocactus,Disocactus speciosus,,Accepted
flowering plants,Equisetopsida,Caryophyllanae,Caryophyllales,Cactaceae,Pereskia,Pereskia grandiflora,Pfeiff.,Accepted
flowering plants,Equisetopsida,Caryophyllanae,Caryophyllales,Cactaceae,Tacinga,Tacinga palmadora,(Britton & Rose) N.P. Taylor & Stuppy,Accepted
flowering plants,Equisetopsida,Caryophyllanae,Caryophyllales,Cactaceae,Pyrrhocactus,Pyrrhocactus pilispinus,F. Ritter,Accepted
flowering plants,Equisetopsida,Caryophyllanae,Caryophyllales,Cactaceae,Cylindropuntia,Cylindropuntia prolifera,(Engelm.) F.M. Knuth,Accepted
flowering plants,Equisetopsida,Caryophyllanae,Caryophyllales,Cactaceae,Mammillaria,Mammillaria glassii,(Repp.) D.R. Hunt,Accepted
flowering plants,Equisetopsida,Caryophyllanae,Caryophyllales,Cactaceae,Weingartia,Weingartia westii,(Hutchison) Donald,Accepted
flowering plants,Equisetopsida,Caryophyllanae,Caryophyllales,Cactaceae,Epithelantha,Epithelantha bokei,L.D. Benson,Accepted
flowering plants,Equisetopsida,Caryophyllanae,Caryophyllales,Cactaceae,Stetsonia,Stetsonia coryne,(Salm-Dyck) Britton & Rose,Accepted
flowering plants,Equisetopsida,Caryophyllanae,Caryophyllales,Cactaceae,Austrocactus,Austrocactus spiniflorus,(Phil.) F. Ritter,Accepted
flowering plants,Equisetopsida,Caryophyllanae,Caryophyllales,Cactaceae,Opuntia,Opuntia arechavaletai,Speg.,No opinion
flowering plants,Equisetopsida,Caryophyllanae,Caryophyllales,Cactaceae,Echinopsis,Echinopsis rohlandii,K.Schum.,No opinion
flowering plants,Equisetopsida,Caryophyllanae,Caryophyllales,Cactaceae,Hatiora,Hatiora cylindrica,Britton & Rose,Accepted
flowering plants,Equisetopsida,Caryophyllanae,Caryophyllales,Cactaceae,Turbinicarpus,Turbinicarpus viereckii,(Glass & R.A. Foster) Glass,Accepted
flowering plants,Equisetopsida,Caryophyllanae,Caryophyllales,Cactaceae,Echinopsis,Echinopsis brasiliensis,FriÄ ex Pazout,Accepted
flowering plants,Equisetopsida,Caryophyllanae,Caryophyllales,Cactaceae,Echinopsis,Echinopsis pugionacantha,Rose & Boed.,Accepted
flowering plants,Equisetopsida,Caryophyllanae,Caryophyllales,Cactaceae,Cumulopuntia,Cumulopuntia boliviana,(Salm-Dyck) F. Ritter,Accepted
flowering plants,Equisetopsida,Caryophyllanae,Caryophyllales,Cactaceae,Tephrocactus,Tephrocactus diademata,(Lem.) Lem.,Accepted
flowering plants,Equisetopsida,Caryophyllanae,Caryophyllales,Cactaceae,Opuntia,Opuntia crystalenia,Griffiths,Accepted
flowering plants,Equisetopsida,Caryophyllanae,Caryophyllales,Cactaceae,Trichocereus,Trichocereus taquimbalensis,Cárdenas,Accepted
flowering plants,Equisetopsida,Caryophyllanae,Caryophyllales,Cactaceae,Neolloydia,Neolloydia conoidea,,Accepted
flowering plants,Equisetopsida,Caryophyllanae,Caryophyllales,Cactaceae,Neomammillaria,Neomammillaria rhodantha,(Link & Otto) Britton & Rose,Accepted
flowering plants,Equisetopsida,Caryophyllanae,Caryophyllales,Cactaceae,Neoraimondia,Neoraimondia arequipensis,(Werderm. & Backeb.) Ostolaza,Accepted
flowering plants,Equisetopsida,Caryophyllanae,Caryophyllales,Cactaceae,Mammillaria,Mammillaria sonorensis,R.T. Craig,Accepted
flowering plants,Equisetopsida,Caryophyllanae,Caryophyllales,Cactaceae,Neomammillaria,Neomammillaria viperina,Bravo,No opinion
flowering plants,Equisetopsida,Caryophyllanae,Caryophyllales,Cactaceae,Ferocactus,Ferocactus cylindraceus,(Engelm.) H. Bravo,Accepted
flowering plants,Equisetopsida,Caryophyllanae,Caryophyllales,Cactaceae,Stenocereus,Stenocereus fimbriatus,(Lam.) Lourteig,Accepted
flowering plants,Equisetopsida,Caryophyllanae,Caryophyllales,Cactaceae,Opuntia,Opuntia fuliginosa,Griffiths,Accepted
flowering plants,Equisetopsida,Caryophyllanae,Caryophyllales,Cactaceae,Echinopsis,Echinopsis cotacajesii,Cárdenas,Accepted
flowering plants,Equisetopsida,Caryophyllanae,Caryophyllales,Cactaceae,Opuntia,Opuntia decipiens,DC.,No opinion
flowering plants,Equisetopsida,Caryophyllanae,Caryophyllales,Cactaceae,Sclerocactus,Sclerocactus pubispinus,(Engelm.) L.D. Benson,Accepted
flowering plants,Equisetopsida,Caryophyllanae,Caryophyllales,Cactaceae,Mammillaria,Mammillaria paulii,Linzen,No opinion
flowering plants,Equisetopsida,Caryophyllanae,Caryophyllales,Cactaceae,Cephalocereus,Cephalocereus exerens,(K.Schum.) L.H.Bailey,No opinion
flowering plants,Equisetopsida,Caryophyllanae,Caryophyllales,Cactaceae,Acanthocereus,Acanthocereus hirschtianus,(K. Schum.) Lodé,Accepted
flowering plants,Equisetopsida,Caryophyllanae,Caryophyllales,Cactaceae,Opuntia,Opuntia laxiflora,Griffiths,No opinion
flowering plants,Equisetopsida,Caryophyllanae,Caryophyllales,Cactaceae,Espostoa,Espostoa melanostele,(Vaupel) Borg,Accepted
flowering plants,Equisetopsida,Caryophyllanae,Caryophyllales,Cactaceae,Pilosocereus,Pilosocereus pentaedrophorus,,Accepted
flowering plants,Equisetopsida,Caryophyllanae,Caryophyllales,Cactaceae,Echinocereus,Echinocereus subinermis,Salm-Dyck ex Scheer,Accepted
flowering plants,Equisetopsida,Caryophyllanae,Caryophyllales,Cactaceae,Echinocereus,Echinocereus ferreirianus,(J.Meyrán) N.P.Taylor,Accepted
flowering plants,Equisetopsida,Caryophyllanae,Caryophyllales,Cactaceae,Tephrocactus,Tephrocactus articulatus,(Speg.) Backeb.,Accepted
flowering plants,Equisetopsida,Caryophyllanae,Caryophyllales,Cactaceae,Mammillaria,Mammillaria prolifera,,Accepted
flowering plants,Equisetopsida,Caryophyllanae,Caryophyllales,Cactaceae,Mammillaria,Mammillaria prolifera,(Salm-Dyck) U. Guzmán,Accepted
flowering plants,Equisetopsida,Caryophyllanae,Caryophyllales,Cactaceae,Melocactus,Melocactus albicephalus,Buining & Brederoo,No opinion
flowering plants,Equisetopsida,Caryophyllanae,Caryophyllales,Cactaceae,Opuntia,Opuntia durangensis,Britton & Rose,Accepted
flowering plants,Equisetopsida,Caryophyllanae,Caryophyllales,Cactaceae,Monvillea,Monvillea leucantha,F. Ritter,Accepted
flowering plants,Equisetopsida,Caryophyllanae,Caryophyllales,Cactaceae,Opuntia,Opuntia amarilla,Griffiths,Accepted
flowering plants,Equisetopsida,Caryophyllanae,Caryophyllales,Cactaceae,Opuntia,Opuntia pyrrhacantha,K. Schum.,Accepted
flowering plants,Equisetopsida,Caryophyllanae,Caryophyllales,Cactaceae,Eriosyce,Eriosyce villosa,(Monv.) Katt.,Accepted
flowering plants,Equisetopsida,Caryophyllanae,Caryophyllales,Cactaceae,Mammillaria,Mammillaria bombycina,(Bravo & Scheinvar) D.R. Hunt,Accepted
flowering plants,Equisetopsida,Caryophyllanae,Caryophyllales,Cactaceae,Copiapoa,Copiapoa decorticans,N.P. Taylor & G.J. Charles,Accepted
flowering plants,Equisetopsida,Caryophyllanae,Caryophyllales,Cactaceae,Oreocereus,Oreocereus celsianus,(Lem. ex Salm-Dyck) Riccob.,Accepted
flowering plants,Equisetopsida,Caryophyllanae,Caryophyllales,Cactaceae,Pseudorhipsalis,Pseudorhipsalis amazonica,(K. Schum.) Ralf Bauer,Accepted
flowering plants,Equisetopsida,Caryophyllanae,Caryophyllales,Cactaceae,Ferocactus,Ferocactus townsendianus,,Accepted
flowering plants,Equisetopsida,Caryophyllanae,Caryophyllales,Cactaceae,Stenocereus,Stenocereus standleyi,"(González Ortega, Jesús) Buxb.",Accepted
flowering plants,Equisetopsida,Caryophyllanae,Caryophyllales,Cactaceae,Echinocereus,Echinocereus brandegeei,(J.M. Coult.) K. Schum.,Accepted
flowering plants,Equisetopsida,Caryophyllanae,Caryophyllales,Cactaceae,Pereskia,Pereskia grandifolia,(Leuenb.) N.P. Taylor & Zappi,Accepted
flowering plants,Equisetopsida,Caryophyllanae,Caryophyllales,Cactaceae,Gymnocalycium,Gymnocalycium bodenbenderianum,(Hosseus ex A.Berger) A.Berger,Accepted
flowering plants,Equisetopsida,Caryophyllanae,Caryophyllales,Cactaceae,Ferocactus,Ferocactus peninsulae,,Accepted
flowering plants,Equisetopsida,Caryophyllanae,Caryophyllales,Cactaceae,Eriosyce,Eriosyce odieri,(Lem. ex Salm-Dyck) Katt.,Accepted
flowering plants,Equisetopsida,Caryophyllanae,Caryophyllales,Cactaceae,Discocactus,Discocactus zehntneri,(Buining & Brederoo) N.P. Taylor & Zappi,Accepted
flowering plants,Equisetopsida,Caryophyllanae,Caryophyllales,Cactaceae,Deamia,Deamia chontalensis,(Alexander) Doweld,Accepted
flowering plants,Equisetopsida,Caryophyllanae,Caryophyllales,Cactaceae,Lobivia,Lobivia euanthema,Backeb.,Accepted
flowering plants,Equisetopsida,Caryophyllanae,Caryophyllales,Cactaceae,Ariocarpus,Ariocarpus fissuratus,(H.M. Hern. & E.F. Anderson) Lüthy,Accepted
flowering plants,Equisetopsida,Caryophyllanae,Caryophyllales,Cactaceae,Coryphantha,Coryphantha scheeri,,Accepted
flowering plants,Equisetopsida,Caryophyllanae,Caryophyllales,Cactaceae,Parodia,Parodia chrysacanthion,(K. Schum.) Backeb.,Accepted
flowering plants,Equisetopsida,Caryophyllanae,Caryophyllales,Cactaceae,Mammillaria,Mammillaria nana,Backeb.,Accepted
flowering plants,Equisetopsida,Caryophyllanae,Caryophyllales,Cactaceae,Pilosocereus,Pilosocereus collinsii,(Britton & Rose) Byles & G.D. Rowley,Accepted
flowering plants,Equisetopsida,Caryophyllanae,Caryophyllales,Cactaceae,Nopalea,Nopalea auberi,(Pfeiff.) Salm-Dyck,Accepted
flowering plants,Equisetopsida,Caryophyllanae,Caryophyllales,Cactaceae,Nopalea,Nopalea cochenillifera,(L.) Salm-Dyck,Accepted
flowering plants,Equisetopsida,Caryophyllanae,Caryophyllales,Cactaceae,Reicheocactus,Reicheocactus pseudoreicheanus,Backeb.,Accepted
flowering plants,Equisetopsida,Caryophyllanae,Caryophyllales,Cactaceae,Notocactus,Notocactus patagonicus,(F.A.C. Weber) W.T. Marshall,Accepted
flowering plants,Equisetopsida,Caryophyllanae,Caryophyllales,Cactaceae,Rhipsalis,Rhipsalis macropogon,,No opinion
flowering plants,Equisetopsida,Caryophyllanae,Caryophyllales,Cactaceae,Cleistocactus,Cleistocactus baumannii,(Lem.) Lem.,Accepted
flowering plants,Equisetopsida,Caryophyllanae,Caryophyllales,Cactaceae,Escobaria,Escobaria organensis,"(A.Zimm.) Castetter, P.Pierce & K.H Schwer.",Accepted
flowering plants,Equisetopsida,Caryophyllanae,Caryophyllales,Cactaceae,Eriocereus,Eriocereus pomanensis,(K.Schum.) A.Berger,No opinion
flowering plants,Equisetopsida,Caryophyllanae,Caryophyllales,Cactaceae,Echinocereus,Echinocereus x roetteri,(Engelm.) Engelm. ex Rümpler,Accepted
flowering plants,Equisetopsida,Caryophyllanae,Caryophyllales,Cactaceae,Trichocereus,Trichocereus tacaquirensis,(Vaupel) Cárdenas ex Backeb.,Accepted
flowering plants,Equisetopsida,Caryophyllanae,Caryophyllales,Cactaceae,Cereus,Cereus enneacanthus,(Engelm.) Engelm.,Accepted
flowering plants,Equisetopsida,Caryophyllanae,Caryophyllales,Cactaceae,Stenocereus,Stenocereus eichlamii,(Britton & Rose) Buxb. ex Bravo,Accepted
flowering plants,Equisetopsida,Caryophyllanae,Caryophyllales,Cactaceae,Pilosocereus,Pilosocereus pentaedrophorus,Zappi,Accepted
flowering plants,Equisetopsida,Caryophyllanae,Caryophyllales,Cactaceae,Opuntia,Opuntia macdougliana,A. Rose,No opinion
flowering plants,Equisetopsida,Caryophyllanae,Caryophyllales,Cactaceae,Trichocereus,Trichocereus candicans,(K. Schum.) Britton & Rose,Accepted
flowering plants,Equisetopsida,Caryophyllanae,Caryophyllales,Cactaceae,Opuntia,Opuntia sulphurea,Gillies ex Salm-Dyck,Accepted
flowering plants,Equisetopsida,Caryophyllanae,Caryophyllales,Cactaceae,Maihueniopsis,Maihueniopsis darwinii,,Accepted
flowering plants,Equisetopsida,Caryophyllanae,Caryophyllales,Cactaceae,Coryphantha,Coryphantha durangensis,(Ruenge ex Schum.) Britton & Rose,Accepted
flowering plants,Equisetopsida,Caryophyllanae,Caryophyllales,Cactaceae,Micranthocereus,Micranthocereus hofackerianus,(P.J.Braun & Esteves) M.Machado,Accepted
flowering plants,Equisetopsida,Caryophyllanae,Caryophyllales,Cactaceae,Facheiroa,Facheiroa ulei,(Gürke) Werderm.,Accepted
flowering plants,Equisetopsida,Caryophyllanae,Caryophyllales,Cactaceae,Disocactus,Disocactus phyllanthoides,(DC.) Barthlott,Accepted
flowering plants,Equisetopsida,Caryophyllanae,Caryophyllales,Cactaceae,Cleistocactus,Cleistocactus clavispinus,(Rauh & Backeb.) Ostolaza,Accepted
flowering plants,Equisetopsida,Caryophyllanae,Caryophyllales,Cactaceae,Cylindropuntia,Cylindropuntia whipplei,(Engelm. & J.M. Bigelow) F.M. Knuth,Accepted
flowering plants,Equisetopsida,Caryophyllanae,Caryophyllales,Cactaceae,Peniocereus,Peniocereus occidentalis,Bravo,No opinion
flowering plants,Equisetopsida,Caryophyllanae,Caryophyllales,Cactaceae,Neowerdermannia,Neowerdermannia chilensis,Backeb.,Accepted
flowering plants,Equisetopsida,Caryophyllanae,Caryophyllales,Cactaceae,Disocactus,Disocactus speciosus,Ralf Bauer,Accepted
flowering plants,Equisetopsida,Caryophyllanae,Caryophyllales,Cactaceae,Thelocactus,Thelocactus hexaedrophorus,(Lem.) Britton & Rose,Accepted
flowering plants,Equisetopsida,Caryophyllanae,Caryophyllales,Cactaceae,Cleistocactus,Cleistocactus samaipatanus,(Cárdenas) D.R.Hunt,Accepted
flowering plants,Equisetopsida,Caryophyllanae,Caryophyllales,Cactaceae,Echinopsis,Echinopsis quadratiumbonata,(F.Ritter) D.R.Hunt,Accepted
flowering plants,Equisetopsida,Caryophyllanae,Caryophyllales,Cactaceae,Gymnocalycium,Gymnocalycium castellanosii,(Schütz) Amerh. & H. Till,Accepted
flowering plants,Equisetopsida,Caryophyllanae,Caryophyllales,Cactaceae,Austrocactus,Austrocactus patagonicus,(F.A.C.Weber ex Speg.) Hosseus,Accepted
flowering plants,Equisetopsida,Caryophyllanae,Caryophyllales,Cactaceae,Matucana,Matucana polzii,"Diers, Donald & Zecher",Accepted
flowering plants,Equisetopsida,Caryophyllanae,Caryophyllales,Cactaceae,Corryocactus,Corryocactus puquiensis,Rauh & Backeb.,Accepted
flowering plants,Equisetopsida,Caryophyllanae,Caryophyllales,Cactaceae,Haageocereus,Haageocereus pluriflorus,Rauh & Backeb.,Accepted
flowering plants,Equisetopsida,Caryophyllanae,Caryophyllales,Cactaceae,Melocactus,Melocactus curvispinus,(H.L. Wendl.) N.P. Taylor,Accepted
flowering plants,Equisetopsida,Caryophyllanae,Caryophyllales,Cactaceae,Trichocereus,Trichocereus purpureopilosus,Weing.,No opinion
flowering plants,Equisetopsida,Caryophyllanae,Caryophyllales,Cactaceae,Matucana,Matucana fruticosa,F. Ritter,Accepted
flowering plants,Equisetopsida,Caryophyllanae,Caryophyllales,Cactaceae,Echinopsis,Echinopsis trichosa,(Cárdenas) Friedrich & G.D.Rowley,Accepted
flowering plants,Equisetopsida,Caryophyllanae,Caryophyllales,Cactaceae,Opuntia,Opuntia bigelovii,,Accepted
flowering plants,Equisetopsida,Caryophyllanae,Caryophyllales,Cactaceae,Echinocereus,Echinocereus engelmannii,,Accepted
flowering plants,Equisetopsida,Caryophyllanae,Caryophyllales,Cactaceae,Gymnocalycium,Gymnocalycium terweemeanum,(Teucq ex Duursma) Borgmann & Piltz,Accepted
flowering plants,Equisetopsida,Caryophyllanae,Caryophyllales,Cactaceae,Melocactus,Melocactus intortus,Areces,Accepted
flowering plants,Equisetopsida,Caryophyllanae,Caryophyllales,Cactaceae,Ferocactus,Ferocactus pottsii,(Britton & Rose) G. Unger,Accepted
flowering plants,Equisetopsida,Caryophyllanae,Caryophyllales,Cactaceae,Rhipsalis,Rhipsalis tucumanensis,F.A.C. Weber,Accepted
flowering plants,Equisetopsida,Caryophyllanae,Caryophyllales,Cactaceae,Rhipsalis,Rhipsalis pilocarpa,Loefgr.,Accepted
flowering plants,Equisetopsida,Caryophyllanae,Caryophyllales,Cactaceae,Opuntia,Opuntia occidentalis,Engelm. & J.M. Bigelow,No opinion
flowering plants,Equisetopsida,Caryophyllanae,Caryophyllales,Cactaceae,Echinocereus,Echinocereus knippelianus,,Accepted
flowering plants,Equisetopsida,Caryophyllanae,Caryophyllales,Cactaceae,Opuntia,Opuntia fusicaulis,Griffiths,No opinion
flowering plants,Equisetopsida,Caryophyllanae,Caryophyllales,Cactaceae,Hatiora,Hatiora herminiae,(Porto & A. Cast.) Backeb.,No opinion
flowering plants,Equisetopsida,Caryophyllanae,Caryophyllales,Cactaceae,Echinopsis,Echinopsis pampana,(Britton & Rose) D.R.Hunt,Accepted
flowering plants,Equisetopsida,Caryophyllanae,Caryophyllales,Cactaceae,Echinocereus,Echinocereus russanthus,(Trocha) W. Blum & Mich. Lange,Accepted
flowering plants,Equisetopsida,Caryophyllanae,Caryophyllales,Cactaceae,Austrocactus,Austrocactus philippii,(Regel & Schmidt) Buxb.,Accepted
flowering plants,Equisetopsida,Caryophyllanae,Caryophyllales,Cactaceae,Weingartia,Weingartia kargliana,Rausch,Accepted
flowering plants,Equisetopsida,Caryophyllanae,Caryophyllales,Cactaceae,Cochemiea,Cochemiea poselgeri,Britton & Rose,No opinion
flowering plants,Equisetopsida,Caryophyllanae,Caryophyllales,Cactaceae,Peniocereus,Peniocereus haackeanus,Backeb.,No opinion
flowering plants,Equisetopsida,Caryophyllanae,Caryophyllales,Cactaceae,Thrixanthocereus,Thrixanthocereus longispinus,F. Ritter,Accepted
flowering plants,Equisetopsida,Caryophyllanae,Caryophyllales,Cactaceae,Echinocereus,Echinocereus schmollii,(Weing.) N.P. Taylor,Accepted
flowering plants,Equisetopsida,Caryophyllanae,Caryophyllales,Cactaceae,Coryphantha,Coryphantha dasyacantha,(Engelm.) Orcutt,Accepted
flowering plants,Equisetopsida,Caryophyllanae,Caryophyllales,Cactaceae,Copiapoa,Copiapoa humilis,(F. Ritter) Doweld,Accepted
flowering plants,Equisetopsida,Caryophyllanae,Caryophyllales,Cactaceae,Echinopsis,Echinopsis simplex,Niedt,No opinion
flowering plants,Equisetopsida,Caryophyllanae,Caryophyllales,Cactaceae,Opuntia,Opuntia laevis,J.M. Coult.,Accepted
flowering plants,Equisetopsida,Caryophyllanae,Caryophyllales,Cactaceae,Glandulicactus,Glandulicactus crassihamatus,(A.A.Weber) Backeb.,Accepted
flowering plants,Equisetopsida,Caryophyllanae,Caryophyllales,Cactaceae,Mammillaria,Mammillaria decipiens,,Accepted
flowering plants,Equisetopsida,Caryophyllanae,Caryophyllales,Cactaceae,Opuntia,Opuntia discolor,Britton & Rose,Accepted
flowering plants,Equisetopsida,Caryophyllanae,Caryophyllales,Cactaceae,Pereskia,Pereskia aureiflora,F. Ritter,Accepted
flowering plants,Equisetopsida,Caryophyllanae,Caryophyllales,Cactaceae,Cactus,Cactus brownii,(Toumey) Toumey,Accepted
flowering plants,Equisetopsida,Caryophyllanae,Caryophyllales,Cactaceae,Mammillaria,Mammillaria columbiana,(Killip ex Schnee) Lodé,Accepted
flowering plants,Equisetopsida,Caryophyllanae,Caryophyllales,Cactaceae,Disocactus,Disocactus eichlamii,(Weing.) Britton & Rose,Accepted
flowering plants,Equisetopsida,Caryophyllanae,Caryophyllales,Cactaceae,Mammillaria,Mammillaria multidigitata,W.T. Marshall ex Linds.,Accepted
flowering plants,Equisetopsida,Caryophyllanae,Caryophyllales,Cactaceae,Opuntia,Opuntia lagopus,(Rauh & Backeb.) G.D. Rowley,Accepted
flowering plants,Equisetopsida,Caryophyllanae,Caryophyllales,Cactaceae,Turbinicarpus,Turbinicarpus valdezianus,(H. Moeller) Glass & R.A. Foster,Accepted
flowering plants,Equisetopsida,Caryophyllanae,Caryophyllales,Cactaceae,Haageocereus,Haageocereus chalaensis,F. Ritter,Accepted
flowering plants,Equisetopsida,Caryophyllanae,Caryophyllales,Cactaceae,Mammillaria,Mammillaria vetula,Mart.,Accepted
flowering plants,Equisetopsida,Caryophyllanae,Caryophyllales,Cactaceae,Trichocereus,Trichocereus tunariensis,Cárdenas,Accepted
flowering plants,Equisetopsida,Caryophyllanae,Caryophyllales,Cactaceae,Parodia,Parodia pilayaensis,Diers & Beckert,Accepted
flowering plants,Equisetopsida,Caryophyllanae,Caryophyllales,Cactaceae,Opuntia,Opuntia edwardsii,V.E. Grant & K.A. Grant,Accepted
flowering plants,Equisetopsida,Caryophyllanae,Caryophyllales,Cactaceae,Opuntia,Opuntia gregoriana,Griffiths,No opinion
flowering plants,Equisetopsida,Caryophyllanae,Caryophyllales,Cactaceae,Cereus,Cereus validus,Haw.,Accepted
flowering plants,Equisetopsida,Caryophyllanae,Caryophyllales,Cactaceae,Lobivia,Lobivia ferox,(Werderm.) J. Ullmann,Accepted
flowering plants,Equisetopsida,Caryophyllanae,Caryophyllales,Cactaceae,Espostoopsis,Espostoopsis dybowskii,(Rol.-Goss.) Buxb.,Accepted
flowering plants,Equisetopsida,Caryophyllanae,Caryophyllales,Cactaceae,Mammillaria,Mammillaria pondii,,Accepted
flowering plants,Equisetopsida,Caryophyllanae,Caryophyllales,Cactaceae,Matucana,Matucana formosa,F. Ritter,Accepted
flowering plants,Equisetopsida,Caryophyllanae,Caryophyllales,Cactaceae,Opuntia,Opuntia joconostle,F.A.C. Weber,Accepted
flowering plants,Equisetopsida,Caryophyllanae,Caryophyllales,Cactaceae,Trichocereus,Trichocereus spachianus,(Lem.) Riccob.,Accepted
flowering plants,Equisetopsida,Caryophyllanae,Caryophyllales,Cactaceae,Echinocereus,Echinocereus primolanatus,N.P. Taylor,Accepted
flowering plants,Equisetopsida,Caryophyllanae,Caryophyllales,Cactaceae,Opuntia,Opuntia dillenii,(Ker Gawl.) Haw.,Accepted
flowering plants,Equisetopsida,Caryophyllanae,Caryophyllales,Cactaceae,Monvillea,Monvillea euchlora,(F.A.C. Weber ex K. Schum.) Backeb.,Accepted
flowering plants,Equisetopsida,Caryophyllanae,Caryophyllales,Cactaceae,Echinocereus,Echinocereus papillosus,Linke ex C.F.Först. & Rümpler,Accepted
flowering plants,Equisetopsida,Caryophyllanae,Caryophyllales,Cactaceae,Cleistocactus,Cleistocactus variispinus,F.Ritter,Accepted
flowering plants,Equisetopsida,Caryophyllanae,Caryophyllales,Cactaceae,Turbinicarpus,Turbinicarpus saueri,,Accepted
flowering plants,Equisetopsida,Caryophyllanae,Caryophyllales,Cactaceae,Anisocereus,Anisocereus gaumeri,(Britton & Rose) Backeb.,Accepted
flowering plants,Equisetopsida,Caryophyllanae,Caryophyllales,Cactaceae,Eriosyce,Eriosyce garaventae,(F. Ritter) Katt.,Accepted
flowering plants,Equisetopsida,Caryophyllanae,Caryophyllales,Cactaceae,Haageocereus,Haageocereus albispinus,(Akers) Rauh & Backeb.,Accepted
flowering plants,Equisetopsida,Caryophyllanae,Caryophyllales,Cactaceae,Rhipsalis,Rhipsalis baccifera,,Accepted
flowering plants,Equisetopsida,Caryophyllanae,Caryophyllales,Cactaceae,Lobivia,Lobivia marsoneri,(Backeb.) Rausch,Accepted
flowering plants,Equisetopsida,Caryophyllanae,Caryophyllales,Cactaceae,Echinomastus,Echinomastus macdowellii,(Orcutt) Britton & Rose,No opinion
flowering plants,Equisetopsida,Caryophyllanae,Caryophyllales,Cactaceae,Echinopsis,Echinopsis coquimbana,(Molina) Friedrich & G.D.Rowley,Accepted
flowering plants,Equisetopsida,Caryophyllanae,Caryophyllales,Cactaceae,Discocactus,Discocactus zehntneri,,Accepted
flowering plants,Equisetopsida,Caryophyllanae,Caryophyllales,Cactaceae,Melocactus,Melocactus bellavistensis,(F. Ritter) N.P. Taylor,Accepted
flowering plants,Equisetopsida,Caryophyllanae,Caryophyllales,Cactaceae,Cipocereus,Cipocereus laniflorus,N.P. Taylor & Zappi,Accepted
flowering plants,Equisetopsida,Caryophyllanae,Caryophyllales,Cactaceae,Peniocereus,Peniocereus greggii,(Engelm.) U. Guzmán,Accepted
flowering plants,Equisetopsida,Caryophyllanae,Caryophyllales,Cactaceae,Rhipsalis,Rhipsalis sulcata,F.A.C. Weber,Accepted
flowering plants,Equisetopsida,Caryophyllanae,Caryophyllales,Cactaceae,Echinocereus,Echinocereus nicholii,(L.D. Benson) Parfitt,Accepted
flowering plants,Equisetopsida,Caryophyllanae,Caryophyllales,Cactaceae,Mammillaria,Mammillaria dixanthocentron,Backeb.,Accepted
flowering plants,Equisetopsida,Caryophyllanae,Caryophyllales,Cactaceae,Coryphantha,Coryphantha jaumavei,Fric,No opinion
flowering plants,Equisetopsida,Caryophyllanae,Caryophyllales,Cactaceae,Corryocactus,Corryocactus serpens,F. Ritter,Accepted
flowering plants,Equisetopsida,Caryophyllanae,Caryophyllales,Cactaceae,Parodia,Parodia augustini,Weskamp,No opinion
flowering plants,Equisetopsida,Caryophyllanae,Caryophyllales,Cactaceae,Cleistocactus,Cleistocactus serpens,(Kunth) A. Weber,Accepted
flowering plants,Equisetopsida,Caryophyllanae,Caryophyllales,Cactaceae,Opuntia,Opuntia quipa,,No opinion
flowering plants,Equisetopsida,Caryophyllanae,Caryophyllales,Cactaceae,Subpilocereus,Subpilocereus mortensenii,(Croizat) Trujillo & Ponce,Accepted
flowering plants,Equisetopsida,Caryophyllanae,Caryophyllales,Cactaceae,Sulcorebutia,Sulcorebutia lamprochlora,J. de Vries,Accepted
flowering plants,Equisetopsida,Caryophyllanae,Caryophyllales,Cactaceae,Cipocereus,Cipocereus pusilliflorus,(F. Ritter) Zappi & N.P. Taylor,Accepted
flowering plants,Equisetopsida,Caryophyllanae,Caryophyllales,Cactaceae,Ariocarpus,Ariocarpus scaphirostris,Boed.,Accepted
flowering plants,Equisetopsida,Caryophyllanae,Caryophyllales,Cactaceae,Mammillaria,Mammillaria formosa,(Muehlenpf.) D.R. Hunt,Accepted
flowering plants,Equisetopsida,Caryophyllanae,Caryophyllales,Cactaceae,Pilosocereus,Pilosocereus flocossus,(F. Ritter) Zappi,Accepted
flowering plants,Equisetopsida,Caryophyllanae,Caryophyllales,Cactaceae,Melocactus,Melocactus curvispinus,(Suringar) Fern. Alonso & Xhonn.,Accepted
flowering plants,Equisetopsida,Caryophyllanae,Caryophyllales,Cactaceae,Gymnocalycium,Gymnocalycium intertextum,Backeb. ex H.Till,Accepted
flowering plants,Equisetopsida,Caryophyllanae,Caryophyllales,Cactaceae,Lobivia,Lobivia jajoana,,No opinion
flowering plants,Equisetopsida,Caryophyllanae,Caryophyllales,Cactaceae,Haageocereus,Haageocereus icosagonoides,Rauh & Backeb.,Accepted
flowering plants,Equisetopsida,Caryophyllanae,Caryophyllales,Cactaceae,Opuntia,Opuntia violacea,,No opinion
flowering plants,Equisetopsida,Caryophyllanae,Caryophyllales,Cactaceae,Yungasocereus,Yungasocereus inquisivensis,(Cárdenas) F. Ritter ex Eggli,Accepted
flowering plants,Equisetopsida,Caryophyllanae,Caryophyllales,Cactaceae,Mammillaria,Mammillaria luethyi,G.S. Hinton,Accepted
flowering plants,Equisetopsida,Caryophyllanae,Caryophyllales,Cactaceae,Haageocereus,Haageocereus fulvus,F. Ritter,Accepted
flowering plants,Equisetopsida,Caryophyllanae,Caryophyllales,Cactaceae,Parodia,Parodia miguillensis,Cárdenas,Accepted
flowering plants,Equisetopsida,Caryophyllanae,Caryophyllales,Cactaceae,Mammillaria,Mammillaria macdougalii,Rose,Accepted
flowering plants,Equisetopsida,Caryophyllanae,Caryophyllales,Cactaceae,Melocactus,Melocactus braunii,Esteves,Accepted
flowering plants,Equisetopsida,Caryophyllanae,Caryophyllales,Cactaceae,Mammillaria,Mammillaria crucigera,Mart.,Accepted
flowering plants,Equisetopsida,Caryophyllanae,Caryophyllales,Cactaceae,Lobivia,Lobivia densispina,Werderm. ex Backeb. & F.M. Knuth,Accepted
flowering plants,Equisetopsida,Caryophyllanae,Caryophyllales,Cactaceae,Opuntia,Opuntia megarhiza,(Salm-Dyck) U. Guzmán & Mandujano,Accepted
flowering plants,Equisetopsida,Caryophyllanae,Caryophyllales,Cactaceae,Austrocylindropuntia,Austrocylindropuntia shaferi,(Britton & Rose) Backeb.,Accepted
flowering plants,Equisetopsida,Caryophyllanae,Caryophyllales,Cactaceae,Hylocereus,Hylocereus undatus,(Haw.) Britton & Rose,Accepted
flowering plants,Equisetopsida,Caryophyllanae,Caryophyllales,Cactaceae,Mammillaria,Mammillaria albicans,(Britton & Rose) A. Berger,Accepted
flowering plants,Equisetopsida,Caryophyllanae,Caryophyllales,Cactaceae,Cactus,Cactus stella-aurata,(Mart. ex Zucc.) Kuntze,Accepted
flowering plants,Equisetopsida,Caryophyllanae,Caryophyllales,Cactaceae,Matucana,Matucana krahnii,(Donald) Bregmann,Accepted
flowering plants,Equisetopsida,Caryophyllanae,Caryophyllales,Cactaceae,Ferocactus,Ferocactus hamatacanthus,(Muehlenpf.) Britton & Rose,Accepted
flowering plants,Equisetopsida,Caryophyllanae,Caryophyllales,Cactaceae,Pilosocereus,Pilosocereus gaumeri,(Britton & Rose) Backeb.,Accepted
flowering plants,Equisetopsida,Caryophyllanae,Caryophyllales,Cactaceae,Opuntia,Opuntia atacamensis,Phil.,Accepted
flowering plants,Equisetopsida,Caryophyllanae,Caryophyllales,Cactaceae,Harrisia,Harrisia hurstii,W.T. Marshall,Accepted
flowering plants,Equisetopsida,Caryophyllanae,Caryophyllales,Cactaceae,Parodia,Parodia neohorstii,(S. Theun.) N.P. Taylor,Accepted
flowering plants,Equisetopsida,Caryophyllanae,Caryophyllales,Cactaceae,Corryocactus,Corryocactus chavinilloensis,F. Ritter,Accepted
flowering plants,Equisetopsida,Caryophyllanae,Caryophyllales,Cactaceae,Escobaria,Escobaria missouriensis,(Boed.) N.P. Taylor,Accepted
flowering plants,Equisetopsida,Caryophyllanae,Caryophyllales,Cactaceae,Gymnocalycium,Gymnocalycium delaetii,(K. Schum.) Hosseus,Accepted
flowering plants,Equisetopsida,Caryophyllanae,Caryophyllales,Cactaceae,Opuntia,Opuntia atropes,Rose,Accepted
flowering plants,Equisetopsida,Caryophyllanae,Caryophyllales,Cactaceae,Mammillaria,Mammillaria polyedra,Mart.,Accepted
flowering plants,Equisetopsida,Caryophyllanae,Caryophyllales,Cactaceae,Echinopsis,Echinopsis nigerrima,Schelle,No opinion
flowering plants,Equisetopsida,Caryophyllanae,Caryophyllales,Cactaceae,Opuntia,Opuntia viridirubra,(F. Ritter) P.J. Braun & Esteves,Accepted
flowering plants,Equisetopsida,Caryophyllanae,Caryophyllales,Cactaceae,Stenocereus,Stenocereus thurberi,(Engelm.) Buxbaum,Accepted
flowering plants,Equisetopsida,Caryophyllanae,Caryophyllales,Cactaceae,Mammillaria,Mammillaria elegans,,No opinion
flowering plants,Equisetopsida,Caryophyllanae,Caryophyllales,Cactaceae,Harrisia,Harrisia hahniana,(Backeb.) Kimnach & Hutchison ex Kimnach,Accepted
flowering plants,Equisetopsida,Caryophyllanae,Caryophyllales,Cactaceae,Opuntia,Opuntia bradleyi,G.D. Rowley,Accepted
flowering plants,Equisetopsida,Caryophyllanae,Caryophyllales,Cactaceae,Turbinicarpus,Turbinicarpus schmiedickeanus,(Werderm.) N.P. Taylor,Accepted
flowering plants,Equisetopsida,Caryophyllanae,Caryophyllales,Cactaceae,Opuntia,Opuntia engelmannii,Griffiths & Hare,Accepted
flowering plants,Equisetopsida,Caryophyllanae,Caryophyllales,Cactaceae,Trichocereus,Trichocereus deserticola,(Werderm.) Backeb.,Accepted
flowering plants,Equisetopsida,Caryophyllanae,Caryophyllales,Cactaceae,Gymnocalycium,Gymnocalycium ragonesei,A. Cast.,Accepted
flowering plants,Equisetopsida,Caryophyllanae,Caryophyllales,Cactaceae,Eriosyce,Eriosyce napina,(F. Ritter) Ferryman,Accepted
flowering plants,Equisetopsida,Caryophyllanae,Caryophyllales,Cactaceae,Monvillea,Monvillea ebenacantha,F. Ritter,Accepted
flowering plants,Equisetopsida,Caryophyllanae,Caryophyllales,Cactaceae,Stenocereus,Stenocereus stellatus,(Pfeiff.) Riccob.,Accepted
flowering plants,Equisetopsida,Caryophyllanae,Caryophyllales,Cactaceae,Sclerocactus,Sclerocactus uncinatus,(Engelm.) N.P. Taylor,Accepted
flowering plants,Equisetopsida,Caryophyllanae,Caryophyllales,Cactaceae,Coleocephalocereus,Coleocephalocereus fluminensis,,Accepted
flowering plants,Equisetopsida,Caryophyllanae,Caryophyllales,Cactaceae,Cleistocactus,Cleistocactus leonensis,Madsen,Accepted
flowering plants,Equisetopsida,Caryophyllanae,Caryophyllales,Cactaceae,Glandulicactus,Glandulicactus crassihamatus,(F.A.C. Weber) Backeb.,Accepted
flowering plants,Equisetopsida,Caryophyllanae,Caryophyllales,Cactaceae,Eriosyce,Eriosyce subgibbosa,(F.Ritter) Katt.,Accepted
flowering plants,Equisetopsida,Caryophyllanae,Caryophyllales,Cactaceae,Ferocactus,Ferocactus macrodiscus,(J. Meyrán) N.P. Taylor,Accepted
flowering plants,Equisetopsida,Caryophyllanae,Caryophyllales,Cactaceae,Opuntia,Opuntia spinosissima,Mill.,Accepted
flowering plants,Equisetopsida,Caryophyllanae,Caryophyllales,Cactaceae,Neolloydia,Neolloydia conoidea,(DC.) Britton & Rose,Accepted
flowering plants,Equisetopsida,Caryophyllanae,Caryophyllales,Cactaceae,Wigginsia,Wigginsia tephracantha,(Link & Otto) D.M. Porter,Accepted
flowering plants,Equisetopsida,Caryophyllanae,Caryophyllales,Cactaceae,Echinocereus,Echinocereus topiensis,W. Rischer & Trocha,Accepted
flowering plants,Equisetopsida,Caryophyllanae,Caryophyllales,Cactaceae,Notocactus,Notocactus bregmanianus,,No opinion
flowering plants,Equisetopsida,Caryophyllanae,Caryophyllales,Cactaceae,Escobaria,Escobaria orcuttii,"Castetter, Pierce & Schwerin",Accepted
flowering plants,Equisetopsida,Caryophyllanae,Caryophyllales,Cactaceae,Cylindropuntia,Cylindropuntia imbricata,(M.S. Anthony) Backeb.,Accepted
flowering plants,Equisetopsida,Caryophyllanae,Caryophyllales,Cactaceae,Sulcorebutia,Sulcorebutia mentosa,,Accepted
flowering plants,Equisetopsida,Caryophyllanae,Caryophyllales,Cactaceae,Cylindropuntia,Cylindropuntia californica,(J.M.Coult.) U.Guzmán,Accepted
flowering plants,Equisetopsida,Caryophyllanae,Caryophyllales,Cactaceae,Echinocactus,Echinocactus tabularis,(Cels) Cels ex K.Schum.,No opinion
flowering plants,Equisetopsida,Caryophyllanae,Caryophyllales,Cactaceae,Opuntia,Opuntia sinclairii,Griffiths,No opinion
flowering plants,Equisetopsida,Caryophyllanae,Caryophyllales,Cactaceae,Pilosocereus,Pilosocereus brasiliensis,(Buining & Brederoo) Zappi,Accepted
flowering plants,Equisetopsida,Caryophyllanae,Caryophyllales,Cactaceae,Echinopsis,Echinopsis chrysochete,Werderm.,Accepted
flowering plants,Equisetopsida,Caryophyllanae,Caryophyllales,Cactaceae,Arthrocereus,Arthrocereus melanurus,(F. Ritter) N.P. Taylor & Zappi,Accepted
flowering plants,Equisetopsida,Caryophyllanae,Caryophyllales,Cactaceae,Opuntia,Opuntia debreczyi,Szutorisz,No opinion
flowering plants,Equisetopsida,Caryophyllanae,Caryophyllales,Cactaceae,Mammillaria,Mammillaria albicans,Lüthy,No opinion
flowering plants,Equisetopsida,Caryophyllanae,Caryophyllales,Cactaceae,Kimnachia,Kimnachia ramulosa,(F.A.C. Weber) S. Arias & N. Korotkova,Accepted
flowering plants,Equisetopsida,Caryophyllanae,Caryophyllales,Cactaceae,Echinopsis,Echinopsis atacamensis,(Phil.) Friedrich & G.D.Rowley,Accepted
flowering plants,Equisetopsida,Caryophyllanae,Caryophyllales,Cactaceae,Espostoa,Espostoa mirabilis,F.Ritter,Accepted
flowering plants,Equisetopsida,Caryophyllanae,Caryophyllales,Cactaceae,Coryphantha,Coryphantha radians,(Bravo) Bravo,Accepted
flowering plants,Equisetopsida,Caryophyllanae,Caryophyllales,Cactaceae,Weberocereus,Weberocereus glaber,,Accepted
flowering plants,Equisetopsida,Caryophyllanae,Caryophyllales,Cactaceae,Echinopsis,Echinopsis rhodotricha,(Schütz) P.J. Braun & Esteves,Accepted
flowering plants,Equisetopsida,Caryophyllanae,Caryophyllales,Cactaceae,Rhipsalis,Rhipsalis floccosa,(F. Ritter) Barthlott & N.P. Taylor,Accepted
flowering plants,Equisetopsida,Caryophyllanae,Caryophyllales,Cactaceae,Armatocereus,Armatocereus godingianus,(Britton & Rose) Backeb.,Accepted
flowering plants,Equisetopsida,Caryophyllanae,Caryophyllales,Cactaceae,Neobesseya,Neobesseya wissmannii,(Hildm. ex K. Schum.) Britton & Rose,Accepted
flowering plants,Equisetopsida,Caryophyllanae,Caryophyllales,Cactaceae,Melocactus,Melocactus curvispinus,Pfeiff.,Accepted
flowering plants,Equisetopsida,Caryophyllanae,Caryophyllales,Cactaceae,Trichocereus,Trichocereus peruvianus,Britton & Rose,Accepted
flowering plants,Equisetopsida,Caryophyllanae,Caryophyllales,Cactaceae,Opuntia,Opuntia californica,,No opinion
flowering plants,Equisetopsida,Caryophyllanae,Caryophyllales,Cactaceae,Rebutia,Rebutia heliosa,Donald,Accepted
flowering plants,Equisetopsida,Caryophyllanae,Caryophyllales,Cactaceae,Arrojadoa,Arrojadoa penicillata,(Gürke) Britton & Rose,Accepted
flowering plants,Equisetopsida,Caryophyllanae,Caryophyllales,Cactaceae,Opuntia,Opuntia occidentalis,,No opinion
flowering plants,Equisetopsida,Caryophyllanae,Caryophyllales,Cactaceae,Neoraimondia,Neoraimondia arequipensis,(Meyen) Backeb.,Accepted
flowering plants,Equisetopsida,Caryophyllanae,Caryophyllales,Cactaceae,Rhipsalis,Rhipsalis mesembryanthemoides,Haw.,Accepted
flowering plants,Equisetopsida,Caryophyllanae,Caryophyllales,Cactaceae,Echinocereus,Echinocereus scheeri,A.B.Lau,Accepted
flowering plants,Equisetopsida,Caryophyllanae,Caryophyllales,Cactaceae,Opuntia,Opuntia opuntia,H.Karst.,No opinion
flowering plants,Equisetopsida,Caryophyllanae,Caryophyllales,Cactaceae,Pterocactus,Pterocactus araucanus,A. Cast.,Accepted
flowering plants,Equisetopsida,Caryophyllanae,Caryophyllales,Cactaceae,Cleistocactus,Cleistocactus x rojoi,Cárdenas,Accepted
flowering plants,Equisetopsida,Caryophyllanae,Caryophyllales,Cactaceae,Copiapoa,Copiapoa humilis,(F. Ritter) A.E. Hoffm.,Accepted
flowering plants,Equisetopsida,Caryophyllanae,Caryophyllales,Cactaceae,Hatiora,Hatiora epiphylloides,(Porto & Werderm.) P.V.Heath,Accepted
flowering plants,Equisetopsida,Caryophyllanae,Caryophyllales,Cactaceae,Mammillaria,Mammillaria similis,Engelm.,Accepted
flowering plants,Equisetopsida,Caryophyllanae,Caryophyllales,Cactaceae,Cylindropuntia,Cylindropuntia xkelvinensis,(V.E. Grant & K.A. Grant) P.V. Heath,Accepted
flowering plants,Equisetopsida,Caryophyllanae,Caryophyllales,Cactaceae,Echinopsis,Echinopsis hammerschmidii,Cárdenas,Accepted
flowering plants,Equisetopsida,Caryophyllanae,Caryophyllales,Cactaceae,Sclerocactus,Sclerocactus cloveriae,K.D. Heil & J.M. Porter,No opinion
flowering plants,Equisetopsida,Caryophyllanae,Caryophyllales,Cactaceae,Opuntia,Opuntia hempeliana,K. Schum.,No opinion
flowering plants,Equisetopsida,Caryophyllanae,Caryophyllales,Cactaceae,Pfeiffera,Pfeiffera ianthothele,F. Ritter,Accepted
flowering plants,Equisetopsida,Caryophyllanae,Caryophyllales,Cactaceae,Cereus,Cereus aethiops,Haw.,Accepted
flowering plants,Equisetopsida,Caryophyllanae,Caryophyllales,Cactaceae,Pilosocereus,Pilosocereus flexibilispinus,P.J. Braun & Esteves,Accepted
flowering plants,Equisetopsida,Caryophyllanae,Caryophyllales,Cactaceae,Malacocarpus,Malacocarpus sellowi,K. Schum.,No opinion
flowering plants,Equisetopsida,Caryophyllanae,Caryophyllales,Cactaceae,Coryphantha,Coryphantha glanduligera,(Otto & A. Dietr.) Lem.,Accepted
flowering plants,Equisetopsida,Caryophyllanae,Caryophyllales,Cactaceae,Opuntia,Opuntia xvaseyi,(J.M. Coult.) Britton & Rose,Accepted
flowering plants,Equisetopsida,Caryophyllanae,Caryophyllales,Cactaceae,Cereus,Cereus monacanthus,Cels ex K.Schum.,No opinion
flowering plants,Equisetopsida,Caryophyllanae,Caryophyllales,Cactaceae,Lobivia,Lobivia leucorhodon,Backeb.,Accepted
flowering plants,Equisetopsida,Caryophyllanae,Caryophyllales,Cactaceae,Frailea,Frailea pygmaea,(FriÄ) Backeb.,Accepted
flowering plants,Equisetopsida,Caryophyllanae,Caryophyllales,Cactaceae,Cylindropuntia,Cylindropuntia molesta,(Engelm. ex J.M. Coult.) Rebman,Accepted
flowering plants,Equisetopsida,Caryophyllanae,Caryophyllales,Cactaceae,Cereus,Cereus nashii,(Britton) Vaupel,Accepted
flowering plants,Equisetopsida,Caryophyllanae,Caryophyllales,Cactaceae,Melocactus,Melocactus matanzanus,León,Accepted
flowering plants,Equisetopsida,Caryophyllanae,Caryophyllales,Cactaceae,Mammillaria,Mammillaria klissingiana,Boed.,Accepted
flowering plants,Equisetopsida,Caryophyllanae,Caryophyllales,Cactaceae,Cochemiea,Cochemiea poselgeri,(Hildm.) Britton & Rose,Accepted
flowering plants,Equisetopsida,Caryophyllanae,Caryophyllales,Cactaceae,Opuntia,Opuntia engelmannii,(L.D. Benson) Parfitt & Pinkava,Accepted
flowering plants,Equisetopsida,Caryophyllanae,Caryophyllales,Cactaceae,Cephalocereus,Cephalocereus senilis,(Haw.) Pfeiff.,Accepted
flowering plants,Equisetopsida,Caryophyllanae,Caryophyllales,Cactaceae,Echinocereus,Echinocereus fendleri,Seitz,No opinion
flowering plants,Equisetopsida,Caryophyllanae,Caryophyllales,Cactaceae,Rhipsalis,Rhipsalis undulata,Pfeiff.,Accepted
flowering plants,Equisetopsida,Caryophyllanae,Caryophyllales,Cactaceae,Pediocactus,Pediocactus peeblesianus,,Accepted
flowering plants,Equisetopsida,Caryophyllanae,Caryophyllales,Cactaceae,Turbinicarpus,Turbinicarpus saueri,Matusz. & Å nicer,No opinion
flowering plants,Equisetopsida,Caryophyllanae,Caryophyllales,Cactaceae,Pereskia,Pereskia kellermanii,Rose,No opinion
flowering plants,Equisetopsida,Caryophyllanae,Caryophyllales,Cactaceae,Echinopsis,Echinopsis smrziana,Backeb.,Accepted
flowering plants,Equisetopsida,Caryophyllanae,Caryophyllales,Cactaceae,Eriosyce,Eriosyce aurata,(Pfeiff.) Backeb.,Accepted
flowering plants,Equisetopsida,Caryophyllanae,Caryophyllales,Cactaceae,Mammillaria,Mammillaria tropica,Repp.,No opinion
flowering plants,Equisetopsida,Caryophyllanae,Caryophyllales,Cactaceae,Opuntia,Opuntia tuberculata,Haw.,No opinion
flowering plants,Equisetopsida,Caryophyllanae,Caryophyllales,Cactaceae,Acanthocalycium,Acanthocalycium thionanthum,(Speg.) Backeb.,Accepted
flowering plants,Equisetopsida,Caryophyllanae,Caryophyllales,Cactaceae,Rauhocereus,Rauhocereus riosaniensis,Backeb.,Accepted
flowering plants,Equisetopsida,Caryophyllanae,Caryophyllales,Cactaceae,Cleistocactus,Cleistocactus tominensis,(Weing.) Backeb.,Accepted
flowering plants,Equisetopsida,Caryophyllanae,Caryophyllales,Cactaceae,Pfeiffera,Pfeiffera paranganiensis,(Cárdenas) P.V. Heath,Accepted
flowering plants,Equisetopsida,Caryophyllanae,Caryophyllales,Cactaceae,Echinocereus,Echinocereus polyacanthus,(Regel) N.P.Taylor,Accepted
flowering plants,Equisetopsida,Caryophyllanae,Caryophyllales,Cactaceae,Melocactus,Melocactus oreas,Miq.,Accepted
flowering plants,Equisetopsida,Caryophyllanae,Caryophyllales,Cactaceae,Opuntia,Opuntia palmadora,Britton & Rose,Accepted
flowering plants,Equisetopsida,Caryophyllanae,Caryophyllales,Cactaceae,Epiphyllum,Epiphyllum macropterum,(Lem.) Britton & Rose,Accepted
flowering plants,Equisetopsida,Caryophyllanae,Caryophyllales,Cactaceae,Echinocereus,Echinocereus triglochidiatus,L.D.Benson,Accepted
flowering plants,Equisetopsida,Caryophyllanae,Caryophyllales,Cactaceae,Maihueniopsis,Maihueniopsis mandragora,(Backeb.) F. Ritter,No opinion
flowering plants,Equisetopsida,Caryophyllanae,Caryophyllales,Cactaceae,Echinocereus,Echinocereus bristolii,W.T. Marshall,Accepted
flowering plants,Equisetopsida,Caryophyllanae,Caryophyllales,Cactaceae,Trichocereus,Trichocereus tarijensis,(Vaupel) Werderm.,Accepted
flowering plants,Equisetopsida,Caryophyllanae,Caryophyllales,Cactaceae,Opuntia,Opuntia megarhiza,Rose,Accepted
flowering plants,Equisetopsida,Caryophyllanae,Caryophyllales,Cactaceae,Turbinicarpus,Turbinicarpus saueri,(Schlange) Lüthy,Accepted
flowering plants,Equisetopsida,Caryophyllanae,Caryophyllales,Cactaceae,Eriosyce,Eriosyce recondita,(F.Ritter) Katt.,Accepted
flowering plants,Equisetopsida,Caryophyllanae,Caryophyllales,Cactaceae,Opuntia,Opuntia scheeri,F.A.C. Weber,Accepted
flowering plants,Equisetopsida,Caryophyllanae,Caryophyllales,Cactaceae,Opuntia,Opuntia basilaris,(Griffiths) Munz,Accepted
flowering plants,Equisetopsida,Caryophyllanae,Caryophyllales,Cactaceae,Pilosocereus,Pilosocereus gruberi,Schatzl & H.Till,No opinion
flowering plants,Equisetopsida,Caryophyllanae,Caryophyllales,Cactaceae,Tephrocactus,Tephrocactus geometricus,(A. Cast.) Backeb.,Accepted
flowering plants,Equisetopsida,Caryophyllanae,Caryophyllales,Cactaceae,Opuntia,Opuntia bravoana,Baxter,Accepted
flowering plants,Equisetopsida,Caryophyllanae,Caryophyllales,Cactaceae,Mammillaria,Mammillaria pachycylindrica,Backeb.,Accepted
flowering plants,Equisetopsida,Caryophyllanae,Caryophyllales,Cactaceae,Eriosyce,Eriosyce subgibbosa,(Haw.) Katt.,Accepted
flowering plants,Equisetopsida,Caryophyllanae,Caryophyllales,Cactaceae,Pereskia,Pereskia braziliensis,Pfeiff.,No opinion
flowering plants,Equisetopsida,Caryophyllanae,Caryophyllales,Cactaceae,Gymnocalycium,Gymnocalycium spegazzinii,(F. Ritter) R. Kiesling & Metzing,Accepted
flowering plants,Equisetopsida,Caryophyllanae,Caryophyllales,Cactaceae,Parodia,Parodia werneri,,Accepted
flowering plants,Equisetopsida,Caryophyllanae,Caryophyllales,Cactaceae,Melocactus,Melocactus harlowii,(Britton & Rose) Vaupel,Accepted
flowering plants,Equisetopsida,Caryophyllanae,Caryophyllales,Cactaceae,Lobivia,Lobivia chrysochete,(Werderm.) Wessner,Accepted
flowering plants,Equisetopsida,Caryophyllanae,Caryophyllales,Cactaceae,Epithelantha,Epithelantha micromeris,(Backeb.) Glass,Accepted
flowering plants,Equisetopsida,Caryophyllanae,Caryophyllales,Cactaceae,Mammillaria,Mammillaria heyderi,(Rose) D.R. Hunt,Accepted
flowering plants,Equisetopsida,Caryophyllanae,Caryophyllales,Cactaceae,Coryphantha,Coryphantha werdermannii,Boed.,Accepted
flowering plants,Equisetopsida,Caryophyllanae,Caryophyllales,Cactaceae,Ferocactus,Ferocactus haematacanthus,(Salm-Dyck) Bravo,Accepted
flowering plants,Equisetopsida,Caryophyllanae,Caryophyllales,Cactaceae,Coryphantha,Coryphantha salm-dyckiana,(Scheer ex Salm-Dyck) Britton & Rose,Accepted
flowering plants,Equisetopsida,Caryophyllanae,Caryophyllales,Cactaceae,Cylindropuntia,Cylindropuntia ganderi,(C.B. Wolf) J. Rebman,Accepted
flowering plants,Equisetopsida,Caryophyllanae,Caryophyllales,Cactaceae,Sulcorebutia,Sulcorebutia vargasii,Diers & Krahn,Accepted
flowering plants,Equisetopsida,Caryophyllanae,Caryophyllales,Cactaceae,Opuntia,Opuntia erectoclada,Backeb.,Accepted
flowering plants,Equisetopsida,Caryophyllanae,Caryophyllales,Cactaceae,Opuntia,Opuntia tomentosa,Salm-Dyck,Accepted
flowering plants,Equisetopsida,Caryophyllanae,Caryophyllales,Cactaceae,Thelocactus,Thelocactus tulensis,(Sánchez-Mej. & A.B. Lau) E.F. Anderson,Accepted
flowering plants,Equisetopsida,Caryophyllanae,Caryophyllales,Cactaceae,Eriosyce,Eriosyce umadeave,(Werderm.) Katt.,Accepted
flowering plants,Equisetopsida,Caryophyllanae,Caryophyllales,Cactaceae,Ferocactus,Ferocactus cylindraceus,(Engelm.) N.P. Taylor,Accepted
flowering plants,Equisetopsida,Caryophyllanae,Caryophyllales,Cactaceae,Cactus,Cactus krameri,(Muehlenpf.) Kuntze,Accepted
flowering plants,Equisetopsida,Caryophyllanae,Caryophyllales,Cactaceae,Cactus,Cactus fellneri,(Ehrenb.) Kuntze,Accepted
flowering plants,Equisetopsida,Caryophyllanae,Caryophyllales,Cactaceae,Weberbauerocereus,Weberbauerocereus callanus,Hutchison,No opinion
flowering plants,Equisetopsida,Caryophyllanae,Caryophyllales,Cactaceae,Pilosocereus,Pilosocereus pachycladus,F. Ritter,Accepted
flowering plants,Equisetopsida,Caryophyllanae,Caryophyllales,Cactaceae,Cereus,Cereus huilunchu,Cárdenas,Accepted
flowering plants,Equisetopsida,Caryophyllanae,Caryophyllales,Cactaceae,Opuntia,Opuntia rugosa,Griffiths,No opinion
flowering plants,Equisetopsida,Caryophyllanae,Caryophyllales,Cactaceae,Mammillaria,Mammillaria fittkaui,,Accepted
flowering plants,Equisetopsida,Caryophyllanae,Caryophyllales,Cactaceae,Echinocereus,Echinocereus viridiflorus,(L.D. Benson) W. Blum & Mich. Lange,Accepted
flowering plants,Equisetopsida,Caryophyllanae,Caryophyllales,Cactaceae,Tacinga,Tacinga subcylindrica,(M.Machado & N.P.Taylor) M.Machado & N.P.Taylor,No opinion
flowering plants,Equisetopsida,Caryophyllanae,Caryophyllales,Cactaceae,Rhipsalis,Rhipsalis funalis,Salm-Dyck,No opinion
flowering plants,Equisetopsida,Caryophyllanae,Caryophyllales,Cactaceae,Echinopsis,Echinopsis mieckleyi,Rud. Mey.,Accepted
flowering plants,Equisetopsida,Caryophyllanae,Caryophyllales,Cactaceae,Austrocylindropuntia,Austrocylindropuntia floccosa,(Salm-Dyck) F. Ritter,Accepted
flowering plants,Equisetopsida,Caryophyllanae,Caryophyllales,Cactaceae,Melocactus,Melocactus horridus,,No opinion
flowering plants,Equisetopsida,Caryophyllanae,Caryophyllales,Cactaceae,Copiapoa,Copiapoa echinoides,(Lem.) Britton & Rose,Accepted
flowering plants,Equisetopsida,Caryophyllanae,Caryophyllales,Cactaceae,Echinocereus,Echinocereus boyce-thompsonii,Orcutt,Accepted
flowering plants,Equisetopsida,Caryophyllanae,Caryophyllales,Cactaceae,Trichocereus,Trichocereus narvaecensis,Cárdenas,Accepted
flowering plants,Equisetopsida,Caryophyllanae,Caryophyllales,Cactaceae,Cleistocactus,Cleistocactus baumannii,(F. Ritter) P.J. Braun & Esteves,Accepted
flowering plants,Equisetopsida,Caryophyllanae,Caryophyllales,Cactaceae,Turbinicarpus,Turbinicarpus pseudopectinatus,(Backeb.) Glass & R.A. Foster,Accepted
flowering plants,Equisetopsida,Caryophyllanae,Caryophyllales,Cactaceae,Parodia,Parodia leninghausii,(Haage) F.H. Brandt,Accepted
flowering plants,Equisetopsida,Caryophyllanae,Caryophyllales,Cactaceae,Pereskia,Pereskia marcanoi,Areces,Accepted
flowering plants,Equisetopsida,Caryophyllanae,Caryophyllales,Cactaceae,Cylindropuntia,Cylindropuntia fulgida,(Engelm.) F.M. Knuth,Accepted
flowering plants,Equisetopsida,Caryophyllanae,Caryophyllales,Cactaceae,Gymnocalycium,Gymnocalycium stellatum,Speg.,Accepted
flowering plants,Equisetopsida,Caryophyllanae,Caryophyllales,Cactaceae,Stenocereus,Stenocereus hystrix,(Haw.) Buxb.,Accepted
flowering plants,Equisetopsida,Caryophyllanae,Caryophyllales,Cactaceae,Schlumbergera,Schlumbergera opuntioides,(Loefgr. & Dusén) D.R. Hunt,Accepted
flowering plants,Equisetopsida,Caryophyllanae,Caryophyllales,Cactaceae,Rhipsalis,Rhipsalis triangularis,Werderm.,Accepted
flowering plants,Equisetopsida,Caryophyllanae,Caryophyllales,Cactaceae,Melocactus,Melocactus bellavistensis,Rauh & Backeb.,Accepted
flowering plants,Equisetopsida,Caryophyllanae,Caryophyllales,Cactaceae,Uebelmannia,Uebelmannia gummifera,(Backeb. & Voll) Buining,Accepted
flowering plants,Equisetopsida,Caryophyllanae,Caryophyllales,Cactaceae,Peniocereus,Peniocereus striatus,(Brandegee) Buxbaum,Accepted
flowering plants,Equisetopsida,Caryophyllanae,Caryophyllales,Cactaceae,Echinocereus,Echinocereus berlandieri,,No opinion
flowering plants,Equisetopsida,Caryophyllanae,Caryophyllales,Cactaceae,Coryphantha,Coryphantha delaetiana,A. Berger,Accepted
flowering plants,Equisetopsida,Caryophyllanae,Caryophyllales,Cactaceae,Stenocereus,Stenocereus gummosus,(Engelm.) A.C. Gibson & K.E. Horak,Accepted
flowering plants,Equisetopsida,Caryophyllanae,Caryophyllales,Cactaceae,Cylindropuntia,Cylindropuntia tetracantha,(Toumey) F.M. Knuth,No opinion
flowering plants,Equisetopsida,Caryophyllanae,Caryophyllales,Cactaceae,Pyrrhocactus,Pyrrhocactus garaventai,(F. Ritter) F. Ritter,Accepted
flowering plants,Equisetopsida,Caryophyllanae,Caryophyllales,Cactaceae,Echinopsis,Echinopsis lamprochlora,(Lem.) H.Friedrich & Glaetzle,Accepted
flowering plants,Equisetopsida,Caryophyllanae,Caryophyllales,Cactaceae,Pilosocereus,Pilosocereus diersianus,(Esteves) P.J. Braun,Accepted
flowering plants,Equisetopsida,Caryophyllanae,Caryophyllales,Cactaceae,Echinocereus,Echinocereus armatus,(Poselger) A. Berger,Accepted
flowering plants,Equisetopsida,Caryophyllanae,Caryophyllales,Cactaceae,Harrisia,Harrisia simpsonii,Small ex Britton & Rose,Accepted
flowering plants,Equisetopsida,Caryophyllanae,Caryophyllales,Cactaceae,Coryphantha,Coryphantha durangensis,(Runge ex K. Schum.) Britton & Rose,Accepted
flowering plants,Equisetopsida,Caryophyllanae,Caryophyllales,Cactaceae,Opuntia,Opuntia infesta,(F. Ritter) Iliff,Accepted
flowering plants,Equisetopsida,Caryophyllanae,Caryophyllales,Cactaceae,Escobaria,Escobaria duncanii,(Hester) Backeb.,Accepted
flowering plants,Equisetopsida,Caryophyllanae,Caryophyllales,Cactaceae,Escobaria,Escobaria orcuttii,Boed.,Accepted
flowering plants,Equisetopsida,Caryophyllanae,Caryophyllales,Cactaceae,Melocactus,Melocactus stramineus,,No opinion
flowering plants,Equisetopsida,Caryophyllanae,Caryophyllales,Cactaceae,Opuntia,Opuntia oricola,Philbrick,Accepted
flowering plants,Equisetopsida,Caryophyllanae,Caryophyllales,Cactaceae,Nopalea,Nopalea gaumeri,Britton & Rose,Accepted
flowering plants,Equisetopsida,Caryophyllanae,Caryophyllales,Cactaceae,Opuntia,Opuntia laetevirens,Backeb.,No opinion
flowering plants,Equisetopsida,Caryophyllanae,Caryophyllales,Cactaceae,Opuntia,Opuntia bentonii,Griffiths,Accepted
flowering plants,Equisetopsida,Caryophyllanae,Caryophyllales,Cactaceae,Opuntia,Opuntia beckeriana,K.Schum.,No opinion
flowering plants,Equisetopsida,Caryophyllanae,Caryophyllales,Cactaceae,Eriosyce,Eriosyce confinis,(F.Ritter) Katt.,Accepted
flowering plants,Equisetopsida,Caryophyllanae,Caryophyllales,Cactaceae,Opuntia,Opuntia falcata,Ekman & Werderm.,Accepted
flowering plants,Equisetopsida,Caryophyllanae,Caryophyllales,Cactaceae,Parodia,Parodia carrerana,Cárdenas,Accepted
flowering plants,Equisetopsida,Caryophyllanae,Caryophyllales,Cactaceae,Coryphantha,Coryphantha durangensis,,Accepted
flowering plants,Equisetopsida,Caryophyllanae,Caryophyllales,Cactaceae,Mammillaria,Mammillaria palmeri,(J.M. Coult.) Boed.,No opinion
flowering plants,Equisetopsida,Caryophyllanae,Caryophyllales,Cactaceae,Haageocereus,Haageocereus chryseus,F. Ritter,Accepted
flowering plants,Equisetopsida,Caryophyllanae,Caryophyllales,Cactaceae,Mammillaria,Mammillaria zublerae,Repp.,Accepted
flowering plants,Equisetopsida,Caryophyllanae,Caryophyllales,Cactaceae,Frailea,Frailea gracillima,(Lem.) Britton & Rose,Accepted
flowering plants,Equisetopsida,Caryophyllanae,Caryophyllales,Cactaceae,Opuntia,Opuntia microdasys,(Engelm.) U. Guzmán & Mandujano,Accepted
flowering plants,Equisetopsida,Caryophyllanae,Caryophyllales,Cactaceae,Opuntia,Opuntia berteroi,(Colla) A.E.Hoffm.,No opinion
flowering plants,Equisetopsida,Caryophyllanae,Caryophyllales,Cactaceae,Maihueniopsis,Maihueniopsis atacamensis,(Phil.) F. Ritter,Accepted
flowering plants,Equisetopsida,Caryophyllanae,Caryophyllales,Cactaceae,Acanthocephala,Acanthocephala haselbergii,(F. Haage ex Rümpler) Guiggi,Accepted
flowering plants,Equisetopsida,Caryophyllanae,Caryophyllales,Cactaceae,Echinocactus,Echinocactus dichroacanthus,Mart. ex Pfeiff.,No opinion
flowering plants,Equisetopsida,Caryophyllanae,Caryophyllales,Cactaceae,Mammillaria,Mammillaria boolii,G.E. Linds.,Accepted
flowering plants,Equisetopsida,Caryophyllanae,Caryophyllales,Cactaceae,Oreocereus,Oreocereus tacnaensis,F. Ritter,Accepted
flowering plants,Equisetopsida,Caryophyllanae,Caryophyllales,Cactaceae,Cochiseia,Cochiseia robbinsorum,W.H.Earle,No opinion
flowering plants,Equisetopsida,Caryophyllanae,Caryophyllales,Cactaceae,Rebutia,Rebutia fidaiana,(Cárdenas) D.R. Hunt,Accepted
flowering plants,Equisetopsida,Caryophyllanae,Caryophyllales,Cactaceae,Echinocereus,Echinocereus nicholii,(L.D. Benson) B.D. Parfitt,Accepted
flowering plants,Equisetopsida,Caryophyllanae,Caryophyllales,Cactaceae,Parodia,Parodia curvispina,(F. Ritter) D.R. Hunt,Accepted
flowering plants,Equisetopsida,Caryophyllanae,Caryophyllales,Cactaceae,Mammillaria,Mammillaria mendeliana,(Bravo) Werderm.,No opinion
flowering plants,Equisetopsida,Caryophyllanae,Caryophyllales,Cactaceae,Browningia,Browningia columnaris,F. Ritter,Accepted
flowering plants,Equisetopsida,Caryophyllanae,Caryophyllales,Cactaceae,Praecereus,Praecereus euchlorus,(F.A.C. Weber ex K. Schum.) N.P. Taylor,Accepted
flowering plants,Equisetopsida,Caryophyllanae,Caryophyllales,Cactaceae,Arrojadoa,Arrojadoa rhodantha,(P.J. Braun & Heimen) P.J. Braun & Esteves,Accepted
flowering plants,Equisetopsida,Caryophyllanae,Caryophyllales,Cactaceae,Turbinicarpus,Turbinicarpus saueri,(Boed.) John & Riha,Accepted
flowering plants,Equisetopsida,Caryophyllanae,Caryophyllales,Cactaceae,Mammillaria,Mammillaria grahamii,Engelm.,Accepted
flowering plants,Equisetopsida,Caryophyllanae,Caryophyllales,Cactaceae,Trichocereus,Trichocereus vasquezii,Rausch,Accepted
flowering plants,Equisetopsida,Caryophyllanae,Caryophyllales,Cactaceae,Praecereus,Praecereus euchlorus,(K. Schum. ex Vaupel) N.P. Taylor,Accepted
flowering plants,Equisetopsida,Caryophyllanae,Caryophyllales,Cactaceae,Sulcorebutia,Sulcorebutia azurduyensis,"Gertel, Jucker & J. de Vries",Accepted
flowering plants,Equisetopsida,Caryophyllanae,Caryophyllales,Cactaceae,Opuntia,Opuntia wetmorei,Britton & Rose,Accepted
flowering plants,Equisetopsida,Caryophyllanae,Caryophyllales,Cactaceae,Gymnocalycium,Gymnocalycium erinaceum,J.G. Lamb.,Accepted
flowering plants,Equisetopsida,Caryophyllanae,Caryophyllales,Cactaceae,Eriosyce,Eriosyce ihotzkyanae,F. Ritter,Accepted
flowering plants,Equisetopsida,Caryophyllanae,Caryophyllales,Cactaceae,Sulcorebutia,Sulcorebutia tarabucoensis,Rausch,Accepted
flowering plants,Equisetopsida,Caryophyllanae,Caryophyllales,Cactaceae,Pyrrhocactus,Pyrrhocactus andreaeanus,(Backeb.) F.Ritter,No opinion
flowering plants,Equisetopsida,Caryophyllanae,Caryophyllales,Cactaceae,Mammillaria,Mammillaria winterae,,Accepted
flowering plants,Equisetopsida,Caryophyllanae,Caryophyllales,Cactaceae,Opuntia,Opuntia albicarpa,Scheinvar,No opinion
flowering plants,Equisetopsida,Caryophyllanae,Caryophyllales,Cactaceae,Cylindropuntia,Cylindropuntia ganderi,(Rebman) U.Guzmán,Accepted
flowering plants,Equisetopsida,Caryophyllanae,Caryophyllales,Cactaceae,Weingartia,Weingartia lanata,F. Ritter,Accepted
flowering plants,Equisetopsida,Caryophyllanae,Caryophyllales,Cactaceae,Lobivia,Lobivia cinnabarina,(Hook.) Britton & Rose,Accepted
flowering plants,Equisetopsida,Caryophyllanae,Caryophyllales,Cactaceae,Echinopsis,Echinopsis silvestrii,Speg.,Accepted
flowering plants,Equisetopsida,Caryophyllanae,Caryophyllales,Cactaceae,Malacocarpus,Malacocarpus arechavaletae,A.Berger,No opinion
flowering plants,Equisetopsida,Caryophyllanae,Caryophyllales,Cactaceae,Lobivia,Lobivia silvestrii,(Speg.) G.D. Rowley,Accepted
flowering plants,Equisetopsida,Caryophyllanae,Caryophyllales,Cactaceae,Eriosyce,Eriosyce occulta,Katt.,Accepted
flowering plants,Equisetopsida,Caryophyllanae,Caryophyllales,Cactaceae,Corryocactus,Corryocactus ayacuchoensis,Rauh & Backeb.,Accepted
flowering plants,Equisetopsida,Caryophyllanae,Caryophyllales,Cactaceae,Parodia,Parodia allosiphon,(Marchesi) N.P. Taylor,Accepted
flowering plants,Equisetopsida,Caryophyllanae,Caryophyllales,Cactaceae,Cylindropuntia,Cylindropuntia thurberi,(Engelm.) F.M. Knuth,Accepted
flowering plants,Equisetopsida,Caryophyllanae,Caryophyllales,Cactaceae,Coryphantha,Coryphantha sneedii,(S. Brack & K.D. Heil) A.D. Zimmerman,Accepted
flowering plants,Equisetopsida,Caryophyllanae,Caryophyllales,Cactaceae,Haageocereus,Haageocereus zangalensis,F. Ritter,Accepted
flowering plants,Equisetopsida,Caryophyllanae,Caryophyllales,Cactaceae,Armatocereus,Armatocereus matucanensis,Backeb. ex A.W. Hill,Accepted
flowering plants,Equisetopsida,Caryophyllanae,Caryophyllales,Cactaceae,Neobuxbaumia,Neobuxbaumia euphorbioides,(Haw.) Buxb.,Accepted
flowering plants,Equisetopsida,Caryophyllanae,Caryophyllales,Cactaceae,Frailea,Frailea curvispina,Buining & Brederoo,Accepted
flowering plants,Equisetopsida,Caryophyllanae,Caryophyllales,Cactaceae,Cleistocactus,Cleistocactus grossei,(Woodson) Backeb.,Accepted
flowering plants,Equisetopsida,Caryophyllanae,Caryophyllales,Cactaceae,Pilosocereus,Pilosocereus royenii,(L.) Byles & G.D.Rowley,Accepted
flowering plants,Equisetopsida,Caryophyllanae,Caryophyllales,Cactaceae,Cactus,Cactus niger,(Ehrenb.) Kuntze,Accepted
flowering plants,Equisetopsida,Caryophyllanae,Caryophyllales,Cactaceae,Opuntia,Opuntia cumulicola,Small,Accepted
flowering plants,Equisetopsida,Caryophyllanae,Caryophyllales,Cactaceae,Escobaria,Escobaria aguirreana,(Glass & R.A.Foster) N.P.Taylor,Accepted
flowering plants,Equisetopsida,Caryophyllanae,Caryophyllales,Cactaceae,Eriocereus,Eriocereus tephracanthus,(Link & Otto ex Steud.) Riccob.,No opinion
flowering plants,Equisetopsida,Caryophyllanae,Caryophyllales,Cactaceae,Melocactus,Melocactus pachyacanthus,N.P. Taylor,Accepted
flowering plants,Equisetopsida,Caryophyllanae,Caryophyllales,Cactaceae,Echinocereus,Echinocereus triglochidiatus,Engelm. ex W.T. Marshall,Accepted
flowering plants,Equisetopsida,Caryophyllanae,Caryophyllales,Cactaceae,Uebelmannia,Uebelmannia pectinifera,Buining,Accepted
flowering plants,Equisetopsida,Caryophyllanae,Caryophyllales,Cactaceae,Opuntia,Opuntia elisae,D.Guillot & P.Van der Meer,No opinion
flowering plants,Equisetopsida,Caryophyllanae,Caryophyllales,Cactaceae,Pilocereus,Pilocereus houlletianum,Lem.,No opinion
flowering plants,Equisetopsida,Caryophyllanae,Caryophyllales,Cactaceae,Mammillaria,Mammillaria barbata,Engelm.,Accepted
flowering plants,Equisetopsida,Caryophyllanae,Caryophyllales,Cactaceae,Parodia,Parodia subterranea,F. Ritter,Accepted
flowering plants,Equisetopsida,Caryophyllanae,Caryophyllales,Cactaceae,Cleistocactus,Cleistocactus granditessellatus,(Rauh & Backeb.) Leuenb.,Accepted
flowering plants,Equisetopsida,Caryophyllanae,Caryophyllales,Cactaceae,Echinocereus,Echinocereus apachensis,W.Blum & Rutow,Accepted
flowering plants,Equisetopsida,Caryophyllanae,Caryophyllales,Cactaceae,Harrisia,Harrisia caymanensis,A.R. Franck,Accepted
flowering plants,Equisetopsida,Caryophyllanae,Caryophyllales,Cactaceae,Echinocereus,Echinocereus pulchellus,(Mart.) Seitz,No opinion
flowering plants,Equisetopsida,Caryophyllanae,Caryophyllales,Cactaceae,Maihuenia,Maihuenia patagonica,(Phil.) Speg.,Accepted
flowering plants,Equisetopsida,Caryophyllanae,Caryophyllales,Cactaceae,Echinocereus,Echinocereus longisetus,,Accepted
flowering plants,Equisetopsida,Caryophyllanae,Caryophyllales,Cactaceae,Mammillaria,Mammillaria pectinifera,F.A.C. Weber,Accepted
flowering plants,Equisetopsida,Caryophyllanae,Caryophyllales,Cactaceae,Echinopsis,Echinopsis mamillosa,Gürke,Accepted
flowering plants,Equisetopsida,Caryophyllanae,Caryophyllales,Cactaceae,Ferocactus,Ferocactus emoryi,(Engelm.) N.P.Taylor,Accepted
flowering plants,Equisetopsida,Caryophyllanae,Caryophyllales,Cactaceae,Echinocereus,Echinocereus pectinatus,L.D. Benson,Accepted
flowering plants,Equisetopsida,Caryophyllanae,Caryophyllales,Cactaceae,Bisnaga,Bisnaga macrodisca,(J. Meyrán) Doweld,Accepted
flowering plants,Equisetopsida,Caryophyllanae,Caryophyllales,Cactaceae,Setiechinopsis,Setiechinopsis mirabilis,(Speg.) Backeb. ex de Haas,Accepted
flowering plants,Equisetopsida,Caryophyllanae,Caryophyllales,Cactaceae,Cephalocereus,Cephalocereus mezcalaensis,Bravo,Accepted
flowering plants,Equisetopsida,Caryophyllanae,Caryophyllales,Cactaceae,Epiphyllum,Epiphyllum pumilum,Britton & Rose,Accepted
flowering plants,Equisetopsida,Caryophyllanae,Caryophyllales,Cactaceae,Epiphyllum,Epiphyllum crenatum,(Bavo) U.Guzmán,Accepted
flowering plants,Equisetopsida,Caryophyllanae,Caryophyllales,Cactaceae,Micranthocereus,Micranthocereus auriazureus,Buining & Brederoo,Accepted
flowering plants,Equisetopsida,Caryophyllanae,Caryophyllales,Cactaceae,Austrocylindropuntia,Austrocylindropuntia vestita,(Salm-Dyck) Backeb.,Accepted
flowering plants,Equisetopsida,Caryophyllanae,Caryophyllales,Cactaceae,Gymnocalycium,Gymnocalycium schroederianum,Osten,Accepted
flowering plants,Equisetopsida,Caryophyllanae,Caryophyllales,Cactaceae,Echinocereus,Echinocereus poselgeri,Lem.,Accepted
flowering plants,Equisetopsida,Caryophyllanae,Caryophyllales,Cactaceae,Lobivia,Lobivia nigricans,Wessner,Accepted
flowering plants,Equisetopsida,Caryophyllanae,Caryophyllales,Cactaceae,Frailea,Frailea grahliana,(Buining & Brederoo) Prestlé,Accepted
flowering plants,Equisetopsida,Caryophyllanae,Caryophyllales,Cactaceae,Cylindropuntia,Cylindropuntia echinocarpa,(Engelm. & J.M. Bigelow) F.M. Knuth,Accepted
flowering plants,Equisetopsida,Caryophyllanae,Caryophyllales,Cactaceae,Rhipsalis,Rhipsalis lumbricoides,(K. Schum.) F. Ritter,Accepted
flowering plants,Equisetopsida,Caryophyllanae,Caryophyllales,Cactaceae,Mammillaria,Mammillaria calcarata,Engelm.,No opinion
flowering plants,Equisetopsida,Caryophyllanae,Caryophyllales,Cactaceae,Wilcoxia,Wilcoxia viperina,(Bravo) Bravo,Accepted
flowering plants,Equisetopsida,Caryophyllanae,Caryophyllales,Cactaceae,Stenocereus,Stenocereus laevigatus,(Salm-Dyck) Buxb.,Accepted
flowering plants,Equisetopsida,Caryophyllanae,Caryophyllales,Cactaceae,Matucana,Matucana aurantiaca,(Vaupel) Buxb.,Accepted
flowering plants,Equisetopsida,Caryophyllanae,Caryophyllales,Cactaceae,Discocactus,Discocactus heptacanthus,(Buining & Brederoo) Taylor & Zappi,Accepted
flowering plants,Equisetopsida,Caryophyllanae,Caryophyllales,Cactaceae,Echinopsis,Echinopsis albispinosa,K. Schum.,Accepted
flowering plants,Equisetopsida,Caryophyllanae,Caryophyllales,Cactaceae,Opuntia,Opuntia cubensis,Britton & Rose,Accepted
flowering plants,Equisetopsida,Caryophyllanae,Caryophyllales,Cactaceae,Pilosocereus,Pilosocereus piauhyensis,(Gürke) Byles & G.D. Rowley,Accepted
flowering plants,Equisetopsida,Caryophyllanae,Caryophyllales,Cactaceae,Opuntia,Opuntia cylindrica,(Lam.) DC.,Accepted
flowering plants,Equisetopsida,Caryophyllanae,Caryophyllales,Cactaceae,Parodia,Parodia gaucha,M. Machado & Larocca,Accepted
flowering plants,Equisetopsida,Caryophyllanae,Caryophyllales,Cactaceae,Pterocactus,Pterocactus tuberosus,(Ruiz Leal ex R. Kiesling) R. Kiesling,Accepted
flowering plants,Equisetopsida,Caryophyllanae,Caryophyllales,Cactaceae,Thelocactus,Thelocactus rinconensis,(Poselg.) Britton & Rose,Accepted
flowering plants,Equisetopsida,Caryophyllanae,Caryophyllales,Cactaceae,Opuntia,Opuntia nopalilla,Karw. ex Salm-Dyck,No opinion
flowering plants,Equisetopsida,Caryophyllanae,Caryophyllales,Cactaceae,Opuntia,Opuntia lasiacantha,Pfeiff.,Accepted
flowering plants,Equisetopsida,Caryophyllanae,Caryophyllales,Cactaceae,Melocactus,Melocactus zehntneri,(Britton & Rose) Luetzelb.,Accepted
flowering plants,Equisetopsida,Caryophyllanae,Caryophyllales,Cactaceae,Mammillaria,Mammillaria columbiana,(Areces) Lodé,Accepted
flowering plants,Equisetopsida,Caryophyllanae,Caryophyllales,Cactaceae,Opuntia,Opuntia streptacantha,Lem.,Accepted
flowering plants,Equisetopsida,Caryophyllanae,Caryophyllales,Cactaceae,Parodia,Parodia columnaris,F. Ritter,Accepted
flowering plants,Equisetopsida,Caryophyllanae,Caryophyllales,Cactaceae,Weberbauerocereus,Weberbauerocereus cuzcoensis,KníÅ¾e,Accepted
flowering plants,Equisetopsida,Caryophyllanae,Caryophyllales,Cactaceae,Melocactus,Melocactus pescaderensis,Xhonneux & Fern.Alonso,No opinion
flowering plants,Equisetopsida,Caryophyllanae,Caryophyllales,Cactaceae,Rhipsalis,Rhipsalis paradoxa,,Accepted
flowering plants,Equisetopsida,Caryophyllanae,Caryophyllales,Cactaceae,Lobivia,Lobivia maximiliana,(Cárdenas) Rausch,Accepted
flowering plants,Equisetopsida,Caryophyllanae,Caryophyllales,Cactaceae,Cephalocereus,Cephalocereus totolapensis,(Bravo & T. MacDoug.) Buxb.,Accepted
flowering plants,Equisetopsida,Caryophyllanae,Caryophyllales,Cactaceae,Trichocereus,Trichocereus rowleyi,(Friedrich) R. Kiesling,Accepted
flowering plants,Equisetopsida,Caryophyllanae,Caryophyllales,Cactaceae,Opuntia,Opuntia subsphaerocarpa,Speg.,Accepted
flowering plants,Equisetopsida,Caryophyllanae,Caryophyllales,Cactaceae,Parodia,Parodia tredecimcostata,F. Ritter,Accepted
flowering plants,Equisetopsida,Caryophyllanae,Caryophyllales,Cactaceae,Opuntia,Opuntia santarita,(Griffiths & Hare) Rose,Accepted
flowering plants,Equisetopsida,Caryophyllanae,Caryophyllales,Cactaceae,Eriosyce,Eriosyce ceratistes,Backeb.,Accepted
flowering plants,Equisetopsida,Caryophyllanae,Caryophyllales,Cactaceae,Corryocactus,Corryocactus melaleucus,F. Ritter,Accepted
flowering plants,Equisetopsida,Caryophyllanae,Caryophyllales,Cactaceae,Mammillaria,Mammillaria voburnensis,(Quehl) Repp.,Accepted
flowering plants,Equisetopsida,Caryophyllanae,Caryophyllales,Cactaceae,Gymnocalycium,Gymnocalycium damsii,Backeb.,No opinion
flowering plants,Equisetopsida,Caryophyllanae,Caryophyllales,Cactaceae,Mammillaria,Mammillaria voburnensis,(Britton & Rose) Repp.,Accepted
flowering plants,Equisetopsida,Caryophyllanae,Caryophyllales,Cactaceae,Opuntia,Opuntia pottsii,Salm-Dyck,Accepted
flowering plants,Equisetopsida,Caryophyllanae,Caryophyllales,Cactaceae,Hariota,Hariota clavata,(Loefgr.) A. Cast.,Accepted
flowering plants,Equisetopsida,Caryophyllanae,Caryophyllales,Cactaceae,Rhipsalis,Rhipsalis juengeri,Barthlott & N.P. Taylor,Accepted
flowering plants,Equisetopsida,Caryophyllanae,Caryophyllales,Cactaceae,Echinocereus,Echinocereus reichenbachii,,Accepted
flowering plants,Equisetopsida,Caryophyllanae,Caryophyllales,Cactaceae,Gymnocalycium,Gymnocalycium rhodantherum,(Boed.) H. Till,Accepted
flowering plants,Equisetopsida,Caryophyllanae,Caryophyllales,Cactaceae,Opuntia,Opuntia erinacea,,Accepted
flowering plants,Equisetopsida,Caryophyllanae,Caryophyllales,Cactaceae,Parodia,Parodia schumanniana,(Nicolai) F.H. Brandt,Accepted
flowering plants,Equisetopsida,Caryophyllanae,Caryophyllales,Cactaceae,Echinocereus,Echinocereus parkeri,,Accepted
flowering plants,Equisetopsida,Caryophyllanae,Caryophyllales,Cactaceae,Harrisia,Harrisia platygona,(Otto) Britton & Rose,Accepted
flowering plants,Equisetopsida,Caryophyllanae,Caryophyllales,Cactaceae,Melocactus,Melocactus oreas,,Accepted
flowering plants,Equisetopsida,Caryophyllanae,Caryophyllales,Cactaceae,Lepismium,Lepismium myosurus,Salm-Dyck,No opinion
flowering plants,Equisetopsida,Caryophyllanae,Caryophyllales,Cactaceae,Rhipsalis,Rhipsalis tonduzii,F.A.C. Weber,Accepted
flowering plants,Equisetopsida,Caryophyllanae,Caryophyllales,Cactaceae,Maihueniopsis,Maihueniopsis nigrispina,(K. Schum.) R. Kiesling,Accepted
flowering plants,Equisetopsida,Caryophyllanae,Caryophyllales,Cactaceae,Pediocactus,Pediocactus nigrispinus,(Hochstätter) Hochstätter,Accepted
flowering plants,Equisetopsida,Caryophyllanae,Caryophyllales,Cactaceae,Copiapoa,Copiapoa coquimbana,(K. Schum.) A.E. Hoffm.,Accepted
flowering plants,Equisetopsida,Caryophyllanae,Caryophyllales,Cactaceae,Tephrocactus,Tephrocactus echinaceus,F. Ritter,Accepted
flowering plants,Equisetopsida,Caryophyllanae,Caryophyllales,Cactaceae,Disocactus,Disocactus nelsonii,(Britton & Rose) Linding.,Accepted
flowering plants,Equisetopsida,Caryophyllanae,Caryophyllales,Cactaceae,Rhipsalis,Rhipsalis mesembryanthoides,Haw.,No opinion
flowering plants,Equisetopsida,Caryophyllanae,Caryophyllales,Cactaceae,Eriosyce,Eriosyce fankhauseri,(F. Ritter) P. C. Guerrero & Helmut Walter,Accepted
flowering plants,Equisetopsida,Caryophyllanae,Caryophyllales,Cactaceae,Opuntia,Opuntia velizii,Lodé,Accepted
flowering plants,Equisetopsida,Caryophyllanae,Caryophyllales,Cactaceae,Opuntia,Opuntia demissa,Griffiths,Accepted
flowering plants,Equisetopsida,Caryophyllanae,Caryophyllales,Cactaceae,Opuntia,Opuntia prasina,Speg.,Accepted
flowering plants,Equisetopsida,Caryophyllanae,Caryophyllales,Cactaceae,Weberocereus,Weberocereus glaber,(Bravo) Doweld,Accepted
flowering plants,Equisetopsida,Caryophyllanae,Caryophyllales,Cactaceae,Stenocereus,Stenocereus gummosus,(Engelm.) A. Gibson & K.E. Horak,Accepted
flowering plants,Equisetopsida,Caryophyllanae,Caryophyllales,Cactaceae,Matucana,Matucana aurantiaca,(F. Ritter) Mottram,Accepted
flowering plants,Equisetopsida,Caryophyllanae,Caryophyllales,Cactaceae,Pachycereus,Pachycereus pecten-aboriginum,(Engelm. ex S. Watson) Britton & Rose,Accepted
flowering plants,Equisetopsida,Caryophyllanae,Caryophyllales,Cactaceae,Echinopsis,Echinopsis clavatus,,No opinion
flowering plants,Equisetopsida,Caryophyllanae,Caryophyllales,Cactaceae,Opuntia,Opuntia boldinghii,Britton & Rose,Accepted
flowering plants,Equisetopsida,Caryophyllanae,Caryophyllales,Cactaceae,Opuntia,Opuntia engelmannii,(Griffiths) U. Guzmán ex Engelm.,Accepted
flowering plants,Equisetopsida,Caryophyllanae,Caryophyllales,Cactaceae,Trichocereus,Trichocereus clavatus,F. Ritter,Accepted
flowering plants,Equisetopsida,Caryophyllanae,Caryophyllales,Cactaceae,Selenicereus,Selenicereus hondurensis,(K.Schum.) Britton & Rose,Accepted
flowering plants,Equisetopsida,Caryophyllanae,Caryophyllales,Cactaceae,Leptocereus,Leptocereus weingartianus,(Hartmann in Dams) Britton & Rose,Accepted
flowering plants,Equisetopsida,Caryophyllanae,Caryophyllales,Cactaceae,Arthrocereus,Arthrocereus glaziovii,(K. Schum.) N.P. Taylor & Zappi,Accepted
flowering plants,Equisetopsida,Caryophyllanae,Caryophyllales,Cactaceae,Grusonia,Grusonia grahamii,(Engelm.) H. Rob.,Accepted
flowering plants,Equisetopsida,Caryophyllanae,Caryophyllales,Cactaceae,Cleistocactus,Cleistocactus crassiserpens,,No opinion
flowering plants,Equisetopsida,Caryophyllanae,Caryophyllales,Cactaceae,Opuntia,Opuntia setigera,(Backeb.) W.T.Marshall,No opinion
flowering plants,Equisetopsida,Caryophyllanae,Caryophyllales,Cactaceae,Gymnocalycium,Gymnocalycium bruchii,Piltz,Accepted
flowering plants,Equisetopsida,Caryophyllanae,Caryophyllales,Cactaceae,Mammillaria,Mammillaria thornberi,Orcutt,Accepted
flowering plants,Equisetopsida,Caryophyllanae,Caryophyllales,Cactaceae,Sclerocactus,Sclerocactus pubispinus,,No opinion
flowering plants,Equisetopsida,Caryophyllanae,Caryophyllales,Cactaceae,Rhipsalis,Rhipsalis baccifera,(K. Schum.) Barthlott,Accepted
flowering plants,Equisetopsida,Caryophyllanae,Caryophyllales,Cactaceae,Mammillaria,Mammillaria glassii,(A.B. Lau) U. Guzmán,Accepted
flowering plants,Equisetopsida,Caryophyllanae,Caryophyllales,Cactaceae,Eriosyce,Eriosyce recondita,,Accepted
flowering plants,Equisetopsida,Caryophyllanae,Caryophyllales,Cactaceae,Gymnocalycium,Gymnocalycium monvillei,(Lem.) Pfeiff. ex Britton & Rose,Accepted
flowering plants,Equisetopsida,Caryophyllanae,Caryophyllales,Cactaceae,Mammillaria,Mammillaria heyderi,(Engelm.) D.R. Hunt,Accepted
flowering plants,Equisetopsida,Caryophyllanae,Caryophyllales,Cactaceae,Ariocarpus,Ariocarpus retusus,,Accepted
flowering plants,Equisetopsida,Caryophyllanae,Caryophyllales,Cactaceae,Mammillaria,Mammillaria albicans,(Britton & Rose) D.R. Hunt,Accepted
flowering plants,Equisetopsida,Caryophyllanae,Caryophyllales,Cactaceae,Schlumbergera,Schlumbergera truncata,(Pfeiff.) Moran,Accepted
flowering plants,Equisetopsida,Caryophyllanae,Caryophyllales,Cactaceae,Aztekium,Aztekium hintonii,Glass & W.A.Fitz Maur.,Accepted
flowering plants,Equisetopsida,Caryophyllanae,Caryophyllales,Cactaceae,Discocactus,Discocactus placentiformis,(Lehm.) K. Schum.,Accepted
flowering plants,Equisetopsida,Caryophyllanae,Caryophyllales,Cactaceae,Notocactus,Notocactus horstii,(F. Ritter) K. Herm,Accepted
flowering plants,Equisetopsida,Caryophyllanae,Caryophyllales,Cactaceae,Echinopsis,Echinopsis chamaecereus,H. Friedrich & Glaetzle,Accepted
flowering plants,Equisetopsida,Caryophyllanae,Caryophyllales,Cactaceae,Pilosocereus,Pilosocereus subsimilis,Rizzini & A. Mattos (pro sp.),No opinion
flowering plants,Equisetopsida,Caryophyllanae,Caryophyllales,Cactaceae,Eriosyce,Eriosyce napina,(F.Ritter) Katt.,Accepted
flowering plants,Equisetopsida,Caryophyllanae,Caryophyllales,Cactaceae,Parodia,Parodia permutata,(F. Ritter) Hofacker,Accepted
flowering plants,Equisetopsida,Caryophyllanae,Caryophyllales,Cactaceae,Pyrrhocactus,Pyrrhocactus confinis,F. Ritter,Accepted
flowering plants,Equisetopsida,Caryophyllanae,Caryophyllales,Cactaceae,Echinomastus,Echinomastus erectocentrus,(W.T. Marshall) Bravo,Accepted
flowering plants,Equisetopsida,Caryophyllanae,Caryophyllales,Cactaceae,Mammillaria,Mammillaria lloydii,(Britton & Rose) Orcutt,Accepted
flowering plants,Equisetopsida,Caryophyllanae,Caryophyllales,Cactaceae,Opuntia,Opuntia feroacantha,Britton & Rose,Accepted
flowering plants,Equisetopsida,Caryophyllanae,Caryophyllales,Cactaceae,Arthrocereus,Arthrocereus melanurus,,Accepted
flowering plants,Equisetopsida,Caryophyllanae,Caryophyllales,Cactaceae,Eriosyce,Eriosyce subgibbosa,,Accepted
flowering plants,Equisetopsida,Caryophyllanae,Caryophyllales,Cactaceae,Mammillaria,Mammillaria ekmanii,Werderm.,Accepted
flowering plants,Equisetopsida,Caryophyllanae,Caryophyllales,Cactaceae,Gymnocalycium,Gymnocalycium capillense,(Schick) Hosseus,Accepted
flowering plants,Equisetopsida,Caryophyllanae,Caryophyllales,Cactaceae,Discocactus,Discocactus hartmannii,(Buining & Brederoo) P.J. Braun,Accepted
flowering plants,Equisetopsida,Caryophyllanae,Caryophyllales,Cactaceae,Opuntia,Opuntia orbiculata,Salm-Dyck ex Pfeiff.,Accepted
flowering plants,Equisetopsida,Caryophyllanae,Caryophyllales,Cactaceae,Opuntia,Opuntia monacantha,Haw.,Accepted
flowering plants,Equisetopsida,Caryophyllanae,Caryophyllales,Cactaceae,Melocactus,Melocactus curvispinus,(Cárdenas) Fern. Alonso & Xhonn.,Accepted
flowering plants,Equisetopsida,Caryophyllanae,Caryophyllales,Cactaceae,Turbinicarpus,Turbinicarpus pseudomacrochele,(Backeb.) Buxb. & Backeb.,Accepted
flowering plants,Equisetopsida,Caryophyllanae,Caryophyllales,Cactaceae,Copiapoa,Copiapoa hypogaea,F. Ritter,Accepted
flowering plants,Equisetopsida,Caryophyllanae,Caryophyllales,Cactaceae,Cereus,Cereus fernambucensis,,Accepted
flowering plants,Equisetopsida,Caryophyllanae,Caryophyllales,Cactaceae,Pachycereus,Pachycereus weberi,(J.M. Coult.) Backeb.,Accepted
flowering plants,Equisetopsida,Caryophyllanae,Caryophyllales,Cactaceae,Mammillaria,Mammillaria ruestii,Quehl,Accepted
flowering plants,Equisetopsida,Caryophyllanae,Caryophyllales,Cactaceae,Lymanbensonia,Lymanbensonia brevispina,(Barthlott) Barthlott & N.Korotkova,No opinion
flowering plants,Equisetopsida,Caryophyllanae,Caryophyllales,Cactaceae,Coryphantha,Coryphantha elephantidens,(Ehrenb.) Dicht & A. Lüthy,Accepted
flowering plants,Equisetopsida,Caryophyllanae,Caryophyllales,Cactaceae,Coryphantha,Coryphantha robbinsorum,(W. Earle) A.D. Zimmerman,Accepted
flowering plants,Equisetopsida,Caryophyllanae,Caryophyllales,Cactaceae,Frailea,Frailea castanea,Backeb.,Accepted
flowering plants,Equisetopsida,Caryophyllanae,Caryophyllales,Cactaceae,Coryphantha,Coryphantha clavata,(Scheidw.) Backeb.,Accepted
flowering plants,Equisetopsida,Caryophyllanae,Caryophyllales,Cactaceae,Opuntia,Opuntia pittieri,Britton & Rose,Accepted
flowering plants,Equisetopsida,Caryophyllanae,Caryophyllales,Cactaceae,Opuntia,Opuntia pachyrrhiza,"H.M. Hern., Gómez-Hin. & Bárcenas",Accepted
flowering plants,Equisetopsida,Caryophyllanae,Caryophyllales,Cactaceae,Frailea,Frailea larae,R. Vásquez,Accepted
flowering plants,Equisetopsida,Caryophyllanae,Caryophyllales,Cactaceae,Echinocactus,Echinocactus platyacanthus,(Rose) Bravo,Accepted
flowering plants,Equisetopsida,Caryophyllanae,Caryophyllales,Cactaceae,Ariocarpus,Ariocarpus fissuratus,(Stuppy & N.P. Taylor) Halda,Accepted
flowering plants,Equisetopsida,Caryophyllanae,Caryophyllales,Cactaceae,Sclerocactus,Sclerocactus wetlandicus,Hochstätter,Accepted
flowering plants,Equisetopsida,Caryophyllanae,Caryophyllales,Cactaceae,Opuntia,Opuntia imbricata,,Accepted
flowering plants,Equisetopsida,Caryophyllanae,Caryophyllales,Cactaceae,Mammillaria,Mammillaria oteroi,Glass & R.A. Foster,Accepted
flowering plants,Equisetopsida,Caryophyllanae,Caryophyllales,Cactaceae,Opuntia,Opuntia humifusa,(Small) L.D. Benson,Accepted
flowering plants,Equisetopsida,Caryophyllanae,Caryophyllales,Cactaceae,Gymnocalycium,Gymnocalycium pflanzii,(Vaupel) Werderm.,Accepted
flowering plants,Equisetopsida,Caryophyllanae,Caryophyllales,Cactaceae,Tacinga,Tacinga braunii,Esteves,Accepted
flowering plants,Equisetopsida,Caryophyllanae,Caryophyllales,Cactaceae,Mammillaria,Mammillaria elongata,(DC.) D.R. Hunt,Accepted
flowering plants,Equisetopsida,Caryophyllanae,Caryophyllales,Cactaceae,Mammillaria,Mammillaria discolor,Repp.,No opinion
flowering plants,Equisetopsida,Caryophyllanae,Caryophyllales,Cactaceae,Grusonia,Grusonia dumetorum,(A. Berger) E.F. Anderson,Accepted
flowering plants,Equisetopsida,Caryophyllanae,Caryophyllales,Cactaceae,Mammillaria,Mammillaria albilanata,(D.R. Hunt) D.R. Hunt,Accepted
flowering plants,Equisetopsida,Caryophyllanae,Caryophyllales,Cactaceae,Thelocactus,Thelocactus macdowellii,(Rebut ex Quehl) W.T. Marshall,Accepted
flowering plants,Equisetopsida,Caryophyllanae,Caryophyllales,Cactaceae,Chilenia,Chilenia occulta,(Phil.) Backeb.,Accepted
flowering plants,Equisetopsida,Caryophyllanae,Caryophyllales,Cactaceae,Gymnocalycium,Gymnocalycium leeanum,(Hook.) Britton & Rose,Accepted
flowering plants,Equisetopsida,Caryophyllanae,Caryophyllales,Cactaceae,Gymnocalycium,Gymnocalycium mucidum,Oehme,Accepted
flowering plants,Equisetopsida,Caryophyllanae,Caryophyllales,Cactaceae,Coryphantha,Coryphantha salinensis,(Poselg.) A. Zimmerman ex Dicht & A. Luethy,Accepted
flowering plants,Equisetopsida,Caryophyllanae,Caryophyllales,Cactaceae,Cleistocactus,Cleistocactus parviflorus,(K. Schum.) Rol.-Goss.,Accepted
flowering plants,Equisetopsida,Caryophyllanae,Caryophyllales,Cactaceae,Corryocactus,Corryocactus chachapoyensis,Ochoa & Backeb. ex D.R.Hunt,Accepted
flowering plants,Equisetopsida,Caryophyllanae,Caryophyllales,Cactaceae,Harrisia,Harrisia brookii,Britton,Accepted
flowering plants,Equisetopsida,Caryophyllanae,Caryophyllales,Cactaceae,Cactus,Cactus lanifer,(Haw.) Kuntze,Accepted
flowering plants,Equisetopsida,Caryophyllanae,Caryophyllales,Cactaceae,Eriosyce,Eriosyce senilis,,Accepted
flowering plants,Equisetopsida,Caryophyllanae,Caryophyllales,Cactaceae,Parodia,Parodia hegeri,"Diers, Krahn & Beckert",Accepted
flowering plants,Equisetopsida,Caryophyllanae,Caryophyllales,Cactaceae,Eriosyce,Eriosyce odieri,(F. Ritter) Ferryman,Accepted
flowering plants,Equisetopsida,Caryophyllanae,Caryophyllales,Cactaceae,Oreocereus,Oreocereus trollii,Kupper,Accepted
flowering plants,Equisetopsida,Caryophyllanae,Caryophyllales,Cactaceae,Thelocactus,Thelocactus hastifer,(Werderm. & Boed.) F.M. Knuth,Accepted
flowering plants,Equisetopsida,Caryophyllanae,Caryophyllales,Cactaceae,Ortegocactus,Ortegocactus macdougallii,Alexander,Accepted
flowering plants,Equisetopsida,Caryophyllanae,Caryophyllales,Cactaceae,Arrojadoa,Arrojadoa dinae,(Buining & Brederoo) N.P. Taylor & Zappi,Accepted
flowering plants,Equisetopsida,Caryophyllanae,Caryophyllales,Cactaceae,Neolloydia,Neolloydia matehualensis,Backeb.,Accepted
flowering plants,Equisetopsida,Caryophyllanae,Caryophyllales,Cactaceae,Mammillaria,Mammillaria grahamii,(Britton & Rose) D.R. Hunt,Accepted
flowering plants,Equisetopsida,Caryophyllanae,Caryophyllales,Cactaceae,Pseudoacanthocereus,Pseudoacanthocereus brasiliensis,(Rizzini & A. Mattos) P.J. Braun & Esteves,Accepted
flowering plants,Equisetopsida,Caryophyllanae,Caryophyllales,Cactaceae,Bisnaga,Bisnaga latispinus,(Karw. ex Pfeiff.) Doweld,Accepted
flowering plants,Equisetopsida,Caryophyllanae,Caryophyllales,Cactaceae,Echinocereus,Echinocereus phoeniceus,(Engelm. & J.M. Bigelow) K. Schum.,Accepted
flowering plants,Equisetopsida,Caryophyllanae,Caryophyllales,Cactaceae,Echinocereus,Echinocereus parkeri,W. Blum & Mich. Lange,Accepted
flowering plants,Equisetopsida,Caryophyllanae,Caryophyllales,Cactaceae,Melocactus,Melocactus atrosanguineus,Pfeiff.,No opinion
flowering plants,Equisetopsida,Caryophyllanae,Caryophyllales,Cactaceae,Cereus,Cereus trigonodendron,K. Schum. ex Vaupel,Accepted
flowering plants,Equisetopsida,Caryophyllanae,Caryophyllales,Cactaceae,Echinocereus,Echinocereus ferreirianus,H.E. Gates,Accepted
flowering plants,Equisetopsida,Caryophyllanae,Caryophyllales,Cactaceae,Echinocactus,Echinocactus horizonthalonius,Lem.,Accepted
flowering plants,Equisetopsida,Caryophyllanae,Caryophyllales,Cactaceae,Tunilla,Tunilla corrugata,(Salm-Dyck) D.R. Hunt & Iliff,Accepted
flowering plants,Equisetopsida,Caryophyllanae,Caryophyllales,Cactaceae,Ariocarpus,Ariocarpus bravoanus,H.M.Hern. & E.F.Anderson,Accepted
flowering plants,Equisetopsida,Caryophyllanae,Caryophyllales,Cactaceae,Cereus,Cereus forbesii,hort. Bot. Berlin ex C.F. Först.,Accepted
flowering plants,Equisetopsida,Caryophyllanae,Caryophyllales,Cactaceae,Melocactus,Melocactus schatzlii,H.Till & R.Gruber,Accepted
flowering plants,Equisetopsida,Caryophyllanae,Caryophyllales,Cactaceae,Frailea,Frailea perumbilicata,F. Ritter,Accepted
flowering plants,Equisetopsida,Caryophyllanae,Caryophyllales,Cactaceae,Schlumbergera,Schlumbergera obtusangula,(K. Schum.) D.R. Hunt,Accepted
flowering plants,Equisetopsida,Caryophyllanae,Caryophyllales,Cactaceae,Disocactus,Disocactus aurantiacus,(Kimnach) Barthlott,Accepted
flowering plants,Equisetopsida,Caryophyllanae,Caryophyllales,Cactaceae,Echinocereus,Echinocereus pentalophus,(DC.) J.N. Haage,Accepted
flowering plants,Equisetopsida,Caryophyllanae,Caryophyllales,Cactaceae,Echinocereus,Echinocereus dasyacanthus,"(Trocha & Fethke) W. Blum, W. Rischer & Rutow",Accepted
flowering plants,Equisetopsida,Caryophyllanae,Caryophyllales,Cactaceae,Rhipsalis,Rhipsalis baccifera,(J.S.Muell.) Stearn,Accepted
flowering plants,Equisetopsida,Caryophyllanae,Caryophyllales,Cactaceae,Micropuntia,Micropuntia pulchella,(Engelm.) M.P.Griff.,No opinion
flowering plants,Equisetopsida,Caryophyllanae,Caryophyllales,Cactaceae,Opuntia,Opuntia polyacantha,(Engelm. & J.M. Bigelow) B.D. Parfitt,Accepted
flowering plants,Equisetopsida,Caryophyllanae,Caryophyllales,Cactaceae,Tacinga,Tacinga inamoena,M.Machado & N.P.Taylor,No opinion
flowering plants,Equisetopsida,Caryophyllanae,Caryophyllales,Cactaceae,Corryocactus,Corryocactus aureus,(Meyen) Hutchison,Accepted
flowering plants,Equisetopsida,Caryophyllanae,Caryophyllales,Cactaceae,Thelocactus,Thelocactus conothelos,(Glass & M.L. Mend.) Mosco & Zanov.,Accepted
flowering plants,Equisetopsida,Caryophyllanae,Caryophyllales,Cactaceae,Corynopuntia,Corynopuntia grahamii,(Engelm.) F.M. Knuth,Accepted
flowering plants,Equisetopsida,Caryophyllanae,Caryophyllales,Cactaceae,Sclerocactus,Sclerocactus sileri,(L.D. Benson) K.D. Heil & J.M. Porter,Accepted
flowering plants,Equisetopsida,Caryophyllanae,Caryophyllales,Cactaceae,Eriosyce,Eriosyce armata,(F. Ritter) P. C. Guerrero & Helmut Walter,Accepted
flowering plants,Equisetopsida,Caryophyllanae,Caryophyllales,Cactaceae,Opuntia,Opuntia galerasensis,(F. Ritter) D.R. Hunt,Accepted
flowering plants,Equisetopsida,Caryophyllanae,Caryophyllales,Cactaceae,Escobaria,Escobaria tuberculosa,,Accepted
flowering plants,Equisetopsida,Caryophyllanae,Caryophyllales,Cactaceae,Cereus,Cereus tacuaralensis,Cárdenas,Accepted
flowering plants,Equisetopsida,Caryophyllanae,Caryophyllales,Cactaceae,Coryphantha,Coryphantha pycnacantha,(Mart.) Lem.,Accepted
flowering plants,Equisetopsida,Caryophyllanae,Caryophyllales,Cactaceae,Melocactus,Melocactus violaceus,,Accepted
flowering plants,Equisetopsida,Caryophyllanae,Caryophyllales,Cactaceae,Echinocereus,Echinocereus viridiflorus,(Houghton) W.T.Marshall,Accepted
flowering plants,Equisetopsida,Caryophyllanae,Caryophyllales,Cactaceae,Opuntia,Opuntia loomsii,Peebles,No opinion
flowering plants,Equisetopsida,Caryophyllanae,Caryophyllales,Cactaceae,Coryphantha,Coryphantha strobiliformis,(Poselg.) Moran,No opinion
flowering plants,Equisetopsida,Caryophyllanae,Caryophyllales,Cactaceae,Mammillaria,Mammillaria hamiltonhoytiae,,No opinion
flowering plants,Equisetopsida,Caryophyllanae,Caryophyllales,Cactaceae,Melocactus,Melocactus estevesii,P.J. Braun,Accepted
flowering plants,Equisetopsida,Caryophyllanae,Caryophyllales,Cactaceae,Echinocereus,Echinocereus viridiflorus,Engelm. ex Rumpler,Accepted
flowering plants,Equisetopsida,Caryophyllanae,Caryophyllales,Cactaceae,Gymnocalycium,Gymnocalycium monvillei,(G.Frank ex H.Till) H.Till,Accepted
flowering plants,Equisetopsida,Caryophyllanae,Caryophyllales,Cactaceae,Pyrrhocactus,Pyrrhocactus crispus,F. Ritter,Accepted
flowering plants,Equisetopsida,Caryophyllanae,Caryophyllales,Cactaceae,Armatocereus,Armatocereus riomajensis,Rauh & Backeb.,Accepted
flowering plants,Equisetopsida,Caryophyllanae,Caryophyllales,Cactaceae,Praecereus,Praecereus amazonicus,(K. Schum.) Buxb.,Accepted
flowering plants,Equisetopsida,Caryophyllanae,Caryophyllales,Cactaceae,Cleistocactus,Cleistocactus sepium,(Kunth) F.A.C. Weber,Accepted
flowering plants,Equisetopsida,Caryophyllanae,Caryophyllales,Cactaceae,Gymnocalycium,Gymnocalycium taningaense,Piltz,Accepted
flowering plants,Equisetopsida,Caryophyllanae,Caryophyllales,Cactaceae,Thelocactus,Thelocactus tulensis,,Accepted
flowering plants,Equisetopsida,Caryophyllanae,Caryophyllales,Cactaceae,Trichocereus,Trichocereus lamprochlorus,(Lem.) Britton & Rose,Accepted
flowering plants,Equisetopsida,Caryophyllanae,Caryophyllales,Cactaceae,Pilosocereus,Pilosocereus floccosus,(Backeb. & Voll) Byles & G.D. Rowley,Accepted
flowering plants,Equisetopsida,Caryophyllanae,Caryophyllales,Cactaceae,Turbinicarpus,Turbinicarpus horripilus,(Lem.) V. John & Å˜íha,Accepted
flowering plants,Equisetopsida,Caryophyllanae,Caryophyllales,Cactaceae,Gymnocalycium,Gymnocalycium saglionis,Backeb.,Accepted
flowering plants,Equisetopsida,Caryophyllanae,Caryophyllales,Cactaceae,Coleocephalocereus,Coleocephalocereus aureus,(Buining) P.J.Braun,Accepted
flowering plants,Equisetopsida,Caryophyllanae,Caryophyllales,Cactaceae,Pyrrhocactus,Pyrrhocactus simulans,F. Ritter,Accepted
flowering plants,Equisetopsida,Caryophyllanae,Caryophyllales,Cactaceae,Armatocereus,Armatocereus brevispinus,Madsen,Accepted
flowering plants,Equisetopsida,Caryophyllanae,Caryophyllales,Cactaceae,Echinocereus,Echinocereus viridiflorus,,Accepted
flowering plants,Equisetopsida,Caryophyllanae,Caryophyllales,Cactaceae,Matucana,Matucana haynei,(Vaupel) Mottram,Accepted
flowering plants,Equisetopsida,Caryophyllanae,Caryophyllales,Cactaceae,Lepismium,Lepismium brevispinum,Barthlott,Accepted
flowering plants,Equisetopsida,Caryophyllanae,Caryophyllales,Cactaceae,Opuntia,Opuntia echios,Howell,Accepted
flowering plants,Equisetopsida,Caryophyllanae,Caryophyllales,Cactaceae,Epithelantha,Epithelantha micromeris,(Boed.) N.P.Taylor,Accepted
flowering plants,Equisetopsida,Caryophyllanae,Caryophyllales,Cactaceae,Pelecyphora,Pelecyphora aselliformis,Ehrenb.,Accepted
flowering plants,Equisetopsida,Caryophyllanae,Caryophyllales,Cactaceae,Peniocereus,Peniocereus occidentalis,,No opinion
flowering plants,Equisetopsida,Caryophyllanae,Caryophyllales,Cactaceae,Cereus,Cereus jamacaru,,Accepted
flowering plants,Equisetopsida,Caryophyllanae,Caryophyllales,Cactaceae,Calymmanthium,Calymmanthium substerile,F. Ritter,Accepted
flowering plants,Equisetopsida,Caryophyllanae,Caryophyllales,Cactaceae,Gymnocalycium,Gymnocalycium ritterianum,Rausch,Accepted
flowering plants,Equisetopsida,Caryophyllanae,Caryophyllales,Cactaceae,Opuntia,Opuntia engelmannii,(L.D. Benson) B.D. Parfitt & Pinkava,Accepted
flowering plants,Equisetopsida,Caryophyllanae,Caryophyllales,Cactaceae,Opuntia,Opuntia glauca,J. Forbes,No opinion
flowering plants,Equisetopsida,Caryophyllanae,Caryophyllales,Cactaceae,Gymnocalycium,Gymnocalycium pediophilum,F. Ritter ex Schütz,Accepted
flowering plants,Equisetopsida,Caryophyllanae,Caryophyllales,Cactaceae,Rhipsalidopsis,Rhipsalidopsis gaertneri,(Backeb. & Voll) Moran,Accepted
flowering plants,Equisetopsida,Caryophyllanae,Caryophyllales,Cactaceae,Cephalocereus,Cephalocereus tetetzo,(F.A.C. Weber ex K. Schum.) Vaupel,Accepted
flowering plants,Equisetopsida,Caryophyllanae,Caryophyllales,Cactaceae,Cereus,Cereus repandus,Haw.,No opinion
flowering plants,Equisetopsida,Caryophyllanae,Caryophyllales,Cactaceae,Trichocereus,Trichocereus andalgalensis,(F.A.C. Weber ex K. Schum.) Hosseus,Accepted
flowering plants,Equisetopsida,Caryophyllanae,Caryophyllales,Cactaceae,Haageocereus,Haageocereus platinospinus,(Werderm. & Backeb.) Backeb.,Accepted
flowering plants,Equisetopsida,Caryophyllanae,Caryophyllales,Cactaceae,Mammillaria,Mammillaria napina,J.A. Purpus,Accepted
flowering plants,Equisetopsida,Caryophyllanae,Caryophyllales,Cactaceae,Opuntia,Opuntia xanthoglochia,Griffiths,No opinion
flowering plants,Equisetopsida,Caryophyllanae,Caryophyllales,Cactaceae,Echinomastus,Echinomastus erectocentrus,,Accepted
flowering plants,Equisetopsida,Caryophyllanae,Caryophyllales,Cactaceae,Opuntia,Opuntia cyclodes,(Engelm. & J.M. Bigelow) Rose,Accepted
flowering plants,Equisetopsida,Caryophyllanae,Caryophyllales,Cactaceae,Rhipsalis,Rhipsalis rhombea,(Salm-Dyck) Pfeiff.,Accepted
flowering plants,Equisetopsida,Caryophyllanae,Caryophyllales,Cactaceae,Echinopsis,Echinopsis ancistrophora,(Rausch) Rausch,Accepted
flowering plants,Equisetopsida,Caryophyllanae,Caryophyllales,Cactaceae,Grusonia,Grusonia reflexispina,(Wiggins & Rollins) E.F. Anderson,Accepted
flowering plants,Equisetopsida,Caryophyllanae,Caryophyllales,Cactaceae,Astrophytum,Astrophytum aureum,(Backeb.) Halda & Malina,Accepted
flowering plants,Equisetopsida,Caryophyllanae,Caryophyllales,Cactaceae,Matucana,Matucana pujupatii,(Donald & A.B. Lau) Bregmann,Accepted
flowering plants,Equisetopsida,Caryophyllanae,Caryophyllales,Cactaceae,Opuntia,Opuntia schumannii,F.A.C. Weber ex A. Berger,Accepted
flowering plants,Equisetopsida,Caryophyllanae,Caryophyllales,Cactaceae,Echinocereus,Echinocereus fasciculatus,(Thornber & Bonker) L.D.Benson,Accepted
flowering plants,Equisetopsida,Caryophyllanae,Caryophyllales,Cactaceae,Ferocactus,Ferocactus gracilis,(H.E.Gates) N.P.Taylor,Accepted
flowering plants,Equisetopsida,Caryophyllanae,Caryophyllales,Cactaceae,Ferocactus,Ferocactus glaucescens,(DC.) Britton & Rose,Accepted
flowering plants,Equisetopsida,Caryophyllanae,Caryophyllales,Cactaceae,Coryphantha,Coryphantha neglecta,Bremer,Accepted
flowering plants,Equisetopsida,Caryophyllanae,Caryophyllales,Cactaceae,Opuntia,Opuntia tesselata,Engelm.,No opinion
flowering plants,Equisetopsida,Caryophyllanae,Caryophyllales,Cactaceae,Cylindropuntia,Cylindropuntia abyssi,(Hester) Backeb.,Accepted
flowering plants,Equisetopsida,Caryophyllanae,Caryophyllales,Cactaceae,Opuntia,Opuntia bakeri,Madsen,Accepted
flowering plants,Equisetopsida,Caryophyllanae,Caryophyllales,Cactaceae,Pyrrhocactus,Pyrrhocactus setosiflorus,Backeb.,No opinion
flowering plants,Equisetopsida,Caryophyllanae,Caryophyllales,Cactaceae,Epiphyllum,Epiphyllum thomasianum,(K. Schum.) Britton & Rose,Accepted
flowering plants,Equisetopsida,Caryophyllanae,Caryophyllales,Cactaceae,Coryphantha,Coryphantha echinus,(Engelm.) Orcutt,Accepted
flowering plants,Equisetopsida,Caryophyllanae,Caryophyllales,Cactaceae,Harrisia,Harrisia eriophora,(N.E. Pfeiffer) Britton,Accepted
flowering plants,Equisetopsida,Caryophyllanae,Caryophyllales,Cactaceae,Echinopsis,Echinopsis haematantha,(Speg.) D.R. Hunt,Accepted
flowering plants,Equisetopsida,Caryophyllanae,Caryophyllales,Cactaceae,Cactus,Cactus mutabilis,(Scheidw.) Kuntze,Accepted
flowering plants,Equisetopsida,Caryophyllanae,Caryophyllales,Cactaceae,Armatocereus,Armatocereus arduus,F. Ritter,Accepted
flowering plants,Equisetopsida,Caryophyllanae,Caryophyllales,Cactaceae,Melocactus,Melocactus smithii,(Alexander) Buining,No opinion
flowering plants,Equisetopsida,Caryophyllanae,Caryophyllales,Cactaceae,Echinopsis,Echinopsis huascha,(F.A.C. Weber) Friedrich & G.D. Rowley,Accepted
flowering plants,Equisetopsida,Caryophyllanae,Caryophyllales,Cactaceae,Cylindropuntia,Cylindropuntia leptocaulis,(DC.) F.M. Knuth,Accepted
flowering plants,Equisetopsida,Caryophyllanae,Caryophyllales,Cactaceae,Melocactus,Melocactus sergipensis,N.P. Taylor & Meiado,Accepted
flowering plants,Equisetopsida,Caryophyllanae,Caryophyllales,Cactaceae,Parodia,Parodia submammulosa,(Lem.) R. Kiesling,Accepted
flowering plants,Equisetopsida,Caryophyllanae,Caryophyllales,Cactaceae,Tacinga,Tacinga quipa,,No opinion
flowering plants,Equisetopsida,Caryophyllanae,Caryophyllales,Cactaceae,Rhipsalis,Rhipsalis occidentalis,Barthlott & Rauh,Accepted
flowering plants,Equisetopsida,Caryophyllanae,Caryophyllales,Cactaceae,Hylocereus,Hylocereus minutiflorus,Britton & Rose,Accepted
flowering plants,Equisetopsida,Caryophyllanae,Caryophyllales,Cactaceae,Nopalea,Nopalea hondurensis,(Standl.) Rebman,No opinion
flowering plants,Equisetopsida,Caryophyllanae,Caryophyllales,Cactaceae,Opuntia,Opuntia nejapensis,Bravo,Accepted
flowering plants,Equisetopsida,Caryophyllanae,Caryophyllales,Cactaceae,Leuchtenbergia,Leuchtenbergia principis,Hook.,Accepted
flowering plants,Equisetopsida,Caryophyllanae,Caryophyllales,Cactaceae,Coryphantha,Coryphantha pallida,Britton & Rose,Accepted
flowering plants,Equisetopsida,Caryophyllanae,Caryophyllales,Cactaceae,Borzicactus,Borzicactus haynei,(Otto) Kimnach,No opinion
flowering plants,Equisetopsida,Caryophyllanae,Caryophyllales,Cactaceae,Sulcorebutia,Sulcorebutia steinbachii,Rausch,Accepted
flowering plants,Equisetopsida,Caryophyllanae,Caryophyllales,Cactaceae,Neobuxbaumia,Neobuxbaumia mezcalaensis,(Bravo) Backeb.,Accepted
flowering plants,Equisetopsida,Caryophyllanae,Caryophyllales,Cactaceae,Opuntia,Opuntia ficus-indica,(L.) Mill.,Accepted
flowering plants,Equisetopsida,Caryophyllanae,Caryophyllales,Cactaceae,Echinocereus,Echinocereus princeps,Foerster,No opinion
flowering plants,Equisetopsida,Caryophyllanae,Caryophyllales,Cactaceae,Echinocactus,Echinocactus polycephalus,Engelm. & J.M. Bigelow,Accepted
flowering plants,Equisetopsida,Caryophyllanae,Caryophyllales,Cactaceae,Echinopsis,Echinopsis tubiflora,(Pfeiff.) Zucc. ex A. Dietr.,Accepted
flowering plants,Equisetopsida,Caryophyllanae,Caryophyllales,Cactaceae,Opuntia,Opuntia camachoi,Espinosa,Accepted
flowering plants,Equisetopsida,Caryophyllanae,Caryophyllales,Cactaceae,Pfeiffera,Pfeiffera monacantha,(Doweld) Ralf Bauer,Accepted
flowering plants,Equisetopsida,Caryophyllanae,Caryophyllales,Cactaceae,Opuntia,Opuntia sulphurea,(FriÄ) Backeb.,Accepted
flowering plants,Equisetopsida,Caryophyllanae,Caryophyllales,Cactaceae,Maihueniopsis,Maihueniopsis recurvata,(Gilmer & H.P.Thomas) R. Kiesling,Accepted
flowering plants,Equisetopsida,Caryophyllanae,Caryophyllales,Cactaceae,Pyrrhocactus,Pyrrhocactus tuberisulcatus,(Jacobi) A. Berger,Accepted
flowering plants,Equisetopsida,Caryophyllanae,Caryophyllales,Cactaceae,Opuntia,Opuntia hitchcockii,"González Ortega, Jesús",Accepted
flowering plants,Equisetopsida,Caryophyllanae,Caryophyllales,Cactaceae,Sulcorebutia,Sulcorebutia heliosoides,P. Lechner & A. Draxler,Accepted
flowering plants,Equisetopsida,Caryophyllanae,Caryophyllales,Cactaceae,Corryocactus,Corryocactus huincoensis,F. Ritter,Accepted
flowering plants,Equisetopsida,Caryophyllanae,Caryophyllales,Cactaceae,Cylindropuntia,Cylindropuntia molesta,,Accepted
flowering plants,Equisetopsida,Caryophyllanae,Caryophyllales,Cactaceae,Echinocereus,Echinocereus pectinatus,L.D.Benson,Accepted
flowering plants,Equisetopsida,Caryophyllanae,Caryophyllales,Cactaceae,Echinocactus,Echinocactus polycephalus,,Accepted
flowering plants,Equisetopsida,Caryophyllanae,Caryophyllales,Cactaceae,Weberocereus,Weberocereus imitans,(Kimnach & Hutchison) D.R. Hunt,No opinion
flowering plants,Equisetopsida,Caryophyllanae,Caryophyllales,Cactaceae,Stenocereus,Stenocereus thurberi,,No opinion
flowering plants,Equisetopsida,Caryophyllanae,Caryophyllales,Cactaceae,Weberocereus,Weberocereus tunilla,,Accepted
flowering plants,Equisetopsida,Caryophyllanae,Caryophyllales,Cactaceae,Rebutia,Rebutia muscula,F. Ritter & K.R. Thiele,Accepted
flowering plants,Equisetopsida,Caryophyllanae,Caryophyllales,Cactaceae,Opuntia,Opuntia auberi,Pfeiff.,Accepted
flowering plants,Equisetopsida,Caryophyllanae,Caryophyllales,Cactaceae,Ferocactus,Ferocactus schwarzii,G.E.Linds.,Accepted
flowering plants,Equisetopsida,Caryophyllanae,Caryophyllales,Cactaceae,Cereus,Cereus stenogonus,K. Schum.,Accepted
flowering plants,Equisetopsida,Caryophyllanae,Caryophyllales,Cactaceae,Disocactus,Disocactus nelsonii,(Kimnach) Doweld,Accepted
flowering plants,Equisetopsida,Caryophyllanae,Caryophyllales,Cactaceae,Melocactus,Melocactus curvispinus,,Accepted
flowering plants,Equisetopsida,Caryophyllanae,Caryophyllales,Cactaceae,Opuntia,Opuntia maculacantha,C.F. Först.,No opinion
flowering plants,Equisetopsida,Caryophyllanae,Caryophyllales,Cactaceae,Pseudopilocereus,Pseudopilocereus arrabidae,(Lem.) Buxb.,Accepted
flowering plants,Equisetopsida,Caryophyllanae,Caryophyllales,Cactaceae,Copiapoa,Copiapoa humilis,(Phil.) Hutchison,Accepted
flowering plants,Equisetopsida,Caryophyllanae,Caryophyllales,Cactaceae,Cumulopuntia,Cumulopuntia rossiana,(Heinrich & Backeb.) F. Ritter,Accepted
flowering plants,Equisetopsida,Caryophyllanae,Caryophyllales,Cactaceae,Cylindropuntia,Cylindropuntia molesta,(Engelm. ex J.M.Coult.) U.Guzmán,Accepted
flowering plants,Equisetopsida,Caryophyllanae,Caryophyllales,Cactaceae,Mammillaria,Mammillaria longiflora,(Repp.) D.R. Hunt,Accepted
flowering plants,Equisetopsida,Caryophyllanae,Caryophyllales,Cactaceae,Cactus,Cactus glaucus,(A. Dietr. ex Linke) Kuntze,Accepted
flowering plants,Equisetopsida,Caryophyllanae,Caryophyllales,Cactaceae,Eriosyce,Eriosyce paucicostata,(F.Ritter) Ferryman,Accepted
flowering plants,Equisetopsida,Caryophyllanae,Caryophyllales,Cactaceae,Ariocarpus,Ariocarpus retusus,Scheidw.,Accepted
flowering plants,Equisetopsida,Caryophyllanae,Caryophyllales,Cactaceae,Opuntia,Opuntia nitens,Small,Accepted
flowering plants,Equisetopsida,Caryophyllanae,Caryophyllales,Cactaceae,Parodia,Parodia krahnii,Weskamp,Accepted
flowering plants,Equisetopsida,Caryophyllanae,Caryophyllales,Cactaceae,Gymnocalycium,Gymnocalycium saglionis,(Cels) Britton & Rose,Accepted
flowering plants,Equisetopsida,Caryophyllanae,Caryophyllales,Cactaceae,Disocactus,Disocactus ackermannii,(T. MacDoug.) U. Guzmán,Accepted
flowering plants,Equisetopsida,Caryophyllanae,Caryophyllales,Cactaceae,Stenocereus,Stenocereus kerberi,(K. Schum.) A.C. Gibson & K.E. Horak,Accepted
flowering plants,Equisetopsida,Caryophyllanae,Caryophyllales,Cactaceae,Mammillaria,Mammillaria backebergiana,,Accepted
flowering plants,Equisetopsida,Caryophyllanae,Caryophyllales,Cactaceae,Aztekium,Aztekium hintonii,Glass & Fitz Maurice,Accepted
flowering plants,Equisetopsida,Caryophyllanae,Caryophyllales,Cactaceae,Haageocereus,Haageocereus acranthus,(Rauh & Backeb.) Ostolaza,Accepted
flowering plants,Equisetopsida,Caryophyllanae,Caryophyllales,Cactaceae,Opuntia,Opuntia lutea,(Rose) D.R. Hunt,Accepted
flowering plants,Equisetopsida,Caryophyllanae,Caryophyllales,Cactaceae,Escobaria,Escobaria roseana,Haugg,Accepted
flowering plants,Equisetopsida,Caryophyllanae,Caryophyllales,Cactaceae,Mammillaria,Mammillaria geminispina,,Accepted
flowering plants,Equisetopsida,Caryophyllanae,Caryophyllales,Cactaceae,Parodia,Parodia erubescens,(Osten) D.R. Hunt,Accepted
flowering plants,Equisetopsida,Caryophyllanae,Caryophyllales,Cactaceae,Pereskia,Pereskia weberiana,K. Schum.,Accepted
flowering plants,Equisetopsida,Caryophyllanae,Caryophyllales,Cactaceae,Gymnocalycium,Gymnocalycium buenekeri,Swales,Accepted
flowering plants,Equisetopsida,Caryophyllanae,Caryophyllales,Cactaceae,Isolatocereus,Isolatocereus dumortieri,(Scheidw.) Backeb.,Accepted
flowering plants,Equisetopsida,Caryophyllanae,Caryophyllales,Cactaceae,Copiapoa,Copiapoa cinerea,(F. Ritter) D.R. Hunt,Accepted
flowering plants,Equisetopsida,Caryophyllanae,Caryophyllales,Cactaceae,Gymnocalycium,Gymnocalycium mostii,(Gürke) Britton & Rose,Accepted
flowering plants,Equisetopsida,Caryophyllanae,Caryophyllales,Cactaceae,Monvillea,Monvillea paxtoniana,Borg,No opinion
flowering plants,Equisetopsida,Caryophyllanae,Caryophyllales,Cactaceae,Cumulopuntia,Cumulopuntia pentlandii,(Salm-Dyck) F. Ritter,Accepted
flowering plants,Equisetopsida,Caryophyllanae,Caryophyllales,Cactaceae,Rebutia,Rebutia flavistyla,F. Ritter,Accepted
flowering plants,Equisetopsida,Caryophyllanae,Caryophyllales,Cactaceae,Copiapoa,Copiapoa tocopillana,F. Ritter,Accepted
flowering plants,Equisetopsida,Caryophyllanae,Caryophyllales,Cactaceae,Borzicactus,Borzicactus samnensis,F. Ritter,Accepted
flowering plants,Equisetopsida,Caryophyllanae,Caryophyllales,Cactaceae,Opuntia,Opuntia ottonis,G.Don,No opinion
flowering plants,Equisetopsida,Caryophyllanae,Caryophyllales,Cactaceae,Monvillea,Monvillea cavendishii,(Monv.) Britton & Rose,Accepted
flowering plants,Equisetopsida,Caryophyllanae,Caryophyllales,Cactaceae,Dendrocereus,Dendrocereus nudiflorus,(Engelm.) Britton & Rose,Accepted
flowering plants,Equisetopsida,Caryophyllanae,Caryophyllales,Cactaceae,Epiphyllum,Epiphyllum lepidocarpum,(F.A.C.Weber) Britton & Rose,Accepted
flowering plants,Equisetopsida,Caryophyllanae,Caryophyllales,Cactaceae,Epiphyllum,Epiphyllum chrysocardium,Alexander,Accepted
flowering plants,Equisetopsida,Caryophyllanae,Caryophyllales,Cactaceae,Echinopsis,Echinopsis roseo-lilacina,Cárdenas,Accepted
flowering plants,Equisetopsida,Caryophyllanae,Caryophyllales,Cactaceae,Denmoza,Denmoza rhodacantha,(Salm-Dyck) Britton & Rose,Accepted
flowering plants,Equisetopsida,Caryophyllanae,Caryophyllales,Cactaceae,Turbinicarpus,Turbinicarpus polaskii,Backeb.,No opinion
flowering plants,Equisetopsida,Caryophyllanae,Caryophyllales,Cactaceae,Cereus,Cereus eriophorus,Pfeiff.,No opinion
flowering plants,Equisetopsida,Caryophyllanae,Caryophyllales,Cactaceae,Coryphantha,Coryphantha vaupeliana,Boed.,Accepted
flowering plants,Equisetopsida,Caryophyllanae,Caryophyllales,Cactaceae,Opuntia,Opuntia reflexa,Mackensen,No opinion
flowering plants,Equisetopsida,Caryophyllanae,Caryophyllales,Cactaceae,Parodia,Parodia procera,F. Ritter,Accepted
flowering plants,Equisetopsida,Caryophyllanae,Caryophyllales,Cactaceae,Sclerocactus,Sclerocactus glaucus,(K. Schum.) L.D. Benson,Accepted
flowering plants,Equisetopsida,Caryophyllanae,Caryophyllales,Cactaceae,Parodia,Parodia mammulosa,(H. Schloss. & Brederoo) Hofacker,Accepted
flowering plants,Equisetopsida,Caryophyllanae,Caryophyllales,Cactaceae,Cereus,Cereus haageanus,(Backeb.) N.P. Taylor,Accepted
flowering plants,Equisetopsida,Caryophyllanae,Caryophyllales,Cactaceae,Coryphantha,Coryphantha chaffeyi,(Britton & Rose) Fosberg,Accepted
flowering plants,Equisetopsida,Caryophyllanae,Caryophyllales,Cactaceae,Opuntia,Opuntia lindheimeri,Engelm.,Accepted
flowering plants,Equisetopsida,Caryophyllanae,Caryophyllales,Cactaceae,Corryocactus,Corryocactus chachapoyensis,Ochoa & Backeb.,No opinion
flowering plants,Equisetopsida,Caryophyllanae,Caryophyllales,Cactaceae,Gymnocalycium,Gymnocalycium mihanovichii,(FriÄ ex Gürke) Britton & Rose,Accepted
flowering plants,Equisetopsida,Caryophyllanae,Caryophyllales,Cactaceae,Discocactus,Discocactus pseudoinsignis,N.P. Taylor & Zappi,Accepted
flowering plants,Equisetopsida,Caryophyllanae,Caryophyllales,Cactaceae,Corynopuntia,Corynopuntia vilis,(Rose) F.M. Knuth,Accepted
flowering plants,Equisetopsida,Caryophyllanae,Caryophyllales,Cactaceae,Mammillaria,Mammillaria deserti,Engelm.,Accepted
flowering plants,Equisetopsida,Caryophyllanae,Caryophyllales,Cactaceae,Echinocereus,Echinocereus stramineus,(Engelm.) F. Seitz,Accepted
flowering plants,Equisetopsida,Caryophyllanae,Caryophyllales,Cactaceae,Opuntia,Opuntia picardoi,Marn.-Lap.,Accepted
flowering plants,Equisetopsida,Caryophyllanae,Caryophyllales,Cactaceae,Opuntia,Opuntia lagopus,K. Schum.,Accepted
flowering plants,Equisetopsida,Caryophyllanae,Caryophyllales,Cactaceae,Ferocactus,Ferocactus cylindraceus,(L.D. Benson) N.P. Taylor,Accepted
flowering plants,Equisetopsida,Caryophyllanae,Caryophyllales,Cactaceae,Stenocactus,Stenocactus vaupelianus,(Werderm.) F.M. Knuth,Accepted
flowering plants,Equisetopsida,Caryophyllanae,Caryophyllales,Cactaceae,Corryocactus,Corryocactus apiciflorus,(Vaupel) Hutchison,Accepted
flowering plants,Equisetopsida,Caryophyllanae,Caryophyllales,Cactaceae,Echinopsis,Echinopsis comarapana,Cárdenas,Accepted
flowering plants,Equisetopsida,Caryophyllanae,Caryophyllales,Cactaceae,Stenocereus,Stenocereus peruvianus,(Mill.) R.Kiesling,No opinion
flowering plants,Equisetopsida,Caryophyllanae,Caryophyllales,Cactaceae,Echinopsis,Echinopsis derenbergii,FriÄ,Accepted
flowering plants,Equisetopsida,Caryophyllanae,Caryophyllales,Cactaceae,Opuntia,Opuntia millspaughii,Britton,Accepted
flowering plants,Equisetopsida,Caryophyllanae,Caryophyllales,Cactaceae,Opuntia,Opuntia sanguinea,Proctor,Accepted
flowering plants,Equisetopsida,Caryophyllanae,Caryophyllales,Cactaceae,Lobivia,Lobivia tiegeliana,Wessner,Accepted
flowering plants,Equisetopsida,Caryophyllanae,Caryophyllales,Cactaceae,Neoporteria,Neoporteria atrispinosa,(Backeb.) Backeb.,No opinion
flowering plants,Equisetopsida,Caryophyllanae,Caryophyllales,Cactaceae,Notocactus,Notocactus muricatus,A.Berger,No opinion
flowering plants,Equisetopsida,Caryophyllanae,Caryophyllales,Cactaceae,Peniocereus,Peniocereus zopilotensis,(Meyran) Buxb.,Accepted
flowering plants,Equisetopsida,Caryophyllanae,Caryophyllales,Cactaceae,Mammillaria,Mammillaria mammillaris,(L.) H. Karst.,Accepted
flowering plants,Equisetopsida,Caryophyllanae,Caryophyllales,Cactaceae,Copiapoa,Copiapoa malletiana,(Lem.) Backeb.,Accepted
flowering plants,Equisetopsida,Caryophyllanae,Caryophyllales,Cactaceae,Epiphyllum,Epiphyllum cartagense,(F.A.C. Weber) Britton & Rose,Accepted
flowering plants,Equisetopsida,Caryophyllanae,Caryophyllales,Cactaceae,Opuntia,Opuntia antillana,Britton & Rose,Accepted
flowering plants,Equisetopsida,Caryophyllanae,Caryophyllales,Cactaceae,Mammillaria,Mammillaria flavescens,(DC.) DC.,Accepted
flowering plants,Equisetopsida,Caryophyllanae,Caryophyllales,Cactaceae,Maihueniopsis,Maihueniopsis platyacantha,(Pfeiff.) D.R.Hunt,No opinion
flowering plants,Equisetopsida,Caryophyllanae,Caryophyllales,Cactaceae,Echinocereus,Echinocereus parkeri,N.P. Taylor,Accepted
flowering plants,Equisetopsida,Caryophyllanae,Caryophyllales,Cactaceae,Pereskiopsis,Pereskiopsis porteri,(Brandegee ex F.A.C.Weber) Britton & Rose,Accepted
flowering plants,Equisetopsida,Caryophyllanae,Caryophyllales,Cactaceae,Thelocactus,Thelocactus bicolor,(Backeb.) N.P. Taylor,Accepted
flowering plants,Equisetopsida,Caryophyllanae,Caryophyllales,Cactaceae,Cylindropuntia,Cylindropuntia fulgida,(Engelm.) F.M.Knuth,Accepted
flowering plants,Equisetopsida,Caryophyllanae,Caryophyllales,Cactaceae,Hylocereus,Hylocereus scandens,(Salm-Dyck) Backeb.,Accepted
flowering plants,Equisetopsida,Caryophyllanae,Caryophyllales,Cactaceae,Echinocereus,Echinocereus pulchellus,(N.P. Taylor) N.P. Taylor,Accepted
flowering plants,Equisetopsida,Caryophyllanae,Caryophyllales,Cactaceae,Leptocereus,Leptocereus assurgens,(C. Wright ex Griseb.) Britton & Rose,Accepted
flowering plants,Equisetopsida,Caryophyllanae,Caryophyllales,Cactaceae,Ferocactus,Ferocactus chrysacanthus,,Accepted
flowering plants,Equisetopsida,Caryophyllanae,Caryophyllales,Cactaceae,Pilosocereus,Pilosocereus rosae,P.J.Braun,Accepted
flowering plants,Equisetopsida,Caryophyllanae,Caryophyllales,Cactaceae,Mammillaria,Mammillaria viescensis,Rogoz. & Appenz.,Accepted
flowering plants,Equisetopsida,Caryophyllanae,Caryophyllales,Cactaceae,Thelocephala,Thelocephala kraussii,(F.Ritter) F.Ritter,No opinion
flowering plants,Equisetopsida,Caryophyllanae,Caryophyllales,Cactaceae,Copiapoa,Copiapoa rupestris,F. Ritter,Accepted
flowering plants,Equisetopsida,Caryophyllanae,Caryophyllales,Cactaceae,Selenicereus,Selenicereus triangularis,(L.) D.R. Hunt,Accepted
flowering plants,Equisetopsida,Caryophyllanae,Caryophyllales,Cactaceae,Opuntia,Opuntia tehuacana,S. Arias & U. Guzmán,Accepted
flowering plants,Equisetopsida,Caryophyllanae,Caryophyllales,Cactaceae,Strombocactus,Strombocactus corregidorae,S.Arias & E.Sánchez,No opinion
flowering plants,Equisetopsida,Caryophyllanae,Caryophyllales,Cactaceae,Melocactus,Melocactus pachyacanthus,,Accepted
flowering plants,Equisetopsida,Caryophyllanae,Caryophyllales,Cactaceae,Peniocereus,Peniocereus chiapensis,(Bravo) Gómez-Hin. & H.M.Hern.,Accepted
flowering plants,Equisetopsida,Caryophyllanae,Caryophyllales,Cactaceae,Escobaria,Escobaria sneedii,Britton & Rose,Accepted
flowering plants,Equisetopsida,Caryophyllanae,Caryophyllales,Cactaceae,Rebutia,Rebutia minuscula,(Bewer.) Eb.Scholz,Accepted
flowering plants,Equisetopsida,Caryophyllanae,Caryophyllales,Cactaceae,Echinocereus,Echinocereus sciurus,(Backeb.) N.P.Taylor,Accepted
flowering plants,Equisetopsida,Caryophyllanae,Caryophyllales,Cactaceae,Lophophora,Lophophora alberto-vojtechii,"Bohata, MyÅ¡ák & Å nicer",No opinion
flowering plants,Equisetopsida,Caryophyllanae,Caryophyllales,Cactaceae,Mammillaria,Mammillaria laui,,No opinion
flowering plants,Equisetopsida,Caryophyllanae,Caryophyllales,Cactaceae,Echinopsis,Echinopsis oligotricha,(Cárdenas) M.Lowry,Accepted
flowering plants,Equisetopsida,Caryophyllanae,Caryophyllales,Cactaceae,Cumulopuntia,Cumulopuntia dactylifera,(Vaupel) E.F. Anderson,Accepted
flowering plants,Equisetopsida,Caryophyllanae,Caryophyllales,Cactaceae,Melocactus,Melocactus praerupticola,Areces,No opinion
flowering plants,Equisetopsida,Caryophyllanae,Caryophyllales,Cactaceae,Sclerocactus,Sclerocactus uncinatus,,Accepted
flowering plants,Equisetopsida,Caryophyllanae,Caryophyllales,Cactaceae,Coryphantha,Coryphantha sulcata,(Engelm.) Britton & Rose,Accepted
flowering plants,Equisetopsida,Caryophyllanae,Caryophyllales,Cactaceae,Cereus,Cereus forbesii,C.F.Först.,Accepted
flowering plants,Equisetopsida,Caryophyllanae,Caryophyllales,Cactaceae,Espostoa,Espostoa baumannii,KníÅ¾e,Accepted
flowering plants,Equisetopsida,Caryophyllanae,Caryophyllales,Cactaceae,Parodia,Parodia microsperma,(F.W. Brandt) R. Kiesling & O. Ferrari,Accepted
flowering plants,Equisetopsida,Caryophyllanae,Caryophyllales,Cactaceae,Coryphantha,Coryphantha tuberculosa,,No opinion
flowering plants,Equisetopsida,Caryophyllanae,Caryophyllales,Cactaceae,Echinocereus,Echinocereus papillosus,Linke ex Rümpler,Accepted
flowering plants,Equisetopsida,Caryophyllanae,Caryophyllales,Cactaceae,Thelocactus,Thelocactus bicolor,(Galeotti ex Pfeiff.) Britton & Rose,Accepted
flowering plants,Equisetopsida,Caryophyllanae,Caryophyllales,Cactaceae,Eriosyce,Eriosyce curvispina,(Jacobi) Katt.,Accepted
flowering plants,Equisetopsida,Caryophyllanae,Caryophyllales,Cactaceae,Cumulopuntia,Cumulopuntia crassicylindrica,(Rauh & Backeb.) F. Ritter,No opinion
flowering plants,Equisetopsida,Caryophyllanae,Caryophyllales,Cactaceae,Turbinicarpus,Turbinicarpus gielsdorfianus,(Werderm.) John & Riha,Accepted
flowering plants,Equisetopsida,Caryophyllanae,Caryophyllales,Cactaceae,Stenocactus,Stenocactus ochoterenaus,Tiegel,Accepted
flowering plants,Equisetopsida,Caryophyllanae,Caryophyllales,Cactaceae,Trichocereus,Trichocereus coquimbanus,(Molina) Britton & Rose,Accepted
flowering plants,Equisetopsida,Caryophyllanae,Caryophyllales,Cactaceae,Opuntia,Opuntia tomentosa,,No opinion
flowering plants,Equisetopsida,Caryophyllanae,Caryophyllales,Cactaceae,Facheiroa,Facheiroa cephaliomelana,Buining & Brederoo,Accepted
flowering plants,Equisetopsida,Caryophyllanae,Caryophyllales,Cactaceae,Opuntia,Opuntia gosseliniana,F.A.C. Weber,Accepted
flowering plants,Equisetopsida,Caryophyllanae,Caryophyllales,Cactaceae,Pilosocereus,Pilosocereus polygonus,(Lam.) Byles & Rowley,Accepted
flowering plants,Equisetopsida,Caryophyllanae,Caryophyllales,Cactaceae,Echinopsis,Echinopsis molesta,Speg.,Accepted
flowering plants,Equisetopsida,Caryophyllanae,Caryophyllales,Cactaceae,Cereus,Cereus ovatus,G.Don,No opinion
flowering plants,Equisetopsida,Caryophyllanae,Caryophyllales,Cactaceae,Cleistocactus,Cleistocactus candelilla,Cárdenas,Accepted
flowering plants,Equisetopsida,Caryophyllanae,Caryophyllales,Cactaceae,Coryphantha,Coryphantha erecta,(Lem.) Lem.,Accepted
flowering plants,Equisetopsida,Caryophyllanae,Caryophyllales,Cactaceae,Turbinicarpus,Turbinicarpus zaragozae,(Glass & R.A. Foster) Glass & Hofer,Accepted
flowering plants,Equisetopsida,Caryophyllanae,Caryophyllales,Cactaceae,Opuntia,Opuntia occidentalis,(J.M. Coult.) Munz,Accepted
flowering plants,Equisetopsida,Caryophyllanae,Caryophyllales,Cactaceae,Mammillaria,Mammillaria jaliscana,,Accepted
flowering plants,Equisetopsida,Caryophyllanae,Caryophyllales,Cactaceae,Echinopsis,Echinopsis muelleri,Hirscht,No opinion
flowering plants,Equisetopsida,Caryophyllanae,Caryophyllales,Cactaceae,Echinocereus,Echinocereus reichenbachii,(Rose) N.P.Taylor,Accepted
flowering plants,Equisetopsida,Caryophyllanae,Caryophyllales,Cactaceae,Schlumbergera,Schlumbergera russelliana,(Gardner) Britton & Rose,Accepted
flowering plants,Equisetopsida,Caryophyllanae,Caryophyllales,Cactaceae,Gymnocalycium,Gymnocalycium horstii,Buining,No opinion
flowering plants,Equisetopsida,Caryophyllanae,Caryophyllales,Cactaceae,Opuntia,Opuntia ferox,Haw.,No opinion
flowering plants,Equisetopsida,Caryophyllanae,Caryophyllales,Cactaceae,Neomammillaria,Neomammillaria pyrrocephala,(Scheidw.) Britton & Rose,Accepted
flowering plants,Equisetopsida,Caryophyllanae,Caryophyllales,Cactaceae,Cylindropuntia,Cylindropuntia ganderi,(C.B.Wolf) Rebman & Pinkava,Accepted
flowering plants,Equisetopsida,Caryophyllanae,Caryophyllales,Cactaceae,Opuntia,Opuntia opuntia,Coult.,No opinion
flowering plants,Equisetopsida,Caryophyllanae,Caryophyllales,Cactaceae,Pediocactus,Pediocactus peeblesianus,(Croizat) L.D. Benson,Accepted
flowering plants,Equisetopsida,Caryophyllanae,Caryophyllales,Cactaceae,Coryphantha,Coryphantha durangensis,(L. Bremer) Dicht & A. Lüthy,Accepted
flowering plants,Equisetopsida,Caryophyllanae,Caryophyllales,Cactaceae,Gymnocalycium,Gymnocalycium coloradense,F.Berger,Accepted
flowering plants,Equisetopsida,Caryophyllanae,Caryophyllales,Cactaceae,Quiabentia,Quiabentia verticillata,(Vaupel) Borg,Accepted
flowering plants,Equisetopsida,Caryophyllanae,Caryophyllales,Cactaceae,Coryphantha,Coryphantha elephantidens,,Accepted
flowering plants,Equisetopsida,Caryophyllanae,Caryophyllales,Cactaceae,Melocactus,Melocactus grisoleoviridis,Buining & Brederoo,No opinion
flowering plants,Equisetopsida,Caryophyllanae,Caryophyllales,Cactaceae,Mammillaria,Mammillaria hertrichiana,R.T. Craig,Accepted
flowering plants,Equisetopsida,Caryophyllanae,Caryophyllales,Cactaceae,Cylindropuntia,Cylindropuntia caribaea,(Britton & Rose) F.M. Knuth,Accepted
flowering plants,Equisetopsida,Caryophyllanae,Caryophyllales,Cactaceae,Ferocactus,Ferocactus viridescens,(G.E. Linds.) F. Wolf & R. Wolf,Accepted
flowering plants,Equisetopsida,Caryophyllanae,Caryophyllales,Cactaceae,Mammillaria,Mammillaria erythrocalix,Buchenau,No opinion
flowering plants,Equisetopsida,Caryophyllanae,Caryophyllales,Cactaceae,Coryphantha,Coryphantha sneedii,(Hester) A.D. Zimmerman,Accepted
flowering plants,Equisetopsida,Caryophyllanae,Caryophyllales,Cactaceae,Echinopsis,Echinopsis chiloensis,(Johow) M. Lowry,Accepted
flowering plants,Equisetopsida,Caryophyllanae,Caryophyllales,Cactaceae,Opuntia,Opuntia yanganucensis,(Rauh & Backeb.) G.D. Rowley,Accepted
flowering plants,Equisetopsida,Caryophyllanae,Caryophyllales,Cactaceae,Browningia,Browningia albiceps,F. Ritter,Accepted
flowering plants,Equisetopsida,Caryophyllanae,Caryophyllales,Cactaceae,Copiapoa,Copiapoa eremophila,F. Ritter,Accepted
flowering plants,Equisetopsida,Caryophyllanae,Caryophyllales,Cactaceae,Echinocereus,Echinocereus ortegae,Rose ex J.G. Ortega,No opinion
flowering plants,Equisetopsida,Caryophyllanae,Caryophyllales,Cactaceae,Echinopsis,Echinopsis lagemannii,D. Dietr.,No opinion
flowering plants,Equisetopsida,Caryophyllanae,Caryophyllales,Cactaceae,Gymnocalycium,Gymnocalycium andreae,(Boed.) Backeb. & F.M. Knuth,Accepted
flowering plants,Equisetopsida,Caryophyllanae,Caryophyllales,Cactaceae,Echinocereus,Echinocereus rigidissimus,(Engelm.) hort ex F. Haage,Accepted
flowering plants,Equisetopsida,Caryophyllanae,Caryophyllales,Cactaceae,Pediocactus,Pediocactus hermannii,W.T. Marshall,Accepted
flowering plants,Equisetopsida,Caryophyllanae,Caryophyllales,Cactaceae,Opuntia,Opuntia spinotecta,Griffiths,No opinion
flowering plants,Equisetopsida,Caryophyllanae,Caryophyllales,Cactaceae,Espostoa,Espostoa calva,F. Ritter,Accepted
flowering plants,Equisetopsida,Caryophyllanae,Caryophyllales,Cactaceae,Echinopsis,Echinopsis tarijensis,(Vaupel) Friedrich & G.D.Rowley,Accepted
flowering plants,Equisetopsida,Caryophyllanae,Caryophyllales,Cactaceae,Parodia,Parodia herteri,(Werderm.) N.P. Taylor,Accepted
flowering plants,Equisetopsida,Caryophyllanae,Caryophyllales,Cactaceae,Opuntia,Opuntia cymochila,Engelm. & J.M. Bigelow,Accepted
flowering plants,Equisetopsida,Caryophyllanae,Caryophyllales,Cactaceae,Eriosyce,Eriosyce spinosior,(F. Ritter) P. C. Guerrero & Helmut Walter,Accepted
flowering plants,Equisetopsida,Caryophyllanae,Caryophyllales,Cactaceae,Lobivia,Lobivia pygmaea,Rausch,No opinion
flowering plants,Equisetopsida,Caryophyllanae,Caryophyllales,Cactaceae,Maihuenia,Maihuenia patagonica,(Phil.) Britton & Rose,Accepted
flowering plants,Equisetopsida,Caryophyllanae,Caryophyllales,Cactaceae,Gymnocalycium,Gymnocalycium schickendantzii,Neuhuber,No opinion
flowering plants,Equisetopsida,Caryophyllanae,Caryophyllales,Cactaceae,Schlumbergera,Schlumbergera exotica,,No opinion
flowering plants,Equisetopsida,Caryophyllanae,Caryophyllales,Cactaceae,Mammillaria,Mammillaria surculosa,Boed.,Accepted
flowering plants,Equisetopsida,Caryophyllanae,Caryophyllales,Cactaceae,Epithelantha,Epithelantha micromeris,(L.D.Benson) U.Guzmán,Accepted
flowering plants,Equisetopsida,Caryophyllanae,Caryophyllales,Cactaceae,Mammillaria,Mammillaria petrophila,(Rose ex Quehl) D.R. Hunt,Accepted
flowering plants,Equisetopsida,Caryophyllanae,Caryophyllales,Cactaceae,Leptocereus,Leptocereus sylvestris,Britton & Rose,Accepted
flowering plants,Equisetopsida,Caryophyllanae,Caryophyllales,Cactaceae,Cylindropuntia,Cylindropuntia fosbergii,"(C.B.Wolf) Rebman, M.A.Baker & Pinkava",Accepted
flowering plants,Equisetopsida,Caryophyllanae,Caryophyllales,Cactaceae,Pilosocereus,Pilosocereus cometes,(Scheidw.) Byles & G.D. Rowley,Accepted
flowering plants,Equisetopsida,Caryophyllanae,Caryophyllales,Cactaceae,Echinocereus,Echinocereus pectinatus,(L.D. Benson) W. Blum & Rutow,Accepted
flowering plants,Equisetopsida,Caryophyllanae,Caryophyllales,Cactaceae,Echinocereus,Echinocereus scheeri,(Clover) N.P. Taylor,Accepted
flowering plants,Equisetopsida,Caryophyllanae,Caryophyllales,Cactaceae,Mila,Mila nealeana,Backeb.,Accepted
flowering plants,Equisetopsida,Caryophyllanae,Caryophyllales,Cactaceae,Pilosocereus,Pilosocereus machrisii,(E.Y. Dawson) Backeb.,Accepted
flowering plants,Equisetopsida,Caryophyllanae,Caryophyllales,Cactaceae,Lobivia,Lobivia pygmaea,(R.E. Fr.) Backeb.,Accepted
flowering plants,Equisetopsida,Caryophyllanae,Caryophyllales,Cactaceae,Marginatocereus,Marginatocereus marginatus,(DC.) Backeb.,Accepted
flowering plants,Equisetopsida,Caryophyllanae,Caryophyllales,Cactaceae,Opuntia,Opuntia phaeacantha,,Accepted
flowering plants,Equisetopsida,Caryophyllanae,Caryophyllales,Cactaceae,Rhipsalis,Rhipsalis shaferi,Britton & Rose,Accepted
flowering plants,Equisetopsida,Caryophyllanae,Caryophyllales,Cactaceae,Gymnocalycium,Gymnocalycium hyptiacanthum,(Arechav.) Mereg.,Accepted
flowering plants,Equisetopsida,Caryophyllanae,Caryophyllales,Cactaceae,Thelocephala,Thelocephala napina,(Phil.) Y. Itô,Accepted
flowering plants,Equisetopsida,Caryophyllanae,Caryophyllales,Cactaceae,Haageocereus,Haageocereus vulpes,F. Ritter,Accepted
flowering plants,Equisetopsida,Caryophyllanae,Caryophyllales,Cactaceae,Eriosyce,Eriosyce omasensis,(Ostolaza & Mischler) Ostolaza,Accepted
flowering plants,Equisetopsida,Caryophyllanae,Caryophyllales,Cactaceae,Lobivia,Lobivia maximiliana,Rausch,Accepted
flowering plants,Equisetopsida,Caryophyllanae,Caryophyllales,Cactaceae,Acanthorhipsalis,Acanthorhipsalis brevispina,Doweld,No opinion
flowering plants,Equisetopsida,Caryophyllanae,Caryophyllales,Cactaceae,Turbinicarpus,Turbinicarpus roseiflorus,Backeb.,Accepted
flowering plants,Equisetopsida,Caryophyllanae,Caryophyllales,Cactaceae,Pilosocereus,Pilosocereus flavipulvinatus,(Buining & Brederoo) F. Ritter,Accepted
flowering plants,Equisetopsida,Caryophyllanae,Caryophyllales,Cactaceae,Grusonia,Grusonia pulchella,(Engelm.) H. Rob.,Accepted
flowering plants,Equisetopsida,Caryophyllanae,Caryophyllales,Cactaceae,Lobivia,Lobivia caespitosa,(J.A. Purpus) Britton & Rose,Accepted
flowering plants,Equisetopsida,Caryophyllanae,Caryophyllales,Cactaceae,Selenicereus,Selenicereus innesii,Kimnach,Accepted
flowering plants,Equisetopsida,Caryophyllanae,Caryophyllales,Cactaceae,Notocactus,Notocactus muegelianus,T.Engel,No opinion
flowering plants,Equisetopsida,Caryophyllanae,Caryophyllales,Cactaceae,Opuntia,Opuntia punta-caillan,(Rauh & Backeb.) G.D. Rowley,Accepted
flowering plants,Equisetopsida,Caryophyllanae,Caryophyllales,Cactaceae,Echinopsis,Echinopsis volliana,(Backeb.) Friedrich & G.D.Rowley,Accepted
flowering plants,Equisetopsida,Caryophyllanae,Caryophyllales,Cactaceae,Cylindropuntia,Cylindropuntia santamaria,(Baxter) Rebman,Accepted
flowering plants,Equisetopsida,Caryophyllanae,Caryophyllales,Cactaceae,Rapicactus,Rapicactus zaragosae,(Glass & R.A.Foster) D.Donati,No opinion
flowering plants,Equisetopsida,Caryophyllanae,Caryophyllales,Cactaceae,Pilosocereus,Pilosocereus fulvilanatus,,Accepted
flowering plants,Equisetopsida,Caryophyllanae,Caryophyllales,Cactaceae,Sulcorebutia,Sulcorebutia krugerae,(Cárdenas) F.Ritter,No opinion
flowering plants,Equisetopsida,Caryophyllanae,Caryophyllales,Cactaceae,Mammillaria,Mammillaria puberula,Repp.,No opinion
flowering plants,Equisetopsida,Caryophyllanae,Caryophyllales,Cactaceae,Eriosyce,Eriosyce heinrichiana,(Backeb.) Katt.,Accepted
flowering plants,Equisetopsida,Caryophyllanae,Caryophyllales,Cactaceae,Echinopsis,Echinopsis terscheckii,(Parm.) Friedrich & G.D.Rowley,Accepted
flowering plants,Equisetopsida,Caryophyllanae,Caryophyllales,Cactaceae,Echinocereus,Echinocereus cinerascens,,Accepted
flowering plants,Equisetopsida,Caryophyllanae,Caryophyllales,Cactaceae,Grusonia,Grusonia vilis,(Rose) H. Rob.,Accepted
flowering plants,Equisetopsida,Caryophyllanae,Caryophyllales,Cactaceae,Stenocactus,Stenocactus multicostatus,(Britton & Rose) U. Guzmán & Vazq.-Ben.,Accepted
flowering plants,Equisetopsida,Caryophyllanae,Caryophyllales,Cactaceae,Epithelantha,Epithelantha micromeris,(Engelm.) F.A.C. Weber ex Britton & Rose,Accepted
flowering plants,Equisetopsida,Caryophyllanae,Caryophyllales,Cactaceae,Kimnachia,Kimnachia ramulosa,(Salm-Dyck) S. Arias & N. Korotkova,Accepted
flowering plants,Equisetopsida,Caryophyllanae,Caryophyllales,Cactaceae,Coryphantha,Coryphantha maiz-tablasensis,O.Schwarz,Accepted
flowering plants,Equisetopsida,Caryophyllanae,Caryophyllales,Cactaceae,Opuntia,Opuntia intermedia,Salm-Dyck,No opinion
flowering plants,Equisetopsida,Caryophyllanae,Caryophyllales,Cactaceae,Pediocactus,Pediocactus simpsonii,(Engelm.) Britton & Rose,Accepted
flowering plants,Equisetopsida,Caryophyllanae,Caryophyllales,Cactaceae,Armatocereus,Armatocereus ghiesbreghtii,(K. Schum.) F. Ritter,No opinion
flowering plants,Equisetopsida,Caryophyllanae,Caryophyllales,Cactaceae,Opuntia,Opuntia inaperta,(Schott ex Griffiths) D.R. Hunt,Accepted
flowering plants,Equisetopsida,Caryophyllanae,Caryophyllales,Cactaceae,Coryphantha,Coryphantha zilziana,Boed.,Accepted
flowering plants,Equisetopsida,Caryophyllanae,Caryophyllales,Cactaceae,Copiapoa,Copiapoa megarhiza,(F.Ritter) A.E.Hoffm.,Accepted
flowering plants,Equisetopsida,Caryophyllanae,Caryophyllales,Cactaceae,Pachycereus,Pachycereus schottii,(Engelm.) D.R. Hunt,Accepted
flowering plants,Equisetopsida,Caryophyllanae,Caryophyllales,Cactaceae,Mammillaria,Mammillaria hamiltonhoytiae,(Bravo) Werderm.,No opinion
flowering plants,Equisetopsida,Caryophyllanae,Caryophyllales,Cactaceae,Turbinicarpus,Turbinicarpus schwarzii,Gerhart Frank,No opinion
flowering plants,Equisetopsida,Caryophyllanae,Caryophyllales,Cactaceae,Wigginsia,Wigginsia sesseliflora,(Mackie ex Hook.) D.M.Porter,No opinion
flowering plants,Equisetopsida,Caryophyllanae,Caryophyllales,Cactaceae,Pyrrhocactus,Pyrrhocactus taltalensis,(Hutchison) F. Ritter,Accepted
flowering plants,Equisetopsida,Caryophyllanae,Caryophyllales,Cactaceae,Cereus,Cereus hertrichianus,Werderm.,Accepted
flowering plants,Equisetopsida,Caryophyllanae,Caryophyllales,Cactaceae,Coryphantha,Coryphantha clavata,,Accepted
flowering plants,Equisetopsida,Caryophyllanae,Caryophyllales,Cactaceae,Echinopsis,Echinopsis calochlora,K. Schum.,Accepted
flowering plants,Equisetopsida,Caryophyllanae,Caryophyllales,Cactaceae,Cereus,Cereus braunii,Cárdenas,Accepted
flowering plants,Equisetopsida,Caryophyllanae,Caryophyllales,Cactaceae,Sulcorebutia,Sulcorebutia vasqueziana,Rausch,Accepted
flowering plants,Equisetopsida,Caryophyllanae,Caryophyllales,Cactaceae,Cactus,Cactus tenuis,(DC.) Kuntze,Accepted
flowering plants,Equisetopsida,Caryophyllanae,Caryophyllales,Cactaceae,Gymnocalycium,Gymnocalycium marsoneri,(Buining & Brederoo) P.J. Braun & Esteves,Accepted
flowering plants,Equisetopsida,Caryophyllanae,Caryophyllales,Cactaceae,Opuntia,Opuntia sulphurea,,No opinion
flowering plants,Equisetopsida,Caryophyllanae,Caryophyllales,Cactaceae,Echinocereus,Echinocereus bristolii,,No opinion
flowering plants,Equisetopsida,Caryophyllanae,Caryophyllales,Cactaceae,Mammillaria,Mammillaria discolor,Haw.,Accepted
flowering plants,Equisetopsida,Caryophyllanae,Caryophyllales,Cactaceae,Coryphantha,Coryphantha poselgeriana,(D.Dietr.) Britton & Rose,Accepted
flowering plants,Equisetopsida,Caryophyllanae,Caryophyllales,Cactaceae,Mammillaria,Mammillaria backebergiana,F.G. Buchenau,Accepted
flowering plants,Equisetopsida,Caryophyllanae,Caryophyllales,Cactaceae,Eriosyce,Eriosyce calderana,(F.Ritter) Ferryman,Accepted
flowering plants,Equisetopsida,Caryophyllanae,Caryophyllales,Cactaceae,Monvillea,Monvillea kroenleinii,R. Kiesling,Accepted
flowering plants,Equisetopsida,Caryophyllanae,Caryophyllales,Cactaceae,Opuntia,Opuntia airampo,Phil.,No opinion
flowering plants,Equisetopsida,Caryophyllanae,Caryophyllales,Cactaceae,Mammillaria,Mammillaria weingartiana,Boed.,Accepted
flowering plants,Equisetopsida,Caryophyllanae,Caryophyllales,Cactaceae,Echinopsis,Echinopsis conaconensis,(Cárdenas) Friedrich & G.D. Rowley,Accepted
flowering plants,Equisetopsida,Caryophyllanae,Caryophyllales,Cactaceae,Opuntia,Opuntia apurimacensis,(F. Ritter) R. Crook & Mottram,Accepted
flowering plants,Equisetopsida,Caryophyllanae,Caryophyllales,Cactaceae,Cereus,Cereus torulosus,Werderm.,No opinion
flowering plants,Equisetopsida,Caryophyllanae,Caryophyllales,Cactaceae,Opuntia,Opuntia tunoidea,Gibbes,Accepted
flowering plants,Equisetopsida,Caryophyllanae,Caryophyllales,Cactaceae,Echinomastus,Echinomastus intertextus,(Engelm.) U. Guzmán,Accepted
flowering plants,Equisetopsida,Caryophyllanae,Caryophyllales,Cactaceae,Parodia,Parodia oxycostata,(F. Ritter) Hofacker,Accepted
flowering plants,Equisetopsida,Caryophyllanae,Caryophyllales,Cactaceae,Opuntia,Opuntia hitchcockii,J.G. Ortega,Accepted
flowering plants,Equisetopsida,Caryophyllanae,Caryophyllales,Cactaceae,Echinopsis,Echinopsis bridgesii,(F. Ritter) P.J. Braun & Esteves,Accepted
flowering plants,Equisetopsida,Caryophyllanae,Caryophyllales,Cactaceae,Ferocactus,Ferocactus macrodiscus,(Mart.) Britton & Rose,Accepted
flowering plants,Equisetopsida,Caryophyllanae,Caryophyllales,Cactaceae,Mammillaria,Mammillaria painteri,Rose,Accepted
flowering plants,Equisetopsida,Caryophyllanae,Caryophyllales,Cactaceae,Eulychnia,Eulychnia saint-pieana,F. Ritter,Accepted
flowering plants,Equisetopsida,Caryophyllanae,Caryophyllales,Cactaceae,Neochilenia,Neochilenia wagenknechtii,(F. Ritter) Backeb.,Accepted
flowering plants,Equisetopsida,Caryophyllanae,Caryophyllales,Cactaceae,Rhipsalis,Rhipsalis hylaea,F. Ritter,Accepted
flowering plants,Equisetopsida,Caryophyllanae,Caryophyllales,Cactaceae,Opuntia,Opuntia hispanica,Griffiths,No opinion
flowering plants,Equisetopsida,Caryophyllanae,Caryophyllales,Cactaceae,Lepismium,Lepismium crenatum,(Britton) Barthlott,Accepted
flowering plants,Equisetopsida,Caryophyllanae,Caryophyllales,Cactaceae,Pachycereus,Pachycereus schottii,(A.M. Carter) P.V. Heath,Accepted
flowering plants,Equisetopsida,Caryophyllanae,Caryophyllales,Cactaceae,Harrisia,Harrisia divaricata,(Lam.) Backeb.,Accepted
flowering plants,Equisetopsida,Caryophyllanae,Caryophyllales,Cactaceae,Cactus,Cactus odieranus,(Lem.) Kuntze,Accepted
flowering plants,Equisetopsida,Caryophyllanae,Caryophyllales,Cactaceae,Notocactus,Notocactus neoarechavaletae,N. Gerloff,No opinion
flowering plants,Equisetopsida,Caryophyllanae,Caryophyllales,Cactaceae,Copiapoa,Copiapoa montana,F. Ritter,Accepted
flowering plants,Equisetopsida,Caryophyllanae,Caryophyllales,Cactaceae,Copiapoa,Copiapoa alticostata,F.Ritter,Accepted
flowering plants,Equisetopsida,Caryophyllanae,Caryophyllales,Cactaceae,Parodia,Parodia laui,F.H. Brandt,Accepted
flowering plants,Equisetopsida,Caryophyllanae,Caryophyllales,Cactaceae,Neomammillaria,Neomammillaria goodridgei,(Scheer) Britton & Rose,Accepted
flowering plants,Equisetopsida,Caryophyllanae,Caryophyllales,Cactaceae,Frailea,Frailea friedrichii,Buining & G.Moser,Accepted
flowering plants,Equisetopsida,Caryophyllanae,Caryophyllales,Cactaceae,Cereus,Cereus polyachaetus,Rchb.,Accepted
flowering plants,Equisetopsida,Caryophyllanae,Caryophyllales,Cactaceae,Melocactus,Melocactus azureus,(Buining & Brederoo) N.P. Taylor,Accepted
flowering plants,Equisetopsida,Caryophyllanae,Caryophyllales,Cactaceae,Opuntia,Opuntia grosseiana,F.A.C.Weber,No opinion
flowering plants,Equisetopsida,Caryophyllanae,Caryophyllales,Cactaceae,Echinomastus,Echinomastus unguispinus,,No opinion
flowering plants,Equisetopsida,Caryophyllanae,Caryophyllales,Cactaceae,Opuntia,Opuntia polyacantha,(L.D. Benson) Parfitt,Accepted
flowering plants,Equisetopsida,Caryophyllanae,Caryophyllales,Cactaceae,Opuntia,Opuntia elata,Link & Otto ex Salm-Dyck,Accepted
flowering plants,Equisetopsida,Caryophyllanae,Caryophyllales,Cactaceae,Opuntia,Opuntia macrocentra,Engelm.,Accepted
flowering plants,Equisetopsida,Caryophyllanae,Caryophyllales,Cactaceae,Oreocereus,Oreocereus hempelianus,(Gürke) D.R. Hunt,Accepted
flowering plants,Equisetopsida,Caryophyllanae,Caryophyllales,Cactaceae,Mammillaria,Mammillaria microthele,Muehlenpf.,No opinion
flowering plants,Equisetopsida,Caryophyllanae,Caryophyllales,Cactaceae,Gymnocalycium,Gymnocalycium paraguayense,(K. Schum.) Schütz,Accepted
flowering plants,Equisetopsida,Caryophyllanae,Caryophyllales,Cactaceae,Arthrocereus,Arthrocereus mirabilis,(Speg.) W.T. Marshall,Accepted
flowering plants,Equisetopsida,Caryophyllanae,Caryophyllales,Cactaceae,Ferocactus,Ferocactus rectispinus,(Engelm. ex J.M. Coult.) Britton & Rose,Accepted
flowering plants,Equisetopsida,Caryophyllanae,Caryophyllales,Cactaceae,Browningia,Browningia icaensis,F. Ritter,Accepted
flowering plants,Equisetopsida,Caryophyllanae,Caryophyllales,Cactaceae,Eriosyce,Eriosyce aspillagae,(Söhrens) Katt.,Accepted
flowering plants,Equisetopsida,Caryophyllanae,Caryophyllales,Cactaceae,Corryocactus,Corryocactus gracilis,F. Ritter,Accepted
flowering plants,Equisetopsida,Caryophyllanae,Caryophyllales,Cactaceae,Stenocereus,Stenocereus thurberi,(Engelm.) Buxb.,Accepted
flowering plants,Equisetopsida,Caryophyllanae,Caryophyllales,Cactaceae,Tunilla,Tunilla erectoclada,(Backeb.) D.R.Hunt & Iliff,No opinion
flowering plants,Equisetopsida,Caryophyllanae,Caryophyllales,Cactaceae,Corryocactus,Corryocactus erectus,(Backeb.) F. Ritter,Accepted
flowering plants,Equisetopsida,Caryophyllanae,Caryophyllales,Cactaceae,Echinopsis,Echinopsis subdenudata,Cárdenas,Accepted
flowering plants,Equisetopsida,Caryophyllanae,Caryophyllales,Cactaceae,Opuntia,Opuntia articulata,(Pfeiff.) D.R. Hunt,Accepted
flowering plants,Equisetopsida,Caryophyllanae,Caryophyllales,Cactaceae,Weingartia,Weingartia cintiensis,Cárdenas,Accepted
flowering plants,Equisetopsida,Caryophyllanae,Caryophyllales,Cactaceae,Mammillaria,Mammillaria magallanii,Schmoll ex R.T. Craig,Accepted
flowering plants,Equisetopsida,Caryophyllanae,Caryophyllales,Cactaceae,Selenicereus,Selenicereus vagans,(K. Brandegee) Britton & Rose,Accepted
flowering plants,Equisetopsida,Caryophyllanae,Caryophyllales,Cactaceae,Acanthocereus,Acanthocereus fosterianus,(Cutak) Lodé,Accepted
flowering plants,Equisetopsida,Caryophyllanae,Caryophyllales,Cactaceae,Mammillaria,Mammillaria picta,Meinsh.,Accepted
flowering plants,Equisetopsida,Caryophyllanae,Caryophyllales,Cactaceae,Echinocereus,Echinocereus mapimiensis,"E.F. Anderson, W.C. Hodgs. & P.Quirk",Accepted
flowering plants,Equisetopsida,Caryophyllanae,Caryophyllales,Cactaceae,Mammillaria,Mammillaria gasseriana,Boed.,Accepted
flowering plants,Equisetopsida,Caryophyllanae,Caryophyllales,Cactaceae,Copiapoa,Copiapoa boliviana,(Pfeiff.) F. Ritter,Accepted
flowering plants,Equisetopsida,Caryophyllanae,Caryophyllales,Cactaceae,Disocactus,Disocactus macdougallii,(Alexander) Barthlott,Accepted
flowering plants,Equisetopsida,Caryophyllanae,Caryophyllales,Cactaceae,Ferocactus,Ferocactus hamatacanthus,,Accepted
flowering plants,Equisetopsida,Caryophyllanae,Caryophyllales,Cactaceae,Cereus,Cereus hexagonus,(L.) Mill.,Accepted
flowering plants,Equisetopsida,Caryophyllanae,Caryophyllales,Cactaceae,Obregonia,Obregonia denegrii,FriÄ,Accepted
flowering plants,Equisetopsida,Caryophyllanae,Caryophyllales,Cactaceae,Echinopsis,Echinopsis friedrichii,G.D.Rowley,Accepted
flowering plants,Equisetopsida,Caryophyllanae,Caryophyllales,Cactaceae,Cereus,Cereus hildmannianus,K.Schum.,Accepted
flowering plants,Equisetopsida,Caryophyllanae,Caryophyllales,Cactaceae,Rhipsalis,Rhipsalis macropogon,K. Schum.,No opinion
flowering plants,Equisetopsida,Caryophyllanae,Caryophyllales,Cactaceae,Coryphantha,Coryphantha wohlschlageri,Holzeis,Accepted
flowering plants,Equisetopsida,Caryophyllanae,Caryophyllales,Cactaceae,Haageocereus,Haageocereus limensis,(Salm-Dyck) F. Ritter,Accepted
flowering plants,Equisetopsida,Caryophyllanae,Caryophyllales,Cactaceae,Mammillaria,Mammillaria jaliscana,(Britton & Rose) Boed.,Accepted
flowering plants,Equisetopsida,Caryophyllanae,Caryophyllales,Cactaceae,Matucana,Matucana aureiflora,F. Ritter,Accepted
flowering plants,Equisetopsida,Caryophyllanae,Caryophyllales,Cactaceae,Coryphantha,Coryphantha glanduligera,(Otto & A.Dietr.) Lem.,Accepted
flowering plants,Equisetopsida,Caryophyllanae,Caryophyllales,Cactaceae,Turbinicarpus,Turbinicarpus dickisoniae,(Glass & R.A. Foster) Glass & A. Hofer,Accepted
flowering plants,Equisetopsida,Caryophyllanae,Caryophyllales,Cactaceae,Echinocereus,Echinocereus occidentalis,"(N.P. Taylor) W. Rischer, S. Breckw. & Breckw.",Accepted
flowering plants,Equisetopsida,Caryophyllanae,Caryophyllales,Cactaceae,Lobivia,Lobivia steinmannii,Rausch,Accepted
flowering plants,Equisetopsida,Caryophyllanae,Caryophyllales,Cactaceae,Hariota,Hariota cylindrica,(Britton & Rose) A.Berger,No opinion
flowering plants,Equisetopsida,Caryophyllanae,Caryophyllales,Cactaceae,Eriosyce,Eriosyce napina,(F.Ritter) Mächler & Helmut Walter,Accepted
flowering plants,Equisetopsida,Caryophyllanae,Caryophyllales,Cactaceae,Rebutia,Rebutia deminuta,(F.A.C. Weber) Britton & Rose,Accepted
flowering plants,Equisetopsida,Caryophyllanae,Caryophyllales,Cactaceae,Echinopsis,Echinopsis rhodacantha,Salm-Dyck,Accepted
flowering plants,Equisetopsida,Caryophyllanae,Caryophyllales,Cactaceae,Opuntia,Opuntia xcurvospina,Griffiths (pro sp.),Accepted
flowering plants,Equisetopsida,Caryophyllanae,Caryophyllales,Cactaceae,Stenocereus,Stenocereus martinezii,(J.G. Ortega) Buxb.,Accepted
flowering plants,Equisetopsida,Caryophyllanae,Caryophyllales,Cactaceae,Frailea,Frailea chiquitana,Cárdenas,Accepted
flowering plants,Equisetopsida,Caryophyllanae,Caryophyllales,Cactaceae,Cereus,Cereus repandus,(L.) Mill.,Accepted
flowering plants,Equisetopsida,Caryophyllanae,Caryophyllales,Cactaceae,Pyrrhocactus,Pyrrhocactus kunzei,(C.F.Först.) Borg,No opinion
flowering plants,Equisetopsida,Caryophyllanae,Caryophyllales,Cactaceae,Corynopuntia,Corynopuntia parishii,(Orcutt) F.M.Knuth,Accepted
flowering plants,Equisetopsida,Caryophyllanae,Caryophyllales,Cactaceae,Lobivia,Lobivia jajoana,(Rausch) Rausch,No opinion
flowering plants,Equisetopsida,Caryophyllanae,Caryophyllales,Cactaceae,Copiapoa,Copiapoa cinerea,,Accepted
flowering plants,Equisetopsida,Caryophyllanae,Caryophyllales,Cactaceae,Cleistocactus,Cleistocactus roseiflorus,(Buining) G.D.Rowley,Accepted
flowering plants,Equisetopsida,Caryophyllanae,Caryophyllales,Cactaceae,Rebutia,Rebutia fidaiana,(Backeb.) D.R. Hunt,Accepted
flowering plants,Equisetopsida,Caryophyllanae,Caryophyllales,Cactaceae,Opuntia,Opuntia colorea,(F. Ritter) D.R. Hunt,Accepted
flowering plants,Equisetopsida,Caryophyllanae,Caryophyllales,Cactaceae,Corryocactus,Corryocactus brevistylus,(K. Schum. ex Vaupel) Britton & Rose,Accepted
flowering plants,Equisetopsida,Caryophyllanae,Caryophyllales,Cactaceae,Mammillaria,Mammillaria blossfeldiana,Boed.,Accepted
flowering plants,Equisetopsida,Caryophyllanae,Caryophyllales,Cactaceae,Opuntia,Opuntia pinkavae,B.D. Parfitt,Accepted
flowering plants,Equisetopsida,Caryophyllanae,Caryophyllales,Cactaceae,Opuntia,Opuntia pituitosa,(F. Ritter) Iliff,Accepted
flowering plants,Equisetopsida,Caryophyllanae,Caryophyllales,Cactaceae,Cereus,Cereus babosus,F.A.C. Weber,No opinion
flowering plants,Equisetopsida,Caryophyllanae,Caryophyllales,Cactaceae,Melocactus,Melocactus inconcinnus,Buining & Brederoo,Accepted
flowering plants,Equisetopsida,Caryophyllanae,Caryophyllales,Cactaceae,Selenicereus,Selenicereus grandiflorus,(L.) Britton & Rose,Accepted
flowering plants,Equisetopsida,Caryophyllanae,Caryophyllales,Cactaceae,Selenicereus,Selenicereus inermis,Britton & Rose,Accepted
flowering plants,Equisetopsida,Caryophyllanae,Caryophyllales,Cactaceae,Espostoa,Espostoa ruficeps,F. Ritter,Accepted
flowering plants,Equisetopsida,Caryophyllanae,Caryophyllales,Cactaceae,Coryphantha,Coryphantha maiz-tablasensis,Schwartz ex Backeb.,No opinion
flowering plants,Equisetopsida,Caryophyllanae,Caryophyllales,Cactaceae,Trichocereus,Trichocereus fabrisii,R. Kiesling,Accepted
flowering plants,Equisetopsida,Caryophyllanae,Caryophyllales,Cactaceae,Ariocarpus,Ariocarpus retusus,Halda & Horácek,Accepted
flowering plants,Equisetopsida,Caryophyllanae,Caryophyllales,Cactaceae,Echinopsis,Echinopsis eyriesii,(Turpin) Zucc.,Accepted
flowering plants,Equisetopsida,Caryophyllanae,Caryophyllales,Cactaceae,Opuntia,Opuntia zamudioi,Scheinvar,Accepted
flowering plants,Equisetopsida,Caryophyllanae,Caryophyllales,Cactaceae,Gymnocalycium,Gymnocalycium spegazzinii,Britton & Rose,Accepted
flowering plants,Equisetopsida,Caryophyllanae,Caryophyllales,Cactaceae,Melocactus,Melocactus pachyacanthus,Buining & Brederoo,Accepted
flowering plants,Equisetopsida,Caryophyllanae,Caryophyllales,Cactaceae,Echinocereus,Echinocereus pentalophus,(Engelm.) W. Blum & Mich. Lange,Accepted
flowering plants,Equisetopsida,Caryophyllanae,Caryophyllales,Cactaceae,Parodia,Parodia crassigibba,(F. Ritter) N.P. Taylor,Accepted
flowering plants,Equisetopsida,Caryophyllanae,Caryophyllales,Cactaceae,Cereus,Cereus hankeanus,F.A.C. Weber ex K. Schum.,Accepted
flowering plants,Equisetopsida,Caryophyllanae,Caryophyllales,Cactaceae,Eriosyce,Eriosyce fulva,(F. Ritter) P. C. Guerrero & Helmut Walter,Accepted
flowering plants,Equisetopsida,Caryophyllanae,Caryophyllales,Cactaceae,Opuntia,Opuntia inaequilateralis,A.Berger,Accepted
flowering plants,Equisetopsida,Caryophyllanae,Caryophyllales,Cactaceae,Cumulopuntia,Cumulopuntia chichensis,(Cárdenas) E.F. Anderson,Accepted
flowering plants,Equisetopsida,Caryophyllanae,Caryophyllales,Cactaceae,Frailea,Frailea mammifera,Buining & Brederoo,Accepted
flowering plants,Equisetopsida,Caryophyllanae,Caryophyllales,Cactaceae,Mammillaria,Mammillaria sphacelata,(J.A. Purpus) D.R. Hunt,Accepted
flowering plants,Equisetopsida,Caryophyllanae,Caryophyllales,Cactaceae,Cephalocereus,Cephalocereus apicicephalium,E.Y. Dawson,Accepted
flowering plants,Equisetopsida,Caryophyllanae,Caryophyllales,Cactaceae,Cereus,Cereus hildmannianus,K. Schum.,Accepted
flowering plants,Equisetopsida,Caryophyllanae,Caryophyllales,Cactaceae,Echinocereus,Echinocereus trichacanthus,Wimm.,No opinion
flowering plants,Equisetopsida,Caryophyllanae,Caryophyllales,Cactaceae,Mammillaria,Mammillaria berkiana,A.B. Lau,Accepted
flowering plants,Equisetopsida,Caryophyllanae,Caryophyllales,Cactaceae,Haageocereus,Haageocereus pacalaensis,Backeb.,Accepted
flowering plants,Equisetopsida,Caryophyllanae,Caryophyllales,Cactaceae,Leptocereus,Leptocereus leonii,Britton & Rose,Accepted
flowering plants,Equisetopsida,Caryophyllanae,Caryophyllales,Cactaceae,Nopalea,Nopalea guatemalensis,Roze,Accepted
flowering plants,Equisetopsida,Caryophyllanae,Caryophyllales,Cactaceae,Subpilocereus,Subpilocereus repandus,(L.) Backeb.,Accepted
flowering plants,Equisetopsida,Caryophyllanae,Caryophyllales,Cactaceae,Echinocactus,Echinocactus lemairei,Monv. ex Lem.,Accepted
flowering plants,Equisetopsida,Caryophyllanae,Caryophyllales,Cactaceae,Coryphantha,Coryphantha pallida,,Accepted
flowering plants,Equisetopsida,Caryophyllanae,Caryophyllales,Cactaceae,Parodia,Parodia kilianana,Backeb.,No opinion
flowering plants,Equisetopsida,Caryophyllanae,Caryophyllales,Cactaceae,Dendrocereus,Dendrocereus nudiflorus,(Engelm. ex Sauvalle) Britton & Rose,No opinion
flowering plants,Equisetopsida,Caryophyllanae,Caryophyllales,Cactaceae,Parodia,Parodia neoarechavaletae,(Havlicek) D.R. Hunt,Accepted
flowering plants,Equisetopsida,Caryophyllanae,Caryophyllales,Cactaceae,Opuntia,Opuntia polycarpa,Small,Accepted
flowering plants,Equisetopsida,Caryophyllanae,Caryophyllales,Cactaceae,Opuntia,Opuntia ammophila,Small,Accepted
flowering plants,Equisetopsida,Caryophyllanae,Caryophyllales,Cactaceae,Cactus,Cactus spectabilis,(Muehlenpf.) Kuntze,Accepted
flowering plants,Equisetopsida,Caryophyllanae,Caryophyllales,Cactaceae,Mammillaria,Mammillaria rekoi,,Accepted
flowering plants,Equisetopsida,Caryophyllanae,Caryophyllales,Cactaceae,Opuntia,Opuntia acaulis,Ekman & Werderm.,Accepted
flowering plants,Equisetopsida,Caryophyllanae,Caryophyllales,Cactaceae,Gymnocalycium,Gymnocalycium erolesii,Neuhuber & C.A.L.Bercht,Accepted
flowering plants,Equisetopsida,Caryophyllanae,Caryophyllales,Cactaceae,Mammillaria,Mammillaria herrerae,Werderm.,Accepted
flowering plants,Equisetopsida,Caryophyllanae,Caryophyllales,Cactaceae,Cleistocana,Cleistocana mirabilis,,No opinion
flowering plants,Equisetopsida,Caryophyllanae,Caryophyllales,Cactaceae,Tephrocactus,Tephrocactus multiareolatus,F. Ritter,Accepted
flowering plants,Equisetopsida,Caryophyllanae,Caryophyllales,Cactaceae,Epiphyllum,Epiphyllum oxypetalum,(DC.) Haw.,Accepted
flowering plants,Equisetopsida,Caryophyllanae,Caryophyllales,Cactaceae,Harrisia,Harrisia divaricata,(Lam.) Lourteig,Accepted
flowering plants,Equisetopsida,Caryophyllanae,Caryophyllales,Cactaceae,Espostoa,Espostoa lanata,(Kunth) Britton & Rose,Accepted
flowering plants,Equisetopsida,Caryophyllanae,Caryophyllales,Cactaceae,Wigginsia,Wigginsia sellowii,(Link & Otto) F.Ritter,No opinion
flowering plants,Equisetopsida,Caryophyllanae,Caryophyllales,Cactaceae,Mammillaria,Mammillaria sheldonii,(Britton & Rose) Boed.,Accepted
flowering plants,Equisetopsida,Caryophyllanae,Caryophyllales,Cactaceae,Cereus,Cereus jamacaru,DC.,Accepted
flowering plants,Equisetopsida,Caryophyllanae,Caryophyllales,Cactaceae,Arrojadoa,Arrojadoa dinae,Buining & Brederoo,Accepted
flowering plants,Equisetopsida,Caryophyllanae,Caryophyllales,Cactaceae,Mammillaria,Mammillaria nunezii,(Backeb.) D.R. Hunt,Accepted
flowering plants,Equisetopsida,Caryophyllanae,Caryophyllales,Cactaceae,Parodia,Parodia erinacea,(Haw.) N.P. Taylor,Accepted
flowering plants,Equisetopsida,Caryophyllanae,Caryophyllales,Cactaceae,Pterocactus,Pterocactus fischeri,Britton & Rose,Accepted
flowering plants,Equisetopsida,Caryophyllanae,Caryophyllales,Cactaceae,Hylocereus,Hylocereus setaceus,(Salm-Dyck ex DC.) Ralf Bauer,Accepted
flowering plants,Equisetopsida,Caryophyllanae,Caryophyllales,Cactaceae,Cereus,Cereus maynardii,J. Paxton,No opinion
flowering plants,Equisetopsida,Caryophyllanae,Caryophyllales,Cactaceae,Lobivia,Lobivia acanthoplegma,(Backeb.) Backeb.,No opinion
flowering plants,Equisetopsida,Caryophyllanae,Caryophyllales,Cactaceae,Turbinicarpus,Turbinicarpus schmiedickeanus,(Glass & R.A. Foster) Glass,Accepted
flowering plants,Equisetopsida,Caryophyllanae,Caryophyllales,Cactaceae,Stenocereus,Stenocereus chacalapensis,(Bravo & T. MacDoug.) Buxb.,Accepted
flowering plants,Equisetopsida,Caryophyllanae,Caryophyllales,Cactaceae,Gymnocalycium,Gymnocalycium schickendantzii,(K.Schum.) G.J.Charles,Accepted
flowering plants,Equisetopsida,Caryophyllanae,Caryophyllales,Cactaceae,Echinocereus,Echinocereus lindsayi,J. Meyrán,Accepted
flowering plants,Equisetopsida,Caryophyllanae,Caryophyllales,Cactaceae,Stenocactus,Stenocactus coptonogonus,(Lem.) A. Berger ex A.W. Hill,Accepted
flowering plants,Equisetopsida,Caryophyllanae,Caryophyllales,Cactaceae,Lobivia,Lobivia jajoiana,Backeb.,Accepted
flowering plants,Equisetopsida,Caryophyllanae,Caryophyllales,Cactaceae,Echinocereus,Echinocereus polyacanthus,Engelm.,Accepted
flowering plants,Equisetopsida,Caryophyllanae,Caryophyllales,Cactaceae,Corryocactus,Corryocactus brachycladus,F. Ritter,Accepted
flowering plants,Equisetopsida,Caryophyllanae,Caryophyllales,Cactaceae,Gymnocalycium,Gymnocalycium stuckertii,(Speg.) Britton & Rose,Accepted
flowering plants,Equisetopsida,Caryophyllanae,Caryophyllales,Cactaceae,Neomammillaria,Neomammillaria scheidweileriana,(Otto) Britton & Rose,Accepted
flowering plants,Equisetopsida,Caryophyllanae,Caryophyllales,Cactaceae,Pilosocereus,Pilosocereus millspaughii,(Britton) Byles & G.D. Rowley,Accepted
flowering plants,Equisetopsida,Caryophyllanae,Caryophyllales,Cactaceae,Sclerocactus,Sclerocactus whipplei,(Engelm. & J.M. Bigelow) Britton & Rose,Accepted
flowering plants,Equisetopsida,Caryophyllanae,Caryophyllales,Cactaceae,Tacinga,Tacinga werneri,(Eggli) N.P. Taylor & Stuppy,Accepted
flowering plants,Equisetopsida,Caryophyllanae,Caryophyllales,Cactaceae,Pacherocactus,Pacherocactus orcuttii,(K.Brandegee) G.D.Rowley,No opinion
flowering plants,Equisetopsida,Caryophyllanae,Caryophyllales,Cactaceae,Parodia,Parodia camargensis,Buining & F. Ritter,Accepted
flowering plants,Equisetopsida,Caryophyllanae,Caryophyllales,Cactaceae,Echinopsis,Echinopsis lateritia,Gürke,Accepted
flowering plants,Equisetopsida,Caryophyllanae,Caryophyllales,Cactaceae,Pilosocereus,Pilosocereus purpusii,(Britton & Rose) Byles & G.D. Rowley,Accepted
flowering plants,Equisetopsida,Caryophyllanae,Caryophyllales,Cactaceae,Gymnocalycium,Gymnocalycium paraguayense,"Mereg., Metzing & R. Kiesling",Accepted
flowering plants,Equisetopsida,Caryophyllanae,Caryophyllales,Cactaceae,Epiphyllum,Epiphyllum crenatum,(Lindl.) G.Don,Accepted
flowering plants,Equisetopsida,Caryophyllanae,Caryophyllales,Cactaceae,Neomammillaria,Neomammillaria mammillaris,(L.) Britton & Rose,Accepted
flowering plants,Equisetopsida,Caryophyllanae,Caryophyllales,Cactaceae,Pereskia,Pereskia diazromeroana,Cárdenas,Accepted
flowering plants,Equisetopsida,Caryophyllanae,Caryophyllales,Cactaceae,Echinocereus,Echinocereus grandis,Britton & Rose,Accepted
flowering plants,Equisetopsida,Caryophyllanae,Caryophyllales,Cactaceae,Echinocactus,Echinocactus cornigerus,DC.,No opinion
flowering plants,Equisetopsida,Caryophyllanae,Caryophyllales,Cactaceae,Echinocereus,Echinocereus stoloniferus,W.T.Marshall,Accepted
flowering plants,Equisetopsida,Caryophyllanae,Caryophyllales,Cactaceae,Neoporteria,Neoporteria villosa,(Monv.) A. Berger,Accepted
flowering plants,Equisetopsida,Caryophyllanae,Caryophyllales,Cactaceae,Pilosocereus,Pilosocereus albisummus,P.J. Braun & Esteves,Accepted
flowering plants,Equisetopsida,Caryophyllanae,Caryophyllales,Cactaceae,Echinopsis,Echinopsis meyeri,Heese,Accepted
flowering plants,Equisetopsida,Caryophyllanae,Caryophyllales,Cactaceae,Echinopsis,Echinopsis pentlandii,(Hook.) Salm-Dyck ex A.Dietr.,Accepted
flowering plants,Equisetopsida,Caryophyllanae,Caryophyllales,Cactaceae,Echinocactus,Echinocactus texensis,Hopffer,Accepted
flowering plants,Equisetopsida,Caryophyllanae,Caryophyllales,Cactaceae,Parodia,Parodia submammulosa,,Accepted
flowering plants,Equisetopsida,Caryophyllanae,Caryophyllales,Cactaceae,Corryocactus,Corryocactus tenuiculus,(Rauh & Backeb.) Hutchison,Accepted
flowering plants,Equisetopsida,Caryophyllanae,Caryophyllales,Cactaceae,Parodia,Parodia taratensis,Cárdenas,Accepted
flowering plants,Equisetopsida,Caryophyllanae,Caryophyllales,Cactaceae,Copiapoa,Copiapoa serpentisulcata,F. Ritter,Accepted
flowering plants,Equisetopsida,Caryophyllanae,Caryophyllales,Cactaceae,Coryphantha,Coryphantha odorata,Boed.,Accepted
flowering plants,Equisetopsida,Caryophyllanae,Caryophyllales,Cactaceae,Echinopsis,Echinopsis hystrichoides,F.Ritter,Accepted
flowering plants,Equisetopsida,Caryophyllanae,Caryophyllales,Cactaceae,Echinopsis,Echinopsis candicans,F.A.C. Weber,No opinion
flowering plants,Equisetopsida,Caryophyllanae,Caryophyllales,Cactaceae,Trichocereus,Trichocereus arboricola,Kimnach,Accepted
flowering plants,Equisetopsida,Caryophyllanae,Caryophyllales,Cactaceae,Copiapoa,Copiapoa humilis,(F. Ritter) A.E. Hoffm.,No opinion
flowering plants,Equisetopsida,Caryophyllanae,Caryophyllales,Cactaceae,Neobuxbaumia,Neobuxbaumia squamulosa,Scheinvar & Sánchez-Mej.,Accepted
flowering plants,Equisetopsida,Caryophyllanae,Caryophyllales,Cactaceae,Acanthocereus,Acanthocereus tetragonus,(L.) Hummelinck,Accepted
flowering plants,Equisetopsida,Caryophyllanae,Caryophyllales,Cactaceae,Coleocephalocereus,Coleocephalocereus estevesii,Diers,Accepted
flowering plants,Equisetopsida,Caryophyllanae,Caryophyllales,Cactaceae,Thelocactus,Thelocactus hexaedrophorus,,Accepted
flowering plants,Equisetopsida,Caryophyllanae,Caryophyllales,Cactaceae,Mammillaria,Mammillaria petrophila,(H.E. Gates) D.R. Hunt,Accepted
flowering plants,Equisetopsida,Caryophyllanae,Caryophyllales,Cactaceae,Echinocereus,Echinocereus nivosus,Glass & R.A. Foster,Accepted
flowering plants,Equisetopsida,Caryophyllanae,Caryophyllales,Cactaceae,Echinocereus,Echinocereus adustus,W.Rischer,No opinion
flowering plants,Equisetopsida,Caryophyllanae,Caryophyllales,Cactaceae,Maihueniopsis,Maihueniopsis conoidea,(Backeb.) F.Ritter,No opinion
flowering plants,Equisetopsida,Caryophyllanae,Caryophyllales,Cactaceae,Echinopsis,Echinopsis backebergii,Werderm.,Accepted
flowering plants,Equisetopsida,Caryophyllanae,Caryophyllales,Cactaceae,Ferocactus,Ferocactus pilosus,(Galeotti ex Salm-Dyck) Werderm.,Accepted
flowering plants,Equisetopsida,Caryophyllanae,Caryophyllales,Cactaceae,Thelocactus,Thelocactus tulensis,(Poselg.) Britton & Rose,Accepted
flowering plants,Equisetopsida,Caryophyllanae,Caryophyllales,Cactaceae,Melocactus,Melocactus schatzlii,Fern. Alonso & Xhonn.,No opinion
flowering plants,Equisetopsida,Caryophyllanae,Caryophyllales,Cactaceae,Mammillaria,Mammillaria densispina,(J.M. Coult.) Orcutt,Accepted
flowering plants,Equisetopsida,Caryophyllanae,Caryophyllales,Cactaceae,Echinocereus,Echinocereus sciurus,(K. Brandegee) Dams,Accepted
flowering plants,Equisetopsida,Caryophyllanae,Caryophyllales,Cactaceae,Coryphantha,Coryphantha recurvata,,Accepted
flowering plants,Equisetopsida,Caryophyllanae,Caryophyllales,Cactaceae,Coryphantha,Coryphantha hesteri,Y. Wright,Accepted
flowering plants,Equisetopsida,Caryophyllanae,Caryophyllales,Cactaceae,Mammillaria,Mammillaria pennispinosa,(Glass & R.A. Foster) D.R. Hunt,Accepted
flowering plants,Equisetopsida,Caryophyllanae,Caryophyllales,Cactaceae,Cylindropuntia,Cylindropuntia thurberi,,Accepted
flowering plants,Equisetopsida,Caryophyllanae,Caryophyllales,Cactaceae,Opuntia,Opuntia jaliscana,Bravo,Accepted
flowering plants,Equisetopsida,Caryophyllanae,Caryophyllales,Cactaceae,Trichocereus,Trichocereus vatteri,R. Kiesling,Accepted
flowering plants,Equisetopsida,Caryophyllanae,Caryophyllales,Cactaceae,Eriosyce,Eriosyce crispa,(F. Ritter) Katt.,Accepted
flowering plants,Equisetopsida,Caryophyllanae,Caryophyllales,Cactaceae,Espostoa,Espostoa lanianuligera,F. Ritter,Accepted
flowering plants,Equisetopsida,Caryophyllanae,Caryophyllales,Cactaceae,Harrisia,Harrisia gracilis,(Mill.) Britton,Accepted
flowering plants,Equisetopsida,Caryophyllanae,Caryophyllales,Cactaceae,Turbinicarpus,Turbinicarpus beguinii,,Accepted
flowering plants,Equisetopsida,Caryophyllanae,Caryophyllales,Cactaceae,Monvillea,Monvillea spegazzinii,(F.A.C. Weber) Britton & Rose,Accepted
flowering plants,Equisetopsida,Caryophyllanae,Caryophyllales,Cactaceae,Sulcorebutia,Sulcorebutia steinbachii,(Werderm.) Backeb.,Accepted
flowering plants,Equisetopsida,Caryophyllanae,Caryophyllales,Cactaceae,Espostoa,Espostoa ritteri,Buining,Accepted
flowering plants,Equisetopsida,Caryophyllanae,Caryophyllales,Cactaceae,Echinomastus,Echinomastus unguispinus,(Runge) U. Guzmán,Accepted
flowering plants,Equisetopsida,Caryophyllanae,Caryophyllales,Cactaceae,Stephanocereus,Stephanocereus leucostele,(Gürke) A. Berger,Accepted
flowering plants,Equisetopsida,Caryophyllanae,Caryophyllales,Cactaceae,Grusonia,Grusonia invicta,(Brandegee) E.F. Anderson,Accepted
flowering plants,Equisetopsida,Caryophyllanae,Caryophyllales,Cactaceae,Echinocactus,Echinocactus wagnerianus,A.Berger,No opinion
flowering plants,Equisetopsida,Caryophyllanae,Caryophyllales,Cactaceae,Maihuenia,Maihuenia poeppigii,(Otto ex Pfeiff.) F.A.C.Weber,Accepted
flowering plants,Equisetopsida,Caryophyllanae,Caryophyllales,Cactaceae,Tephrocactus,Tephrocactus articulatus,(Pfeiff.) Backeb.,Accepted
flowering plants,Equisetopsida,Caryophyllanae,Caryophyllales,Cactaceae,Arrojadoa,Arrojadoa rhodantha,(P.J. Braun & Esteves) P.J. Braun & Esteves,Accepted
flowering plants,Equisetopsida,Caryophyllanae,Caryophyllales,Cactaceae,Rebutia,Rebutia minuscula,K. Schum.,Accepted
flowering plants,Equisetopsida,Caryophyllanae,Caryophyllales,Cactaceae,Arrojadoa,Arrojadoa x albiflora,Buining & Brederoo,Accepted
flowering plants,Equisetopsida,Caryophyllanae,Caryophyllales,Cactaceae,Echinopsis,Echinopsis oxygona,(Link) Zucc.,Accepted
flowering plants,Equisetopsida,Caryophyllanae,Caryophyllales,Cactaceae,Echinopsis,Echinopsis hertrichiana,(Backeb.) D.R. Hunt,Accepted
flowering plants,Equisetopsida,Caryophyllanae,Caryophyllales,Cactaceae,Lophophora,Lophophora williamsii,(Lem. ex Salm-Dyck) J.M. Coult.,Accepted
flowering plants,Equisetopsida,Caryophyllanae,Caryophyllales,Cactaceae,Maihueniopsis,Maihueniopsis glomerata,(Haw.) R. Kiesling,Accepted
flowering plants,Equisetopsida,Caryophyllanae,Caryophyllales,Cactaceae,Monvillea,Monvillea jaenensis,Rauh & Backeb.,Accepted
flowering plants,Equisetopsida,Caryophyllanae,Caryophyllales,Cactaceae,Copiapoa,Copiapoa cinerea,(F. Ritter) Backeb.,Accepted
flowering plants,Equisetopsida,Caryophyllanae,Caryophyllales,Cactaceae,Melocactus,Melocactus caroli-linnaei,N.P. Taylor,Accepted
flowering plants,Equisetopsida,Caryophyllanae,Caryophyllales,Cactaceae,Rebutia,Rebutia leucanthema,F. Ritter,No opinion
flowering plants,Equisetopsida,Caryophyllanae,Caryophyllales,Cactaceae,Opuntia,Opuntia karwinskiana,Salm-Dyck,Accepted
flowering plants,Equisetopsida,Caryophyllanae,Caryophyllales,Cactaceae,Opuntia,Opuntia convexa,Mackensen,No opinion
flowering plants,Equisetopsida,Caryophyllanae,Caryophyllales,Cactaceae,Weberocereus,Weberocereus glaber,(Eichlam) G.D.Rowley,Accepted
flowering plants,Equisetopsida,Caryophyllanae,Caryophyllales,Cactaceae,Escobaria,Escobaria minima,(Baird) D.R.Hunt,Accepted
flowering plants,Equisetopsida,Caryophyllanae,Caryophyllales,Cactaceae,Pyrrhocactus,Pyrrhocactus pachacoensis,Rausch,Accepted
flowering plants,Equisetopsida,Caryophyllanae,Caryophyllales,Cactaceae,Cactus,Cactus procerus,(Ehrenb.) Kuntze,Accepted
flowering plants,Equisetopsida,Caryophyllanae,Caryophyllales,Cactaceae,Echinopsis,Echinopsis rhodotricha,(F. Ritter) F. Ritter,Accepted
flowering plants,Equisetopsida,Caryophyllanae,Caryophyllales,Cactaceae,Rebutia,Rebutia mamillosa,F. Ritter,No opinion
flowering plants,Equisetopsida,Caryophyllanae,Caryophyllales,Cactaceae,Facheiroa,Facheiroa cephaliomelana,,Accepted
flowering plants,Equisetopsida,Caryophyllanae,Caryophyllales,Cactaceae,Echinopsis,Echinopsis glauca,(F. Ritter) Friedrich & G.D. Rowley,Accepted
flowering plants,Equisetopsida,Caryophyllanae,Caryophyllales,Cactaceae,Parodia,Parodia microsperma,(F.A.C. Weber) Speg.,Accepted
flowering plants,Equisetopsida,Caryophyllanae,Caryophyllales,Cactaceae,Echinocereus,Echinocereus triglochidiatus,(Engelm. & J.M.Bigelow) L.D.Benson,Accepted
flowering plants,Equisetopsida,Caryophyllanae,Caryophyllales,Cactaceae,Ariocarpus,Ariocarpus fissuratus,,Accepted
flowering plants,Equisetopsida,Caryophyllanae,Caryophyllales,Cactaceae,Opuntia,Opuntia tunicata,(Lehm.) Pfeiff.,Accepted
flowering plants,Equisetopsida,Caryophyllanae,Caryophyllales,Cactaceae,Mammillaria,Mammillaria aureilanata,Backeb.,Accepted
flowering plants,Equisetopsida,Caryophyllanae,Caryophyllales,Cactaceae,Lobivia,Lobivia taratensis,Cárdenas,Accepted
flowering plants,Equisetopsida,Caryophyllanae,Caryophyllales,Cactaceae,Melocactus,Melocactus pyramidalis,Link & Otto,No opinion
flowering plants,Equisetopsida,Caryophyllanae,Caryophyllales,Cactaceae,Neomammillaria,Neomammillaria armillata,(K. Brandegee) Britton & Rose,Accepted
flowering plants,Equisetopsida,Caryophyllanae,Caryophyllales,Cactaceae,Echinocereus,Echinocereus dasyacanthus,Engelm.,Accepted
flowering plants,Equisetopsida,Caryophyllanae,Caryophyllales,Cactaceae,Mammillaria,Mammillaria wrightii,(Toumey ex K. Schum.) D.R. Hunt,Accepted
flowering plants,Equisetopsida,Caryophyllanae,Caryophyllales,Cactaceae,Coryphantha,Coryphantha duncanii,(Hester) L.D. Benson,Accepted
flowering plants,Equisetopsida,Caryophyllanae,Caryophyllales,Cactaceae,Coryphantha,Coryphantha tripugionacantha,A.B. Lau,Accepted
flowering plants,Equisetopsida,Caryophyllanae,Caryophyllales,Cactaceae,Mammillaria,Mammillaria rekoi,Vaupel,Accepted
flowering plants,Equisetopsida,Caryophyllanae,Caryophyllales,Cactaceae,Lobivia,Lobivia acchaensis,Eb.Scholz,No opinion
flowering plants,Equisetopsida,Caryophyllanae,Caryophyllales,Cactaceae,Selenicereus,Selenicereus undatus,(Haw.) D.R. Hunt,Accepted
flowering plants,Equisetopsida,Caryophyllanae,Caryophyllales,Cactaceae,Discocactus,Discocactus heptacanthus,(Buining & Brederoo) N.P.Taylor & Zappi,Accepted
flowering plants,Equisetopsida,Caryophyllanae,Caryophyllales,Cactaceae,Cleistocactus,Cleistocactus laniceps,(K. Schum.) Rol.-Goss.,Accepted
flowering plants,Equisetopsida,Caryophyllanae,Caryophyllales,Cactaceae,Coryphantha,Coryphantha pottsii,(Scheer) Orcutt,No opinion
flowering plants,Equisetopsida,Caryophyllanae,Caryophyllales,Cactaceae,Matucana,Matucana huagalensis,(Donald & A.B. Lau) Bregmann,Accepted
flowering plants,Equisetopsida,Caryophyllanae,Caryophyllales,Cactaceae,Mammillaria,Mammillaria ingens,Backeb.,No opinion
flowering plants,Equisetopsida,Caryophyllanae,Caryophyllales,Cactaceae,Echinocereus,Echinocereus polyacanthus,(Engelm.) Breckw.,Accepted
flowering plants,Equisetopsida,Caryophyllanae,Caryophyllales,Cactaceae,Echinopsis,Echinopsis coronata,Cárdenas,Accepted
flowering plants,Equisetopsida,Caryophyllanae,Caryophyllales,Cactaceae,Rhipsalis,Rhipsalis micrantha,(Kunth) DC.,Accepted
flowering plants,Equisetopsida,Caryophyllanae,Caryophyllales,Cactaceae,Eriosyce,Eriosyce vertongenii,(J.G. Lamb.) D.R. Hunt,Accepted
flowering plants,Equisetopsida,Caryophyllanae,Caryophyllales,Cactaceae,Cleistocactus,Cleistocactus chrysocephalus,(F.Ritter) Mottram,Accepted
flowering plants,Equisetopsida,Caryophyllanae,Caryophyllales,Cactaceae,Opuntia,Opuntia aurea,E.M. Baxter,Accepted
flowering plants,Equisetopsida,Caryophyllanae,Caryophyllales,Cactaceae,Rhipsalis,Rhipsalis grandiflora,Haw.,Accepted
flowering plants,Equisetopsida,Caryophyllanae,Caryophyllales,Cactaceae,Opuntia,Opuntia basilaris,(Clover & Jotter) L.D. Benson,Accepted
flowering plants,Equisetopsida,Caryophyllanae,Caryophyllales,Cactaceae,Austrocylindropuntia,Austrocylindropuntia verschaffeltii,(F. Cels ex F.A.C. Weber) Backeb.,Accepted
flowering plants,Equisetopsida,Caryophyllanae,Caryophyllales,Cactaceae,Mammillaria,Mammillaria xaltianguensis,Repp.,No opinion
flowering plants,Equisetopsida,Caryophyllanae,Caryophyllales,Cactaceae,Gymnocalycium,Gymnocalycium eurypleurum,F.Ritter,Accepted
flowering plants,Equisetopsida,Caryophyllanae,Caryophyllales,Cactaceae,Copiapoa,Copiapoa dealbata,F.Ritter,Accepted
flowering plants,Equisetopsida,Caryophyllanae,Caryophyllales,Cactaceae,Mammillaria,Mammillaria eriacantha,Link & Otto ex Pfeiff.,Accepted
flowering plants,Equisetopsida,Caryophyllanae,Caryophyllales,Cactaceae,Marniera,Marniera macroptera,(Lem.) Backeb.,Accepted
flowering plants,Equisetopsida,Caryophyllanae,Caryophyllales,Cactaceae,Thelocactus,Thelocactus rinconensis,(Poselger) Britton & Rose,Accepted
flowering plants,Equisetopsida,Caryophyllanae,Caryophyllales,Cactaceae,Mammillaria,Mammillaria glochidiata,Mart.,Accepted
flowering plants,Equisetopsida,Caryophyllanae,Caryophyllales,Cactaceae,Escobaria,Escobaria guadalupensis,Brack & K.D. Heil,Accepted
flowering plants,Equisetopsida,Caryophyllanae,Caryophyllales,Cactaceae,Thelocactus,Thelocactus rinconensis,(Poselger ex Rumpler) Glass,Accepted
flowering plants,Equisetopsida,Caryophyllanae,Caryophyllales,Cactaceae,Echinocereus,Echinocereus nicholii,,Accepted
flowering plants,Equisetopsida,Caryophyllanae,Caryophyllales,Cactaceae,Eriosyce,Eriosyce islayensis,(Ostolaza & Mischler) G.J. Charles,Accepted
flowering plants,Equisetopsida,Caryophyllanae,Caryophyllales,Cactaceae,Copiapoa,Copiapoa krainziana,F. Ritter,Accepted
flowering plants,Equisetopsida,Caryophyllanae,Caryophyllales,Cactaceae,Opuntia,Opuntia martiniana,(L.D. Benson) Parfitt,Accepted
flowering plants,Equisetopsida,Caryophyllanae,Caryophyllales,Cactaceae,Trichocereus,Trichocereus pseudocandicans,R. Kiesling,Accepted
flowering plants,Equisetopsida,Caryophyllanae,Caryophyllales,Cactaceae,Rebutia,Rebutia gonjianii,R. Kiesling,Accepted
flowering plants,Equisetopsida,Caryophyllanae,Caryophyllales,Cactaceae,Monvillea,Monvillea krapovickiana,R. Kiesling,Accepted
flowering plants,Equisetopsida,Caryophyllanae,Caryophyllales,Cactaceae,Arrojadoa,Arrojadoa hofackeriana,(P.J. Braun & Esteves) P.J. Braun & Esteves,Accepted
flowering plants,Equisetopsida,Caryophyllanae,Caryophyllales,Cactaceae,Rhipsalis,Rhipsalis lorentziana,Griseb.,Accepted
flowering plants,Equisetopsida,Caryophyllanae,Caryophyllales,Cactaceae,Opuntia,Opuntia pollardii,Britton & Rose,Accepted
flowering plants,Equisetopsida,Caryophyllanae,Caryophyllales,Cactaceae,Lobivia,Lobivia marsoneri,(Werderm.) Backeb.,Accepted
flowering plants,Equisetopsida,Caryophyllanae,Caryophyllales,Cactaceae,Opuntia,Opuntia arrastradillo,Backeb.,Accepted
flowering plants,Equisetopsida,Caryophyllanae,Caryophyllales,Cactaceae,Cereus,Cereus childsi,Blanc,No opinion
flowering plants,Equisetopsida,Caryophyllanae,Caryophyllales,Cactaceae,Melocactus,Melocactus hernandezii,Fern. Alonso & Xhonn.,No opinion
flowering plants,Equisetopsida,Caryophyllanae,Caryophyllales,Cactaceae,Schlumbergera,Schlumbergera reginae,,No opinion
flowering plants,Equisetopsida,Caryophyllanae,Caryophyllales,Cactaceae,Mammillaria,Mammillaria bocasana,Poselger,Accepted
flowering plants,Equisetopsida,Caryophyllanae,Caryophyllales,Cactaceae,Mammillaria,Mammillaria wiesingeri,,Accepted
flowering plants,Equisetopsida,Caryophyllanae,Caryophyllales,Cactaceae,Cylindropuntia,Cylindropuntia acanthocarpa,(Engelm. & J.M.Bigelow) U.Guzmán,Accepted
flowering plants,Equisetopsida,Caryophyllanae,Caryophyllales,Cactaceae,Neomammillaria,Neomammillaria phaeacantha,(Lem.) Britton & Rose,Accepted
flowering plants,Equisetopsida,Caryophyllanae,Caryophyllales,Cactaceae,Opuntia,Opuntia macrorhiza,Engelm.,Accepted
flowering plants,Equisetopsida,Caryophyllanae,Caryophyllales,Cactaceae,Echinocereus,Echinocereus engelmannii,L.D. Benson,Accepted
flowering plants,Equisetopsida,Caryophyllanae,Caryophyllales,Cactaceae,Mammillaria,Mammillaria perezdelarosae,,Accepted
flowering plants,Equisetopsida,Caryophyllanae,Caryophyllales,Cactaceae,Melocactus,Melocactus paucispinus,Heimen & R. Raul,Accepted
flowering plants,Equisetopsida,Caryophyllanae,Caryophyllales,Cactaceae,Cereus,Cereus uruguayanus,F. Ritter ex R. Kiesling,Accepted
flowering plants,Equisetopsida,Caryophyllanae,Caryophyllales,Cactaceae,Haageocereus,Haageocereus acranthus,,Accepted
flowering plants,Equisetopsida,Caryophyllanae,Caryophyllales,Cactaceae,Mammillaria,Mammillaria laui,,Accepted
flowering plants,Equisetopsida,Caryophyllanae,Caryophyllales,Cactaceae,Lobivia,Lobivia pentlandii,(Cárdenas) Rausch,Accepted
flowering plants,Equisetopsida,Caryophyllanae,Caryophyllales,Cactaceae,Rhipsalis,Rhipsalis barthlottii,Ralf Bauer & N. Korotkova,Accepted
flowering plants,Equisetopsida,Caryophyllanae,Caryophyllales,Cactaceae,Arrojadoa,Arrojadoa heimenii,Van Heek & Strecker,Accepted
flowering plants,Equisetopsida,Caryophyllanae,Caryophyllales,Cactaceae,Lobivia,Lobivia vatteri,Krainz,No opinion
flowering plants,Equisetopsida,Caryophyllanae,Caryophyllales,Cactaceae,Echinocereus,Echinocereus viridiflorus,(D. Weniger) A.D. Zimmerman,Accepted
flowering plants,Equisetopsida,Caryophyllanae,Caryophyllales,Cactaceae,Echinocereus,Echinocereus polyacanthus,(F.A.C.Weber) N.P.Taylor,Accepted
flowering plants,Equisetopsida,Caryophyllanae,Caryophyllales,Cactaceae,Discocactus,Discocactus heptacanthus,,Accepted
flowering plants,Equisetopsida,Caryophyllanae,Caryophyllales,Cactaceae,Opuntia,Opuntia stenarthra,K. Schum.,Accepted
flowering plants,Equisetopsida,Caryophyllanae,Caryophyllales,Cactaceae,Hylocereus,Hylocereus purpusii,(Weing.) Britton & Rose,Accepted
flowering plants,Equisetopsida,Caryophyllanae,Caryophyllales,Cactaceae,Rebutia,Rebutia steinmannii,(Solms) Britton & Rose,Accepted
flowering plants,Equisetopsida,Caryophyllanae,Caryophyllales,Cactaceae,Echinocactus,Echinocactus smithii,Muehlenpf.,No opinion
flowering plants,Equisetopsida,Caryophyllanae,Caryophyllales,Cactaceae,Pediocactus,Pediocactus winkleri,K.D. Heil,Accepted
flowering plants,Equisetopsida,Caryophyllanae,Caryophyllales,Cactaceae,Pseudoacanthocereus,Pseudoacanthocereus brasiliensis,(Britton & Rose) F. Ritter,Accepted
flowering plants,Equisetopsida,Caryophyllanae,Caryophyllales,Cactaceae,Mammillaria,Mammillaria crinita,,Accepted
flowering plants,Equisetopsida,Caryophyllanae,Caryophyllales,Cactaceae,Echinocereus,Echinocereus cinerascens,(DC.) Lem.,Accepted
flowering plants,Equisetopsida,Caryophyllanae,Caryophyllales,Cactaceae,Micranthocereus,Micranthocereus auri-azureus,Buining & Brederoo,Accepted
flowering plants,Equisetopsida,Caryophyllanae,Caryophyllales,Cactaceae,Escobaria,Escobaria zilziana,(Boed.) Backeb.,Accepted
flowering plants,Equisetopsida,Caryophyllanae,Caryophyllales,Cactaceae,Opuntia,Opuntia magnarenensis,Griffiths,No opinion
flowering plants,Equisetopsida,Caryophyllanae,Caryophyllales,Cactaceae,Pereskia,Pereskia portulacifolia,(L.) DC.,Accepted
flowering plants,Equisetopsida,Caryophyllanae,Caryophyllales,Cactaceae,Discocactus,Discocactus catingicola,Buining & Brederoo,Accepted
flowering plants,Equisetopsida,Caryophyllanae,Caryophyllales,Cactaceae,Echinocactus,Echinocactus sessiliflorus,Mackie ex Hook.,No opinion
flowering plants,Equisetopsida,Caryophyllanae,Caryophyllales,Cactaceae,Ferocactus,Ferocactus peninsulae,(Britton & Rose) N.P.Taylor,Accepted
flowering plants,Equisetopsida,Caryophyllanae,Caryophyllales,Cactaceae,Echinopsis,Echinopsis mirabilis,Speg.,Accepted
flowering plants,Equisetopsida,Caryophyllanae,Caryophyllales,Cactaceae,Echinopsis,Echinopsis arachnacantha,(R.Vásquez) M.Lowry,Accepted
flowering plants,Equisetopsida,Caryophyllanae,Caryophyllales,Cactaceae,Opuntia,Opuntia cochinera,Griffiths,Accepted
flowering plants,Equisetopsida,Caryophyllanae,Caryophyllales,Cactaceae,Melocactus,Melocactus horridus,Werderm.,No opinion
flowering plants,Equisetopsida,Caryophyllanae,Caryophyllales,Cactaceae,Echinopsis,Echinopsis spachiana,(Lem.) Friedrich & G.D.Rowley,Accepted
flowering plants,Equisetopsida,Caryophyllanae,Caryophyllales,Cactaceae,Gymnocalycium,Gymnocalycium marsoneri,FriÄ ex Y. Itô,Accepted
flowering plants,Equisetopsida,Caryophyllanae,Caryophyllales,Cactaceae,Mammillaria,Mammillaria sphacelata,Mart.,Accepted
flowering plants,Equisetopsida,Caryophyllanae,Caryophyllales,Cactaceae,Epiphyllum,Epiphyllum hookeri,(Britton & Rose) Ralf Bauer,Accepted
flowering plants,Equisetopsida,Caryophyllanae,Caryophyllales,Cactaceae,Mammillaria,Mammillaria melanocentra,(R. Wolf & F. Wolf) D.R. Hunt,Accepted
flowering plants,Equisetopsida,Caryophyllanae,Caryophyllales,Cactaceae,Weberbauerocereus,Weberbauerocereus cuzcoensis,Knize,Accepted
flowering plants,Equisetopsida,Caryophyllanae,Caryophyllales,Cactaceae,Arrojadoa,Arrojadoa marylaniae,Soares Filho & M. Machado,Accepted
flowering plants,Equisetopsida,Caryophyllanae,Caryophyllales,Cactaceae,Opuntia,Opuntia atrovirens,Speg.,Accepted
flowering plants,Equisetopsida,Caryophyllanae,Caryophyllales,Cactaceae,Weberbauerocereus,Weberbauerocereus weberbaueri,(K. Schum. ex Vaupel) Backeb.,Accepted
flowering plants,Equisetopsida,Caryophyllanae,Caryophyllales,Cactaceae,Opuntia,Opuntia horrida,Salm-Dyck,No opinion
flowering plants,Equisetopsida,Caryophyllanae,Caryophyllales,Cactaceae,Micranthocereus,Micranthocereus purpureus,(Gürke) F. Ritter,Accepted
flowering plants,Equisetopsida,Caryophyllanae,Caryophyllales,Cactaceae,Copiapoa,Copiapoa hypogaea,(Diers) G.J.Charles,Accepted
flowering plants,Equisetopsida,Caryophyllanae,Caryophyllales,Cactaceae,Rhipsalis,Rhipsalis flagelliformis,N.P. Taylor & Zappi,Accepted
flowering plants,Equisetopsida,Caryophyllanae,Caryophyllales,Cactaceae,Echinopsis,Echinopsis tiegeliana,(Wessner) D.R.Hunt,Accepted
flowering plants,Equisetopsida,Caryophyllanae,Caryophyllales,Cactaceae,Parodia,Parodia heteracantha,F.Ritter ex Weskamp,No opinion
flowering plants,Equisetopsida,Caryophyllanae,Caryophyllales,Cactaceae,Mammillaria,Mammillaria alversonii,(J.M. Coult.) Zeiss.,Accepted
flowering plants,Equisetopsida,Caryophyllanae,Caryophyllales,Cactaceae,Sulcorebutia,Sulcorebutia confusa,"Halda, P. Hertus & Horácek",Accepted
flowering plants,Equisetopsida,Caryophyllanae,Caryophyllales,Cactaceae,Gymnocalycium,Gymnocalycium schroederianum,,Accepted
flowering plants,Equisetopsida,Caryophyllanae,Caryophyllales,Cactaceae,Opuntia,Opuntia macracantha,Griseb.,Accepted
flowering plants,Equisetopsida,Caryophyllanae,Caryophyllales,Cactaceae,Opuntia,Opuntia compressa,(Engelm. & J.M. Bigelow) Weniger,Accepted
flowering plants,Equisetopsida,Caryophyllanae,Caryophyllales,Cactaceae,Echinocereus,Echinocereus nicholii,Rutow,Accepted
flowering plants,Equisetopsida,Caryophyllanae,Caryophyllales,Cactaceae,Peniocereus,Peniocereus cuixmalensis,Sánchez-Mej.,Accepted
flowering plants,Equisetopsida,Caryophyllanae,Caryophyllales,Cactaceae,Opuntia,Opuntia lindheimeri,,Accepted
flowering plants,Equisetopsida,Caryophyllanae,Caryophyllales,Cactaceae,Copiapoa,Copiapoa grandiflora,F. Ritter,Accepted
flowering plants,Equisetopsida,Caryophyllanae,Caryophyllales,Cactaceae,Pilosocereus,Pilosocereus brasiliensis,(Britton & Rose) Backeb.,Accepted
flowering plants,Equisetopsida,Caryophyllanae,Caryophyllales,Cactaceae,Echinocereus,Echinocereus polycephalus,Britton & Rose,No opinion
flowering plants,Equisetopsida,Caryophyllanae,Caryophyllales,Cactaceae,Opuntia,Opuntia hirschii,(Backeb.) G.D. Rowley,Accepted
flowering plants,Equisetopsida,Caryophyllanae,Caryophyllales,Cactaceae,Rhipsalis,Rhipsalis floccosa,N.P. Taylor & Zappi,Accepted
flowering plants,Equisetopsida,Caryophyllanae,Caryophyllales,Cactaceae,Mammillaria,Mammillaria formosa,Galeotti ex Scheidw.,Accepted
flowering plants,Equisetopsida,Caryophyllanae,Caryophyllales,Cactaceae,Pilosocereus,Pilosocereus moritzianus,(Otto) Byles & G.D. Rowley,Accepted
flowering plants,Equisetopsida,Caryophyllanae,Caryophyllales,Cactaceae,Pilosocereus,Pilosocereus tuberculatus,(Werderm.) Byles & G.D. Rowley,Accepted
flowering plants,Equisetopsida,Caryophyllanae,Caryophyllales,Cactaceae,Schlumbergera,Schlumbergera microsphaerica,(Loefgr.) D.R. Hunt,Accepted
flowering plants,Equisetopsida,Caryophyllanae,Caryophyllales,Cactaceae,Gymnocalycium,Gymnocalycium sanluisense,Neuhuber,No opinion
flowering plants,Equisetopsida,Caryophyllanae,Caryophyllales,Cactaceae,Corryocactus,Corryocactus pyroporphyranthus,F. Ritter,Accepted
flowering plants,Equisetopsida,Caryophyllanae,Caryophyllales,Cactaceae,Opuntia,Opuntia crassa,Haw.,Accepted
flowering plants,Equisetopsida,Caryophyllanae,Caryophyllales,Cactaceae,Disocactus,Disocactus cinnabarinus,(Eichlam ex Weing.) Barthlott,Accepted
flowering plants,Equisetopsida,Caryophyllanae,Caryophyllales,Cactaceae,Parodia,Parodia carambeiensis,(Buining & Brederoo) Hofacker,Accepted
flowering plants,Equisetopsida,Caryophyllanae,Caryophyllales,Cactaceae,Lobivia,Lobivia cinnabarina,Rausch,Accepted
flowering plants,Equisetopsida,Caryophyllanae,Caryophyllales,Cactaceae,Haageocereus,Haageocereus fascicularis,(Meyen) F. Ritter,Accepted
flowering plants,Equisetopsida,Caryophyllanae,Caryophyllales,Cactaceae,Echinomastus,Echinomastus johnsonii,(Parry ex Engelm.) E.M. Baxter,Accepted
flowering plants,Equisetopsida,Caryophyllanae,Caryophyllales,Cactaceae,Pilosocereus,Pilosocereus brasiliensis,,Accepted
flowering plants,Equisetopsida,Caryophyllanae,Caryophyllales,Cactaceae,Cumulopuntia,Cumulopuntia corotilla,(K. Schum. ex Vaupel) E.F. Anderson,Accepted
flowering plants,Equisetopsida,Caryophyllanae,Caryophyllales,Cactaceae,Pereskia,Pereskia zinniiflora,DC.,Accepted
flowering plants,Equisetopsida,Caryophyllanae,Caryophyllales,Cactaceae,Opuntia,Opuntia littoralis,(Engelm.) Cockerell,Accepted
flowering plants,Equisetopsida,Caryophyllanae,Caryophyllales,Cactaceae,Cactus,Cactus roseus,(Scheidw.) Kuntze,Accepted
flowering plants,Equisetopsida,Caryophyllanae,Caryophyllales,Cactaceae,Corynopuntia,Corynopuntia clavata,(Engelm.) F.M.Knuth,Accepted
flowering plants,Equisetopsida,Caryophyllanae,Caryophyllales,Cactaceae,Mammillaria,Mammillaria lindsayi,R.T. Craig,Accepted
flowering plants,Equisetopsida,Caryophyllanae,Caryophyllales,Cactaceae,Opuntia,Opuntia chihuahuensis,Rose,Accepted
flowering plants,Equisetopsida,Caryophyllanae,Caryophyllales,Cactaceae,Mammillaria,Mammillaria haageana,(C. Ehrenb.) U. Guzmán,Accepted
flowering plants,Equisetopsida,Caryophyllanae,Caryophyllales,Cactaceae,Echinocactus,Echinocactus horizonthalonius,(L.D. Benson) U. Guzmán,Accepted
flowering plants,Equisetopsida,Caryophyllanae,Caryophyllales,Cactaceae,Coryphantha,Coryphantha jalpanensis,Buchenau,Accepted
flowering plants,Equisetopsida,Caryophyllanae,Caryophyllales,Cactaceae,Lobivia,Lobivia rauschii,Zecher,Accepted
flowering plants,Equisetopsida,Caryophyllanae,Caryophyllales,Cactaceae,Neomammillaria,Neomammillaria subpolyedra,(Salm-Dyck) Britton & Rose,Accepted
flowering plants,Equisetopsida,Caryophyllanae,Caryophyllales,Cactaceae,Mammillaria,Mammillaria rhodantha,,Accepted
flowering plants,Equisetopsida,Caryophyllanae,Caryophyllales,Cactaceae,Echinocereus,Echinocereus knippelianus,Liebner,Accepted
flowering plants,Equisetopsida,Caryophyllanae,Caryophyllales,Cactaceae,Mammillaria,Mammillaria columbiana,Salm-Dyck,Accepted
flowering plants,Equisetopsida,Caryophyllanae,Caryophyllales,Cactaceae,Mammillaria,Mammillaria rettigiana,Boed.,Accepted
flowering plants,Equisetopsida,Caryophyllanae,Caryophyllales,Cactaceae,Sulcorebutia,Sulcorebutia purpurea,(Donald & A.B. Lau) Brederoo & Donald,Accepted
flowering plants,Equisetopsida,Caryophyllanae,Caryophyllales,Cactaceae,Matucana,Matucana weberbaueri,(Vaupel) Backeb.,Accepted
flowering plants,Equisetopsida,Caryophyllanae,Caryophyllales,Cactaceae,Matucana,Matucana ritteri,Buining,Accepted
flowering plants,Equisetopsida,Caryophyllanae,Caryophyllales,Cactaceae,Mammillaria,Mammillaria pottsii,Scheer ex Salm-Dyck,Accepted
flowering plants,Equisetopsida,Caryophyllanae,Caryophyllales,Cactaceae,Ferocactus,Ferocactus gracilis,(G.E. Linds.) N.P. Taylor,Accepted
flowering plants,Equisetopsida,Caryophyllanae,Caryophyllales,Cactaceae,Neomammillaria,Neomammillaria villifera,(Otto) Britton & Rose,Accepted
flowering plants,Equisetopsida,Caryophyllanae,Caryophyllales,Cactaceae,Echinocereus,Echinocereus viridiflorus,(Engelm.) Rümpler,Accepted
flowering plants,Equisetopsida,Caryophyllanae,Caryophyllales,Cactaceae,Sulcorebutia,Sulcorebutia tiraquensis,(Cárdenas) F. Ritter,Accepted
flowering plants,Equisetopsida,Caryophyllanae,Caryophyllales,Cactaceae,Opuntia,Opuntia recurvospina,Griffiths,No opinion
flowering plants,Equisetopsida,Caryophyllanae,Caryophyllales,Cactaceae,Nopalea,Nopalea dejecta,(Salm-Dyck) Salm-Dyck,Accepted
flowering plants,Equisetopsida,Caryophyllanae,Caryophyllales,Cactaceae,Echinocereus,Echinocereus coccineus,(Muehlenpf.) Boissev.,Accepted
flowering plants,Equisetopsida,Caryophyllanae,Caryophyllales,Cactaceae,Sulcorebutia,Sulcorebutia cantargalloensis,"Gertel, Jucker & J. de Vries",Accepted
flowering plants,Equisetopsida,Caryophyllanae,Caryophyllales,Cactaceae,Cylindropuntia,Cylindropuntia alcahes,(Britton & Rose) Rebman,Accepted
flowering plants,Equisetopsida,Caryophyllanae,Caryophyllales,Cactaceae,Ariocarpus,Ariocarpus retusus,Weisbarth,No opinion
flowering plants,Equisetopsida,Caryophyllanae,Caryophyllales,Cactaceae,Echinopsis,Echinopsis tegeleriana,(Backeb.) D.R. Hunt,Accepted
flowering plants,Equisetopsida,Caryophyllanae,Caryophyllales,Cactaceae,Echinocereus,Echinocereus rischeri,(R.C.Romer) W.Rischer,Accepted
flowering plants,Equisetopsida,Caryophyllanae,Caryophyllales,Cactaceae,Cereus,Cereus childsii,Blanc,Accepted
flowering plants,Equisetopsida,Caryophyllanae,Caryophyllales,Cactaceae,Gymnocalycium,Gymnocalycium neuhuberi,H. Till & W. Till,Accepted
flowering plants,Equisetopsida,Caryophyllanae,Caryophyllales,Cactaceae,Opuntia,Opuntia riparia,Griffiths,No opinion
flowering plants,Equisetopsida,Caryophyllanae,Caryophyllales,Cactaceae,Selenicereus,Selenicereus wittii,(K.Schum.) G.D.Rowley,Accepted
flowering plants,Equisetopsida,Caryophyllanae,Caryophyllales,Cactaceae,Thelocactus,Thelocactus rinconensis,Lüthy,Accepted
flowering plants,Equisetopsida,Caryophyllanae,Caryophyllales,Cactaceae,Disocactus,Disocactus flagelliformis,(L.) Barthlott,Accepted
flowering plants,Equisetopsida,Caryophyllanae,Caryophyllales,Cactaceae,Notocactus,Notocactus pseudopulvinatus,N.Gerloff,No opinion
flowering plants,Equisetopsida,Caryophyllanae,Caryophyllales,Cactaceae,Mammillaria,Mammillaria columbiana,(Britton & Rose) D.R. Hunt,Accepted
flowering plants,Equisetopsida,Caryophyllanae,Caryophyllales,Cactaceae,Cylindropuntia,Cylindropuntia x neoarbuscula,(Griffiths) F.M.Knuth,Accepted
flowering plants,Equisetopsida,Caryophyllanae,Caryophyllales,Cactaceae,Corryocactus,Corryocactus ayopayanus,Cárdenas,Accepted
flowering plants,Equisetopsida,Caryophyllanae,Caryophyllales,Cactaceae,Opuntia,Opuntia pailana,Weing.,Accepted
flowering plants,Equisetopsida,Caryophyllanae,Caryophyllales,Cactaceae,Brasiliopuntia,Brasiliopuntia schulzii,(A. Cast. & H.V. Lelong) Backeb.,Accepted
flowering plants,Equisetopsida,Caryophyllanae,Caryophyllales,Cactaceae,Echinopsis,Echinopsis obrepanda,(F. Ritter) G. Navarro,Accepted
flowering plants,Equisetopsida,Caryophyllanae,Caryophyllales,Cactaceae,Echinocereus,Echinocereus berlandieri,(Engelm.) J.N.Haage,Accepted
flowering plants,Equisetopsida,Caryophyllanae,Caryophyllales,Cactaceae,Praecereus,Praecereus euchlorus,(Britton & Rose) N.P. Taylor,Accepted
flowering plants,Equisetopsida,Caryophyllanae,Caryophyllales,Cactaceae,Cereus,Cereus argentinensis,Britton & Rose,Accepted
flowering plants,Equisetopsida,Caryophyllanae,Caryophyllales,Cactaceae,Mammillaria,Mammillaria rekoi,(A.B. Lau) D.R. Hunt,Accepted
flowering plants,Equisetopsida,Caryophyllanae,Caryophyllales,Cactaceae,Ferocactus,Ferocactus robustus,(Link & Otto) Britton & Rose,Accepted
flowering plants,Equisetopsida,Caryophyllanae,Caryophyllales,Cactaceae,Oreocereus,Oreocereus australis,(F. Ritter) A.E. Hoffm.,Accepted
flowering plants,Equisetopsida,Caryophyllanae,Caryophyllales,Cactaceae,Gymnocalycium,Gymnocalycium uruguayense,(Arechav.) Britton & Rose,Accepted
flowering plants,Equisetopsida,Caryophyllanae,Caryophyllales,Cactaceae,Echinocereus,Echinocereus fendleri,,Accepted
flowering plants,Equisetopsida,Caryophyllanae,Caryophyllales,Cactaceae,Opuntia,Opuntia brasiliensis,(Willd.) Haw.,Accepted
flowering plants,Equisetopsida,Caryophyllanae,Caryophyllales,Cactaceae,Pilocereus,Pilocereus curtisii,(Otto ex Pfeiff.) Salm-Dyck,Accepted
flowering plants,Equisetopsida,Caryophyllanae,Caryophyllales,Cactaceae,Cleistocactus,Cleistocactus sepium,(Kunth) A.Weber,Accepted
flowering plants,Equisetopsida,Caryophyllanae,Caryophyllales,Cactaceae,Neobuxbaumia,Neobuxbaumia euphorbioides,Buxb.,Accepted
flowering plants,Equisetopsida,Caryophyllanae,Caryophyllales,Cactaceae,Corryocactus,Corryocactus melanotrichus,(K. Schum.) Britton & Rose,Accepted
flowering plants,Equisetopsida,Caryophyllanae,Caryophyllales,Cactaceae,Parodia,Parodia occulta,F. Ritter,Accepted
flowering plants,Equisetopsida,Caryophyllanae,Caryophyllales,Cactaceae,Opuntia,Opuntia calacantha,Forbes ex W.H.Baxter,No opinion
flowering plants,Equisetopsida,Caryophyllanae,Caryophyllales,Cactaceae,Peniocereus,Peniocereus serpentinus,(Lag. & Rodr.) N.P. Taylor,Accepted
flowering plants,Equisetopsida,Caryophyllanae,Caryophyllales,Cactaceae,Cereus,Cereus fernambucensis,Lem.,Accepted
flowering plants,Equisetopsida,Caryophyllanae,Caryophyllales,Cactaceae,Winterocereus,Winterocereus aureispinus,(F. Ritter) Backeb.,Accepted
flowering plants,Equisetopsida,Caryophyllanae,Caryophyllales,Cactaceae,Pseudorhipsalis,Pseudorhipsalis amazonica,(Britton & Rose) Ralf Bauer,Accepted
flowering plants,Equisetopsida,Caryophyllanae,Caryophyllales,Cactaceae,Selenicereus,Selenicereus validus,S. Arias & U. Guzmán,Accepted
flowering plants,Equisetopsida,Caryophyllanae,Caryophyllales,Cactaceae,Hylocereus,Hylocereus trigonus,(Haw.) Saff.,Accepted
flowering plants,Equisetopsida,Caryophyllanae,Caryophyllales,Cactaceae,Echinocereus,Echinocereus primolanatus,Fritz Schwarz ex N.P. Taylor,Accepted
flowering plants,Equisetopsida,Caryophyllanae,Caryophyllales,Cactaceae,Cactus,Cactus wegeneri,(Ehrenb.) Kuntze,Accepted
flowering plants,Equisetopsida,Caryophyllanae,Caryophyllales,Cactaceae,Cephalocereus,Cephalocereus fulviceps,(F.A.C. Weber ex K. Schum.) H.E. Moore,Accepted
flowering plants,Equisetopsida,Caryophyllanae,Caryophyllales,Cactaceae,Cylindropuntia,Cylindropuntia munzii,(C.B. Wolf) Backeb.,Accepted
flowering plants,Equisetopsida,Caryophyllanae,Caryophyllales,Cactaceae,Echinocereus,Echinocereus longisetus,(Engelm.) Rumpler,No opinion
flowering plants,Equisetopsida,Caryophyllanae,Caryophyllales,Cactaceae,Selenicereus,Selenicereus grandiflorus,Ralf Bauer,Accepted
flowering plants,Equisetopsida,Caryophyllanae,Caryophyllales,Cactaceae,Pilosocereus,Pilosocereus quadricentralis,(E.Y. Dawson) Backeb.,Accepted
flowering plants,Equisetopsida,Caryophyllanae,Caryophyllales,Cactaceae,Mammillaria,Mammillaria chionocephala,J.A. Purpus,Accepted
flowering plants,Equisetopsida,Caryophyllanae,Caryophyllales,Cactaceae,Pyrrhocactus,Pyrrhocactus umadeave,(Werderm.) Backeb.,Accepted
flowering plants,Equisetopsida,Caryophyllanae,Caryophyllales,Cactaceae,Haageocereus,Haageocereus multangularis,(Haw.) F. Ritter,Accepted
flowering plants,Equisetopsida,Caryophyllanae,Caryophyllales,Cactaceae,Mammillaria,Mammillaria pottsii,Repp.,No opinion
flowering plants,Equisetopsida,Caryophyllanae,Caryophyllales,Cactaceae,Yavia,Yavia cryptocarpa,R. Kiesling & Piltz,Accepted
flowering plants,Equisetopsida,Caryophyllanae,Caryophyllales,Cactaceae,Echinopsis,Echinopsis boyuibensis,F.Ritter,Accepted
flowering plants,Equisetopsida,Caryophyllanae,Caryophyllales,Cactaceae,Ferocactus,Ferocactus pilosus,(Galeotti) Werderm.,Accepted
flowering plants,Equisetopsida,Caryophyllanae,Caryophyllales,Cactaceae,Echinocereus,Echinocereus delaetii,(Gürke) Gürke,Accepted
flowering plants,Equisetopsida,Caryophyllanae,Caryophyllales,Cactaceae,Oreocereus,Oreocereus doelzianus,(Backeb.) Borg,Accepted
flowering plants,Equisetopsida,Caryophyllanae,Caryophyllales,Cactaceae,Rhipsalis,Rhipsalis novaesii,Loefgr.,No opinion
flowering plants,Equisetopsida,Caryophyllanae,Caryophyllales,Cactaceae,Austrocactus,Austrocactus coxii,(K. Schum.) Backeb.,Accepted
flowering plants,Equisetopsida,Caryophyllanae,Caryophyllales,Cactaceae,Copiapoa,Copiapoa humilis,(F. Ritter) G.J. Charles,Accepted
flowering plants,Equisetopsida,Caryophyllanae,Caryophyllales,Cactaceae,Opuntia,Opuntia gilvoalba,Griffiths,No opinion
flowering plants,Equisetopsida,Caryophyllanae,Caryophyllales,Cactaceae,Eulychnia,Eulychnia aricensis,F. Ritter,Accepted
flowering plants,Equisetopsida,Caryophyllanae,Caryophyllales,Cactaceae,Estevesia,Estevesia alex-bragae,P.J.Braun & Esteves,Accepted
flowering plants,Equisetopsida,Caryophyllanae,Caryophyllales,Cactaceae,Echinopsis,Echinopsis thionantha,(Speg.) D.R. Hunt,Accepted
flowering plants,Equisetopsida,Caryophyllanae,Caryophyllales,Cactaceae,Echinocereus,Echinocereus kroenleinii,(Mich. Lange) W. Blum & Waldeis,Accepted
flowering plants,Equisetopsida,Caryophyllanae,Caryophyllales,Cactaceae,Escobaria,Escobaria duncanii,(Hester) Buxb.,Accepted
flowering plants,Equisetopsida,Caryophyllanae,Caryophyllales,Cactaceae,Gymnocalycium,Gymnocalycium ochoterenae,Backeb.,Accepted
flowering plants,Equisetopsida,Caryophyllanae,Caryophyllales,Cactaceae,Pilosocereus,Pilosocereus aurisetus,(Werderm.) Byles & G.D. Rowley,Accepted
flowering plants,Equisetopsida,Caryophyllanae,Caryophyllales,Cactaceae,Cereus,Cereus heteromorphus,Monv.,No opinion
flowering plants,Equisetopsida,Caryophyllanae,Caryophyllales,Cactaceae,Hylocereus,Hylocereus lemairei,(Hook.) Britton & Rose,Accepted
flowering plants,Equisetopsida,Caryophyllanae,Caryophyllales,Cactaceae,Rhipsalis,Rhipsalis teres,(Vell.) Steud.,Accepted
flowering plants,Equisetopsida,Caryophyllanae,Caryophyllales,Cactaceae,Opuntia,Opuntia megasperma,J.T. Howell,Accepted
flowering plants,Equisetopsida,Caryophyllanae,Caryophyllales,Cactaceae,Cereus,Cereus greggii,,No opinion
flowering plants,Equisetopsida,Caryophyllanae,Caryophyllales,Cactaceae,Cleistocactus,Cleistocactus paraguariensis,F. Ritter,Accepted
flowering plants,Equisetopsida,Caryophyllanae,Caryophyllales,Cactaceae,Cleistocactus,Cleistocactus sepium,(Britton & Rose) Madsen,Accepted
flowering plants,Equisetopsida,Caryophyllanae,Caryophyllales,Cactaceae,Echinocereus,Echinocereus pulchellus,,Accepted
flowering plants,Equisetopsida,Caryophyllanae,Caryophyllales,Cactaceae,Opuntia,Opuntia chisosensis,(Anthony) D.J. Ferguson,Accepted
flowering plants,Equisetopsida,Caryophyllanae,Caryophyllales,Cactaceae,Echinocereus,Echinocereus longisetus,(Engelm.) Lem.,Accepted
flowering plants,Equisetopsida,Caryophyllanae,Caryophyllales,Cactaceae,Lobivia,Lobivia corbula,(Herrera) Britton & Rose,Accepted
flowering plants,Equisetopsida,Caryophyllanae,Caryophyllales,Cactaceae,x Cleistocana,x Cleistocana mirabilis,(Buining) D.R. Hunt,Accepted
flowering plants,Equisetopsida,Caryophyllanae,Caryophyllales,Cactaceae,Opuntia,Opuntia schickendantzii,F.A.C. Weber,Accepted
flowering plants,Equisetopsida,Caryophyllanae,Caryophyllales,Cactaceae,Cylindropuntia,Cylindropuntia santamaria,(E.M.Baxter) Rebman,Accepted
flowering plants,Equisetopsida,Caryophyllanae,Caryophyllales,Cactaceae,Gymnocalycium,Gymnocalycium horstii,(Swales) P.J. Braun & Hofacker,Accepted
flowering plants,Equisetopsida,Caryophyllanae,Caryophyllales,Cactaceae,Parodia,Parodia ocampoi,Cárdenas,Accepted
flowering plants,Equisetopsida,Caryophyllanae,Caryophyllales,Cactaceae,Opuntia,Opuntia repens,Bello,Accepted
flowering plants,Equisetopsida,Caryophyllanae,Caryophyllales,Cactaceae,Stenocereus,Stenocereus eruca,(Brandegee) A.C. Gibson & K.E. Horak,Accepted
flowering plants,Equisetopsida,Caryophyllanae,Caryophyllales,Cactaceae,Mammillaria,Mammillaria rhodantha,(Schmoll ex R.T. Craig) D.R. Hunt,Accepted
flowering plants,Equisetopsida,Caryophyllanae,Caryophyllales,Cactaceae,Opuntia,Opuntia pumila,Rose,Accepted
flowering plants,Equisetopsida,Caryophyllanae,Caryophyllales,Cactaceae,Thelocephala,Thelocephala esmeraldana,(F. Ritter) F. Ritter,Accepted
flowering plants,Equisetopsida,Caryophyllanae,Caryophyllales,Cactaceae,Opuntia,Opuntia decumbens,Salm-Dyck,Accepted
flowering plants,Equisetopsida,Caryophyllanae,Caryophyllales,Cactaceae,Opuntia,Opuntia elata,(K. Schum.) R. Kiesling,Accepted
flowering plants,Equisetopsida,Caryophyllanae,Caryophyllales,Cactaceae,Epiphyllum,Epiphyllum gaertneri,(Regel) K. Schum.,No opinion
flowering plants,Equisetopsida,Caryophyllanae,Caryophyllales,Cactaceae,Tunilla,Tunilla chilensis,(F. Ritter) D.R. Hunt & Iliff,Accepted
flowering plants,Equisetopsida,Caryophyllanae,Caryophyllales,Cactaceae,Borzicactus,Borzicactus wrightii,Hutchison,No opinion
flowering plants,Equisetopsida,Caryophyllanae,Caryophyllales,Cactaceae,Hamatocactus,Hamatocactus hamatocanthus,(Houghton) W.T. Marshall,Accepted
flowering plants,Equisetopsida,Caryophyllanae,Caryophyllales,Cactaceae,Melocactus,Melocactus azureus,,Accepted
flowering plants,Equisetopsida,Caryophyllanae,Caryophyllales,Cactaceae,Thelocactus,Thelocactus rinconensis,(Quehl) Glass,Accepted
flowering plants,Equisetopsida,Caryophyllanae,Caryophyllales,Cactaceae,Glandulicactus,Glandulicactus uncinatus,(Galeotti) Backeb.,Accepted
flowering plants,Equisetopsida,Caryophyllanae,Caryophyllales,Cactaceae,Pyrrhocactus,Pyrrhocactus eriosyzoides,(F. Ritter) F. Ritter,Accepted
flowering plants,Equisetopsida,Caryophyllanae,Caryophyllales,Cactaceae,Echinomastus,Echinomastus johnsonii,,No opinion
flowering plants,Equisetopsida,Caryophyllanae,Caryophyllales,Cactaceae,Stenocereus,Stenocereus humilis,(Britton & Rose) D.R. Hunt,Accepted
flowering plants,Equisetopsida,Caryophyllanae,Caryophyllales,Cactaceae,Echinocereus,Echinocereus viereckii,(Ríha) N.P. Taylor,Accepted
flowering plants,Equisetopsida,Caryophyllanae,Caryophyllales,Cactaceae,Lophocereus,Lophocereus schottii,(K. Brandegee) Borg,Accepted
flowering plants,Equisetopsida,Caryophyllanae,Caryophyllales,Cactaceae,Nopalea,Nopalea lutea,Rose,Accepted
flowering plants,Equisetopsida,Caryophyllanae,Caryophyllales,Cactaceae,Pilosocereus,Pilosocereus colombianus,(Rose) Byles & G.D. Rowley,Accepted
flowering plants,Equisetopsida,Caryophyllanae,Caryophyllales,Cactaceae,Coleocephalocereus,Coleocephalocereus diersianus,P.J. Braun & Esteves,Accepted
flowering plants,Equisetopsida,Caryophyllanae,Caryophyllales,Cactaceae,Mammillaria,Mammillaria duoformis,Repp.,No opinion
flowering plants,Equisetopsida,Caryophyllanae,Caryophyllales,Cactaceae,Opuntia,Opuntia vaseyi,Britton & Rose,No opinion
flowering plants,Equisetopsida,Caryophyllanae,Caryophyllales,Cactaceae,Parodia,Parodia maassii,(Heese) A. Berger,Accepted
flowering plants,Equisetopsida,Caryophyllanae,Caryophyllales,Cactaceae,Opuntia,Opuntia polyacantha,Haw.,Accepted
flowering plants,Equisetopsida,Caryophyllanae,Caryophyllales,Cactaceae,Stenocereus,Stenocereus treleasei,(Vaupel) Backeb.,Accepted
flowering plants,Equisetopsida,Caryophyllanae,Caryophyllales,Cactaceae,Echinopsis,Echinopsis turbinata,Zucc.,No opinion
flowering plants,Equisetopsida,Caryophyllanae,Caryophyllales,Cactaceae,Neoraimondia,Neoraimondia herzogiana,(Backeb.) Buxb. & Krainz,Accepted
flowering plants,Equisetopsida,Caryophyllanae,Caryophyllales,Cactaceae,Cylindropuntia,Cylindropuntia x deserta,(Griffiths) Pinkava,Accepted
flowering plants,Equisetopsida,Caryophyllanae,Caryophyllales,Cactaceae,Mammillaria,Mammillaria glassii,,Accepted
flowering plants,Equisetopsida,Caryophyllanae,Caryophyllales,Cactaceae,Echinocereus,Echinocereus ferreirianus,,Accepted
flowering plants,Equisetopsida,Caryophyllanae,Caryophyllales,Cactaceae,Turbinicarpus,Turbinicarpus alonsoi,Glass & S. Arias,Accepted
flowering plants,Equisetopsida,Caryophyllanae,Caryophyllales,Cactaceae,Brittonrosea,Brittonrosea gladiata,(Link & Otto) Speg.,Accepted
flowering plants,Equisetopsida,Caryophyllanae,Caryophyllales,Cactaceae,Pterocactus,Pterocactus gonjianii,R. Kiesling,Accepted
flowering plants,Equisetopsida,Caryophyllanae,Caryophyllales,Cactaceae,Gymnocalycium,Gymnocalycium chiquitanum,Cárdenas,Accepted
flowering plants,Equisetopsida,Caryophyllanae,Caryophyllales,Cactaceae,Melocactus,Melocactus broadwayi,(Britton & Rose) A. Berger,Accepted
flowering plants,Equisetopsida,Caryophyllanae,Caryophyllales,Cactaceae,Melocactus,Melocactus schatzlii,W. Till & R. Gruber,Accepted
flowering plants,Equisetopsida,Caryophyllanae,Caryophyllales,Cactaceae,Acharagma,Acharagma roseanum,(Haugg) D.R. Hunt,Accepted
flowering plants,Equisetopsida,Caryophyllanae,Caryophyllales,Cactaceae,Gymnocalycium,Gymnocalycium chacoense,Amerh.,Accepted
flowering plants,Equisetopsida,Caryophyllanae,Caryophyllales,Cactaceae,Parodia,Parodia subtilihamata,F. Ritter,Accepted
flowering plants,Equisetopsida,Caryophyllanae,Caryophyllales,Cactaceae,Parodia,Parodia penicillata,Fechser & Steeg,Accepted
flowering plants,Equisetopsida,Caryophyllanae,Caryophyllales,Cactaceae,Cereus,Cereus coccineus,Salm-Dyck,No opinion
flowering plants,Equisetopsida,Caryophyllanae,Caryophyllales,Cactaceae,Pilosocereus,Pilosocereus parvus,(Diers & Esteves) P.J. Braun,Accepted
flowering plants,Equisetopsida,Caryophyllanae,Caryophyllales,Cactaceae,Opuntia,Opuntia macrorhiza,(Salm-Dyck) L.D. Benson,Accepted
flowering plants,Equisetopsida,Caryophyllanae,Caryophyllales,Cactaceae,Mammillaria,Mammillaria lanata,(Britton & Rose) Orcutt,Accepted
flowering plants,Equisetopsida,Caryophyllanae,Caryophyllales,Cactaceae,Turbinicarpus,Turbinicarpus schmiedickeanus,(G. Frank) Lüthy,Accepted
flowering plants,Equisetopsida,Caryophyllanae,Caryophyllales,Cactaceae,Weingartia,Weingartia pucarensis,Diers & Jucker,Accepted
flowering plants,Equisetopsida,Caryophyllanae,Caryophyllales,Cactaceae,Selenicereus,Selenicereus chrysocardium,(Alexander) Kimnach,Accepted
flowering plants,Equisetopsida,Caryophyllanae,Caryophyllales,Cactaceae,Echinocereus,Echinocereus coccineus,"(Engelm.) W. Blum, Mich. Lange & Rutow",Accepted
flowering plants,Equisetopsida,Caryophyllanae,Caryophyllales,Cactaceae,Opuntia,Opuntia spinulifera,Salm-Dyck,Accepted
flowering plants,Equisetopsida,Caryophyllanae,Caryophyllales,Cactaceae,Opuntia,Opuntia magna,Griffiths,No opinion
flowering plants,Equisetopsida,Caryophyllanae,Caryophyllales,Cactaceae,Mammillaria,Mammillaria winterae,Boed.,Accepted
flowering plants,Equisetopsida,Caryophyllanae,Caryophyllales,Cactaceae,Peniocereus,Peniocereus fosterianus,,No opinion
flowering plants,Equisetopsida,Caryophyllanae,Caryophyllales,Cactaceae,Opuntia,Opuntia dejecta,Salm-Dyck,Accepted
flowering plants,Equisetopsida,Caryophyllanae,Caryophyllales,Cactaceae,Mammillaria,Mammillaria wiesingeri,(Repp.) D.R. Hunt,Accepted
flowering plants,Equisetopsida,Caryophyllanae,Caryophyllales,Cactaceae,Echinocereus,Echinocereus triglochidiatus,(Engelm. & J.M. Bigelow) W. Blum & Mich. Lange,Accepted
flowering plants,Equisetopsida,Caryophyllanae,Caryophyllales,Cactaceae,Echinocactus,Echinocactus cylindricus,,No opinion
flowering plants,Equisetopsida,Caryophyllanae,Caryophyllales,Cactaceae,Coryphantha,Coryphantha strobiliformis,Ab. Zimm.,No opinion
flowering plants,Equisetopsida,Caryophyllanae,Caryophyllales,Cactaceae,Opuntia,Opuntia xcubensis,Britton & Rose,Accepted
flowering plants,Equisetopsida,Caryophyllanae,Caryophyllales,Cactaceae,Echinocereus,Echinocereus websterianus,G.E. Linds.,Accepted
flowering plants,Equisetopsida,Caryophyllanae,Caryophyllales,Cactaceae,Lepismium,Lepismium cruciforme,(F.A.C. Weber) Süpplie,Accepted
flowering plants,Equisetopsida,Caryophyllanae,Caryophyllales,Cactaceae,Rhipsalis,Rhipsalis crispata,(Haw.) Pfeiff.,Accepted
flowering plants,Equisetopsida,Caryophyllanae,Caryophyllales,Cactaceae,Opuntia,Opuntia pisciformis,Small,Accepted
flowering plants,Equisetopsida,Caryophyllanae,Caryophyllales,Cactaceae,Cylindropuntia,Cylindropuntia imbricata,(M.S.Anthony) U.Guzmán,Accepted
flowering plants,Equisetopsida,Caryophyllanae,Caryophyllales,Cactaceae,Parodia,Parodia gigantea,FriÄ ex Krainz,No opinion
flowering plants,Equisetopsida,Caryophyllanae,Caryophyllales,Cactaceae,Opuntia,Opuntia salmiana,Parm. ex Pfeiff.,Accepted
flowering plants,Equisetopsida,Caryophyllanae,Caryophyllales,Cactaceae,Mammillaria,Mammillaria saetigera,,No opinion
flowering plants,Equisetopsida,Caryophyllanae,Caryophyllales,Cactaceae,Opuntia,Opuntia spraguei,"González Ortega, Jesús",Accepted
flowering plants,Equisetopsida,Caryophyllanae,Caryophyllales,Cactaceae,Weberocereus,Weberocereus bradei,(Britton & Rose) G.D. Rowley,Accepted
flowering plants,Equisetopsida,Caryophyllanae,Caryophyllales,Cactaceae,Echinocereus,Echinocereus stramineus,(N.P. Taylor) N.P. Taylor,Accepted
flowering plants,Equisetopsida,Caryophyllanae,Caryophyllales,Cactaceae,Coryphantha,Coryphantha pseudoechinus,,Accepted
flowering plants,Equisetopsida,Caryophyllanae,Caryophyllales,Cactaceae,Mammillaria,Mammillaria sinistrohamata,Boed.,Accepted
flowering plants,Equisetopsida,Caryophyllanae,Caryophyllales,Cactaceae,Mammillaria,Mammillaria meiacantha,Engelm.,Accepted
flowering plants,Equisetopsida,Caryophyllanae,Caryophyllales,Cactaceae,Aporocactus,Aporocactus flagelliformis,(L.) Lem.,Accepted
flowering plants,Equisetopsida,Caryophyllanae,Caryophyllales,Cactaceae,Rebutia,Rebutia narvaecensis,(Cárdenas) Donald,Accepted
flowering plants,Equisetopsida,Caryophyllanae,Caryophyllales,Cactaceae,Samaipaticereus,Samaipaticereus inquisivensis,Cárdenas,Accepted
flowering plants,Equisetopsida,Caryophyllanae,Caryophyllales,Cactaceae,Opuntia,Opuntia chata,Griffiths,No opinion
flowering plants,Equisetopsida,Caryophyllanae,Caryophyllales,Cactaceae,Haageocereus,Haageocereus acranthus,(Vaupel) Backeb.,Accepted
flowering plants,Equisetopsida,Caryophyllanae,Caryophyllales,Cactaceae,Pilosocereus,Pilosocereus oligolepis,(Vaupel) Byles & G.D. Rowley,Accepted
flowering plants,Equisetopsida,Caryophyllanae,Caryophyllales,Cactaceae,Pilosocereus,Pilosocereus pentaedrophorus,(Labour.) Byles & G.D. Rowley,Accepted
flowering plants,Equisetopsida,Caryophyllanae,Caryophyllales,Cactaceae,Consolea,Consolea ferox,Lem.,No opinion
flowering plants,Equisetopsida,Caryophyllanae,Caryophyllales,Cactaceae,Gymnocalycium,Gymnocalycium cumingii,(Britton & Rose) Hutchison,No opinion
flowering plants,Equisetopsida,Caryophyllanae,Caryophyllales,Cactaceae,Coryphantha,Coryphantha retusa,(Pfeiff.) Britton & Rose,Accepted
flowering plants,Equisetopsida,Caryophyllanae,Caryophyllales,Cactaceae,Echinocereus,Echinocereus fendleri,(Engelm.) Seitz,No opinion
flowering plants,Equisetopsida,Caryophyllanae,Caryophyllales,Cactaceae,Rhipsalis,Rhipsalis trigona,Pfeiff.,Accepted
flowering plants,Equisetopsida,Caryophyllanae,Caryophyllales,Cactaceae,Lobivia,Lobivia formosa,(Pfeiff.) Dodds,Accepted
flowering plants,Equisetopsida,Caryophyllanae,Caryophyllales,Cactaceae,Espostoa,Espostoa senilis,(F. Ritter) N.P. Taylor,Accepted
flowering plants,Equisetopsida,Caryophyllanae,Caryophyllales,Cactaceae,Opuntia,Opuntia galapageia,Hemsl.,Accepted
flowering plants,Equisetopsida,Caryophyllanae,Caryophyllales,Cactaceae,Blossfeldia,Blossfeldia liliputana,Werderm.,Accepted
flowering plants,Equisetopsida,Caryophyllanae,Caryophyllales,Cactaceae,Opuntia,Opuntia delaetiana,(F.A.C. Weber) Vaupel,Accepted
flowering plants,Equisetopsida,Caryophyllanae,Caryophyllales,Cactaceae,Pyrrhocactus,Pyrrhocactus reconditus,F. Ritter,Accepted
flowering plants,Equisetopsida,Caryophyllanae,Caryophyllales,Cactaceae,Epiphyllum,Epiphyllum phyllanthus,(Kimnach) Ralf Bauer,Accepted
flowering plants,Equisetopsida,Caryophyllanae,Caryophyllales,Cactaceae,Mammillaria,Mammillaria thornberi,,Accepted
flowering plants,Equisetopsida,Caryophyllanae,Caryophyllales,Cactaceae,Tephrocactus,Tephrocactus recurvatus,(Gilmer & H.P.Thomas) D.R.Hunt & Ritz,No opinion
flowering plants,Equisetopsida,Caryophyllanae,Caryophyllales,Cactaceae,Sulcorebutia,Sulcorebutia tarabucoensis,,Accepted
flowering plants,Equisetopsida,Caryophyllanae,Caryophyllales,Cactaceae,Rebutia,Rebutia xanthocarpa,Backeb.,Accepted
flowering plants,Equisetopsida,Caryophyllanae,Caryophyllales,Cactaceae,Turbinicarpus,Turbinicarpus schmiedickeanus,(Shurly) N.P. Taylor,Accepted
flowering plants,Equisetopsida,Caryophyllanae,Caryophyllales,Cactaceae,Mammillaria,Mammillaria wrightii,Engelm.,Accepted
flowering plants,Equisetopsida,Caryophyllanae,Caryophyllales,Cactaceae,Melocactus,Melocactus violaceus,N.P. Taylor,Accepted
flowering plants,Equisetopsida,Caryophyllanae,Caryophyllales,Cactaceae,Pygmaeocereus,Pygmaeocereus bieblii,Diers,Accepted
flowering plants,Equisetopsida,Caryophyllanae,Caryophyllales,Cactaceae,Disocactus,Disocactus ackermannii,(T. MacDoug.) Ralf Bauer,No opinion
flowering plants,Equisetopsida,Caryophyllanae,Caryophyllales,Cactaceae,Gymnocalycium,Gymnocalycium monvillei,(H. Till & Schatzl) H. Till,Accepted
flowering plants,Equisetopsida,Caryophyllanae,Caryophyllales,Cactaceae,Thelocactus,Thelocactus tulensis,(Poselger) Britton & Rose,Accepted
flowering plants,Equisetopsida,Caryophyllanae,Caryophyllales,Cactaceae,Lobivia,Lobivia bruchii,Britton & Rose,Accepted
flowering plants,Equisetopsida,Caryophyllanae,Caryophyllales,Cactaceae,Browningia,Browningia pilleifera,(F. Ritter) Hutchison,Accepted
flowering plants,Equisetopsida,Caryophyllanae,Caryophyllales,Cactaceae,Epithelantha,Epithelantha micromeris,(W.T. Marshall) N.P. Taylor,Accepted
flowering plants,Equisetopsida,Caryophyllanae,Caryophyllales,Cactaceae,Neoporteria,Neoporteria carrizalensis,(F. Ritter) A.E. Hoffm.,No opinion
flowering plants,Equisetopsida,Caryophyllanae,Caryophyllales,Cactaceae,Myrtillocactus,Myrtillocactus geomentrizana,Console,No opinion
flowering plants,Equisetopsida,Caryophyllanae,Caryophyllales,Cactaceae,Escobaria,Escobaria alversonii,(J.M. Coult.) N.P. Taylor,Accepted
flowering plants,Equisetopsida,Caryophyllanae,Caryophyllales,Cactaceae,Armatocereus,Armatocereus matucanensis,Backeb.,Accepted
flowering plants,Equisetopsida,Caryophyllanae,Caryophyllales,Cactaceae,Lemaireocereus,Lemaireocereus thurberi,,Accepted
flowering plants,Equisetopsida,Caryophyllanae,Caryophyllales,Cactaceae,Lasiocereus,Lasiocereus fulvus,F. Ritter,Accepted
flowering plants,Equisetopsida,Caryophyllanae,Caryophyllales,Cactaceae,Cylindropuntia,Cylindropuntia fulgida,,Accepted
flowering plants,Equisetopsida,Caryophyllanae,Caryophyllales,Cactaceae,Parodia,Parodia schwebsiana,(Werderm.) Backeb.,Accepted
flowering plants,Equisetopsida,Caryophyllanae,Caryophyllales,Cactaceae,Eulychnia,Eulychnia chorosensis,P.Klaassen,No opinion
flowering plants,Equisetopsida,Caryophyllanae,Caryophyllales,Cactaceae,Echinopsis,Echinopsis pampana,(Britton & Rose) D.R. Hunt,Accepted
flowering plants,Equisetopsida,Caryophyllanae,Caryophyllales,Cactaceae,Consolea,Consolea moniliformis,,No opinion
flowering plants,Equisetopsida,Caryophyllanae,Caryophyllales,Cactaceae,Micranthocereus,Micranthocereus flaviflorus,(M. Machado & Hofacker) Lodé,Accepted
flowering plants,Equisetopsida,Caryophyllanae,Caryophyllales,Cactaceae,Pilosocereus,Pilosocereus fulvilanatus,(Buining & Brederoo) F. Ritter,Accepted
flowering plants,Equisetopsida,Caryophyllanae,Caryophyllales,Cactaceae,Ferocactus,Ferocactus eastwoodiae,(L.D. Benson) L.D. Benson,Accepted
flowering plants,Equisetopsida,Caryophyllanae,Caryophyllales,Cactaceae,Parodia,Parodia fusca,(F. Ritter) Hofacker & P.J. Braun,Accepted
flowering plants,Equisetopsida,Caryophyllanae,Caryophyllales,Cactaceae,Opuntia,Opuntia myriacantha,F.A.C. Weber,No opinion
flowering plants,Equisetopsida,Caryophyllanae,Caryophyllales,Cactaceae,Pilosocereus,Pilosocereus multicostatus,F. Ritter,Accepted
flowering plants,Equisetopsida,Caryophyllanae,Caryophyllales,Cactaceae,Cylindropuntia,Cylindropuntia californica,(Rebman & Pinkava) U.Guzmán,Accepted
flowering plants,Equisetopsida,Caryophyllanae,Caryophyllales,Cactaceae,Cleistocactus,Cleistocactus baumannii,(Gürke) P.J. Braun & Esteves,Accepted
flowering plants,Equisetopsida,Caryophyllanae,Caryophyllales,Cactaceae,Escobaria,Escobaria organensis,"(A.D. Zimmerman) Castetter, Pierce & Schwerin",Accepted
flowering plants,Equisetopsida,Caryophyllanae,Caryophyllales,Cactaceae,Mammillaria,Mammillaria erythrosperma,Boed.,Accepted
flowering plants,Equisetopsida,Caryophyllanae,Caryophyllales,Cactaceae,Ancistrocactus,Ancistrocactus crassihamatus,(F.A.C. Weber) L.D. Benson,No opinion
flowering plants,Equisetopsida,Caryophyllanae,Caryophyllales,Cactaceae,Opuntia,Opuntia canada,Griffiths,Accepted
flowering plants,Equisetopsida,Caryophyllanae,Caryophyllales,Cactaceae,Echinocereus,Echinocereus viridiflorus,Engelm.,Accepted
flowering plants,Equisetopsida,Caryophyllanae,Caryophyllales,Cactaceae,Gymnocalycium,Gymnocalycium gibbosum,(Koop ex H.Till) G.J.Charles,Accepted
flowering plants,Equisetopsida,Caryophyllanae,Caryophyllales,Cactaceae,Rhipsalis,Rhipsalis hoelleri,Barthlott & N.P. Taylor,Accepted
flowering plants,Equisetopsida,Caryophyllanae,Caryophyllales,Cactaceae,Mammillaria,Mammillaria prolifera,(Engelm.) Borg,Accepted
flowering plants,Equisetopsida,Caryophyllanae,Caryophyllales,Cactaceae,Gymnocalycium,Gymnocalycium hossei,(F.Haage) A.Berger,Accepted
flowering plants,Equisetopsida,Caryophyllanae,Caryophyllales,Cactaceae,Echinocereus,Echinocereus triglochidiatus,,Accepted
flowering plants,Equisetopsida,Caryophyllanae,Caryophyllales,Cactaceae,Opuntia,Opuntia guilanchi,Griffiths,Accepted
flowering plants,Equisetopsida,Caryophyllanae,Caryophyllales,Cactaceae,Rhipsalis,Rhipsalis floccosa,Salm-Dyck ex Pfeiff.,Accepted
flowering plants,Equisetopsida,Caryophyllanae,Caryophyllales,Cactaceae,Hatiora,Hatiora salicornioides,(K. Schum.) Süpplie,Accepted
flowering plants,Equisetopsida,Caryophyllanae,Caryophyllales,Cactaceae,Mammillaria,Mammillaria dioica,K. Brandegee,Accepted
flowering plants,Equisetopsida,Caryophyllanae,Caryophyllales,Cactaceae,Gymnocalycium,Gymnocalycium ochoterenae,(Buining) Papsch,Accepted
flowering plants,Equisetopsida,Caryophyllanae,Caryophyllales,Cactaceae,Ferocactus,Ferocactus viridescens,(Nutt. ex Torr. & A.Gray) Britton & Rose,Accepted
flowering plants,Equisetopsida,Caryophyllanae,Caryophyllales,Cactaceae,Eriosyce,Eriosyce villicumensis,(Rausch) Katt.,Accepted
flowering plants,Equisetopsida,Caryophyllanae,Caryophyllales,Cactaceae,Turbinicarpus,Turbinicarpus viereckii,(Werderm.) John & Å˜íha,Accepted
flowering plants,Equisetopsida,Caryophyllanae,Caryophyllales,Cactaceae,Mammillaria,Mammillaria spinosissima,,Accepted
flowering plants,Equisetopsida,Caryophyllanae,Caryophyllales,Cactaceae,Opuntia,Opuntia griffithsiana,Mackensen,No opinion
flowering plants,Equisetopsida,Caryophyllanae,Caryophyllales,Cactaceae,Cumulopuntia,Cumulopuntia tubercularis,F.Ritter,Accepted
flowering plants,Equisetopsida,Caryophyllanae,Caryophyllales,Cactaceae,Opuntia,Opuntia columbiana,Griffiths,No opinion
flowering plants,Equisetopsida,Caryophyllanae,Caryophyllales,Cactaceae,Armatocereus,Armatocereus godingianus,(Britton & Rose) Backeb. ex E. Salisb.,Accepted
flowering plants,Equisetopsida,Caryophyllanae,Caryophyllales,Cactaceae,Sclerocactus,Sclerocactus nyensis,Hochstätter,Accepted
flowering plants,Equisetopsida,Caryophyllanae,Caryophyllales,Cactaceae,Aztekium,Aztekium ritteri,(Boed.) Boed.,Accepted
flowering plants,Equisetopsida,Caryophyllanae,Caryophyllales,Cactaceae,Phyllocactus,Phyllocactus hybridus,Voss,No opinion
flowering plants,Equisetopsida,Caryophyllanae,Caryophyllales,Cactaceae,Mammillaria,Mammillaria longimamma,DC.,Accepted
flowering plants,Equisetopsida,Caryophyllanae,Caryophyllales,Cactaceae,Tephrocactus,Tephrocactus verschaffeltii,(Cels ex F.A.C.Weber) D.R.Hunt & Ritz,No opinion
flowering plants,Equisetopsida,Caryophyllanae,Caryophyllales,Cactaceae,Eriosyce,Eriosyce iquiquensis,(F.Ritter) Ferryman,Accepted
flowering plants,Equisetopsida,Caryophyllanae,Caryophyllales,Cactaceae,Haageocereus,Haageocereus australis,Backeb.,Accepted
flowering plants,Equisetopsida,Caryophyllanae,Caryophyllales,Cactaceae,Copiapoa,Copiapoa serpentisulcata,,Accepted
flowering plants,Equisetopsida,Caryophyllanae,Caryophyllales,Cactaceae,Copiapoa,Copiapoa varispinata,F. Ritter,Accepted
flowering plants,Equisetopsida,Caryophyllanae,Caryophyllales,Cactaceae,Gymnocalycium,Gymnocalycium chiquitanum,H. Till,Accepted
flowering plants,Equisetopsida,Caryophyllanae,Caryophyllales,Cactaceae,Echinocereus,Echinocereus cinerascens,N.P.Taylor,Accepted
flowering plants,Equisetopsida,Caryophyllanae,Caryophyllales,Cactaceae,Rebutia,Rebutia brunescens,Rausch,Accepted
flowering plants,Equisetopsida,Caryophyllanae,Caryophyllales,Cactaceae,Echinocereus,Echinocereus enneacanthus,(W.O.Moore) N.P.Taylor,Accepted
flowering plants,Equisetopsida,Caryophyllanae,Caryophyllales,Cactaceae,Cleistocactus,Cleistocactus smaragdiflorus,(Cárdenas) F. Ritter,Accepted
flowering plants,Equisetopsida,Caryophyllanae,Caryophyllales,Cactaceae,Maihuenia,Maihuenia poeppigii,(Otto & Pfeiff.) F.A.C. Weber ex K. Schum.,Accepted
flowering plants,Equisetopsida,Caryophyllanae,Caryophyllales,Cactaceae,Coleocephalocereus,Coleocephalocereus pluricostatus,Buining & Brederoo,Accepted
flowering plants,Equisetopsida,Caryophyllanae,Caryophyllales,Cactaceae,Mammillaria,Mammillaria lasiacantha,,Accepted
flowering plants,Equisetopsida,Caryophyllanae,Caryophyllales,Cactaceae,Austrocylindropuntia,Austrocylindropuntia cylindrica,(Lam.) Backeb.,Accepted
flowering plants,Equisetopsida,Caryophyllanae,Caryophyllales,Cactaceae,Cleistocactus,Cleistocactus smaragdiflorus,(F.A.C. Weber) Britton & Rose,Accepted
flowering plants,Equisetopsida,Caryophyllanae,Caryophyllales,Cactaceae,Melocactus,Melocactus bahiensis,(Britton & Rose) Luetzelb.,Accepted
flowering plants,Equisetopsida,Caryophyllanae,Caryophyllales,Cactaceae,Thelocactus,Thelocactus leucacanthus,,Accepted
flowering plants,Equisetopsida,Caryophyllanae,Caryophyllales,Cactaceae,Opuntia,Opuntia sanguinocula,Griffiths,No opinion
flowering plants,Equisetopsida,Caryophyllanae,Caryophyllales,Cactaceae,Echinopsis,Echinopsis lageniformis,(C.F.Först.) Friedrich & G.D.Rowley,Accepted
flowering plants,Equisetopsida,Caryophyllanae,Caryophyllales,Cactaceae,Echinocereus,Echinocereus enneacanthus,(W.O. Moore) N.P. Taylor,Accepted
flowering plants,Equisetopsida,Caryophyllanae,Caryophyllales,Cactaceae,Opuntia,Opuntia salmiana,J. Parm. ex Pfeiff.,Accepted
flowering plants,Equisetopsida,Caryophyllanae,Caryophyllales,Cactaceae,Coryphantha,Coryphantha tuberculosa,(Engelm.) Orcutt,No opinion
flowering plants,Equisetopsida,Caryophyllanae,Caryophyllales,Cactaceae,Cylindropuntia,Cylindropuntia spinosior,(Engelm.) F.M. Knuth,Accepted
flowering plants,Equisetopsida,Caryophyllanae,Caryophyllales,Cactaceae,Escobaria,Escobaria vivipara,(P.C. Fisch.) N.P. Taylor,Accepted
flowering plants,Equisetopsida,Caryophyllanae,Caryophyllales,Cactaceae,Opuntia,Opuntia strigil,Engelm.,Accepted
flowering plants,Equisetopsida,Caryophyllanae,Caryophyllales,Cactaceae,Mammillaria,Mammillaria mathildae,Kraehenb. & Krainz,Accepted
flowering plants,Equisetopsida,Caryophyllanae,Caryophyllales,Cactaceae,Mammillaria,Mammillaria nagliana,Repp.,No opinion
flowering plants,Equisetopsida,Caryophyllanae,Caryophyllales,Cactaceae,Mammillaria,Mammillaria beneckei,Ehrenb.,Accepted
flowering plants,Equisetopsida,Caryophyllanae,Caryophyllales,Cactaceae,Eriosyce,Eriosyce crispa,,Accepted
flowering plants,Equisetopsida,Caryophyllanae,Caryophyllales,Cactaceae,Rebutia,Rebutia ritteri,(Wessner) F. Ritter,Accepted
flowering plants,Equisetopsida,Caryophyllanae,Caryophyllales,Cactaceae,Eriosyce,Eriosyce curvispina,(Bertero ex Colla) Katt.,Accepted
flowering plants,Equisetopsida,Caryophyllanae,Caryophyllales,Cactaceae,Copiapoa,Copiapoa humilis,(F.Ritter ex D.R.Hunt) D.R.Hunt,Accepted
flowering plants,Equisetopsida,Caryophyllanae,Caryophyllales,Cactaceae,Cylindropuntia,Cylindropuntia kleiniae,(DC.) F.M. Knuth,Accepted
flowering plants,Equisetopsida,Caryophyllanae,Caryophyllales,Cactaceae,Corynopuntia,Corynopuntia aggeria,(Ralston & Hilsenb.) M.P.Griff.,Accepted
flowering plants,Equisetopsida,Caryophyllanae,Caryophyllales,Cactaceae,Mammillaria,Mammillaria crinita,DC.,Accepted
flowering plants,Equisetopsida,Caryophyllanae,Caryophyllales,Cactaceae,Acanthocereus,Acanthocereus griseus,Backeb.,No opinion
flowering plants,Equisetopsida,Caryophyllanae,Caryophyllales,Cactaceae,Harrisia,Harrisia bonplandii,(Parm. ex Pfeiff.) Britton & Rose,Accepted
flowering plants,Equisetopsida,Caryophyllanae,Caryophyllales,Cactaceae,Pilosocereus,Pilosocereus estevesii,P.J.Braun,No opinion
flowering plants,Equisetopsida,Caryophyllanae,Caryophyllales,Cactaceae,Astrophytum,Astrophytum ornatum,(DC.) Britton & Rose,Accepted
flowering plants,Equisetopsida,Caryophyllanae,Caryophyllales,Cactaceae,Opuntia,Opuntia penicilligera,Speg.,Accepted
flowering plants,Equisetopsida,Caryophyllanae,Caryophyllales,Cactaceae,Disocactus,Disocactus kimnachii,G.D.Rowley,Accepted
flowering plants,Equisetopsida,Caryophyllanae,Caryophyllales,Cactaceae,Mammillaria,Mammillaria huitzilopochtli,(A.B. Lau) Pilbeam,Accepted
flowering plants,Equisetopsida,Caryophyllanae,Caryophyllales,Cactaceae,Lepismium,Lepismium houlletianum,(Lindb.) Barthlott & N.P. Taylor,Accepted
flowering plants,Equisetopsida,Caryophyllanae,Caryophyllales,Cactaceae,Echinocereus,Echinocereus dasyacanthus,(Engelm.) W.T. Marshall,Accepted
flowering plants,Equisetopsida,Caryophyllanae,Caryophyllales,Cactaceae,Pyrrhocactus,Pyrrhocactus chilensis,(Hildm. ex K. Schum.) F. Ritter,Accepted
flowering plants,Equisetopsida,Caryophyllanae,Caryophyllales,Cactaceae,Jasminocereus,Jasminocereus thouarsii,(F.A.C. Weber) Backeb.,Accepted
flowering plants,Equisetopsida,Caryophyllanae,Caryophyllales,Cactaceae,Cylindropuntia,Cylindropuntia acanthocarpa,(Thornb. & Bonker) Pinkava,Accepted
flowering plants,Equisetopsida,Caryophyllanae,Caryophyllales,Cactaceae,Parodia,Parodia scopa,,Accepted
flowering plants,Equisetopsida,Caryophyllanae,Caryophyllales,Cactaceae,Hylocereus,Hylocereus intermedius,Hutchison,No opinion
flowering plants,Equisetopsida,Caryophyllanae,Caryophyllales,Cactaceae,Selenicereus,Selenicereus nelsonii,(Weing.) Britton & Rose,Accepted
flowering plants,Equisetopsida,Caryophyllanae,Caryophyllales,Cactaceae,Strophocactus,Strophocactus brasiliensis,(Britton & Rose) S. Arias & N. Korotkova,Accepted
flowering plants,Equisetopsida,Caryophyllanae,Caryophyllales,Cactaceae,Neobuxbaumia,Neobuxbaumia polylopha,(DC.) Backeb.,Accepted
flowering plants,Equisetopsida,Caryophyllanae,Caryophyllales,Cactaceae,Neomammillaria,Neomammillaria blossfeldiana,(Boed.) H.E.Gates,No opinion
flowering plants,Equisetopsida,Caryophyllanae,Caryophyllales,Cactaceae,Pfeiffera,Pfeiffera miyagawae,Barthlott & Rauh,Accepted
flowering plants,Equisetopsida,Caryophyllanae,Caryophyllales,Cactaceae,Cumarinia,Cumarinia odorata,(Boed.) Buxb.,Accepted
flowering plants,Equisetopsida,Caryophyllanae,Caryophyllales,Cactaceae,Pyrrhocactus,Pyrrhocactus occultus,(K.Schum.) F.Ritter,No opinion
flowering plants,Equisetopsida,Caryophyllanae,Caryophyllales,Cactaceae,Stenocereus,Stenocereus yunckeri,(Standl.) M. Bravo & Sánchez-Mej.,Accepted
flowering plants,Equisetopsida,Caryophyllanae,Caryophyllales,Cactaceae,Opuntia,Opuntia humilis,Haw.,No opinion
flowering plants,Equisetopsida,Caryophyllanae,Caryophyllales,Cactaceae,Lobivia,Lobivia tuberculosa,F. Ritter,Accepted
flowering plants,Equisetopsida,Caryophyllanae,Caryophyllales,Cactaceae,Disocactus,Disocactus quezaltecus,(Standl. & Steyerm.) Kimnach,Accepted
flowering plants,Equisetopsida,Caryophyllanae,Caryophyllales,Cactaceae,Selenicereus,Selenicereus atropilosus,Kimnach,Accepted
flowering plants,Equisetopsida,Caryophyllanae,Caryophyllales,Cactaceae,Mammillaria,Mammillaria magnifica,Franc.G. Buchenau,Accepted
flowering plants,Equisetopsida,Caryophyllanae,Caryophyllales,Cactaceae,Cylindropuntia,Cylindropuntia davisii,(Engelm. & J.M. Bigelow) F.M. Knuth,Accepted
flowering plants,Equisetopsida,Caryophyllanae,Caryophyllales,Cactaceae,Disocactus,Disocactus ackermannii,(T. MacDoug.) Barthlott,Accepted
flowering plants,Equisetopsida,Caryophyllanae,Caryophyllales,Cactaceae,Mammillaria,Mammillaria sartorii,J.A. Purpus,Accepted
flowering plants,Equisetopsida,Caryophyllanae,Caryophyllales,Cactaceae,Opuntia,Opuntia guilanchi,Griffiths,No opinion
flowering plants,Equisetopsida,Caryophyllanae,Caryophyllales,Cactaceae,Coryphantha,Coryphantha melleospina,Bravo,Accepted
flowering plants,Equisetopsida,Caryophyllanae,Caryophyllales,Cactaceae,Cylindropuntia,Cylindropuntia rosea,(DC.) Backeb.,Accepted
flowering plants,Equisetopsida,Caryophyllanae,Caryophyllales,Cactaceae,Micranthocereus,Micranthocereus polyanthus,(Werderm.) Backeb.,Accepted
flowering plants,Equisetopsida,Caryophyllanae,Caryophyllales,Cactaceae,Harrisia,Harrisia balansae,(K. Schum.) N.P. Taylor & Zappi,Accepted
flowering plants,Equisetopsida,Caryophyllanae,Caryophyllales,Cactaceae,Corryocactus,Corryocactus brachypetalus,(Vaupel) Britton & Rose,Accepted
flowering plants,Equisetopsida,Caryophyllanae,Caryophyllales,Cactaceae,Opuntia,Opuntia xerocarpa,Griffiths,No opinion
flowering plants,Equisetopsida,Caryophyllanae,Caryophyllales,Cactaceae,Gymnocalycium,Gymnocalycium amerhauseri,H. Till,Accepted
flowering plants,Equisetopsida,Caryophyllanae,Caryophyllales,Cactaceae,Mammillaria,Mammillaria sphaerica,A. Dietr.,Accepted
flowering plants,Equisetopsida,Caryophyllanae,Caryophyllales,Cactaceae,Escobaria,Escobaria robbinsorum,(W. Earle) D.R. Hunt,Accepted
flowering plants,Equisetopsida,Caryophyllanae,Caryophyllales,Cactaceae,Selenicereus,Selenicereus pteranthus,(Hook.) Ralf Bauer,Accepted
flowering plants,Equisetopsida,Caryophyllanae,Caryophyllales,Cactaceae,Grusonia,Grusonia agglomerata,(A. Berger) E.F. Anderson,Accepted
flowering plants,Equisetopsida,Caryophyllanae,Caryophyllales,Cactaceae,Echinocereus,Echinocereus maritimus,,Accepted
flowering plants,Equisetopsida,Caryophyllanae,Caryophyllales,Cactaceae,Geohintonia,Geohintonia mexicana,Glass & Fitz Maurice,Accepted
flowering plants,Equisetopsida,Caryophyllanae,Caryophyllales,Cactaceae,Cleistocactus,Cleistocactus serpens,(Kunth) A.Weber,Accepted
flowering plants,Equisetopsida,Caryophyllanae,Caryophyllales,Cactaceae,Hylocereus,Hylocereus extensus,(Salm-Dyck ex DC.) Britton & Rose,No opinion
flowering plants,Equisetopsida,Caryophyllanae,Caryophyllales,Cactaceae,Arrojadoa,Arrojadoa penicillata,,No opinion
flowering plants,Equisetopsida,Caryophyllanae,Caryophyllales,Cactaceae,Trichocereus,Trichocereus macrogonus,(Salm-Dyck) Riccob.,Accepted
flowering plants,Equisetopsida,Caryophyllanae,Caryophyllales,Cactaceae,Cleistocactus,Cleistocactus sulcifer,(Rauh & Backeb.) Leuenb.,Accepted
flowering plants,Equisetopsida,Caryophyllanae,Caryophyllales,Cactaceae,Opuntia,Opuntia engelmannii,(Peebles) L.D. Benson,Accepted
flowering plants,Equisetopsida,Caryophyllanae,Caryophyllales,Cactaceae,Echinocactus,Echinocactus platyacanthus,Link & Otto,Accepted
flowering plants,Equisetopsida,Caryophyllanae,Caryophyllales,Cactaceae,Opuntia,Opuntia camanchica,Engelm. & J.M. Bigelow,Accepted
flowering plants,Equisetopsida,Caryophyllanae,Caryophyllales,Cactaceae,Corryocactus,Corryocactus pulquinensis,Cárdenas,Accepted
flowering plants,Equisetopsida,Caryophyllanae,Caryophyllales,Cactaceae,Echinopsis,Echinopsis maximiliana,Heyder ex A.Dietr.,Accepted
flowering plants,Equisetopsida,Caryophyllanae,Caryophyllales,Cactaceae,Mammillaria,Mammillaria coronaria,Haw.,No opinion
flowering plants,Equisetopsida,Caryophyllanae,Caryophyllales,Cactaceae,Echinopsis,Echinopsis x cabrerae,(R.Kiesling) G.D.Rowley,Accepted
flowering plants,Equisetopsida,Caryophyllanae,Caryophyllales,Cactaceae,Pilosocereus,Pilosocereus subsimilis,,No opinion
flowering plants,Equisetopsida,Caryophyllanae,Caryophyllales,Cactaceae,Corryocactus,Corryocactus squarrosus,(Vaupel) Hutchison,Accepted
flowering plants,Equisetopsida,Caryophyllanae,Caryophyllales,Cactaceae,Echinocactus,Echinocactus acanthodes,Lem.,Accepted
flowering plants,Equisetopsida,Caryophyllanae,Caryophyllales,Cactaceae,Malacocarpus,Malacocarpus tetracanthus,(Lem.) Rud.Mey.,No opinion
flowering plants,Equisetopsida,Caryophyllanae,Caryophyllales,Cactaceae,Lophophora,Lophophora diffusa,,Accepted
flowering plants,Equisetopsida,Caryophyllanae,Caryophyllales,Cactaceae,Tacinga,Tacinga lilae,(Trujillo & M. Ponce) Majure & R. Puente,Accepted
flowering plants,Equisetopsida,Caryophyllanae,Caryophyllales,Cactaceae,Echinopsis,Echinopsis escayachensis,(Cárdenas) Friedrich & G.D.Rowley,Accepted
flowering plants,Equisetopsida,Caryophyllanae,Caryophyllales,Cactaceae,Pilosocereus,Pilosocereus aurisetus,,Accepted
flowering plants,Equisetopsida,Caryophyllanae,Caryophyllales,Cactaceae,Escobaria,Escobaria tuberculosa,(Engelm.) Britton & Rose,Accepted
flowering plants,Equisetopsida,Caryophyllanae,Caryophyllales,Cactaceae,Opuntia,Opuntia paraguayensis,K. Schum.,Accepted
flowering plants,Equisetopsida,Caryophyllanae,Caryophyllales,Cactaceae,Browningia,Browningia caineana,(Cárdenas) I. Hinojosa,No opinion
flowering plants,Equisetopsida,Caryophyllanae,Caryophyllales,Cactaceae,Astrophytum,Astrophytum capricorne,(A. Dietr.) Britton & Rose,Accepted
flowering plants,Equisetopsida,Caryophyllanae,Caryophyllales,Cactaceae,Stenocereus,Stenocereus griseus,(Haw.) Buxb.,Accepted
flowering plants,Equisetopsida,Caryophyllanae,Caryophyllales,Cactaceae,Echinocactus,Echinocactus glanduligerus,Poselg.,No opinion
flowering plants,Equisetopsida,Caryophyllanae,Caryophyllales,Cactaceae,Echinocereus,Echinocereus maritimus,(M.E.Jones) K.Schum.,Accepted
flowering plants,Equisetopsida,Caryophyllanae,Caryophyllales,Cactaceae,Mammillaria,Mammillaria knippeliana,Quehl,Accepted
flowering plants,Equisetopsida,Caryophyllanae,Caryophyllales,Cactaceae,Cleistocactus,Cleistocactus pachycladus,(Rauh & Backeb.) Ostolaza,Accepted
flowering plants,Equisetopsida,Caryophyllanae,Caryophyllales,Cactaceae,Mammillaria,Mammillaria saboae,(Glass & R.A. Foster) D.R. Hunt,Accepted
flowering plants,Equisetopsida,Caryophyllanae,Caryophyllales,Cactaceae,Opuntia,Opuntia chiangiana,Scheinvar & Manzanero,Accepted
flowering plants,Equisetopsida,Caryophyllanae,Caryophyllales,Cactaceae,Echinopsis,Echinopsis chrysantha,Werderm.,Accepted
flowering plants,Equisetopsida,Caryophyllanae,Caryophyllales,Cactaceae,Opuntia,Opuntia canterae,Arechav.,Accepted
flowering plants,Equisetopsida,Caryophyllanae,Caryophyllales,Cactaceae,Escobaria,Escobaria chihuahuensis,Britton & Rose,Accepted
flowering plants,Equisetopsida,Caryophyllanae,Caryophyllales,Cactaceae,Maihueniopsis,Maihueniopsis wagenknechtii,F. Ritter,Accepted
flowering plants,Equisetopsida,Caryophyllanae,Caryophyllales,Cactaceae,Opuntia,Opuntia horstii,Heinrich,No opinion
flowering plants,Equisetopsida,Caryophyllanae,Caryophyllales,Cactaceae,Grusonia,Grusonia emoryi,(Engelm.) Pinkava,Accepted
flowering plants,Equisetopsida,Caryophyllanae,Caryophyllales,Cactaceae,Ferocactus,Ferocactus fordii,(Orcutt) Britton & Rose,Accepted
flowering plants,Equisetopsida,Caryophyllanae,Caryophyllales,Cactaceae,Eccremocactus,Eccremocactus bradei,Britton & Rose,Accepted
flowering plants,Equisetopsida,Caryophyllanae,Caryophyllales,Cactaceae,Pediocactus,Pediocactus peeblesianus,(Backeb.) L.D. Benson,No opinion
flowering plants,Equisetopsida,Caryophyllanae,Caryophyllales,Cactaceae,Ferocactus,Ferocactus latispinus,,Accepted
flowering plants,Equisetopsida,Caryophyllanae,Caryophyllales,Cactaceae,Notocactus,Notocactus leprosorum,(F.Ritter) HavlíÄek,No opinion
flowering plants,Equisetopsida,Caryophyllanae,Caryophyllales,Cactaceae,Rebutia,Rebutia fiebrigii,(Gürke) Britton & Rose,Accepted
flowering plants,Equisetopsida,Caryophyllanae,Caryophyllales,Cactaceae,Mammillaria,Mammillaria hernandezii,Glass & R.A. Foster,Accepted
flowering plants,Equisetopsida,Caryophyllanae,Caryophyllales,Cactaceae,Mammillaria,Mammillaria crinita,(Boed.) D.R. Hunt,Accepted
flowering plants,Equisetopsida,Caryophyllanae,Caryophyllales,Cactaceae,Opuntia,Opuntia micrarthra,Griffiths,No opinion
flowering plants,Equisetopsida,Caryophyllanae,Caryophyllales,Cactaceae,Frailea,Frailea pygmaea,(Buining & Brederoo) P.J. Braun & Esteves,Accepted
flowering plants,Equisetopsida,Caryophyllanae,Caryophyllales,Cactaceae,Maihueniopsis,Maihueniopsis domeykoensis,F. Ritter,Accepted
flowering plants,Equisetopsida,Caryophyllanae,Caryophyllales,Cactaceae,Opuntia,Opuntia erinacea,(Engelm.) L.D. Benson,Accepted
flowering plants,Equisetopsida,Caryophyllanae,Caryophyllales,Cactaceae,Notocactus,Notocactus grossei,A.Berger,No opinion
flowering plants,Equisetopsida,Caryophyllanae,Caryophyllales,Cactaceae,Mammillaria,Mammillaria xaltianguensis,(Repp.) D.R. Hunt,Accepted
flowering plants,Equisetopsida,Caryophyllanae,Caryophyllales,Cactaceae,Lobivia,Lobivia walteri,R. Kiesling,Accepted
flowering plants,Equisetopsida,Caryophyllanae,Caryophyllales,Cactaceae,Mammillaria,Mammillaria tepexicensis,J. Meyrán,Accepted
flowering plants,Equisetopsida,Caryophyllanae,Caryophyllales,Cactaceae,Echinocereus,Echinocereus chisoensis,W.T. Marshall,Accepted
flowering plants,Equisetopsida,Caryophyllanae,Caryophyllales,Cactaceae,Pygmaeocereus,Pygmaeocereus bylesianus,Andreae & Backeberg,Accepted
flowering plants,Equisetopsida,Caryophyllanae,Caryophyllales,Cactaceae,Parodia,Parodia horstii,(F. Ritter) N.P. Taylor,Accepted
flowering plants,Equisetopsida,Caryophyllanae,Caryophyllales,Cactaceae,Cactus,Cactus goodrichii,(Engelm.) Kuntze,Accepted
flowering plants,Equisetopsida,Caryophyllanae,Caryophyllales,Cactaceae,Echinocereus,Echinocereus pseudopectinatus,(N.P. Taylor) N.P. Taylor,Accepted
flowering plants,Equisetopsida,Caryophyllanae,Caryophyllales,Cactaceae,Mammillaria,Mammillaria wrightii,,Accepted
flowering plants,Equisetopsida,Caryophyllanae,Caryophyllales,Cactaceae,Armatocereus,Armatocereus rauhii,(F. Ritter) Ostolaza,Accepted
flowering plants,Equisetopsida,Caryophyllanae,Caryophyllales,Cactaceae,Echinocereus,Echinocereus reichenbachii,(Britton & Rose) L.D.Benson,Accepted
flowering plants,Equisetopsida,Caryophyllanae,Caryophyllales,Cactaceae,Gymnocalycium,Gymnocalycium castellanosii,(J.G. Lamb.) R. Kiesling & Metzing,Accepted
flowering plants,Equisetopsida,Caryophyllanae,Caryophyllales,Cactaceae,Eriosyce,Eriosyce heinrichiana,,Accepted
flowering plants,Equisetopsida,Caryophyllanae,Caryophyllales,Cactaceae,Cleistocactus,Cleistocactus flavispinus,(K.Schum.) Backeb.,No opinion
flowering plants,Equisetopsida,Caryophyllanae,Caryophyllales,Cactaceae,Coryphantha,Coryphantha clavata,(Lem.) Heinrich ex Backeb.,Accepted
flowering plants,Equisetopsida,Caryophyllanae,Caryophyllales,Cactaceae,Gymnocalycium,Gymnocalycium rauschii,H. Till & W. Till,Accepted
flowering plants,Equisetopsida,Caryophyllanae,Caryophyllales,Cactaceae,Echinopsis,Echinopsis bridgesii,(Cárdenas) M. Lowry,Accepted
flowering plants,Equisetopsida,Caryophyllanae,Caryophyllales,Cactaceae,Opuntia,Opuntia compressa,L.D. Benson,No opinion
flowering plants,Equisetopsida,Caryophyllanae,Caryophyllales,Cactaceae,Harrisia,Harrisia taetra,Areces,Accepted
flowering plants,Equisetopsida,Caryophyllanae,Caryophyllales,Cactaceae,Strombocactus,Strombocactus disciformis,(DC.) Britton & Rose,Accepted
flowering plants,Equisetopsida,Caryophyllanae,Caryophyllales,Cactaceae,Escontria,Escontria chiotilla,(F.A.C. Weber) Rose,Accepted
flowering plants,Equisetopsida,Caryophyllanae,Caryophyllales,Cactaceae,Mammillaria,Mammillaria petrophila,K. Brandegee,Accepted
flowering plants,Equisetopsida,Caryophyllanae,Caryophyllales,Cactaceae,Lobivia,Lobivia huascha,Rausch,No opinion
flowering plants,Equisetopsida,Caryophyllanae,Caryophyllales,Cactaceae,Jasminocereus,Jasminocereus galapagensis,(F.A.C. Weber) Britton & Rose,Accepted
flowering plants,Equisetopsida,Caryophyllanae,Caryophyllales,Cactaceae,Neowerdermannia,Neowerdermannia peruviana,F. Ritter,Accepted
flowering plants,Equisetopsida,Caryophyllanae,Caryophyllales,Cactaceae,Hylocereus,Hylocereus monacanthus,(Lem.) Britton & Rose,Accepted
flowering plants,Equisetopsida,Caryophyllanae,Caryophyllales,Cactaceae,Opuntia,Opuntia frustulenta,Gibbes,No opinion
flowering plants,Equisetopsida,Caryophyllanae,Caryophyllales,Cactaceae,Copiapoa,Copiapoa humilis,(F. Ritter) D.R. Hunt,Accepted
flowering plants,Equisetopsida,Caryophyllanae,Caryophyllales,Cactaceae,Stenocereus,Stenocereus zopilotensis,Arreola-Nava & Terrazas,No opinion
flowering plants,Equisetopsida,Caryophyllanae,Caryophyllales,Cactaceae,Opuntia,Opuntia littoralis,(L.D. Benson) L.D. Benson,Accepted
flowering plants,Equisetopsida,Caryophyllanae,Caryophyllales,Cactaceae,Pterocactus,Pterocactus megliolii,R. Kiesling,Accepted
flowering plants,Equisetopsida,Caryophyllanae,Caryophyllales,Cactaceae,Lobivia,Lobivia korethroides,(Werderm.) Werderm.,Accepted
flowering plants,Equisetopsida,Caryophyllanae,Caryophyllales,Cactaceae,Pachgerocereus,Pachgerocereus orcuttii,(Brandegee) Moran,Accepted
flowering plants,Equisetopsida,Caryophyllanae,Caryophyllales,Cactaceae,Melocactus,Melocactus melocactus,H.Karst.,No opinion
flowering plants,Equisetopsida,Caryophyllanae,Caryophyllales,Cactaceae,Armatocereus,Armatocereus mataranus,F. Ritter,Accepted
flowering plants,Equisetopsida,Caryophyllanae,Caryophyllales,Cactaceae,Mammillaria,Mammillaria gabbii,Engelm. ex J.M. Coult.,No opinion
flowering plants,Equisetopsida,Caryophyllanae,Caryophyllales,Cactaceae,Tacinga,Tacinga inamoena,,No opinion
flowering plants,Equisetopsida,Caryophyllanae,Caryophyllales,Cactaceae,Rhipsalis,Rhipsalis pachyptera,Pfeiff.,Accepted
flowering plants,Equisetopsida,Caryophyllanae,Caryophyllales,Cactaceae,Mammillaria,Mammillaria duoformis,R.T. Craig & E.Y. Dawson,Accepted
flowering plants,Equisetopsida,Caryophyllanae,Caryophyllales,Cactaceae,Nopalxochia,Nopalxochia conzattianum,T. MacDoug.,Accepted
flowering plants,Equisetopsida,Caryophyllanae,Caryophyllales,Cactaceae,Echinocereus,Echinocereus fendleri,(Orcutt) L.D. Benson,Accepted
flowering plants,Equisetopsida,Caryophyllanae,Caryophyllales,Cactaceae,Cleistocactus,Cleistocactus hyalacanthus,(K.Schum.) Rol.-Goss.,Accepted
flowering plants,Equisetopsida,Caryophyllanae,Caryophyllales,Cactaceae,Echinopsis,Echinopsis pasacana,(F.A.C. Weber) Friedrich & G.D.Rowley,Accepted
flowering plants,Equisetopsida,Caryophyllanae,Caryophyllales,Cactaceae,Eriosyce,Eriosyce aurata,,Accepted
flowering plants,Equisetopsida,Caryophyllanae,Caryophyllales,Cactaceae,Hariota,Hariota salicornioides,DC.,No opinion
flowering plants,Equisetopsida,Caryophyllanae,Caryophyllales,Cactaceae,Pterocactus,Pterocactus reticulatus,R. Kiesling,Accepted
flowering plants,Equisetopsida,Caryophyllanae,Caryophyllales,Cactaceae,Platyopuntia,Platyopuntia infesta,F. Ritter,Accepted
flowering plants,Equisetopsida,Caryophyllanae,Caryophyllales,Cactaceae,Cleistocactus,Cleistocactus tupizensis,(Vaupel) Backeb.,Accepted
flowering plants,Equisetopsida,Caryophyllanae,Caryophyllales,Cactaceae,Rhipsalis,Rhipsalis pacheco-leonis,Loefgr.,Accepted
flowering plants,Equisetopsida,Caryophyllanae,Caryophyllales,Cactaceae,Mammillaria,Mammillaria saboae,Glass,Accepted
flowering plants,Equisetopsida,Caryophyllanae,Caryophyllales,Cactaceae,Opuntia,Opuntia rauhii,(Backeb.) G.D. Rowley,Accepted
flowering plants,Equisetopsida,Caryophyllanae,Caryophyllales,Cactaceae,Echinopsis,Echinopsis cephalomacrostibas,(Werderm. & Backeb.) Friedrich & G.D. Rowley,Accepted
flowering plants,Equisetopsida,Caryophyllanae,Caryophyllales,Cactaceae,Mammillaria,Mammillaria perbella,Hildm. ex K. Schum.,Accepted
flowering plants,Equisetopsida,Caryophyllanae,Caryophyllales,Cactaceae,Mammillaria,Mammillaria baumii,Boed.,Accepted
flowering plants,Equisetopsida,Caryophyllanae,Caryophyllales,Cactaceae,Consolea,Consolea macracantha,(Griseb.) A. Berger,Accepted
flowering plants,Equisetopsida,Caryophyllanae,Caryophyllales,Cactaceae,Selenicereus,Selenicereus maxonii,Rose,Accepted
flowering plants,Equisetopsida,Caryophyllanae,Caryophyllales,Cactaceae,Echinopsis,Echinopsis atacamensis,(F.A.C.Weber) G.Navarro,Accepted
flowering plants,Equisetopsida,Caryophyllanae,Caryophyllales,Cactaceae,Grusonia,Grusonia marenae,(W.E. Parsons) E.F. Anderson,Accepted
flowering plants,Equisetopsida,Caryophyllanae,Caryophyllales,Cactaceae,Cleistocactus,Cleistocactus anquinus,Gürke,No opinion
flowering plants,Equisetopsida,Caryophyllanae,Caryophyllales,Cactaceae,Echinocereus,Echinocereus chisosensis,(Oehme) N.P. Taylor,Accepted
flowering plants,Equisetopsida,Caryophyllanae,Caryophyllales,Cactaceae,Gymnocalycium,Gymnocalycium striglianum,Jeggle ex H.Till,Accepted
flowering plants,Equisetopsida,Caryophyllanae,Caryophyllales,Cactaceae,Opuntia,Opuntia soehrensii,Britton & Rose,Accepted
flowering plants,Equisetopsida,Caryophyllanae,Caryophyllales,Cactaceae,Rhipsalis,Rhipsalis radicans,F.A.C.Weber,No opinion
flowering plants,Equisetopsida,Caryophyllanae,Caryophyllales,Cactaceae,Schlumbergera,Schlumbergera russelliana,(Hook.) Britton & Rose,Accepted
flowering plants,Equisetopsida,Caryophyllanae,Caryophyllales,Cactaceae,Harrisia,Harrisia martinii,(Labour.) Britton,Accepted
flowering plants,Equisetopsida,Caryophyllanae,Caryophyllales,Cactaceae,Opuntia,Opuntia turbinata,Small,Accepted
flowering plants,Equisetopsida,Caryophyllanae,Caryophyllales,Cactaceae,Gymnocalycium,Gymnocalycium fischeri,Halda & al.,Accepted
flowering plants,Equisetopsida,Caryophyllanae,Caryophyllales,Cactaceae,Mammillaria,Mammillaria noureddineana,Repp.,No opinion
flowering plants,Equisetopsida,Caryophyllanae,Caryophyllales,Cactaceae,Cleistocactus,Cleistocactus samaipatanus,(Cárdenas) D.R. Hunt,Accepted
flowering plants,Equisetopsida,Caryophyllanae,Caryophyllales,Cactaceae,Echinocereus,Echinocereus pentalophus,(DC.) Lem.,Accepted
flowering plants,Equisetopsida,Caryophyllanae,Caryophyllales,Cactaceae,Cereus,Cereus pachyrrhizus,K. Schum.,Accepted
flowering plants,Equisetopsida,Caryophyllanae,Caryophyllales,Cactaceae,Hylocereus,Hylocereus megalanthus,(K. Schum. ex Vaupel) Ralf Bauer,Accepted
flowering plants,Equisetopsida,Caryophyllanae,Caryophyllales,Cactaceae,Weberocereus,Weberocereus panamensis,Britton & Rose,Accepted
flowering plants,Equisetopsida,Caryophyllanae,Caryophyllales,Cactaceae,Stenocactus,Stenocactus pentacanthus,(Lem.) A. Berger ex A.W. Hill,Accepted
flowering plants,Equisetopsida,Caryophyllanae,Caryophyllales,Cactaceae,Escobaria,Escobaria vivipara,(Engelm.) Buxbaum,Accepted
flowering plants,Equisetopsida,Caryophyllanae,Caryophyllales,Cactaceae,Frailea,Frailea gracillima,(F. Ritter) P.J. Braun & Esteves,Accepted
flowering plants,Equisetopsida,Caryophyllanae,Caryophyllales,Cactaceae,Dendrocereus,Dendrocereus undulosus,(DC.) Britton & Rose,Accepted
flowering plants,Equisetopsida,Caryophyllanae,Caryophyllales,Cactaceae,Mammillaria,Mammillaria microthele,Lem.,No opinion
flowering plants,Equisetopsida,Caryophyllanae,Caryophyllales,Cactaceae,Mammillaria,Mammillaria cerralboa,(Britton & Rose) Orcutt,Accepted
flowering plants,Equisetopsida,Caryophyllanae,Caryophyllales,Cactaceae,Eriosyce,Eriosyce krausii,(F. Ritter) Katt.,Accepted
flowering plants,Equisetopsida,Caryophyllanae,Caryophyllales,Cactaceae,Stenocactus,Stenocactus heteracanthus,(Muehlenpf.) A. Berger ex A.W. Hill,Accepted
flowering plants,Equisetopsida,Caryophyllanae,Caryophyllales,Cactaceae,Pereskia,Pereskia lychnidiflora,DC.,Accepted
flowering plants,Equisetopsida,Caryophyllanae,Caryophyllales,Cactaceae,Hymenorebutia,Hymenorebutia kreuzingeri,FriÄ ex Buining,No opinion
flowering plants,Equisetopsida,Caryophyllanae,Caryophyllales,Cactaceae,Weberocereus,Weberocereus tunilla,(F.A.C. Weber) Britton & Rose,Accepted
flowering plants,Equisetopsida,Caryophyllanae,Caryophyllales,Cactaceae,Opuntia,Opuntia pyriformis,Rose,Accepted
flowering plants,Equisetopsida,Caryophyllanae,Caryophyllales,Cactaceae,Corynopuntia,Corynopuntia reflexispina,(Wiggins & Rollins) Backeb.,Accepted
flowering plants,Equisetopsida,Caryophyllanae,Caryophyllales,Cactaceae,Parodia,Parodia sellowii,(Link & Otto) D.R. Hunt,Accepted
flowering plants,Equisetopsida,Caryophyllanae,Caryophyllales,Cactaceae,Armatocereus,Armatocereus mataranus,(F. Ritter) Ostolaza,Accepted
flowering plants,Equisetopsida,Caryophyllanae,Caryophyllales,Cactaceae,Echinocactus,Echinocactus johnsonii,(Parish) A.E. Murray,Accepted
flowering plants,Equisetopsida,Caryophyllanae,Caryophyllales,Cactaceae,Echinocereus,Echinocereus rayonesensis,N.P. Taylor,Accepted
flowering plants,Equisetopsida,Caryophyllanae,Caryophyllales,Cactaceae,Schlumbergera,Schlumbergera kautskyi,(Horobin & McMillan) N.P. Taylor,Accepted
flowering plants,Equisetopsida,Caryophyllanae,Caryophyllales,Cactaceae,Mammillaria,Mammillaria mainiae,K. Brandegee,Accepted
flowering plants,Equisetopsida,Caryophyllanae,Caryophyllales,Cactaceae,Trichocereus,Trichocereus huascha,(F.A.C. Weber) Britton & Rose,Accepted
flowering plants,Equisetopsida,Caryophyllanae,Caryophyllales,Cactaceae,Myrtillocactus,Myrtillocactus geometrizans,,No opinion
flowering plants,Equisetopsida,Caryophyllanae,Caryophyllales,Cactaceae,Echinocereus,Echinocereus russanthus,D.Weniger,Accepted
flowering plants,Equisetopsida,Caryophyllanae,Caryophyllales,Cactaceae,Pyrrhocactus,Pyrrhocactus jussieui,(Monv.) F.Ritter,No opinion
flowering plants,Equisetopsida,Caryophyllanae,Caryophyllales,Cactaceae,Echinopsis,Echinopsis caulescens,(F.Ritter) M.Lowry,Accepted
flowering plants,Equisetopsida,Caryophyllanae,Caryophyllales,Cactaceae,Cereus,Cereus lasianthus,K.Schum.,No opinion
flowering plants,Equisetopsida,Caryophyllanae,Caryophyllales,Cactaceae,Opuntia,Opuntia sulphurea,(Speg.) Backeb.,Accepted
flowering plants,Equisetopsida,Caryophyllanae,Caryophyllales,Cactaceae,Echinocereus,Echinocereus engelmannii,(Engelm. & J.M. Bigelow) E.Lutz,Accepted
flowering plants,Equisetopsida,Caryophyllanae,Caryophyllales,Cactaceae,Pseudorhipsalis,Pseudorhipsalis alata,(Sw.) Britton & Rose,Accepted
flowering plants,Equisetopsida,Caryophyllanae,Caryophyllales,Cactaceae,Astrophytum,Astrophytum myriostigma,Backeb.,No opinion
flowering plants,Equisetopsida,Caryophyllanae,Caryophyllales,Cactaceae,Lobivia,Lobivia einsteinii,(FriÄ) Rausch,Accepted
flowering plants,Equisetopsida,Caryophyllanae,Caryophyllales,Cactaceae,Echinocactus,Echinocactus pulverulentus,Muehlenpf.,Accepted
flowering plants,Equisetopsida,Caryophyllanae,Caryophyllales,Cactaceae,Opuntia,Opuntia pinkavae,Parfitt,Accepted
flowering plants,Equisetopsida,Caryophyllanae,Caryophyllales,Cactaceae,Coryphantha,Coryphantha salinensis,(Poselg.) Dicht & A. Lüthy,Accepted
flowering plants,Equisetopsida,Caryophyllanae,Caryophyllales,Cactaceae,Leuenbergeria,Leuenbergeria bleo,(Kunth) Lodé,Accepted
flowering plants,Equisetopsida,Caryophyllanae,Caryophyllales,Cactaceae,Opuntia,Opuntia insularis,Stewart,Accepted
flowering plants,Equisetopsida,Caryophyllanae,Caryophyllales,Cactaceae,Grusonia,Grusonia schottii,(Engelm.) H. Rob.,Accepted
flowering plants,Equisetopsida,Caryophyllanae,Caryophyllales,Cactaceae,Echinopsis,Echinopsis huotii,(F. Cels) Labour.,Accepted
flowering plants,Equisetopsida,Caryophyllanae,Caryophyllales,Cactaceae,Mammillaria,Mammillaria armillata,K. Brandegee,Accepted
flowering plants,Equisetopsida,Caryophyllanae,Caryophyllales,Cactaceae,Gymnocalycium,Gymnocalycium megatae,Y. Itô,Accepted
flowering plants,Equisetopsida,Caryophyllanae,Caryophyllales,Cactaceae,Mammillaria,Mammillaria coahuilensis,(Boed.) D.R. Hunt,Accepted
flowering plants,Equisetopsida,Caryophyllanae,Caryophyllales,Cactaceae,Cleistocactus,Cleistocactus parapetiensis,Cárdenas,Accepted
flowering plants,Equisetopsida,Caryophyllanae,Caryophyllales,Cactaceae,Mammillaria,Mammillaria guameri,Orcutt,Accepted
flowering plants,Equisetopsida,Caryophyllanae,Caryophyllales,Cactaceae,Echinocereus,Echinocereus reichenbachii,(Terscheck ex Walp.) J.N. Haage,Accepted
flowering plants,Equisetopsida,Caryophyllanae,Caryophyllales,Cactaceae,Pierrebraunia,Pierrebraunia bahiensis,(P.J.Braun & Esteves) Esteves,No opinion
flowering plants,Equisetopsida,Caryophyllanae,Caryophyllales,Cactaceae,Cereus,Cereus stenopterus,A.Weber,No opinion
flowering plants,Equisetopsida,Caryophyllanae,Caryophyllales,Cactaceae,Echinocereus,Echinocereus stramineus,(Engelm.) Rümpler,Accepted
flowering plants,Equisetopsida,Caryophyllanae,Caryophyllales,Cactaceae,Sulcorebutia,Sulcorebutia viridis,P. Lechner & A. Draxler,Accepted
flowering plants,Equisetopsida,Caryophyllanae,Caryophyllales,Cactaceae,Opuntia,Opuntia angusta,,No opinion
flowering plants,Equisetopsida,Caryophyllanae,Caryophyllales,Cactaceae,Mammillaria,Mammillaria scrippsiana,(Britton & Rose) Orcutt,Accepted
flowering plants,Equisetopsida,Caryophyllanae,Caryophyllales,Cactaceae,Opuntia,Opuntia guanicana,K. Schum. ex Gürke,No opinion
flowering plants,Equisetopsida,Caryophyllanae,Caryophyllales,Cactaceae,Neoporteria,Neoporteria subgibbosa,(Haw.) Britton & Rose,Accepted
flowering plants,Equisetopsida,Caryophyllanae,Caryophyllales,Cactaceae,Matucana,Matucana hystrix,Rauh & Backeb.,Accepted
flowering plants,Equisetopsida,Caryophyllanae,Caryophyllales,Cactaceae,Echinocereus,Echinocereus adustus,(Lau) N.P. Taylor,Accepted
flowering plants,Equisetopsida,Caryophyllanae,Caryophyllales,Cactaceae,Eriosyce,Eriosyce strausiana,(K. Schum.) Katt.,Accepted
flowering plants,Equisetopsida,Caryophyllanae,Caryophyllales,Cactaceae,Opuntia,Opuntia arechavaletae,Speg.,Accepted
flowering plants,Equisetopsida,Caryophyllanae,Caryophyllales,Cactaceae,Coryphantha,Coryphantha poselgeriana,(A. Dietr.) Britton & Rose,Accepted
flowering plants,Equisetopsida,Caryophyllanae,Caryophyllales,Cactaceae,Pilosocereus,Pilosocereus aurisetus,(F. Ritter) Zappi,Accepted
flowering plants,Equisetopsida,Caryophyllanae,Caryophyllales,Cactaceae,Sulcorebutia,Sulcorebutia candiae,,Accepted
flowering plants,Equisetopsida,Caryophyllanae,Caryophyllales,Cactaceae,Opuntia,Opuntia santamaria,(Baxter) Wiggins,Accepted
flowering plants,Equisetopsida,Caryophyllanae,Caryophyllales,Cactaceae,Opuntia,Opuntia senilis,J. Parm.,No opinion
flowering plants,Equisetopsida,Caryophyllanae,Caryophyllales,Cactaceae,Thelocephala,Thelocephala odieri,(Lem. ex Salm-Dyck) F. Ritter,Accepted
flowering plants,Equisetopsida,Caryophyllanae,Caryophyllales,Cactaceae,Mammillaria,Mammillaria recurva,Lehm.,No opinion
flowering plants,Equisetopsida,Caryophyllanae,Caryophyllales,Cactaceae,Escobaria,Escobaria villardii,"Castetter, P. Pierce & K.H. Schwer.",Accepted
flowering plants,Equisetopsida,Caryophyllanae,Caryophyllales,Cactaceae,Melocactus,Melocactus salvadorensis,Werderm.,Accepted
flowering plants,Equisetopsida,Caryophyllanae,Caryophyllales,Cactaceae,Mammillaria,Mammillaria guerreronis,(Bravo) Boed.,Accepted
flowering plants,Equisetopsida,Caryophyllanae,Caryophyllales,Cactaceae,Cereus,Cereus horrispinus,Backeb.,Accepted
flowering plants,Equisetopsida,Caryophyllanae,Caryophyllales,Cactaceae,Echinocereus,Echinocereus x roetteri var. neomexicanus,(J.M. Coult.) A.D. Zimmerman,Accepted
flowering plants,Equisetopsida,Caryophyllanae,Caryophyllales,Cactaceae,Opuntia,Opuntia anacantha,Speg.,Accepted
flowering plants,Equisetopsida,Caryophyllanae,Caryophyllales,Cactaceae,Neomammillaria,Neomammillaria bocasana,(Poselger) Britton & Rose,Accepted
flowering plants,Equisetopsida,Caryophyllanae,Caryophyllales,Cactaceae,Opuntia,Opuntia microdasys,,Accepted
flowering plants,Equisetopsida,Caryophyllanae,Caryophyllales,Cactaceae,Cereus,Cereus mirabella,N.P. Taylor,Accepted
flowering plants,Equisetopsida,Caryophyllanae,Caryophyllales,Cactaceae,Opuntia,Opuntia deltica,Griffiths,No opinion
flowering plants,Equisetopsida,Caryophyllanae,Caryophyllales,Cactaceae,Opuntia,Opuntia triacantha,(Willd.) Sweet,Accepted
flowering plants,Equisetopsida,Caryophyllanae,Caryophyllales,Cactaceae,Opuntia,Opuntia multigeniculata,Clokey,Accepted
flowering plants,Equisetopsida,Caryophyllanae,Caryophyllales,Cactaceae,Opuntia,Opuntia pennellii,Britton & Rose,Accepted
flowering plants,Equisetopsida,Caryophyllanae,Caryophyllales,Cactaceae,Neomammillaria,Neomammillaria boedekeriana,(Quehl) Britton & Rose,Accepted
flowering plants,Equisetopsida,Caryophyllanae,Caryophyllales,Cactaceae,Mammillaria,Mammillaria compressa,,Accepted
flowering plants,Equisetopsida,Caryophyllanae,Caryophyllales,Cactaceae,Mammillaria,Mammillaria lanigera,Repp.,No opinion
flowering plants,Equisetopsida,Caryophyllanae,Caryophyllales,Cactaceae,Pyrrhocactus,Pyrrhocactus strausianus,(K. Schum.) A. Berger,Accepted
flowering plants,Equisetopsida,Caryophyllanae,Caryophyllales,Cactaceae,Melocactus,Melocactus intortus,(Mill.) Urb.,Accepted
flowering plants,Equisetopsida,Caryophyllanae,Caryophyllales,Cactaceae,Echinopsis,Echinopsis spinibarbis,(Otto) A.E.Hoffm.,Accepted
flowering plants,Equisetopsida,Caryophyllanae,Caryophyllales,Cactaceae,Opuntia,Opuntia arenaria,Engelm.,Accepted
flowering plants,Equisetopsida,Caryophyllanae,Caryophyllales,Cactaceae,Rhipsalis,Rhipsalis robusta,G. Lindb.,No opinion
flowering plants,Equisetopsida,Caryophyllanae,Caryophyllales,Cactaceae,Mammillaria,Mammillaria elongata,DC.,Accepted
flowering plants,Equisetopsida,Caryophyllanae,Caryophyllales,Cactaceae,Stenocereus,Stenocereus fricii,Sánchez-Mej.,Accepted
flowering plants,Equisetopsida,Caryophyllanae,Caryophyllales,Cactaceae,Coryphantha,Coryphantha reduncuspina,Boed.,Accepted
flowering plants,Equisetopsida,Caryophyllanae,Caryophyllales,Cactaceae,Mammillaria,Mammillaria polythele,(Boed.) D.R. Hunt,Accepted
flowering plants,Equisetopsida,Caryophyllanae,Caryophyllales,Cactaceae,Mammillaria,Mammillaria viridiflora,(Britton & Rose) Boed.,Accepted
flowering plants,Equisetopsida,Caryophyllanae,Caryophyllales,Cactaceae,Opuntia,Opuntia corotilla,K. Schum. ex Vaupel,Accepted
flowering plants,Equisetopsida,Caryophyllanae,Caryophyllales,Cactaceae,Cleistocactus,Cleistocactus acanthurus,(Vaupel) D.R. Hunt,Accepted
flowering plants,Equisetopsida,Caryophyllanae,Caryophyllales,Cactaceae,Echinocactus,Echinocactus curvispinus,Bertero ex Colla,No opinion
flowering plants,Equisetopsida,Caryophyllanae,Caryophyllales,Cactaceae,Parodia,Parodia variicolor,F.Ritter,No opinion
flowering plants,Equisetopsida,Caryophyllanae,Caryophyllales,Cactaceae,Echinocactus,Echinocactus horizonthalonius,(Engelm.) Schelle,Accepted
flowering plants,Equisetopsida,Caryophyllanae,Caryophyllales,Cactaceae,Opuntia,Opuntia effulgia,Griffiths,No opinion
flowering plants,Equisetopsida,Caryophyllanae,Caryophyllales,Cactaceae,Brasilicereus,Brasilicereus markgrafii,Backeb. & Voll,Accepted
flowering plants,Equisetopsida,Caryophyllanae,Caryophyllales,Cactaceae,Sclerocactus,Sclerocactus polyancistrus,(Engelm. & J.M. Bigelow) Britton & Rose,Accepted
flowering plants,Equisetopsida,Caryophyllanae,Caryophyllales,Cactaceae,Mammillaria,Mammillaria pyrrhocentra,Salm-Dyck,No opinion
flowering plants,Equisetopsida,Caryophyllanae,Caryophyllales,Cactaceae,Echinocereus,Echinocereus pentalophus,(DC.) Rumpler,No opinion
flowering plants,Equisetopsida,Caryophyllanae,Caryophyllales,Cactaceae,Sclerocactus,Sclerocactus parviflorus,Clover & Jotter,Accepted
flowering plants,Equisetopsida,Caryophyllanae,Caryophyllales,Cactaceae,Mammillaria,Mammillaria insularis,H.E. Gates,Accepted
flowering plants,Equisetopsida,Caryophyllanae,Caryophyllales,Cactaceae,Echinopsis,Echinopsis imperialis,,No opinion
flowering plants,Equisetopsida,Caryophyllanae,Caryophyllales,Cactaceae,Sulcorebutia,Sulcorebutia breviflora,,Accepted
flowering plants,Equisetopsida,Caryophyllanae,Caryophyllales,Cactaceae,Echinocereus,Echinocereus pensilis,(Brandegee) J.A.Purpus,Accepted
flowering plants,Equisetopsida,Caryophyllanae,Caryophyllales,Cactaceae,Austrocylindropuntia,Austrocylindropuntia shaferi,(Backeb.) R. Kiesling,Accepted
flowering plants,Equisetopsida,Caryophyllanae,Caryophyllales,Cactaceae,Cereus,Cereus pernambucensis,,No opinion
flowering plants,Equisetopsida,Caryophyllanae,Caryophyllales,Cactaceae,Echinocereus,Echinocereus viridiflorus,L.D. Benson,Accepted
flowering plants,Equisetopsida,Caryophyllanae,Caryophyllales,Cactaceae,Copiapoa,Copiapoa rarissima,F. Ritter,Accepted
flowering plants,Equisetopsida,Caryophyllanae,Caryophyllales,Cactaceae,Turbinicarpus,Turbinicarpus beguinii,(N.P. Taylor) Mosco & Zanovello,Accepted
flowering plants,Equisetopsida,Caryophyllanae,Caryophyllales,Cactaceae,Neoporteria,Neoporteria castanea,F. Ritter,Accepted
flowering plants,Equisetopsida,Caryophyllanae,Caryophyllales,Cactaceae,Echinocereus,Echinocereus viereckii,(Riha) N.P. Taylor,Accepted
flowering plants,Equisetopsida,Caryophyllanae,Caryophyllales,Cactaceae,Parodia,Parodia sanagasta,Weing.,No opinion
flowering plants,Equisetopsida,Caryophyllanae,Caryophyllales,Cactaceae,Opuntia,Opuntia quitensis,F.A.C. Weber,Accepted
flowering plants,Equisetopsida,Caryophyllanae,Caryophyllales,Cactaceae,Pelecyphora,Pelecyphora strobiliformis,(Werderm.) FriÄ & Schelle ex Kreuz.,Accepted
flowering plants,Equisetopsida,Caryophyllanae,Caryophyllales,Cactaceae,Melocactus,Melocactus peruvianus,Vaupel,Accepted
flowering plants,Equisetopsida,Caryophyllanae,Caryophyllales,Cactaceae,Heliocereus,Heliocereus aurantiacus,Kimnach,Accepted
flowering plants,Equisetopsida,Caryophyllanae,Caryophyllales,Cactaceae,Cylindropuntia,Cylindropuntia tunicata,(Lehm.) F.M. Knuth,Accepted
flowering plants,Equisetopsida,Caryophyllanae,Caryophyllales,Cactaceae,Cereus,Cereus insularis,Hemsl.,Accepted
flowering plants,Equisetopsida,Caryophyllanae,Caryophyllales,Cactaceae,Mammillaria,Mammillaria albicans,,Accepted
flowering plants,Equisetopsida,Caryophyllanae,Caryophyllales,Cactaceae,Mammillaria,Mammillaria pilensis,Shurly,No opinion
flowering plants,Equisetopsida,Caryophyllanae,Caryophyllales,Cactaceae,Mammillaria,Mammillaria crucigera,,Accepted
flowering plants,Equisetopsida,Caryophyllanae,Caryophyllales,Cactaceae,Hylocereus,Hylocereus polyrhizus,(F.A.C. Weber) Britton & Rose,Accepted
flowering plants,Equisetopsida,Caryophyllanae,Caryophyllales,Cactaceae,Coleocephalocereus,Coleocephalocereus decumbens,F. Ritter,Accepted
flowering plants,Equisetopsida,Caryophyllanae,Caryophyllales,Cactaceae,Echinopsis,Echinopsis chiloensis,(Colla) Friedrich & G.D. Rowley,Accepted
flowering plants,Equisetopsida,Caryophyllanae,Caryophyllales,Cactaceae,Coryphantha,Coryphantha macromeris,,Accepted
flowering plants,Equisetopsida,Caryophyllanae,Caryophyllales,Cactaceae,Mammillaria,Mammillaria rhodantha,(Lem.) D.R. Hunt,Accepted
flowering plants,Equisetopsida,Caryophyllanae,Caryophyllales,Cactaceae,Corryocactus,Corryocactus quadrangularis,(Rauh & Backeb.) F. Ritter,No opinion
flowering plants,Equisetopsida,Caryophyllanae,Caryophyllales,Cactaceae,Gymnocalycium,Gymnocalycium raineri,H. Till,Accepted
flowering plants,Equisetopsida,Caryophyllanae,Caryophyllales,Cactaceae,Tephrocactus,Tephrocactus hossei,Krainz & Gräser,No opinion
flowering plants,Equisetopsida,Caryophyllanae,Caryophyllales,Cactaceae,Matucana,Matucana hastifera,F. Ritter,Accepted
flowering plants,Equisetopsida,Caryophyllanae,Caryophyllales,Cactaceae,Opuntia,Opuntia cespitosa,Raf.,No opinion
flowering plants,Equisetopsida,Caryophyllanae,Caryophyllales,Cactaceae,Notocactus,Notocactus katharinae,Vliet,No opinion
flowering plants,Equisetopsida,Caryophyllanae,Caryophyllales,Cactaceae,Opuntia,Opuntia azurea,Rose,Accepted
flowering plants,Equisetopsida,Caryophyllanae,Caryophyllales,Cactaceae,Copiapoa,Copiapoa calderana,F. Ritter,Accepted
flowering plants,Equisetopsida,Caryophyllanae,Caryophyllales,Cactaceae,Coryphantha,Coryphantha macromeris,(Britton & Rose) N.P. Taylor,Accepted
flowering plants,Equisetopsida,Caryophyllanae,Caryophyllales,Cactaceae,Lobivia,Lobivia tiegeliana,Rausch,Accepted
flowering plants,Equisetopsida,Caryophyllanae,Caryophyllales,Cactaceae,Cereus,Cereus lamprospermus,K. Schum.,Accepted
flowering plants,Equisetopsida,Caryophyllanae,Caryophyllales,Cactaceae,Lobivia,Lobivia arachnacantha,Buining & F. Ritter,Accepted
flowering plants,Equisetopsida,Caryophyllanae,Caryophyllales,Cactaceae,Gymnocalycium,Gymnocalycium mihanovichii,(FriÄ & Gürke) Britton & Rose,Accepted
flowering plants,Equisetopsida,Caryophyllanae,Caryophyllales,Cactaceae,Haageocereus,Haageocereus versicolor,(Werderm. & Backeb.) Backeb.,Accepted
flowering plants,Equisetopsida,Caryophyllanae,Caryophyllales,Cactaceae,Ferocactus,Ferocactus histrix,(DC.) G.E. Linds.,Accepted
flowering plants,Equisetopsida,Caryophyllanae,Caryophyllales,Cactaceae,Epiphyllum,Epiphyllum hookeri,Haw.,Accepted
flowering plants,Equisetopsida,Caryophyllanae,Caryophyllales,Cactaceae,Armatocereus,Armatocereus humilis,(Britton & Rose) Backeb.,Accepted
flowering plants,Equisetopsida,Caryophyllanae,Caryophyllales,Cactaceae,Selenicereus,Selenicereus boeckmannii,(Otto ex Salm-Dyck) Britton & Rose,Accepted
flowering plants,Equisetopsida,Caryophyllanae,Caryophyllales,Cactaceae,Discocactus,Discocactus zehntneri,Britton & Rose,Accepted
flowering plants,Equisetopsida,Caryophyllanae,Caryophyllales,Cactaceae,Ariocarpus,Ariocarpus kotschoubeyanus,Skarupke,No opinion
flowering plants,Equisetopsida,Caryophyllanae,Caryophyllales,Cactaceae,Puna,Puna subterranea,(R.E. Fr.) R. Kiesling,Accepted
flowering plants,Equisetopsida,Caryophyllanae,Caryophyllales,Cactaceae,Gymnocalycium,Gymnocalycium eurypleurum,Plesnik ex F. Ritter,Accepted
flowering plants,Equisetopsida,Caryophyllanae,Caryophyllales,Cactaceae,Cereus,Cereus peruvianus,C.F.Först.,No opinion
flowering plants,Equisetopsida,Caryophyllanae,Caryophyllales,Cactaceae,Neoporteria,Neoporteria kesselringiana,(Dolz) Hutchison,No opinion
flowering plants,Equisetopsida,Caryophyllanae,Caryophyllales,Cactaceae,Mammillaria,Mammillaria longiflora,(Britton & Rose) A. Berger,Accepted
flowering plants,Equisetopsida,Caryophyllanae,Caryophyllales,Cactaceae,Copiapoa,Copiapoa montana,(F. Ritter) N.P. Taylor,Accepted
flowering plants,Equisetopsida,Caryophyllanae,Caryophyllales,Cactaceae,Cylindropuntia,Cylindropuntia acanthocarpa,(L.D.Benson) U.Guzmán,Accepted
flowering plants,Equisetopsida,Caryophyllanae,Caryophyllales,Cactaceae,Cereus,Cereus smithianus,Sweet,No opinion
flowering plants,Equisetopsida,Caryophyllanae,Caryophyllales,Cactaceae,Austrocylindropuntia,Austrocylindropuntia pachypus,(K. Schum.) Backeb.,Accepted
flowering plants,Equisetopsida,Caryophyllanae,Caryophyllales,Cactaceae,Mammillaria,Mammillaria schiedeana,,Accepted
flowering plants,Equisetopsida,Caryophyllanae,Caryophyllales,Cactaceae,Opuntia,Opuntia valida,Griffiths,Accepted
flowering plants,Equisetopsida,Caryophyllanae,Caryophyllales,Cactaceae,Islaya,Islaya laui,(Lüthy) Faúndez & R. Kiesling,Accepted
flowering plants,Equisetopsida,Caryophyllanae,Caryophyllales,Cactaceae,Frailea,Frailea castanea,(F. Ritter) P.J. Braun & Esteves,Accepted
flowering plants,Equisetopsida,Caryophyllanae,Caryophyllales,Cactaceae,Escobaria,Escobaria robbinsiorum,(W.H. Earle) D.R. Hunt,Accepted
flowering plants,Equisetopsida,Caryophyllanae,Caryophyllales,Cactaceae,Rebutia,Rebutia krugerae,,No opinion
flowering plants,Equisetopsida,Caryophyllanae,Caryophyllales,Cactaceae,Opuntia,Opuntia caespitosa,Raf.,No opinion
flowering plants,Equisetopsida,Caryophyllanae,Caryophyllales,Cactaceae,Oroya,Oroya peruviana,Donald & A.B. Lau,Accepted
flowering plants,Equisetopsida,Caryophyllanae,Caryophyllales,Cactaceae,Parodia,Parodia oxycostata,(Buining & Brederoo) Hofacker,Accepted
flowering plants,Equisetopsida,Caryophyllanae,Caryophyllales,Cactaceae,Cereus,Cereus pierrebraunianus,Esteves,Accepted
flowering plants,Equisetopsida,Caryophyllanae,Caryophyllales,Cactaceae,Austrocylindropuntia,Austrocylindropuntia subulata,(Muehlenpf.) Backeb.,Accepted
flowering plants,Equisetopsida,Caryophyllanae,Caryophyllales,Cactaceae,Cereus,Cereus pugioniferus,Lem.,No opinion
flowering plants,Equisetopsida,Caryophyllanae,Caryophyllales,Cactaceae,Trichoechinopsis,Trichoechinopsis imperialis,(Hummel) Backeb.,No opinion
flowering plants,Equisetopsida,Caryophyllanae,Caryophyllales,Cactaceae,Pilosocereus,Pilosocereus chrysacanthus,(F.A.C. Weber ex Schum.) Byles & G.D. Rowley,Accepted
flowering plants,Equisetopsida,Caryophyllanae,Caryophyllales,Cactaceae,Mammillaria,Mammillaria backebergiana,(Fittkau) D.R. Hunt,Accepted
flowering plants,Equisetopsida,Caryophyllanae,Caryophyllales,Cactaceae,Gymnocalycium,Gymnocalycium pflanzii,H. Till & W. Till,Accepted
flowering plants,Equisetopsida,Caryophyllanae,Caryophyllales,Cactaceae,Frailea,Frailea pygmaea,,Accepted
flowering plants,Equisetopsida,Caryophyllanae,Caryophyllales,Cactaceae,Corryocactus,Corryocactus pilispinus,F. Ritter,Accepted
flowering plants,Equisetopsida,Caryophyllanae,Caryophyllales,Cactaceae,Echinomastus,Echinomastus arizonicus,Hester,No opinion
flowering plants,Equisetopsida,Caryophyllanae,Caryophyllales,Cactaceae,Opuntia,Opuntia whipplei,(Clokey) L.D. Benson,Accepted
flowering plants,Equisetopsida,Caryophyllanae,Caryophyllales,Cactaceae,Brasiliopuntia,Brasiliopuntia brasiliensis,(Willd.) A.Berger,Accepted
flowering plants,Equisetopsida,Caryophyllanae,Caryophyllales,Cactaceae,Coryphantha,Coryphantha delaetiana,(Quehl) A.Berger,Accepted
flowering plants,Equisetopsida,Caryophyllanae,Caryophyllales,Cactaceae,Echinocereus,Echinocereus triglochidiatus,(Standl.) Standl. ex W. Marshall,Accepted
flowering plants,Equisetopsida,Caryophyllanae,Caryophyllales,Cactaceae,Cylindropuntia,Cylindropuntia cholla,(F.A.C. Weber) F.M. Knuth,Accepted
flowering plants,Equisetopsida,Caryophyllanae,Caryophyllales,Cactaceae,Epithelantha,Epithelantha micromeris,(Engelm.) N.P. Taylor,Accepted
flowering plants,Equisetopsida,Caryophyllanae,Caryophyllales,Cactaceae,Melocactus,Melocactus lemairei,(Monv. ex Lem.) Miq. ex Lem.,Accepted
flowering plants,Equisetopsida,Caryophyllanae,Caryophyllales,Cactaceae,Grusonia,Grusonia moelleri,(A. Berger) E.F. Anderson,Accepted
flowering plants,Equisetopsida,Caryophyllanae,Caryophyllales,Cactaceae,Opuntia,Opuntia rastrera,F.A.C. Weber,Accepted
flowering plants,Equisetopsida,Caryophyllanae,Caryophyllales,Cactaceae,Eriosyce,Eriosyce kunzei,(Foerster) Katt.,Accepted
flowering plants,Equisetopsida,Caryophyllanae,Caryophyllales,Cactaceae,Tunilla,Tunilla tilcarensis,(Backeb.) D.R. Hunt & Iliff,Accepted
flowering plants,Equisetopsida,Caryophyllanae,Caryophyllales,Cactaceae,Echinopsis,Echinopsis arboricola,(Kimnach) Mottram,Accepted
flowering plants,Equisetopsida,Caryophyllanae,Caryophyllales,Cactaceae,Echinocereus,Echinocereus scheeri,(Clover) N.P.Taylor,Accepted
flowering plants,Equisetopsida,Caryophyllanae,Caryophyllales,Cactaceae,Armatocereus,Armatocereus laetus,(Kunth) Backeb.,Accepted
flowering plants,Equisetopsida,Caryophyllanae,Caryophyllales,Cactaceae,Disocactus,Disocactus speciosus,(Kimnach) Ralf Bauer,Accepted
flowering plants,Equisetopsida,Caryophyllanae,Caryophyllales,Cactaceae,Mammillaria,Mammillaria bocasana,,Accepted
flowering plants,Equisetopsida,Caryophyllanae,Caryophyllales,Cactaceae,Copiapoa,Copiapoa humilis,(Werderm.) Doweld,Accepted
flowering plants,Equisetopsida,Caryophyllanae,Caryophyllales,Cactaceae,Mammillaria,Mammillaria freudenbergeri,Repp.,No opinion
flowering plants,Equisetopsida,Caryophyllanae,Caryophyllales,Cactaceae,Peniocereus,Peniocereus oaxacensis,(Britton & Rose) D.R. Hunt,Accepted
flowering plants,Equisetopsida,Caryophyllanae,Caryophyllales,Cactaceae,Rhipsalis,Rhipsalis clavata,F.A.C.Weber,Accepted
flowering plants,Equisetopsida,Caryophyllanae,Caryophyllales,Cactaceae,Opuntia,Opuntia lucayana,Britton,No opinion
flowering plants,Equisetopsida,Caryophyllanae,Caryophyllales,Cactaceae,Rebutia,Rebutia wessneriana,Bewer.,Accepted
flowering plants,Equisetopsida,Caryophyllanae,Caryophyllales,Cactaceae,Echinocereus,Echinocereus ortegae,,Accepted
flowering plants,Equisetopsida,Caryophyllanae,Caryophyllales,Cactaceae,Mammillaria,Mammillaria miegiana,W. Earle,Accepted
flowering plants,Equisetopsida,Caryophyllanae,Caryophyllales,Cactaceae,Cactus,Cactus polycentrus,(A. Berger) Kuntze,Accepted
flowering plants,Equisetopsida,Caryophyllanae,Caryophyllales,Cactaceae,Pediocactus,Pediocactus paradinei,B.W. Benson,Accepted
flowering plants,Equisetopsida,Caryophyllanae,Caryophyllales,Cactaceae,Lepismium,Lepismium lumbricoides,(Lem.) Barthlott,Accepted
flowering plants,Equisetopsida,Caryophyllanae,Caryophyllales,Cactaceae,Cleistocactus,Cleistocactus chotaensis,A. Weber ex Rol.-Goss.,Accepted
flowering plants,Equisetopsida,Caryophyllanae,Caryophyllales,Cactaceae,Opuntia,Opuntia grata,Phil.,No opinion
flowering plants,Equisetopsida,Caryophyllanae,Caryophyllales,Cactaceae,Echinopsis,Echinopsis hahniana,(Backeb.) R.S.Wallace,Accepted
flowering plants,Equisetopsida,Caryophyllanae,Caryophyllales,Cactaceae,Echinocactus,Echinocactus gibbosus,(Speg.) Lambert,Accepted
flowering plants,Equisetopsida,Caryophyllanae,Caryophyllales,Cactaceae,Cochemiea,Cochemiea pondii,,Accepted
flowering plants,Equisetopsida,Caryophyllanae,Caryophyllales,Cactaceae,Cylindropuntia,Cylindropuntia versicolor,(Engelm. ex J.M. Coult.) F.M. Knuth,Accepted
flowering plants,Equisetopsida,Caryophyllanae,Caryophyllales,Cactaceae,Rhipsalis,Rhipsalis dissimilis,(G. Lindb.) K. Schum.,Accepted
flowering plants,Equisetopsida,Caryophyllanae,Caryophyllales,Cactaceae,Gymnocalycium,Gymnocalycium kuehhasii,Neuhuber & R. Sperling,Accepted
flowering plants,Equisetopsida,Caryophyllanae,Caryophyllales,Cactaceae,Opuntia,Opuntia werneri,Eggli,Accepted
flowering plants,Equisetopsida,Caryophyllanae,Caryophyllales,Cactaceae,Coryphantha,Coryphantha neglecta,L. Bremer,Accepted
flowering plants,Equisetopsida,Caryophyllanae,Caryophyllales,Cactaceae,Escobaria,Escobaria emskoetteriana,(Quehl) Borg,Accepted
flowering plants,Equisetopsida,Caryophyllanae,Caryophyllales,Cactaceae,Opuntia,Opuntia securigera,Borg,Accepted
flowering plants,Equisetopsida,Caryophyllanae,Caryophyllales,Cactaceae,Leptocereus,Leptocereus carinatus,Areces,Accepted
flowering plants,Equisetopsida,Caryophyllanae,Caryophyllales,Cactaceae,Selenicereus,Selenicereus wercklei,(F.A.C. Weber) Britton & Rose,Accepted
flowering plants,Equisetopsida,Caryophyllanae,Caryophyllales,Cactaceae,Rapicactus,Rapicactus beguinii,,No opinion
flowering plants,Equisetopsida,Caryophyllanae,Caryophyllales,Cactaceae,Islaya,Islaya islayensis,(Foerster) Backeb.,Accepted
flowering plants,Equisetopsida,Caryophyllanae,Caryophyllales,Cactaceae,Cereus,Cereus malletianus,Cels ex K.Schum.,No opinion
flowering plants,Equisetopsida,Caryophyllanae,Caryophyllales,Cactaceae,Gymnocalycium,Gymnocalycium quehlianum,(F.Haage ex Quehl) Vaupel ex Hosseus,Accepted
flowering plants,Equisetopsida,Caryophyllanae,Caryophyllales,Cactaceae,Piptanthocereus,Piptanthocereus neonesioticus,F.Ritter,No opinion
flowering plants,Equisetopsida,Caryophyllanae,Caryophyllales,Cactaceae,Echinopsis,Echinopsis aurea,J. Ullmann,Accepted
flowering plants,Equisetopsida,Caryophyllanae,Caryophyllales,Cactaceae,Mammillaria,Mammillaria formosa,,Accepted
flowering plants,Equisetopsida,Caryophyllanae,Caryophyllales,Cactaceae,Cylindropuntia,Cylindropuntia alcahes,(Britton & Rose) U.Guzmán,Accepted
flowering plants,Equisetopsida,Caryophyllanae,Caryophyllales,Cactaceae,Opuntia,Opuntia streptacantha,,No opinion
flowering plants,Equisetopsida,Caryophyllanae,Caryophyllales,Cactaceae,Haageocereus,Haageocereus tenuis,F. Ritter,Accepted
flowering plants,Equisetopsida,Caryophyllanae,Caryophyllales,Cactaceae,Cylindropuntia,Cylindropuntia xvivipara,(Rose) F.M. Knuth (pro sp.),Accepted
flowering plants,Equisetopsida,Caryophyllanae,Caryophyllales,Cactaceae,Pilosocereus,Pilosocereus leucocephalus,(Poselg.) Byles & G.D. Rowley,Accepted
flowering plants,Equisetopsida,Caryophyllanae,Caryophyllales,Cactaceae,Copiapoa,Copiapoa cinerea,(F. Ritter) Slaba,Accepted
flowering plants,Equisetopsida,Caryophyllanae,Caryophyllales,Cactaceae,Pilosocereus,Pilosocereus lanuginosus,(L.) Byles & G.D. Rowley,Accepted
flowering plants,Equisetopsida,Caryophyllanae,Caryophyllales,Cactaceae,Cephalocereus,Cephalocereus exerens,(K. Schum.) Rose,Accepted
flowering plants,Equisetopsida,Caryophyllanae,Caryophyllales,Cactaceae,Turbinicarpus,Turbinicarpus schmiedickeanus,(Backeb. & H. Jacobsen) Glass & R.A. Foster,Accepted
flowering plants,Equisetopsida,Caryophyllanae,Caryophyllales,Cactaceae,Pilocereus,Pilocereus setosus,Gürke,Accepted
flowering plants,Equisetopsida,Caryophyllanae,Caryophyllales,Cactaceae,Cactus,Cactus oothele,(Lem.) Kuntze,Accepted
flowering plants,Equisetopsida,Caryophyllanae,Caryophyllales,Cactaceae,Cylindropuntia,Cylindropuntia arbuscula,(Engelm.) F.M. Knuth,Accepted
flowering plants,Equisetopsida,Caryophyllanae,Caryophyllales,Cactaceae,Parodia,Parodia scopa,(F. Ritter) Hofacker & P.J. Braun,Accepted
flowering plants,Equisetopsida,Caryophyllanae,Caryophyllales,Cactaceae,Rhipsalis,Rhipsalis pittieri,Britton & Rose,Accepted
flowering plants,Equisetopsida,Caryophyllanae,Caryophyllales,Cactaceae,Opuntia,Opuntia mistiensis,(Backeb.) G.D. Rowley,Accepted
flowering plants,Equisetopsida,Caryophyllanae,Caryophyllales,Cactaceae,Echinocereus,Echinocereus fendleri,(Peebles) N.P. Taylor,Accepted
flowering plants,Equisetopsida,Caryophyllanae,Caryophyllales,Cactaceae,Pilosocereus,Pilosocereus tweedyanus,(Britton & Rose) Byles & G.D. Rowley,Accepted
flowering plants,Equisetopsida,Caryophyllanae,Caryophyllales,Cactaceae,Echinocereus,Echinocereus bonkerae,Thornber & Bonker,Accepted
flowering plants,Equisetopsida,Caryophyllanae,Caryophyllales,Cactaceae,Escobaria,Escobaria lloydii,Britton & Rose,Accepted
flowering plants,Equisetopsida,Caryophyllanae,Caryophyllales,Cactaceae,Selenicereus,Selenicereus extensus,(Salm-Dyck ex DC.) Leuenb.,Accepted
flowering plants,Equisetopsida,Caryophyllanae,Caryophyllales,Cactaceae,Opuntia,Opuntia utahensis,J.A. Purpus,No opinion
flowering plants,Equisetopsida,Caryophyllanae,Caryophyllales,Cactaceae,Echinopsis,Echinopsis litoralis,(Johow) Friedrich & G.D. Rowley,Accepted
flowering plants,Equisetopsida,Caryophyllanae,Caryophyllales,Cactaceae,Micranthocereus,Micranthocereus albicephalus,(Buining & Brederoo) F. Ritter,Accepted
flowering plants,Equisetopsida,Caryophyllanae,Caryophyllales,Cactaceae,Opuntia,Opuntia tetracantha,Toumey,No opinion
flowering plants,Equisetopsida,Caryophyllanae,Caryophyllales,Cactaceae,Melocactus,Melocactus bellavistensis,,Accepted
flowering plants,Equisetopsida,Caryophyllanae,Caryophyllales,Cactaceae,Astrophytum,Astrophytum myriostigma,Lem.,Accepted
flowering plants,Equisetopsida,Caryophyllanae,Caryophyllales,Cactaceae,Oreocereus,Oreocereus trollii,(Kupper) Backeb.,Accepted
flowering plants,Equisetopsida,Caryophyllanae,Caryophyllales,Cactaceae,Cereus,Cereus kroenleinii,(R. Kiesling) P.J. Braun & Esteves,Accepted
flowering plants,Equisetopsida,Caryophyllanae,Caryophyllales,Cactaceae,Pereskia,Pereskia grandifolia,Haw.,Accepted
flowering plants,Equisetopsida,Caryophyllanae,Caryophyllales,Cactaceae,Notocactus,Notocactus scopa,A.Berger,No opinion
flowering plants,Equisetopsida,Caryophyllanae,Caryophyllales,Cactaceae,Pyrrhocactus,Pyrrhocactus engleri,(F. Ritter) F. Ritter,Accepted
flowering plants,Equisetopsida,Caryophyllanae,Caryophyllales,Cactaceae,Ferocactus,Ferocactus diguetii,(F.A.C. Weber) Britton & Rose,Accepted
flowering plants,Equisetopsida,Caryophyllanae,Caryophyllales,Cactaceae,Corryocactus,Corryocactus prostratus,F. Ritter,Accepted
flowering plants,Equisetopsida,Caryophyllanae,Caryophyllales,Cactaceae,Haageocereus,Haageocereus icensis,Backeb. ex F. Ritter,Accepted
flowering plants,Equisetopsida,Caryophyllanae,Caryophyllales,Cactaceae,Mammillaria,Mammillaria verhaertiana,Boed.,Accepted
flowering plants,Equisetopsida,Caryophyllanae,Caryophyllales,Cactaceae,Arrojadoa,Arrojadoa multiflora,F. Ritter,Accepted
flowering plants,Equisetopsida,Caryophyllanae,Caryophyllales,Cactaceae,Rhipsalis,Rhipsalis ormindoi,N.P. Taylor & Zappi,Accepted
flowering plants,Equisetopsida,Caryophyllanae,Caryophyllales,Cactaceae,Copiapoa,Copiapoa calderana,(Middled.) D.R.Hunt,Accepted
flowering plants,Equisetopsida,Caryophyllanae,Caryophyllales,Cactaceae,Ferocactus,Ferocactus cylindraceus,(H.E. Gates) N.P. Taylor,Accepted
flowering plants,Equisetopsida,Caryophyllanae,Caryophyllales,Cactaceae,Epiphyllum,Epiphyllum trimetrale,Croizat,Accepted
flowering plants,Equisetopsida,Caryophyllanae,Caryophyllales,Cactaceae,Gymnocalycium,Gymnocalycium calochlorum,(Boed.) Y. Itô,Accepted
flowering plants,Equisetopsida,Caryophyllanae,Caryophyllales,Cactaceae,Opuntia,Opuntia microdisca,F.A.C. Weber,Accepted
flowering plants,Equisetopsida,Caryophyllanae,Caryophyllales,Cactaceae,Pilosocereus,Pilosocereus bahamensis,(Britton) Byles & G.D. Rowley,Accepted
flowering plants,Equisetopsida,Caryophyllanae,Caryophyllales,Cactaceae,Gymnocalycium,Gymnocalycium denudatum,Prestlé,No opinion
flowering plants,Equisetopsida,Caryophyllanae,Caryophyllales,Cactaceae,Cactus,Cactus curvispinus,Bertero,No opinion
flowering plants,Equisetopsida,Caryophyllanae,Caryophyllales,Cactaceae,Mammillaria,Mammillaria laui,D.R. Hunt,Accepted
flowering plants,Equisetopsida,Caryophyllanae,Caryophyllales,Cactaceae,Rhipsalis,Rhipsalis hileiabaiana,(N.P. Taylor & Barthlott) N. Korotkova & Barthlott,Accepted
flowering plants,Equisetopsida,Caryophyllanae,Caryophyllales,Cactaceae,Echinocereus,Echinocereus sciurus,,Accepted
flowering plants,Equisetopsida,Caryophyllanae,Caryophyllales,Cactaceae,Echinocereus,Echinocereus scheeri,(Salm-Dyck) Rumpler,Accepted
flowering plants,Equisetopsida,Caryophyllanae,Caryophyllales,Cactaceae,Rhipsalis,Rhipsalis pacheco-leonis,(Kimnach) Barthlott & N.P. Taylor,Accepted
flowering plants,Equisetopsida,Caryophyllanae,Caryophyllales,Cactaceae,Mila,Mila colorea,F. Ritter,Accepted
flowering plants,Equisetopsida,Caryophyllanae,Caryophyllales,Cactaceae,Echinocereus,Echinocereus enneacanthus,Engelm.,Accepted
flowering plants,Equisetopsida,Caryophyllanae,Caryophyllales,Cactaceae,Eriosyce,Eriosyce napina,,Accepted
flowering plants,Equisetopsida,Caryophyllanae,Caryophyllales,Cactaceae,Selenicereus,Selenicereus murrillii,Britton & Rose,Accepted
flowering plants,Equisetopsida,Caryophyllanae,Caryophyllales,Cactaceae,Melocactus,Melocactus stramineus,Suringar,No opinion
flowering plants,Equisetopsida,Caryophyllanae,Caryophyllales,Cactaceae,Melocactus,Melocactus glaucescens,Buining & Brederoo,Accepted
flowering plants,Equisetopsida,Caryophyllanae,Caryophyllales,Cactaceae,Mammillaria,Mammillaria echinata,DC.,No opinion
flowering plants,Equisetopsida,Caryophyllanae,Caryophyllales,Cactaceae,Lobivia,Lobivia sanguiniflora,Backeb.,Accepted
flowering plants,Equisetopsida,Caryophyllanae,Caryophyllales,Cactaceae,Echinocereus,Echinocereus cinerascens,(Bravo) N.P. Taylor,Accepted
flowering plants,Equisetopsida,Caryophyllanae,Caryophyllales,Cactaceae,Opuntia,Opuntia rosarica,G.E. Linds.,Accepted
flowering plants,Equisetopsida,Caryophyllanae,Caryophyllales,Cactaceae,Echinocereus,Echinocereus maritimus,(M.E. Jones) K. Schum.,Accepted
flowering plants,Equisetopsida,Caryophyllanae,Caryophyllales,Cactaceae,Rhipsalis,Rhipsalis puniceodiscus,G. Lindb.,Accepted
flowering plants,Equisetopsida,Caryophyllanae,Caryophyllales,Cactaceae,Eriosyce,Eriosyce glabrescens,(F. Ritter) P. C. Guerrero & Helmut Walter,Accepted
flowering plants,Equisetopsida,Caryophyllanae,Caryophyllales,Cactaceae,Echinocereus,Echinocereus adustus,(A.B. Lau) N.P. Taylor,Accepted
flowering plants,Equisetopsida,Caryophyllanae,Caryophyllales,Cactaceae,Echinocactus,Echinocactus whipplei,Engelm. & Bigelow,No opinion
flowering plants,Equisetopsida,Caryophyllanae,Caryophyllales,Cactaceae,Cleistocactus,Cleistocactus orthogonus,Cárdenas,Accepted
flowering plants,Equisetopsida,Caryophyllanae,Caryophyllales,Cactaceae,Echinopsis,Echinopsis cinnabarina,(Hook.) Labour.,Accepted
flowering plants,Equisetopsida,Caryophyllanae,Caryophyllales,Cactaceae,Malacocarpus,Malacocarpus tephracanthus,K.Schum.,No opinion
flowering plants,Equisetopsida,Caryophyllanae,Caryophyllales,Cactaceae,Cactus,Cactus purpureus,(Ehrenb.) Kuntze,Accepted
flowering plants,Equisetopsida,Caryophyllanae,Caryophyllales,Cactaceae,Peniocereus,Peniocereus marianus,(Gentry) Sánchez-Mej.,Accepted
flowering plants,Equisetopsida,Caryophyllanae,Caryophyllales,Cactaceae,Parodia,Parodia buiningii,(Buxb.) N.P. Taylor,Accepted
flowering plants,Equisetopsida,Caryophyllanae,Caryophyllales,Cactaceae,Glandulicereus,Glandulicereus chacalapensis,(Bravo & T. MacDoug.) Guiggi,Accepted
flowering plants,Equisetopsida,Caryophyllanae,Caryophyllales,Cactaceae,Opuntia,Opuntia eburnispina,Small,Accepted
flowering plants,Equisetopsida,Caryophyllanae,Caryophyllales,Cactaceae,Jasminocereus,Jasminocereus thouarsii,,Accepted
flowering plants,Equisetopsida,Caryophyllanae,Caryophyllales,Cactaceae,Selenicereus,Selenicereus brevispinus,Britton & Rose,Accepted
flowering plants,Equisetopsida,Caryophyllanae,Caryophyllales,Cactaceae,Leptocereus,Leptocereus maxonii,Britton & Rose,Accepted
flowering plants,Equisetopsida,Caryophyllanae,Caryophyllales,Cactaceae,Opuntia,Opuntia curvispina,Griffiths,No opinion
flowering plants,Equisetopsida,Caryophyllanae,Caryophyllales,Cactaceae,Matucana,Matucana currundayensis,F. Ritter,Accepted
flowering plants,Equisetopsida,Caryophyllanae,Caryophyllales,Cactaceae,Mammillaria,Mammillaria pacifica,(H.E. Gates) Boed.,Accepted
flowering plants,Equisetopsida,Caryophyllanae,Caryophyllales,Cactaceae,Mammillaria,Mammillaria geminispina,Haw.,Accepted
flowering plants,Equisetopsida,Caryophyllanae,Caryophyllales,Cactaceae,Echinocereus,Echinocereus cinerascens,(Pfeiff.) Bravo,Accepted
flowering plants,Equisetopsida,Caryophyllanae,Caryophyllales,Cactaceae,Mammillaria,Mammillaria guelzowiana,Werderm.,Accepted
flowering plants,Equisetopsida,Caryophyllanae,Caryophyllales,Cactaceae,Notocactus,Notocactus vilanovensis,C.E.Koch,No opinion
flowering plants,Equisetopsida,Caryophyllanae,Caryophyllales,Cactaceae,Lasiocereus,Lasiocereus rupicola,F. Ritter,Accepted
flowering plants,Equisetopsida,Caryophyllanae,Caryophyllales,Cactaceae,Opuntia,Opuntia gaumeri,(Britton & Rose) Lodé,Accepted
flowering plants,Equisetopsida,Caryophyllanae,Caryophyllales,Cactaceae,Coryphantha,Coryphantha strobiliformis,,Accepted
flowering plants,Equisetopsida,Caryophyllanae,Caryophyllales,Cactaceae,Gymnocalycium,Gymnocalycium tillianum,Rausch,Accepted
flowering plants,Equisetopsida,Caryophyllanae,Caryophyllales,Cactaceae,Rhipsalis,Rhipsalis oblonga,Loefgr.,Accepted
flowering plants,Equisetopsida,Caryophyllanae,Caryophyllales,Cactaceae,Selenicereus,Selenicereus megalanthus,(K. Schum. ex Vaupel) Moran,Accepted
flowering plants,Equisetopsida,Caryophyllanae,Caryophyllales,Cactaceae,Opuntia,Opuntia barkleyana,(Daston) G.D.Rowley,No opinion
flowering plants,Equisetopsida,Caryophyllanae,Caryophyllales,Cactaceae,Cleistocactus,Cleistocactus tenuiserpens,Rauh & Backeb.,Accepted
flowering plants,Equisetopsida,Caryophyllanae,Caryophyllales,Cactaceae,Sclerocactus,Sclerocactus papyracanthus,(Engelm.) N.P. Taylor,Accepted
flowering plants,Equisetopsida,Caryophyllanae,Caryophyllales,Cactaceae,Mammillaria,Mammillaria boelderliana,Wohlschl.,Accepted
flowering plants,Equisetopsida,Caryophyllanae,Caryophyllales,Cactaceae,Pilosocereus,Pilosocereus catingicola,(Gürke) Byles & G.D. Rowley,Accepted
flowering plants,Equisetopsida,Caryophyllanae,Caryophyllales,Cactaceae,Browningia,Browningia chlorocarpa,(Kunth) W.T. Marshall,Accepted
flowering plants,Equisetopsida,Caryophyllanae,Caryophyllales,Cactaceae,Epiphyllum,Epiphyllum thomasianum,,Accepted
flowering plants,Equisetopsida,Caryophyllanae,Caryophyllales,Cactaceae,Schlumbergera,Schlumbergera buckleyi,(T.Moore) Tjaden,No opinion
flowering plants,Equisetopsida,Caryophyllanae,Caryophyllales,Cactaceae,Cereus,Cereus albicaulis,(Britton & Rose) Luetzelb.,Accepted
flowering plants,Equisetopsida,Caryophyllanae,Caryophyllales,Cactaceae,Coryphantha,Coryphantha compacta,(Engelm.) Britton & Rose,Accepted
flowering plants,Equisetopsida,Caryophyllanae,Caryophyllales,Cactaceae,Opuntia,Opuntia lilae,Trujillo & Marisela Ponce,Accepted
flowering plants,Equisetopsida,Caryophyllanae,Caryophyllales,Cactaceae,Opuntia,Opuntia weberi,Speg.,Accepted
flowering plants,Equisetopsida,Caryophyllanae,Caryophyllales,Cactaceae,Tacinga,Tacinga inamoena,(K. Schum.) N.P. Taylor & Stuppy,Accepted
flowering plants,Equisetopsida,Caryophyllanae,Caryophyllales,Cactaceae,Opuntia,Opuntia spraguei,J.G. Ortega,Accepted
flowering plants,Equisetopsida,Caryophyllanae,Caryophyllales,Cactaceae,Pyrrhocactus,Pyrrhocactus aspillagae,(Söhrens) F. Ritter,Accepted
flowering plants,Equisetopsida,Caryophyllanae,Caryophyllales,Cactaceae,Corryocactus,Corryocactus cuajonesensis,F. Ritter,Accepted
flowering plants,Equisetopsida,Caryophyllanae,Caryophyllales,Cactaceae,Opuntia,Opuntia chaetocarpa,Griffiths,No opinion
flowering plants,Equisetopsida,Caryophyllanae,Caryophyllales,Cactaceae,Mammillaria,Mammillaria tayloriorum,Glass & R.A. Foster,Accepted
flowering plants,Equisetopsida,Caryophyllanae,Caryophyllales,Cactaceae,Cylindropuntia,Cylindropuntia alcahes,Rebman,Accepted
flowering plants,Equisetopsida,Caryophyllanae,Caryophyllales,Cactaceae,Ferocactus,Ferocactus acanthodes,(Britton & Rose) W.T. Marshall,Accepted
flowering plants,Equisetopsida,Caryophyllanae,Caryophyllales,Cactaceae,Echinopsis,Echinopsis tarmaensis,(Rauh & Backeb.) Friedrich & G.D. Rowley,Accepted
flowering plants,Equisetopsida,Caryophyllanae,Caryophyllales,Cactaceae,Coryphantha,Coryphantha pseudonickelsiae,Backeb.,Accepted
flowering plants,Equisetopsida,Caryophyllanae,Caryophyllales,Cactaceae,Notocactus,Notocactus longispinus,(F.Ritter) HavlíÄek,No opinion
flowering plants,Equisetopsida,Caryophyllanae,Caryophyllales,Cactaceae,Echinocactus,Echinocactus horizonthalonius,L.D. Benson,Accepted
flowering plants,Equisetopsida,Caryophyllanae,Caryophyllales,Cactaceae,Eriosyce,Eriosyce taltalensis,(Hutchison) Katt.,Accepted
flowering plants,Equisetopsida,Caryophyllanae,Caryophyllales,Cactaceae,Matucana,Matucana blancii,Backeb.,Accepted
flowering plants,Equisetopsida,Caryophyllanae,Caryophyllales,Cactaceae,Neowerdermannia,Neowerdermannia vorwerkii,FriÄ,Accepted
flowering plants,Equisetopsida,Caryophyllanae,Caryophyllales,Cactaceae,Weberbauerocereus,Weberbauerocereus johnsonii,F. Ritter,Accepted
flowering plants,Equisetopsida,Caryophyllanae,Caryophyllales,Cactaceae,Weberbauerocereus,Weberbauerocereus longicomus,F. Ritter,Accepted
flowering plants,Equisetopsida,Caryophyllanae,Caryophyllales,Cactaceae,Cylindropuntia,Cylindropuntia bigelovii,(Engelm.) F.M. Knuth,Accepted
flowering plants,Equisetopsida,Caryophyllanae,Caryophyllales,Cactaceae,Opuntia,Opuntia xrooneyi,M.P. Griff.,Accepted
flowering plants,Equisetopsida,Caryophyllanae,Caryophyllales,Cactaceae,Pyrrhocactus,Pyrrhocactus floribundus,(Backeb.) F. Ritter,No opinion
flowering plants,Equisetopsida,Caryophyllanae,Caryophyllales,Cactaceae,Eriosyce,Eriosyce subgibbosa,(Söhrens ex K.Schum.) Katt.,Accepted
flowering plants,Equisetopsida,Caryophyllanae,Caryophyllales,Cactaceae,Parodia,Parodia nivosa,Backeb.,Accepted
flowering plants,Equisetopsida,Caryophyllanae,Caryophyllales,Cactaceae,Melocactus,Melocactus ernestii,(Buining & Brederoo) N.P. Taylor,Accepted
flowering plants,Equisetopsida,Caryophyllanae,Caryophyllales,Cactaceae,Gymnocalycium,Gymnocalycium parvulum,(Speg.) Speg.,Accepted
flowering plants,Equisetopsida,Caryophyllanae,Caryophyllales,Cactaceae,Ariocarpus,Ariocarpus fissuratus,(Rose) U.Guzmán,Accepted
flowering plants,Equisetopsida,Caryophyllanae,Caryophyllales,Cactaceae,Armatocereus,Armatocereus cartwrightianus,(Britton & Rose) Backeb. ex A.W. Hill,Accepted
flowering plants,Equisetopsida,Caryophyllanae,Caryophyllales,Cactaceae,Opuntia,Opuntia ferruginispina,Griffiths,No opinion
flowering plants,Equisetopsida,Caryophyllanae,Caryophyllales,Cactaceae,Eriosyce,Eriosyce andreaeana,Katt.,Accepted
flowering plants,Equisetopsida,Caryophyllanae,Caryophyllales,Cactaceae,Echinocereus,Echinocereus sanpedroensis,Raudonat & W. Rischer,No opinion
flowering plants,Equisetopsida,Caryophyllanae,Caryophyllales,Cactaceae,Parodia,Parodia microsperma,(K. Schum.) Brickwood,Accepted
flowering plants,Equisetopsida,Caryophyllanae,Caryophyllales,Cactaceae,Disocactus,Disocactus anguliger,(Lem.) M.Á. Cruz & S. Arias,Accepted
flowering plants,Equisetopsida,Caryophyllanae,Caryophyllales,Cactaceae,Echinocactus,Echinocactus sellowii,(Lem.) Schelle,Accepted
flowering plants,Equisetopsida,Caryophyllanae,Caryophyllales,Cactaceae,Lepismium,Lepismium houlletianum,,No opinion
flowering plants,Equisetopsida,Caryophyllanae,Caryophyllales,Cactaceae,Echinocereus,Echinocereus leucanthus,N.P. Taylor,Accepted
flowering plants,Equisetopsida,Caryophyllanae,Caryophyllales,Cactaceae,Turbinicarpus,Turbinicarpus pseudomacrochele,(Diers & G. Frank) Glass,Accepted
flowering plants,Equisetopsida,Caryophyllanae,Caryophyllales,Cactaceae,Echinocereus,Echinocereus brandegeei,Schelle,No opinion
flowering plants,Equisetopsida,Caryophyllanae,Caryophyllales,Cactaceae,Stephanocereus,Stephanocereus leucostele,A. Berger,Accepted
flowering plants,Equisetopsida,Caryophyllanae,Caryophyllales,Cactaceae,Harrisia,Harrisia pomanensis,(F.A.C. Weber) Britton & Rose,Accepted
flowering plants,Equisetopsida,Caryophyllanae,Caryophyllales,Cactaceae,Espostoa,Espostoa frutescens,Madsen,Accepted
flowering plants,Equisetopsida,Caryophyllanae,Caryophyllales,Cactaceae,Espostoa,Espostoa lanata,Madsen & Z. Aguirre,No opinion
flowering plants,Equisetopsida,Caryophyllanae,Caryophyllales,Cactaceae,Mammillaria,Mammillaria ortegae,(Britton & Rose) Orcutt,Accepted
flowering plants,Equisetopsida,Caryophyllanae,Caryophyllales,Cactaceae,Cumulopuntia,Cumulopuntia hystrix,F.Ritter,Accepted
flowering plants,Equisetopsida,Caryophyllanae,Caryophyllales,Cactaceae,Micranthocereus,Micranthocereus flaviflorus,Buining & Brederoo,Accepted
flowering plants,Equisetopsida,Caryophyllanae,Caryophyllales,Cactaceae,Trichocereus,Trichocereus strigosus,(Salm-Dyck) Britton & Rose,Accepted
flowering plants,Equisetopsida,Caryophyllanae,Caryophyllales,Cactaceae,Browningia,Browningia candelaris,(Meyen) Britton & Rose,Accepted
flowering plants,Equisetopsida,Caryophyllanae,Caryophyllales,Cactaceae,Oreocereus,Oreocereus piscoensis,(Rauh & Backeb.) F. Ritter,Accepted
flowering plants,Equisetopsida,Caryophyllanae,Caryophyllales,Cactaceae,Parodia,Parodia concinna,,Accepted
flowering plants,Equisetopsida,Caryophyllanae,Caryophyllales,Cactaceae,Opuntia,Opuntia elizondoana,E. Sanchez & Villaseñor,Accepted
flowering plants,Equisetopsida,Caryophyllanae,Caryophyllales,Cactaceae,Mammillaria,Mammillaria columbiana,,Accepted
flowering plants,Equisetopsida,Caryophyllanae,Caryophyllales,Cactaceae,Opuntia,Opuntia keyensis,Britton ex Small,Accepted
flowering plants,Equisetopsida,Caryophyllanae,Caryophyllales,Cactaceae,Cylindropuntia,Cylindropuntia californica,(J.M. Coult.) Pinkava,Accepted
flowering plants,Equisetopsida,Caryophyllanae,Caryophyllales,Cactaceae,Pseudorhipsalis,Pseudorhipsalis ramulosa,(Salm-Dyck) Barthlott,Accepted
flowering plants,Equisetopsida,Caryophyllanae,Caryophyllales,Cactaceae,Rhipsalis,Rhipsalis aculeata,F.A.C. Weber,Accepted
flowering plants,Equisetopsida,Caryophyllanae,Caryophyllales,Cactaceae,Harrisia,Harrisia adscendens,(Gürke) Britton & Rose,Accepted
flowering plants,Equisetopsida,Caryophyllanae,Caryophyllales,Cactaceae,Coryphantha,Coryphantha vogtherriana,Werderm. & Boed.,Accepted
flowering plants,Equisetopsida,Caryophyllanae,Caryophyllales,Cactaceae,Rhipsalis,Rhipsalis campos-portoana,Loefgr.,Accepted
flowering plants,Equisetopsida,Caryophyllanae,Caryophyllales,Cactaceae,Opuntia,Opuntia echios,(J.T. Howell) E.F. Anderson & Walk.,Accepted
flowering plants,Equisetopsida,Caryophyllanae,Caryophyllales,Cactaceae,Coryphantha,Coryphantha minima,Baird,Accepted
flowering plants,Equisetopsida,Caryophyllanae,Caryophyllales,Cactaceae,Opuntia,Opuntia basilaris,Engelm. & J.M. Bigelow,Accepted
flowering plants,Equisetopsida,Caryophyllanae,Caryophyllales,Cactaceae,Acharagma,Acharagma roseanum,(Boed.) E.F. Anderson,Accepted
flowering plants,Equisetopsida,Caryophyllanae,Caryophyllales,Cactaceae,Cleistocactus,Cleistocactus baumannii,(Backeb.) Mottram,Accepted
flowering plants,Equisetopsida,Caryophyllanae,Caryophyllales,Cactaceae,Pilosocereus,Pilosocereus brooksianus,(Britton & Rose) Byles & G.D. Rowley,Accepted
flowering plants,Equisetopsida,Caryophyllanae,Caryophyllales,Cactaceae,Eulychnia,Eulychnia iquiquensis,(K.Schum.) Britton & Rose,Accepted
flowering plants,Equisetopsida,Caryophyllanae,Caryophyllales,Cactaceae,Rhipsalis,Rhipsalis aurea,M.F. Freitas & J.M.A. Braga,No opinion
flowering plants,Equisetopsida,Caryophyllanae,Caryophyllales,Cactaceae,Tephrocactus,Tephrocactus atroglobosus,Backeb.,No opinion
flowering plants,Equisetopsida,Caryophyllanae,Caryophyllales,Cactaceae,Rebutia,Rebutia mamillosa,Rausch,No opinion
flowering plants,Equisetopsida,Caryophyllanae,Caryophyllales,Cactaceae,Discocactus,Discocactus diersianus,Esteves,Accepted
flowering plants,Equisetopsida,Caryophyllanae,Caryophyllales,Cactaceae,Opuntia,Opuntia lagunae,Baxter ex Bravo,Accepted
flowering plants,Equisetopsida,Caryophyllanae,Caryophyllales,Cactaceae,Mammillaria,Mammillaria haageana,D.R. Hunt,Accepted
flowering plants,Equisetopsida,Caryophyllanae,Caryophyllales,Cactaceae,Echinopsis,Echinopsis cuzcoensis,(Britton & Rose) Friedrich & G.D. Rowley,Accepted
flowering plants,Equisetopsida,Caryophyllanae,Caryophyllales,Cactaceae,Mammillaria,Mammillaria halei,Brandegee,Accepted
flowering plants,Equisetopsida,Caryophyllanae,Caryophyllales,Cactaceae,Rhipsalis,Rhipsalis elliptica,G. Lindb. ex K. Schum.,Accepted
flowering plants,Equisetopsida,Caryophyllanae,Caryophyllales,Cactaceae,Parodia,Parodia tenuicylindrica,(F. Ritter) D.R. Hunt,Accepted
flowering plants,Equisetopsida,Caryophyllanae,Caryophyllales,Cactaceae,Opuntia,Opuntia pusilla,(Haw.) Haw.,Accepted
flowering plants,Equisetopsida,Caryophyllanae,Caryophyllales,Cactaceae,Opuntia,Opuntia aequatorialis,Britton & Rose,Accepted
flowering plants,Equisetopsida,Caryophyllanae,Caryophyllales,Cactaceae,Opuntia,Opuntia sulphurea,G. Don,No opinion
flowering plants,Equisetopsida,Caryophyllanae,Caryophyllales,Cactaceae,Arequipa,Arequipa soehrensii,Backeb.,No opinion
flowering plants,Equisetopsida,Caryophyllanae,Caryophyllales,Cactaceae,Mammillaria,Mammillaria mazatlanensis,(Bravo) D.R. Hunt,Accepted
flowering plants,Equisetopsida,Caryophyllanae,Caryophyllales,Cactaceae,Hamatocactus,Hamatocactus crassihamatus,(F.A.C. Weber) Buxb.,Accepted
flowering plants,Equisetopsida,Caryophyllanae,Caryophyllales,Cactaceae,Mammillaria,Mammillaria sphaerica,A. Dietr. ex Engelm.,No opinion
flowering plants,Equisetopsida,Caryophyllanae,Caryophyllales,Cactaceae,Frailea,Frailea pygmaea,(Speg.) Britton & Rose,Accepted
flowering plants,Equisetopsida,Caryophyllanae,Caryophyllales,Cactaceae,Parodia,Parodia ritteri,Buining,Accepted
flowering plants,Equisetopsida,Caryophyllanae,Caryophyllales,Cactaceae,Pereskiopsis,Pereskiopsis diguetii,(F.A.C. Weber) Britton & Rose,Accepted
flowering plants,Equisetopsida,Caryophyllanae,Caryophyllales,Cactaceae,Mammillaria,Mammillaria heyderi,Engelm.,Accepted
flowering plants,Equisetopsida,Caryophyllanae,Caryophyllales,Cactaceae,Opuntia,Opuntia andersonii,"H.M.Hern., Gómez-Hin. & Bárcenas",No opinion
flowering plants,Equisetopsida,Caryophyllanae,Caryophyllales,Cactaceae,Pachycereus,Pachycereus tepamo,Gama & S. Arias,Accepted
flowering plants,Equisetopsida,Caryophyllanae,Caryophyllales,Cactaceae,Ferocactus,Ferocactus peninsulae,(F.A.C. Weber) Britton & Rose,Accepted
flowering plants,Equisetopsida,Caryophyllanae,Caryophyllales,Cactaceae,Opuntia,Opuntia tapona,Engelm. ex J.M. Coult.,Accepted
flowering plants,Equisetopsida,Caryophyllanae,Caryophyllales,Cactaceae,Neochilenia,Neochilenia lembckei,Backeb.,No opinion
flowering plants,Equisetopsida,Caryophyllanae,Caryophyllales,Cactaceae,Neobuxbaumia,Neobuxbaumia scoparia,(Poselg.) Backeb.,Accepted
flowering plants,Equisetopsida,Caryophyllanae,Caryophyllales,Cactaceae,Corryocactus,Corryocactus solitarius,F. Ritter,Accepted
flowering plants,Equisetopsida,Caryophyllanae,Caryophyllales,Cactaceae,Pilosocereus,Pilosocereus lindaianus,P.J. Braun & Esteves,No opinion
flowering plants,Equisetopsida,Caryophyllanae,Caryophyllales,Cactaceae,Opuntia,Opuntia saxatilis,(F. Ritter) P.J. Braun & Esteves,Accepted
flowering plants,Equisetopsida,Caryophyllanae,Caryophyllales,Cactaceae,Selenicereus,Selenicereus mirandae,Bravo,Accepted
flowering plants,Equisetopsida,Caryophyllanae,Caryophyllales,Cactaceae,Gymnocalycium,Gymnocalycium reductum,(Link) Pfeiff. ex Mittler,Accepted
flowering plants,Equisetopsida,Caryophyllanae,Caryophyllales,Cactaceae,Heliocereus,Heliocereus schrankii,(Zucc. ex Seitz) Britton & Rose,Accepted
flowering plants,Equisetopsida,Caryophyllanae,Caryophyllales,Cactaceae,Echinocereus,Echinocereus lloydii,Britton & Rose,Accepted
flowering plants,Equisetopsida,Caryophyllanae,Caryophyllales,Cactaceae,Opuntia,Opuntia huajuapensis,Bravo,Accepted
flowering plants,Equisetopsida,Caryophyllanae,Caryophyllales,Cactaceae,Mammillaria,Mammillaria mammillaris,(L.) H.Karst.,Accepted
flowering plants,Equisetopsida,Caryophyllanae,Caryophyllales,Cactaceae,Rhipsalis,Rhipsalis baccifera,(Britton & Rose) Barthlott & N.P.Taylor,Accepted
flowering plants,Equisetopsida,Caryophyllanae,Caryophyllales,Cactaceae,Pilosocereus,Pilosocereus gounellei,(F.A.C. Weber) Byles & G.D. Rowley,Accepted
flowering plants,Equisetopsida,Caryophyllanae,Caryophyllales,Cactaceae,Cylindropuntia,Cylindropuntia cardenche,(Griffiths) Pinkava & M.A.Baker,No opinion
flowering plants,Equisetopsida,Caryophyllanae,Caryophyllales,Cactaceae,Echinocereus,Echinocereus russanthus,Weniger,Accepted
flowering plants,Equisetopsida,Caryophyllanae,Caryophyllales,Cactaceae,Loxanthocereus,Loxanthocereus montanus,F. Ritter,Accepted
flowering plants,Equisetopsida,Caryophyllanae,Caryophyllales,Cactaceae,Rhipsalis,Rhipsalis cereoides,(Backeb. & Voll) Backeb.,Accepted
flowering plants,Equisetopsida,Caryophyllanae,Caryophyllales,Cactaceae,Opuntia,Opuntia depressa,Rose,Accepted
flowering plants,Equisetopsida,Caryophyllanae,Caryophyllales,Cactaceae,Mammillaria,Mammillaria brandegeei,(J.M. Coult.) K. Brandegee,Accepted
flowering plants,Equisetopsida,Caryophyllanae,Caryophyllales,Cactaceae,Harrisia,Harrisia tortuosa,(J. Forbes ex Otto & A. Dietr.) Britton & Rose,Accepted
flowering plants,Equisetopsida,Caryophyllanae,Caryophyllales,Cactaceae,Grusonia,Grusonia clavata,(Engelm.) H. Rob.,Accepted
flowering plants,Equisetopsida,Caryophyllanae,Caryophyllales,Cactaceae,Frailea,Frailea pumila,(Lem.) Britton & Rose,Accepted
flowering plants,Equisetopsida,Caryophyllanae,Caryophyllales,Cactaceae,Eriosyce,Eriosyce marksiana,(F.Ritter) Katt.,Accepted
flowering plants,Equisetopsida,Caryophyllanae,Caryophyllales,Cactaceae,Melocactus,Melocactus smithii,(Alexander) Buining ex G.D. Rowley,Accepted
flowering plants,Equisetopsida,Caryophyllanae,Caryophyllales,Cactaceae,Mammillaria,Mammillaria longiflora,,Accepted
flowering plants,Equisetopsida,Caryophyllanae,Caryophyllales,Cactaceae,Echinocereus,Echinocereus reichenbachii,(Poselg.) N.P.Taylor,Accepted
flowering plants,Equisetopsida,Caryophyllanae,Caryophyllales,Cactaceae,Opuntia,Opuntia maxima,Mill.,Accepted
flowering plants,Equisetopsida,Caryophyllanae,Caryophyllales,Cactaceae,Stephanocereus,Stephanocereus luetzelburgii,(Vaupel) N.P. Taylor & Eggli,Accepted
flowering plants,Equisetopsida,Caryophyllanae,Caryophyllales,Cactaceae,Coryphantha,Coryphantha delicata,L. Bremer,Accepted
flowering plants,Equisetopsida,Caryophyllanae,Caryophyllales,Cactaceae,Trichomoza,Trichomoza roseiflora,Font & Picca,No opinion
flowering plants,Equisetopsida,Caryophyllanae,Caryophyllales,Cactaceae,Mammillaria,Mammillaria spinosissima,D.R. Hunt,Accepted
flowering plants,Equisetopsida,Caryophyllanae,Caryophyllales,Cactaceae,Opuntia,Opuntia imbricata,(Griffiths) Bravo,Accepted
flowering plants,Equisetopsida,Caryophyllanae,Caryophyllales,Cactaceae,Rhipsalis,Rhipsalis houlletiana,Lem.,Accepted
flowering plants,Equisetopsida,Caryophyllanae,Caryophyllales,Cactaceae,Epithelantha,Epithelantha micromeris,,Accepted
flowering plants,Equisetopsida,Caryophyllanae,Caryophyllales,Cactaceae,Gymnocalycium,Gymnocalycium sutterianum,(Schick) Hosseus,No opinion
flowering plants,Equisetopsida,Caryophyllanae,Caryophyllales,Cactaceae,Sclerocactus,Sclerocactus franklinii,J.W.Evans,No opinion
flowering plants,Equisetopsida,Caryophyllanae,Caryophyllales,Cactaceae,Copiapoa,Copiapoa bridgesii,(Pfeiff.) Backeb.,Accepted
flowering plants,Equisetopsida,Caryophyllanae,Caryophyllales,Cactaceae,Harrisia,Harrisia tetracantha,(Labour.) D.R. Hunt,Accepted
flowering plants,Equisetopsida,Caryophyllanae,Caryophyllales,Cactaceae,Discocactus,Discocactus horstii,Buining & Brederoo,Accepted
flowering plants,Equisetopsida,Caryophyllanae,Caryophyllales,Cactaceae,Cylindropuntia,Cylindropuntia wolfii,(L.D. Benson) J. Rebman,Accepted
flowering plants,Equisetopsida,Caryophyllanae,Caryophyllales,Cactaceae,Opuntia,Opuntia haematocarpa,A. Berger,No opinion
flowering plants,Equisetopsida,Caryophyllanae,Caryophyllales,Cactaceae,Copiapoa,Copiapoa echinata,F. Ritter,Accepted
flowering plants,Equisetopsida,Caryophyllanae,Caryophyllales,Cactaceae,Mammillaria,Mammillaria melaleuca,Karw. ex Salm-Dyck,Accepted
flowering plants,Equisetopsida,Caryophyllanae,Caryophyllales,Cactaceae,Neobuxbaumia,Neobuxbaumia tetetzo,(F.A.C.Weber ex K.Schum.) Backeb.,Accepted
flowering plants,Equisetopsida,Caryophyllanae,Caryophyllales,Cactaceae,Cereus,Cereus comarapanus,Cárdenas,Accepted
flowering plants,Equisetopsida,Caryophyllanae,Caryophyllales,Cactaceae,Echinocereus,Echinocereus adustus,,Accepted
flowering plants,Equisetopsida,Caryophyllanae,Caryophyllales,Cactaceae,Leptocereus,Leptocereus paniculatus,(Lam.) D.R. Hunt,Accepted
flowering plants,Equisetopsida,Caryophyllanae,Caryophyllales,Cactaceae,Carnegiea,Carnegiea gigantea,(Engelm.) Britton & Rose,Accepted
flowering plants,Equisetopsida,Caryophyllanae,Caryophyllales,Cactaceae,Mila,Mila caespitosa,Britton & Rose,Accepted
flowering plants,Equisetopsida,Caryophyllanae,Caryophyllales,Cactaceae,Turbinicarpus,Turbinicarpus swobodae,Diers & Esteves,Accepted
flowering plants,Equisetopsida,Caryophyllanae,Caryophyllales,Cactaceae,Coryphantha,Coryphantha missouriensis,(Sweet) Britton & Rose,Accepted
flowering plants,Equisetopsida,Caryophyllanae,Caryophyllales,Cactaceae,Mammillaria,Mammillaria petrophila,,Accepted
flowering plants,Equisetopsida,Caryophyllanae,Caryophyllales,Cactaceae,Mammillaria,Mammillaria albicoma,Boed.,Accepted
flowering plants,Equisetopsida,Caryophyllanae,Caryophyllales,Cactaceae,Haageocereus,Haageocereus pseudomelanostele,(Werderm. & Backeb.) Backeb.,Accepted
flowering plants,Equisetopsida,Caryophyllanae,Caryophyllales,Cactaceae,Pilosocereus,Pilosocereus tillianus,Gruber & Schatzl,Accepted
flowering plants,Equisetopsida,Caryophyllanae,Caryophyllales,Cactaceae,Coryphantha,Coryphantha sneedii,(Britton & Rose) A. Berger,Accepted
flowering plants,Equisetopsida,Caryophyllanae,Caryophyllales,Cactaceae,Opuntia,Opuntia ritteri,A. Berger,Accepted
flowering plants,Equisetopsida,Caryophyllanae,Caryophyllales,Cactaceae,Coryphantha,Coryphantha pulleineana,(Backeb.) Glass,Accepted
flowering plants,Equisetopsida,Caryophyllanae,Caryophyllales,Cactaceae,Matucana,Matucana madisoniorum,(Hutchison) G.D. Rowley,Accepted
flowering plants,Equisetopsida,Caryophyllanae,Caryophyllales,Cactaceae,Subpilocereus,Subpilocereus albispinus,(Salm-Dyck) Backeb.,Accepted
flowering plants,Equisetopsida,Caryophyllanae,Caryophyllales,Cactaceae,Opuntia,Opuntia roseana,Mackensen,No opinion
flowering plants,Equisetopsida,Caryophyllanae,Caryophyllales,Cactaceae,Eriosyce,Eriosyce castanea,(F. Ritter) P. C. Guerrero & Helmut Walter,Accepted
flowering plants,Equisetopsida,Caryophyllanae,Caryophyllales,Cactaceae,Thelocactus,Thelocactus lophothele,(Salm-Dyck) Britton & Rose,Accepted
flowering plants,Equisetopsida,Caryophyllanae,Caryophyllales,Cactaceae,Gymnocalycium,Gymnocalycium deeszianum,Dölz,Accepted
flowering plants,Equisetopsida,Caryophyllanae,Caryophyllales,Cactaceae,Hylocereus,Hylocereus microcladus,Backeb.,Accepted
flowering plants,Equisetopsida,Caryophyllanae,Caryophyllales,Cactaceae,Rhipsalis,Rhipsalis micrantha,(Barthlott) Barthlott & N.P. Taylor,Accepted
flowering plants,Equisetopsida,Caryophyllanae,Caryophyllales,Cactaceae,Cereus,Cereus peruvianus,DC.,Accepted
flowering plants,Equisetopsida,Caryophyllanae,Caryophyllales,Cactaceae,Quiabentia,Quiabentia zehntneri,(Britton & Rose) Britton & Rose,Accepted
flowering plants,Equisetopsida,Caryophyllanae,Caryophyllales,Cactaceae,Harrisia,Harrisia nashii,Britton,Accepted
flowering plants,Equisetopsida,Caryophyllanae,Caryophyllales,Cactaceae,Opuntia,Opuntia ficus-indica,(Ten.) A. Berger,Accepted
flowering plants,Equisetopsida,Caryophyllanae,Caryophyllales,Cactaceae,Lepismium,Lepismium lineare,(K. Schum.) Barthlott,Accepted
flowering plants,Equisetopsida,Caryophyllanae,Caryophyllales,Cactaceae,Parodia,Parodia zecheri,R. Vásquez,Accepted
flowering plants,Equisetopsida,Caryophyllanae,Caryophyllales,Cactaceae,Ferocactus,Ferocactus peninsulae,(A.A.Weber) Britton & Rose,Accepted
flowering plants,Equisetopsida,Caryophyllanae,Caryophyllales,Cactaceae,Epithelantha,Epithelantha cryptica,D.Donati & Zanov.,No opinion
flowering plants,Equisetopsida,Caryophyllanae,Caryophyllales,Cactaceae,Mammillaria,Mammillaria nivosa,Link ex Pfeiff.,Accepted
flowering plants,Equisetopsida,Caryophyllanae,Caryophyllales,Cactaceae,Pilosocereus,Pilosocereus alensis,(F.A.C. Weber) Byles & G.D. Rowley,Accepted
flowering plants,Equisetopsida,Caryophyllanae,Caryophyllales,Cactaceae,Eriosyce,Eriosyce megacarpa,F. Ritter,Accepted
flowering plants,Equisetopsida,Caryophyllanae,Caryophyllales,Cactaceae,Mammillaria,Mammillaria mainae,K. Brandegee,No opinion
flowering plants,Equisetopsida,Caryophyllanae,Caryophyllales,Cactaceae,Cylindropuntia,Cylindropuntia calmalliana,(J.M. Coult.) F.M. Knuth,Accepted
flowering plants,Equisetopsida,Caryophyllanae,Caryophyllales,Cactaceae,Parodia,Parodia nothorauschii,D.R. Hunt,Accepted
flowering plants,Equisetopsida,Caryophyllanae,Caryophyllales,Cactaceae,Malacocarpus,Malacocarpus caespitosus,(Speg.) Hosseus,No opinion
flowering plants,Equisetopsida,Caryophyllanae,Caryophyllales,Cactaceae,Rhipsalis,Rhipsalis baccifera,(Baker) Barthlott,Accepted
flowering plants,Equisetopsida,Caryophyllanae,Caryophyllales,Cactaceae,Oroya,Oroya peruviana,(K. Schum.) Britton & Rose,Accepted
flowering plants,Equisetopsida,Caryophyllanae,Caryophyllales,Cactaceae,Echinopsis,Echinopsis camarguensis,(Cárdenas) Friedrich & G.D.Rowley,Accepted
flowering plants,Equisetopsida,Caryophyllanae,Caryophyllales,Cactaceae,Hylocereus,Hylocereus ocamponis,(Salm-Dyck) Britton & Rose,Accepted
flowering plants,Equisetopsida,Caryophyllanae,Caryophyllales,Cactaceae,Mammillaria,Mammillaria xaltianguensis,Sánchez-Mej.,Accepted
flowering plants,Equisetopsida,Caryophyllanae,Caryophyllales,Cactaceae,Echinopsis,Echinopsis famatinensis,,No opinion
flowering plants,Equisetopsida,Caryophyllanae,Caryophyllales,Cactaceae,Cleistocactus,Cleistocactus icosagonus,(Kunth) F.A.C. Weber,Accepted
flowering plants,Equisetopsida,Caryophyllanae,Caryophyllales,Cactaceae,Copiapoa,Copiapoa calderana,,Accepted
flowering plants,Equisetopsida,Caryophyllanae,Caryophyllales,Cactaceae,Opuntia,Opuntia tribuloides,Griffiths,No opinion
flowering plants,Equisetopsida,Caryophyllanae,Caryophyllales,Cactaceae,Lobivia,Lobivia maximiliana,(Heyder ex A. Dietr.) Backeb. ex Rausch,Accepted
flowering plants,Equisetopsida,Caryophyllanae,Caryophyllales,Cactaceae,Grusonia,Grusonia kunzei,(Rose) Pinkava,Accepted
flowering plants,Equisetopsida,Caryophyllanae,Caryophyllales,Cactaceae,Coryphantha,Coryphantha radians,(DC.) Britton & Rose,Accepted
flowering plants,Equisetopsida,Caryophyllanae,Caryophyllales,Cactaceae,x Pacherocactus,x Pacherocactus orcuttii,(K.Brandegee) G.D.Rowley,Accepted
flowering plants,Equisetopsida,Caryophyllanae,Caryophyllales,Cactaceae,Leptocereus,Leptocereus wrightii,León,Accepted
flowering plants,Equisetopsida,Caryophyllanae,Caryophyllales,Cactaceae,Pilosocereus,Pilosocereus tillianus,R.Gruber & Schatzl,Accepted
flowering plants,Equisetopsida,Caryophyllanae,Caryophyllales,Cactaceae,Pereskia,Pereskia portulacifolia,(L.) Haw.,No opinion
flowering plants,Equisetopsida,Caryophyllanae,Caryophyllales,Cactaceae,Parodia,Parodia werneri,Hofacker,Accepted
flowering plants,Equisetopsida,Caryophyllanae,Caryophyllales,Cactaceae,Echinocereus,Echinocereus triglochidiatus,(Engelm. & J.M.Bigelow) Boissev.,Accepted
flowering plants,Equisetopsida,Caryophyllanae,Caryophyllales,Cactaceae,Consolea,Consolea moniliformis,(L.) A. Berger,Accepted
flowering plants,Equisetopsida,Caryophyllanae,Caryophyllales,Cactaceae,Opuntia,Opuntia arechavaletai,,No opinion
flowering plants,Equisetopsida,Caryophyllanae,Caryophyllales,Cactaceae,Coryphantha,Coryphantha octacantha,(DC.) Britton & Rose,Accepted
flowering plants,Equisetopsida,Caryophyllanae,Caryophyllales,Cactaceae,Cereus,Cereus spegazzinii,F.A.C.Weber,Accepted
flowering plants,Equisetopsida,Caryophyllanae,Caryophyllales,Cactaceae,Pyrrhocactus,Pyrrhocactus garaventae,(F.Ritter) F.Ritter,No opinion
flowering plants,Equisetopsida,Caryophyllanae,Caryophyllales,Cactaceae,Cylindropuntia,Cylindropuntia californica,(G.E.Linds.) U.Guzmán,Accepted
flowering plants,Equisetopsida,Caryophyllanae,Caryophyllales,Cactaceae,Tephrocactus,Tephrocactus molinensis,(Speg.) Backeb.,Accepted
flowering plants,Equisetopsida,Caryophyllanae,Caryophyllales,Cactaceae,Parodia,Parodia commutans,F. Ritter,Accepted
flowering plants,Equisetopsida,Caryophyllanae,Caryophyllales,Cactaceae,Mammillaria,Mammillaria saboae,(A.B. Lau & K. Wagner) D.R. Hunt,Accepted
flowering plants,Equisetopsida,Caryophyllanae,Caryophyllales,Cactaceae,Ferocactus,Ferocactus echidne,(DC.) Britton & Rose,Accepted
flowering plants,Equisetopsida,Caryophyllanae,Caryophyllales,Cactaceae,Opuntia,Opuntia kelvinensis,V.E. Grant & K.A. Grant,No opinion
flowering plants,Equisetopsida,Caryophyllanae,Caryophyllales,Cactaceae,Arthrocereus,Arthrocereus glaziovii,(K.Schum.) N.P.Taylor & Zappi,Accepted
flowering plants,Equisetopsida,Caryophyllanae,Caryophyllales,Cactaceae,Arrojadoa,Arrojadoa eriocaulis,Buining & Brederoo,Accepted
flowering plants,Equisetopsida,Caryophyllanae,Caryophyllales,Cactaceae,Pereskia,Pereskia bahiensis,Gürke,Accepted
flowering plants,Equisetopsida,Caryophyllanae,Caryophyllales,Cactaceae,Mammillaria,Mammillaria saboae,,Accepted
flowering plants,Equisetopsida,Caryophyllanae,Caryophyllales,Cactaceae,Rhipsalis,Rhipsalis paradoxa,N.P. Taylor & Barthlott,Accepted
flowering plants,Equisetopsida,Caryophyllanae,Caryophyllales,Cactaceae,Pereskia,Pereskia stenantha,F. Ritter,Accepted
flowering plants,Equisetopsida,Caryophyllanae,Caryophyllales,Cactaceae,Epiphyllum,Epiphyllum laui,Kimnach,Accepted
flowering plants,Equisetopsida,Caryophyllanae,Caryophyllales,Cactaceae,Pseudorhipsalis,Pseudorhipsalis horichii,(Kimnach) Barthlott,Accepted
flowering plants,Equisetopsida,Caryophyllanae,Caryophyllales,Cactaceae,Castellanosia,Castellanosia caineana,Cárdenas,Accepted
flowering plants,Equisetopsida,Caryophyllanae,Caryophyllales,Cactaceae,Epiphyllum,Epiphyllum grandilobum,(F.A.C. Weber) Britton & Rose,Accepted
flowering plants,Equisetopsida,Caryophyllanae,Caryophyllales,Cactaceae,Astrophytum,Astrophytum caput-medusae,D.R. Hunt,Accepted
flowering plants,Equisetopsida,Caryophyllanae,Caryophyllales,Cactaceae,Eriosyce,Eriosyce atroviridis,(F. Ritter) P. C. Guerrero & Helmut Walter,Accepted
flowering plants,Equisetopsida,Caryophyllanae,Caryophyllales,Cactaceae,Neoporteria,Neoporteria rapifera,F. Ritter,Accepted
flowering plants,Equisetopsida,Caryophyllanae,Caryophyllales,Cactaceae,Copiapoa,Copiapoa coquimbana,F.Ritter,Accepted
flowering plants,Equisetopsida,Caryophyllanae,Caryophyllales,Cactaceae,Echinocereus,Echinocereus chloranthus,(Engelm.) N.P.Taylor,Accepted
flowering plants,Equisetopsida,Caryophyllanae,Caryophyllales,Cactaceae,Echinocereus,Echinocereus scheeri,,Accepted
flowering plants,Equisetopsida,Caryophyllanae,Caryophyllales,Cactaceae,Echinopsis,Echinopsis ibicuatensis,Cárdenas,Accepted
flowering plants,Equisetopsida,Caryophyllanae,Caryophyllales,Cactaceae,Mammillaria,Mammillaria conzattii,Orcutt,No opinion
flowering plants,Equisetopsida,Caryophyllanae,Caryophyllales,Cactaceae,Austrocactus,Austrocactus bertinii,(Cels) Britton & Rose,Accepted
flowering plants,Equisetopsida,Caryophyllanae,Caryophyllales,Cactaceae,Opuntia,Opuntia oligacantha,hort. ex Pfeiff.,No opinion
flowering plants,Equisetopsida,Caryophyllanae,Caryophyllales,Cactaceae,Echinocereus,Echinocereus stramineus,(Engelm.) F.Seitz,Accepted
flowering plants,Equisetopsida,Caryophyllanae,Caryophyllales,Cactaceae,Mammillaria,Mammillaria carmenae,Castañeda,Accepted
flowering plants,Equisetopsida,Caryophyllanae,Caryophyllales,Cactaceae,Echinocereus,Echinocereus engelmannii,(Engelm. & J.M.Bigelow) Rümpler,Accepted
flowering plants,Equisetopsida,Caryophyllanae,Caryophyllales,Cactaceae,Selenicereus,Selenicereus rothii,(Weing.) A. Berger,Accepted
flowering plants,Equisetopsida,Caryophyllanae,Caryophyllales,Cactaceae,Opuntia,Opuntia lucayana,,No opinion
flowering plants,Equisetopsida,Caryophyllanae,Caryophyllales,Cactaceae,Echinopsis,Echinopsis oxygona,(Link) Zucc. ex Pfeiff. & Otto,Accepted
flowering plants,Equisetopsida,Caryophyllanae,Caryophyllales,Cactaceae,Cylindropuntia,Cylindropuntia acanthocarpa,(Thornber & Bonker) Backeb.,Accepted
flowering plants,Equisetopsida,Caryophyllanae,Caryophyllales,Cactaceae,Hylocereus,Hylocereus peruvianus,Backeb.,Accepted
flowering plants,Equisetopsida,Caryophyllanae,Caryophyllales,Cactaceae,Gymnocalycium,Gymnocalycium kieslingii,O. Ferrari,Accepted
flowering plants,Equisetopsida,Caryophyllanae,Caryophyllales,Cactaceae,Corryocactus,Corryocactus quadrangularis,,No opinion
flowering plants,Equisetopsida,Caryophyllanae,Caryophyllales,Cactaceae,Mammillaria,Mammillaria brandegeei,(Boed.) D.R. Hunt,Accepted
flowering plants,Equisetopsida,Caryophyllanae,Caryophyllales,Cactaceae,Hatiora,Hatiora saluginoides,Britton & A. Rose,No opinion
flowering plants,Equisetopsida,Caryophyllanae,Caryophyllales,Cactaceae,Lepismium,Lepismium warmingianum,(K. Schum.) Barthlott,Accepted
flowering plants,Equisetopsida,Caryophyllanae,Caryophyllales,Cactaceae,Hariota,Hariota clavata,A. Cast.,No opinion
flowering plants,Equisetopsida,Caryophyllanae,Caryophyllales,Cactaceae,Parodia,Parodia tuberculata,Cárdenas,Accepted
flowering plants,Equisetopsida,Caryophyllanae,Caryophyllales,Cactaceae,Corryocactus,Corryocactus quivillanus,F. Ritter,Accepted
flowering plants,Equisetopsida,Caryophyllanae,Caryophyllales,Cactaceae,Echinocereus,Echinocereus fendleri,(Engelm.) Sencke ex J.N. Haage,Accepted
flowering plants,Equisetopsida,Caryophyllanae,Caryophyllales,Cactaceae,Sulcorebutia,Sulcorebutia mentosa,F. Ritter,Accepted
flowering plants,Equisetopsida,Caryophyllanae,Caryophyllales,Cactaceae,Rhipsalis,Rhipsalis goebeliana,Backeb.,Accepted
flowering plants,Equisetopsida,Caryophyllanae,Caryophyllales,Cactaceae,Cereus,Cereus jamacaru,(F.Ritter) N.P.Taylor & Zappi,Accepted
flowering plants,Equisetopsida,Caryophyllanae,Caryophyllales,Cactaceae,Opuntia,Opuntia blancii,(Backeb.) G.D. Rowley,Accepted
flowering plants,Equisetopsida,Caryophyllanae,Caryophyllales,Cactaceae,Opuntia,Opuntia microcarpa,Engelm.,No opinion
flowering plants,Equisetopsida,Caryophyllanae,Caryophyllales,Cactaceae,Disocactus,Disocactus nelsonii,,Accepted
flowering plants,Equisetopsida,Caryophyllanae,Caryophyllales,Cactaceae,Arthrocereus,Arthrocereus melanurus,N.P. Taylor & Zappi,Accepted
flowering plants,Equisetopsida,Caryophyllanae,Caryophyllales,Cactaceae,Opuntia,Opuntia eichlamii,Rose,Accepted
flowering plants,Equisetopsida,Caryophyllanae,Caryophyllales,Cactaceae,Airampoa,Airampoa microdisca,(F.A.C. Weber) Doweld,Accepted
flowering plants,Equisetopsida,Caryophyllanae,Caryophyllales,Cactaceae,Leptocereus,Leptocereus prostratus,Britton & Rose,Accepted
flowering plants,Equisetopsida,Caryophyllanae,Caryophyllales,Cactaceae,Matucana,Matucana myriacantha,(hort.) Lodé,Accepted
flowering plants,Equisetopsida,Caryophyllanae,Caryophyllales,Cactaceae,Echinocereus,Echinocereus ortegae,Rose,Accepted
flowering plants,Equisetopsida,Caryophyllanae,Caryophyllales,Cactaceae,Coryphantha,Coryphantha sneedii,(Boed.) Gorelick,Accepted
flowering plants,Equisetopsida,Caryophyllanae,Caryophyllales,Cactaceae,Copiapoa,Copiapoa chanaralensis,F. Ritter,Accepted
flowering plants,Equisetopsida,Caryophyllanae,Caryophyllales,Cactaceae,Mammillaria,Mammillaria eichlamii,Quehl,Accepted
flowering plants,Equisetopsida,Caryophyllanae,Caryophyllales,Cactaceae,Cleistocactus,Cleistocactus hildegardiae,F. Ritter,Accepted
flowering plants,Equisetopsida,Caryophyllanae,Caryophyllales,Cactaceae,Opuntia,Opuntia occidentalis,,Accepted
flowering plants,Equisetopsida,Caryophyllanae,Caryophyllales,Cactaceae,Echinocereus,Echinocereus stramineus,,Accepted
flowering plants,Equisetopsida,Caryophyllanae,Caryophyllales,Cactaceae,Maihueniopsis,Maihueniopsis colorea,(F. Ritter) F. Ritter,Accepted
flowering plants,Equisetopsida,Caryophyllanae,Caryophyllales,Cactaceae,Mammillaria,Mammillaria fittkaui,Glass & R.A. Foster,Accepted
flowering plants,Equisetopsida,Caryophyllanae,Caryophyllales,Cactaceae,Echinocactus,Echinocactus decaisnei,(Lem.) Steud.,Accepted
flowering plants,Equisetopsida,Caryophyllanae,Caryophyllales,Cactaceae,Opuntia,Opuntia cristata,,No opinion
flowering plants,Equisetopsida,Caryophyllanae,Caryophyllales,Cactaceae,Airampoa,Airampoa albisaetacens,(Backeb.) Doweld,Accepted
flowering plants,Equisetopsida,Caryophyllanae,Caryophyllales,Cactaceae,Cereus,Cereus simonii,Hildm.,No opinion
flowering plants,Equisetopsida,Caryophyllanae,Caryophyllales,Cactaceae,Echinocereus,Echinocereus pringlei,Rose,No opinion
flowering plants,Equisetopsida,Caryophyllanae,Caryophyllales,Cactaceae,Ferocactus,Ferocactus acanthodes,,Accepted
flowering plants,Equisetopsida,Caryophyllanae,Caryophyllales,Cactaceae,Cereus,Cereus pernambucensis,Lem.,No opinion
flowering plants,Equisetopsida,Caryophyllanae,Caryophyllales,Cactaceae,Grusonia,Grusonia bradtiana,(J.M. Coult.) Britton & Rose,Accepted
flowering plants,Equisetopsida,Caryophyllanae,Caryophyllales,Cactaceae,Notocactus,Notocactus arechavaletae,(K.Schum. ex Speg.) Krainz,No opinion
flowering plants,Equisetopsida,Caryophyllanae,Caryophyllales,Cactaceae,Pseudorhipsalis,Pseudorhipsalis amazonica,Ralf Bauer,Accepted
flowering plants,Equisetopsida,Caryophyllanae,Caryophyllales,Cactaceae,Stenocactus,Stenocactus ochoterenianus,Tiegel,Accepted
flowering plants,Equisetopsida,Caryophyllanae,Caryophyllales,Cactaceae,Ariocarpus,Ariocarpus kotschoubeyanus,(Lem.) K. Schum.,Accepted
flowering plants,Equisetopsida,Caryophyllanae,Caryophyllales,Cactaceae,Mammillaria,Mammillaria rhodantha,D.R. Hunt,Accepted
flowering plants,Equisetopsida,Caryophyllanae,Caryophyllales,Cactaceae,Echinopsis,Echinopsis mataranensis,Cárdenas,Accepted
flowering plants,Equisetopsida,Caryophyllanae,Caryophyllales,Cactaceae,Monvillea,Monvillea euchlora,Backeb.,Accepted
flowering plants,Equisetopsida,Caryophyllanae,Caryophyllales,Cactaceae,Rhipsalis,Rhipsalis boliviana,(Britton) Lauterb.,Accepted
flowering plants,Equisetopsida,Caryophyllanae,Caryophyllales,Cactaceae,Ferocactus,Ferocactus hamatacanthus,(A. Dietr.) N.P. Taylor,Accepted
flowering plants,Equisetopsida,Caryophyllanae,Caryophyllales,Cactaceae,Browningia,Browningia utcubambensis,Hutch.,Accepted
flowering plants,Equisetopsida,Caryophyllanae,Caryophyllales,Cactaceae,Opuntia,Opuntia joconostle,F.A.C. Weber ex Diguet,Accepted
flowering plants,Equisetopsida,Caryophyllanae,Caryophyllales,Cactaceae,Opuntia,Opuntia tehuantepecana,(Bravo) Bravo,Accepted
flowering plants,Equisetopsida,Caryophyllanae,Caryophyllales,Cactaceae,Opuntia,Opuntia urbaniana,Werderm.,Accepted
flowering plants,Equisetopsida,Caryophyllanae,Caryophyllales,Cactaceae,Opuntia,Opuntia howeyi,J.A. Purpus,Accepted
flowering plants,Equisetopsida,Caryophyllanae,Caryophyllales,Cactaceae,Turbinicarpus,Turbinicarpus pseudomacrochele,(G. Frank) Glass,Accepted
flowering plants,Equisetopsida,Caryophyllanae,Caryophyllales,Cactaceae,Opuntia,Opuntia echios,J.T. Howell,Accepted
flowering plants,Equisetopsida,Caryophyllanae,Caryophyllales,Cactaceae,Consolea,Consolea nashii,(Britton) A. Berger,Accepted
flowering plants,Equisetopsida,Caryophyllanae,Caryophyllales,Cactaceae,Opuntia,Opuntia caracassana,Salm-Dyck,Accepted
flowering plants,Equisetopsida,Caryophyllanae,Caryophyllales,Cactaceae,Epiphyllum,Epiphyllum thomasianum,(F.A.C. Weber) Ralf Bauer,Accepted
flowering plants,Equisetopsida,Caryophyllanae,Caryophyllales,Cactaceae,Opuntia,Opuntia monacantha,(Willd.) Haw.,Accepted
flowering plants,Equisetopsida,Caryophyllanae,Caryophyllales,Cactaceae,Opuntia,Opuntia repens,Karw. ex Salm-Dyck,No opinion
flowering plants,Equisetopsida,Caryophyllanae,Caryophyllales,Cactaceae,Echinocactus,Echinocactus phymatothelos,Poselg. ex Rümpler,No opinion
flowering plants,Equisetopsida,Caryophyllanae,Caryophyllales,Cactaceae,Echinocereus,Echinocereus rigidissimus,,Accepted
flowering plants,Equisetopsida,Caryophyllanae,Caryophyllales,Cactaceae,Mammillaria,Mammillaria formosa,(J.A. Purpus) D.R. Hunt,Accepted
flowering plants,Equisetopsida,Caryophyllanae,Caryophyllales,Cactaceae,Pachycereus,Pachycereus schottii,(K. Brandegee) P.V. Heath,Accepted
flowering plants,Equisetopsida,Caryophyllanae,Caryophyllales,Cactaceae,Mammillaria,Mammillaria joossensiana,Quehl,No opinion
flowering plants,Equisetopsida,Caryophyllanae,Caryophyllales,Cactaceae,Cereus,Cereus beckmannii,Weing.,No opinion
flowering plants,Equisetopsida,Caryophyllanae,Caryophyllales,Cactaceae,Mammillaria,Mammillaria pondii,(J.M. Coult.) D.R. Hunt,Accepted
flowering plants,Equisetopsida,Caryophyllanae,Caryophyllales,Cactaceae,Eriosyce,Eriosyce napina,Mächler & Helmut Walter,Accepted
flowering plants,Equisetopsida,Caryophyllanae,Caryophyllales,Cactaceae,Cylindropuntia,Cylindropuntia bigelovii,,Accepted
flowering plants,Equisetopsida,Caryophyllanae,Caryophyllales,Cactaceae,Cylindropuntia,Cylindropuntia versicolor,(Engelm. ex Toumey) F.M.Knuth,Accepted
flowering plants,Equisetopsida,Caryophyllanae,Caryophyllales,Cactaceae,Gymnocalycium,Gymnocalycium papschii,H.Till,Accepted
flowering plants,Equisetopsida,Caryophyllanae,Caryophyllales,Cactaceae,Opuntia,Opuntia parviclada,S. Arias & Gama,Accepted
flowering plants,Equisetopsida,Caryophyllanae,Caryophyllales,Cactaceae,Opuntia,Opuntia austrina,Small,Accepted
flowering plants,Equisetopsida,Caryophyllanae,Caryophyllales,Cactaceae,Escobaria,Escobaria orcuttii,"Castetter, P. Pierce & K.H. Schwer.",Accepted
flowering plants,Equisetopsida,Caryophyllanae,Caryophyllales,Cactaceae,Islaya,Islaya iquiquensis,(F. Ritter) Faúndez & R. Kiesling,Accepted
flowering plants,Equisetopsida,Caryophyllanae,Caryophyllales,Cactaceae,Trichocereus,Trichocereus uyupampensis,Backeb.,Accepted
flowering plants,Equisetopsida,Caryophyllanae,Caryophyllales,Cactaceae,Mammillaria,Mammillaria muehlenpfordtii,C.F. Först.,Accepted
flowering plants,Equisetopsida,Caryophyllanae,Caryophyllales,Cactaceae,Cactus,Cactus webbianus,(Lem.) Kuntze,Accepted
flowering plants,Equisetopsida,Caryophyllanae,Caryophyllales,Cactaceae,Opuntia,Opuntia chlorotica,Engelm. & J.M. Bigelow,Accepted
flowering plants,Equisetopsida,Caryophyllanae,Caryophyllales,Cactaceae,Borzicactus,Borzicactus gracilis,Krainz,No opinion
flowering plants,Equisetopsida,Caryophyllanae,Caryophyllales,Cactaceae,Eriocereus,Eriocereus cullickii,,No opinion
flowering plants,Equisetopsida,Caryophyllanae,Caryophyllales,Cactaceae,Cleistocactus,Cleistocactus ferrarii,R. Kiesling,Accepted
flowering plants,Equisetopsida,Caryophyllanae,Caryophyllales,Cactaceae,Gymnocalycium,Gymnocalycium platense,(Speg.) Britton & Rose,Accepted
flowering plants,Equisetopsida,Caryophyllanae,Caryophyllales,Cactaceae,Turbinicarpus,Turbinicarpus lophophoroides,(Werderm.) Buxb. & Backeb.,Accepted
flowering plants,Equisetopsida,Caryophyllanae,Caryophyllales,Cactaceae,Cumulopuntia,Cumulopuntia corotilla,(K.Schum. ex Vaupel) E.F.Anderson,Accepted
flowering plants,Equisetopsida,Caryophyllanae,Caryophyllales,Cactaceae,Austrocactus,Austrocactus patagonicus,(F.A.C. Weber) Hosseus,Accepted
flowering plants,Equisetopsida,Caryophyllanae,Caryophyllales,Cactaceae,Sclerocactus,Sclerocactus brevispinus,K.D. Heil & J.M. Porter,Accepted
flowering plants,Equisetopsida,Caryophyllanae,Caryophyllales,Cactaceae,Echinopsis,Echinopsis fabrisii,(R.Kiesling) G.D.Rowley,Accepted
flowering plants,Equisetopsida,Caryophyllanae,Caryophyllales,Cactaceae,Mammillaria,Mammillaria dioica,(G.E. Linds.) D.R. Hunt,Accepted
flowering plants,Equisetopsida,Caryophyllanae,Caryophyllales,Cactaceae,Armatocereus,Armatocereus oligogonus,Rauh & Backeb.,Accepted
