"source_provider","provider_dataset_id","provider_file_id","file_path","file_size","mime_type","file_status","download_href","candidate_score","candidate_keep","query_term","source_title","source_authors","source_subjects","source_abstract","file_supported_tabular","file_supported_container"
"zenodo","zenodo:19816125","zenodo:19816125::Individual_datasets.zip","Individual_datasets.zip",119493533,,,"https://zenodo.org/api/records/19816125/files/Individual_datasets.zip/content",65,TRUE,"plant* trait*","KPLANT","Zhao, Yanchao; Mencuccini, Maurizio; Acuña-Míguez, Belén; Adet, Lucette; Amin, Shadman; Anadon-Rosell, Alba; Anderegg, Leander; Anderegg, William; Aranda, Ismael; Bachofen, Christoph; Bittencourt, Paulo; Binks, Oliver; De Cáceres, Miquel; Carminati, Andrea; Castells, Eva; Chaparro, David; Cochard, Hervé; Creek, Danielle; David, Teresa; David, Jorge; Delpierre, Nicolas; Didion-Gency, Margaux; Do, Frederic C.; domec, jean-christophe; Breder Eller, Cleiton; Fernández-de-Uña, Laura; Forrester, David; Fonti, Patrick; FORNER SALES, ALICIA; Gauthey, Alice; Gimeno, Teresa; Grossiord, Charlotte; Hernandez-Santana, Virginia; Hernando, Sonia; Hu, Ying; Johnson, Kate M.; Kahmen, Ansgar; Li, Yating; Limousin, Jean-Marc; Mantova, Marylou; Maréchaux, Isabelle; Margiotta, Evan; Martin-StPaul, Nicolas K; Martinez-Vilalta, Jordi; Martius, Lion R.; McCarthy, Christopher; Meir, Patrick; Moriggia, Maé; Novick, Kimberly; Peri, Pablo L.; Peters, Richard L.; Pinto, Clara A.; Poyatos, Rafael; Preisler, Yakir; Ramirez-Valiente, Jose Alberto; Rowland, Lucy; Sabot, Manon; Salmon, Yann; Salomon, Roberto L.; Sanchez-Martinez, Pablo; Schönbeck, Leonie C.; Silva, Mateus; Soler, Pol; Stahl, Clément; Stewart, Laura W.; Teixidó-Bonfill, Abiel; Tosto, Ambra; Trueba, Santiago; Trugman, Anna; valade, aude; Valladares, Fernando; de Vasconcellos Barros, Fernanda; Veuillen, Léa; Wu, Jingwei; Ziegler, Camille; Flo, Victor","Whole-plant hydraulic conductance; Hydraulic traits; Plant hydraulic parameters","The KPLANT database is a global compilation of whole-plant hydraulic conductance (kplant) measurements, providing harmonised data on plant water transport capacity along the soil-plant-atmosphere continuum. The database contains 3,873 observations from 356 datasets, covering 429 species across 245 genera and 100 families, sampled on six continents and seven plant growth forms (tree, shrub, liana, graminoid, forb, stem succulent, fern), spanning 1970 to the present. kplant values are provided as originally reported and additionally standardised on five normalisation bases (leaf area, sapwood area, wood area, ground area, and whole-plant), together with the underlying water flux and water potential measurements, plant- and stand-level characteristics, and metadata on site, experimental conditions, and source publication. This deposit contains: KPLANT_database.csv - main database with all kplant observations and metadata. Extraction_template.xlsx - standardised template used for data extraction. Individual_datasets.zip - compressed zip file containing the per-study .xlsx datasets. Qc_reports.zip - compressed zip file containing the HTML quality-control reports for individual datasets. Variable definitions, units, and full methodological details are provided in the accompanying data descriptor (Zhao, Mencuccini, et al., Flo. KPLANT: a global database of plant water transport capacity. Scientific Data&lt;/em&gt;, in preparation). Code used to build the database and to generate figures and the technical validation analyses is available at&nbsp; https://github.com/vflo/Kplant_database . The automated quality-control procedure used to produce the reports in &lt;code&gt;Qc_reports/&lt;/code&gt; is available at&nbsp; https://github.com/vflo/Kwp_QC .",FALSE,TRUE
"zenodo","zenodo:19816125","zenodo:19816125::KPLANT_database_V1.0.csv","KPLANT_database_V1.0.csv",2801666,,,"https://zenodo.org/api/records/19816125/files/KPLANT_database_V1.0.csv/content",65,TRUE,"plant* trait*","KPLANT","Zhao, Yanchao; Mencuccini, Maurizio; Acuña-Míguez, Belén; Adet, Lucette; Amin, Shadman; Anadon-Rosell, Alba; Anderegg, Leander; Anderegg, William; Aranda, Ismael; Bachofen, Christoph; Bittencourt, Paulo; Binks, Oliver; De Cáceres, Miquel; Carminati, Andrea; Castells, Eva; Chaparro, David; Cochard, Hervé; Creek, Danielle; David, Teresa; David, Jorge; Delpierre, Nicolas; Didion-Gency, Margaux; Do, Frederic C.; domec, jean-christophe; Breder Eller, Cleiton; Fernández-de-Uña, Laura; Forrester, David; Fonti, Patrick; FORNER SALES, ALICIA; Gauthey, Alice; Gimeno, Teresa; Grossiord, Charlotte; Hernandez-Santana, Virginia; Hernando, Sonia; Hu, Ying; Johnson, Kate M.; Kahmen, Ansgar; Li, Yating; Limousin, Jean-Marc; Mantova, Marylou; Maréchaux, Isabelle; Margiotta, Evan; Martin-StPaul, Nicolas K; Martinez-Vilalta, Jordi; Martius, Lion R.; McCarthy, Christopher; Meir, Patrick; Moriggia, Maé; Novick, Kimberly; Peri, Pablo L.; Peters, Richard L.; Pinto, Clara A.; Poyatos, Rafael; Preisler, Yakir; Ramirez-Valiente, Jose Alberto; Rowland, Lucy; Sabot, Manon; Salmon, Yann; Salomon, Roberto L.; Sanchez-Martinez, Pablo; Schönbeck, Leonie C.; Silva, Mateus; Soler, Pol; Stahl, Clément; Stewart, Laura W.; Teixidó-Bonfill, Abiel; Tosto, Ambra; Trueba, Santiago; Trugman, Anna; valade, aude; Valladares, Fernando; de Vasconcellos Barros, Fernanda; Veuillen, Léa; Wu, Jingwei; Ziegler, Camille; Flo, Victor","Whole-plant hydraulic conductance; Hydraulic traits; Plant hydraulic parameters","The KPLANT database is a global compilation of whole-plant hydraulic conductance (kplant) measurements, providing harmonised data on plant water transport capacity along the soil-plant-atmosphere continuum. The database contains 3,873 observations from 356 datasets, covering 429 species across 245 genera and 100 families, sampled on six continents and seven plant growth forms (tree, shrub, liana, graminoid, forb, stem succulent, fern), spanning 1970 to the present. kplant values are provided as originally reported and additionally standardised on five normalisation bases (leaf area, sapwood area, wood area, ground area, and whole-plant), together with the underlying water flux and water potential measurements, plant- and stand-level characteristics, and metadata on site, experimental conditions, and source publication. This deposit contains: KPLANT_database.csv - main database with all kplant observations and metadata. Extraction_template.xlsx - standardised template used for data extraction. Individual_datasets.zip - compressed zip file containing the per-study .xlsx datasets. Qc_reports.zip - compressed zip file containing the HTML quality-control reports for individual datasets. Variable definitions, units, and full methodological details are provided in the accompanying data descriptor (Zhao, Mencuccini, et al., Flo. KPLANT: a global database of plant water transport capacity. Scientific Data&lt;/em&gt;, in preparation). Code used to build the database and to generate figures and the technical validation analyses is available at&nbsp; https://github.com/vflo/Kplant_database . The automated quality-control procedure used to produce the reports in &lt;code&gt;Qc_reports/&lt;/code&gt; is available at&nbsp; https://github.com/vflo/Kwp_QC .",TRUE,FALSE
"zenodo","zenodo:19816125","zenodo:19816125::QC_reports.zip","QC_reports.zip",78701831,,,"https://zenodo.org/api/records/19816125/files/QC_reports.zip/content",65,TRUE,"plant* trait*","KPLANT","Zhao, Yanchao; Mencuccini, Maurizio; Acuña-Míguez, Belén; Adet, Lucette; Amin, Shadman; Anadon-Rosell, Alba; Anderegg, Leander; Anderegg, William; Aranda, Ismael; Bachofen, Christoph; Bittencourt, Paulo; Binks, Oliver; De Cáceres, Miquel; Carminati, Andrea; Castells, Eva; Chaparro, David; Cochard, Hervé; Creek, Danielle; David, Teresa; David, Jorge; Delpierre, Nicolas; Didion-Gency, Margaux; Do, Frederic C.; domec, jean-christophe; Breder Eller, Cleiton; Fernández-de-Uña, Laura; Forrester, David; Fonti, Patrick; FORNER SALES, ALICIA; Gauthey, Alice; Gimeno, Teresa; Grossiord, Charlotte; Hernandez-Santana, Virginia; Hernando, Sonia; Hu, Ying; Johnson, Kate M.; Kahmen, Ansgar; Li, Yating; Limousin, Jean-Marc; Mantova, Marylou; Maréchaux, Isabelle; Margiotta, Evan; Martin-StPaul, Nicolas K; Martinez-Vilalta, Jordi; Martius, Lion R.; McCarthy, Christopher; Meir, Patrick; Moriggia, Maé; Novick, Kimberly; Peri, Pablo L.; Peters, Richard L.; Pinto, Clara A.; Poyatos, Rafael; Preisler, Yakir; Ramirez-Valiente, Jose Alberto; Rowland, Lucy; Sabot, Manon; Salmon, Yann; Salomon, Roberto L.; Sanchez-Martinez, Pablo; Schönbeck, Leonie C.; Silva, Mateus; Soler, Pol; Stahl, Clément; Stewart, Laura W.; Teixidó-Bonfill, Abiel; Tosto, Ambra; Trueba, Santiago; Trugman, Anna; valade, aude; Valladares, Fernando; de Vasconcellos Barros, Fernanda; Veuillen, Léa; Wu, Jingwei; Ziegler, Camille; Flo, Victor","Whole-plant hydraulic conductance; Hydraulic traits; Plant hydraulic parameters","The KPLANT database is a global compilation of whole-plant hydraulic conductance (kplant) measurements, providing harmonised data on plant water transport capacity along the soil-plant-atmosphere continuum. The database contains 3,873 observations from 356 datasets, covering 429 species across 245 genera and 100 families, sampled on six continents and seven plant growth forms (tree, shrub, liana, graminoid, forb, stem succulent, fern), spanning 1970 to the present. kplant values are provided as originally reported and additionally standardised on five normalisation bases (leaf area, sapwood area, wood area, ground area, and whole-plant), together with the underlying water flux and water potential measurements, plant- and stand-level characteristics, and metadata on site, experimental conditions, and source publication. This deposit contains: KPLANT_database.csv - main database with all kplant observations and metadata. Extraction_template.xlsx - standardised template used for data extraction. Individual_datasets.zip - compressed zip file containing the per-study .xlsx datasets. Qc_reports.zip - compressed zip file containing the HTML quality-control reports for individual datasets. Variable definitions, units, and full methodological details are provided in the accompanying data descriptor (Zhao, Mencuccini, et al., Flo. KPLANT: a global database of plant water transport capacity. Scientific Data&lt;/em&gt;, in preparation). Code used to build the database and to generate figures and the technical validation analyses is available at&nbsp; https://github.com/vflo/Kplant_database . The automated quality-control procedure used to produce the reports in &lt;code&gt;Qc_reports/&lt;/code&gt; is available at&nbsp; https://github.com/vflo/Kwp_QC .",FALSE,TRUE
"zenodo","zenodo:19816125","zenodo:19816125::Extraction_template.xlsx","Extraction_template.xlsx",608461,,,"https://zenodo.org/api/records/19816125/files/Extraction_template.xlsx/content",65,TRUE,"plant* trait*","KPLANT","Zhao, Yanchao; Mencuccini, Maurizio; Acuña-Míguez, Belén; Adet, Lucette; Amin, Shadman; Anadon-Rosell, Alba; Anderegg, Leander; Anderegg, William; Aranda, Ismael; Bachofen, Christoph; Bittencourt, Paulo; Binks, Oliver; De Cáceres, Miquel; Carminati, Andrea; Castells, Eva; Chaparro, David; Cochard, Hervé; Creek, Danielle; David, Teresa; David, Jorge; Delpierre, Nicolas; Didion-Gency, Margaux; Do, Frederic C.; domec, jean-christophe; Breder Eller, Cleiton; Fernández-de-Uña, Laura; Forrester, David; Fonti, Patrick; FORNER SALES, ALICIA; Gauthey, Alice; Gimeno, Teresa; Grossiord, Charlotte; Hernandez-Santana, Virginia; Hernando, Sonia; Hu, Ying; Johnson, Kate M.; Kahmen, Ansgar; Li, Yating; Limousin, Jean-Marc; Mantova, Marylou; Maréchaux, Isabelle; Margiotta, Evan; Martin-StPaul, Nicolas K; Martinez-Vilalta, Jordi; Martius, Lion R.; McCarthy, Christopher; Meir, Patrick; Moriggia, Maé; Novick, Kimberly; Peri, Pablo L.; Peters, Richard L.; Pinto, Clara A.; Poyatos, Rafael; Preisler, Yakir; Ramirez-Valiente, Jose Alberto; Rowland, Lucy; Sabot, Manon; Salmon, Yann; Salomon, Roberto L.; Sanchez-Martinez, Pablo; Schönbeck, Leonie C.; Silva, Mateus; Soler, Pol; Stahl, Clément; Stewart, Laura W.; Teixidó-Bonfill, Abiel; Tosto, Ambra; Trueba, Santiago; Trugman, Anna; valade, aude; Valladares, Fernando; de Vasconcellos Barros, Fernanda; Veuillen, Léa; Wu, Jingwei; Ziegler, Camille; Flo, Victor","Whole-plant hydraulic conductance; Hydraulic traits; Plant hydraulic parameters","The KPLANT database is a global compilation of whole-plant hydraulic conductance (kplant) measurements, providing harmonised data on plant water transport capacity along the soil-plant-atmosphere continuum. The database contains 3,873 observations from 356 datasets, covering 429 species across 245 genera and 100 families, sampled on six continents and seven plant growth forms (tree, shrub, liana, graminoid, forb, stem succulent, fern), spanning 1970 to the present. kplant values are provided as originally reported and additionally standardised on five normalisation bases (leaf area, sapwood area, wood area, ground area, and whole-plant), together with the underlying water flux and water potential measurements, plant- and stand-level characteristics, and metadata on site, experimental conditions, and source publication. This deposit contains: KPLANT_database.csv - main database with all kplant observations and metadata. Extraction_template.xlsx - standardised template used for data extraction. Individual_datasets.zip - compressed zip file containing the per-study .xlsx datasets. Qc_reports.zip - compressed zip file containing the HTML quality-control reports for individual datasets. Variable definitions, units, and full methodological details are provided in the accompanying data descriptor (Zhao, Mencuccini, et al., Flo. KPLANT: a global database of plant water transport capacity. Scientific Data&lt;/em&gt;, in preparation). Code used to build the database and to generate figures and the technical validation analyses is available at&nbsp; https://github.com/vflo/Kplant_database . The automated quality-control procedure used to produce the reports in &lt;code&gt;Qc_reports/&lt;/code&gt; is available at&nbsp; https://github.com/vflo/Kwp_QC .",TRUE,FALSE
"zenodo","zenodo:19615625","zenodo:19615625::Characeae_functional_traits.xlsx","Characeae_functional_traits.xlsx",53714,,,"https://zenodo.org/api/records/19615625/files/Characeae_functional_traits.xlsx/content",62,TRUE,"""plant height"" trait","Functional traits of charophytes to compare vascular and non-vascular leaf traits.","Dalla Vecchia, Alice; Bolpagni, Rossano; Azzella, Mattia Martin","Characeae; freshwater; functional traits; leaf economics spectrum","This dataset includes functional trait data measured on leaf-like structures of 9 charophyte species: Chara aculeolata K&uuml;tzing, C. aspera Willdenow, C. globularis Thuillier, C. papillosa K&uuml;tzing, C. tomentosa Linnaeus, C. vulgaris Linnaeus, Nitella flexilis (Linnaeus) C. Agardh, N. hyalina (De Candolle) C. Agardh and Nitellopsis obtusa (Desvaux) J. Groves. The data supports the article ""A standardized protocol and basic ecological findings to include charophytes in functional trait studies"", abstract: Background and Scope. Charophytes comprise key benthic macroalgae that play multiple ecological roles in freshwater. Despite this, they are excluded from community-level functional trait research, leading to an underestimation of functional diversity of charophyte-dominated ecosystems. This study aims to develop a standardized protocol for measuring leaf functional traits for charophytes, and to provide a first functional comparison between charophytes and common vascular macrophyte life forms. Methods. Functional units were identified that perform the leaf function and reflect the modular growth of charophytes (whorls, branchlets, and internodes). Leaf (branchlet) area, specific leaf area, leaf dry matter content, chlorophylls, carotenoids, phosphorus, nitrogen and carbon content were measured on 9 charophyte species. The protocol was validated by comparing traits between charophytes and 5 macrophyte groups (lemnids, nymphaeids, submerged-broad-leaf, submerged-narrow-leaf, and utricularids), using a multidimensional niche approach. Key Results. Trait measurements were comparable between charophytes and vascular macrophytes. Charophytes&rsquo; functional traits showed alignment with ecological expectations, such as increased specific leaf area and reduced dry matter content along the expected growth depth. Overall, charophytes showed high intraspecific variability, attributable to their ability to grow across wide gradients of depth and light. Charophyte functional niche overlapped mostly with submerged narrow-leaved plants but maintained &gt;40% niche uniqueness. Conclusions. Charophytes expand the functional space occupied by macrophytes, contributing to understanding the overall functional diversity of aquatic plants. Following research should apply the protocol to all genera of the family Characeae and investigate the environmental drivers of trait variability.",TRUE,FALSE
"zenodo","zenodo:5904670","zenodo:5904670::README.md","README.md",6904,,,"https://zenodo.org/api/records/5904670/files/README.md/content",45,TRUE,"""grass traits""","Burn hot or tolerate trees: flammability decreases with shade tolerance in grasses","Gao, Xiulin; Schwilk, Dylan","fire; grass; flammability; shade tolerance; post-fire response; ecological strategy","In ecosystems where trees and grasses coexist, some grass species are found only in open habitats and others persist under trees. The persistence of shade intolerant grasses in ecosystems such as open woodlands and savannas depends on recurrent fires to open the tree canopy. Therefore, grasses that depend on open sites might benefit from high flammability. We tested if shade intolerant grasses are more flammable than shade tolerant grasses and if flammability differences affected post-fire grass growth. We examined the relationship between shade tolerance and flammability by determining individual-level flammability and species shade tolerance of 17 grass species. We also measured grass traits to determine trait effects on flammability and the post-fire response. Grass species varied in flammability, mainly in the amount of heat produced during burning. Shade tolerant species produced less heat at 50 cm above the ground. Biomass and live fuel moisture had the greatest effects on heat release. However, the negative effect of live fuel moisture on heat release at the soil surface was weakened in plants with high specific leaf area. In addition, grass bulk density negatively influenced heat release at 50 cm height. Heat release at the soil surface negatively influenced post-fire growth. However, the influences of soil heating and species-specific traits on individual survival were more complex with 2- and 3-way interactions. Shade tolerance was negatively correlated with a major axis of flammability variation: shade tolerant grasses produced less heat where that heat could damage tree boles. Such heterogeneity in grass flammability may help maintain the tree-grass mixture in natural plant communities. If shade tolerant grasses near trees cause less fire damage to woody plants, especially tree saplings, this may weaken positive grass-fire feedbacks and thus aid the long-term coexistence of trees and grasses.",FALSE,FALSE
"zenodo","zenodo:5904670","zenodo:5904670::data.zip","data.zip",5754631,,,"https://zenodo.org/api/records/5904670/files/data.zip/content",45,TRUE,"""grass traits""","Burn hot or tolerate trees: flammability decreases with shade tolerance in grasses","Gao, Xiulin; Schwilk, Dylan","fire; grass; flammability; shade tolerance; post-fire response; ecological strategy","In ecosystems where trees and grasses coexist, some grass species are found only in open habitats and others persist under trees. The persistence of shade intolerant grasses in ecosystems such as open woodlands and savannas depends on recurrent fires to open the tree canopy. Therefore, grasses that depend on open sites might benefit from high flammability. We tested if shade intolerant grasses are more flammable than shade tolerant grasses and if flammability differences affected post-fire grass growth. We examined the relationship between shade tolerance and flammability by determining individual-level flammability and species shade tolerance of 17 grass species. We also measured grass traits to determine trait effects on flammability and the post-fire response. Grass species varied in flammability, mainly in the amount of heat produced during burning. Shade tolerant species produced less heat at 50 cm above the ground. Biomass and live fuel moisture had the greatest effects on heat release. However, the negative effect of live fuel moisture on heat release at the soil surface was weakened in plants with high specific leaf area. In addition, grass bulk density negatively influenced heat release at 50 cm height. Heat release at the soil surface negatively influenced post-fire growth. However, the influences of soil heating and species-specific traits on individual survival were more complex with 2- and 3-way interactions. Shade tolerance was negatively correlated with a major axis of flammability variation: shade tolerant grasses produced less heat where that heat could damage tree boles. Such heterogeneity in grass flammability may help maintain the tree-grass mixture in natural plant communities. If shade tolerant grasses near trees cause less fire damage to woody plants, especially tree saplings, this may weaken positive grass-fire feedbacks and thus aid the long-term coexistence of trees and grasses.",FALSE,TRUE
"zenodo","zenodo:5024121","zenodo:5024121::daily rainfall values.xlsx","daily rainfall values.xlsx",2129646,,,"https://zenodo.org/api/records/5024121/files/daily%20rainfall%20values.xlsx/content",38,TRUE,"""grass traits""","Data from: Different-sized grazers have distinctive effects on plant functional composition of an African savannah","van der Plas, Fons; Howison, Ruth A.; Mpanza, Nokukhanya; Cromsigt, Joris P. G. M.; Olff, Han","plant–herbivore interactions; mesoherbivores; savannah; white rhino; bunch grass; grazing lawns","Grazing ungulates play a key role in many ecosystems worldwide and can form diverse assemblages, such as in African savannahs. In many of these ecosystems, present-day ungulate communities are impoverished subsets of once diverse assemblages. While we know that excluding all ungulates from grasslands can exert major effects on both the structure and composition of the vegetation, how different individual ungulate species may have contrasting effects on grassland communities remains poorly understood. Here, we performed a long term ""Russian doll"" grazing exclosure experiment in an African savannah to test for the effects of different size classes of grazers on grassland structure and composition. At five sites, grazer species of decreasing size class (ranging from white rhino to scrub hare) were excluded using four fence types, to experimentally create different realized grazer assemblages. The vegetation structure and the grass functional community composition were characterized in six different years over a 10 year period. Additionally, animal footprints were counted to quantify the abundance of different ungulate species in each treatment. We found that while vegetation height was mostly driven by total grazing pressure of all species together, ungulate community composition best explained the functional community composition of grasses. In the short term, smaller ungulate species ('mesoherbivores') had strongest effects on vegetation composition, by shifting communities towards dominance by species with low specific leaf area and low nutritional value. In the long term, large grazers had stronger but similar effects on the functional composition of the system. Surprisingly, the largest 'mega-herbivore', white rhinoceros, did not have strong effects on the vegetation structure or composition. Synthesis. Our results support the idea that different size classes of grazers have varying effects on the functional composition of grassland plant communities. Therefore, the worldwide decline in the diversity of ungulate species is expected to have (had) major impacts on community composition and functioning of grassland ecosystems, even if total grazing pressure has remained constant, e.g., due to replacement by livestock.",TRUE,FALSE
"zenodo","zenodo:5024121","zenodo:5024121::SABRE_ZLTP_Exclosures.accdb","SABRE_ZLTP_Exclosures.accdb",25427968,,,"https://zenodo.org/api/records/5024121/files/SABRE_ZLTP_Exclosures.accdb/content",38,TRUE,"""grass traits""","Data from: Different-sized grazers have distinctive effects on plant functional composition of an African savannah","van der Plas, Fons; Howison, Ruth A.; Mpanza, Nokukhanya; Cromsigt, Joris P. G. M.; Olff, Han","plant–herbivore interactions; mesoherbivores; savannah; white rhino; bunch grass; grazing lawns","Grazing ungulates play a key role in many ecosystems worldwide and can form diverse assemblages, such as in African savannahs. In many of these ecosystems, present-day ungulate communities are impoverished subsets of once diverse assemblages. While we know that excluding all ungulates from grasslands can exert major effects on both the structure and composition of the vegetation, how different individual ungulate species may have contrasting effects on grassland communities remains poorly understood. Here, we performed a long term ""Russian doll"" grazing exclosure experiment in an African savannah to test for the effects of different size classes of grazers on grassland structure and composition. At five sites, grazer species of decreasing size class (ranging from white rhino to scrub hare) were excluded using four fence types, to experimentally create different realized grazer assemblages. The vegetation structure and the grass functional community composition were characterized in six different years over a 10 year period. Additionally, animal footprints were counted to quantify the abundance of different ungulate species in each treatment. We found that while vegetation height was mostly driven by total grazing pressure of all species together, ungulate community composition best explained the functional community composition of grasses. In the short term, smaller ungulate species ('mesoherbivores') had strongest effects on vegetation composition, by shifting communities towards dominance by species with low specific leaf area and low nutritional value. In the long term, large grazers had stronger but similar effects on the functional composition of the system. Surprisingly, the largest 'mega-herbivore', white rhinoceros, did not have strong effects on the vegetation structure or composition. Synthesis. Our results support the idea that different size classes of grazers have varying effects on the functional composition of grassland plant communities. Therefore, the worldwide decline in the diversity of ungulate species is expected to have (had) major impacts on community composition and functioning of grassland ecosystems, even if total grazing pressure has remained constant, e.g., due to replacement by livestock.",FALSE,FALSE
"zenodo","zenodo:5024121","zenodo:5024121::grass traits Fons.txt","grass traits Fons.txt",1435,,,"https://zenodo.org/api/records/5024121/files/grass%20traits%20Fons.txt/content",38,TRUE,"""grass traits""","Data from: Different-sized grazers have distinctive effects on plant functional composition of an African savannah","van der Plas, Fons; Howison, Ruth A.; Mpanza, Nokukhanya; Cromsigt, Joris P. G. M.; Olff, Han","plant–herbivore interactions; mesoherbivores; savannah; white rhino; bunch grass; grazing lawns","Grazing ungulates play a key role in many ecosystems worldwide and can form diverse assemblages, such as in African savannahs. In many of these ecosystems, present-day ungulate communities are impoverished subsets of once diverse assemblages. While we know that excluding all ungulates from grasslands can exert major effects on both the structure and composition of the vegetation, how different individual ungulate species may have contrasting effects on grassland communities remains poorly understood. Here, we performed a long term ""Russian doll"" grazing exclosure experiment in an African savannah to test for the effects of different size classes of grazers on grassland structure and composition. At five sites, grazer species of decreasing size class (ranging from white rhino to scrub hare) were excluded using four fence types, to experimentally create different realized grazer assemblages. The vegetation structure and the grass functional community composition were characterized in six different years over a 10 year period. Additionally, animal footprints were counted to quantify the abundance of different ungulate species in each treatment. We found that while vegetation height was mostly driven by total grazing pressure of all species together, ungulate community composition best explained the functional community composition of grasses. In the short term, smaller ungulate species ('mesoherbivores') had strongest effects on vegetation composition, by shifting communities towards dominance by species with low specific leaf area and low nutritional value. In the long term, large grazers had stronger but similar effects on the functional composition of the system. Surprisingly, the largest 'mega-herbivore', white rhinoceros, did not have strong effects on the vegetation structure or composition. Synthesis. Our results support the idea that different size classes of grazers have varying effects on the functional composition of grassland plant communities. Therefore, the worldwide decline in the diversity of ungulate species is expected to have (had) major impacts on community composition and functioning of grassland ecosystems, even if total grazing pressure has remained constant, e.g., due to replacement by livestock.",TRUE,FALSE
"zenodo","zenodo:4939040","zenodo:4939040::Brru-Nat_RAW.csv","Brru-Nat_RAW.csv",56057,,,"https://zenodo.org/api/records/4939040/files/Brru-Nat_RAW.csv/content",25,TRUE,"""shrub traits""","Data from: Positive associations with native shrubs are intense and important for an exotic invader but not the native annual community across an aridity gradient","Lucero, Jacob; Seifan, Merav; Callaway, Ragan; Lortie, Christopher","Bromus rubens; deserts; environmental gradients; positive interactions; shrubs; Stress-gradient hypothesis","AIM AND LOCATION: Positive interactions influence the assembly of plant communities globally, particularly in stressful environments like deserts.  However, few studies have measured the intensity and relative importance of positive interactions involving native and invasive species along aridity gradients.  These measures are essential for predicting how dryland communities will respond to biological invasions and environmental change.  Here, we measured the intensity and importance of positive associations formed between native shrubs and the annual plant community, which included highly invasive Bromus madritensis ssp. rubens ("" B. rubens "") and native neighbours, along an aridity gradient across the Mojave and San Joaquin Deserts. METHODS: Along the gradient, we sampled metrics of abundance and performance for invasive B. rubens , native annual species (pooled), exotic annual species (pooled), and all annual species (pooled) during peak flowering at 120 pairs of shrub and open microsites. RESULTS: Across the gradient, B. rubens occurred at far greater abundance, cover, biomass, and fitness near shrubs than away from shrubs.  When Larrea tridentata was the focal shrub, positive effects on B. rubens abundance and cover were weakest (though never negative) at the most arid sites under the shortest shrubs.  The native annual community occurred at greater abundance, cover, and species richness away from shrubs, regardless of relative aridity or shrub traits.  Community-level species richness was greatest away from shrubs, but exotic species richness was similar in shrub and open microsites. MAIN CONCLUSIONS: Across two deserts,  B. rubens formed intense and important positive associations with native shrubs that consistently imporoved its abundance, cover, biomass, and fitness; and for abundance and cover, the intensity of  B. rubens - L. tridentata   associations depended upon relative aridity and shrub height.  By strongly facilitating a dominant invader but not native- or community-level biodiversity, native shrubs provided the wrong kind of help to the annual plant community. ",TRUE,FALSE
"zenodo","zenodo:4939040","zenodo:4939040::Raw_Complete.csv","Raw_Complete.csv",30562,,,"https://zenodo.org/api/records/4939040/files/Raw_Complete.csv/content",25,TRUE,"""shrub traits""","Data from: Positive associations with native shrubs are intense and important for an exotic invader but not the native annual community across an aridity gradient","Lucero, Jacob; Seifan, Merav; Callaway, Ragan; Lortie, Christopher","Bromus rubens; deserts; environmental gradients; positive interactions; shrubs; Stress-gradient hypothesis","AIM AND LOCATION: Positive interactions influence the assembly of plant communities globally, particularly in stressful environments like deserts.  However, few studies have measured the intensity and relative importance of positive interactions involving native and invasive species along aridity gradients.  These measures are essential for predicting how dryland communities will respond to biological invasions and environmental change.  Here, we measured the intensity and importance of positive associations formed between native shrubs and the annual plant community, which included highly invasive Bromus madritensis ssp. rubens ("" B. rubens "") and native neighbours, along an aridity gradient across the Mojave and San Joaquin Deserts. METHODS: Along the gradient, we sampled metrics of abundance and performance for invasive B. rubens , native annual species (pooled), exotic annual species (pooled), and all annual species (pooled) during peak flowering at 120 pairs of shrub and open microsites. RESULTS: Across the gradient, B. rubens occurred at far greater abundance, cover, biomass, and fitness near shrubs than away from shrubs.  When Larrea tridentata was the focal shrub, positive effects on B. rubens abundance and cover were weakest (though never negative) at the most arid sites under the shortest shrubs.  The native annual community occurred at greater abundance, cover, and species richness away from shrubs, regardless of relative aridity or shrub traits.  Community-level species richness was greatest away from shrubs, but exotic species richness was similar in shrub and open microsites. MAIN CONCLUSIONS: Across two deserts,  B. rubens formed intense and important positive associations with native shrubs that consistently imporoved its abundance, cover, biomass, and fitness; and for abundance and cover, the intensity of  B. rubens - L. tridentata   associations depended upon relative aridity and shrub height.  By strongly facilitating a dominant invader but not native- or community-level biodiversity, native shrubs provided the wrong kind of help to the annual plant community. ",TRUE,FALSE
"zenodo","zenodo:4939040","zenodo:4939040::GraphValues.csv","GraphValues.csv",4561,,,"https://zenodo.org/api/records/4939040/files/GraphValues.csv/content",25,TRUE,"""shrub traits""","Data from: Positive associations with native shrubs are intense and important for an exotic invader but not the native annual community across an aridity gradient","Lucero, Jacob; Seifan, Merav; Callaway, Ragan; Lortie, Christopher","Bromus rubens; deserts; environmental gradients; positive interactions; shrubs; Stress-gradient hypothesis","AIM AND LOCATION: Positive interactions influence the assembly of plant communities globally, particularly in stressful environments like deserts.  However, few studies have measured the intensity and relative importance of positive interactions involving native and invasive species along aridity gradients.  These measures are essential for predicting how dryland communities will respond to biological invasions and environmental change.  Here, we measured the intensity and importance of positive associations formed between native shrubs and the annual plant community, which included highly invasive Bromus madritensis ssp. rubens ("" B. rubens "") and native neighbours, along an aridity gradient across the Mojave and San Joaquin Deserts. METHODS: Along the gradient, we sampled metrics of abundance and performance for invasive B. rubens , native annual species (pooled), exotic annual species (pooled), and all annual species (pooled) during peak flowering at 120 pairs of shrub and open microsites. RESULTS: Across the gradient, B. rubens occurred at far greater abundance, cover, biomass, and fitness near shrubs than away from shrubs.  When Larrea tridentata was the focal shrub, positive effects on B. rubens abundance and cover were weakest (though never negative) at the most arid sites under the shortest shrubs.  The native annual community occurred at greater abundance, cover, and species richness away from shrubs, regardless of relative aridity or shrub traits.  Community-level species richness was greatest away from shrubs, but exotic species richness was similar in shrub and open microsites. MAIN CONCLUSIONS: Across two deserts,  B. rubens formed intense and important positive associations with native shrubs that consistently imporoved its abundance, cover, biomass, and fitness; and for abundance and cover, the intensity of  B. rubens - L. tridentata   associations depended upon relative aridity and shrub height.  By strongly facilitating a dominant invader but not native- or community-level biodiversity, native shrubs provided the wrong kind of help to the annual plant community. ",TRUE,FALSE
"zenodo","zenodo:4939040","zenodo:4939040::RIISummary2EXPANDED-R.csv","RIISummary2EXPANDED-R.csv",6521,,,"https://zenodo.org/api/records/4939040/files/RIISummary2EXPANDED-R.csv/content",25,TRUE,"""shrub traits""","Data from: Positive associations with native shrubs are intense and important for an exotic invader but not the native annual community across an aridity gradient","Lucero, Jacob; Seifan, Merav; Callaway, Ragan; Lortie, Christopher","Bromus rubens; deserts; environmental gradients; positive interactions; shrubs; Stress-gradient hypothesis","AIM AND LOCATION: Positive interactions influence the assembly of plant communities globally, particularly in stressful environments like deserts.  However, few studies have measured the intensity and relative importance of positive interactions involving native and invasive species along aridity gradients.  These measures are essential for predicting how dryland communities will respond to biological invasions and environmental change.  Here, we measured the intensity and importance of positive associations formed between native shrubs and the annual plant community, which included highly invasive Bromus madritensis ssp. rubens ("" B. rubens "") and native neighbours, along an aridity gradient across the Mojave and San Joaquin Deserts. METHODS: Along the gradient, we sampled metrics of abundance and performance for invasive B. rubens , native annual species (pooled), exotic annual species (pooled), and all annual species (pooled) during peak flowering at 120 pairs of shrub and open microsites. RESULTS: Across the gradient, B. rubens occurred at far greater abundance, cover, biomass, and fitness near shrubs than away from shrubs.  When Larrea tridentata was the focal shrub, positive effects on B. rubens abundance and cover were weakest (though never negative) at the most arid sites under the shortest shrubs.  The native annual community occurred at greater abundance, cover, and species richness away from shrubs, regardless of relative aridity or shrub traits.  Community-level species richness was greatest away from shrubs, but exotic species richness was similar in shrub and open microsites. MAIN CONCLUSIONS: Across two deserts,  B. rubens formed intense and important positive associations with native shrubs that consistently imporoved its abundance, cover, biomass, and fitness; and for abundance and cover, the intensity of  B. rubens - L. tridentata   associations depended upon relative aridity and shrub height.  By strongly facilitating a dominant invader but not native- or community-level biodiversity, native shrubs provided the wrong kind of help to the annual plant community. ",TRUE,FALSE
"zenodo","zenodo:4939040","zenodo:4939040::RII-R.csv","RII-R.csv",41166,,,"https://zenodo.org/api/records/4939040/files/RII-R.csv/content",25,TRUE,"""shrub traits""","Data from: Positive associations with native shrubs are intense and important for an exotic invader but not the native annual community across an aridity gradient","Lucero, Jacob; Seifan, Merav; Callaway, Ragan; Lortie, Christopher","Bromus rubens; deserts; environmental gradients; positive interactions; shrubs; Stress-gradient hypothesis","AIM AND LOCATION: Positive interactions influence the assembly of plant communities globally, particularly in stressful environments like deserts.  However, few studies have measured the intensity and relative importance of positive interactions involving native and invasive species along aridity gradients.  These measures are essential for predicting how dryland communities will respond to biological invasions and environmental change.  Here, we measured the intensity and importance of positive associations formed between native shrubs and the annual plant community, which included highly invasive Bromus madritensis ssp. rubens ("" B. rubens "") and native neighbours, along an aridity gradient across the Mojave and San Joaquin Deserts. METHODS: Along the gradient, we sampled metrics of abundance and performance for invasive B. rubens , native annual species (pooled), exotic annual species (pooled), and all annual species (pooled) during peak flowering at 120 pairs of shrub and open microsites. RESULTS: Across the gradient, B. rubens occurred at far greater abundance, cover, biomass, and fitness near shrubs than away from shrubs.  When Larrea tridentata was the focal shrub, positive effects on B. rubens abundance and cover were weakest (though never negative) at the most arid sites under the shortest shrubs.  The native annual community occurred at greater abundance, cover, and species richness away from shrubs, regardless of relative aridity or shrub traits.  Community-level species richness was greatest away from shrubs, but exotic species richness was similar in shrub and open microsites. MAIN CONCLUSIONS: Across two deserts,  B. rubens formed intense and important positive associations with native shrubs that consistently imporoved its abundance, cover, biomass, and fitness; and for abundance and cover, the intensity of  B. rubens - L. tridentata   associations depended upon relative aridity and shrub height.  By strongly facilitating a dominant invader but not native- or community-level biodiversity, native shrubs provided the wrong kind of help to the annual plant community. ",TRUE,FALSE
"zenodo","zenodo:4939040","zenodo:4939040::RII-deMartonne-for-Graph_3.csv","RII-deMartonne-for-Graph_3.csv",709,,,"https://zenodo.org/api/records/4939040/files/RII-deMartonne-for-Graph_3.csv/content",25,TRUE,"""shrub traits""","Data from: Positive associations with native shrubs are intense and important for an exotic invader but not the native annual community across an aridity gradient","Lucero, Jacob; Seifan, Merav; Callaway, Ragan; Lortie, Christopher","Bromus rubens; deserts; environmental gradients; positive interactions; shrubs; Stress-gradient hypothesis","AIM AND LOCATION: Positive interactions influence the assembly of plant communities globally, particularly in stressful environments like deserts.  However, few studies have measured the intensity and relative importance of positive interactions involving native and invasive species along aridity gradients.  These measures are essential for predicting how dryland communities will respond to biological invasions and environmental change.  Here, we measured the intensity and importance of positive associations formed between native shrubs and the annual plant community, which included highly invasive Bromus madritensis ssp. rubens ("" B. rubens "") and native neighbours, along an aridity gradient across the Mojave and San Joaquin Deserts. METHODS: Along the gradient, we sampled metrics of abundance and performance for invasive B. rubens , native annual species (pooled), exotic annual species (pooled), and all annual species (pooled) during peak flowering at 120 pairs of shrub and open microsites. RESULTS: Across the gradient, B. rubens occurred at far greater abundance, cover, biomass, and fitness near shrubs than away from shrubs.  When Larrea tridentata was the focal shrub, positive effects on B. rubens abundance and cover were weakest (though never negative) at the most arid sites under the shortest shrubs.  The native annual community occurred at greater abundance, cover, and species richness away from shrubs, regardless of relative aridity or shrub traits.  Community-level species richness was greatest away from shrubs, but exotic species richness was similar in shrub and open microsites. MAIN CONCLUSIONS: Across two deserts,  B. rubens formed intense and important positive associations with native shrubs that consistently imporoved its abundance, cover, biomass, and fitness; and for abundance and cover, the intensity of  B. rubens - L. tridentata   associations depended upon relative aridity and shrub height.  By strongly facilitating a dominant invader but not native- or community-level biodiversity, native shrubs provided the wrong kind of help to the annual plant community. ",TRUE,FALSE
"zenodo","zenodo:4939040","zenodo:4939040::RII-deMartonne_shrub-ht_for_Graph.csv","RII-deMartonne_shrub-ht_for_Graph.csv",13551,,,"https://zenodo.org/api/records/4939040/files/RII-deMartonne_shrub-ht_for_Graph.csv/content",25,TRUE,"""shrub traits""","Data from: Positive associations with native shrubs are intense and important for an exotic invader but not the native annual community across an aridity gradient","Lucero, Jacob; Seifan, Merav; Callaway, Ragan; Lortie, Christopher","Bromus rubens; deserts; environmental gradients; positive interactions; shrubs; Stress-gradient hypothesis","AIM AND LOCATION: Positive interactions influence the assembly of plant communities globally, particularly in stressful environments like deserts.  However, few studies have measured the intensity and relative importance of positive interactions involving native and invasive species along aridity gradients.  These measures are essential for predicting how dryland communities will respond to biological invasions and environmental change.  Here, we measured the intensity and importance of positive associations formed between native shrubs and the annual plant community, which included highly invasive Bromus madritensis ssp. rubens ("" B. rubens "") and native neighbours, along an aridity gradient across the Mojave and San Joaquin Deserts. METHODS: Along the gradient, we sampled metrics of abundance and performance for invasive B. rubens , native annual species (pooled), exotic annual species (pooled), and all annual species (pooled) during peak flowering at 120 pairs of shrub and open microsites. RESULTS: Across the gradient, B. rubens occurred at far greater abundance, cover, biomass, and fitness near shrubs than away from shrubs.  When Larrea tridentata was the focal shrub, positive effects on B. rubens abundance and cover were weakest (though never negative) at the most arid sites under the shortest shrubs.  The native annual community occurred at greater abundance, cover, and species richness away from shrubs, regardless of relative aridity or shrub traits.  Community-level species richness was greatest away from shrubs, but exotic species richness was similar in shrub and open microsites. MAIN CONCLUSIONS: Across two deserts,  B. rubens formed intense and important positive associations with native shrubs that consistently imporoved its abundance, cover, biomass, and fitness; and for abundance and cover, the intensity of  B. rubens - L. tridentata   associations depended upon relative aridity and shrub height.  By strongly facilitating a dominant invader but not native- or community-level biodiversity, native shrubs provided the wrong kind of help to the annual plant community. ",TRUE,FALSE
"zenodo","zenodo:6993550","zenodo:6993550::SpeciesTraitSiteEnvironment_data.xlsx","SpeciesTraitSiteEnvironment_data.xlsx",30571,,,"https://zenodo.org/api/records/6993550/files/SpeciesTraitSiteEnvironment_data.xlsx/content",24,TRUE,"""grass traits""","Grazing lawns and overgrazing in frequently grazed grass communities","Hempson, Gareth; Parr, Kate; Lehmann, Caroline; Archibald, Sally","degradation; environmental constraints; grass traits; growth forms; palatability; species composition; Poaceae","Frequent grazing can establish high forage value grazing lawns supporting high grazer densities, but can also produce overgrazed grass communities with unpalatable or low grass basal cover, supporting few grazers. Attempts to create grazing lawns via concentrated grazing, with a goal to increase grazer numbers, are thus risky without knowing how environmental conditions influence the likelihood of each outcome. We collected grass species and trait data from 33 frequently grazed grass communities across eastern South Africa (28 sites) and the Serengeti National Park, Tanzania (5 sites), covering wide rainfall (336–987 mm.yr-1) and soil (e.g. 44–93% sand) gradients. We identified four grass growth forms using hierarchical clustering on principal components analyses of trait data, and assessed trait-environment and growth form-environment relationships using fourth corner and principal components analyses. We distinguished two palatable grass growth forms that both attract yet resist grazers, and comprise grazing lawns: 1) 'lateral attractors' that spread vegetatively via stolons and rhizomes, and 2) 'tufted attractors' that form isolated tufts, and may have alternate tall growth forms. By contrast, 3) tough, upright, tufted 'resisters', and 4) 'avoiders' with sparse architectures or that grow appressed to the soil surface, are of little forage value and avoided by grazers. Grazing lawns occurred across a wide range of conditions, typically comprising lateral attractor grasses in drier, sandy environments, and tufted attractor grasses in wetter, low-sand environments. Resisters occurred on clay-rich soils in mesic areas, while avoiders were widespread but scarce. While grazing lawns can be established under most conditions, monitoring their composition and cover is important, as the potential for overgrazing seems as widely relevant. Tufted attractor-dominated lawns appear somewhat more vulnerable to degradation than lateral attractor-dominated lawns. Increased avoider or resister abundance both reduce forage value, although resisters may provide better soil protection.",TRUE,FALSE
"zenodo","zenodo:6993550","zenodo:6993550::README.txt","README.txt",1688,,,"https://zenodo.org/api/records/6993550/files/README.txt/content",24,TRUE,"""grass traits""","Grazing lawns and overgrazing in frequently grazed grass communities","Hempson, Gareth; Parr, Kate; Lehmann, Caroline; Archibald, Sally","degradation; environmental constraints; grass traits; growth forms; palatability; species composition; Poaceae","Frequent grazing can establish high forage value grazing lawns supporting high grazer densities, but can also produce overgrazed grass communities with unpalatable or low grass basal cover, supporting few grazers. Attempts to create grazing lawns via concentrated grazing, with a goal to increase grazer numbers, are thus risky without knowing how environmental conditions influence the likelihood of each outcome. We collected grass species and trait data from 33 frequently grazed grass communities across eastern South Africa (28 sites) and the Serengeti National Park, Tanzania (5 sites), covering wide rainfall (336–987 mm.yr-1) and soil (e.g. 44–93% sand) gradients. We identified four grass growth forms using hierarchical clustering on principal components analyses of trait data, and assessed trait-environment and growth form-environment relationships using fourth corner and principal components analyses. We distinguished two palatable grass growth forms that both attract yet resist grazers, and comprise grazing lawns: 1) 'lateral attractors' that spread vegetatively via stolons and rhizomes, and 2) 'tufted attractors' that form isolated tufts, and may have alternate tall growth forms. By contrast, 3) tough, upright, tufted 'resisters', and 4) 'avoiders' with sparse architectures or that grow appressed to the soil surface, are of little forage value and avoided by grazers. Grazing lawns occurred across a wide range of conditions, typically comprising lateral attractor grasses in drier, sandy environments, and tufted attractor grasses in wetter, low-sand environments. Resisters occurred on clay-rich soils in mesic areas, while avoiders were widespread but scarce. While grazing lawns can be established under most conditions, monitoring their composition and cover is important, as the potential for overgrazing seems as widely relevant. Tufted attractor-dominated lawns appear somewhat more vulnerable to degradation than lateral attractor-dominated lawns. Increased avoider or resister abundance both reduce forage value, although resisters may provide better soil protection.",TRUE,FALSE
"zenodo","zenodo:19609795","zenodo:19609795::README Dataset Description.txt","README Dataset Description.txt",1686,,,"https://zenodo.org/api/records/19609795/files/README%20Dataset%20Description.txt/content",19,TRUE,"""plant height"" trait","Plant-trait syndromes and environmental filtering drive biomass ecology in resource-limited forest ecosystems","ALI, SHAHAB","","This dataset contains field-based measurements and derived variables used to analyze the effects of functional&nbsp; diversity, functional dominance, soil fertility, climate, and forest type on aboveground biomass (AGB) across&nbsp; multiple forest ecosystems in Pakistan.",TRUE,FALSE
"zenodo","zenodo:19609795","zenodo:19609795::Forest_AGB_Data. Final.csv","Forest_AGB_Data. Final.csv",67552,,,"https://zenodo.org/api/records/19609795/files/Forest_AGB_Data.%20Final.csv/content",19,TRUE,"""plant height"" trait","Plant-trait syndromes and environmental filtering drive biomass ecology in resource-limited forest ecosystems","ALI, SHAHAB","","This dataset contains field-based measurements and derived variables used to analyze the effects of functional&nbsp; diversity, functional dominance, soil fertility, climate, and forest type on aboveground biomass (AGB) across&nbsp; multiple forest ecosystems in Pakistan.",TRUE,FALSE
"zenodo","zenodo:19818864","zenodo:19818864::Top830 Species.xlsx","Top830 Species.xlsx",108919,,,"https://zenodo.org/api/records/19818864/files/Top830%20Species.xlsx/content",19,TRUE,"""specific leaf area"" plant","The one hundred tree species prioritized for planting in the tropics and subtropics as indicated by database mining: standardization of 830 prioritized species to World Flora Online version 2023.12","Kindt, Roeland","","The&nbsp; GlobalUsefulNativeTrees database (GlobUNT; https://patspo.shinyapps.io/GlobalUsefulTrees/ ; Kindt et al. 2023 ) allows users to filter native useful tree species for any country in the world. One of the filters in this database refers to the The one hundred tree species prioritized for planting in the tropics and subtropics as indicated by database mining (Kindt et al. 2021 ). A version of GlobUNT will be released in 2026 that includes all 830 species listed in the prioritized list, whereas not all species were included in older versions.&nbsp;&nbsp; This archive provides standardizations to the same taxonomic backbone of World Flora Online (Borsch et al. 2020 ; taxonomic backbone version 2023.12; Kindt 2020 ) as used for standardizations included in GlobUNT. It is also the same taxonomic backbone, and the same standardization protocols, that were used for the 2025 update of the Agroforestry Species Switchboard (Kindt et al. 2025 ). Hence crosslinking to databases listed in the Switchboard to obtain details for species of interest should be straightforward; a direct hyperlink to the Switchboard is also included in the archive. One of the columns in the archive indicates whether information on the environmental distribution of a species is available from the TreeGOER (Kindt 2023 ; https://doi.org/10.5281/zenodo.7922927 ) or TreeGOER+ ( https://doi.org/10.5281/zenodo.11208040 ) databases. &nbsp; References Kindt, R., Graudal, L., Lilles&oslash;, JP.B. et al. GlobalUsefulNativeTrees, a database documenting 14,014 tree species, supports synergies between biodiversity recovery and local livelihoods in landscape restoration. Sci Rep 13 , 12640 (2023). https://doi.org/10.1038/s41598-023-39552-1 Kindt R, Dawson IK, Lilles&oslash; J-PB, Muchugi A, Pedercini F, Roshetko JM, van Noordwijk M, Graudal L, Jamnadass R. 2021. The one hundred tree species prioritized for planting in the tropics and subtropics as indicated by database mining. Working Paper No. 312. World Agroforestry, Nairobi, Kenya. DOI http://dx.doi.org/10.5716/WP21001.PDF Borsch, T., Berendsohn, W., Dalcin, E., Delmas, M., Demissew, S., Elliott, A., Fritsch, P., Fuchs, A., Geltman, D., G&uuml;ner, A., Haevermans, T., Knapp, S., le Roux, M.M., Loizeau, P.-A., Miller, C., Miller, J., Miller, J.T., Palese, R., Paton, A., Parnell, J., Pendry, C., Qin, H.-N., Sosa, V., Sosef, M., von Raab-Straube, E., Ranwashe, F., Raz, L., Salimov, R., Smets, E., Thiers, B., Thomas, W., Tulig, M., Ulate, W., Ung, V., Watson, M., Jackson, P.W. and Zamora, N. (2020), World Flora Online: Placing taxonomists at the heart of a definitive and comprehensive global resource on the world's plants. TAXON, 69: 1311-1341. https://doi.org/10.1002/tax.12373 Roeland Kindt, Ilyas Siddique, Ian Dawson, Innocent John, Fabio Pedercini, Jens-Peter B. Lilles&oslash;, Lars Graudal. 2025. The Agroforestry Species Switchboard, a global resource to explore information for 107,269 plant species. Sci Data 12 , 1150 (2025). https://doi.org/10.1038/s41597-025-05492-w Kindt, R. 2020. WorldFlora: An R package for exact and fuzzy matching of plant names against the World Flora Online taxonomic backbone data. Applications in Plant Sciences 8(9): e11388. https://doi.org/10.1002/aps3.11388 Kindt, R. (2023). TreeGOER: A database with globally observed environmental ranges for 48,129 tree species. Global Change Biology, 00, 1&ndash;16. https://onlinelibrary.wiley.com/doi/10.1111/gcb.16914 .&nbsp; &nbsp; Funding The development of the GlobalUsefulNativeTrees database was supported by the Darwin Initiative to project DAREX001 of Developing a Global Biodiversity Standard certification for tree-planting and restoration , by Norway&rsquo;s International Climate and Forest Initiative through the Royal Norwegian Embassy in Ethiopia to the Provision of Adequate Tree Seed Portfolio project in Ethiopia, by the Green Climate Fund through the IUCN-led Transforming the Eastern Province of Rwanda through Adaptation project and through the Readiness proposal on Climate Appropriate Portfolios of Tree Diversity for Burkina Faso , by the Bezos Earth Fund to the Quality Tree Seed for Africa in Kenya and Rwanda project and by the German International Climate Initiative (IKI) to the regional tree seed programme on The Right Tree for the Right Place for the Right Purpose in Africa . &nbsp;",TRUE,FALSE
"zenodo","zenodo:19819420","zenodo:19819420::Functional pattern Vitis_Raw_Data_outdoor_2024.csv","Functional pattern Vitis_Raw_Data_outdoor_2024.csv",14261885,,,"https://zenodo.org/api/records/19819420/files/Functional%20pattern%20Vitis_Raw_Data_outdoor_2024.csv/content",18,TRUE,"plant* trait*","Edible Balcony Gardens for Retrofit - Vertical Garden Systems for Cities - Raw Data","Spörl, Philipp; Brandl, Martin; Posnicek, Thomas; Pitha, Ulrike","Vertical Greening System; green balcony; retrofit of buildings; building greenery","Initial Situation, Challenges, and Motivation In social&nbsp; housing , there are often deficits in terms of private outdoor space and opportunities for active greening and self-sufficiency . Existing buildings typically provide only limited exterior spaces and contribute little to improving the microclimate or local food production . Given the growing importance of sustainable resource use , climate adaptation , and social quality of life , there is a need for innovative concepts that can be retroactively implemented in existing buildings to generate ecological and social benefits . The objective is to create multifunctional , cost-effective , and sustainable outdoor spaces th ose directly engage residents and have ecological impact. &nbsp; Objectives and Innovation &nbsp; The project investigated the retroactive creation of apartment-related outdoor space with opportunities for self-gardening in social housing, considering sustainable rainwater irrigation. At a building requiring renovation, balconies were equipped with vertical planting systems for vegetables, fruits, and herbs. These outdoor spaces simultaneously serve as retreat and recreational areas, microclimate-enhancing building components, and productive horticultural infrastructure, enabling year-round, local food production on a limited footprint. &nbsp; Methodology &nbsp; To evaluate vertical green ery and its effects on user experience, productivity, and microclimate, a comprehensive measurement concept was developed for three sites, including two functional prototypes and one demonstration building. The core of data collection was sensor-based monitoring of climate, substrate, and water, capturing air temperature, humidity, thermal transfer, solar radiation, and water balance. Additionally, visually assessable parameters such as plant appearance and measurable parameters such as plant volume and biomass yield were systematically recorded. &nbsp; Results &nbsp; The results indicate that the examined vertical green ing systems have significant potential as multifunctional elements for building green ery and urban food production. Success factors include site-specific planning, appropriate plant selection, optimized planting density, reliable irrigation, and clearly defined objectives (e.g. yield, shading, privacy). For users without prior experience, low-maintenance and perennial plants are recommended. Initial guidance and support during the early phase help ensure proper plant care, irrigation, and harvesting, fostering stable vegetation development. &nbsp; Conclusion and Outlook &nbsp; Vertical greening systems are a promising tool for improving the microclimate, supporting urban food production, and enhancing the ecological and functional quality of buildings. For future applications and research, long-term monitoring is recommended to identify optimization potential in terms of energy efficiency, plant selection, yield, and microclimatic effects. Site-adapted plant selection, module positioning, and planting density are key parameters for successful implementation. The findings demonstrate that, with careful planning and management, vertical greening systems can generate sustainable benefits for residents and the urban microclimate. &nbsp; &nbsp; &nbsp;- GERMAN VERSION -&nbsp; Ausgangssituation , Problematik und Motivation &nbsp; Im sozialen Wohnbau bestehen h&auml;ufig Defizite hinsichtlich wohnungsbezogener Freir&auml;ume sowie M&ouml;glichkeiten zur aktiven Begr&uuml;nung und Selbstversorgung . Bestehende Geb&auml;ude bieten meist nur begrenzte Au&szlig;enr&auml;ume und leisten nur einen geringen Beitrag zur Verbesserung des Mikroklimas oder zur lokalen Lebensmittelproduktion. Angesichts der zunehmenden Relevanz nachhaltiger Ressourcennutzung, Klimaanpassung und sozialer Lebensqualit&auml;t besteht ein Bedarf an innovativen Konzepten, die nachtr&auml;glich in Bestandsgeb&auml;uden implementiert werden k&ouml;nnen, um &ouml;kologische und soziale Mehrwerte zu generieren. Ziel ist es, multifunktionale, kosteneffiziente und nachhaltige Au&szlig;enr&auml;ume zu schaffen, die die Bewohner:innen direkt einbe ziehen und &ouml;kologisch wirksam sind. &nbsp; Ziele und Innovationsgehalt &nbsp; Das Projekt untersuchte die nachtr&auml;gliche Schaffung von wohnungsbezogenem Freiraum mit Selbstg&auml;rtner :innen -M&ouml;glichkeiten im sozialen Wohnbau, unter Ber&uuml;cksichtigung einer nachhaltigen Regenwasserbew&auml;sserung. An einem sanierungsbed&uuml;rftigen Bestandsgeb&auml;ude wurden Balkone mit vertikalen Pflanzsystemen f&uuml;r Gem&uuml;se, Obst und Kr&auml;uter installiert. Die so geschaffenen Au&szlig;enr&auml;ume dienen gleichzeitig als R&uuml;ckzugs- und Erholungsbereiche, mikroklimawirksame Bauteile und produktive g&auml;rtnerische Infrastruktur, wodurch eine ganzj&auml;hrige, lokale Produktion von Lebensmittel n auf begrenzter Fl&auml;che erm&ouml;glicht wird. &nbsp; Methodische Vorgehensweise &nbsp; Zur Evaluation der Vertikalbegr&uuml;nung und ihrer Wirkung auf Aufenthaltsqualit&auml;t, Produktivit&auml;t und Mikroklima wurde ein umfassendes Messkonzept f&uuml;r drei Standorte entwickelt , darunter zwei Funktionsmuster und ein Demonstrationsobjekt. Kern der Datenerhebung war ein sensorgest&uuml;tztes Monitoring von Klima, Substrat und Wasser, einschlie&szlig;lich Lufttemperatur, Luftfeuchtigkeit, W&auml;rmedurchgang, solarer Strahlung und Wasserbilanz. Erg&auml;nzend wurden visuell bestimmbare Parameter an den Pflanzen wie Erscheinungsbild, sowie messbare Parameter wie Pflanzenvolumen und Biomasseertrag systematisch erfasst. &nbsp; Ergebnisse &nbsp; Die Ergebnisse zeigen, dass die untersuchten Vertikalbegr&uuml;nungssysteme ein gro&szlig;es Potenzial als multifunktionale Elemente f&uuml;r Geb&auml;udebegr&uuml;nung und urbane Lebensmittelproduktion besitzen. Erfolgsfaktoren sind standortangepasste Planung, Pflanzenauswahl, abgestimmte Pflanzdichte, zuverl&auml;ssige Bew&auml;sserung und eine klare Definition der Zielsetzungen (z. B. Ertrag, Beschattung, Sichtschutz). F&uuml;r Nutzer:innen ohne Vorerfahrung eignen sich pflegeleichte, ausdauernde Pflanzen. Eine begleitende Betreuung in der Anfangsphase unterst&uuml;tzt die Pflanzenpflege, Bew&auml;sserung und Ernte und f&ouml;rdert eine stabile Vegetationsentwicklung. &nbsp; Schlussfolgerung und Ausblick &nbsp; Vertikalbegr&uuml;nungssysteme stellen ein vielversprechendes Instrument zur Verbesserung des Mikroklimas, zur F&ouml;rderung urbaner Lebensmittelproduktion und zur Steigerung der &ouml;kologischen sowie funktionalen Qualit&auml;t von Geb&auml;uden dar. F&uuml;r zuk&uuml;nftige Anwendungen und Forschungsprojekte ist eine langfristige Beobachtung empfehlenswert, um Optimierungspotenziale in Bezug auf Energieeffizienz, Pflanzenwahl, Ertrag und Mikroklimawirkung zu identifizieren. Standortangepasste Pflanzenauswahl, Modulpositionierung und Pflanzdichte sind zentrale Parameter f&uuml;r eine erfolgreiche Umsetzung. Die Ergebnisse belegen, dass Vertikalbegr&uuml;nungssysteme bei sorgf&auml;ltiger Planung und Betreuung nachhaltige Mehrwerte f&uuml;r Bewohner:innen und st&auml;dtisches Mikroklima generieren k&ouml;nnen. &nbsp; &nbsp;",TRUE,FALSE
"zenodo","zenodo:19819420","zenodo:19819420::Demonstration object Karmarschgasse, Vienna_Raw Data Balcony_2025.csv","Demonstration object Karmarschgasse, Vienna_Raw Data Balcony_2025.csv",6349713,,,"https://zenodo.org/api/records/19819420/files/Demonstration%20object%20Karmarschgasse,%20Vienna_Raw%20Data%20Balcony_2025.csv/content",18,TRUE,"plant* trait*","Edible Balcony Gardens for Retrofit - Vertical Garden Systems for Cities - Raw Data","Spörl, Philipp; Brandl, Martin; Posnicek, Thomas; Pitha, Ulrike","Vertical Greening System; green balcony; retrofit of buildings; building greenery","Initial Situation, Challenges, and Motivation In social&nbsp; housing , there are often deficits in terms of private outdoor space and opportunities for active greening and self-sufficiency . Existing buildings typically provide only limited exterior spaces and contribute little to improving the microclimate or local food production . Given the growing importance of sustainable resource use , climate adaptation , and social quality of life , there is a need for innovative concepts that can be retroactively implemented in existing buildings to generate ecological and social benefits . The objective is to create multifunctional , cost-effective , and sustainable outdoor spaces th ose directly engage residents and have ecological impact. &nbsp; Objectives and Innovation &nbsp; The project investigated the retroactive creation of apartment-related outdoor space with opportunities for self-gardening in social housing, considering sustainable rainwater irrigation. At a building requiring renovation, balconies were equipped with vertical planting systems for vegetables, fruits, and herbs. These outdoor spaces simultaneously serve as retreat and recreational areas, microclimate-enhancing building components, and productive horticultural infrastructure, enabling year-round, local food production on a limited footprint. &nbsp; Methodology &nbsp; To evaluate vertical green ery and its effects on user experience, productivity, and microclimate, a comprehensive measurement concept was developed for three sites, including two functional prototypes and one demonstration building. The core of data collection was sensor-based monitoring of climate, substrate, and water, capturing air temperature, humidity, thermal transfer, solar radiation, and water balance. Additionally, visually assessable parameters such as plant appearance and measurable parameters such as plant volume and biomass yield were systematically recorded. &nbsp; Results &nbsp; The results indicate that the examined vertical green ing systems have significant potential as multifunctional elements for building green ery and urban food production. Success factors include site-specific planning, appropriate plant selection, optimized planting density, reliable irrigation, and clearly defined objectives (e.g. yield, shading, privacy). For users without prior experience, low-maintenance and perennial plants are recommended. Initial guidance and support during the early phase help ensure proper plant care, irrigation, and harvesting, fostering stable vegetation development. &nbsp; Conclusion and Outlook &nbsp; Vertical greening systems are a promising tool for improving the microclimate, supporting urban food production, and enhancing the ecological and functional quality of buildings. For future applications and research, long-term monitoring is recommended to identify optimization potential in terms of energy efficiency, plant selection, yield, and microclimatic effects. Site-adapted plant selection, module positioning, and planting density are key parameters for successful implementation. The findings demonstrate that, with careful planning and management, vertical greening systems can generate sustainable benefits for residents and the urban microclimate. &nbsp; &nbsp; &nbsp;- GERMAN VERSION -&nbsp; Ausgangssituation , Problematik und Motivation &nbsp; Im sozialen Wohnbau bestehen h&auml;ufig Defizite hinsichtlich wohnungsbezogener Freir&auml;ume sowie M&ouml;glichkeiten zur aktiven Begr&uuml;nung und Selbstversorgung . Bestehende Geb&auml;ude bieten meist nur begrenzte Au&szlig;enr&auml;ume und leisten nur einen geringen Beitrag zur Verbesserung des Mikroklimas oder zur lokalen Lebensmittelproduktion. Angesichts der zunehmenden Relevanz nachhaltiger Ressourcennutzung, Klimaanpassung und sozialer Lebensqualit&auml;t besteht ein Bedarf an innovativen Konzepten, die nachtr&auml;glich in Bestandsgeb&auml;uden implementiert werden k&ouml;nnen, um &ouml;kologische und soziale Mehrwerte zu generieren. Ziel ist es, multifunktionale, kosteneffiziente und nachhaltige Au&szlig;enr&auml;ume zu schaffen, die die Bewohner:innen direkt einbe ziehen und &ouml;kologisch wirksam sind. &nbsp; Ziele und Innovationsgehalt &nbsp; Das Projekt untersuchte die nachtr&auml;gliche Schaffung von wohnungsbezogenem Freiraum mit Selbstg&auml;rtner :innen -M&ouml;glichkeiten im sozialen Wohnbau, unter Ber&uuml;cksichtigung einer nachhaltigen Regenwasserbew&auml;sserung. An einem sanierungsbed&uuml;rftigen Bestandsgeb&auml;ude wurden Balkone mit vertikalen Pflanzsystemen f&uuml;r Gem&uuml;se, Obst und Kr&auml;uter installiert. Die so geschaffenen Au&szlig;enr&auml;ume dienen gleichzeitig als R&uuml;ckzugs- und Erholungsbereiche, mikroklimawirksame Bauteile und produktive g&auml;rtnerische Infrastruktur, wodurch eine ganzj&auml;hrige, lokale Produktion von Lebensmittel n auf begrenzter Fl&auml;che erm&ouml;glicht wird. &nbsp; Methodische Vorgehensweise &nbsp; Zur Evaluation der Vertikalbegr&uuml;nung und ihrer Wirkung auf Aufenthaltsqualit&auml;t, Produktivit&auml;t und Mikroklima wurde ein umfassendes Messkonzept f&uuml;r drei Standorte entwickelt , darunter zwei Funktionsmuster und ein Demonstrationsobjekt. Kern der Datenerhebung war ein sensorgest&uuml;tztes Monitoring von Klima, Substrat und Wasser, einschlie&szlig;lich Lufttemperatur, Luftfeuchtigkeit, W&auml;rmedurchgang, solarer Strahlung und Wasserbilanz. Erg&auml;nzend wurden visuell bestimmbare Parameter an den Pflanzen wie Erscheinungsbild, sowie messbare Parameter wie Pflanzenvolumen und Biomasseertrag systematisch erfasst. &nbsp; Ergebnisse &nbsp; Die Ergebnisse zeigen, dass die untersuchten Vertikalbegr&uuml;nungssysteme ein gro&szlig;es Potenzial als multifunktionale Elemente f&uuml;r Geb&auml;udebegr&uuml;nung und urbane Lebensmittelproduktion besitzen. Erfolgsfaktoren sind standortangepasste Planung, Pflanzenauswahl, abgestimmte Pflanzdichte, zuverl&auml;ssige Bew&auml;sserung und eine klare Definition der Zielsetzungen (z. B. Ertrag, Beschattung, Sichtschutz). F&uuml;r Nutzer:innen ohne Vorerfahrung eignen sich pflegeleichte, ausdauernde Pflanzen. Eine begleitende Betreuung in der Anfangsphase unterst&uuml;tzt die Pflanzenpflege, Bew&auml;sserung und Ernte und f&ouml;rdert eine stabile Vegetationsentwicklung. &nbsp; Schlussfolgerung und Ausblick &nbsp; Vertikalbegr&uuml;nungssysteme stellen ein vielversprechendes Instrument zur Verbesserung des Mikroklimas, zur F&ouml;rderung urbaner Lebensmittelproduktion und zur Steigerung der &ouml;kologischen sowie funktionalen Qualit&auml;t von Geb&auml;uden dar. F&uuml;r zuk&uuml;nftige Anwendungen und Forschungsprojekte ist eine langfristige Beobachtung empfehlenswert, um Optimierungspotenziale in Bezug auf Energieeffizienz, Pflanzenwahl, Ertrag und Mikroklimawirkung zu identifizieren. Standortangepasste Pflanzenauswahl, Modulpositionierung und Pflanzdichte sind zentrale Parameter f&uuml;r eine erfolgreiche Umsetzung. Die Ergebnisse belegen, dass Vertikalbegr&uuml;nungssysteme bei sorgf&auml;ltiger Planung und Betreuung nachhaltige Mehrwerte f&uuml;r Bewohner:innen und st&auml;dtisches Mikroklima generieren k&ouml;nnen. &nbsp; &nbsp;",TRUE,FALSE
"zenodo","zenodo:19819420","zenodo:19819420::Functional pattern Dreherstraße Vienna_Raw Data_2023_2024.csv","Functional pattern Dreherstraße Vienna_Raw Data_2023_2024.csv",38302171,,,"https://zenodo.org/api/records/19819420/files/Functional%20pattern%20Dreherstra%C3%9Fe%20Vienna_Raw%20Data_2023_2024.csv/content",18,TRUE,"plant* trait*","Edible Balcony Gardens for Retrofit - Vertical Garden Systems for Cities - Raw Data","Spörl, Philipp; Brandl, Martin; Posnicek, Thomas; Pitha, Ulrike","Vertical Greening System; green balcony; retrofit of buildings; building greenery","Initial Situation, Challenges, and Motivation In social&nbsp; housing , there are often deficits in terms of private outdoor space and opportunities for active greening and self-sufficiency . Existing buildings typically provide only limited exterior spaces and contribute little to improving the microclimate or local food production . Given the growing importance of sustainable resource use , climate adaptation , and social quality of life , there is a need for innovative concepts that can be retroactively implemented in existing buildings to generate ecological and social benefits . The objective is to create multifunctional , cost-effective , and sustainable outdoor spaces th ose directly engage residents and have ecological impact. &nbsp; Objectives and Innovation &nbsp; The project investigated the retroactive creation of apartment-related outdoor space with opportunities for self-gardening in social housing, considering sustainable rainwater irrigation. At a building requiring renovation, balconies were equipped with vertical planting systems for vegetables, fruits, and herbs. These outdoor spaces simultaneously serve as retreat and recreational areas, microclimate-enhancing building components, and productive horticultural infrastructure, enabling year-round, local food production on a limited footprint. &nbsp; Methodology &nbsp; To evaluate vertical green ery and its effects on user experience, productivity, and microclimate, a comprehensive measurement concept was developed for three sites, including two functional prototypes and one demonstration building. The core of data collection was sensor-based monitoring of climate, substrate, and water, capturing air temperature, humidity, thermal transfer, solar radiation, and water balance. Additionally, visually assessable parameters such as plant appearance and measurable parameters such as plant volume and biomass yield were systematically recorded. &nbsp; Results &nbsp; The results indicate that the examined vertical green ing systems have significant potential as multifunctional elements for building green ery and urban food production. Success factors include site-specific planning, appropriate plant selection, optimized planting density, reliable irrigation, and clearly defined objectives (e.g. yield, shading, privacy). For users without prior experience, low-maintenance and perennial plants are recommended. Initial guidance and support during the early phase help ensure proper plant care, irrigation, and harvesting, fostering stable vegetation development. &nbsp; Conclusion and Outlook &nbsp; Vertical greening systems are a promising tool for improving the microclimate, supporting urban food production, and enhancing the ecological and functional quality of buildings. For future applications and research, long-term monitoring is recommended to identify optimization potential in terms of energy efficiency, plant selection, yield, and microclimatic effects. Site-adapted plant selection, module positioning, and planting density are key parameters for successful implementation. The findings demonstrate that, with careful planning and management, vertical greening systems can generate sustainable benefits for residents and the urban microclimate. &nbsp; &nbsp; &nbsp;- GERMAN VERSION -&nbsp; Ausgangssituation , Problematik und Motivation &nbsp; Im sozialen Wohnbau bestehen h&auml;ufig Defizite hinsichtlich wohnungsbezogener Freir&auml;ume sowie M&ouml;glichkeiten zur aktiven Begr&uuml;nung und Selbstversorgung . Bestehende Geb&auml;ude bieten meist nur begrenzte Au&szlig;enr&auml;ume und leisten nur einen geringen Beitrag zur Verbesserung des Mikroklimas oder zur lokalen Lebensmittelproduktion. Angesichts der zunehmenden Relevanz nachhaltiger Ressourcennutzung, Klimaanpassung und sozialer Lebensqualit&auml;t besteht ein Bedarf an innovativen Konzepten, die nachtr&auml;glich in Bestandsgeb&auml;uden implementiert werden k&ouml;nnen, um &ouml;kologische und soziale Mehrwerte zu generieren. Ziel ist es, multifunktionale, kosteneffiziente und nachhaltige Au&szlig;enr&auml;ume zu schaffen, die die Bewohner:innen direkt einbe ziehen und &ouml;kologisch wirksam sind. &nbsp; Ziele und Innovationsgehalt &nbsp; Das Projekt untersuchte die nachtr&auml;gliche Schaffung von wohnungsbezogenem Freiraum mit Selbstg&auml;rtner :innen -M&ouml;glichkeiten im sozialen Wohnbau, unter Ber&uuml;cksichtigung einer nachhaltigen Regenwasserbew&auml;sserung. An einem sanierungsbed&uuml;rftigen Bestandsgeb&auml;ude wurden Balkone mit vertikalen Pflanzsystemen f&uuml;r Gem&uuml;se, Obst und Kr&auml;uter installiert. Die so geschaffenen Au&szlig;enr&auml;ume dienen gleichzeitig als R&uuml;ckzugs- und Erholungsbereiche, mikroklimawirksame Bauteile und produktive g&auml;rtnerische Infrastruktur, wodurch eine ganzj&auml;hrige, lokale Produktion von Lebensmittel n auf begrenzter Fl&auml;che erm&ouml;glicht wird. &nbsp; Methodische Vorgehensweise &nbsp; Zur Evaluation der Vertikalbegr&uuml;nung und ihrer Wirkung auf Aufenthaltsqualit&auml;t, Produktivit&auml;t und Mikroklima wurde ein umfassendes Messkonzept f&uuml;r drei Standorte entwickelt , darunter zwei Funktionsmuster und ein Demonstrationsobjekt. Kern der Datenerhebung war ein sensorgest&uuml;tztes Monitoring von Klima, Substrat und Wasser, einschlie&szlig;lich Lufttemperatur, Luftfeuchtigkeit, W&auml;rmedurchgang, solarer Strahlung und Wasserbilanz. Erg&auml;nzend wurden visuell bestimmbare Parameter an den Pflanzen wie Erscheinungsbild, sowie messbare Parameter wie Pflanzenvolumen und Biomasseertrag systematisch erfasst. &nbsp; Ergebnisse &nbsp; Die Ergebnisse zeigen, dass die untersuchten Vertikalbegr&uuml;nungssysteme ein gro&szlig;es Potenzial als multifunktionale Elemente f&uuml;r Geb&auml;udebegr&uuml;nung und urbane Lebensmittelproduktion besitzen. Erfolgsfaktoren sind standortangepasste Planung, Pflanzenauswahl, abgestimmte Pflanzdichte, zuverl&auml;ssige Bew&auml;sserung und eine klare Definition der Zielsetzungen (z. B. Ertrag, Beschattung, Sichtschutz). F&uuml;r Nutzer:innen ohne Vorerfahrung eignen sich pflegeleichte, ausdauernde Pflanzen. Eine begleitende Betreuung in der Anfangsphase unterst&uuml;tzt die Pflanzenpflege, Bew&auml;sserung und Ernte und f&ouml;rdert eine stabile Vegetationsentwicklung. &nbsp; Schlussfolgerung und Ausblick &nbsp; Vertikalbegr&uuml;nungssysteme stellen ein vielversprechendes Instrument zur Verbesserung des Mikroklimas, zur F&ouml;rderung urbaner Lebensmittelproduktion und zur Steigerung der &ouml;kologischen sowie funktionalen Qualit&auml;t von Geb&auml;uden dar. F&uuml;r zuk&uuml;nftige Anwendungen und Forschungsprojekte ist eine langfristige Beobachtung empfehlenswert, um Optimierungspotenziale in Bezug auf Energieeffizienz, Pflanzenwahl, Ertrag und Mikroklimawirkung zu identifizieren. Standortangepasste Pflanzenauswahl, Modulpositionierung und Pflanzdichte sind zentrale Parameter f&uuml;r eine erfolgreiche Umsetzung. Die Ergebnisse belegen, dass Vertikalbegr&uuml;nungssysteme bei sorgf&auml;ltiger Planung und Betreuung nachhaltige Mehrwerte f&uuml;r Bewohner:innen und st&auml;dtisches Mikroklima generieren k&ouml;nnen. &nbsp; &nbsp;",TRUE,FALSE
"zenodo","zenodo:19819420","zenodo:19819420::Demonstration Object Karmarschgasse, Vienna_Sensor Positions_2025.xlsx","Demonstration Object Karmarschgasse, Vienna_Sensor Positions_2025.xlsx",482566,,,"https://zenodo.org/api/records/19819420/files/Demonstration%20Object%20Karmarschgasse,%20Vienna_Sensor%20Positions_2025.xlsx/content",18,TRUE,"plant* trait*","Edible Balcony Gardens for Retrofit - Vertical Garden Systems for Cities - Raw Data","Spörl, Philipp; Brandl, Martin; Posnicek, Thomas; Pitha, Ulrike","Vertical Greening System; green balcony; retrofit of buildings; building greenery","Initial Situation, Challenges, and Motivation In social&nbsp; housing , there are often deficits in terms of private outdoor space and opportunities for active greening and self-sufficiency . Existing buildings typically provide only limited exterior spaces and contribute little to improving the microclimate or local food production . Given the growing importance of sustainable resource use , climate adaptation , and social quality of life , there is a need for innovative concepts that can be retroactively implemented in existing buildings to generate ecological and social benefits . The objective is to create multifunctional , cost-effective , and sustainable outdoor spaces th ose directly engage residents and have ecological impact. &nbsp; Objectives and Innovation &nbsp; The project investigated the retroactive creation of apartment-related outdoor space with opportunities for self-gardening in social housing, considering sustainable rainwater irrigation. At a building requiring renovation, balconies were equipped with vertical planting systems for vegetables, fruits, and herbs. These outdoor spaces simultaneously serve as retreat and recreational areas, microclimate-enhancing building components, and productive horticultural infrastructure, enabling year-round, local food production on a limited footprint. &nbsp; Methodology &nbsp; To evaluate vertical green ery and its effects on user experience, productivity, and microclimate, a comprehensive measurement concept was developed for three sites, including two functional prototypes and one demonstration building. The core of data collection was sensor-based monitoring of climate, substrate, and water, capturing air temperature, humidity, thermal transfer, solar radiation, and water balance. Additionally, visually assessable parameters such as plant appearance and measurable parameters such as plant volume and biomass yield were systematically recorded. &nbsp; Results &nbsp; The results indicate that the examined vertical green ing systems have significant potential as multifunctional elements for building green ery and urban food production. Success factors include site-specific planning, appropriate plant selection, optimized planting density, reliable irrigation, and clearly defined objectives (e.g. yield, shading, privacy). For users without prior experience, low-maintenance and perennial plants are recommended. Initial guidance and support during the early phase help ensure proper plant care, irrigation, and harvesting, fostering stable vegetation development. &nbsp; Conclusion and Outlook &nbsp; Vertical greening systems are a promising tool for improving the microclimate, supporting urban food production, and enhancing the ecological and functional quality of buildings. For future applications and research, long-term monitoring is recommended to identify optimization potential in terms of energy efficiency, plant selection, yield, and microclimatic effects. Site-adapted plant selection, module positioning, and planting density are key parameters for successful implementation. The findings demonstrate that, with careful planning and management, vertical greening systems can generate sustainable benefits for residents and the urban microclimate. &nbsp; &nbsp; &nbsp;- GERMAN VERSION -&nbsp; Ausgangssituation , Problematik und Motivation &nbsp; Im sozialen Wohnbau bestehen h&auml;ufig Defizite hinsichtlich wohnungsbezogener Freir&auml;ume sowie M&ouml;glichkeiten zur aktiven Begr&uuml;nung und Selbstversorgung . Bestehende Geb&auml;ude bieten meist nur begrenzte Au&szlig;enr&auml;ume und leisten nur einen geringen Beitrag zur Verbesserung des Mikroklimas oder zur lokalen Lebensmittelproduktion. Angesichts der zunehmenden Relevanz nachhaltiger Ressourcennutzung, Klimaanpassung und sozialer Lebensqualit&auml;t besteht ein Bedarf an innovativen Konzepten, die nachtr&auml;glich in Bestandsgeb&auml;uden implementiert werden k&ouml;nnen, um &ouml;kologische und soziale Mehrwerte zu generieren. Ziel ist es, multifunktionale, kosteneffiziente und nachhaltige Au&szlig;enr&auml;ume zu schaffen, die die Bewohner:innen direkt einbe ziehen und &ouml;kologisch wirksam sind. &nbsp; Ziele und Innovationsgehalt &nbsp; Das Projekt untersuchte die nachtr&auml;gliche Schaffung von wohnungsbezogenem Freiraum mit Selbstg&auml;rtner :innen -M&ouml;glichkeiten im sozialen Wohnbau, unter Ber&uuml;cksichtigung einer nachhaltigen Regenwasserbew&auml;sserung. An einem sanierungsbed&uuml;rftigen Bestandsgeb&auml;ude wurden Balkone mit vertikalen Pflanzsystemen f&uuml;r Gem&uuml;se, Obst und Kr&auml;uter installiert. Die so geschaffenen Au&szlig;enr&auml;ume dienen gleichzeitig als R&uuml;ckzugs- und Erholungsbereiche, mikroklimawirksame Bauteile und produktive g&auml;rtnerische Infrastruktur, wodurch eine ganzj&auml;hrige, lokale Produktion von Lebensmittel n auf begrenzter Fl&auml;che erm&ouml;glicht wird. &nbsp; Methodische Vorgehensweise &nbsp; Zur Evaluation der Vertikalbegr&uuml;nung und ihrer Wirkung auf Aufenthaltsqualit&auml;t, Produktivit&auml;t und Mikroklima wurde ein umfassendes Messkonzept f&uuml;r drei Standorte entwickelt , darunter zwei Funktionsmuster und ein Demonstrationsobjekt. Kern der Datenerhebung war ein sensorgest&uuml;tztes Monitoring von Klima, Substrat und Wasser, einschlie&szlig;lich Lufttemperatur, Luftfeuchtigkeit, W&auml;rmedurchgang, solarer Strahlung und Wasserbilanz. Erg&auml;nzend wurden visuell bestimmbare Parameter an den Pflanzen wie Erscheinungsbild, sowie messbare Parameter wie Pflanzenvolumen und Biomasseertrag systematisch erfasst. &nbsp; Ergebnisse &nbsp; Die Ergebnisse zeigen, dass die untersuchten Vertikalbegr&uuml;nungssysteme ein gro&szlig;es Potenzial als multifunktionale Elemente f&uuml;r Geb&auml;udebegr&uuml;nung und urbane Lebensmittelproduktion besitzen. Erfolgsfaktoren sind standortangepasste Planung, Pflanzenauswahl, abgestimmte Pflanzdichte, zuverl&auml;ssige Bew&auml;sserung und eine klare Definition der Zielsetzungen (z. B. Ertrag, Beschattung, Sichtschutz). F&uuml;r Nutzer:innen ohne Vorerfahrung eignen sich pflegeleichte, ausdauernde Pflanzen. Eine begleitende Betreuung in der Anfangsphase unterst&uuml;tzt die Pflanzenpflege, Bew&auml;sserung und Ernte und f&ouml;rdert eine stabile Vegetationsentwicklung. &nbsp; Schlussfolgerung und Ausblick &nbsp; Vertikalbegr&uuml;nungssysteme stellen ein vielversprechendes Instrument zur Verbesserung des Mikroklimas, zur F&ouml;rderung urbaner Lebensmittelproduktion und zur Steigerung der &ouml;kologischen sowie funktionalen Qualit&auml;t von Geb&auml;uden dar. F&uuml;r zuk&uuml;nftige Anwendungen und Forschungsprojekte ist eine langfristige Beobachtung empfehlenswert, um Optimierungspotenziale in Bezug auf Energieeffizienz, Pflanzenwahl, Ertrag und Mikroklimawirkung zu identifizieren. Standortangepasste Pflanzenauswahl, Modulpositionierung und Pflanzdichte sind zentrale Parameter f&uuml;r eine erfolgreiche Umsetzung. Die Ergebnisse belegen, dass Vertikalbegr&uuml;nungssysteme bei sorgf&auml;ltiger Planung und Betreuung nachhaltige Mehrwerte f&uuml;r Bewohner:innen und st&auml;dtisches Mikroklima generieren k&ouml;nnen. &nbsp; &nbsp;",TRUE,FALSE
"zenodo","zenodo:19819420","zenodo:19819420::Functional pattern Dreherstraße Vienna_Sensor Positions_2023_2024.xlsx","Functional pattern Dreherstraße Vienna_Sensor Positions_2023_2024.xlsx",661281,,,"https://zenodo.org/api/records/19819420/files/Functional%20pattern%20Dreherstra%C3%9Fe%20Vienna_Sensor%20Positions_2023_2024.xlsx/content",18,TRUE,"plant* trait*","Edible Balcony Gardens for Retrofit - Vertical Garden Systems for Cities - Raw Data","Spörl, Philipp; Brandl, Martin; Posnicek, Thomas; Pitha, Ulrike","Vertical Greening System; green balcony; retrofit of buildings; building greenery","Initial Situation, Challenges, and Motivation In social&nbsp; housing , there are often deficits in terms of private outdoor space and opportunities for active greening and self-sufficiency . Existing buildings typically provide only limited exterior spaces and contribute little to improving the microclimate or local food production . Given the growing importance of sustainable resource use , climate adaptation , and social quality of life , there is a need for innovative concepts that can be retroactively implemented in existing buildings to generate ecological and social benefits . The objective is to create multifunctional , cost-effective , and sustainable outdoor spaces th ose directly engage residents and have ecological impact. &nbsp; Objectives and Innovation &nbsp; The project investigated the retroactive creation of apartment-related outdoor space with opportunities for self-gardening in social housing, considering sustainable rainwater irrigation. At a building requiring renovation, balconies were equipped with vertical planting systems for vegetables, fruits, and herbs. These outdoor spaces simultaneously serve as retreat and recreational areas, microclimate-enhancing building components, and productive horticultural infrastructure, enabling year-round, local food production on a limited footprint. &nbsp; Methodology &nbsp; To evaluate vertical green ery and its effects on user experience, productivity, and microclimate, a comprehensive measurement concept was developed for three sites, including two functional prototypes and one demonstration building. The core of data collection was sensor-based monitoring of climate, substrate, and water, capturing air temperature, humidity, thermal transfer, solar radiation, and water balance. Additionally, visually assessable parameters such as plant appearance and measurable parameters such as plant volume and biomass yield were systematically recorded. &nbsp; Results &nbsp; The results indicate that the examined vertical green ing systems have significant potential as multifunctional elements for building green ery and urban food production. Success factors include site-specific planning, appropriate plant selection, optimized planting density, reliable irrigation, and clearly defined objectives (e.g. yield, shading, privacy). For users without prior experience, low-maintenance and perennial plants are recommended. Initial guidance and support during the early phase help ensure proper plant care, irrigation, and harvesting, fostering stable vegetation development. &nbsp; Conclusion and Outlook &nbsp; Vertical greening systems are a promising tool for improving the microclimate, supporting urban food production, and enhancing the ecological and functional quality of buildings. For future applications and research, long-term monitoring is recommended to identify optimization potential in terms of energy efficiency, plant selection, yield, and microclimatic effects. Site-adapted plant selection, module positioning, and planting density are key parameters for successful implementation. The findings demonstrate that, with careful planning and management, vertical greening systems can generate sustainable benefits for residents and the urban microclimate. &nbsp; &nbsp; &nbsp;- GERMAN VERSION -&nbsp; Ausgangssituation , Problematik und Motivation &nbsp; Im sozialen Wohnbau bestehen h&auml;ufig Defizite hinsichtlich wohnungsbezogener Freir&auml;ume sowie M&ouml;glichkeiten zur aktiven Begr&uuml;nung und Selbstversorgung . Bestehende Geb&auml;ude bieten meist nur begrenzte Au&szlig;enr&auml;ume und leisten nur einen geringen Beitrag zur Verbesserung des Mikroklimas oder zur lokalen Lebensmittelproduktion. Angesichts der zunehmenden Relevanz nachhaltiger Ressourcennutzung, Klimaanpassung und sozialer Lebensqualit&auml;t besteht ein Bedarf an innovativen Konzepten, die nachtr&auml;glich in Bestandsgeb&auml;uden implementiert werden k&ouml;nnen, um &ouml;kologische und soziale Mehrwerte zu generieren. Ziel ist es, multifunktionale, kosteneffiziente und nachhaltige Au&szlig;enr&auml;ume zu schaffen, die die Bewohner:innen direkt einbe ziehen und &ouml;kologisch wirksam sind. &nbsp; Ziele und Innovationsgehalt &nbsp; Das Projekt untersuchte die nachtr&auml;gliche Schaffung von wohnungsbezogenem Freiraum mit Selbstg&auml;rtner :innen -M&ouml;glichkeiten im sozialen Wohnbau, unter Ber&uuml;cksichtigung einer nachhaltigen Regenwasserbew&auml;sserung. An einem sanierungsbed&uuml;rftigen Bestandsgeb&auml;ude wurden Balkone mit vertikalen Pflanzsystemen f&uuml;r Gem&uuml;se, Obst und Kr&auml;uter installiert. Die so geschaffenen Au&szlig;enr&auml;ume dienen gleichzeitig als R&uuml;ckzugs- und Erholungsbereiche, mikroklimawirksame Bauteile und produktive g&auml;rtnerische Infrastruktur, wodurch eine ganzj&auml;hrige, lokale Produktion von Lebensmittel n auf begrenzter Fl&auml;che erm&ouml;glicht wird. &nbsp; Methodische Vorgehensweise &nbsp; Zur Evaluation der Vertikalbegr&uuml;nung und ihrer Wirkung auf Aufenthaltsqualit&auml;t, Produktivit&auml;t und Mikroklima wurde ein umfassendes Messkonzept f&uuml;r drei Standorte entwickelt , darunter zwei Funktionsmuster und ein Demonstrationsobjekt. Kern der Datenerhebung war ein sensorgest&uuml;tztes Monitoring von Klima, Substrat und Wasser, einschlie&szlig;lich Lufttemperatur, Luftfeuchtigkeit, W&auml;rmedurchgang, solarer Strahlung und Wasserbilanz. Erg&auml;nzend wurden visuell bestimmbare Parameter an den Pflanzen wie Erscheinungsbild, sowie messbare Parameter wie Pflanzenvolumen und Biomasseertrag systematisch erfasst. &nbsp; Ergebnisse &nbsp; Die Ergebnisse zeigen, dass die untersuchten Vertikalbegr&uuml;nungssysteme ein gro&szlig;es Potenzial als multifunktionale Elemente f&uuml;r Geb&auml;udebegr&uuml;nung und urbane Lebensmittelproduktion besitzen. Erfolgsfaktoren sind standortangepasste Planung, Pflanzenauswahl, abgestimmte Pflanzdichte, zuverl&auml;ssige Bew&auml;sserung und eine klare Definition der Zielsetzungen (z. B. Ertrag, Beschattung, Sichtschutz). F&uuml;r Nutzer:innen ohne Vorerfahrung eignen sich pflegeleichte, ausdauernde Pflanzen. Eine begleitende Betreuung in der Anfangsphase unterst&uuml;tzt die Pflanzenpflege, Bew&auml;sserung und Ernte und f&ouml;rdert eine stabile Vegetationsentwicklung. &nbsp; Schlussfolgerung und Ausblick &nbsp; Vertikalbegr&uuml;nungssysteme stellen ein vielversprechendes Instrument zur Verbesserung des Mikroklimas, zur F&ouml;rderung urbaner Lebensmittelproduktion und zur Steigerung der &ouml;kologischen sowie funktionalen Qualit&auml;t von Geb&auml;uden dar. F&uuml;r zuk&uuml;nftige Anwendungen und Forschungsprojekte ist eine langfristige Beobachtung empfehlenswert, um Optimierungspotenziale in Bezug auf Energieeffizienz, Pflanzenwahl, Ertrag und Mikroklimawirkung zu identifizieren. Standortangepasste Pflanzenauswahl, Modulpositionierung und Pflanzdichte sind zentrale Parameter f&uuml;r eine erfolgreiche Umsetzung. Die Ergebnisse belegen, dass Vertikalbegr&uuml;nungssysteme bei sorgf&auml;ltiger Planung und Betreuung nachhaltige Mehrwerte f&uuml;r Bewohner:innen und st&auml;dtisches Mikroklima generieren k&ouml;nnen. &nbsp; &nbsp;",TRUE,FALSE
"zenodo","zenodo:19819420","zenodo:19819420::Vegetation Raw Data_ functional patterns and demonstration object.xlsx","Vegetation Raw Data_ functional patterns and demonstration object.xlsx",1088668,,,"https://zenodo.org/api/records/19819420/files/Vegetation%20Raw%20Data_%20functional%20patterns%20and%20demonstration%20object.xlsx/content",18,TRUE,"plant* trait*","Edible Balcony Gardens for Retrofit - Vertical Garden Systems for Cities - Raw Data","Spörl, Philipp; Brandl, Martin; Posnicek, Thomas; Pitha, Ulrike","Vertical Greening System; green balcony; retrofit of buildings; building greenery","Initial Situation, Challenges, and Motivation In social&nbsp; housing , there are often deficits in terms of private outdoor space and opportunities for active greening and self-sufficiency . Existing buildings typically provide only limited exterior spaces and contribute little to improving the microclimate or local food production . Given the growing importance of sustainable resource use , climate adaptation , and social quality of life , there is a need for innovative concepts that can be retroactively implemented in existing buildings to generate ecological and social benefits . The objective is to create multifunctional , cost-effective , and sustainable outdoor spaces th ose directly engage residents and have ecological impact. &nbsp; Objectives and Innovation &nbsp; The project investigated the retroactive creation of apartment-related outdoor space with opportunities for self-gardening in social housing, considering sustainable rainwater irrigation. At a building requiring renovation, balconies were equipped with vertical planting systems for vegetables, fruits, and herbs. These outdoor spaces simultaneously serve as retreat and recreational areas, microclimate-enhancing building components, and productive horticultural infrastructure, enabling year-round, local food production on a limited footprint. &nbsp; Methodology &nbsp; To evaluate vertical green ery and its effects on user experience, productivity, and microclimate, a comprehensive measurement concept was developed for three sites, including two functional prototypes and one demonstration building. The core of data collection was sensor-based monitoring of climate, substrate, and water, capturing air temperature, humidity, thermal transfer, solar radiation, and water balance. Additionally, visually assessable parameters such as plant appearance and measurable parameters such as plant volume and biomass yield were systematically recorded. &nbsp; Results &nbsp; The results indicate that the examined vertical green ing systems have significant potential as multifunctional elements for building green ery and urban food production. Success factors include site-specific planning, appropriate plant selection, optimized planting density, reliable irrigation, and clearly defined objectives (e.g. yield, shading, privacy). For users without prior experience, low-maintenance and perennial plants are recommended. Initial guidance and support during the early phase help ensure proper plant care, irrigation, and harvesting, fostering stable vegetation development. &nbsp; Conclusion and Outlook &nbsp; Vertical greening systems are a promising tool for improving the microclimate, supporting urban food production, and enhancing the ecological and functional quality of buildings. For future applications and research, long-term monitoring is recommended to identify optimization potential in terms of energy efficiency, plant selection, yield, and microclimatic effects. Site-adapted plant selection, module positioning, and planting density are key parameters for successful implementation. The findings demonstrate that, with careful planning and management, vertical greening systems can generate sustainable benefits for residents and the urban microclimate. &nbsp; &nbsp; &nbsp;- GERMAN VERSION -&nbsp; Ausgangssituation , Problematik und Motivation &nbsp; Im sozialen Wohnbau bestehen h&auml;ufig Defizite hinsichtlich wohnungsbezogener Freir&auml;ume sowie M&ouml;glichkeiten zur aktiven Begr&uuml;nung und Selbstversorgung . Bestehende Geb&auml;ude bieten meist nur begrenzte Au&szlig;enr&auml;ume und leisten nur einen geringen Beitrag zur Verbesserung des Mikroklimas oder zur lokalen Lebensmittelproduktion. Angesichts der zunehmenden Relevanz nachhaltiger Ressourcennutzung, Klimaanpassung und sozialer Lebensqualit&auml;t besteht ein Bedarf an innovativen Konzepten, die nachtr&auml;glich in Bestandsgeb&auml;uden implementiert werden k&ouml;nnen, um &ouml;kologische und soziale Mehrwerte zu generieren. Ziel ist es, multifunktionale, kosteneffiziente und nachhaltige Au&szlig;enr&auml;ume zu schaffen, die die Bewohner:innen direkt einbe ziehen und &ouml;kologisch wirksam sind. &nbsp; Ziele und Innovationsgehalt &nbsp; Das Projekt untersuchte die nachtr&auml;gliche Schaffung von wohnungsbezogenem Freiraum mit Selbstg&auml;rtner :innen -M&ouml;glichkeiten im sozialen Wohnbau, unter Ber&uuml;cksichtigung einer nachhaltigen Regenwasserbew&auml;sserung. An einem sanierungsbed&uuml;rftigen Bestandsgeb&auml;ude wurden Balkone mit vertikalen Pflanzsystemen f&uuml;r Gem&uuml;se, Obst und Kr&auml;uter installiert. Die so geschaffenen Au&szlig;enr&auml;ume dienen gleichzeitig als R&uuml;ckzugs- und Erholungsbereiche, mikroklimawirksame Bauteile und produktive g&auml;rtnerische Infrastruktur, wodurch eine ganzj&auml;hrige, lokale Produktion von Lebensmittel n auf begrenzter Fl&auml;che erm&ouml;glicht wird. &nbsp; Methodische Vorgehensweise &nbsp; Zur Evaluation der Vertikalbegr&uuml;nung und ihrer Wirkung auf Aufenthaltsqualit&auml;t, Produktivit&auml;t und Mikroklima wurde ein umfassendes Messkonzept f&uuml;r drei Standorte entwickelt , darunter zwei Funktionsmuster und ein Demonstrationsobjekt. Kern der Datenerhebung war ein sensorgest&uuml;tztes Monitoring von Klima, Substrat und Wasser, einschlie&szlig;lich Lufttemperatur, Luftfeuchtigkeit, W&auml;rmedurchgang, solarer Strahlung und Wasserbilanz. Erg&auml;nzend wurden visuell bestimmbare Parameter an den Pflanzen wie Erscheinungsbild, sowie messbare Parameter wie Pflanzenvolumen und Biomasseertrag systematisch erfasst. &nbsp; Ergebnisse &nbsp; Die Ergebnisse zeigen, dass die untersuchten Vertikalbegr&uuml;nungssysteme ein gro&szlig;es Potenzial als multifunktionale Elemente f&uuml;r Geb&auml;udebegr&uuml;nung und urbane Lebensmittelproduktion besitzen. Erfolgsfaktoren sind standortangepasste Planung, Pflanzenauswahl, abgestimmte Pflanzdichte, zuverl&auml;ssige Bew&auml;sserung und eine klare Definition der Zielsetzungen (z. B. Ertrag, Beschattung, Sichtschutz). F&uuml;r Nutzer:innen ohne Vorerfahrung eignen sich pflegeleichte, ausdauernde Pflanzen. Eine begleitende Betreuung in der Anfangsphase unterst&uuml;tzt die Pflanzenpflege, Bew&auml;sserung und Ernte und f&ouml;rdert eine stabile Vegetationsentwicklung. &nbsp; Schlussfolgerung und Ausblick &nbsp; Vertikalbegr&uuml;nungssysteme stellen ein vielversprechendes Instrument zur Verbesserung des Mikroklimas, zur F&ouml;rderung urbaner Lebensmittelproduktion und zur Steigerung der &ouml;kologischen sowie funktionalen Qualit&auml;t von Geb&auml;uden dar. F&uuml;r zuk&uuml;nftige Anwendungen und Forschungsprojekte ist eine langfristige Beobachtung empfehlenswert, um Optimierungspotenziale in Bezug auf Energieeffizienz, Pflanzenwahl, Ertrag und Mikroklimawirkung zu identifizieren. Standortangepasste Pflanzenauswahl, Modulpositionierung und Pflanzdichte sind zentrale Parameter f&uuml;r eine erfolgreiche Umsetzung. Die Ergebnisse belegen, dass Vertikalbegr&uuml;nungssysteme bei sorgf&auml;ltiger Planung und Betreuung nachhaltige Mehrwerte f&uuml;r Bewohner:innen und st&auml;dtisches Mikroklima generieren k&ouml;nnen. &nbsp; &nbsp;",TRUE,FALSE
"zenodo","zenodo:19819420","zenodo:19819420::Functional pattern Vitis_Sensor Positions_2024.xlsx","Functional pattern Vitis_Sensor Positions_2024.xlsx",783846,,,"https://zenodo.org/api/records/19819420/files/Functional%20pattern%20Vitis_Sensor%20Positions_2024.xlsx/content",18,TRUE,"plant* trait*","Edible Balcony Gardens for Retrofit - Vertical Garden Systems for Cities - Raw Data","Spörl, Philipp; Brandl, Martin; Posnicek, Thomas; Pitha, Ulrike","Vertical Greening System; green balcony; retrofit of buildings; building greenery","Initial Situation, Challenges, and Motivation In social&nbsp; housing , there are often deficits in terms of private outdoor space and opportunities for active greening and self-sufficiency . Existing buildings typically provide only limited exterior spaces and contribute little to improving the microclimate or local food production . Given the growing importance of sustainable resource use , climate adaptation , and social quality of life , there is a need for innovative concepts that can be retroactively implemented in existing buildings to generate ecological and social benefits . The objective is to create multifunctional , cost-effective , and sustainable outdoor spaces th ose directly engage residents and have ecological impact. &nbsp; Objectives and Innovation &nbsp; The project investigated the retroactive creation of apartment-related outdoor space with opportunities for self-gardening in social housing, considering sustainable rainwater irrigation. At a building requiring renovation, balconies were equipped with vertical planting systems for vegetables, fruits, and herbs. These outdoor spaces simultaneously serve as retreat and recreational areas, microclimate-enhancing building components, and productive horticultural infrastructure, enabling year-round, local food production on a limited footprint. &nbsp; Methodology &nbsp; To evaluate vertical green ery and its effects on user experience, productivity, and microclimate, a comprehensive measurement concept was developed for three sites, including two functional prototypes and one demonstration building. The core of data collection was sensor-based monitoring of climate, substrate, and water, capturing air temperature, humidity, thermal transfer, solar radiation, and water balance. Additionally, visually assessable parameters such as plant appearance and measurable parameters such as plant volume and biomass yield were systematically recorded. &nbsp; Results &nbsp; The results indicate that the examined vertical green ing systems have significant potential as multifunctional elements for building green ery and urban food production. Success factors include site-specific planning, appropriate plant selection, optimized planting density, reliable irrigation, and clearly defined objectives (e.g. yield, shading, privacy). For users without prior experience, low-maintenance and perennial plants are recommended. Initial guidance and support during the early phase help ensure proper plant care, irrigation, and harvesting, fostering stable vegetation development. &nbsp; Conclusion and Outlook &nbsp; Vertical greening systems are a promising tool for improving the microclimate, supporting urban food production, and enhancing the ecological and functional quality of buildings. For future applications and research, long-term monitoring is recommended to identify optimization potential in terms of energy efficiency, plant selection, yield, and microclimatic effects. Site-adapted plant selection, module positioning, and planting density are key parameters for successful implementation. The findings demonstrate that, with careful planning and management, vertical greening systems can generate sustainable benefits for residents and the urban microclimate. &nbsp; &nbsp; &nbsp;- GERMAN VERSION -&nbsp; Ausgangssituation , Problematik und Motivation &nbsp; Im sozialen Wohnbau bestehen h&auml;ufig Defizite hinsichtlich wohnungsbezogener Freir&auml;ume sowie M&ouml;glichkeiten zur aktiven Begr&uuml;nung und Selbstversorgung . Bestehende Geb&auml;ude bieten meist nur begrenzte Au&szlig;enr&auml;ume und leisten nur einen geringen Beitrag zur Verbesserung des Mikroklimas oder zur lokalen Lebensmittelproduktion. Angesichts der zunehmenden Relevanz nachhaltiger Ressourcennutzung, Klimaanpassung und sozialer Lebensqualit&auml;t besteht ein Bedarf an innovativen Konzepten, die nachtr&auml;glich in Bestandsgeb&auml;uden implementiert werden k&ouml;nnen, um &ouml;kologische und soziale Mehrwerte zu generieren. Ziel ist es, multifunktionale, kosteneffiziente und nachhaltige Au&szlig;enr&auml;ume zu schaffen, die die Bewohner:innen direkt einbe ziehen und &ouml;kologisch wirksam sind. &nbsp; Ziele und Innovationsgehalt &nbsp; Das Projekt untersuchte die nachtr&auml;gliche Schaffung von wohnungsbezogenem Freiraum mit Selbstg&auml;rtner :innen -M&ouml;glichkeiten im sozialen Wohnbau, unter Ber&uuml;cksichtigung einer nachhaltigen Regenwasserbew&auml;sserung. An einem sanierungsbed&uuml;rftigen Bestandsgeb&auml;ude wurden Balkone mit vertikalen Pflanzsystemen f&uuml;r Gem&uuml;se, Obst und Kr&auml;uter installiert. Die so geschaffenen Au&szlig;enr&auml;ume dienen gleichzeitig als R&uuml;ckzugs- und Erholungsbereiche, mikroklimawirksame Bauteile und produktive g&auml;rtnerische Infrastruktur, wodurch eine ganzj&auml;hrige, lokale Produktion von Lebensmittel n auf begrenzter Fl&auml;che erm&ouml;glicht wird. &nbsp; Methodische Vorgehensweise &nbsp; Zur Evaluation der Vertikalbegr&uuml;nung und ihrer Wirkung auf Aufenthaltsqualit&auml;t, Produktivit&auml;t und Mikroklima wurde ein umfassendes Messkonzept f&uuml;r drei Standorte entwickelt , darunter zwei Funktionsmuster und ein Demonstrationsobjekt. Kern der Datenerhebung war ein sensorgest&uuml;tztes Monitoring von Klima, Substrat und Wasser, einschlie&szlig;lich Lufttemperatur, Luftfeuchtigkeit, W&auml;rmedurchgang, solarer Strahlung und Wasserbilanz. Erg&auml;nzend wurden visuell bestimmbare Parameter an den Pflanzen wie Erscheinungsbild, sowie messbare Parameter wie Pflanzenvolumen und Biomasseertrag systematisch erfasst. &nbsp; Ergebnisse &nbsp; Die Ergebnisse zeigen, dass die untersuchten Vertikalbegr&uuml;nungssysteme ein gro&szlig;es Potenzial als multifunktionale Elemente f&uuml;r Geb&auml;udebegr&uuml;nung und urbane Lebensmittelproduktion besitzen. Erfolgsfaktoren sind standortangepasste Planung, Pflanzenauswahl, abgestimmte Pflanzdichte, zuverl&auml;ssige Bew&auml;sserung und eine klare Definition der Zielsetzungen (z. B. Ertrag, Beschattung, Sichtschutz). F&uuml;r Nutzer:innen ohne Vorerfahrung eignen sich pflegeleichte, ausdauernde Pflanzen. Eine begleitende Betreuung in der Anfangsphase unterst&uuml;tzt die Pflanzenpflege, Bew&auml;sserung und Ernte und f&ouml;rdert eine stabile Vegetationsentwicklung. &nbsp; Schlussfolgerung und Ausblick &nbsp; Vertikalbegr&uuml;nungssysteme stellen ein vielversprechendes Instrument zur Verbesserung des Mikroklimas, zur F&ouml;rderung urbaner Lebensmittelproduktion und zur Steigerung der &ouml;kologischen sowie funktionalen Qualit&auml;t von Geb&auml;uden dar. F&uuml;r zuk&uuml;nftige Anwendungen und Forschungsprojekte ist eine langfristige Beobachtung empfehlenswert, um Optimierungspotenziale in Bezug auf Energieeffizienz, Pflanzenwahl, Ertrag und Mikroklimawirkung zu identifizieren. Standortangepasste Pflanzenauswahl, Modulpositionierung und Pflanzdichte sind zentrale Parameter f&uuml;r eine erfolgreiche Umsetzung. Die Ergebnisse belegen, dass Vertikalbegr&uuml;nungssysteme bei sorgf&auml;ltiger Planung und Betreuung nachhaltige Mehrwerte f&uuml;r Bewohner:innen und st&auml;dtisches Mikroklima generieren k&ouml;nnen. &nbsp; &nbsp;",TRUE,FALSE
"zenodo","zenodo:19819420","zenodo:19819420::Functional pattern Vitis_Raw Data_indoor_2024.csv","Functional pattern Vitis_Raw Data_indoor_2024.csv",4798763,,,"https://zenodo.org/api/records/19819420/files/Functional%20pattern%20Vitis_Raw%20Data_indoor_2024.csv/content",18,TRUE,"plant* trait*","Edible Balcony Gardens for Retrofit - Vertical Garden Systems for Cities - Raw Data","Spörl, Philipp; Brandl, Martin; Posnicek, Thomas; Pitha, Ulrike","Vertical Greening System; green balcony; retrofit of buildings; building greenery","Initial Situation, Challenges, and Motivation In social&nbsp; housing , there are often deficits in terms of private outdoor space and opportunities for active greening and self-sufficiency . Existing buildings typically provide only limited exterior spaces and contribute little to improving the microclimate or local food production . Given the growing importance of sustainable resource use , climate adaptation , and social quality of life , there is a need for innovative concepts that can be retroactively implemented in existing buildings to generate ecological and social benefits . The objective is to create multifunctional , cost-effective , and sustainable outdoor spaces th ose directly engage residents and have ecological impact. &nbsp; Objectives and Innovation &nbsp; The project investigated the retroactive creation of apartment-related outdoor space with opportunities for self-gardening in social housing, considering sustainable rainwater irrigation. At a building requiring renovation, balconies were equipped with vertical planting systems for vegetables, fruits, and herbs. These outdoor spaces simultaneously serve as retreat and recreational areas, microclimate-enhancing building components, and productive horticultural infrastructure, enabling year-round, local food production on a limited footprint. &nbsp; Methodology &nbsp; To evaluate vertical green ery and its effects on user experience, productivity, and microclimate, a comprehensive measurement concept was developed for three sites, including two functional prototypes and one demonstration building. The core of data collection was sensor-based monitoring of climate, substrate, and water, capturing air temperature, humidity, thermal transfer, solar radiation, and water balance. Additionally, visually assessable parameters such as plant appearance and measurable parameters such as plant volume and biomass yield were systematically recorded. &nbsp; Results &nbsp; The results indicate that the examined vertical green ing systems have significant potential as multifunctional elements for building green ery and urban food production. Success factors include site-specific planning, appropriate plant selection, optimized planting density, reliable irrigation, and clearly defined objectives (e.g. yield, shading, privacy). For users without prior experience, low-maintenance and perennial plants are recommended. Initial guidance and support during the early phase help ensure proper plant care, irrigation, and harvesting, fostering stable vegetation development. &nbsp; Conclusion and Outlook &nbsp; Vertical greening systems are a promising tool for improving the microclimate, supporting urban food production, and enhancing the ecological and functional quality of buildings. For future applications and research, long-term monitoring is recommended to identify optimization potential in terms of energy efficiency, plant selection, yield, and microclimatic effects. Site-adapted plant selection, module positioning, and planting density are key parameters for successful implementation. The findings demonstrate that, with careful planning and management, vertical greening systems can generate sustainable benefits for residents and the urban microclimate. &nbsp; &nbsp; &nbsp;- GERMAN VERSION -&nbsp; Ausgangssituation , Problematik und Motivation &nbsp; Im sozialen Wohnbau bestehen h&auml;ufig Defizite hinsichtlich wohnungsbezogener Freir&auml;ume sowie M&ouml;glichkeiten zur aktiven Begr&uuml;nung und Selbstversorgung . Bestehende Geb&auml;ude bieten meist nur begrenzte Au&szlig;enr&auml;ume und leisten nur einen geringen Beitrag zur Verbesserung des Mikroklimas oder zur lokalen Lebensmittelproduktion. Angesichts der zunehmenden Relevanz nachhaltiger Ressourcennutzung, Klimaanpassung und sozialer Lebensqualit&auml;t besteht ein Bedarf an innovativen Konzepten, die nachtr&auml;glich in Bestandsgeb&auml;uden implementiert werden k&ouml;nnen, um &ouml;kologische und soziale Mehrwerte zu generieren. Ziel ist es, multifunktionale, kosteneffiziente und nachhaltige Au&szlig;enr&auml;ume zu schaffen, die die Bewohner:innen direkt einbe ziehen und &ouml;kologisch wirksam sind. &nbsp; Ziele und Innovationsgehalt &nbsp; Das Projekt untersuchte die nachtr&auml;gliche Schaffung von wohnungsbezogenem Freiraum mit Selbstg&auml;rtner :innen -M&ouml;glichkeiten im sozialen Wohnbau, unter Ber&uuml;cksichtigung einer nachhaltigen Regenwasserbew&auml;sserung. An einem sanierungsbed&uuml;rftigen Bestandsgeb&auml;ude wurden Balkone mit vertikalen Pflanzsystemen f&uuml;r Gem&uuml;se, Obst und Kr&auml;uter installiert. Die so geschaffenen Au&szlig;enr&auml;ume dienen gleichzeitig als R&uuml;ckzugs- und Erholungsbereiche, mikroklimawirksame Bauteile und produktive g&auml;rtnerische Infrastruktur, wodurch eine ganzj&auml;hrige, lokale Produktion von Lebensmittel n auf begrenzter Fl&auml;che erm&ouml;glicht wird. &nbsp; Methodische Vorgehensweise &nbsp; Zur Evaluation der Vertikalbegr&uuml;nung und ihrer Wirkung auf Aufenthaltsqualit&auml;t, Produktivit&auml;t und Mikroklima wurde ein umfassendes Messkonzept f&uuml;r drei Standorte entwickelt , darunter zwei Funktionsmuster und ein Demonstrationsobjekt. Kern der Datenerhebung war ein sensorgest&uuml;tztes Monitoring von Klima, Substrat und Wasser, einschlie&szlig;lich Lufttemperatur, Luftfeuchtigkeit, W&auml;rmedurchgang, solarer Strahlung und Wasserbilanz. Erg&auml;nzend wurden visuell bestimmbare Parameter an den Pflanzen wie Erscheinungsbild, sowie messbare Parameter wie Pflanzenvolumen und Biomasseertrag systematisch erfasst. &nbsp; Ergebnisse &nbsp; Die Ergebnisse zeigen, dass die untersuchten Vertikalbegr&uuml;nungssysteme ein gro&szlig;es Potenzial als multifunktionale Elemente f&uuml;r Geb&auml;udebegr&uuml;nung und urbane Lebensmittelproduktion besitzen. Erfolgsfaktoren sind standortangepasste Planung, Pflanzenauswahl, abgestimmte Pflanzdichte, zuverl&auml;ssige Bew&auml;sserung und eine klare Definition der Zielsetzungen (z. B. Ertrag, Beschattung, Sichtschutz). F&uuml;r Nutzer:innen ohne Vorerfahrung eignen sich pflegeleichte, ausdauernde Pflanzen. Eine begleitende Betreuung in der Anfangsphase unterst&uuml;tzt die Pflanzenpflege, Bew&auml;sserung und Ernte und f&ouml;rdert eine stabile Vegetationsentwicklung. &nbsp; Schlussfolgerung und Ausblick &nbsp; Vertikalbegr&uuml;nungssysteme stellen ein vielversprechendes Instrument zur Verbesserung des Mikroklimas, zur F&ouml;rderung urbaner Lebensmittelproduktion und zur Steigerung der &ouml;kologischen sowie funktionalen Qualit&auml;t von Geb&auml;uden dar. F&uuml;r zuk&uuml;nftige Anwendungen und Forschungsprojekte ist eine langfristige Beobachtung empfehlenswert, um Optimierungspotenziale in Bezug auf Energieeffizienz, Pflanzenwahl, Ertrag und Mikroklimawirkung zu identifizieren. Standortangepasste Pflanzenauswahl, Modulpositionierung und Pflanzdichte sind zentrale Parameter f&uuml;r eine erfolgreiche Umsetzung. Die Ergebnisse belegen, dass Vertikalbegr&uuml;nungssysteme bei sorgf&auml;ltiger Planung und Betreuung nachhaltige Mehrwerte f&uuml;r Bewohner:innen und st&auml;dtisches Mikroklima generieren k&ouml;nnen. &nbsp; &nbsp;",TRUE,FALSE
"zenodo","zenodo:19819420","zenodo:19819420::Demonstration object Karmarschgasse, Vienna_Raw Data Roof Top_2025.csv","Demonstration object Karmarschgasse, Vienna_Raw Data Roof Top_2025.csv",3148741,,,"https://zenodo.org/api/records/19819420/files/Demonstration%20object%20Karmarschgasse,%20Vienna_Raw%20Data%20Roof%20Top_2025.csv/content",18,TRUE,"plant* trait*","Edible Balcony Gardens for Retrofit - Vertical Garden Systems for Cities - Raw Data","Spörl, Philipp; Brandl, Martin; Posnicek, Thomas; Pitha, Ulrike","Vertical Greening System; green balcony; retrofit of buildings; building greenery","Initial Situation, Challenges, and Motivation In social&nbsp; housing , there are often deficits in terms of private outdoor space and opportunities for active greening and self-sufficiency . Existing buildings typically provide only limited exterior spaces and contribute little to improving the microclimate or local food production . Given the growing importance of sustainable resource use , climate adaptation , and social quality of life , there is a need for innovative concepts that can be retroactively implemented in existing buildings to generate ecological and social benefits . The objective is to create multifunctional , cost-effective , and sustainable outdoor spaces th ose directly engage residents and have ecological impact. &nbsp; Objectives and Innovation &nbsp; The project investigated the retroactive creation of apartment-related outdoor space with opportunities for self-gardening in social housing, considering sustainable rainwater irrigation. At a building requiring renovation, balconies were equipped with vertical planting systems for vegetables, fruits, and herbs. These outdoor spaces simultaneously serve as retreat and recreational areas, microclimate-enhancing building components, and productive horticultural infrastructure, enabling year-round, local food production on a limited footprint. &nbsp; Methodology &nbsp; To evaluate vertical green ery and its effects on user experience, productivity, and microclimate, a comprehensive measurement concept was developed for three sites, including two functional prototypes and one demonstration building. The core of data collection was sensor-based monitoring of climate, substrate, and water, capturing air temperature, humidity, thermal transfer, solar radiation, and water balance. Additionally, visually assessable parameters such as plant appearance and measurable parameters such as plant volume and biomass yield were systematically recorded. &nbsp; Results &nbsp; The results indicate that the examined vertical green ing systems have significant potential as multifunctional elements for building green ery and urban food production. Success factors include site-specific planning, appropriate plant selection, optimized planting density, reliable irrigation, and clearly defined objectives (e.g. yield, shading, privacy). For users without prior experience, low-maintenance and perennial plants are recommended. Initial guidance and support during the early phase help ensure proper plant care, irrigation, and harvesting, fostering stable vegetation development. &nbsp; Conclusion and Outlook &nbsp; Vertical greening systems are a promising tool for improving the microclimate, supporting urban food production, and enhancing the ecological and functional quality of buildings. For future applications and research, long-term monitoring is recommended to identify optimization potential in terms of energy efficiency, plant selection, yield, and microclimatic effects. Site-adapted plant selection, module positioning, and planting density are key parameters for successful implementation. The findings demonstrate that, with careful planning and management, vertical greening systems can generate sustainable benefits for residents and the urban microclimate. &nbsp; &nbsp; &nbsp;- GERMAN VERSION -&nbsp; Ausgangssituation , Problematik und Motivation &nbsp; Im sozialen Wohnbau bestehen h&auml;ufig Defizite hinsichtlich wohnungsbezogener Freir&auml;ume sowie M&ouml;glichkeiten zur aktiven Begr&uuml;nung und Selbstversorgung . Bestehende Geb&auml;ude bieten meist nur begrenzte Au&szlig;enr&auml;ume und leisten nur einen geringen Beitrag zur Verbesserung des Mikroklimas oder zur lokalen Lebensmittelproduktion. Angesichts der zunehmenden Relevanz nachhaltiger Ressourcennutzung, Klimaanpassung und sozialer Lebensqualit&auml;t besteht ein Bedarf an innovativen Konzepten, die nachtr&auml;glich in Bestandsgeb&auml;uden implementiert werden k&ouml;nnen, um &ouml;kologische und soziale Mehrwerte zu generieren. Ziel ist es, multifunktionale, kosteneffiziente und nachhaltige Au&szlig;enr&auml;ume zu schaffen, die die Bewohner:innen direkt einbe ziehen und &ouml;kologisch wirksam sind. &nbsp; Ziele und Innovationsgehalt &nbsp; Das Projekt untersuchte die nachtr&auml;gliche Schaffung von wohnungsbezogenem Freiraum mit Selbstg&auml;rtner :innen -M&ouml;glichkeiten im sozialen Wohnbau, unter Ber&uuml;cksichtigung einer nachhaltigen Regenwasserbew&auml;sserung. An einem sanierungsbed&uuml;rftigen Bestandsgeb&auml;ude wurden Balkone mit vertikalen Pflanzsystemen f&uuml;r Gem&uuml;se, Obst und Kr&auml;uter installiert. Die so geschaffenen Au&szlig;enr&auml;ume dienen gleichzeitig als R&uuml;ckzugs- und Erholungsbereiche, mikroklimawirksame Bauteile und produktive g&auml;rtnerische Infrastruktur, wodurch eine ganzj&auml;hrige, lokale Produktion von Lebensmittel n auf begrenzter Fl&auml;che erm&ouml;glicht wird. &nbsp; Methodische Vorgehensweise &nbsp; Zur Evaluation der Vertikalbegr&uuml;nung und ihrer Wirkung auf Aufenthaltsqualit&auml;t, Produktivit&auml;t und Mikroklima wurde ein umfassendes Messkonzept f&uuml;r drei Standorte entwickelt , darunter zwei Funktionsmuster und ein Demonstrationsobjekt. Kern der Datenerhebung war ein sensorgest&uuml;tztes Monitoring von Klima, Substrat und Wasser, einschlie&szlig;lich Lufttemperatur, Luftfeuchtigkeit, W&auml;rmedurchgang, solarer Strahlung und Wasserbilanz. Erg&auml;nzend wurden visuell bestimmbare Parameter an den Pflanzen wie Erscheinungsbild, sowie messbare Parameter wie Pflanzenvolumen und Biomasseertrag systematisch erfasst. &nbsp; Ergebnisse &nbsp; Die Ergebnisse zeigen, dass die untersuchten Vertikalbegr&uuml;nungssysteme ein gro&szlig;es Potenzial als multifunktionale Elemente f&uuml;r Geb&auml;udebegr&uuml;nung und urbane Lebensmittelproduktion besitzen. Erfolgsfaktoren sind standortangepasste Planung, Pflanzenauswahl, abgestimmte Pflanzdichte, zuverl&auml;ssige Bew&auml;sserung und eine klare Definition der Zielsetzungen (z. B. Ertrag, Beschattung, Sichtschutz). F&uuml;r Nutzer:innen ohne Vorerfahrung eignen sich pflegeleichte, ausdauernde Pflanzen. Eine begleitende Betreuung in der Anfangsphase unterst&uuml;tzt die Pflanzenpflege, Bew&auml;sserung und Ernte und f&ouml;rdert eine stabile Vegetationsentwicklung. &nbsp; Schlussfolgerung und Ausblick &nbsp; Vertikalbegr&uuml;nungssysteme stellen ein vielversprechendes Instrument zur Verbesserung des Mikroklimas, zur F&ouml;rderung urbaner Lebensmittelproduktion und zur Steigerung der &ouml;kologischen sowie funktionalen Qualit&auml;t von Geb&auml;uden dar. F&uuml;r zuk&uuml;nftige Anwendungen und Forschungsprojekte ist eine langfristige Beobachtung empfehlenswert, um Optimierungspotenziale in Bezug auf Energieeffizienz, Pflanzenwahl, Ertrag und Mikroklimawirkung zu identifizieren. Standortangepasste Pflanzenauswahl, Modulpositionierung und Pflanzdichte sind zentrale Parameter f&uuml;r eine erfolgreiche Umsetzung. Die Ergebnisse belegen, dass Vertikalbegr&uuml;nungssysteme bei sorgf&auml;ltiger Planung und Betreuung nachhaltige Mehrwerte f&uuml;r Bewohner:innen und st&auml;dtisches Mikroklima generieren k&ouml;nnen. &nbsp; &nbsp;",TRUE,FALSE
"zenodo","zenodo:19472633","zenodo:19472633::Ferreira&al2026_Ecosystems_Data.xlsx","Ferreira&al2026_Ecosystems_Data.xlsx",65780,,,"https://zenodo.org/api/records/19472633/files/Ferreira&al2026_Ecosystems_Data.xlsx/content",17,TRUE,"plant* trait*","Data: Alder presence in plantations affects the characteristics of the leaf litter of non-nitrogen-fixing tree species and its subsequent decomposition by stream microbes","Ferreira, Verónica; Barreto, Guilherme; Smith, Andrew","alder decline; aquatic hyphomycetes; biological invasion; forest change; microbial colonization; nitrogen-fixing species; stream functioning; terrestrial-aquatic linkage; litter decomposition; litter mixing effects; monocultures; mixed plantations","Data supporting the findings reported in the paper Ferreira V., Barreto G. &amp; Smith A. R. 2026. Alder presence in plantations affects the characteristics of leaf litter of non-nitrogen-fixing tree species and its subsequent decomposition by stream microbes.&nbsp; Ecosystems, https://doi.org/10.1007/s10021-026-01066-y",TRUE,FALSE
"zenodo","zenodo:19702501","zenodo:19702501::terminology.tar.gz","terminology.tar.gz",11935017,,,"https://zenodo.org/api/records/19702501/files/terminology.tar.gz/content",14,TRUE,"""plant height"" trait","RiceMind Dataset","Liu, Yawen","Oryza sativa","Abstract This repository contains the core datasets supporting the RiceMind platform, a comprehensive, structurally standardized, and fine-grained knowledge dataset for rice ( Oryza sativa ). To address the explosive growth of rice-related scientific literature, we employed automated, large-scale Natural Language Processing (NLP) strategies to mine experimentally validated associations from full-text articles (PubMed/PMC). This dataset not only provides extensive text-mined evidence for Gene-Trait Associations (GTAs), Gene-Variant Associations (GVAs), and Trait-Variant Associations (TVAs), but also seamlessly integrates these findings with multi-dimensional omics data and standardized ontologies. It serves as a robust resource for researchers in plant genomics, molecular breeding, and bioinformatics. Data Standardization &amp; Identifier Mapping To ensure the highest level of structural consistency and cross-database interoperability, rigorous standardization pipelines were applied: Phenotypic Trait Standardization: All extracted trait descriptions have been systematically mapped and unified to recognized semantic ontologies, including the Gene Ontology (GO) , Plant Trait Ontology (TO) , Plant Ontology (PO) , and the Rice Trait Ontology (RTO) . The dataset centers around Oryza sativa . Gene Nomenclature Standardization: Gene entities sourced from external databases including Oryzabase , RAP-DB , Ensembl Plants , and Planteome were standardized to the unified RAP ID system. For instance, genes from Oryzabase were anchored via their annotated RAP IDs, and data from Planteome were mapped using a ""Protein-Gene-RAP ID"" trajectory to ensure absolute nomenclature consistency across the repository. Data Records Overview The repository includes the following files: 1. Text Corpus &amp; Evidence Data keyword_filtered_rice_sentences.jsonl : Raw, keyword-filtered sentence segments extracted from full-text scientific literature. This serves as the foundational text corpus for downstream NLP processing. rice_context_sentences_compressed.tsv : Compressed contextual sentences providing the exact narrative evidence and semantic context from which the associations were mined. 2. NLP-Extracted Association Databases NLP_Rice_GTA_Database.tsv : The core text-mined Gene-Trait Association (GTA) dataset. It contains fine-grained, explicitly described relationships between rice genes and phenotypic traits extracted via automated NLP pipelines. NLP_Rice_GVA_TVA_Database.tsv : A supplementary association database capturing Gene-Variant Associations (GVAs) and Trait-Variant Associations (TVAs), mapping the genetic variations to specific traits and gene loci. NLP_Rice_GTA_Trend.tsv : Statistical and temporal trend data of the mined GTAs, reflecting the historical accumulation and rapid growth of specific rice breeding knowledge over time. 3. Integration &amp; Standardization Masters Unified_Gene_Master.json : A comprehensive and standardized gene dictionary/ontology file. It resolves synonym conflicts and provides unified nomenclature for rice genes used across the entire dataset. rice_multi_omics.json : High-dimensional multi-omics data structures integrated to support and cross-validate the literature-mined narrative knowledge. Unified_Rice_GTA_Database.tsv : The definitive, ready-to-use master database. This file merges the NLP-extracted GTA dataset with the standardized gene master and multi-omics data layers, providing a fully integrated knowledge graph for downstream analysis. 4. NLP Terminology &amp; Dictionaries terminology.tar.gz : A compressed archive containing a comprehensive collection of highly curated dictionaries ( *_oger_dict.tsv ) used for Named Entity Recognition (NER) and entity normalization in our NLP pipeline. All extracted dictionary files standardize entities into a strict 6-column format: [1] Source , [2] Label , [3] Unique Ontology ID , [4] Name , [5] Normalized Form , and [6] Entity Type . The terminology covers three main categories: Genes: Includes standard genes curated from Oryzabase ( oryzabase_gene_oger_dict.tsv ) and a supplementary gene list constructed via our NLP methods ( supplementary_gene_oger_dict.tsv ). Varieties: Standardized rice varieties and accessions compiled from the 3000 Rice Genomes Project ( variety_oger_dict.tsv ). Traits/Phenotypes: Comprehensive trait dictionaries mapped to established ontology systems, including Gene Ontology (GO, go_oger_dict.tsv ), Trait Ontology (TO, to_oger_dict.tsv ), Rice Trait Ontology (RTO, rto_oger_dict.tsv ), Crop Ontology 320 (CO_320, co_oger_dict.tsv ), and Plant Ontology (PO). Usage Notes Files ending in .tsv are tab-separated values and can be opened with standard data science libraries (e.g., pandas in Python or readr in R). Files ending in .json and .jsonl contain structured hierarchical data suitable for programmatic parsing.",FALSE,TRUE
"zenodo","zenodo:19702501","zenodo:19702501::keyword_filtered_rice_sentences.jsonl.tar.gz","keyword_filtered_rice_sentences.jsonl.tar.gz",93617934,,,"https://zenodo.org/api/records/19702501/files/keyword_filtered_rice_sentences.jsonl.tar.gz/content",14,TRUE,"""plant height"" trait","RiceMind Dataset","Liu, Yawen","Oryza sativa","Abstract This repository contains the core datasets supporting the RiceMind platform, a comprehensive, structurally standardized, and fine-grained knowledge dataset for rice ( Oryza sativa ). To address the explosive growth of rice-related scientific literature, we employed automated, large-scale Natural Language Processing (NLP) strategies to mine experimentally validated associations from full-text articles (PubMed/PMC). This dataset not only provides extensive text-mined evidence for Gene-Trait Associations (GTAs), Gene-Variant Associations (GVAs), and Trait-Variant Associations (TVAs), but also seamlessly integrates these findings with multi-dimensional omics data and standardized ontologies. It serves as a robust resource for researchers in plant genomics, molecular breeding, and bioinformatics. Data Standardization &amp; Identifier Mapping To ensure the highest level of structural consistency and cross-database interoperability, rigorous standardization pipelines were applied: Phenotypic Trait Standardization: All extracted trait descriptions have been systematically mapped and unified to recognized semantic ontologies, including the Gene Ontology (GO) , Plant Trait Ontology (TO) , Plant Ontology (PO) , and the Rice Trait Ontology (RTO) . The dataset centers around Oryza sativa . Gene Nomenclature Standardization: Gene entities sourced from external databases including Oryzabase , RAP-DB , Ensembl Plants , and Planteome were standardized to the unified RAP ID system. For instance, genes from Oryzabase were anchored via their annotated RAP IDs, and data from Planteome were mapped using a ""Protein-Gene-RAP ID"" trajectory to ensure absolute nomenclature consistency across the repository. Data Records Overview The repository includes the following files: 1. Text Corpus &amp; Evidence Data keyword_filtered_rice_sentences.jsonl : Raw, keyword-filtered sentence segments extracted from full-text scientific literature. This serves as the foundational text corpus for downstream NLP processing. rice_context_sentences_compressed.tsv : Compressed contextual sentences providing the exact narrative evidence and semantic context from which the associations were mined. 2. NLP-Extracted Association Databases NLP_Rice_GTA_Database.tsv : The core text-mined Gene-Trait Association (GTA) dataset. It contains fine-grained, explicitly described relationships between rice genes and phenotypic traits extracted via automated NLP pipelines. NLP_Rice_GVA_TVA_Database.tsv : A supplementary association database capturing Gene-Variant Associations (GVAs) and Trait-Variant Associations (TVAs), mapping the genetic variations to specific traits and gene loci. NLP_Rice_GTA_Trend.tsv : Statistical and temporal trend data of the mined GTAs, reflecting the historical accumulation and rapid growth of specific rice breeding knowledge over time. 3. Integration &amp; Standardization Masters Unified_Gene_Master.json : A comprehensive and standardized gene dictionary/ontology file. It resolves synonym conflicts and provides unified nomenclature for rice genes used across the entire dataset. rice_multi_omics.json : High-dimensional multi-omics data structures integrated to support and cross-validate the literature-mined narrative knowledge. Unified_Rice_GTA_Database.tsv : The definitive, ready-to-use master database. This file merges the NLP-extracted GTA dataset with the standardized gene master and multi-omics data layers, providing a fully integrated knowledge graph for downstream analysis. 4. NLP Terminology &amp; Dictionaries terminology.tar.gz : A compressed archive containing a comprehensive collection of highly curated dictionaries ( *_oger_dict.tsv ) used for Named Entity Recognition (NER) and entity normalization in our NLP pipeline. All extracted dictionary files standardize entities into a strict 6-column format: [1] Source , [2] Label , [3] Unique Ontology ID , [4] Name , [5] Normalized Form , and [6] Entity Type . The terminology covers three main categories: Genes: Includes standard genes curated from Oryzabase ( oryzabase_gene_oger_dict.tsv ) and a supplementary gene list constructed via our NLP methods ( supplementary_gene_oger_dict.tsv ). Varieties: Standardized rice varieties and accessions compiled from the 3000 Rice Genomes Project ( variety_oger_dict.tsv ). Traits/Phenotypes: Comprehensive trait dictionaries mapped to established ontology systems, including Gene Ontology (GO, go_oger_dict.tsv ), Trait Ontology (TO, to_oger_dict.tsv ), Rice Trait Ontology (RTO, rto_oger_dict.tsv ), Crop Ontology 320 (CO_320, co_oger_dict.tsv ), and Plant Ontology (PO). Usage Notes Files ending in .tsv are tab-separated values and can be opened with standard data science libraries (e.g., pandas in Python or readr in R). Files ending in .json and .jsonl contain structured hierarchical data suitable for programmatic parsing.",FALSE,TRUE
"zenodo","zenodo:19702501","zenodo:19702501::NLP_Rice_GTA_Database.tsv.tar.gz","NLP_Rice_GTA_Database.tsv.tar.gz",32699076,,,"https://zenodo.org/api/records/19702501/files/NLP_Rice_GTA_Database.tsv.tar.gz/content",14,TRUE,"""plant height"" trait","RiceMind Dataset","Liu, Yawen","Oryza sativa","Abstract This repository contains the core datasets supporting the RiceMind platform, a comprehensive, structurally standardized, and fine-grained knowledge dataset for rice ( Oryza sativa ). To address the explosive growth of rice-related scientific literature, we employed automated, large-scale Natural Language Processing (NLP) strategies to mine experimentally validated associations from full-text articles (PubMed/PMC). This dataset not only provides extensive text-mined evidence for Gene-Trait Associations (GTAs), Gene-Variant Associations (GVAs), and Trait-Variant Associations (TVAs), but also seamlessly integrates these findings with multi-dimensional omics data and standardized ontologies. It serves as a robust resource for researchers in plant genomics, molecular breeding, and bioinformatics. Data Standardization &amp; Identifier Mapping To ensure the highest level of structural consistency and cross-database interoperability, rigorous standardization pipelines were applied: Phenotypic Trait Standardization: All extracted trait descriptions have been systematically mapped and unified to recognized semantic ontologies, including the Gene Ontology (GO) , Plant Trait Ontology (TO) , Plant Ontology (PO) , and the Rice Trait Ontology (RTO) . The dataset centers around Oryza sativa . Gene Nomenclature Standardization: Gene entities sourced from external databases including Oryzabase , RAP-DB , Ensembl Plants , and Planteome were standardized to the unified RAP ID system. For instance, genes from Oryzabase were anchored via their annotated RAP IDs, and data from Planteome were mapped using a ""Protein-Gene-RAP ID"" trajectory to ensure absolute nomenclature consistency across the repository. Data Records Overview The repository includes the following files: 1. Text Corpus &amp; Evidence Data keyword_filtered_rice_sentences.jsonl : Raw, keyword-filtered sentence segments extracted from full-text scientific literature. This serves as the foundational text corpus for downstream NLP processing. rice_context_sentences_compressed.tsv : Compressed contextual sentences providing the exact narrative evidence and semantic context from which the associations were mined. 2. NLP-Extracted Association Databases NLP_Rice_GTA_Database.tsv : The core text-mined Gene-Trait Association (GTA) dataset. It contains fine-grained, explicitly described relationships between rice genes and phenotypic traits extracted via automated NLP pipelines. NLP_Rice_GVA_TVA_Database.tsv : A supplementary association database capturing Gene-Variant Associations (GVAs) and Trait-Variant Associations (TVAs), mapping the genetic variations to specific traits and gene loci. NLP_Rice_GTA_Trend.tsv : Statistical and temporal trend data of the mined GTAs, reflecting the historical accumulation and rapid growth of specific rice breeding knowledge over time. 3. Integration &amp; Standardization Masters Unified_Gene_Master.json : A comprehensive and standardized gene dictionary/ontology file. It resolves synonym conflicts and provides unified nomenclature for rice genes used across the entire dataset. rice_multi_omics.json : High-dimensional multi-omics data structures integrated to support and cross-validate the literature-mined narrative knowledge. Unified_Rice_GTA_Database.tsv : The definitive, ready-to-use master database. This file merges the NLP-extracted GTA dataset with the standardized gene master and multi-omics data layers, providing a fully integrated knowledge graph for downstream analysis. 4. NLP Terminology &amp; Dictionaries terminology.tar.gz : A compressed archive containing a comprehensive collection of highly curated dictionaries ( *_oger_dict.tsv ) used for Named Entity Recognition (NER) and entity normalization in our NLP pipeline. All extracted dictionary files standardize entities into a strict 6-column format: [1] Source , [2] Label , [3] Unique Ontology ID , [4] Name , [5] Normalized Form , and [6] Entity Type . The terminology covers three main categories: Genes: Includes standard genes curated from Oryzabase ( oryzabase_gene_oger_dict.tsv ) and a supplementary gene list constructed via our NLP methods ( supplementary_gene_oger_dict.tsv ). Varieties: Standardized rice varieties and accessions compiled from the 3000 Rice Genomes Project ( variety_oger_dict.tsv ). Traits/Phenotypes: Comprehensive trait dictionaries mapped to established ontology systems, including Gene Ontology (GO, go_oger_dict.tsv ), Trait Ontology (TO, to_oger_dict.tsv ), Rice Trait Ontology (RTO, rto_oger_dict.tsv ), Crop Ontology 320 (CO_320, co_oger_dict.tsv ), and Plant Ontology (PO). Usage Notes Files ending in .tsv are tab-separated values and can be opened with standard data science libraries (e.g., pandas in Python or readr in R). Files ending in .json and .jsonl contain structured hierarchical data suitable for programmatic parsing.",FALSE,TRUE
"zenodo","zenodo:19702501","zenodo:19702501::NLP_Rice_GTA_Trend.tsv.tar.gz","NLP_Rice_GTA_Trend.tsv.tar.gz",15220886,,,"https://zenodo.org/api/records/19702501/files/NLP_Rice_GTA_Trend.tsv.tar.gz/content",14,TRUE,"""plant height"" trait","RiceMind Dataset","Liu, Yawen","Oryza sativa","Abstract This repository contains the core datasets supporting the RiceMind platform, a comprehensive, structurally standardized, and fine-grained knowledge dataset for rice ( Oryza sativa ). To address the explosive growth of rice-related scientific literature, we employed automated, large-scale Natural Language Processing (NLP) strategies to mine experimentally validated associations from full-text articles (PubMed/PMC). This dataset not only provides extensive text-mined evidence for Gene-Trait Associations (GTAs), Gene-Variant Associations (GVAs), and Trait-Variant Associations (TVAs), but also seamlessly integrates these findings with multi-dimensional omics data and standardized ontologies. It serves as a robust resource for researchers in plant genomics, molecular breeding, and bioinformatics. Data Standardization &amp; Identifier Mapping To ensure the highest level of structural consistency and cross-database interoperability, rigorous standardization pipelines were applied: Phenotypic Trait Standardization: All extracted trait descriptions have been systematically mapped and unified to recognized semantic ontologies, including the Gene Ontology (GO) , Plant Trait Ontology (TO) , Plant Ontology (PO) , and the Rice Trait Ontology (RTO) . The dataset centers around Oryza sativa . Gene Nomenclature Standardization: Gene entities sourced from external databases including Oryzabase , RAP-DB , Ensembl Plants , and Planteome were standardized to the unified RAP ID system. For instance, genes from Oryzabase were anchored via their annotated RAP IDs, and data from Planteome were mapped using a ""Protein-Gene-RAP ID"" trajectory to ensure absolute nomenclature consistency across the repository. Data Records Overview The repository includes the following files: 1. Text Corpus &amp; Evidence Data keyword_filtered_rice_sentences.jsonl : Raw, keyword-filtered sentence segments extracted from full-text scientific literature. This serves as the foundational text corpus for downstream NLP processing. rice_context_sentences_compressed.tsv : Compressed contextual sentences providing the exact narrative evidence and semantic context from which the associations were mined. 2. NLP-Extracted Association Databases NLP_Rice_GTA_Database.tsv : The core text-mined Gene-Trait Association (GTA) dataset. It contains fine-grained, explicitly described relationships between rice genes and phenotypic traits extracted via automated NLP pipelines. NLP_Rice_GVA_TVA_Database.tsv : A supplementary association database capturing Gene-Variant Associations (GVAs) and Trait-Variant Associations (TVAs), mapping the genetic variations to specific traits and gene loci. NLP_Rice_GTA_Trend.tsv : Statistical and temporal trend data of the mined GTAs, reflecting the historical accumulation and rapid growth of specific rice breeding knowledge over time. 3. Integration &amp; Standardization Masters Unified_Gene_Master.json : A comprehensive and standardized gene dictionary/ontology file. It resolves synonym conflicts and provides unified nomenclature for rice genes used across the entire dataset. rice_multi_omics.json : High-dimensional multi-omics data structures integrated to support and cross-validate the literature-mined narrative knowledge. Unified_Rice_GTA_Database.tsv : The definitive, ready-to-use master database. This file merges the NLP-extracted GTA dataset with the standardized gene master and multi-omics data layers, providing a fully integrated knowledge graph for downstream analysis. 4. NLP Terminology &amp; Dictionaries terminology.tar.gz : A compressed archive containing a comprehensive collection of highly curated dictionaries ( *_oger_dict.tsv ) used for Named Entity Recognition (NER) and entity normalization in our NLP pipeline. All extracted dictionary files standardize entities into a strict 6-column format: [1] Source , [2] Label , [3] Unique Ontology ID , [4] Name , [5] Normalized Form , and [6] Entity Type . The terminology covers three main categories: Genes: Includes standard genes curated from Oryzabase ( oryzabase_gene_oger_dict.tsv ) and a supplementary gene list constructed via our NLP methods ( supplementary_gene_oger_dict.tsv ). Varieties: Standardized rice varieties and accessions compiled from the 3000 Rice Genomes Project ( variety_oger_dict.tsv ). Traits/Phenotypes: Comprehensive trait dictionaries mapped to established ontology systems, including Gene Ontology (GO, go_oger_dict.tsv ), Trait Ontology (TO, to_oger_dict.tsv ), Rice Trait Ontology (RTO, rto_oger_dict.tsv ), Crop Ontology 320 (CO_320, co_oger_dict.tsv ), and Plant Ontology (PO). Usage Notes Files ending in .tsv are tab-separated values and can be opened with standard data science libraries (e.g., pandas in Python or readr in R). Files ending in .json and .jsonl contain structured hierarchical data suitable for programmatic parsing.",FALSE,TRUE
"zenodo","zenodo:19702501","zenodo:19702501::NLP_Rice_GVA_TVA_Database.tsv.tar.gz","NLP_Rice_GVA_TVA_Database.tsv.tar.gz",3398491,,,"https://zenodo.org/api/records/19702501/files/NLP_Rice_GVA_TVA_Database.tsv.tar.gz/content",14,TRUE,"""plant height"" trait","RiceMind Dataset","Liu, Yawen","Oryza sativa","Abstract This repository contains the core datasets supporting the RiceMind platform, a comprehensive, structurally standardized, and fine-grained knowledge dataset for rice ( Oryza sativa ). To address the explosive growth of rice-related scientific literature, we employed automated, large-scale Natural Language Processing (NLP) strategies to mine experimentally validated associations from full-text articles (PubMed/PMC). This dataset not only provides extensive text-mined evidence for Gene-Trait Associations (GTAs), Gene-Variant Associations (GVAs), and Trait-Variant Associations (TVAs), but also seamlessly integrates these findings with multi-dimensional omics data and standardized ontologies. It serves as a robust resource for researchers in plant genomics, molecular breeding, and bioinformatics. Data Standardization &amp; Identifier Mapping To ensure the highest level of structural consistency and cross-database interoperability, rigorous standardization pipelines were applied: Phenotypic Trait Standardization: All extracted trait descriptions have been systematically mapped and unified to recognized semantic ontologies, including the Gene Ontology (GO) , Plant Trait Ontology (TO) , Plant Ontology (PO) , and the Rice Trait Ontology (RTO) . The dataset centers around Oryza sativa . Gene Nomenclature Standardization: Gene entities sourced from external databases including Oryzabase , RAP-DB , Ensembl Plants , and Planteome were standardized to the unified RAP ID system. For instance, genes from Oryzabase were anchored via their annotated RAP IDs, and data from Planteome were mapped using a ""Protein-Gene-RAP ID"" trajectory to ensure absolute nomenclature consistency across the repository. Data Records Overview The repository includes the following files: 1. Text Corpus &amp; Evidence Data keyword_filtered_rice_sentences.jsonl : Raw, keyword-filtered sentence segments extracted from full-text scientific literature. This serves as the foundational text corpus for downstream NLP processing. rice_context_sentences_compressed.tsv : Compressed contextual sentences providing the exact narrative evidence and semantic context from which the associations were mined. 2. NLP-Extracted Association Databases NLP_Rice_GTA_Database.tsv : The core text-mined Gene-Trait Association (GTA) dataset. It contains fine-grained, explicitly described relationships between rice genes and phenotypic traits extracted via automated NLP pipelines. NLP_Rice_GVA_TVA_Database.tsv : A supplementary association database capturing Gene-Variant Associations (GVAs) and Trait-Variant Associations (TVAs), mapping the genetic variations to specific traits and gene loci. NLP_Rice_GTA_Trend.tsv : Statistical and temporal trend data of the mined GTAs, reflecting the historical accumulation and rapid growth of specific rice breeding knowledge over time. 3. Integration &amp; Standardization Masters Unified_Gene_Master.json : A comprehensive and standardized gene dictionary/ontology file. It resolves synonym conflicts and provides unified nomenclature for rice genes used across the entire dataset. rice_multi_omics.json : High-dimensional multi-omics data structures integrated to support and cross-validate the literature-mined narrative knowledge. Unified_Rice_GTA_Database.tsv : The definitive, ready-to-use master database. This file merges the NLP-extracted GTA dataset with the standardized gene master and multi-omics data layers, providing a fully integrated knowledge graph for downstream analysis. 4. NLP Terminology &amp; Dictionaries terminology.tar.gz : A compressed archive containing a comprehensive collection of highly curated dictionaries ( *_oger_dict.tsv ) used for Named Entity Recognition (NER) and entity normalization in our NLP pipeline. All extracted dictionary files standardize entities into a strict 6-column format: [1] Source , [2] Label , [3] Unique Ontology ID , [4] Name , [5] Normalized Form , and [6] Entity Type . The terminology covers three main categories: Genes: Includes standard genes curated from Oryzabase ( oryzabase_gene_oger_dict.tsv ) and a supplementary gene list constructed via our NLP methods ( supplementary_gene_oger_dict.tsv ). Varieties: Standardized rice varieties and accessions compiled from the 3000 Rice Genomes Project ( variety_oger_dict.tsv ). Traits/Phenotypes: Comprehensive trait dictionaries mapped to established ontology systems, including Gene Ontology (GO, go_oger_dict.tsv ), Trait Ontology (TO, to_oger_dict.tsv ), Rice Trait Ontology (RTO, rto_oger_dict.tsv ), Crop Ontology 320 (CO_320, co_oger_dict.tsv ), and Plant Ontology (PO). Usage Notes Files ending in .tsv are tab-separated values and can be opened with standard data science libraries (e.g., pandas in Python or readr in R). Files ending in .json and .jsonl contain structured hierarchical data suitable for programmatic parsing.",FALSE,TRUE
"zenodo","zenodo:19702501","zenodo:19702501::rice_context_sentences_compressed.tsv.tar.gz","rice_context_sentences_compressed.tsv.tar.gz",457440809,,,"https://zenodo.org/api/records/19702501/files/rice_context_sentences_compressed.tsv.tar.gz/content",14,TRUE,"""plant height"" trait","RiceMind Dataset","Liu, Yawen","Oryza sativa","Abstract This repository contains the core datasets supporting the RiceMind platform, a comprehensive, structurally standardized, and fine-grained knowledge dataset for rice ( Oryza sativa ). To address the explosive growth of rice-related scientific literature, we employed automated, large-scale Natural Language Processing (NLP) strategies to mine experimentally validated associations from full-text articles (PubMed/PMC). This dataset not only provides extensive text-mined evidence for Gene-Trait Associations (GTAs), Gene-Variant Associations (GVAs), and Trait-Variant Associations (TVAs), but also seamlessly integrates these findings with multi-dimensional omics data and standardized ontologies. It serves as a robust resource for researchers in plant genomics, molecular breeding, and bioinformatics. Data Standardization &amp; Identifier Mapping To ensure the highest level of structural consistency and cross-database interoperability, rigorous standardization pipelines were applied: Phenotypic Trait Standardization: All extracted trait descriptions have been systematically mapped and unified to recognized semantic ontologies, including the Gene Ontology (GO) , Plant Trait Ontology (TO) , Plant Ontology (PO) , and the Rice Trait Ontology (RTO) . The dataset centers around Oryza sativa . Gene Nomenclature Standardization: Gene entities sourced from external databases including Oryzabase , RAP-DB , Ensembl Plants , and Planteome were standardized to the unified RAP ID system. For instance, genes from Oryzabase were anchored via their annotated RAP IDs, and data from Planteome were mapped using a ""Protein-Gene-RAP ID"" trajectory to ensure absolute nomenclature consistency across the repository. Data Records Overview The repository includes the following files: 1. Text Corpus &amp; Evidence Data keyword_filtered_rice_sentences.jsonl : Raw, keyword-filtered sentence segments extracted from full-text scientific literature. This serves as the foundational text corpus for downstream NLP processing. rice_context_sentences_compressed.tsv : Compressed contextual sentences providing the exact narrative evidence and semantic context from which the associations were mined. 2. NLP-Extracted Association Databases NLP_Rice_GTA_Database.tsv : The core text-mined Gene-Trait Association (GTA) dataset. It contains fine-grained, explicitly described relationships between rice genes and phenotypic traits extracted via automated NLP pipelines. NLP_Rice_GVA_TVA_Database.tsv : A supplementary association database capturing Gene-Variant Associations (GVAs) and Trait-Variant Associations (TVAs), mapping the genetic variations to specific traits and gene loci. NLP_Rice_GTA_Trend.tsv : Statistical and temporal trend data of the mined GTAs, reflecting the historical accumulation and rapid growth of specific rice breeding knowledge over time. 3. Integration &amp; Standardization Masters Unified_Gene_Master.json : A comprehensive and standardized gene dictionary/ontology file. It resolves synonym conflicts and provides unified nomenclature for rice genes used across the entire dataset. rice_multi_omics.json : High-dimensional multi-omics data structures integrated to support and cross-validate the literature-mined narrative knowledge. Unified_Rice_GTA_Database.tsv : The definitive, ready-to-use master database. This file merges the NLP-extracted GTA dataset with the standardized gene master and multi-omics data layers, providing a fully integrated knowledge graph for downstream analysis. 4. NLP Terminology &amp; Dictionaries terminology.tar.gz : A compressed archive containing a comprehensive collection of highly curated dictionaries ( *_oger_dict.tsv ) used for Named Entity Recognition (NER) and entity normalization in our NLP pipeline. All extracted dictionary files standardize entities into a strict 6-column format: [1] Source , [2] Label , [3] Unique Ontology ID , [4] Name , [5] Normalized Form , and [6] Entity Type . The terminology covers three main categories: Genes: Includes standard genes curated from Oryzabase ( oryzabase_gene_oger_dict.tsv ) and a supplementary gene list constructed via our NLP methods ( supplementary_gene_oger_dict.tsv ). Varieties: Standardized rice varieties and accessions compiled from the 3000 Rice Genomes Project ( variety_oger_dict.tsv ). Traits/Phenotypes: Comprehensive trait dictionaries mapped to established ontology systems, including Gene Ontology (GO, go_oger_dict.tsv ), Trait Ontology (TO, to_oger_dict.tsv ), Rice Trait Ontology (RTO, rto_oger_dict.tsv ), Crop Ontology 320 (CO_320, co_oger_dict.tsv ), and Plant Ontology (PO). Usage Notes Files ending in .tsv are tab-separated values and can be opened with standard data science libraries (e.g., pandas in Python or readr in R). Files ending in .json and .jsonl contain structured hierarchical data suitable for programmatic parsing.",FALSE,TRUE
"zenodo","zenodo:19702501","zenodo:19702501::rice_multi_omics.json.tar.gz","rice_multi_omics.json.tar.gz",23142921,,,"https://zenodo.org/api/records/19702501/files/rice_multi_omics.json.tar.gz/content",14,TRUE,"""plant height"" trait","RiceMind Dataset","Liu, Yawen","Oryza sativa","Abstract This repository contains the core datasets supporting the RiceMind platform, a comprehensive, structurally standardized, and fine-grained knowledge dataset for rice ( Oryza sativa ). To address the explosive growth of rice-related scientific literature, we employed automated, large-scale Natural Language Processing (NLP) strategies to mine experimentally validated associations from full-text articles (PubMed/PMC). This dataset not only provides extensive text-mined evidence for Gene-Trait Associations (GTAs), Gene-Variant Associations (GVAs), and Trait-Variant Associations (TVAs), but also seamlessly integrates these findings with multi-dimensional omics data and standardized ontologies. It serves as a robust resource for researchers in plant genomics, molecular breeding, and bioinformatics. Data Standardization &amp; Identifier Mapping To ensure the highest level of structural consistency and cross-database interoperability, rigorous standardization pipelines were applied: Phenotypic Trait Standardization: All extracted trait descriptions have been systematically mapped and unified to recognized semantic ontologies, including the Gene Ontology (GO) , Plant Trait Ontology (TO) , Plant Ontology (PO) , and the Rice Trait Ontology (RTO) . The dataset centers around Oryza sativa . Gene Nomenclature Standardization: Gene entities sourced from external databases including Oryzabase , RAP-DB , Ensembl Plants , and Planteome were standardized to the unified RAP ID system. For instance, genes from Oryzabase were anchored via their annotated RAP IDs, and data from Planteome were mapped using a ""Protein-Gene-RAP ID"" trajectory to ensure absolute nomenclature consistency across the repository. Data Records Overview The repository includes the following files: 1. Text Corpus &amp; Evidence Data keyword_filtered_rice_sentences.jsonl : Raw, keyword-filtered sentence segments extracted from full-text scientific literature. This serves as the foundational text corpus for downstream NLP processing. rice_context_sentences_compressed.tsv : Compressed contextual sentences providing the exact narrative evidence and semantic context from which the associations were mined. 2. NLP-Extracted Association Databases NLP_Rice_GTA_Database.tsv : The core text-mined Gene-Trait Association (GTA) dataset. It contains fine-grained, explicitly described relationships between rice genes and phenotypic traits extracted via automated NLP pipelines. NLP_Rice_GVA_TVA_Database.tsv : A supplementary association database capturing Gene-Variant Associations (GVAs) and Trait-Variant Associations (TVAs), mapping the genetic variations to specific traits and gene loci. NLP_Rice_GTA_Trend.tsv : Statistical and temporal trend data of the mined GTAs, reflecting the historical accumulation and rapid growth of specific rice breeding knowledge over time. 3. Integration &amp; Standardization Masters Unified_Gene_Master.json : A comprehensive and standardized gene dictionary/ontology file. It resolves synonym conflicts and provides unified nomenclature for rice genes used across the entire dataset. rice_multi_omics.json : High-dimensional multi-omics data structures integrated to support and cross-validate the literature-mined narrative knowledge. Unified_Rice_GTA_Database.tsv : The definitive, ready-to-use master database. This file merges the NLP-extracted GTA dataset with the standardized gene master and multi-omics data layers, providing a fully integrated knowledge graph for downstream analysis. 4. NLP Terminology &amp; Dictionaries terminology.tar.gz : A compressed archive containing a comprehensive collection of highly curated dictionaries ( *_oger_dict.tsv ) used for Named Entity Recognition (NER) and entity normalization in our NLP pipeline. All extracted dictionary files standardize entities into a strict 6-column format: [1] Source , [2] Label , [3] Unique Ontology ID , [4] Name , [5] Normalized Form , and [6] Entity Type . The terminology covers three main categories: Genes: Includes standard genes curated from Oryzabase ( oryzabase_gene_oger_dict.tsv ) and a supplementary gene list constructed via our NLP methods ( supplementary_gene_oger_dict.tsv ). Varieties: Standardized rice varieties and accessions compiled from the 3000 Rice Genomes Project ( variety_oger_dict.tsv ). Traits/Phenotypes: Comprehensive trait dictionaries mapped to established ontology systems, including Gene Ontology (GO, go_oger_dict.tsv ), Trait Ontology (TO, to_oger_dict.tsv ), Rice Trait Ontology (RTO, rto_oger_dict.tsv ), Crop Ontology 320 (CO_320, co_oger_dict.tsv ), and Plant Ontology (PO). Usage Notes Files ending in .tsv are tab-separated values and can be opened with standard data science libraries (e.g., pandas in Python or readr in R). Files ending in .json and .jsonl contain structured hierarchical data suitable for programmatic parsing.",FALSE,TRUE
"zenodo","zenodo:19702501","zenodo:19702501::Unified_Gene_Master.json.tar.gz","Unified_Gene_Master.json.tar.gz",3055277,,,"https://zenodo.org/api/records/19702501/files/Unified_Gene_Master.json.tar.gz/content",14,TRUE,"""plant height"" trait","RiceMind Dataset","Liu, Yawen","Oryza sativa","Abstract This repository contains the core datasets supporting the RiceMind platform, a comprehensive, structurally standardized, and fine-grained knowledge dataset for rice ( Oryza sativa ). To address the explosive growth of rice-related scientific literature, we employed automated, large-scale Natural Language Processing (NLP) strategies to mine experimentally validated associations from full-text articles (PubMed/PMC). This dataset not only provides extensive text-mined evidence for Gene-Trait Associations (GTAs), Gene-Variant Associations (GVAs), and Trait-Variant Associations (TVAs), but also seamlessly integrates these findings with multi-dimensional omics data and standardized ontologies. It serves as a robust resource for researchers in plant genomics, molecular breeding, and bioinformatics. Data Standardization &amp; Identifier Mapping To ensure the highest level of structural consistency and cross-database interoperability, rigorous standardization pipelines were applied: Phenotypic Trait Standardization: All extracted trait descriptions have been systematically mapped and unified to recognized semantic ontologies, including the Gene Ontology (GO) , Plant Trait Ontology (TO) , Plant Ontology (PO) , and the Rice Trait Ontology (RTO) . The dataset centers around Oryza sativa . Gene Nomenclature Standardization: Gene entities sourced from external databases including Oryzabase , RAP-DB , Ensembl Plants , and Planteome were standardized to the unified RAP ID system. For instance, genes from Oryzabase were anchored via their annotated RAP IDs, and data from Planteome were mapped using a ""Protein-Gene-RAP ID"" trajectory to ensure absolute nomenclature consistency across the repository. Data Records Overview The repository includes the following files: 1. Text Corpus &amp; Evidence Data keyword_filtered_rice_sentences.jsonl : Raw, keyword-filtered sentence segments extracted from full-text scientific literature. This serves as the foundational text corpus for downstream NLP processing. rice_context_sentences_compressed.tsv : Compressed contextual sentences providing the exact narrative evidence and semantic context from which the associations were mined. 2. NLP-Extracted Association Databases NLP_Rice_GTA_Database.tsv : The core text-mined Gene-Trait Association (GTA) dataset. It contains fine-grained, explicitly described relationships between rice genes and phenotypic traits extracted via automated NLP pipelines. NLP_Rice_GVA_TVA_Database.tsv : A supplementary association database capturing Gene-Variant Associations (GVAs) and Trait-Variant Associations (TVAs), mapping the genetic variations to specific traits and gene loci. NLP_Rice_GTA_Trend.tsv : Statistical and temporal trend data of the mined GTAs, reflecting the historical accumulation and rapid growth of specific rice breeding knowledge over time. 3. Integration &amp; Standardization Masters Unified_Gene_Master.json : A comprehensive and standardized gene dictionary/ontology file. It resolves synonym conflicts and provides unified nomenclature for rice genes used across the entire dataset. rice_multi_omics.json : High-dimensional multi-omics data structures integrated to support and cross-validate the literature-mined narrative knowledge. Unified_Rice_GTA_Database.tsv : The definitive, ready-to-use master database. This file merges the NLP-extracted GTA dataset with the standardized gene master and multi-omics data layers, providing a fully integrated knowledge graph for downstream analysis. 4. NLP Terminology &amp; Dictionaries terminology.tar.gz : A compressed archive containing a comprehensive collection of highly curated dictionaries ( *_oger_dict.tsv ) used for Named Entity Recognition (NER) and entity normalization in our NLP pipeline. All extracted dictionary files standardize entities into a strict 6-column format: [1] Source , [2] Label , [3] Unique Ontology ID , [4] Name , [5] Normalized Form , and [6] Entity Type . The terminology covers three main categories: Genes: Includes standard genes curated from Oryzabase ( oryzabase_gene_oger_dict.tsv ) and a supplementary gene list constructed via our NLP methods ( supplementary_gene_oger_dict.tsv ). Varieties: Standardized rice varieties and accessions compiled from the 3000 Rice Genomes Project ( variety_oger_dict.tsv ). Traits/Phenotypes: Comprehensive trait dictionaries mapped to established ontology systems, including Gene Ontology (GO, go_oger_dict.tsv ), Trait Ontology (TO, to_oger_dict.tsv ), Rice Trait Ontology (RTO, rto_oger_dict.tsv ), Crop Ontology 320 (CO_320, co_oger_dict.tsv ), and Plant Ontology (PO). Usage Notes Files ending in .tsv are tab-separated values and can be opened with standard data science libraries (e.g., pandas in Python or readr in R). Files ending in .json and .jsonl contain structured hierarchical data suitable for programmatic parsing.",FALSE,TRUE
"zenodo","zenodo:19702501","zenodo:19702501::Unified_Rice_GTA_Database.tsv.tar.gz","Unified_Rice_GTA_Database.tsv.tar.gz",4588149,,,"https://zenodo.org/api/records/19702501/files/Unified_Rice_GTA_Database.tsv.tar.gz/content",14,TRUE,"""plant height"" trait","RiceMind Dataset","Liu, Yawen","Oryza sativa","Abstract This repository contains the core datasets supporting the RiceMind platform, a comprehensive, structurally standardized, and fine-grained knowledge dataset for rice ( Oryza sativa ). To address the explosive growth of rice-related scientific literature, we employed automated, large-scale Natural Language Processing (NLP) strategies to mine experimentally validated associations from full-text articles (PubMed/PMC). This dataset not only provides extensive text-mined evidence for Gene-Trait Associations (GTAs), Gene-Variant Associations (GVAs), and Trait-Variant Associations (TVAs), but also seamlessly integrates these findings with multi-dimensional omics data and standardized ontologies. It serves as a robust resource for researchers in plant genomics, molecular breeding, and bioinformatics. Data Standardization &amp; Identifier Mapping To ensure the highest level of structural consistency and cross-database interoperability, rigorous standardization pipelines were applied: Phenotypic Trait Standardization: All extracted trait descriptions have been systematically mapped and unified to recognized semantic ontologies, including the Gene Ontology (GO) , Plant Trait Ontology (TO) , Plant Ontology (PO) , and the Rice Trait Ontology (RTO) . The dataset centers around Oryza sativa . Gene Nomenclature Standardization: Gene entities sourced from external databases including Oryzabase , RAP-DB , Ensembl Plants , and Planteome were standardized to the unified RAP ID system. For instance, genes from Oryzabase were anchored via their annotated RAP IDs, and data from Planteome were mapped using a ""Protein-Gene-RAP ID"" trajectory to ensure absolute nomenclature consistency across the repository. Data Records Overview The repository includes the following files: 1. Text Corpus &amp; Evidence Data keyword_filtered_rice_sentences.jsonl : Raw, keyword-filtered sentence segments extracted from full-text scientific literature. This serves as the foundational text corpus for downstream NLP processing. rice_context_sentences_compressed.tsv : Compressed contextual sentences providing the exact narrative evidence and semantic context from which the associations were mined. 2. NLP-Extracted Association Databases NLP_Rice_GTA_Database.tsv : The core text-mined Gene-Trait Association (GTA) dataset. It contains fine-grained, explicitly described relationships between rice genes and phenotypic traits extracted via automated NLP pipelines. NLP_Rice_GVA_TVA_Database.tsv : A supplementary association database capturing Gene-Variant Associations (GVAs) and Trait-Variant Associations (TVAs), mapping the genetic variations to specific traits and gene loci. NLP_Rice_GTA_Trend.tsv : Statistical and temporal trend data of the mined GTAs, reflecting the historical accumulation and rapid growth of specific rice breeding knowledge over time. 3. Integration &amp; Standardization Masters Unified_Gene_Master.json : A comprehensive and standardized gene dictionary/ontology file. It resolves synonym conflicts and provides unified nomenclature for rice genes used across the entire dataset. rice_multi_omics.json : High-dimensional multi-omics data structures integrated to support and cross-validate the literature-mined narrative knowledge. Unified_Rice_GTA_Database.tsv : The definitive, ready-to-use master database. This file merges the NLP-extracted GTA dataset with the standardized gene master and multi-omics data layers, providing a fully integrated knowledge graph for downstream analysis. 4. NLP Terminology &amp; Dictionaries terminology.tar.gz : A compressed archive containing a comprehensive collection of highly curated dictionaries ( *_oger_dict.tsv ) used for Named Entity Recognition (NER) and entity normalization in our NLP pipeline. All extracted dictionary files standardize entities into a strict 6-column format: [1] Source , [2] Label , [3] Unique Ontology ID , [4] Name , [5] Normalized Form , and [6] Entity Type . The terminology covers three main categories: Genes: Includes standard genes curated from Oryzabase ( oryzabase_gene_oger_dict.tsv ) and a supplementary gene list constructed via our NLP methods ( supplementary_gene_oger_dict.tsv ). Varieties: Standardized rice varieties and accessions compiled from the 3000 Rice Genomes Project ( variety_oger_dict.tsv ). Traits/Phenotypes: Comprehensive trait dictionaries mapped to established ontology systems, including Gene Ontology (GO, go_oger_dict.tsv ), Trait Ontology (TO, to_oger_dict.tsv ), Rice Trait Ontology (RTO, rto_oger_dict.tsv ), Crop Ontology 320 (CO_320, co_oger_dict.tsv ), and Plant Ontology (PO). Usage Notes Files ending in .tsv are tab-separated values and can be opened with standard data science libraries (e.g., pandas in Python or readr in R). Files ending in .json and .jsonl contain structured hierarchical data suitable for programmatic parsing.",FALSE,TRUE
"zenodo","zenodo:19568492","zenodo:19568492::P_rot_morph_raw_veg.txt","P_rot_morph_raw_veg.txt",35108,,,"https://zenodo.org/api/records/19568492/files/P_rot_morph_raw_veg.txt/content",13,TRUE,"""plant height"" trait","Raw data sets of scored morphological traits for Pterocarpus rotundifolius s.l.","Albreht, Laura","","Raw data sets of scored vegetative, floral and fruit traits for Pterocarpus rotundifolius s.l. Numbers next to trait codes indicate multiple measurements taken for that particular trait. List of traits scored in morphological analysis is also added. Units of measurements and different states for qualitative traits are specified in the parentheses in the &lsquo;Trait&rsquo; column.",TRUE,FALSE
"zenodo","zenodo:19568492","zenodo:19568492::Trait_list.txt","Trait_list.txt",10116,,,"https://zenodo.org/api/records/19568492/files/Trait_list.txt/content",13,TRUE,"""plant height"" trait","Raw data sets of scored morphological traits for Pterocarpus rotundifolius s.l.","Albreht, Laura","","Raw data sets of scored vegetative, floral and fruit traits for Pterocarpus rotundifolius s.l. Numbers next to trait codes indicate multiple measurements taken for that particular trait. List of traits scored in morphological analysis is also added. Units of measurements and different states for qualitative traits are specified in the parentheses in the &lsquo;Trait&rsquo; column.",TRUE,FALSE
"zenodo","zenodo:19568492","zenodo:19568492::P_rot_morph_raw_flo.txt","P_rot_morph_raw_flo.txt",23945,,,"https://zenodo.org/api/records/19568492/files/P_rot_morph_raw_flo.txt/content",13,TRUE,"""plant height"" trait","Raw data sets of scored morphological traits for Pterocarpus rotundifolius s.l.","Albreht, Laura","","Raw data sets of scored vegetative, floral and fruit traits for Pterocarpus rotundifolius s.l. Numbers next to trait codes indicate multiple measurements taken for that particular trait. List of traits scored in morphological analysis is also added. Units of measurements and different states for qualitative traits are specified in the parentheses in the &lsquo;Trait&rsquo; column.",TRUE,FALSE
"zenodo","zenodo:19568492","zenodo:19568492::P_rot_morph_raw_fru.txt","P_rot_morph_raw_fru.txt",12441,,,"https://zenodo.org/api/records/19568492/files/P_rot_morph_raw_fru.txt/content",13,TRUE,"""plant height"" trait","Raw data sets of scored morphological traits for Pterocarpus rotundifolius s.l.","Albreht, Laura","","Raw data sets of scored vegetative, floral and fruit traits for Pterocarpus rotundifolius s.l. Numbers next to trait codes indicate multiple measurements taken for that particular trait. List of traits scored in morphological analysis is also added. Units of measurements and different states for qualitative traits are specified in the parentheses in the &lsquo;Trait&rsquo; column.",TRUE,FALSE
"zenodo","zenodo:19535967","zenodo:19535967::Особливості формування висоти рослин сорго зернового під впливом факторів досліду.xlsx","Особливості формування висоти рослин сорго зернового під впливом факторів досліду.xlsx",52087,,,"https://zenodo.org/api/records/19535967/files/%D0%9E%D1%81%D0%BE%D0%B1%D0%BB%D0%B8%D0%B2%D0%BE%D1%81%D1%82%D1%96%20%D1%84%D0%BE%D1%80%D0%BC%D1%83%D0%B2%D0%B0%D0%BD%D0%BD%D1%8F%20%D0%B2%D0%B8%D1%81%D0%BE%D1%82%D0%B8%20%D1%80%D0%BE%D1%81%D0%BB%D0%B8%D0%BD%20%D1%81%D0%BE%D1%80%D0%B3%D0%BE%20%D0%B7%D0%B5%D1%80%D0%BD%D0%BE%D0%B2%D0%BE%D0%B3%D0%BE%20%D0%BF%D1%96%D0%B4%20%D0%B2%D0%BF%D0%BB%D0%B8%D0%B2%D0%BE%D0%BC%20%D1%84%D0%B0%D0%BA%D1%82%D0%BE%D1%80%D1%96%D0%B2%20%D0%B4%D0%BE%D1%81%D0%BB%D1%96%D0%B4%D1%83.xlsx/content",13,TRUE,"""plant height"" trait","Особливості формування висоти рослин сорго зернового під впливом мікродобрив та регуляторів росту у різні фази розвитку","Titarenko, Oksana; Karpuk, Lesia","сорго зернове; висота рослин; фенологічні фази; динаміка росту; мікродобрива; регулятори росту; гібриди; grain sorghum; plant height; phenological phases; growth dynamics; microfertilizers; plant growth regulators; hybrids; panicle emergence; crop development","Набір даних містить результати польових досліджень щодо динаміки формування висоти рослин двох гібридів сорго зернового &mdash; Брігга та Ютамі &mdash; у різні фенологічні фази: повні сходи, кущення, вихід в трубку, викидання волоті, цвітіння та повна стиглість зерна. Досліджувались варіанти без мікродобрив та із застосуванням мікродобрив Альфа-Гроу-Екстра і Інтермаг у поєднанні з регуляторами росту Регоплант і Стимпо (або без них). Висота рослин гібрида Брігга у фазі повної стиглості зерна коливалася в межах 118,5&ndash;124,8 см, гібрида Ютамі &mdash; 111,1-117,2 см. Застосування мікродобрива Альфа-Гроу-Екстра у поєднанні зі Стимпо забезпечувало найвищі показники висоти рослин у обох гібридів на фінальних фазах розвитку. Роки досліджень 2019-2021.",TRUE,FALSE
"zenodo","zenodo:19846186","zenodo:19846186::1013-1014.pdf","1013-1014.pdf",159840,,,"https://zenodo.org/api/records/19846186/files/1013-1014.pdf/content",10,TRUE,"plant* trait*","AMARANTH (AMARANTHUS L.) AS A FUNCTIONAL CROP: BOTANICAL CHARACTERISTICS, NUTRITIONAL PROFILE, AND THERAPEUTIC POTENTIAL IN GASTROINTESTINAL DISORDERS","Muzaffarova Nigora Safarovna","","Background: &nbsp;Amaranth (Amaranthus L.) is an ancient crop with significant nutritional and pharmacological properties. In recent decades, it has attracted global attention due to its high protein content, essential amino acids, and bioactive compounds with potential therapeutic effects. Objective: &nbsp;This study aims to systematically evaluate the botanical characteristics, geographical distribution, nutritional composition, and therapeutic significance of Amaranthus species, with particular emphasis on their role in gastrointestinal health. Methods: &nbsp;A comprehensive literature review was conducted using botanical, agronomic, and biomedical sources. Key species such as&nbsp; Amaranthus caudatus ,&nbsp; A. hybridus , and&nbsp; A. retroflexus &nbsp;were analyzed in terms of their biological, nutritional, and pharmacological properties. Results: &nbsp;Amaranth demonstrates high nutritional value, including elevated protein content (14&ndash;19%), lysine-rich amino acid composition, and significant levels of polyphenols, dietary fiber, and squalene. These compounds exhibit antioxidant, anti-inflammatory, and microbiota-modulating effects. Evidence suggests that amaranth contributes to improved gastrointestinal function, enhanced gut microbiota balance, and protection against digestive disorders. Conclusion: Amaranthus species represent a promising functional food and phytotherapeutic resource. Their bioactive compounds support potential applications in the prevention and treatment of gastrointestinal diseases. Further clinical studies are required to validate their therapeutic efficacy.",FALSE,FALSE
"zenodo","zenodo:19806114","zenodo:19806114::Dsuffruticosa_v1.0.genome.fasta.gz","Dsuffruticosa_v1.0.genome.fasta.gz",191477149,,,"https://zenodo.org/api/records/19806114/files/Dsuffruticosa_v1.0.genome.fasta.gz/content",10,TRUE,"""specific leaf area"" plant","Genome Annotation files for Dillenia Suffruticosa","Lim, Abner","Genome annotation; Plant Genomics; Dillenia suffruticosa","This dataset contains the structural genome annotation for Dillenia suffruticosa (Dilleniaceae), a tropical shrub native to Southeast Asia. The annotation was generated&nbsp; using a combined ab initio and evidence-based approach, integrating computational gene prediction with supporting biological evidence to improve gene model accuracy and completeness. Four files are provided: FASTA ( Dsuffruticosa_v1.0.genome.fasta.gz ) - Dillenia suffruticosa Genome Assembly in FASTA format. GFF3 ( Dsuffruticosa_v1.0.gff3 ) &mdash; Structural annotation in GFF3 format, containing gene, mRNA, exon, and CDS feature coordinates mapped to the assembly scaffolds/chromosomes.&nbsp; CDS FASTA ( Dsuffruticosa_v1.0_cds.fa ) &mdash; Nucleotide sequences of all predicted coding sequences, extracted based on the GFF3 coordinates. Headers correspond to transcript identifiers in the GFF3 file. Translated peptide FASTA ( Dsuffruticosa_v1.0_pep.fa ) &mdash; Amino acid sequences translated from the CDS features.",FALSE,TRUE
"zenodo","zenodo:19806114","zenodo:19806114::Dsuffruticosa_v1.0.gff3","Dsuffruticosa_v1.0.gff3",88524583,,,"https://zenodo.org/api/records/19806114/files/Dsuffruticosa_v1.0.gff3/content",10,TRUE,"""specific leaf area"" plant","Genome Annotation files for Dillenia Suffruticosa","Lim, Abner","Genome annotation; Plant Genomics; Dillenia suffruticosa","This dataset contains the structural genome annotation for Dillenia suffruticosa (Dilleniaceae), a tropical shrub native to Southeast Asia. The annotation was generated&nbsp; using a combined ab initio and evidence-based approach, integrating computational gene prediction with supporting biological evidence to improve gene model accuracy and completeness. Four files are provided: FASTA ( Dsuffruticosa_v1.0.genome.fasta.gz ) - Dillenia suffruticosa Genome Assembly in FASTA format. GFF3 ( Dsuffruticosa_v1.0.gff3 ) &mdash; Structural annotation in GFF3 format, containing gene, mRNA, exon, and CDS feature coordinates mapped to the assembly scaffolds/chromosomes.&nbsp; CDS FASTA ( Dsuffruticosa_v1.0_cds.fa ) &mdash; Nucleotide sequences of all predicted coding sequences, extracted based on the GFF3 coordinates. Headers correspond to transcript identifiers in the GFF3 file. Translated peptide FASTA ( Dsuffruticosa_v1.0_pep.fa ) &mdash; Amino acid sequences translated from the CDS features.",FALSE,FALSE
"zenodo","zenodo:19806114","zenodo:19806114::Dsuffruticosa_v1.0_pep.fa.aa","Dsuffruticosa_v1.0_pep.fa.aa",16718806,,,"https://zenodo.org/api/records/19806114/files/Dsuffruticosa_v1.0_pep.fa.aa/content",10,TRUE,"""specific leaf area"" plant","Genome Annotation files for Dillenia Suffruticosa","Lim, Abner","Genome annotation; Plant Genomics; Dillenia suffruticosa","This dataset contains the structural genome annotation for Dillenia suffruticosa (Dilleniaceae), a tropical shrub native to Southeast Asia. The annotation was generated&nbsp; using a combined ab initio and evidence-based approach, integrating computational gene prediction with supporting biological evidence to improve gene model accuracy and completeness. Four files are provided: FASTA ( Dsuffruticosa_v1.0.genome.fasta.gz ) - Dillenia suffruticosa Genome Assembly in FASTA format. GFF3 ( Dsuffruticosa_v1.0.gff3 ) &mdash; Structural annotation in GFF3 format, containing gene, mRNA, exon, and CDS feature coordinates mapped to the assembly scaffolds/chromosomes.&nbsp; CDS FASTA ( Dsuffruticosa_v1.0_cds.fa ) &mdash; Nucleotide sequences of all predicted coding sequences, extracted based on the GFF3 coordinates. Headers correspond to transcript identifiers in the GFF3 file. Translated peptide FASTA ( Dsuffruticosa_v1.0_pep.fa ) &mdash; Amino acid sequences translated from the CDS features.",FALSE,FALSE
"zenodo","zenodo:19806114","zenodo:19806114::Dsuffruticosa_v1.0_cds.fa","Dsuffruticosa_v1.0_cds.fa",49327669,,,"https://zenodo.org/api/records/19806114/files/Dsuffruticosa_v1.0_cds.fa/content",10,TRUE,"""specific leaf area"" plant","Genome Annotation files for Dillenia Suffruticosa","Lim, Abner","Genome annotation; Plant Genomics; Dillenia suffruticosa","This dataset contains the structural genome annotation for Dillenia suffruticosa (Dilleniaceae), a tropical shrub native to Southeast Asia. The annotation was generated&nbsp; using a combined ab initio and evidence-based approach, integrating computational gene prediction with supporting biological evidence to improve gene model accuracy and completeness. Four files are provided: FASTA ( Dsuffruticosa_v1.0.genome.fasta.gz ) - Dillenia suffruticosa Genome Assembly in FASTA format. GFF3 ( Dsuffruticosa_v1.0.gff3 ) &mdash; Structural annotation in GFF3 format, containing gene, mRNA, exon, and CDS feature coordinates mapped to the assembly scaffolds/chromosomes.&nbsp; CDS FASTA ( Dsuffruticosa_v1.0_cds.fa ) &mdash; Nucleotide sequences of all predicted coding sequences, extracted based on the GFF3 coordinates. Headers correspond to transcript identifiers in the GFF3 file. Translated peptide FASTA ( Dsuffruticosa_v1.0_pep.fa ) &mdash; Amino acid sequences translated from the CDS features.",FALSE,FALSE
"zenodo","zenodo:19824710","zenodo:19824710::689-696.pdf","689-696.pdf",342776,,,"https://zenodo.org/api/records/19824710/files/689-696.pdf/content",10,TRUE,"plant* trait*","METHODS OF PROCESSING GRAPES FOR THE PRODUCTION OF FUNCTIONAL DRINKS","Zaripov G.T; Ruzieva Z.A; Mirzaeva Sh.U","","&nbsp; The article describes technological methods for processing grape berries and secondary products of their processing. An important source of biologically active substances is grape pomace, seeds, and skins, which contain a significant number of essential compounds. From grape pomace, tartaric acid salts, CO₂ extracts, grape oil, resveratrol, and plant-based flour are obtained. An improved structural scheme for producing clarified grape juice using CO₂ detartrating has been developed. A process flow diagram for grape processing has been designed. The chemical composition of grape seeds cultivated in the Republic of Uzbekistan has been studied. The content of resveratrol in a CO₂ extract obtained from grape skins has been determined. The amino acid composition of grape seed cake from the red Aleatico variety, obtained using the CO₂ method, has been analyzed.",FALSE,FALSE
