"source_provider","provider_dataset_id","provider_file_id","file_path","file_size","mime_type","file_status","download_href","candidate_score","candidate_keep","query_term","source_title","source_authors","source_subjects","source_abstract","file_supported_tabular","file_supported_container","file_name","download_url","file_size_bytes","source_file_path"
"scientific_data","10.1038/s41597-019-0150-2","zenodo::1256120::UW-Hydro/MetSim-1.1.0.zip",NA,NA,NA,NA,NA,NA,TRUE,NA,NA,NA,NA,NA,FALSE,FALSE,"UW-Hydro/MetSim-1.1.0.zip","https://zenodo.org/api/records/1256120/files/UW-Hydro/MetSim-1.1.0.zip/content",2543023,"zenodo/1256120"
"scientific_data","10.1038/s41597-019-0150-2","zenodo::2649737::tbohn/NLCD_INEGI-v1.6.zip",NA,NA,NA,NA,NA,NA,TRUE,NA,NA,NA,NA,NA,FALSE,FALSE,"tbohn/NLCD_INEGI-v1.6.zip","https://zenodo.org/api/records/2649737/files/tbohn/NLCD_INEGI-v1.6.zip/content",976059,"zenodo/2649737"
"scientific_data","10.1038/s41597-019-0150-2","zenodo::2612560::params.USMX.NLCD_INEGI.s2011.2011_2011.nc",NA,NA,NA,NA,NA,NA,TRUE,NA,NA,NA,NA,NA,FALSE,FALSE,"params.USMX.NLCD_INEGI.s2011.2011_2011.nc","https://zenodo.org/api/records/2612560/files/params.USMX.NLCD_INEGI.s2011.2011_2011.nc/content",469492723,"zenodo/2612560"
"scientific_data","10.1038/s41597-019-0150-2","zenodo::2612560::params.CONUS_MX.MOD_IGBP.mode.2000_2016.nc",NA,NA,NA,NA,NA,NA,TRUE,NA,NA,NA,NA,NA,FALSE,FALSE,"params.CONUS_MX.MOD_IGBP.mode.2000_2016.nc","https://zenodo.org/api/records/2612560/files/params.CONUS_MX.MOD_IGBP.mode.2000_2016.nc/content",320751283,"zenodo/2612560"
"scientific_data","10.1038/s41597-019-0150-2","zenodo::2612560::params.USMX.NLCD_INEGI.s2001.2000_2016.nc",NA,NA,NA,NA,NA,NA,TRUE,NA,NA,NA,NA,NA,FALSE,FALSE,"params.USMX.NLCD_INEGI.s2001.2000_2016.nc","https://zenodo.org/api/records/2612560/files/params.USMX.NLCD_INEGI.s2001.2000_2016.nc/content",451063792,"zenodo/2612560"
"scientific_data","10.1038/s41597-019-0150-2","zenodo::2612560::params.USMX.NLCD_INEGI.s2011.2000_2016.nc",NA,NA,NA,NA,NA,NA,TRUE,NA,NA,NA,NA,NA,FALSE,FALSE,"params.USMX.NLCD_INEGI.s2011.2000_2016.nc","https://zenodo.org/api/records/2612560/files/params.USMX.NLCD_INEGI.s2011.2000_2016.nc/content",457957503,"zenodo/2612560"
"scientific_data","10.1038/s41597-019-0150-2","zenodo::2612560::veg_hist.USMX.NLCD_INEGI.s2011.2000_2016.monthly.tgz",NA,NA,NA,NA,NA,NA,TRUE,NA,NA,NA,NA,NA,FALSE,FALSE,"veg_hist.USMX.NLCD_INEGI.s2011.2000_2016.monthly.tgz","https://zenodo.org/api/records/2612560/files/veg_hist.USMX.NLCD_INEGI.s2011.2000_2016.monthly.tgz/content",5278413841,"zenodo/2612560"
"scientific_data","10.1038/s41597-019-0150-2","zenodo::2612560::veg_hist.CONUS_MX.MOD_IGBP.mode.2000_2016.monthly.tgz",NA,NA,NA,NA,NA,NA,TRUE,NA,NA,NA,NA,NA,FALSE,FALSE,"veg_hist.CONUS_MX.MOD_IGBP.mode.2000_2016.monthly.tgz","https://zenodo.org/api/records/2612560/files/veg_hist.CONUS_MX.MOD_IGBP.mode.2000_2016.monthly.tgz/content",3209395043,"zenodo/2612560"
"scientific_data","10.1038/s41597-019-0150-2","zenodo::2612560::veg_hist.USMX.NLCD_INEGI.s1992.2000_2016.monthly.tgz",NA,NA,NA,NA,NA,NA,TRUE,NA,NA,NA,NA,NA,FALSE,FALSE,"veg_hist.USMX.NLCD_INEGI.s1992.2000_2016.monthly.tgz","https://zenodo.org/api/records/2612560/files/veg_hist.USMX.NLCD_INEGI.s1992.2000_2016.monthly.tgz/content",5281785610,"zenodo/2612560"
"scientific_data","10.1038/s41597-019-0150-2","zenodo::2612560::global_param.template",NA,NA,NA,NA,NA,NA,TRUE,NA,NA,NA,NA,NA,FALSE,FALSE,"global_param.template","https://zenodo.org/api/records/2612560/files/global_param.template/content",3888,"zenodo/2612560"
"scientific_data","10.1038/s41597-019-0150-2","zenodo::2612560::veg_hist.USMX.NLCD_INEGI.2011.2000_2016.monthly.tgz",NA,NA,NA,NA,NA,NA,TRUE,NA,NA,NA,NA,NA,FALSE,FALSE,"veg_hist.USMX.NLCD_INEGI.2011.2000_2016.monthly.tgz","https://zenodo.org/api/records/2612560/files/veg_hist.USMX.NLCD_INEGI.2011.2000_2016.monthly.tgz/content",5313811355,"zenodo/2612560"
"scientific_data","10.1038/s41597-019-0150-2","zenodo::2612560::params.USMX.NLCD_INEGI.s1992.2000_2016.nc",NA,NA,NA,NA,NA,NA,TRUE,NA,NA,NA,NA,NA,FALSE,FALSE,"params.USMX.NLCD_INEGI.s1992.2000_2016.nc","https://zenodo.org/api/records/2612560/files/params.USMX.NLCD_INEGI.s1992.2000_2016.nc/content",458167111,"zenodo/2612560"
"scientific_data","10.1038/s41597-019-0150-2","zenodo::2612560::veg_hist.USMX.NLCD_INEGI.s2001.2000_2016.monthly.tgz",NA,NA,NA,NA,NA,NA,TRUE,NA,NA,NA,NA,NA,FALSE,FALSE,"veg_hist.USMX.NLCD_INEGI.s2001.2000_2016.monthly.tgz","https://zenodo.org/api/records/2612560/files/veg_hist.USMX.NLCD_INEGI.s2001.2000_2016.monthly.tgz/content",5189365692,"zenodo/2612560"
"scientific_data","10.1038/s41597-019-0150-2","zenodo::2612560::veg_hist.USMX.NLCD_INEGI.2001.2000_2016.monthly.tgz",NA,NA,NA,NA,NA,NA,TRUE,NA,NA,NA,NA,NA,FALSE,FALSE,"veg_hist.USMX.NLCD_INEGI.2001.2000_2016.monthly.tgz","https://zenodo.org/api/records/2612560/files/veg_hist.USMX.NLCD_INEGI.2001.2000_2016.monthly.tgz/content",5191463259,"zenodo/2612560"
"scientific_data","10.1038/s41597-019-0150-2","zenodo::2612560::params.USMX.NLCD_INEGI.2011.2011_2011.nc",NA,NA,NA,NA,NA,NA,TRUE,NA,NA,NA,NA,NA,FALSE,FALSE,"params.USMX.NLCD_INEGI.2011.2011_2011.nc","https://zenodo.org/api/records/2612560/files/params.USMX.NLCD_INEGI.2011.2011_2011.nc/content",471646417,"zenodo/2612560"
"scientific_data","10.1038/s41597-019-0150-2","zenodo::2612560::params.USMX.NLCD_INEGI.s2001.2001_2001.nc",NA,NA,NA,NA,NA,NA,TRUE,NA,NA,NA,NA,NA,FALSE,FALSE,"params.USMX.NLCD_INEGI.s2001.2001_2001.nc","https://zenodo.org/api/records/2612560/files/params.USMX.NLCD_INEGI.s2001.2001_2001.nc/content",462763312,"zenodo/2612560"
"scientific_data","10.1038/s41597-019-0150-2","zenodo::2612560::params.USMX.NLCD_INEGI.2001.2001_2001.nc",NA,NA,NA,NA,NA,NA,TRUE,NA,NA,NA,NA,NA,FALSE,FALSE,"params.USMX.NLCD_INEGI.2001.2001_2001.nc","https://zenodo.org/api/records/2612560/files/params.USMX.NLCD_INEGI.2001.2001_2001.nc/content",462911527,"zenodo/2612560"
"scientific_data","10.1038/s41597-019-0150-2","zenodo::2612560::MOD-LSP User Guide v1.0.pdf",NA,NA,NA,NA,NA,NA,TRUE,NA,NA,NA,NA,NA,FALSE,FALSE,"MOD-LSP User Guide v1.0.pdf","https://zenodo.org/api/records/2612560/files/MOD-LSP%20User%20Guide%20v1.0.pdf/content",2930715,"zenodo/2612560"
"scientific_data","10.1038/s41597-019-0150-2","zenodo::2612560::params.USMX.L2015.nc",NA,NA,NA,NA,NA,NA,TRUE,NA,NA,NA,NA,NA,FALSE,FALSE,"params.USMX.L2015.nc","https://zenodo.org/api/records/2612560/files/params.USMX.L2015.nc/content",3581040243,"zenodo/2612560"
"scientific_data","10.1038/s41597-019-0150-2","zenodo::2612560::params.CONUS_MX.L2015.nc",NA,NA,NA,NA,NA,NA,TRUE,NA,NA,NA,NA,NA,FALSE,FALSE,"params.CONUS_MX.L2015.nc","https://zenodo.org/api/records/2612560/files/params.CONUS_MX.L2015.nc/content",3731083028,"zenodo/2612560"
"scientific_data","10.1038/s41597-019-0150-2","zenodo::1402223::domain.CONUS_MX.L2015.nc",NA,NA,NA,NA,NA,NA,TRUE,NA,NA,NA,NA,NA,FALSE,FALSE,"domain.CONUS_MX.L2015.nc","https://zenodo.org/api/records/1402223/files/domain.CONUS_MX.L2015.nc/content",10290502,"zenodo/1402223"
"scientific_data","10.1038/s41597-019-0150-2","zenodo::2649756::tbohn/VIC_Landcover_MODIS_NLCD_INEGI-v1.6.zip",NA,NA,NA,NA,NA,NA,TRUE,NA,NA,NA,NA,NA,FALSE,FALSE,"tbohn/VIC_Landcover_MODIS_NLCD_INEGI-v1.6.zip","https://zenodo.org/api/records/2649756/files/tbohn/VIC_Landcover_MODIS_NLCD_INEGI-v1.6.zip/content",2599331,"zenodo/2649756"
"scientific_data","10.1038/s41597-019-0150-2","zenodo::2591501::2011.tgz",NA,NA,NA,NA,NA,NA,TRUE,NA,NA,NA,NA,NA,FALSE,FALSE,"2011.tgz","https://zenodo.org/api/records/2591501/files/2011.tgz/content",1246661938,"zenodo/2591501"
"scientific_data","10.1038/s41597-019-0150-2","zenodo::2591501::2001.tgz",NA,NA,NA,NA,NA,NA,TRUE,NA,NA,NA,NA,NA,FALSE,FALSE,"2001.tgz","https://zenodo.org/api/records/2591501/files/2001.tgz/content",1217699336,"zenodo/2591501"
"scientific_data","10.1038/s41597-019-0150-2","zenodo::2591501::1992.tgz",NA,NA,NA,NA,NA,NA,TRUE,NA,NA,NA,NA,NA,FALSE,FALSE,"1992.tgz","https://zenodo.org/api/records/2591501/files/1992.tgz/content",1269817455,"zenodo/2591501"
"scientific_data","10.1038/s41597-019-0150-2","zenodo::2591501::stable_2001-2011.tgz",NA,NA,NA,NA,NA,NA,TRUE,NA,NA,NA,NA,NA,FALSE,FALSE,"stable_2001-2011.tgz","https://zenodo.org/api/records/2591501/files/stable_2001-2011.tgz/content",1268310484,"zenodo/2591501"
"scientific_data","10.1038/s41597-019-0340-y","dryad::10.5061/dryad.234::NA",NA,NA,NA,NA,NA,NA,TRUE,NA,NA,NA,NA,NA,FALSE,FALSE,NA,NA,NA,"dryad/10.5061/dryad.234"
"scientific_data","10.1038/s41597-020-0459-x","figshare::7854767::databaseAll.csv",NA,NA,NA,NA,NA,NA,TRUE,NA,NA,NA,NA,NA,FALSE,FALSE,"databaseAll.csv","https://ndownloader.figshare.com/files/18650381",2837649052,"figshare/7854767"
"scientific_data","10.1038/s41597-020-0459-x","figshare::7854767::databaseAllPruned.csv",NA,NA,NA,NA,NA,NA,TRUE,NA,NA,NA,NA,NA,FALSE,FALSE,"databaseAllPruned.csv","https://ndownloader.figshare.com/files/18650651",2571856690,"figshare/7854767"
"scientific_data","10.1038/s41597-020-0529-0","zenodo::3886332::Plant-Functional-Trait-Course/PFTC_1_2_China-v1.1.zip",NA,NA,NA,NA,NA,NA,TRUE,NA,NA,NA,NA,NA,FALSE,FALSE,"Plant-Functional-Trait-Course/PFTC_1_2_China-v1.1.zip","https://zenodo.org/api/records/3886332/files/Plant-Functional-Trait-Course/PFTC_1_2_China-v1.1.zip/content",2517933,"zenodo/3886332"
"scientific_data","10.1038/s41597-021-00826-w","figshare::12331400::CFCCD datasets.zip",NA,NA,NA,NA,NA,NA,TRUE,NA,NA,NA,NA,NA,FALSE,FALSE,"CFCCD datasets.zip","https://ndownloader.figshare.com/files/25892343",2793703,"figshare/12331400"
"scientific_data","10.1038/s41597-021-00873-3","figshare::13952897::WOODIV_DB_release_v1.zip",NA,NA,NA,NA,NA,NA,TRUE,NA,NA,NA,NA,NA,FALSE,FALSE,"WOODIV_DB_release_v1.zip","https://ndownloader.figshare.com/files/26576827",11772113,"figshare/13952897"
"scientific_data","10.1038/s41597-021-00873-3","dryad::10.5061/dryad.234::NA",NA,NA,NA,NA,NA,NA,TRUE,NA,NA,NA,NA,NA,FALSE,FALSE,NA,NA,NA,"dryad/10.5061/dryad.234"
"scientific_data","10.1038/s41597-021-01006-6","zenodo::3568417::austraits-7.0.0-flattened.rds",NA,NA,NA,NA,NA,NA,TRUE,NA,NA,NA,NA,NA,FALSE,FALSE,"austraits-7.0.0-flattened.rds","https://zenodo.org/api/records/15718081/files/austraits-7.0.0-flattened.rds/content",76957525,"zenodo/3568417"
"scientific_data","10.1038/s41597-021-01006-6","zenodo::3568417::austraits-7.0.0.zip",NA,NA,NA,NA,NA,NA,TRUE,NA,NA,NA,NA,NA,FALSE,FALSE,"austraits-7.0.0.zip","https://zenodo.org/api/records/15718081/files/austraits-7.0.0.zip/content",21100078,"zenodo/3568417"
"scientific_data","10.1038/s41597-021-01006-6","zenodo::3568417::austraits-7.0.0.rds",NA,NA,NA,NA,NA,NA,TRUE,NA,NA,NA,NA,NA,FALSE,FALSE,"austraits-7.0.0.rds","https://zenodo.org/api/records/15718081/files/austraits-7.0.0.rds/content",19219773,"zenodo/3568417"
"scientific_data","10.1038/s41597-021-01006-6","zenodo::3568417::austraits-7.0.0-flattened.parquet",NA,NA,NA,NA,NA,NA,TRUE,NA,NA,NA,NA,NA,FALSE,FALSE,"austraits-7.0.0-flattened.parquet","https://zenodo.org/api/records/15718081/files/austraits-7.0.0-flattened.parquet/content",43531865,"zenodo/3568417"
"scientific_data","10.1038/s41597-021-01006-6","zenodo::3568417::dictionary.html",NA,NA,NA,NA,NA,NA,TRUE,NA,NA,NA,NA,NA,FALSE,FALSE,"dictionary.html","https://zenodo.org/api/records/15718081/files/dictionary.html/content",1683099,"zenodo/3568417"
"scientific_data","10.1038/s41597-021-01006-6","dryad::10.5061/dryad.72h45::NA",NA,NA,NA,NA,NA,NA,TRUE,NA,NA,NA,NA,NA,FALSE,FALSE,NA,NA,NA,"dryad/10.5061/dryad.72h45"
"scientific_data","10.1038/s41597-021-01006-6","dryad::10.5061/dryad.234::NA",NA,NA,NA,NA,NA,NA,TRUE,NA,NA,NA,NA,NA,FALSE,FALSE,NA,NA,NA,"dryad/10.5061/dryad.234"
"scientific_data","10.1038/s41597-023-02695-x","figshare::22220050::GLASS13D01.V10.A2000001.h34v10.2023058.hdf",NA,NA,NA,NA,NA,NA,TRUE,NA,NA,NA,NA,NA,FALSE,FALSE,"GLASS13D01.V10.A2000001.h34v10.2023058.hdf","https://ndownloader.figshare.com/files/39491473",1081913,"figshare/22220050"
"scientific_data","10.1038/s41597-023-02695-x","figshare::22220050::GLASS13D01.V10.A2000001.h35v08.2023058.hdf",NA,NA,NA,NA,NA,NA,TRUE,NA,NA,NA,NA,NA,FALSE,FALSE,"GLASS13D01.V10.A2000001.h35v08.2023058.hdf","https://ndownloader.figshare.com/files/39491476",177833,"figshare/22220050"
"scientific_data","10.1038/s41597-023-02695-x","figshare::22220050::GLASS13D01.V10.A2000001.h35v09.2023058.hdf",NA,NA,NA,NA,NA,NA,TRUE,NA,NA,NA,NA,NA,FALSE,FALSE,"GLASS13D01.V10.A2000001.h35v09.2023058.hdf","https://ndownloader.figshare.com/files/39491479",171686,"figshare/22220050"
"scientific_data","10.1038/s41597-023-02695-x","figshare::22220050::GLASS13D01.V10.A2000001.h35v10.2023058.hdf",NA,NA,NA,NA,NA,NA,TRUE,NA,NA,NA,NA,NA,FALSE,FALSE,"GLASS13D01.V10.A2000001.h35v10.2023058.hdf","https://ndownloader.figshare.com/files/39491482",435525,"figshare/22220050"
"scientific_data","10.1038/s41597-023-02695-x","figshare::22220050::GLASS13D01.V10.A2000001.h00v08.2023058.hdf",NA,NA,NA,NA,NA,NA,TRUE,NA,NA,NA,NA,NA,FALSE,FALSE,"GLASS13D01.V10.A2000001.h00v08.2023058.hdf","https://ndownloader.figshare.com/files/39491485",121395,"figshare/22220050"
"scientific_data","10.1038/s41597-023-02695-x","figshare::22220050::GLASS13D01.V10.A2000001.h00v09.2023058.hdf",NA,NA,NA,NA,NA,NA,TRUE,NA,NA,NA,NA,NA,FALSE,FALSE,"GLASS13D01.V10.A2000001.h00v09.2023058.hdf","https://ndownloader.figshare.com/files/39491488",133140,"figshare/22220050"
"scientific_data","10.1038/s41597-023-02695-x","figshare::22220050::GLASS13D01.V10.A2000001.h00v10.2023058.hdf",NA,NA,NA,NA,NA,NA,TRUE,NA,NA,NA,NA,NA,FALSE,FALSE,"GLASS13D01.V10.A2000001.h00v10.2023058.hdf","https://ndownloader.figshare.com/files/39491491",177826,"figshare/22220050"
"scientific_data","10.1038/s41597-023-02695-x","figshare::22220050::GLASS13D01.V10.A2000001.h01v08.2023058.hdf",NA,NA,NA,NA,NA,NA,TRUE,NA,NA,NA,NA,NA,FALSE,FALSE,"GLASS13D01.V10.A2000001.h01v08.2023058.hdf","https://ndownloader.figshare.com/files/39491494",121438,"figshare/22220050"
"scientific_data","10.1038/s41597-023-02695-x","figshare::22220050::GLASS13D01.V10.A2000001.h01v09.2023058.hdf",NA,NA,NA,NA,NA,NA,TRUE,NA,NA,NA,NA,NA,FALSE,FALSE,"GLASS13D01.V10.A2000001.h01v09.2023058.hdf","https://ndownloader.figshare.com/files/39491497",125917,"figshare/22220050"
"scientific_data","10.1038/s41597-023-02695-x","figshare::22220050::GLASS13D01.V10.A2000001.h01v10.2023058.hdf",NA,NA,NA,NA,NA,NA,TRUE,NA,NA,NA,NA,NA,FALSE,FALSE,"GLASS13D01.V10.A2000001.h01v10.2023058.hdf","https://ndownloader.figshare.com/files/39491500",336451,"figshare/22220050"
"scientific_data","10.1038/s41597-023-02695-x","figshare::22220050::GLASS13D01.V10.A2000001.h01v11.2023058.hdf",NA,NA,NA,NA,NA,NA,TRUE,NA,NA,NA,NA,NA,FALSE,FALSE,"GLASS13D01.V10.A2000001.h01v11.2023058.hdf","https://ndownloader.figshare.com/files/39491503",153523,"figshare/22220050"
"scientific_data","10.1038/s41597-023-02695-x","figshare::22220050::GLASS13D01.V10.A2000001.h02v06.2023058.hdf",NA,NA,NA,NA,NA,NA,TRUE,NA,NA,NA,NA,NA,FALSE,FALSE,"GLASS13D01.V10.A2000001.h02v06.2023058.hdf","https://ndownloader.figshare.com/files/39491506",123572,"figshare/22220050"
"scientific_data","10.1038/s41597-023-02695-x","figshare::22220050::GLASS13D01.V10.A2000001.h02v08.2023058.hdf",NA,NA,NA,NA,NA,NA,TRUE,NA,NA,NA,NA,NA,FALSE,FALSE,"GLASS13D01.V10.A2000001.h02v08.2023058.hdf","https://ndownloader.figshare.com/files/39491509",154991,"figshare/22220050"
"scientific_data","10.1038/s41597-023-02695-x","figshare::22220050::GLASS13D01.V10.A2000001.h02v09.2023058.hdf",NA,NA,NA,NA,NA,NA,TRUE,NA,NA,NA,NA,NA,FALSE,FALSE,"GLASS13D01.V10.A2000001.h02v09.2023058.hdf","https://ndownloader.figshare.com/files/39491512",131497,"figshare/22220050"
"scientific_data","10.1038/s41597-023-02695-x","figshare::22220050::GLASS13D01.V10.A2000001.h02v10.2023058.hdf",NA,NA,NA,NA,NA,NA,TRUE,NA,NA,NA,NA,NA,FALSE,FALSE,"GLASS13D01.V10.A2000001.h02v10.2023058.hdf","https://ndownloader.figshare.com/files/39491515",130876,"figshare/22220050"
"scientific_data","10.1038/s41597-023-02695-x","figshare::22220050::GLASS13D01.V10.A2000001.h02v11.2023058.hdf",NA,NA,NA,NA,NA,NA,TRUE,NA,NA,NA,NA,NA,FALSE,FALSE,"GLASS13D01.V10.A2000001.h02v11.2023058.hdf","https://ndownloader.figshare.com/files/39491518",123374,"figshare/22220050"
"scientific_data","10.1038/s41597-023-02695-x","figshare::22220050::GLASS13D01.V10.A2000001.h03v06.2023058.hdf",NA,NA,NA,NA,NA,NA,TRUE,NA,NA,NA,NA,NA,FALSE,FALSE,"GLASS13D01.V10.A2000001.h03v06.2023058.hdf","https://ndownloader.figshare.com/files/39491521",432404,"figshare/22220050"
"scientific_data","10.1038/s41597-023-02695-x","figshare::22220050::GLASS13D01.V10.A2000001.h03v07.2023058.hdf",NA,NA,NA,NA,NA,NA,TRUE,NA,NA,NA,NA,NA,FALSE,FALSE,"GLASS13D01.V10.A2000001.h03v07.2023058.hdf","https://ndownloader.figshare.com/files/39491524",467678,"figshare/22220050"
"scientific_data","10.1038/s41597-023-02695-x","figshare::22220050::GLASS13D01.V10.A2000001.h03v09.2023058.hdf",NA,NA,NA,NA,NA,NA,TRUE,NA,NA,NA,NA,NA,FALSE,FALSE,"GLASS13D01.V10.A2000001.h03v09.2023058.hdf","https://ndownloader.figshare.com/files/39491527",121907,"figshare/22220050"
"scientific_data","10.1038/s41597-023-02695-x","figshare::22220050::GLASS13D01.V10.A2000001.h03v10.2023058.hdf",NA,NA,NA,NA,NA,NA,TRUE,NA,NA,NA,NA,NA,FALSE,FALSE,"GLASS13D01.V10.A2000001.h03v10.2023058.hdf","https://ndownloader.figshare.com/files/39491530",313434,"figshare/22220050"
"scientific_data","10.1038/s41597-023-02695-x","figshare::22220050::GLASS13D01.V10.A2000001.h03v11.2023058.hdf",NA,NA,NA,NA,NA,NA,TRUE,NA,NA,NA,NA,NA,FALSE,FALSE,"GLASS13D01.V10.A2000001.h03v11.2023058.hdf","https://ndownloader.figshare.com/files/39491533",133976,"figshare/22220050"
"scientific_data","10.1038/s41597-023-02695-x","figshare::22220050::GLASS13D01.V10.A2000001.h04v09.2023058.hdf",NA,NA,NA,NA,NA,NA,TRUE,NA,NA,NA,NA,NA,FALSE,FALSE,"GLASS13D01.V10.A2000001.h04v09.2023058.hdf","https://ndownloader.figshare.com/files/39491536",179881,"figshare/22220050"
"scientific_data","10.1038/s41597-023-02695-x","figshare::22220050::GLASS13D01.V10.A2000001.h04v10.2023058.hdf",NA,NA,NA,NA,NA,NA,TRUE,NA,NA,NA,NA,NA,FALSE,FALSE,"GLASS13D01.V10.A2000001.h04v10.2023058.hdf","https://ndownloader.figshare.com/files/39491539",280728,"figshare/22220050"
"scientific_data","10.1038/s41597-023-02695-x","figshare::22220050::GLASS13D01.V10.A2000001.h04v11.2023058.hdf",NA,NA,NA,NA,NA,NA,TRUE,NA,NA,NA,NA,NA,FALSE,FALSE,"GLASS13D01.V10.A2000001.h04v11.2023058.hdf","https://ndownloader.figshare.com/files/39491542",138953,"figshare/22220050"
"scientific_data","10.1038/s41597-023-02695-x","figshare::22220050::GLASS13D01.V10.A2000001.h05v10.2023058.hdf",NA,NA,NA,NA,NA,NA,TRUE,NA,NA,NA,NA,NA,FALSE,FALSE,"GLASS13D01.V10.A2000001.h05v10.2023058.hdf","https://ndownloader.figshare.com/files/39491545",125386,"figshare/22220050"
"scientific_data","10.1038/s41597-023-02695-x","figshare::22220050::GLASS13D01.V10.A2000001.h05v11.2023058.hdf",NA,NA,NA,NA,NA,NA,TRUE,NA,NA,NA,NA,NA,FALSE,FALSE,"GLASS13D01.V10.A2000001.h05v11.2023058.hdf","https://ndownloader.figshare.com/files/39491548",158608,"figshare/22220050"
"scientific_data","10.1038/s41597-023-02695-x","figshare::22220050::GLASS13D01.V10.A2000001.h05v13.2023058.hdf",NA,NA,NA,NA,NA,NA,TRUE,NA,NA,NA,NA,NA,FALSE,FALSE,"GLASS13D01.V10.A2000001.h05v13.2023058.hdf","https://ndownloader.figshare.com/files/39491551",174732,"figshare/22220050"
"scientific_data","10.1038/s41597-023-02695-x","figshare::22220050::GLASS13D01.V10.A2000001.h06v03.2023058.hdf",NA,NA,NA,NA,NA,NA,TRUE,NA,NA,NA,NA,NA,FALSE,FALSE,"GLASS13D01.V10.A2000001.h06v03.2023058.hdf","https://ndownloader.figshare.com/files/39491554",152323,"figshare/22220050"
"scientific_data","10.1038/s41597-023-02695-x","figshare::22220050::GLASS13D01.V10.A2000001.h06v11.2023058.hdf",NA,NA,NA,NA,NA,NA,TRUE,NA,NA,NA,NA,NA,FALSE,FALSE,"GLASS13D01.V10.A2000001.h06v11.2023058.hdf","https://ndownloader.figshare.com/files/39491557",126566,"figshare/22220050"
"scientific_data","10.1038/s41597-023-02695-x","figshare::22220050::GLASS13D01.V10.A2000001.h07v03.2023058.hdf",NA,NA,NA,NA,NA,NA,TRUE,NA,NA,NA,NA,NA,FALSE,FALSE,"GLASS13D01.V10.A2000001.h07v03.2023058.hdf","https://ndownloader.figshare.com/files/39491560",426282,"figshare/22220050"
"scientific_data","10.1038/s41597-023-02695-x","figshare::22220050::GLASS13D01.V10.A2000001.h07v05.2023058.hdf",NA,NA,NA,NA,NA,NA,TRUE,NA,NA,NA,NA,NA,FALSE,FALSE,"GLASS13D01.V10.A2000001.h07v05.2023058.hdf","https://ndownloader.figshare.com/files/39491563",142449,"figshare/22220050"
"scientific_data","10.1038/s41597-023-02695-x","figshare::22220050::GLASS13D01.V10.A2000001.h07v06.2023058.hdf",NA,NA,NA,NA,NA,NA,TRUE,NA,NA,NA,NA,NA,FALSE,FALSE,"GLASS13D01.V10.A2000001.h07v06.2023058.hdf","https://ndownloader.figshare.com/files/39491566",2608937,"figshare/22220050"
"scientific_data","10.1038/s41597-023-02695-x","figshare::22220050::GLASS13D01.V10.A2000001.h07v07.2023058.hdf",NA,NA,NA,NA,NA,NA,TRUE,NA,NA,NA,NA,NA,FALSE,FALSE,"GLASS13D01.V10.A2000001.h07v07.2023058.hdf","https://ndownloader.figshare.com/files/39491569",132887,"figshare/22220050"
"scientific_data","10.1038/s41597-023-02695-x","figshare::22220050::GLASS13D01.V10.A2000001.h08v03.2023058.hdf",NA,NA,NA,NA,NA,NA,TRUE,NA,NA,NA,NA,NA,FALSE,FALSE,"GLASS13D01.V10.A2000001.h08v03.2023058.hdf","https://ndownloader.figshare.com/files/39491572",955118,"figshare/22220050"
"scientific_data","10.1038/s41597-023-02695-x","figshare::22220050::GLASS13D01.V10.A2000001.h08v04.2023058.hdf",NA,NA,NA,NA,NA,NA,TRUE,NA,NA,NA,NA,NA,FALSE,FALSE,"GLASS13D01.V10.A2000001.h08v04.2023058.hdf","https://ndownloader.figshare.com/files/39491575",4076657,"figshare/22220050"
"scientific_data","10.1038/s41597-023-02695-x","figshare::22220050::GLASS13D01.V10.A2000001.h08v05.2023058.hdf",NA,NA,NA,NA,NA,NA,TRUE,NA,NA,NA,NA,NA,FALSE,FALSE,"GLASS13D01.V10.A2000001.h08v05.2023058.hdf","https://ndownloader.figshare.com/files/39491578",31081983,"figshare/22220050"
"scientific_data","10.1038/s41597-023-02695-x","figshare::22220050::GLASS13D01.V10.A2000001.h08v06.2023058.hdf",NA,NA,NA,NA,NA,NA,TRUE,NA,NA,NA,NA,NA,FALSE,FALSE,"GLASS13D01.V10.A2000001.h08v06.2023058.hdf","https://ndownloader.figshare.com/files/39491581",32306606,"figshare/22220050"
"scientific_data","10.1038/s41597-023-02695-x","figshare::22220050::GLASS13D01.V10.A2000001.h08v07.2023058.hdf",NA,NA,NA,NA,NA,NA,TRUE,NA,NA,NA,NA,NA,FALSE,FALSE,"GLASS13D01.V10.A2000001.h08v07.2023058.hdf","https://ndownloader.figshare.com/files/39491584",11524012,"figshare/22220050"
"scientific_data","10.1038/s41597-023-02695-x","figshare::22220050::GLASS13D01.V10.A2000001.h08v08.2023058.hdf",NA,NA,NA,NA,NA,NA,TRUE,NA,NA,NA,NA,NA,FALSE,FALSE,"GLASS13D01.V10.A2000001.h08v08.2023058.hdf","https://ndownloader.figshare.com/files/39491587",148706,"figshare/22220050"
"scientific_data","10.1038/s41597-023-02695-x","figshare::22220050::GLASS13D01.V10.A2000001.h08v09.2023058.hdf",NA,NA,NA,NA,NA,NA,TRUE,NA,NA,NA,NA,NA,FALSE,FALSE,"GLASS13D01.V10.A2000001.h08v09.2023058.hdf","https://ndownloader.figshare.com/files/39491590",398744,"figshare/22220050"
"scientific_data","10.1038/s41597-023-02695-x","figshare::22220050::GLASS13D01.V10.A2000001.h09v02.2023058.hdf",NA,NA,NA,NA,NA,NA,TRUE,NA,NA,NA,NA,NA,FALSE,FALSE,"GLASS13D01.V10.A2000001.h09v02.2023058.hdf","https://ndownloader.figshare.com/files/39491593",612467,"figshare/22220050"
"scientific_data","10.1038/s41597-023-02695-x","figshare::22220050::GLASS13D01.V10.A2000001.h09v03.2023058.hdf",NA,NA,NA,NA,NA,NA,TRUE,NA,NA,NA,NA,NA,FALSE,FALSE,"GLASS13D01.V10.A2000001.h09v03.2023058.hdf","https://ndownloader.figshare.com/files/39491596",4070752,"figshare/22220050"
"scientific_data","10.1038/s41597-023-02695-x","figshare::22220050::GLASS13D01.V10.A2000001.h09v04.2023058.hdf",NA,NA,NA,NA,NA,NA,TRUE,NA,NA,NA,NA,NA,FALSE,FALSE,"GLASS13D01.V10.A2000001.h09v04.2023058.hdf","https://ndownloader.figshare.com/files/39491599",27236642,"figshare/22220050"
"scientific_data","10.1038/s41597-023-02695-x","figshare::22220050::GLASS13D01.V10.A2000001.h09v05.2023058.hdf",NA,NA,NA,NA,NA,NA,TRUE,NA,NA,NA,NA,NA,FALSE,FALSE,"GLASS13D01.V10.A2000001.h09v05.2023058.hdf","https://ndownloader.figshare.com/files/39491602",38728758,"figshare/22220050"
"scientific_data","10.1038/s41597-023-02695-x","figshare::22220050::GLASS13D01.V10.A2000001.h09v06.2023058.hdf",NA,NA,NA,NA,NA,NA,TRUE,NA,NA,NA,NA,NA,FALSE,FALSE,"GLASS13D01.V10.A2000001.h09v06.2023058.hdf","https://ndownloader.figshare.com/files/39491605",11353785,"figshare/22220050"
"scientific_data","10.1038/s41597-023-02695-x","figshare::22220050::GLASS13D01.V10.A2000001.h09v07.2023058.hdf",NA,NA,NA,NA,NA,NA,TRUE,NA,NA,NA,NA,NA,FALSE,FALSE,"GLASS13D01.V10.A2000001.h09v07.2023058.hdf","https://ndownloader.figshare.com/files/39491608",19447771,"figshare/22220050"
"scientific_data","10.1038/s41597-023-02695-x","figshare::22220050::GLASS13D01.V10.A2000001.h09v08.2023058.hdf",NA,NA,NA,NA,NA,NA,TRUE,NA,NA,NA,NA,NA,FALSE,FALSE,"GLASS13D01.V10.A2000001.h09v08.2023058.hdf","https://ndownloader.figshare.com/files/39491611",1960676,"figshare/22220050"
"scientific_data","10.1038/s41597-023-02695-x","figshare::22220050::GLASS13D01.V10.A2000001.h09v09.2023058.hdf",NA,NA,NA,NA,NA,NA,TRUE,NA,NA,NA,NA,NA,FALSE,FALSE,"GLASS13D01.V10.A2000001.h09v09.2023058.hdf","https://ndownloader.figshare.com/files/39491614",1737126,"figshare/22220050"
"scientific_data","10.1038/s41597-023-02695-x","figshare::22220050::GLASS13D01.V10.A2000001.h10v02.2023058.hdf",NA,NA,NA,NA,NA,NA,TRUE,NA,NA,NA,NA,NA,FALSE,FALSE,"GLASS13D01.V10.A2000001.h10v02.2023058.hdf","https://ndownloader.figshare.com/files/39491617",11564505,"figshare/22220050"
"scientific_data","10.1038/s41597-023-02695-x","figshare::22220050::GLASS13D01.V10.A2000001.h10v03.2023058.hdf",NA,NA,NA,NA,NA,NA,TRUE,NA,NA,NA,NA,NA,FALSE,FALSE,"GLASS13D01.V10.A2000001.h10v03.2023058.hdf","https://ndownloader.figshare.com/files/39491620",24938696,"figshare/22220050"
"scientific_data","10.1038/s41597-023-02695-x","figshare::22220050::GLASS13D01.V10.A2000001.h10v04.2023058.hdf",NA,NA,NA,NA,NA,NA,TRUE,NA,NA,NA,NA,NA,FALSE,FALSE,"GLASS13D01.V10.A2000001.h10v04.2023058.hdf","https://ndownloader.figshare.com/files/39491623",38445439,"figshare/22220050"
"scientific_data","10.1038/s41597-023-02695-x","figshare::22220050::GLASS13D01.V10.A2000001.h10v05.2023058.hdf",NA,NA,NA,NA,NA,NA,TRUE,NA,NA,NA,NA,NA,FALSE,FALSE,"GLASS13D01.V10.A2000001.h10v05.2023058.hdf","https://ndownloader.figshare.com/files/39491626",38392518,"figshare/22220050"
"scientific_data","10.1038/s41597-023-02695-x","figshare::22220050::GLASS13D01.V10.A2000001.h10v06.2023058.hdf",NA,NA,NA,NA,NA,NA,TRUE,NA,NA,NA,NA,NA,FALSE,FALSE,"GLASS13D01.V10.A2000001.h10v06.2023058.hdf","https://ndownloader.figshare.com/files/39491629",8293138,"figshare/22220050"
"scientific_data","10.1038/s41597-023-02695-x","figshare::22220050::GLASS13D01.V10.A2000001.h10v07.2023058.hdf",NA,NA,NA,NA,NA,NA,TRUE,NA,NA,NA,NA,NA,FALSE,FALSE,"GLASS13D01.V10.A2000001.h10v07.2023058.hdf","https://ndownloader.figshare.com/files/39491632",2977981,"figshare/22220050"
"scientific_data","10.1038/s41597-023-02695-x","figshare::22220050::GLASS13D01.V10.A2000001.h10v08.2023058.hdf",NA,NA,NA,NA,NA,NA,TRUE,NA,NA,NA,NA,NA,FALSE,FALSE,"GLASS13D01.V10.A2000001.h10v08.2023058.hdf","https://ndownloader.figshare.com/files/39491635",30231254,"figshare/22220050"
"scientific_data","10.1038/s41597-023-02695-x","figshare::22220050::GLASS13D01.V10.A2000001.h10v09.2023058.hdf",NA,NA,NA,NA,NA,NA,TRUE,NA,NA,NA,NA,NA,FALSE,FALSE,"GLASS13D01.V10.A2000001.h10v09.2023058.hdf","https://ndownloader.figshare.com/files/39491638",36085861,"figshare/22220050"
"scientific_data","10.1038/s41597-023-02695-x","figshare::22220050::GLASS13D01.V10.A2000001.h10v10.2023058.hdf",NA,NA,NA,NA,NA,NA,TRUE,NA,NA,NA,NA,NA,FALSE,FALSE,"GLASS13D01.V10.A2000001.h10v10.2023058.hdf","https://ndownloader.figshare.com/files/39491641",11425973,"figshare/22220050"
"scientific_data","10.1038/s41597-023-02695-x","figshare::22220050::GLASS13D01.V10.A2000001.h10v11.2023058.hdf",NA,NA,NA,NA,NA,NA,TRUE,NA,NA,NA,NA,NA,FALSE,FALSE,"GLASS13D01.V10.A2000001.h10v11.2023058.hdf","https://ndownloader.figshare.com/files/39491644",121878,"figshare/22220050"
"scientific_data","10.1038/s41597-023-02695-x","figshare::22220050::GLASS13D01.V10.A2000001.h11v02.2023058.hdf",NA,NA,NA,NA,NA,NA,TRUE,NA,NA,NA,NA,NA,FALSE,FALSE,"GLASS13D01.V10.A2000001.h11v02.2023058.hdf","https://ndownloader.figshare.com/files/39491647",25661651,"figshare/22220050"
"scientific_data","10.1038/s41597-023-02695-x","figshare::22220050::GLASS13D01.V10.A2000001.h11v03.2023058.hdf",NA,NA,NA,NA,NA,NA,TRUE,NA,NA,NA,NA,NA,FALSE,FALSE,"GLASS13D01.V10.A2000001.h11v03.2023058.hdf","https://ndownloader.figshare.com/files/39491650",38438134,"figshare/22220050"
"scientific_data","10.1038/s41597-023-02695-x","figshare::22220050::GLASS13D01.V10.A2000001.h11v04.2023058.hdf",NA,NA,NA,NA,NA,NA,TRUE,NA,NA,NA,NA,NA,FALSE,FALSE,"GLASS13D01.V10.A2000001.h11v04.2023058.hdf","https://ndownloader.figshare.com/files/39491653",34467145,"figshare/22220050"
"scientific_data","10.1038/s41597-023-02695-x","figshare::22220050::GLASS13D01.V10.A2000001.h11v05.2023058.hdf",NA,NA,NA,NA,NA,NA,TRUE,NA,NA,NA,NA,NA,FALSE,FALSE,"GLASS13D01.V10.A2000001.h11v05.2023058.hdf","https://ndownloader.figshare.com/files/39491656",23826089,"figshare/22220050"
"scientific_data","10.1038/s41597-023-02695-x","figshare::22220050::GLASS13D01.V10.A2000001.h11v06.2023058.hdf",NA,NA,NA,NA,NA,NA,TRUE,NA,NA,NA,NA,NA,FALSE,FALSE,"GLASS13D01.V10.A2000001.h11v06.2023058.hdf","https://ndownloader.figshare.com/files/39491659",634651,"figshare/22220050"
"scientific_data","10.1038/s41597-023-02695-x","figshare::22220050::GLASS13D01.V10.A2000001.h11v07.2023058.hdf",NA,NA,NA,NA,NA,NA,TRUE,NA,NA,NA,NA,NA,FALSE,FALSE,"GLASS13D01.V10.A2000001.h11v07.2023058.hdf","https://ndownloader.figshare.com/files/39491662",6210050,"figshare/22220050"
"scientific_data","10.1038/s41597-023-02695-x","figshare::22220050::GLASS13D01.V10.A2000001.h11v08.2023058.hdf",NA,NA,NA,NA,NA,NA,TRUE,NA,NA,NA,NA,NA,FALSE,FALSE,"GLASS13D01.V10.A2000001.h11v08.2023058.hdf","https://ndownloader.figshare.com/files/39491665",38241319,"figshare/22220050"
"scientific_data","10.1038/s41597-023-02695-x","figshare::22220050::GLASS13D01.V10.A2000001.h11v09.2023058.hdf",NA,NA,NA,NA,NA,NA,TRUE,NA,NA,NA,NA,NA,FALSE,FALSE,"GLASS13D01.V10.A2000001.h11v09.2023058.hdf","https://ndownloader.figshare.com/files/39491668",36480274,"figshare/22220050"
"scientific_data","10.1038/s41597-023-02695-x","figshare::22220050::GLASS13D01.V10.A2000001.h11v10.2023058.hdf",NA,NA,NA,NA,NA,NA,TRUE,NA,NA,NA,NA,NA,FALSE,FALSE,"GLASS13D01.V10.A2000001.h11v10.2023058.hdf","https://ndownloader.figshare.com/files/39491671",35708231,"figshare/22220050"
"scientific_data","10.1038/s41597-023-02695-x","figshare::22220050::GLASS13D01.V10.A2000001.h11v11.2023058.hdf",NA,NA,NA,NA,NA,NA,TRUE,NA,NA,NA,NA,NA,FALSE,FALSE,"GLASS13D01.V10.A2000001.h11v11.2023058.hdf","https://ndownloader.figshare.com/files/39491674",14929070,"figshare/22220050"
"scientific_data","10.1038/s41597-023-02695-x","figshare::22220050::GLASS13D01.V10.A2000001.h11v12.2023058.hdf",NA,NA,NA,NA,NA,NA,TRUE,NA,NA,NA,NA,NA,FALSE,FALSE,"GLASS13D01.V10.A2000001.h11v12.2023058.hdf","https://ndownloader.figshare.com/files/39491677",1380098,"figshare/22220050"
"scientific_data","10.1038/s41597-023-02695-x","figshare::22220050::GLASS13D01.V10.A2000001.h12v01.2023058.hdf",NA,NA,NA,NA,NA,NA,TRUE,NA,NA,NA,NA,NA,FALSE,FALSE,"GLASS13D01.V10.A2000001.h12v01.2023058.hdf","https://ndownloader.figshare.com/files/39491680",1313829,"figshare/22220050"
"scientific_data","10.1038/s41597-023-02695-x","figshare::22220050::GLASS13D01.V10.A2000001.h12v02.2023058.hdf",NA,NA,NA,NA,NA,NA,TRUE,NA,NA,NA,NA,NA,FALSE,FALSE,"GLASS13D01.V10.A2000001.h12v02.2023058.hdf","https://ndownloader.figshare.com/files/39491683",30743391,"figshare/22220050"
"scientific_data","10.1038/s41597-023-02695-x","figshare::22220050::GLASS13D01.V10.A2000001.h12v03.2023058.hdf",NA,NA,NA,NA,NA,NA,TRUE,NA,NA,NA,NA,NA,FALSE,FALSE,"GLASS13D01.V10.A2000001.h12v03.2023058.hdf","https://ndownloader.figshare.com/files/39491686",37196217,"figshare/22220050"
"scientific_data","10.1038/s41597-023-02695-x","figshare::22220050::GLASS13D01.V10.A2000001.h12v04.2023058.hdf",NA,NA,NA,NA,NA,NA,TRUE,NA,NA,NA,NA,NA,FALSE,FALSE,"GLASS13D01.V10.A2000001.h12v04.2023058.hdf","https://ndownloader.figshare.com/files/39491689",30632524,"figshare/22220050"
"scientific_data","10.1038/s41597-023-02695-x","figshare::22220050::GLASS13D01.V10.A2000001.h12v05.2023058.hdf",NA,NA,NA,NA,NA,NA,TRUE,NA,NA,NA,NA,NA,FALSE,FALSE,"GLASS13D01.V10.A2000001.h12v05.2023058.hdf","https://ndownloader.figshare.com/files/39491692",1612905,"figshare/22220050"
"scientific_data","10.1038/s41597-023-02695-x","figshare::22220050::GLASS13D01.V10.A2000001.h12v07.2023058.hdf",NA,NA,NA,NA,NA,NA,TRUE,NA,NA,NA,NA,NA,FALSE,FALSE,"GLASS13D01.V10.A2000001.h12v07.2023058.hdf","https://ndownloader.figshare.com/files/39491695",454470,"figshare/22220050"
"scientific_data","10.1038/s41597-023-02695-x","figshare::22220050::GLASS13D01.V10.A2000001.h12v08.2023058.hdf",NA,NA,NA,NA,NA,NA,TRUE,NA,NA,NA,NA,NA,FALSE,FALSE,"GLASS13D01.V10.A2000001.h12v08.2023058.hdf","https://ndownloader.figshare.com/files/39491698",22653308,"figshare/22220050"
"scientific_data","10.1038/s41597-023-02695-x","figshare::22220050::GLASS13D01.V10.A2000001.h12v09.2023058.hdf",NA,NA,NA,NA,NA,NA,TRUE,NA,NA,NA,NA,NA,FALSE,FALSE,"GLASS13D01.V10.A2000001.h12v09.2023058.hdf","https://ndownloader.figshare.com/files/39491701",37193025,"figshare/22220050"
"scientific_data","10.1038/s41597-023-02695-x","figshare::22220050::GLASS13D01.V10.A2000001.h12v10.2023058.hdf",NA,NA,NA,NA,NA,NA,TRUE,NA,NA,NA,NA,NA,FALSE,FALSE,"GLASS13D01.V10.A2000001.h12v10.2023058.hdf","https://ndownloader.figshare.com/files/39491704",38573109,"figshare/22220050"
"scientific_data","10.1038/s41597-023-02695-x","figshare::22220050::GLASS13D01.V10.A2000001.h12v11.2023058.hdf",NA,NA,NA,NA,NA,NA,TRUE,NA,NA,NA,NA,NA,FALSE,FALSE,"GLASS13D01.V10.A2000001.h12v11.2023058.hdf","https://ndownloader.figshare.com/files/39491707",39005267,"figshare/22220050"
"scientific_data","10.1038/s41597-023-02695-x","figshare::22220050::GLASS13D01.V10.A2000001.h12v12.2023058.hdf",NA,NA,NA,NA,NA,NA,TRUE,NA,NA,NA,NA,NA,FALSE,FALSE,"GLASS13D01.V10.A2000001.h12v12.2023058.hdf","https://ndownloader.figshare.com/files/39491713",36060984,"figshare/22220050"
"scientific_data","10.1038/s41597-023-02695-x","figshare::22220050::GLASS13D01.V10.A2000001.h12v13.2023058.hdf",NA,NA,NA,NA,NA,NA,TRUE,NA,NA,NA,NA,NA,FALSE,FALSE,"GLASS13D01.V10.A2000001.h12v13.2023058.hdf","https://ndownloader.figshare.com/files/39491716",10705944,"figshare/22220050"
"scientific_data","10.1038/s41597-023-02695-x","figshare::22220050::GLASS13D01.V10.A2000001.h13v01.2023058.hdf",NA,NA,NA,NA,NA,NA,TRUE,NA,NA,NA,NA,NA,FALSE,FALSE,"GLASS13D01.V10.A2000001.h13v01.2023058.hdf","https://ndownloader.figshare.com/files/39491719",273091,"figshare/22220050"
"scientific_data","10.1038/s41597-023-02695-x","figshare::22220050::GLASS13D01.V10.A2000001.h13v02.2023058.hdf",NA,NA,NA,NA,NA,NA,TRUE,NA,NA,NA,NA,NA,FALSE,FALSE,"GLASS13D01.V10.A2000001.h13v02.2023058.hdf","https://ndownloader.figshare.com/files/39491722",21665905,"figshare/22220050"
"scientific_data","10.1038/s41597-023-02695-x","figshare::22220050::GLASS13D01.V10.A2000001.h13v03.2023058.hdf",NA,NA,NA,NA,NA,NA,TRUE,NA,NA,NA,NA,NA,FALSE,FALSE,"GLASS13D01.V10.A2000001.h13v03.2023058.hdf","https://ndownloader.figshare.com/files/39491725",21217504,"figshare/22220050"
"scientific_data","10.1038/s41597-023-02695-x","figshare::22220050::GLASS13D01.V10.A2000001.h13v04.2023058.hdf",NA,NA,NA,NA,NA,NA,TRUE,NA,NA,NA,NA,NA,FALSE,FALSE,"GLASS13D01.V10.A2000001.h13v04.2023058.hdf","https://ndownloader.figshare.com/files/39491728",15009591,"figshare/22220050"
"scientific_data","10.1038/s41597-023-02695-x","figshare::22220050::GLASS13D01.V10.A2000001.h13v08.2023058.hdf",NA,NA,NA,NA,NA,NA,TRUE,NA,NA,NA,NA,NA,FALSE,FALSE,"GLASS13D01.V10.A2000001.h13v08.2023058.hdf","https://ndownloader.figshare.com/files/39491731",224267,"figshare/22220050"
"scientific_data","10.1038/s41597-023-02695-x","figshare::22220050::GLASS13D01.V10.A2000001.h13v09.2023058.hdf",NA,NA,NA,NA,NA,NA,TRUE,NA,NA,NA,NA,NA,FALSE,FALSE,"GLASS13D01.V10.A2000001.h13v09.2023058.hdf","https://ndownloader.figshare.com/files/39491734",33071327,"figshare/22220050"
"scientific_data","10.1038/s41597-023-02695-x","figshare::22220050::GLASS13D01.V10.A2000001.h13v10.2023058.hdf",NA,NA,NA,NA,NA,NA,TRUE,NA,NA,NA,NA,NA,FALSE,FALSE,"GLASS13D01.V10.A2000001.h13v10.2023058.hdf","https://ndownloader.figshare.com/files/39491737",39304698,"figshare/22220050"
"scientific_data","10.1038/s41597-023-02695-x","figshare::22220050::GLASS13D01.V10.A2000001.h13v11.2023058.hdf",NA,NA,NA,NA,NA,NA,TRUE,NA,NA,NA,NA,NA,FALSE,FALSE,"GLASS13D01.V10.A2000001.h13v11.2023058.hdf","https://ndownloader.figshare.com/files/39491740",30636865,"figshare/22220050"
"scientific_data","10.1038/s41597-023-02695-x","figshare::22220050::GLASS13D01.V10.A2000001.h13v12.2023058.hdf",NA,NA,NA,NA,NA,NA,TRUE,NA,NA,NA,NA,NA,FALSE,FALSE,"GLASS13D01.V10.A2000001.h13v12.2023058.hdf","https://ndownloader.figshare.com/files/39491743",18051881,"figshare/22220050"
"scientific_data","10.1038/s41597-023-02695-x","figshare::22220050::GLASS13D01.V10.A2000001.h13v13.2023058.hdf",NA,NA,NA,NA,NA,NA,TRUE,NA,NA,NA,NA,NA,FALSE,FALSE,"GLASS13D01.V10.A2000001.h13v13.2023058.hdf","https://ndownloader.figshare.com/files/39491746",13582281,"figshare/22220050"
"scientific_data","10.1038/s41597-023-02695-x","figshare::22220050::GLASS13D01.V10.A2000001.h13v14.2023058.hdf",NA,NA,NA,NA,NA,NA,TRUE,NA,NA,NA,NA,NA,FALSE,FALSE,"GLASS13D01.V10.A2000001.h13v14.2023058.hdf","https://ndownloader.figshare.com/files/39491749",6548347,"figshare/22220050"
"scientific_data","10.1038/s41597-023-02695-x","figshare::22220050::GLASS13D01.V10.A2000001.h14v01.2023058.hdf",NA,NA,NA,NA,NA,NA,TRUE,NA,NA,NA,NA,NA,FALSE,FALSE,"GLASS13D01.V10.A2000001.h14v01.2023058.hdf","https://ndownloader.figshare.com/files/39491752",7430814,"figshare/22220050"
"scientific_data","10.1038/s41597-023-02695-x","figshare::22220050::GLASS13D01.V10.A2000001.h14v02.2023058.hdf",NA,NA,NA,NA,NA,NA,TRUE,NA,NA,NA,NA,NA,FALSE,FALSE,"GLASS13D01.V10.A2000001.h14v02.2023058.hdf","https://ndownloader.figshare.com/files/39491755",17168962,"figshare/22220050"
"scientific_data","10.1038/s41597-023-02695-x","figshare::22220050::GLASS13D01.V10.A2000001.h14v03.2023058.hdf",NA,NA,NA,NA,NA,NA,TRUE,NA,NA,NA,NA,NA,FALSE,FALSE,"GLASS13D01.V10.A2000001.h14v03.2023058.hdf","https://ndownloader.figshare.com/files/39491758",19715467,"figshare/22220050"
"scientific_data","10.1038/s41597-023-02695-x","figshare::22220050::GLASS13D01.V10.A2000001.h14v04.2023058.hdf",NA,NA,NA,NA,NA,NA,TRUE,NA,NA,NA,NA,NA,FALSE,FALSE,"GLASS13D01.V10.A2000001.h14v04.2023058.hdf","https://ndownloader.figshare.com/files/39491761",3428581,"figshare/22220050"
"scientific_data","10.1038/s41597-023-02695-x","figshare::22220050::GLASS13D01.V10.A2000001.h14v09.2023058.hdf",NA,NA,NA,NA,NA,NA,TRUE,NA,NA,NA,NA,NA,FALSE,FALSE,"GLASS13D01.V10.A2000001.h14v09.2023058.hdf","https://ndownloader.figshare.com/files/39491764",12032291,"figshare/22220050"
"scientific_data","10.1038/s41597-023-02695-x","figshare::22220050::GLASS13D01.V10.A2000001.h14v10.2023058.hdf",NA,NA,NA,NA,NA,NA,TRUE,NA,NA,NA,NA,NA,FALSE,FALSE,"GLASS13D01.V10.A2000001.h14v10.2023058.hdf","https://ndownloader.figshare.com/files/39491767",10945452,"figshare/22220050"
"scientific_data","10.1038/s41597-023-02695-x","figshare::22220050::GLASS13D01.V10.A2000001.h14v11.2023058.hdf",NA,NA,NA,NA,NA,NA,TRUE,NA,NA,NA,NA,NA,FALSE,FALSE,"GLASS13D01.V10.A2000001.h14v11.2023058.hdf","https://ndownloader.figshare.com/files/39491770",2282663,"figshare/22220050"
"scientific_data","10.1038/s41597-023-02695-x","figshare::22220050::GLASS13D01.V10.A2000001.h14v14.2023058.hdf",NA,NA,NA,NA,NA,NA,TRUE,NA,NA,NA,NA,NA,FALSE,FALSE,"GLASS13D01.V10.A2000001.h14v14.2023058.hdf","https://ndownloader.figshare.com/files/39491773",1757943,"figshare/22220050"
"scientific_data","10.1038/s41597-023-02695-x","figshare::22220050::GLASS13D01.V10.A2000001.h15v01.2023058.hdf",NA,NA,NA,NA,NA,NA,TRUE,NA,NA,NA,NA,NA,FALSE,FALSE,"GLASS13D01.V10.A2000001.h15v01.2023058.hdf","https://ndownloader.figshare.com/files/39491776",12054622,"figshare/22220050"
"scientific_data","10.1038/s41597-023-02695-x","figshare::22220050::GLASS13D01.V10.A2000001.h15v02.2023058.hdf",NA,NA,NA,NA,NA,NA,TRUE,NA,NA,NA,NA,NA,FALSE,FALSE,"GLASS13D01.V10.A2000001.h15v02.2023058.hdf","https://ndownloader.figshare.com/files/39491779",12654912,"figshare/22220050"
"scientific_data","10.1038/s41597-023-02695-x","figshare::22220050::GLASS13D01.V10.A2000001.h15v03.2023058.hdf",NA,NA,NA,NA,NA,NA,TRUE,NA,NA,NA,NA,NA,FALSE,FALSE,"GLASS13D01.V10.A2000001.h15v03.2023058.hdf","https://ndownloader.figshare.com/files/39491782",164350,"figshare/22220050"
"scientific_data","10.1038/s41597-023-02695-x","figshare::22220050::GLASS13D01.V10.A2000001.h15v05.2023058.hdf",NA,NA,NA,NA,NA,NA,TRUE,NA,NA,NA,NA,NA,FALSE,FALSE,"GLASS13D01.V10.A2000001.h15v05.2023058.hdf","https://ndownloader.figshare.com/files/39491785",230987,"figshare/22220050"
"scientific_data","10.1038/s41597-023-02695-x","figshare::22220050::GLASS13D01.V10.A2000001.h15v07.2023058.hdf",NA,NA,NA,NA,NA,NA,TRUE,NA,NA,NA,NA,NA,FALSE,FALSE,"GLASS13D01.V10.A2000001.h15v07.2023058.hdf","https://ndownloader.figshare.com/files/39491788",299814,"figshare/22220050"
"scientific_data","10.1038/s41597-023-02695-x","figshare::22220050::GLASS13D01.V10.A2000001.h15v11.2023058.hdf",NA,NA,NA,NA,NA,NA,TRUE,NA,NA,NA,NA,NA,FALSE,FALSE,"GLASS13D01.V10.A2000001.h15v11.2023058.hdf","https://ndownloader.figshare.com/files/39491791",122108,"figshare/22220050"
"scientific_data","10.1038/s41597-023-02695-x","figshare::22220050::GLASS13D01.V10.A2000001.h15v14.2023058.hdf",NA,NA,NA,NA,NA,NA,TRUE,NA,NA,NA,NA,NA,FALSE,FALSE,"GLASS13D01.V10.A2000001.h15v14.2023058.hdf","https://ndownloader.figshare.com/files/39491794",259912,"figshare/22220050"
"scientific_data","10.1038/s41597-023-02695-x","figshare::22220050::GLASS13D01.V10.A2000001.h16v00.2023058.hdf",NA,NA,NA,NA,NA,NA,TRUE,NA,NA,NA,NA,NA,FALSE,FALSE,"GLASS13D01.V10.A2000001.h16v00.2023058.hdf","https://ndownloader.figshare.com/files/39491797",3098553,"figshare/22220050"
"scientific_data","10.1038/s41597-023-02695-x","figshare::22220050::GLASS13D01.V10.A2000001.h16v01.2023058.hdf",NA,NA,NA,NA,NA,NA,TRUE,NA,NA,NA,NA,NA,FALSE,FALSE,"GLASS13D01.V10.A2000001.h16v01.2023058.hdf","https://ndownloader.figshare.com/files/39491800",17594813,"figshare/22220050"
"scientific_data","10.1038/s41597-023-02695-x","figshare::22220050::GLASS13D01.V10.A2000001.h16v02.2023058.hdf",NA,NA,NA,NA,NA,NA,TRUE,NA,NA,NA,NA,NA,FALSE,FALSE,"GLASS13D01.V10.A2000001.h16v02.2023058.hdf","https://ndownloader.figshare.com/files/39491806",11336484,"figshare/22220050"
"scientific_data","10.1038/s41597-023-02695-x","figshare::22220050::GLASS13D01.V10.A2000001.h16v05.2023058.hdf",NA,NA,NA,NA,NA,NA,TRUE,NA,NA,NA,NA,NA,FALSE,FALSE,"GLASS13D01.V10.A2000001.h16v05.2023058.hdf","https://ndownloader.figshare.com/files/39491809",172352,"figshare/22220050"
"scientific_data","10.1038/s41597-023-02695-x","figshare::22220050::GLASS13D01.V10.A2000001.h16v06.2023058.hdf",NA,NA,NA,NA,NA,NA,TRUE,NA,NA,NA,NA,NA,FALSE,FALSE,"GLASS13D01.V10.A2000001.h16v06.2023058.hdf","https://ndownloader.figshare.com/files/39491812",11202228,"figshare/22220050"
"scientific_data","10.1038/s41597-023-02695-x","figshare::22220050::GLASS13D01.V10.A2000001.h16v07.2023058.hdf",NA,NA,NA,NA,NA,NA,TRUE,NA,NA,NA,NA,NA,FALSE,FALSE,"GLASS13D01.V10.A2000001.h16v07.2023058.hdf","https://ndownloader.figshare.com/files/39491815",20844286,"figshare/22220050"
"scientific_data","10.1038/s41597-023-02695-x","figshare::22220050::GLASS13D01.V10.A2000001.h16v08.2023058.hdf",NA,NA,NA,NA,NA,NA,TRUE,NA,NA,NA,NA,NA,FALSE,FALSE,"GLASS13D01.V10.A2000001.h16v08.2023058.hdf","https://ndownloader.figshare.com/files/39491818",3886599,"figshare/22220050"
"scientific_data","10.1038/s41597-023-02695-x","figshare::22220050::GLASS13D01.V10.A2000001.h16v09.2023058.hdf",NA,NA,NA,NA,NA,NA,TRUE,NA,NA,NA,NA,NA,FALSE,FALSE,"GLASS13D01.V10.A2000001.h16v09.2023058.hdf","https://ndownloader.figshare.com/files/39491821",126236,"figshare/22220050"
"scientific_data","10.1038/s41597-023-02695-x","figshare::22220050::GLASS13D01.V10.A2000001.h16v12.2023058.hdf",NA,NA,NA,NA,NA,NA,TRUE,NA,NA,NA,NA,NA,FALSE,FALSE,"GLASS13D01.V10.A2000001.h16v12.2023058.hdf","https://ndownloader.figshare.com/files/39491824",121931,"figshare/22220050"
"scientific_data","10.1038/s41597-023-02695-x","figshare::22220050::GLASS13D01.V10.A2000001.h16v14.2023058.hdf",NA,NA,NA,NA,NA,NA,TRUE,NA,NA,NA,NA,NA,FALSE,FALSE,"GLASS13D01.V10.A2000001.h16v14.2023058.hdf","https://ndownloader.figshare.com/files/39491827",122401,"figshare/22220050"
"scientific_data","10.1038/s41597-023-02695-x","figshare::22220050::GLASS13D01.V10.A2000001.h17v00.2023058.hdf",NA,NA,NA,NA,NA,NA,TRUE,NA,NA,NA,NA,NA,FALSE,FALSE,"GLASS13D01.V10.A2000001.h17v00.2023058.hdf","https://ndownloader.figshare.com/files/39491830",6447266,"figshare/22220050"
"scientific_data","10.1038/s41597-023-02695-x","figshare::22220050::GLASS13D01.V10.A2000001.h17v01.2023058.hdf",NA,NA,NA,NA,NA,NA,TRUE,NA,NA,NA,NA,NA,FALSE,FALSE,"GLASS13D01.V10.A2000001.h17v01.2023058.hdf","https://ndownloader.figshare.com/files/39491833",12879187,"figshare/22220050"
"scientific_data","10.1038/s41597-023-02695-x","figshare::22220050::GLASS13D01.V10.A2000001.h17v02.2023058.hdf",NA,NA,NA,NA,NA,NA,TRUE,NA,NA,NA,NA,NA,FALSE,FALSE,"GLASS13D01.V10.A2000001.h17v02.2023058.hdf","https://ndownloader.figshare.com/files/39491836",3987775,"figshare/22220050"
"scientific_data","10.1038/s41597-023-02695-x","figshare::22220050::GLASS13D01.V10.A2000001.h17v03.2023058.hdf",NA,NA,NA,NA,NA,NA,TRUE,NA,NA,NA,NA,NA,FALSE,FALSE,"GLASS13D01.V10.A2000001.h17v03.2023058.hdf","https://ndownloader.figshare.com/files/39491839",10307047,"figshare/22220050"
"scientific_data","10.1038/s41597-023-02695-x","figshare::22220050::GLASS13D01.V10.A2000001.h17v04.2023058.hdf",NA,NA,NA,NA,NA,NA,TRUE,NA,NA,NA,NA,NA,FALSE,FALSE,"GLASS13D01.V10.A2000001.h17v04.2023058.hdf","https://ndownloader.figshare.com/files/39491842",13077939,"figshare/22220050"
"scientific_data","10.1038/s41597-023-02695-x","figshare::22220050::GLASS13D01.V10.A2000001.h17v05.2023058.hdf",NA,NA,NA,NA,NA,NA,TRUE,NA,NA,NA,NA,NA,FALSE,FALSE,"GLASS13D01.V10.A2000001.h17v05.2023058.hdf","https://ndownloader.figshare.com/files/39491845",23282287,"figshare/22220050"
"scientific_data","10.1038/s41597-023-02695-x","figshare::22220050::GLASS13D01.V10.A2000001.h17v06.2023058.hdf",NA,NA,NA,NA,NA,NA,TRUE,NA,NA,NA,NA,NA,FALSE,FALSE,"GLASS13D01.V10.A2000001.h17v06.2023058.hdf","https://ndownloader.figshare.com/files/39491848",31022640,"figshare/22220050"
"scientific_data","10.1038/s41597-023-02695-x","figshare::22220050::GLASS13D01.V10.A2000001.h17v07.2023058.hdf",NA,NA,NA,NA,NA,NA,TRUE,NA,NA,NA,NA,NA,FALSE,FALSE,"GLASS13D01.V10.A2000001.h17v07.2023058.hdf","https://ndownloader.figshare.com/files/39491851",34251163,"figshare/22220050"
"scientific_data","10.1038/s41597-023-02695-x","figshare::22220050::GLASS13D01.V10.A2000001.h17v08.2023058.hdf",NA,NA,NA,NA,NA,NA,TRUE,NA,NA,NA,NA,NA,FALSE,FALSE,"GLASS13D01.V10.A2000001.h17v08.2023058.hdf","https://ndownloader.figshare.com/files/39491854",19527105,"figshare/22220050"
"scientific_data","10.1038/s41597-023-02695-x","figshare::22220050::GLASS13D01.V10.A2000001.h17v10.2023058.hdf",NA,NA,NA,NA,NA,NA,TRUE,NA,NA,NA,NA,NA,FALSE,FALSE,"GLASS13D01.V10.A2000001.h17v10.2023058.hdf","https://ndownloader.figshare.com/files/39491857",128753,"figshare/22220050"
"scientific_data","10.1038/s41597-023-02695-x","figshare::22220050::GLASS13D01.V10.A2000001.h17v12.2023058.hdf",NA,NA,NA,NA,NA,NA,TRUE,NA,NA,NA,NA,NA,FALSE,FALSE,"GLASS13D01.V10.A2000001.h17v12.2023058.hdf","https://ndownloader.figshare.com/files/39491860",126869,"figshare/22220050"
"scientific_data","10.1038/s41597-023-02695-x","figshare::22220050::GLASS13D01.V10.A2000001.h17v13.2023058.hdf",NA,NA,NA,NA,NA,NA,TRUE,NA,NA,NA,NA,NA,FALSE,FALSE,"GLASS13D01.V10.A2000001.h17v13.2023058.hdf","https://ndownloader.figshare.com/files/39491863",125323,"figshare/22220050"
"scientific_data","10.1038/s41597-023-02695-x","figshare::22220050::GLASS13D01.V10.A2000001.h18v00.2023058.hdf",NA,NA,NA,NA,NA,NA,TRUE,NA,NA,NA,NA,NA,FALSE,FALSE,"GLASS13D01.V10.A2000001.h18v00.2023058.hdf","https://ndownloader.figshare.com/files/39491866",698100,"figshare/22220050"
"scientific_data","10.1038/s41597-023-02695-x","figshare::22220050::GLASS13D01.V10.A2000001.h18v01.2023058.hdf",NA,NA,NA,NA,NA,NA,TRUE,NA,NA,NA,NA,NA,FALSE,FALSE,"GLASS13D01.V10.A2000001.h18v01.2023058.hdf","https://ndownloader.figshare.com/files/39491869",2594725,"figshare/22220050"
"scientific_data","10.1038/s41597-023-02695-x","figshare::22220050::GLASS13D01.V10.A2000001.h18v02.2023058.hdf",NA,NA,NA,NA,NA,NA,TRUE,NA,NA,NA,NA,NA,FALSE,FALSE,"GLASS13D01.V10.A2000001.h18v02.2023058.hdf","https://ndownloader.figshare.com/files/39491872",18438712,"figshare/22220050"
"scientific_data","10.1038/s41597-023-02695-x","figshare::22220050::GLASS13D01.V10.A2000001.h18v03.2023058.hdf",NA,NA,NA,NA,NA,NA,TRUE,NA,NA,NA,NA,NA,FALSE,FALSE,"GLASS13D01.V10.A2000001.h18v03.2023058.hdf","https://ndownloader.figshare.com/files/39491875",22012521,"figshare/22220050"
"scientific_data","10.1038/s41597-023-02695-x","figshare::22220050::GLASS13D01.V10.A2000001.h18v04.2023058.hdf",NA,NA,NA,NA,NA,NA,TRUE,NA,NA,NA,NA,NA,FALSE,FALSE,"GLASS13D01.V10.A2000001.h18v04.2023058.hdf","https://ndownloader.figshare.com/files/39491878",30016054,"figshare/22220050"
"scientific_data","10.1038/s41597-023-02695-x","figshare::22220050::GLASS13D01.V10.A2000001.h18v05.2023058.hdf",NA,NA,NA,NA,NA,NA,TRUE,NA,NA,NA,NA,NA,FALSE,FALSE,"GLASS13D01.V10.A2000001.h18v05.2023058.hdf","https://ndownloader.figshare.com/files/39491881",22408812,"figshare/22220050"
"scientific_data","10.1038/s41597-023-02695-x","figshare::22220050::GLASS13D01.V10.A2000001.h18v06.2023058.hdf",NA,NA,NA,NA,NA,NA,TRUE,NA,NA,NA,NA,NA,FALSE,FALSE,"GLASS13D01.V10.A2000001.h18v06.2023058.hdf","https://ndownloader.figshare.com/files/39491884",31550506,"figshare/22220050"
"scientific_data","10.1038/s41597-023-02695-x","figshare::22220050::GLASS13D01.V10.A2000001.h18v07.2023058.hdf",NA,NA,NA,NA,NA,NA,TRUE,NA,NA,NA,NA,NA,FALSE,FALSE,"GLASS13D01.V10.A2000001.h18v07.2023058.hdf","https://ndownloader.figshare.com/files/39491887",33638006,"figshare/22220050"
"scientific_data","10.1038/s41597-023-02695-x","figshare::22220050::GLASS13D01.V10.A2000001.h18v08.2023058.hdf",NA,NA,NA,NA,NA,NA,TRUE,NA,NA,NA,NA,NA,FALSE,FALSE,"GLASS13D01.V10.A2000001.h18v08.2023058.hdf","https://ndownloader.figshare.com/files/39491890",18748731,"figshare/22220050"
"scientific_data","10.1038/s41597-023-02695-x","figshare::22220050::GLASS13D01.V10.A2000001.h18v09.2023058.hdf",NA,NA,NA,NA,NA,NA,TRUE,NA,NA,NA,NA,NA,FALSE,FALSE,"GLASS13D01.V10.A2000001.h18v09.2023058.hdf","https://ndownloader.figshare.com/files/39491893",978368,"figshare/22220050"
"scientific_data","10.1038/s41597-023-02695-x","figshare::22220050::GLASS13D01.V10.A2000001.h18v14.2023058.hdf",NA,NA,NA,NA,NA,NA,TRUE,NA,NA,NA,NA,NA,FALSE,FALSE,"GLASS13D01.V10.A2000001.h18v14.2023058.hdf","https://ndownloader.figshare.com/files/39491896",120296,"figshare/22220050"
"scientific_data","10.1038/s41597-023-02695-x","figshare::22220050::GLASS13D01.V10.A2000001.h19v00.2023058.hdf",NA,NA,NA,NA,NA,NA,TRUE,NA,NA,NA,NA,NA,FALSE,FALSE,"GLASS13D01.V10.A2000001.h19v00.2023058.hdf","https://ndownloader.figshare.com/files/39491899",481044,"figshare/22220050"
"scientific_data","10.1038/s41597-023-02695-x","figshare::22220050::GLASS13D01.V10.A2000001.h19v01.2023058.hdf",NA,NA,NA,NA,NA,NA,TRUE,NA,NA,NA,NA,NA,FALSE,FALSE,"GLASS13D01.V10.A2000001.h19v01.2023058.hdf","https://ndownloader.figshare.com/files/39491902",3174112,"figshare/22220050"
"scientific_data","10.1038/s41597-023-02695-x","figshare::22220050::GLASS13D01.V10.A2000001.h19v02.2023058.hdf",NA,NA,NA,NA,NA,NA,TRUE,NA,NA,NA,NA,NA,FALSE,FALSE,"GLASS13D01.V10.A2000001.h19v02.2023058.hdf","https://ndownloader.figshare.com/files/39491905",26404888,"figshare/22220050"
"scientific_data","10.1038/s41597-023-02695-x","figshare::22220050::GLASS13D01.V10.A2000001.h19v03.2023058.hdf",NA,NA,NA,NA,NA,NA,TRUE,NA,NA,NA,NA,NA,FALSE,FALSE,"GLASS13D01.V10.A2000001.h19v03.2023058.hdf","https://ndownloader.figshare.com/files/39491908",34497858,"figshare/22220050"
"scientific_data","10.1038/s41597-023-02695-x","figshare::22220050::GLASS13D01.V10.A2000001.h19v04.2023058.hdf",NA,NA,NA,NA,NA,NA,TRUE,NA,NA,NA,NA,NA,FALSE,FALSE,"GLASS13D01.V10.A2000001.h19v04.2023058.hdf","https://ndownloader.figshare.com/files/39491911",35556875,"figshare/22220050"
"scientific_data","10.1038/s41597-023-02695-x","figshare::22220050::GLASS13D01.V10.A2000001.h19v05.2023058.hdf",NA,NA,NA,NA,NA,NA,TRUE,NA,NA,NA,NA,NA,FALSE,FALSE,"GLASS13D01.V10.A2000001.h19v05.2023058.hdf","https://ndownloader.figshare.com/files/39491914",11034090,"figshare/22220050"
"scientific_data","10.1038/s41597-023-02695-x","figshare::22220050::GLASS13D01.V10.A2000001.h19v06.2023058.hdf",NA,NA,NA,NA,NA,NA,TRUE,NA,NA,NA,NA,NA,FALSE,FALSE,"GLASS13D01.V10.A2000001.h19v06.2023058.hdf","https://ndownloader.figshare.com/files/39491917",31483650,"figshare/22220050"
"scientific_data","10.1038/s41597-023-02695-x","figshare::22220050::GLASS13D01.V10.A2000001.h19v07.2023058.hdf",NA,NA,NA,NA,NA,NA,TRUE,NA,NA,NA,NA,NA,FALSE,FALSE,"GLASS13D01.V10.A2000001.h19v07.2023058.hdf","https://ndownloader.figshare.com/files/39491920",32078273,"figshare/22220050"
"scientific_data","10.1038/s41597-023-02695-x","figshare::22220050::GLASS13D01.V10.A2000001.h19v08.2023058.hdf",NA,NA,NA,NA,NA,NA,TRUE,NA,NA,NA,NA,NA,FALSE,FALSE,"GLASS13D01.V10.A2000001.h19v08.2023058.hdf","https://ndownloader.figshare.com/files/39491923",38636832,"figshare/22220050"
"scientific_data","10.1038/s41597-023-02695-x","figshare::22220050::GLASS13D01.V10.A2000001.h19v09.2023058.hdf",NA,NA,NA,NA,NA,NA,TRUE,NA,NA,NA,NA,NA,FALSE,FALSE,"GLASS13D01.V10.A2000001.h19v09.2023058.hdf","https://ndownloader.figshare.com/files/39491926",33211948,"figshare/22220050"
"scientific_data","10.1038/s41597-023-02695-x","figshare::22220050::GLASS13D01.V10.A2000001.h19v10.2023058.hdf",NA,NA,NA,NA,NA,NA,TRUE,NA,NA,NA,NA,NA,FALSE,FALSE,"GLASS13D01.V10.A2000001.h19v10.2023058.hdf","https://ndownloader.figshare.com/files/39491929",30750336,"figshare/22220050"
"scientific_data","10.1038/s41597-023-02695-x","figshare::22220050::GLASS13D01.V10.A2000001.h19v11.2023058.hdf",NA,NA,NA,NA,NA,NA,TRUE,NA,NA,NA,NA,NA,FALSE,FALSE,"GLASS13D01.V10.A2000001.h19v11.2023058.hdf","https://ndownloader.figshare.com/files/39491932",23575480,"figshare/22220050"
"scientific_data","10.1038/s41597-023-02695-x","figshare::22220050::GLASS13D01.V10.A2000001.h19v12.2023058.hdf",NA,NA,NA,NA,NA,NA,TRUE,NA,NA,NA,NA,NA,FALSE,FALSE,"GLASS13D01.V10.A2000001.h19v12.2023058.hdf","https://ndownloader.figshare.com/files/39491935",7860245,"figshare/22220050"
"scientific_data","10.1038/s41597-023-02695-x","figshare::22220050::GLASS13D01.V10.A2000001.h20v01.2023058.hdf",NA,NA,NA,NA,NA,NA,TRUE,NA,NA,NA,NA,NA,FALSE,FALSE,"GLASS13D01.V10.A2000001.h20v01.2023058.hdf","https://ndownloader.figshare.com/files/39491938",13837154,"figshare/22220050"
"scientific_data","10.1038/s41597-023-02695-x","figshare::22220050::GLASS13D01.V10.A2000001.h20v02.2023058.hdf",NA,NA,NA,NA,NA,NA,TRUE,NA,NA,NA,NA,NA,FALSE,FALSE,"GLASS13D01.V10.A2000001.h20v02.2023058.hdf","https://ndownloader.figshare.com/files/39491941",31478913,"figshare/22220050"
"scientific_data","10.1038/s41597-023-02695-x","figshare::22220050::GLASS13D01.V10.A2000001.h20v03.2023058.hdf",NA,NA,NA,NA,NA,NA,TRUE,NA,NA,NA,NA,NA,FALSE,FALSE,"GLASS13D01.V10.A2000001.h20v03.2023058.hdf","https://ndownloader.figshare.com/files/39491944",36707897,"figshare/22220050"
"scientific_data","10.1038/s41597-023-02695-x","figshare::22220050::GLASS13D01.V10.A2000001.h20v04.2023058.hdf",NA,NA,NA,NA,NA,NA,TRUE,NA,NA,NA,NA,NA,FALSE,FALSE,"GLASS13D01.V10.A2000001.h20v04.2023058.hdf","https://ndownloader.figshare.com/files/39491947",25499330,"figshare/22220050"
"scientific_data","10.1038/s41597-023-02695-x","figshare::22220050::GLASS13D01.V10.A2000001.h20v05.2023058.hdf",NA,NA,NA,NA,NA,NA,TRUE,NA,NA,NA,NA,NA,FALSE,FALSE,"GLASS13D01.V10.A2000001.h20v05.2023058.hdf","https://ndownloader.figshare.com/files/39491950",19857179,"figshare/22220050"
"scientific_data","10.1038/s41597-023-02695-x","figshare::22220050::GLASS13D01.V10.A2000001.h20v06.2023058.hdf",NA,NA,NA,NA,NA,NA,TRUE,NA,NA,NA,NA,NA,FALSE,FALSE,"GLASS13D01.V10.A2000001.h20v06.2023058.hdf","https://ndownloader.figshare.com/files/39491953",31220654,"figshare/22220050"
"scientific_data","10.1038/s41597-023-02695-x","figshare::22220050::GLASS13D01.V10.A2000001.h20v07.2023058.hdf",NA,NA,NA,NA,NA,NA,TRUE,NA,NA,NA,NA,NA,FALSE,FALSE,"GLASS13D01.V10.A2000001.h20v07.2023058.hdf","https://ndownloader.figshare.com/files/39491959",32779889,"figshare/22220050"
"scientific_data","10.1038/s41597-023-02695-x","figshare::22220050::GLASS13D01.V10.A2000001.h20v08.2023058.hdf",NA,NA,NA,NA,NA,NA,TRUE,NA,NA,NA,NA,NA,FALSE,FALSE,"GLASS13D01.V10.A2000001.h20v08.2023058.hdf","https://ndownloader.figshare.com/files/39491962",38173117,"figshare/22220050"
"scientific_data","10.1038/s41597-023-02695-x","figshare::22220050::GLASS13D01.V10.A2000001.h20v09.2023058.hdf",NA,NA,NA,NA,NA,NA,TRUE,NA,NA,NA,NA,NA,FALSE,FALSE,"GLASS13D01.V10.A2000001.h20v09.2023058.hdf","https://ndownloader.figshare.com/files/39491965",37489477,"figshare/22220050"
"scientific_data","10.1038/s41597-023-02695-x","figshare::22220050::GLASS13D01.V10.A2000001.h20v10.2023058.hdf",NA,NA,NA,NA,NA,NA,TRUE,NA,NA,NA,NA,NA,FALSE,FALSE,"GLASS13D01.V10.A2000001.h20v10.2023058.hdf","https://ndownloader.figshare.com/files/39491968",38846833,"figshare/22220050"
"scientific_data","10.1038/s41597-023-02695-x","figshare::22220050::GLASS13D01.V10.A2000001.h20v11.2023058.hdf",NA,NA,NA,NA,NA,NA,TRUE,NA,NA,NA,NA,NA,FALSE,FALSE,"GLASS13D01.V10.A2000001.h20v11.2023058.hdf","https://ndownloader.figshare.com/files/39491971",37307008,"figshare/22220050"
"scientific_data","10.1038/s41597-023-02695-x","figshare::22220050::GLASS13D01.V10.A2000001.h20v12.2023058.hdf",NA,NA,NA,NA,NA,NA,TRUE,NA,NA,NA,NA,NA,FALSE,FALSE,"GLASS13D01.V10.A2000001.h20v12.2023058.hdf","https://ndownloader.figshare.com/files/39491974",7620077,"figshare/22220050"
"scientific_data","10.1038/s41597-023-02695-x","figshare::22220050::GLASS13D01.V10.A2000001.h20v13.2023058.hdf",NA,NA,NA,NA,NA,NA,TRUE,NA,NA,NA,NA,NA,FALSE,FALSE,"GLASS13D01.V10.A2000001.h20v13.2023058.hdf","https://ndownloader.figshare.com/files/39491977",139055,"figshare/22220050"
"scientific_data","10.1038/s41597-023-02695-x","figshare::22220050::GLASS13D01.V10.A2000001.h21v01.2023058.hdf",NA,NA,NA,NA,NA,NA,TRUE,NA,NA,NA,NA,NA,FALSE,FALSE,"GLASS13D01.V10.A2000001.h21v01.2023058.hdf","https://ndownloader.figshare.com/files/39491980",10394720,"figshare/22220050"
"scientific_data","10.1038/s41597-023-02695-x","figshare::22220050::GLASS13D01.V10.A2000001.h21v02.2023058.hdf",NA,NA,NA,NA,NA,NA,TRUE,NA,NA,NA,NA,NA,FALSE,FALSE,"GLASS13D01.V10.A2000001.h21v02.2023058.hdf","https://ndownloader.figshare.com/files/39491983",32347168,"figshare/22220050"
"scientific_data","10.1038/s41597-023-02695-x","figshare::22220050::GLASS13D01.V10.A2000001.h21v03.2023058.hdf",NA,NA,NA,NA,NA,NA,TRUE,NA,NA,NA,NA,NA,FALSE,FALSE,"GLASS13D01.V10.A2000001.h21v03.2023058.hdf","https://ndownloader.figshare.com/files/39491986",34838874,"figshare/22220050"
"scientific_data","10.1038/s41597-023-02695-x","figshare::22220050::GLASS13D01.V10.A2000001.h21v04.2023058.hdf",NA,NA,NA,NA,NA,NA,TRUE,NA,NA,NA,NA,NA,FALSE,FALSE,"GLASS13D01.V10.A2000001.h21v04.2023058.hdf","https://ndownloader.figshare.com/files/39491989",29721806,"figshare/22220050"
"scientific_data","10.1038/s41597-023-02695-x","figshare::22220050::GLASS13D01.V10.A2000001.h21v05.2023058.hdf",NA,NA,NA,NA,NA,NA,TRUE,NA,NA,NA,NA,NA,FALSE,FALSE,"GLASS13D01.V10.A2000001.h21v05.2023058.hdf","https://ndownloader.figshare.com/files/39491992",34769208,"figshare/22220050"
"scientific_data","10.1038/s41597-023-02695-x","figshare::22220050::GLASS13D01.V10.A2000001.h21v06.2023058.hdf",NA,NA,NA,NA,NA,NA,TRUE,NA,NA,NA,NA,NA,FALSE,FALSE,"GLASS13D01.V10.A2000001.h21v06.2023058.hdf","https://ndownloader.figshare.com/files/39491995",29362793,"figshare/22220050"
"scientific_data","10.1038/s41597-023-02695-x","figshare::22220050::GLASS13D01.V10.A2000001.h21v07.2023058.hdf",NA,NA,NA,NA,NA,NA,TRUE,NA,NA,NA,NA,NA,FALSE,FALSE,"GLASS13D01.V10.A2000001.h21v07.2023058.hdf","https://ndownloader.figshare.com/files/39491998",31559083,"figshare/22220050"
"scientific_data","10.1038/s41597-023-02695-x","figshare::22220050::GLASS13D01.V10.A2000001.h21v08.2023058.hdf",NA,NA,NA,NA,NA,NA,TRUE,NA,NA,NA,NA,NA,FALSE,FALSE,"GLASS13D01.V10.A2000001.h21v08.2023058.hdf","https://ndownloader.figshare.com/files/39492001",39171456,"figshare/22220050"
"scientific_data","10.1038/s41597-023-02695-x","figshare::22220050::GLASS13D01.V10.A2000001.h21v09.2023058.hdf",NA,NA,NA,NA,NA,NA,TRUE,NA,NA,NA,NA,NA,FALSE,FALSE,"GLASS13D01.V10.A2000001.h21v09.2023058.hdf","https://ndownloader.figshare.com/files/39492004",35116536,"figshare/22220050"
"scientific_data","10.1038/s41597-023-02695-x","figshare::22220050::GLASS13D01.V10.A2000001.h21v10.2023058.hdf",NA,NA,NA,NA,NA,NA,TRUE,NA,NA,NA,NA,NA,FALSE,FALSE,"GLASS13D01.V10.A2000001.h21v10.2023058.hdf","https://ndownloader.figshare.com/files/39492007",30109589,"figshare/22220050"
"scientific_data","10.1038/s41597-023-02695-x","figshare::22220050::GLASS13D01.V10.A2000001.h21v11.2023058.hdf",NA,NA,NA,NA,NA,NA,TRUE,NA,NA,NA,NA,NA,FALSE,FALSE,"GLASS13D01.V10.A2000001.h21v11.2023058.hdf","https://ndownloader.figshare.com/files/39492010",5285306,"figshare/22220050"
"scientific_data","10.1038/s41597-023-02695-x","figshare::22220050::GLASS13D01.V10.A2000001.h21v13.2023058.hdf",NA,NA,NA,NA,NA,NA,TRUE,NA,NA,NA,NA,NA,FALSE,FALSE,"GLASS13D01.V10.A2000001.h21v13.2023058.hdf","https://ndownloader.figshare.com/files/39492013",143025,"figshare/22220050"
"scientific_data","10.1038/s41597-023-02695-x","figshare::22220050::GLASS13D01.V10.A2000001.h22v01.2023058.hdf",NA,NA,NA,NA,NA,NA,TRUE,NA,NA,NA,NA,NA,FALSE,FALSE,"GLASS13D01.V10.A2000001.h22v01.2023058.hdf","https://ndownloader.figshare.com/files/39492016",5374806,"figshare/22220050"
"scientific_data","10.1038/s41597-023-02695-x","figshare::22220050::GLASS13D01.V10.A2000001.h22v02.2023058.hdf",NA,NA,NA,NA,NA,NA,TRUE,NA,NA,NA,NA,NA,FALSE,FALSE,"GLASS13D01.V10.A2000001.h22v02.2023058.hdf","https://ndownloader.figshare.com/files/39492019",31431188,"figshare/22220050"
"scientific_data","10.1038/s41597-023-02695-x","figshare::22220050::GLASS13D01.V10.A2000001.h22v03.2023058.hdf",NA,NA,NA,NA,NA,NA,TRUE,NA,NA,NA,NA,NA,FALSE,FALSE,"GLASS13D01.V10.A2000001.h22v03.2023058.hdf","https://ndownloader.figshare.com/files/39492022",34056936,"figshare/22220050"
"scientific_data","10.1038/s41597-023-02695-x","figshare::22220050::GLASS13D01.V10.A2000001.h22v04.2023058.hdf",NA,NA,NA,NA,NA,NA,TRUE,NA,NA,NA,NA,NA,FALSE,FALSE,"GLASS13D01.V10.A2000001.h22v04.2023058.hdf","https://ndownloader.figshare.com/files/39492025",30608083,"figshare/22220050"
"scientific_data","10.1038/s41597-023-02695-x","figshare::22220050::GLASS13D01.V10.A2000001.h22v05.2023058.hdf",NA,NA,NA,NA,NA,NA,TRUE,NA,NA,NA,NA,NA,FALSE,FALSE,"GLASS13D01.V10.A2000001.h22v05.2023058.hdf","https://ndownloader.figshare.com/files/39492028",33754079,"figshare/22220050"
"scientific_data","10.1038/s41597-023-02695-x","figshare::22220050::GLASS13D01.V10.A2000001.h22v06.2023058.hdf",NA,NA,NA,NA,NA,NA,TRUE,NA,NA,NA,NA,NA,FALSE,FALSE,"GLASS13D01.V10.A2000001.h22v06.2023058.hdf","https://ndownloader.figshare.com/files/39492031",27985611,"figshare/22220050"
"scientific_data","10.1038/s41597-023-02695-x","figshare::22220050::GLASS13D01.V10.A2000001.h22v07.2023058.hdf",NA,NA,NA,NA,NA,NA,TRUE,NA,NA,NA,NA,NA,FALSE,FALSE,"GLASS13D01.V10.A2000001.h22v07.2023058.hdf","https://ndownloader.figshare.com/files/39492034",25556680,"figshare/22220050"
"scientific_data","10.1038/s41597-023-02695-x","figshare::22220050::GLASS13D01.V10.A2000001.h22v08.2023058.hdf",NA,NA,NA,NA,NA,NA,TRUE,NA,NA,NA,NA,NA,FALSE,FALSE,"GLASS13D01.V10.A2000001.h22v08.2023058.hdf","https://ndownloader.figshare.com/files/39492037",27231316,"figshare/22220050"
"scientific_data","10.1038/s41597-023-02695-x","figshare::22220050::GLASS13D01.V10.A2000001.h22v09.2023058.hdf",NA,NA,NA,NA,NA,NA,TRUE,NA,NA,NA,NA,NA,FALSE,FALSE,"GLASS13D01.V10.A2000001.h22v09.2023058.hdf","https://ndownloader.figshare.com/files/39492040",2066533,"figshare/22220050"
"scientific_data","10.1038/s41597-023-02695-x","figshare::22220050::GLASS13D01.V10.A2000001.h22v10.2023058.hdf",NA,NA,NA,NA,NA,NA,TRUE,NA,NA,NA,NA,NA,FALSE,FALSE,"GLASS13D01.V10.A2000001.h22v10.2023058.hdf","https://ndownloader.figshare.com/files/39492043",11541698,"figshare/22220050"
"scientific_data","10.1038/s41597-023-02695-x","figshare::22220050::GLASS13D01.V10.A2000001.h22v11.2023058.hdf",NA,NA,NA,NA,NA,NA,TRUE,NA,NA,NA,NA,NA,FALSE,FALSE,"GLASS13D01.V10.A2000001.h22v11.2023058.hdf","https://ndownloader.figshare.com/files/39492046",8461730,"figshare/22220050"
"scientific_data","10.1038/s41597-023-02695-x","figshare::22220050::GLASS13D01.V10.A2000001.h22v13.2023058.hdf",NA,NA,NA,NA,NA,NA,TRUE,NA,NA,NA,NA,NA,FALSE,FALSE,"GLASS13D01.V10.A2000001.h22v13.2023058.hdf","https://ndownloader.figshare.com/files/39492049",457335,"figshare/22220050"
"scientific_data","10.1038/s41597-023-02695-x","figshare::22220050::GLASS13D01.V10.A2000001.h22v14.2023058.hdf",NA,NA,NA,NA,NA,NA,TRUE,NA,NA,NA,NA,NA,FALSE,FALSE,"GLASS13D01.V10.A2000001.h22v14.2023058.hdf","https://ndownloader.figshare.com/files/39492052",137264,"figshare/22220050"
"scientific_data","10.1038/s41597-023-02695-x","figshare::22220050::GLASS13D01.V10.A2000001.h23v01.2023058.hdf",NA,NA,NA,NA,NA,NA,TRUE,NA,NA,NA,NA,NA,FALSE,FALSE,"GLASS13D01.V10.A2000001.h23v01.2023058.hdf","https://ndownloader.figshare.com/files/39492055",1189143,"figshare/22220050"
"scientific_data","10.1038/s41597-023-02695-x","figshare::22220050::GLASS13D01.V10.A2000001.h23v02.2023058.hdf",NA,NA,NA,NA,NA,NA,TRUE,NA,NA,NA,NA,NA,FALSE,FALSE,"GLASS13D01.V10.A2000001.h23v02.2023058.hdf","https://ndownloader.figshare.com/files/39492058",30263699,"figshare/22220050"
"scientific_data","10.1038/s41597-023-02695-x","figshare::22220050::GLASS13D01.V10.A2000001.h23v03.2023058.hdf",NA,NA,NA,NA,NA,NA,TRUE,NA,NA,NA,NA,NA,FALSE,FALSE,"GLASS13D01.V10.A2000001.h23v03.2023058.hdf","https://ndownloader.figshare.com/files/39492061",37448865,"figshare/22220050"
"scientific_data","10.1038/s41597-023-02695-x","figshare::22220050::GLASS13D01.V10.A2000001.h23v04.2023058.hdf",NA,NA,NA,NA,NA,NA,TRUE,NA,NA,NA,NA,NA,FALSE,FALSE,"GLASS13D01.V10.A2000001.h23v04.2023058.hdf","https://ndownloader.figshare.com/files/39492064",33672068,"figshare/22220050"
"scientific_data","10.1038/s41597-023-02695-x","figshare::22220050::GLASS13D01.V10.A2000001.h23v05.2023058.hdf",NA,NA,NA,NA,NA,NA,TRUE,NA,NA,NA,NA,NA,FALSE,FALSE,"GLASS13D01.V10.A2000001.h23v05.2023058.hdf","https://ndownloader.figshare.com/files/39492067",36825084,"figshare/22220050"
"scientific_data","10.1038/s41597-023-02695-x","figshare::22220050::GLASS13D01.V10.A2000001.h23v06.2023058.hdf",NA,NA,NA,NA,NA,NA,TRUE,NA,NA,NA,NA,NA,FALSE,FALSE,"GLASS13D01.V10.A2000001.h23v06.2023058.hdf","https://ndownloader.figshare.com/files/39492070",22965773,"figshare/22220050"
"scientific_data","10.1038/s41597-023-02695-x","figshare::22220050::GLASS13D01.V10.A2000001.h23v07.2023058.hdf",NA,NA,NA,NA,NA,NA,TRUE,NA,NA,NA,NA,NA,FALSE,FALSE,"GLASS13D01.V10.A2000001.h23v07.2023058.hdf","https://ndownloader.figshare.com/files/39492073",4469808,"figshare/22220050"
"scientific_data","10.1038/s41597-023-02695-x","figshare::22220050::GLASS13D01.V10.A2000001.h23v08.2023058.hdf",NA,NA,NA,NA,NA,NA,TRUE,NA,NA,NA,NA,NA,FALSE,FALSE,"GLASS13D01.V10.A2000001.h23v08.2023058.hdf","https://ndownloader.figshare.com/files/39492076",155414,"figshare/22220050"
"scientific_data","10.1038/s41597-023-02695-x","figshare::22220050::GLASS13D01.V10.A2000001.h23v09.2023058.hdf",NA,NA,NA,NA,NA,NA,TRUE,NA,NA,NA,NA,NA,FALSE,FALSE,"GLASS13D01.V10.A2000001.h23v09.2023058.hdf","https://ndownloader.figshare.com/files/39492079",151540,"figshare/22220050"
"scientific_data","10.1038/s41597-023-02695-x","figshare::22220050::GLASS13D01.V10.A2000001.h23v10.2023058.hdf",NA,NA,NA,NA,NA,NA,TRUE,NA,NA,NA,NA,NA,FALSE,FALSE,"GLASS13D01.V10.A2000001.h23v10.2023058.hdf","https://ndownloader.figshare.com/files/39492082",137530,"figshare/22220050"
"scientific_data","10.1038/s41597-023-02695-x","figshare::22220050::GLASS13D01.V10.A2000001.h23v11.2023058.hdf",NA,NA,NA,NA,NA,NA,TRUE,NA,NA,NA,NA,NA,FALSE,FALSE,"GLASS13D01.V10.A2000001.h23v11.2023058.hdf","https://ndownloader.figshare.com/files/39492085",293136,"figshare/22220050"
"scientific_data","10.1038/s41597-023-02695-x","figshare::22220050::GLASS13D01.V10.A2000001.h24v02.2023058.hdf",NA,NA,NA,NA,NA,NA,TRUE,NA,NA,NA,NA,NA,FALSE,FALSE,"GLASS13D01.V10.A2000001.h24v02.2023058.hdf","https://ndownloader.figshare.com/files/39492088",27481209,"figshare/22220050"
"scientific_data","10.1038/s41597-023-02695-x","figshare::22220050::GLASS13D01.V10.A2000001.h24v03.2023058.hdf",NA,NA,NA,NA,NA,NA,TRUE,NA,NA,NA,NA,NA,FALSE,FALSE,"GLASS13D01.V10.A2000001.h24v03.2023058.hdf","https://ndownloader.figshare.com/files/39492091",35530060,"figshare/22220050"
"scientific_data","10.1038/s41597-023-02695-x","figshare::22220050::GLASS13D01.V10.A2000001.h24v04.2023058.hdf",NA,NA,NA,NA,NA,NA,TRUE,NA,NA,NA,NA,NA,FALSE,FALSE,"GLASS13D01.V10.A2000001.h24v04.2023058.hdf","https://ndownloader.figshare.com/files/39492094",34821554,"figshare/22220050"
"scientific_data","10.1038/s41597-023-02695-x","figshare::22220050::GLASS13D01.V10.A2000001.h24v05.2023058.hdf",NA,NA,NA,NA,NA,NA,TRUE,NA,NA,NA,NA,NA,FALSE,FALSE,"GLASS13D01.V10.A2000001.h24v05.2023058.hdf","https://ndownloader.figshare.com/files/39492097",37705726,"figshare/22220050"
"scientific_data","10.1038/s41597-023-02695-x","figshare::22220050::GLASS13D01.V10.A2000001.h24v06.2023058.hdf",NA,NA,NA,NA,NA,NA,TRUE,NA,NA,NA,NA,NA,FALSE,FALSE,"GLASS13D01.V10.A2000001.h24v06.2023058.hdf","https://ndownloader.figshare.com/files/39492100",30741474,"figshare/22220050"
"scientific_data","10.1038/s41597-023-02695-x","figshare::22220050::GLASS13D01.V10.A2000001.h24v07.2023058.hdf",NA,NA,NA,NA,NA,NA,TRUE,NA,NA,NA,NA,NA,FALSE,FALSE,"GLASS13D01.V10.A2000001.h24v07.2023058.hdf","https://ndownloader.figshare.com/files/39492103",1162257,"figshare/22220050"
"scientific_data","10.1038/s41597-023-02695-x","figshare::22220050::GLASS13D01.V10.A2000001.h24v12.2023058.hdf",NA,NA,NA,NA,NA,NA,TRUE,NA,NA,NA,NA,NA,FALSE,FALSE,"GLASS13D01.V10.A2000001.h24v12.2023058.hdf","https://ndownloader.figshare.com/files/39492106",125541,"figshare/22220050"
"scientific_data","10.1038/s41597-023-02695-x","figshare::22220050::GLASS13D01.V10.A2000001.h25v02.2023058.hdf",NA,NA,NA,NA,NA,NA,TRUE,NA,NA,NA,NA,NA,FALSE,FALSE,"GLASS13D01.V10.A2000001.h25v02.2023058.hdf","https://ndownloader.figshare.com/files/39492109",15320047,"figshare/22220050"
"scientific_data","10.1038/s41597-023-02695-x","figshare::22220050::GLASS13D01.V10.A2000001.h25v03.2023058.hdf",NA,NA,NA,NA,NA,NA,TRUE,NA,NA,NA,NA,NA,FALSE,FALSE,"GLASS13D01.V10.A2000001.h25v03.2023058.hdf","https://ndownloader.figshare.com/files/39492112",28987153,"figshare/22220050"
"scientific_data","10.1038/s41597-023-02695-x","figshare::22220050::GLASS13D01.V10.A2000001.h25v04.2023058.hdf",NA,NA,NA,NA,NA,NA,TRUE,NA,NA,NA,NA,NA,FALSE,FALSE,"GLASS13D01.V10.A2000001.h25v04.2023058.hdf","https://ndownloader.figshare.com/files/39492115",34042282,"figshare/22220050"
"scientific_data","10.1038/s41597-023-02695-x","figshare::22220050::GLASS13D01.V10.A2000001.h25v05.2023058.hdf",NA,NA,NA,NA,NA,NA,TRUE,NA,NA,NA,NA,NA,FALSE,FALSE,"GLASS13D01.V10.A2000001.h25v05.2023058.hdf","https://ndownloader.figshare.com/files/39492118",35951354,"figshare/22220050"
"scientific_data","10.1038/s41597-023-02695-x","figshare::22220050::GLASS13D01.V10.A2000001.h25v06.2023058.hdf",NA,NA,NA,NA,NA,NA,TRUE,NA,NA,NA,NA,NA,FALSE,FALSE,"GLASS13D01.V10.A2000001.h25v06.2023058.hdf","https://ndownloader.figshare.com/files/39492121",39929636,"figshare/22220050"
"scientific_data","10.1038/s41597-023-02695-x","figshare::22220050::GLASS13D01.V10.A2000001.h25v07.2023058.hdf",NA,NA,NA,NA,NA,NA,TRUE,NA,NA,NA,NA,NA,FALSE,FALSE,"GLASS13D01.V10.A2000001.h25v07.2023058.hdf","https://ndownloader.figshare.com/files/39492124",27370549,"figshare/22220050"
"scientific_data","10.1038/s41597-023-02695-x","figshare::22220050::GLASS13D01.V10.A2000001.h25v08.2023058.hdf",NA,NA,NA,NA,NA,NA,TRUE,NA,NA,NA,NA,NA,FALSE,FALSE,"GLASS13D01.V10.A2000001.h25v08.2023058.hdf","https://ndownloader.figshare.com/files/39492127",2907592,"figshare/22220050"
"scientific_data","10.1038/s41597-023-02695-x","figshare::22220050::GLASS13D01.V10.A2000001.h25v09.2023058.hdf",NA,NA,NA,NA,NA,NA,TRUE,NA,NA,NA,NA,NA,FALSE,FALSE,"GLASS13D01.V10.A2000001.h25v09.2023058.hdf","https://ndownloader.figshare.com/files/39492130",140938,"figshare/22220050"
"scientific_data","10.1038/s41597-023-02695-x","figshare::22220050::GLASS13D01.V10.A2000001.h26v02.2023058.hdf",NA,NA,NA,NA,NA,NA,TRUE,NA,NA,NA,NA,NA,FALSE,FALSE,"GLASS13D01.V10.A2000001.h26v02.2023058.hdf","https://ndownloader.figshare.com/files/39492133",3065253,"figshare/22220050"
"scientific_data","10.1038/s41597-023-02695-x","figshare::22220050::GLASS13D01.V10.A2000001.h26v03.2023058.hdf",NA,NA,NA,NA,NA,NA,TRUE,NA,NA,NA,NA,NA,FALSE,FALSE,"GLASS13D01.V10.A2000001.h26v03.2023058.hdf","https://ndownloader.figshare.com/files/39492136",15733005,"figshare/22220050"
"scientific_data","10.1038/s41597-023-02695-x","figshare::22220050::GLASS13D01.V10.A2000001.h26v04.2023058.hdf",NA,NA,NA,NA,NA,NA,TRUE,NA,NA,NA,NA,NA,FALSE,FALSE,"GLASS13D01.V10.A2000001.h26v04.2023058.hdf","https://ndownloader.figshare.com/files/39492139",35985269,"figshare/22220050"
"scientific_data","10.1038/s41597-023-02695-x","figshare::22220050::GLASS13D01.V10.A2000001.h26v05.2023058.hdf",NA,NA,NA,NA,NA,NA,TRUE,NA,NA,NA,NA,NA,FALSE,FALSE,"GLASS13D01.V10.A2000001.h26v05.2023058.hdf","https://ndownloader.figshare.com/files/39492142",37778906,"figshare/22220050"
"scientific_data","10.1038/s41597-023-02695-x","figshare::22220050::GLASS13D01.V10.A2000001.h26v06.2023058.hdf",NA,NA,NA,NA,NA,NA,TRUE,NA,NA,NA,NA,NA,FALSE,FALSE,"GLASS13D01.V10.A2000001.h26v06.2023058.hdf","https://ndownloader.figshare.com/files/39492145",36843788,"figshare/22220050"
"scientific_data","10.1038/s41597-023-02695-x","figshare::22220050::GLASS13D01.V10.A2000001.h26v07.2023058.hdf",NA,NA,NA,NA,NA,NA,TRUE,NA,NA,NA,NA,NA,FALSE,FALSE,"GLASS13D01.V10.A2000001.h26v07.2023058.hdf","https://ndownloader.figshare.com/files/39492148",1363212,"figshare/22220050"
"scientific_data","10.1038/s41597-023-02695-x","figshare::22220050::GLASS13D01.V10.A2000001.h26v08.2023058.hdf",NA,NA,NA,NA,NA,NA,TRUE,NA,NA,NA,NA,NA,FALSE,FALSE,"GLASS13D01.V10.A2000001.h26v08.2023058.hdf","https://ndownloader.figshare.com/files/39492151",1141191,"figshare/22220050"
"scientific_data","10.1038/s41597-023-02695-x","figshare::22220050::GLASS13D01.V10.A2000001.h27v03.2023058.hdf",NA,NA,NA,NA,NA,NA,TRUE,NA,NA,NA,NA,NA,FALSE,FALSE,"GLASS13D01.V10.A2000001.h27v03.2023058.hdf","https://ndownloader.figshare.com/files/39492154",4128404,"figshare/22220050"
"scientific_data","10.1038/s41597-023-02695-x","figshare::22220050::GLASS13D01.V10.A2000001.h27v04.2023058.hdf",NA,NA,NA,NA,NA,NA,TRUE,NA,NA,NA,NA,NA,FALSE,FALSE,"GLASS13D01.V10.A2000001.h27v04.2023058.hdf","https://ndownloader.figshare.com/files/39492157",23135631,"figshare/22220050"
"scientific_data","10.1038/s41597-023-02695-x","figshare::22220050::GLASS13D01.V10.A2000001.h27v05.2023058.hdf",NA,NA,NA,NA,NA,NA,TRUE,NA,NA,NA,NA,NA,FALSE,FALSE,"GLASS13D01.V10.A2000001.h27v05.2023058.hdf","https://ndownloader.figshare.com/files/39492160",30559587,"figshare/22220050"
"scientific_data","10.1038/s41597-023-02695-x","figshare::22220050::GLASS13D01.V10.A2000001.h27v06.2023058.hdf",NA,NA,NA,NA,NA,NA,TRUE,NA,NA,NA,NA,NA,FALSE,FALSE,"GLASS13D01.V10.A2000001.h27v06.2023058.hdf","https://ndownloader.figshare.com/files/39492163",39891054,"figshare/22220050"
"scientific_data","10.1038/s41597-023-02695-x","figshare::22220050::GLASS13D01.V10.A2000001.h27v07.2023058.hdf",NA,NA,NA,NA,NA,NA,TRUE,NA,NA,NA,NA,NA,FALSE,FALSE,"GLASS13D01.V10.A2000001.h27v07.2023058.hdf","https://ndownloader.figshare.com/files/39492166",23639110,"figshare/22220050"
"scientific_data","10.1038/s41597-023-02695-x","figshare::22220050::GLASS13D01.V10.A2000001.h27v08.2023058.hdf",NA,NA,NA,NA,NA,NA,TRUE,NA,NA,NA,NA,NA,FALSE,FALSE,"GLASS13D01.V10.A2000001.h27v08.2023058.hdf","https://ndownloader.figshare.com/files/39492169",6419004,"figshare/22220050"
"scientific_data","10.1038/s41597-023-02695-x","figshare::22220050::GLASS13D01.V10.A2000001.h27v09.2023058.hdf",NA,NA,NA,NA,NA,NA,TRUE,NA,NA,NA,NA,NA,FALSE,FALSE,"GLASS13D01.V10.A2000001.h27v09.2023058.hdf","https://ndownloader.figshare.com/files/39492172",402522,"figshare/22220050"
"scientific_data","10.1038/s41597-023-02695-x","figshare::22220050::GLASS13D01.V10.A2000001.h27v10.2023058.hdf",NA,NA,NA,NA,NA,NA,TRUE,NA,NA,NA,NA,NA,FALSE,FALSE,"GLASS13D01.V10.A2000001.h27v10.2023058.hdf","https://ndownloader.figshare.com/files/39492175",125082,"figshare/22220050"
"scientific_data","10.1038/s41597-023-02695-x","figshare::22220050::GLASS13D01.V10.A2000001.h27v11.2023058.hdf",NA,NA,NA,NA,NA,NA,TRUE,NA,NA,NA,NA,NA,FALSE,FALSE,"GLASS13D01.V10.A2000001.h27v11.2023058.hdf","https://ndownloader.figshare.com/files/39492178",166002,"figshare/22220050"
"scientific_data","10.1038/s41597-023-02695-x","figshare::22220050::GLASS13D01.V10.A2000001.h27v12.2023058.hdf",NA,NA,NA,NA,NA,NA,TRUE,NA,NA,NA,NA,NA,FALSE,FALSE,"GLASS13D01.V10.A2000001.h27v12.2023058.hdf","https://ndownloader.figshare.com/files/39492181",4691897,"figshare/22220050"
"scientific_data","10.1038/s41597-023-02695-x","figshare::22220050::GLASS13D01.V10.A2000001.h27v14.2023058.hdf",NA,NA,NA,NA,NA,NA,TRUE,NA,NA,NA,NA,NA,FALSE,FALSE,"GLASS13D01.V10.A2000001.h27v14.2023058.hdf","https://ndownloader.figshare.com/files/39492184",134196,"figshare/22220050"
"scientific_data","10.1038/s41597-023-02695-x","figshare::22220050::GLASS13D01.V10.A2000001.h28v03.2023058.hdf",NA,NA,NA,NA,NA,NA,TRUE,NA,NA,NA,NA,NA,FALSE,FALSE,"GLASS13D01.V10.A2000001.h28v03.2023058.hdf","https://ndownloader.figshare.com/files/39492187",195060,"figshare/22220050"
"scientific_data","10.1038/s41597-023-02695-x","figshare::22220050::GLASS13D01.V10.A2000001.h28v04.2023058.hdf",NA,NA,NA,NA,NA,NA,TRUE,NA,NA,NA,NA,NA,FALSE,FALSE,"GLASS13D01.V10.A2000001.h28v04.2023058.hdf","https://ndownloader.figshare.com/files/39492190",3680395,"figshare/22220050"
"scientific_data","10.1038/s41597-023-02695-x","figshare::22220050::GLASS13D01.V10.A2000001.h28v05.2023058.hdf",NA,NA,NA,NA,NA,NA,TRUE,NA,NA,NA,NA,NA,FALSE,FALSE,"GLASS13D01.V10.A2000001.h28v05.2023058.hdf","https://ndownloader.figshare.com/files/39492193",11405390,"figshare/22220050"
"scientific_data","10.1038/s41597-023-02695-x","figshare::22220050::GLASS13D01.V10.A2000001.h28v06.2023058.hdf",NA,NA,NA,NA,NA,NA,TRUE,NA,NA,NA,NA,NA,FALSE,FALSE,"GLASS13D01.V10.A2000001.h28v06.2023058.hdf","https://ndownloader.figshare.com/files/39492196",24279524,"figshare/22220050"
"scientific_data","10.1038/s41597-023-02695-x","figshare::22220050::GLASS13D01.V10.A2000001.h28v07.2023058.hdf",NA,NA,NA,NA,NA,NA,TRUE,NA,NA,NA,NA,NA,FALSE,FALSE,"GLASS13D01.V10.A2000001.h28v07.2023058.hdf","https://ndownloader.figshare.com/files/39492199",16629912,"figshare/22220050"
"scientific_data","10.1038/s41597-023-02695-x","figshare::22220050::GLASS13D01.V10.A2000001.h28v08.2023058.hdf",NA,NA,NA,NA,NA,NA,TRUE,NA,NA,NA,NA,NA,FALSE,FALSE,"GLASS13D01.V10.A2000001.h28v08.2023058.hdf","https://ndownloader.figshare.com/files/39492202",8928075,"figshare/22220050"
"scientific_data","10.1038/s41597-023-02695-x","figshare::22220050::GLASS13D01.V10.A2000001.h28v09.2023058.hdf",NA,NA,NA,NA,NA,NA,TRUE,NA,NA,NA,NA,NA,FALSE,FALSE,"GLASS13D01.V10.A2000001.h28v09.2023058.hdf","https://ndownloader.figshare.com/files/39492208",11859517,"figshare/22220050"
"scientific_data","10.1038/s41597-023-02695-x","figshare::22220050::GLASS13D01.V10.A2000001.h28v10.2023058.hdf",NA,NA,NA,NA,NA,NA,TRUE,NA,NA,NA,NA,NA,FALSE,FALSE,"GLASS13D01.V10.A2000001.h28v10.2023058.hdf","https://ndownloader.figshare.com/files/39492211",129536,"figshare/22220050"
"scientific_data","10.1038/s41597-023-02695-x","figshare::22220050::GLASS13D01.V10.A2000001.h28v11.2023058.hdf",NA,NA,NA,NA,NA,NA,TRUE,NA,NA,NA,NA,NA,FALSE,FALSE,"GLASS13D01.V10.A2000001.h28v11.2023058.hdf","https://ndownloader.figshare.com/files/39492214",23275908,"figshare/22220050"
"scientific_data","10.1038/s41597-023-02695-x","figshare::22220050::GLASS13D01.V10.A2000001.h28v12.2023058.hdf",NA,NA,NA,NA,NA,NA,TRUE,NA,NA,NA,NA,NA,FALSE,FALSE,"GLASS13D01.V10.A2000001.h28v12.2023058.hdf","https://ndownloader.figshare.com/files/39492217",11099141,"figshare/22220050"
"scientific_data","10.1038/s41597-023-02695-x","figshare::22220050::GLASS13D01.V10.A2000001.h28v13.2023058.hdf",NA,NA,NA,NA,NA,NA,TRUE,NA,NA,NA,NA,NA,FALSE,FALSE,"GLASS13D01.V10.A2000001.h28v13.2023058.hdf","https://ndownloader.figshare.com/files/39492220",1946722,"figshare/22220050"
"scientific_data","10.1038/s41597-023-02695-x","figshare::22220050::GLASS13D01.V10.A2000001.h28v14.2023058.hdf",NA,NA,NA,NA,NA,NA,TRUE,NA,NA,NA,NA,NA,FALSE,FALSE,"GLASS13D01.V10.A2000001.h28v14.2023058.hdf","https://ndownloader.figshare.com/files/39492223",169738,"figshare/22220050"
"scientific_data","10.1038/s41597-023-02695-x","figshare::22220050::GLASS13D01.V10.A2000001.h29v03.2023058.hdf",NA,NA,NA,NA,NA,NA,TRUE,NA,NA,NA,NA,NA,FALSE,FALSE,"GLASS13D01.V10.A2000001.h29v03.2023058.hdf","https://ndownloader.figshare.com/files/39492226",158323,"figshare/22220050"
"scientific_data","10.1038/s41597-023-02695-x","figshare::22220050::GLASS13D01.V10.A2000001.h29v05.2023058.hdf",NA,NA,NA,NA,NA,NA,TRUE,NA,NA,NA,NA,NA,FALSE,FALSE,"GLASS13D01.V10.A2000001.h29v05.2023058.hdf","https://ndownloader.figshare.com/files/39492229",6836355,"figshare/22220050"
"scientific_data","10.1038/s41597-023-02695-x","figshare::22220050::GLASS13D01.V10.A2000001.h29v06.2023058.hdf",NA,NA,NA,NA,NA,NA,TRUE,NA,NA,NA,NA,NA,FALSE,FALSE,"GLASS13D01.V10.A2000001.h29v06.2023058.hdf","https://ndownloader.figshare.com/files/39492232",1531474,"figshare/22220050"
"scientific_data","10.1038/s41597-023-02695-x","figshare::22220050::GLASS13D01.V10.A2000001.h29v07.2023058.hdf",NA,NA,NA,NA,NA,NA,TRUE,NA,NA,NA,NA,NA,FALSE,FALSE,"GLASS13D01.V10.A2000001.h29v07.2023058.hdf","https://ndownloader.figshare.com/files/39492238",4749013,"figshare/22220050"
"scientific_data","10.1038/s41597-023-02695-x","figshare::22220050::GLASS13D01.V10.A2000001.h29v08.2023058.hdf",NA,NA,NA,NA,NA,NA,TRUE,NA,NA,NA,NA,NA,FALSE,FALSE,"GLASS13D01.V10.A2000001.h29v08.2023058.hdf","https://ndownloader.figshare.com/files/39492241",14101146,"figshare/22220050"
"scientific_data","10.1038/s41597-023-02695-x","figshare::22220050::GLASS13D01.V10.A2000001.h29v09.2023058.hdf",NA,NA,NA,NA,NA,NA,TRUE,NA,NA,NA,NA,NA,FALSE,FALSE,"GLASS13D01.V10.A2000001.h29v09.2023058.hdf","https://ndownloader.figshare.com/files/39492244",14546934,"figshare/22220050"
"scientific_data","10.1038/s41597-023-02695-x","figshare::22220050::GLASS13D01.V10.A2000001.h29v10.2023058.hdf",NA,NA,NA,NA,NA,NA,TRUE,NA,NA,NA,NA,NA,FALSE,FALSE,"GLASS13D01.V10.A2000001.h29v10.2023058.hdf","https://ndownloader.figshare.com/files/39492247",6130261,"figshare/22220050"
"scientific_data","10.1038/s41597-023-02695-x","figshare::22220050::GLASS13D01.V10.A2000001.h29v11.2023058.hdf",NA,NA,NA,NA,NA,NA,TRUE,NA,NA,NA,NA,NA,FALSE,FALSE,"GLASS13D01.V10.A2000001.h29v11.2023058.hdf","https://ndownloader.figshare.com/files/39492250",34220211,"figshare/22220050"
"scientific_data","10.1038/s41597-023-02695-x","figshare::22220050::GLASS13D01.V10.A2000001.h29v12.2023058.hdf",NA,NA,NA,NA,NA,NA,TRUE,NA,NA,NA,NA,NA,FALSE,FALSE,"GLASS13D01.V10.A2000001.h29v12.2023058.hdf","https://ndownloader.figshare.com/files/39492253",24824836,"figshare/22220050"
"scientific_data","10.1038/s41597-023-02695-x","figshare::22220050::GLASS13D01.V10.A2000001.h29v13.2023058.hdf",NA,NA,NA,NA,NA,NA,TRUE,NA,NA,NA,NA,NA,FALSE,FALSE,"GLASS13D01.V10.A2000001.h29v13.2023058.hdf","https://ndownloader.figshare.com/files/39492256",2564536,"figshare/22220050"
"scientific_data","10.1038/s41597-023-02695-x","figshare::22220050::GLASS13D01.V10.A2000001.h30v05.2023058.hdf",NA,NA,NA,NA,NA,NA,TRUE,NA,NA,NA,NA,NA,FALSE,FALSE,"GLASS13D01.V10.A2000001.h30v05.2023058.hdf","https://ndownloader.figshare.com/files/39492259",121138,"figshare/22220050"
"scientific_data","10.1038/s41597-023-02695-x","figshare::22220050::GLASS13D01.V10.A2000001.h30v06.2023058.hdf",NA,NA,NA,NA,NA,NA,TRUE,NA,NA,NA,NA,NA,FALSE,FALSE,"GLASS13D01.V10.A2000001.h30v06.2023058.hdf","https://ndownloader.figshare.com/files/39492262",137739,"figshare/22220050"
"scientific_data","10.1038/s41597-023-02695-x","figshare::22220050::GLASS13D01.V10.A2000001.h30v07.2023058.hdf",NA,NA,NA,NA,NA,NA,TRUE,NA,NA,NA,NA,NA,FALSE,FALSE,"GLASS13D01.V10.A2000001.h30v07.2023058.hdf","https://ndownloader.figshare.com/files/39492265",2133939,"figshare/22220050"
"scientific_data","10.1038/s41597-023-02695-x","figshare::22220050::GLASS13D01.V10.A2000001.h30v08.2023058.hdf",NA,NA,NA,NA,NA,NA,TRUE,NA,NA,NA,NA,NA,FALSE,FALSE,"GLASS13D01.V10.A2000001.h30v08.2023058.hdf","https://ndownloader.figshare.com/files/39492268",6053347,"figshare/22220050"
"scientific_data","10.1038/s41597-023-02695-x","figshare::22220050::GLASS13D01.V10.A2000001.h30v09.2023058.hdf",NA,NA,NA,NA,NA,NA,TRUE,NA,NA,NA,NA,NA,FALSE,FALSE,"GLASS13D01.V10.A2000001.h30v09.2023058.hdf","https://ndownloader.figshare.com/files/39492271",6409197,"figshare/22220050"
"scientific_data","10.1038/s41597-023-02695-x","figshare::22220050::GLASS13D01.V10.A2000001.h30v10.2023058.hdf",NA,NA,NA,NA,NA,NA,TRUE,NA,NA,NA,NA,NA,FALSE,FALSE,"GLASS13D01.V10.A2000001.h30v10.2023058.hdf","https://ndownloader.figshare.com/files/39492274",25063105,"figshare/22220050"
"scientific_data","10.1038/s41597-023-02695-x","figshare::22220050::GLASS13D01.V10.A2000001.h30v11.2023058.hdf",NA,NA,NA,NA,NA,NA,TRUE,NA,NA,NA,NA,NA,FALSE,FALSE,"GLASS13D01.V10.A2000001.h30v11.2023058.hdf","https://ndownloader.figshare.com/files/39492277",36793877,"figshare/22220050"
"scientific_data","10.1038/s41597-023-02695-x","figshare::22220050::GLASS13D01.V10.A2000001.h30v12.2023058.hdf",NA,NA,NA,NA,NA,NA,TRUE,NA,NA,NA,NA,NA,FALSE,FALSE,"GLASS13D01.V10.A2000001.h30v12.2023058.hdf","https://ndownloader.figshare.com/files/39492280",16932502,"figshare/22220050"
"scientific_data","10.1038/s41597-023-02695-x","figshare::22220050::GLASS13D01.V10.A2000001.h30v13.2023058.hdf",NA,NA,NA,NA,NA,NA,TRUE,NA,NA,NA,NA,NA,FALSE,FALSE,"GLASS13D01.V10.A2000001.h30v13.2023058.hdf","https://ndownloader.figshare.com/files/39492283",3305430,"figshare/22220050"
"scientific_data","10.1038/s41597-023-02695-x","figshare::22220050::GLASS13D01.V10.A2000001.h31v06.2023058.hdf",NA,NA,NA,NA,NA,NA,TRUE,NA,NA,NA,NA,NA,FALSE,FALSE,"GLASS13D01.V10.A2000001.h31v06.2023058.hdf","https://ndownloader.figshare.com/files/39492286",121805,"figshare/22220050"
"scientific_data","10.1038/s41597-023-02695-x","figshare::22220050::GLASS13D01.V10.A2000001.h31v07.2023058.hdf",NA,NA,NA,NA,NA,NA,TRUE,NA,NA,NA,NA,NA,FALSE,FALSE,"GLASS13D01.V10.A2000001.h31v07.2023058.hdf","https://ndownloader.figshare.com/files/39492289",137393,"figshare/22220050"
"scientific_data","10.1038/s41597-023-02695-x","figshare::22220050::GLASS13D01.V10.A2000001.h31v08.2023058.hdf",NA,NA,NA,NA,NA,NA,TRUE,NA,NA,NA,NA,NA,FALSE,FALSE,"GLASS13D01.V10.A2000001.h31v08.2023058.hdf","https://ndownloader.figshare.com/files/39492292",182606,"figshare/22220050"
"scientific_data","10.1038/s41597-023-02695-x","figshare::22220050::GLASS13D01.V10.A2000001.h31v09.2023058.hdf",NA,NA,NA,NA,NA,NA,TRUE,NA,NA,NA,NA,NA,FALSE,FALSE,"GLASS13D01.V10.A2000001.h31v09.2023058.hdf","https://ndownloader.figshare.com/files/39492295",13765965,"figshare/22220050"
"scientific_data","10.1038/s41597-023-02695-x","figshare::22220050::GLASS13D01.V10.A2000001.h31v10.2023058.hdf",NA,NA,NA,NA,NA,NA,TRUE,NA,NA,NA,NA,NA,FALSE,FALSE,"GLASS13D01.V10.A2000001.h31v10.2023058.hdf","https://ndownloader.figshare.com/files/39492298",21016778,"figshare/22220050"
"scientific_data","10.1038/s41597-023-02695-x","figshare::22220050::GLASS13D01.V10.A2000001.h31v11.2023058.hdf",NA,NA,NA,NA,NA,NA,TRUE,NA,NA,NA,NA,NA,FALSE,FALSE,"GLASS13D01.V10.A2000001.h31v11.2023058.hdf","https://ndownloader.figshare.com/files/39492304",29740582,"figshare/22220050"
"scientific_data","10.1038/s41597-023-02695-x","figshare::22220050::GLASS13D01.V10.A2000001.h31v12.2023058.hdf",NA,NA,NA,NA,NA,NA,TRUE,NA,NA,NA,NA,NA,FALSE,FALSE,"GLASS13D01.V10.A2000001.h31v12.2023058.hdf","https://ndownloader.figshare.com/files/39492307",3521462,"figshare/22220050"
"scientific_data","10.1038/s41597-023-02695-x","figshare::22220050::GLASS13D01.V10.A2000001.h31v13.2023058.hdf",NA,NA,NA,NA,NA,NA,TRUE,NA,NA,NA,NA,NA,FALSE,FALSE,"GLASS13D01.V10.A2000001.h31v13.2023058.hdf","https://ndownloader.figshare.com/files/39492310",1075504,"figshare/22220050"
"scientific_data","10.1038/s41597-023-02695-x","figshare::22220050::GLASS13D01.V10.A2000001.h32v07.2023058.hdf",NA,NA,NA,NA,NA,NA,TRUE,NA,NA,NA,NA,NA,FALSE,FALSE,"GLASS13D01.V10.A2000001.h32v07.2023058.hdf","https://ndownloader.figshare.com/files/39492313",171446,"figshare/22220050"
"scientific_data","10.1038/s41597-023-02695-x","figshare::22220050::GLASS13D01.V10.A2000001.h32v08.2023058.hdf",NA,NA,NA,NA,NA,NA,TRUE,NA,NA,NA,NA,NA,FALSE,FALSE,"GLASS13D01.V10.A2000001.h32v08.2023058.hdf","https://ndownloader.figshare.com/files/39492316",130287,"figshare/22220050"
"scientific_data","10.1038/s41597-023-02695-x","figshare::22220050::GLASS13D01.V10.A2000001.h32v09.2023058.hdf",NA,NA,NA,NA,NA,NA,TRUE,NA,NA,NA,NA,NA,FALSE,FALSE,"GLASS13D01.V10.A2000001.h32v09.2023058.hdf","https://ndownloader.figshare.com/files/39492319",14041660,"figshare/22220050"
"scientific_data","10.1038/s41597-023-02695-x","figshare::22220050::GLASS13D01.V10.A2000001.h32v10.2023058.hdf",NA,NA,NA,NA,NA,NA,TRUE,NA,NA,NA,NA,NA,FALSE,FALSE,"GLASS13D01.V10.A2000001.h32v10.2023058.hdf","https://ndownloader.figshare.com/files/39492322",711712,"figshare/22220050"
"scientific_data","10.1038/s41597-023-02695-x","figshare::22220050::GLASS13D01.V10.A2000001.h32v11.2023058.hdf",NA,NA,NA,NA,NA,NA,TRUE,NA,NA,NA,NA,NA,FALSE,FALSE,"GLASS13D01.V10.A2000001.h32v11.2023058.hdf","https://ndownloader.figshare.com/files/39492325",124216,"figshare/22220050"
"scientific_data","10.1038/s41597-023-02695-x","figshare::22220050::GLASS13D01.V10.A2000001.h32v12.2023058.hdf",NA,NA,NA,NA,NA,NA,TRUE,NA,NA,NA,NA,NA,FALSE,FALSE,"GLASS13D01.V10.A2000001.h32v12.2023058.hdf","https://ndownloader.figshare.com/files/39492328",970688,"figshare/22220050"
"scientific_data","10.1038/s41597-023-02695-x","figshare::22220050::GLASS13D01.V10.A2000001.h33v07.2023058.hdf",NA,NA,NA,NA,NA,NA,TRUE,NA,NA,NA,NA,NA,FALSE,FALSE,"GLASS13D01.V10.A2000001.h33v07.2023058.hdf","https://ndownloader.figshare.com/files/39492331",125536,"figshare/22220050"
"scientific_data","10.1038/s41597-023-02695-x","figshare::22220050::GLASS13D01.V10.A2000001.h33v08.2023058.hdf",NA,NA,NA,NA,NA,NA,TRUE,NA,NA,NA,NA,NA,FALSE,FALSE,"GLASS13D01.V10.A2000001.h33v08.2023058.hdf","https://ndownloader.figshare.com/files/39492334",171555,"figshare/22220050"
"scientific_data","10.1038/s41597-023-02695-x","figshare::22220050::GLASS13D01.V10.A2000001.h33v09.2023058.hdf",NA,NA,NA,NA,NA,NA,TRUE,NA,NA,NA,NA,NA,FALSE,FALSE,"GLASS13D01.V10.A2000001.h33v09.2023058.hdf","https://ndownloader.figshare.com/files/39492337",2450062,"figshare/22220050"
"scientific_data","10.1038/s41597-023-02695-x","figshare::22220050::GLASS13D01.V10.A2000001.h33v10.2023058.hdf",NA,NA,NA,NA,NA,NA,TRUE,NA,NA,NA,NA,NA,FALSE,FALSE,"GLASS13D01.V10.A2000001.h33v10.2023058.hdf","https://ndownloader.figshare.com/files/39492340",395877,"figshare/22220050"
"scientific_data","10.1038/s41597-023-02695-x","figshare::22220050::GLASS13D01.V10.A2000001.h33v11.2023058.hdf",NA,NA,NA,NA,NA,NA,TRUE,NA,NA,NA,NA,NA,FALSE,FALSE,"GLASS13D01.V10.A2000001.h33v11.2023058.hdf","https://ndownloader.figshare.com/files/39492343",871098,"figshare/22220050"
"scientific_data","10.1038/s41597-023-02695-x","figshare::22220050::GLASS13D01.V10.A2000001.h34v07.2023058.hdf",NA,NA,NA,NA,NA,NA,TRUE,NA,NA,NA,NA,NA,FALSE,FALSE,"GLASS13D01.V10.A2000001.h34v07.2023058.hdf","https://ndownloader.figshare.com/files/39492346",143164,"figshare/22220050"
"scientific_data","10.1038/s41597-023-02695-x","figshare::22220050::GLASS13D01.V10.A2000001.h34v08.2023058.hdf",NA,NA,NA,NA,NA,NA,TRUE,NA,NA,NA,NA,NA,FALSE,FALSE,"GLASS13D01.V10.A2000001.h34v08.2023058.hdf","https://ndownloader.figshare.com/files/39492349",185618,"figshare/22220050"
"scientific_data","10.1038/s41597-023-02695-x","figshare::22220050::GLASS13D01.V10.A2000001.h34v09.2023058.hdf",NA,NA,NA,NA,NA,NA,TRUE,NA,NA,NA,NA,NA,FALSE,FALSE,"GLASS13D01.V10.A2000001.h34v09.2023058.hdf","https://ndownloader.figshare.com/files/39492352",127103,"figshare/22220050"
"scientific_data","10.1038/s41597-023-02695-x","figshare::22220125::GLASS14D01.V10.A2000001.h34v08.2023058.hdf",NA,NA,NA,NA,NA,NA,TRUE,NA,NA,NA,NA,NA,FALSE,FALSE,"GLASS14D01.V10.A2000001.h34v08.2023058.hdf","https://ndownloader.figshare.com/files/39492409",182220,"figshare/22220125"
"scientific_data","10.1038/s41597-023-02695-x","figshare::22220125::GLASS14D01.V10.A2000001.h34v09.2023058.hdf",NA,NA,NA,NA,NA,NA,TRUE,NA,NA,NA,NA,NA,FALSE,FALSE,"GLASS14D01.V10.A2000001.h34v09.2023058.hdf","https://ndownloader.figshare.com/files/39492412",126823,"figshare/22220125"
"scientific_data","10.1038/s41597-023-02695-x","figshare::22220125::GLASS14D01.V10.A2000001.h34v10.2023058.hdf",NA,NA,NA,NA,NA,NA,TRUE,NA,NA,NA,NA,NA,FALSE,FALSE,"GLASS14D01.V10.A2000001.h34v10.2023058.hdf","https://ndownloader.figshare.com/files/39492415",1094915,"figshare/22220125"
"scientific_data","10.1038/s41597-023-02695-x","figshare::22220125::GLASS14D01.V10.A2000001.h35v08.2023058.hdf",NA,NA,NA,NA,NA,NA,TRUE,NA,NA,NA,NA,NA,FALSE,FALSE,"GLASS14D01.V10.A2000001.h35v08.2023058.hdf","https://ndownloader.figshare.com/files/39492418",175082,"figshare/22220125"
"scientific_data","10.1038/s41597-023-02695-x","figshare::22220125::GLASS14D01.V10.A2000001.h35v09.2023058.hdf",NA,NA,NA,NA,NA,NA,TRUE,NA,NA,NA,NA,NA,FALSE,FALSE,"GLASS14D01.V10.A2000001.h35v09.2023058.hdf","https://ndownloader.figshare.com/files/39492421",169313,"figshare/22220125"
"scientific_data","10.1038/s41597-023-02695-x","figshare::22220125::GLASS14D01.V10.A2000001.h35v10.2023058.hdf",NA,NA,NA,NA,NA,NA,TRUE,NA,NA,NA,NA,NA,FALSE,FALSE,"GLASS14D01.V10.A2000001.h35v10.2023058.hdf","https://ndownloader.figshare.com/files/39492424",438080,"figshare/22220125"
"scientific_data","10.1038/s41597-023-02695-x","figshare::22220125::GLASS14D01.V10.A2000001.h00v08.2023058.hdf",NA,NA,NA,NA,NA,NA,TRUE,NA,NA,NA,NA,NA,FALSE,FALSE,"GLASS14D01.V10.A2000001.h00v08.2023058.hdf","https://ndownloader.figshare.com/files/39492427",121340,"figshare/22220125"
"scientific_data","10.1038/s41597-023-02695-x","figshare::22220125::GLASS14D01.V10.A2000001.h00v09.2023058.hdf",NA,NA,NA,NA,NA,NA,TRUE,NA,NA,NA,NA,NA,FALSE,FALSE,"GLASS14D01.V10.A2000001.h00v09.2023058.hdf","https://ndownloader.figshare.com/files/39492430",132439,"figshare/22220125"
"scientific_data","10.1038/s41597-023-02695-x","figshare::22220125::GLASS14D01.V10.A2000001.h00v10.2023058.hdf",NA,NA,NA,NA,NA,NA,TRUE,NA,NA,NA,NA,NA,FALSE,FALSE,"GLASS14D01.V10.A2000001.h00v10.2023058.hdf","https://ndownloader.figshare.com/files/39492433",177177,"figshare/22220125"
"scientific_data","10.1038/s41597-023-02695-x","figshare::22220125::GLASS14D01.V10.A2000001.h01v08.2023058.hdf",NA,NA,NA,NA,NA,NA,TRUE,NA,NA,NA,NA,NA,FALSE,FALSE,"GLASS14D01.V10.A2000001.h01v08.2023058.hdf","https://ndownloader.figshare.com/files/39492436",121380,"figshare/22220125"
"scientific_data","10.1038/s41597-023-02695-x","figshare::22220125::GLASS14D01.V10.A2000001.h01v09.2023058.hdf",NA,NA,NA,NA,NA,NA,TRUE,NA,NA,NA,NA,NA,FALSE,FALSE,"GLASS14D01.V10.A2000001.h01v09.2023058.hdf","https://ndownloader.figshare.com/files/39492439",125636,"figshare/22220125"
"scientific_data","10.1038/s41597-023-02695-x","figshare::22220125::GLASS14D01.V10.A2000001.h01v10.2023058.hdf",NA,NA,NA,NA,NA,NA,TRUE,NA,NA,NA,NA,NA,FALSE,FALSE,"GLASS14D01.V10.A2000001.h01v10.2023058.hdf","https://ndownloader.figshare.com/files/39492442",337673,"figshare/22220125"
"scientific_data","10.1038/s41597-023-02695-x","figshare::22220125::GLASS14D01.V10.A2000001.h01v11.2023058.hdf",NA,NA,NA,NA,NA,NA,TRUE,NA,NA,NA,NA,NA,FALSE,FALSE,"GLASS14D01.V10.A2000001.h01v11.2023058.hdf","https://ndownloader.figshare.com/files/39492445",152719,"figshare/22220125"
"scientific_data","10.1038/s41597-023-02695-x","figshare::22220125::GLASS14D01.V10.A2000001.h02v06.2023058.hdf",NA,NA,NA,NA,NA,NA,TRUE,NA,NA,NA,NA,NA,FALSE,FALSE,"GLASS14D01.V10.A2000001.h02v06.2023058.hdf","https://ndownloader.figshare.com/files/39492448",123440,"figshare/22220125"
"scientific_data","10.1038/s41597-023-02695-x","figshare::22220125::GLASS14D01.V10.A2000001.h02v08.2023058.hdf",NA,NA,NA,NA,NA,NA,TRUE,NA,NA,NA,NA,NA,FALSE,FALSE,"GLASS14D01.V10.A2000001.h02v08.2023058.hdf","https://ndownloader.figshare.com/files/39492451",153752,"figshare/22220125"
"scientific_data","10.1038/s41597-023-02695-x","figshare::22220125::GLASS14D01.V10.A2000001.h02v09.2023058.hdf",NA,NA,NA,NA,NA,NA,TRUE,NA,NA,NA,NA,NA,FALSE,FALSE,"GLASS14D01.V10.A2000001.h02v09.2023058.hdf","https://ndownloader.figshare.com/files/39492454",131074,"figshare/22220125"
"scientific_data","10.1038/s41597-023-02695-x","figshare::22220125::GLASS14D01.V10.A2000001.h02v10.2023058.hdf",NA,NA,NA,NA,NA,NA,TRUE,NA,NA,NA,NA,NA,FALSE,FALSE,"GLASS14D01.V10.A2000001.h02v10.2023058.hdf","https://ndownloader.figshare.com/files/39492457",130461,"figshare/22220125"
"scientific_data","10.1038/s41597-023-02695-x","figshare::22220125::GLASS14D01.V10.A2000001.h02v11.2023058.hdf",NA,NA,NA,NA,NA,NA,TRUE,NA,NA,NA,NA,NA,FALSE,FALSE,"GLASS14D01.V10.A2000001.h02v11.2023058.hdf","https://ndownloader.figshare.com/files/39492460",123299,"figshare/22220125"
"scientific_data","10.1038/s41597-023-02695-x","figshare::22220125::GLASS14D01.V10.A2000001.h03v06.2023058.hdf",NA,NA,NA,NA,NA,NA,TRUE,NA,NA,NA,NA,NA,FALSE,FALSE,"GLASS14D01.V10.A2000001.h03v06.2023058.hdf","https://ndownloader.figshare.com/files/39492463",429020,"figshare/22220125"
"scientific_data","10.1038/s41597-023-02695-x","figshare::22220125::GLASS14D01.V10.A2000001.h03v07.2023058.hdf",NA,NA,NA,NA,NA,NA,TRUE,NA,NA,NA,NA,NA,FALSE,FALSE,"GLASS14D01.V10.A2000001.h03v07.2023058.hdf","https://ndownloader.figshare.com/files/39492466",457080,"figshare/22220125"
"scientific_data","10.1038/s41597-023-02695-x","figshare::22220125::GLASS14D01.V10.A2000001.h03v09.2023058.hdf",NA,NA,NA,NA,NA,NA,TRUE,NA,NA,NA,NA,NA,FALSE,FALSE,"GLASS14D01.V10.A2000001.h03v09.2023058.hdf","https://ndownloader.figshare.com/files/39492469",121840,"figshare/22220125"
"scientific_data","10.1038/s41597-023-02695-x","figshare::22220125::GLASS14D01.V10.A2000001.h03v10.2023058.hdf",NA,NA,NA,NA,NA,NA,TRUE,NA,NA,NA,NA,NA,FALSE,FALSE,"GLASS14D01.V10.A2000001.h03v10.2023058.hdf","https://ndownloader.figshare.com/files/39492472",309930,"figshare/22220125"
"scientific_data","10.1038/s41597-023-02695-x","figshare::22220125::GLASS14D01.V10.A2000001.h03v11.2023058.hdf",NA,NA,NA,NA,NA,NA,TRUE,NA,NA,NA,NA,NA,FALSE,FALSE,"GLASS14D01.V10.A2000001.h03v11.2023058.hdf","https://ndownloader.figshare.com/files/39492475",133719,"figshare/22220125"
"scientific_data","10.1038/s41597-023-02695-x","figshare::22220125::GLASS14D01.V10.A2000001.h04v09.2023058.hdf",NA,NA,NA,NA,NA,NA,TRUE,NA,NA,NA,NA,NA,FALSE,FALSE,"GLASS14D01.V10.A2000001.h04v09.2023058.hdf","https://ndownloader.figshare.com/files/39492478",178527,"figshare/22220125"
"scientific_data","10.1038/s41597-023-02695-x","figshare::22220125::GLASS14D01.V10.A2000001.h04v10.2023058.hdf",NA,NA,NA,NA,NA,NA,TRUE,NA,NA,NA,NA,NA,FALSE,FALSE,"GLASS14D01.V10.A2000001.h04v10.2023058.hdf","https://ndownloader.figshare.com/files/39492481",272270,"figshare/22220125"
"scientific_data","10.1038/s41597-023-02695-x","figshare::22220125::GLASS14D01.V10.A2000001.h04v11.2023058.hdf",NA,NA,NA,NA,NA,NA,TRUE,NA,NA,NA,NA,NA,FALSE,FALSE,"GLASS14D01.V10.A2000001.h04v11.2023058.hdf","https://ndownloader.figshare.com/files/39492484",138164,"figshare/22220125"
"scientific_data","10.1038/s41597-023-02695-x","figshare::22220125::GLASS14D01.V10.A2000001.h05v10.2023058.hdf",NA,NA,NA,NA,NA,NA,TRUE,NA,NA,NA,NA,NA,FALSE,FALSE,"GLASS14D01.V10.A2000001.h05v10.2023058.hdf","https://ndownloader.figshare.com/files/39492487",125207,"figshare/22220125"
"scientific_data","10.1038/s41597-023-02695-x","figshare::22220125::GLASS14D01.V10.A2000001.h05v11.2023058.hdf",NA,NA,NA,NA,NA,NA,TRUE,NA,NA,NA,NA,NA,FALSE,FALSE,"GLASS14D01.V10.A2000001.h05v11.2023058.hdf","https://ndownloader.figshare.com/files/39492490",156537,"figshare/22220125"
"scientific_data","10.1038/s41597-023-02695-x","figshare::22220125::GLASS14D01.V10.A2000001.h05v13.2023058.hdf",NA,NA,NA,NA,NA,NA,TRUE,NA,NA,NA,NA,NA,FALSE,FALSE,"GLASS14D01.V10.A2000001.h05v13.2023058.hdf","https://ndownloader.figshare.com/files/39492493",173197,"figshare/22220125"
"scientific_data","10.1038/s41597-023-02695-x","figshare::22220125::GLASS14D01.V10.A2000001.h06v03.2023058.hdf",NA,NA,NA,NA,NA,NA,TRUE,NA,NA,NA,NA,NA,FALSE,FALSE,"GLASS14D01.V10.A2000001.h06v03.2023058.hdf","https://ndownloader.figshare.com/files/39492496",150964,"figshare/22220125"
"scientific_data","10.1038/s41597-023-02695-x","figshare::22220125::GLASS14D01.V10.A2000001.h06v11.2023058.hdf",NA,NA,NA,NA,NA,NA,TRUE,NA,NA,NA,NA,NA,FALSE,FALSE,"GLASS14D01.V10.A2000001.h06v11.2023058.hdf","https://ndownloader.figshare.com/files/39492499",126333,"figshare/22220125"
"scientific_data","10.1038/s41597-023-02695-x","figshare::22220125::GLASS14D01.V10.A2000001.h07v03.2023058.hdf",NA,NA,NA,NA,NA,NA,TRUE,NA,NA,NA,NA,NA,FALSE,FALSE,"GLASS14D01.V10.A2000001.h07v03.2023058.hdf","https://ndownloader.figshare.com/files/39492502",414056,"figshare/22220125"
"scientific_data","10.1038/s41597-023-02695-x","figshare::22220125::GLASS14D01.V10.A2000001.h07v05.2023058.hdf",NA,NA,NA,NA,NA,NA,TRUE,NA,NA,NA,NA,NA,FALSE,FALSE,"GLASS14D01.V10.A2000001.h07v05.2023058.hdf","https://ndownloader.figshare.com/files/39492505",141026,"figshare/22220125"
"scientific_data","10.1038/s41597-023-02695-x","figshare::22220125::GLASS14D01.V10.A2000001.h07v06.2023058.hdf",NA,NA,NA,NA,NA,NA,TRUE,NA,NA,NA,NA,NA,FALSE,FALSE,"GLASS14D01.V10.A2000001.h07v06.2023058.hdf","https://ndownloader.figshare.com/files/39492508",2458372,"figshare/22220125"
"scientific_data","10.1038/s41597-023-02695-x","figshare::22220125::GLASS14D01.V10.A2000001.h07v07.2023058.hdf",NA,NA,NA,NA,NA,NA,TRUE,NA,NA,NA,NA,NA,FALSE,FALSE,"GLASS14D01.V10.A2000001.h07v07.2023058.hdf","https://ndownloader.figshare.com/files/39492511",132561,"figshare/22220125"
"scientific_data","10.1038/s41597-023-02695-x","figshare::22220125::GLASS14D01.V10.A2000001.h08v03.2023058.hdf",NA,NA,NA,NA,NA,NA,TRUE,NA,NA,NA,NA,NA,FALSE,FALSE,"GLASS14D01.V10.A2000001.h08v03.2023058.hdf","https://ndownloader.figshare.com/files/39492514",924038,"figshare/22220125"
"scientific_data","10.1038/s41597-023-02695-x","figshare::22220125::GLASS14D01.V10.A2000001.h08v04.2023058.hdf",NA,NA,NA,NA,NA,NA,TRUE,NA,NA,NA,NA,NA,FALSE,FALSE,"GLASS14D01.V10.A2000001.h08v04.2023058.hdf","https://ndownloader.figshare.com/files/39492517",3935937,"figshare/22220125"
"scientific_data","10.1038/s41597-023-02695-x","figshare::22220125::GLASS14D01.V10.A2000001.h08v05.2023058.hdf",NA,NA,NA,NA,NA,NA,TRUE,NA,NA,NA,NA,NA,FALSE,FALSE,"GLASS14D01.V10.A2000001.h08v05.2023058.hdf","https://ndownloader.figshare.com/files/39492520",29202183,"figshare/22220125"
"scientific_data","10.1038/s41597-023-02695-x","figshare::22220125::GLASS14D01.V10.A2000001.h08v06.2023058.hdf",NA,NA,NA,NA,NA,NA,TRUE,NA,NA,NA,NA,NA,FALSE,FALSE,"GLASS14D01.V10.A2000001.h08v06.2023058.hdf","https://ndownloader.figshare.com/files/39492523",30439026,"figshare/22220125"
"scientific_data","10.1038/s41597-023-02695-x","figshare::22220125::GLASS14D01.V10.A2000001.h08v07.2023058.hdf",NA,NA,NA,NA,NA,NA,TRUE,NA,NA,NA,NA,NA,FALSE,FALSE,"GLASS14D01.V10.A2000001.h08v07.2023058.hdf","https://ndownloader.figshare.com/files/39492526",11103079,"figshare/22220125"
"scientific_data","10.1038/s41597-023-02695-x","figshare::22220125::GLASS14D01.V10.A2000001.h08v08.2023058.hdf",NA,NA,NA,NA,NA,NA,TRUE,NA,NA,NA,NA,NA,FALSE,FALSE,"GLASS14D01.V10.A2000001.h08v08.2023058.hdf","https://ndownloader.figshare.com/files/39492529",147275,"figshare/22220125"
"scientific_data","10.1038/s41597-023-02695-x","figshare::22220125::GLASS14D01.V10.A2000001.h08v09.2023058.hdf",NA,NA,NA,NA,NA,NA,TRUE,NA,NA,NA,NA,NA,FALSE,FALSE,"GLASS14D01.V10.A2000001.h08v09.2023058.hdf","https://ndownloader.figshare.com/files/39492532",383213,"figshare/22220125"
"scientific_data","10.1038/s41597-023-02695-x","figshare::22220125::GLASS14D01.V10.A2000001.h09v02.2023058.hdf",NA,NA,NA,NA,NA,NA,TRUE,NA,NA,NA,NA,NA,FALSE,FALSE,"GLASS14D01.V10.A2000001.h09v02.2023058.hdf","https://ndownloader.figshare.com/files/39492535",583161,"figshare/22220125"
"scientific_data","10.1038/s41597-023-02695-x","figshare::22220125::GLASS14D01.V10.A2000001.h09v03.2023058.hdf",NA,NA,NA,NA,NA,NA,TRUE,NA,NA,NA,NA,NA,FALSE,FALSE,"GLASS14D01.V10.A2000001.h09v03.2023058.hdf","https://ndownloader.figshare.com/files/39492538",3930712,"figshare/22220125"
"scientific_data","10.1038/s41597-023-02695-x","figshare::22220125::GLASS14D01.V10.A2000001.h09v04.2023058.hdf",NA,NA,NA,NA,NA,NA,TRUE,NA,NA,NA,NA,NA,FALSE,FALSE,"GLASS14D01.V10.A2000001.h09v04.2023058.hdf","https://ndownloader.figshare.com/files/39492541",26062989,"figshare/22220125"
"scientific_data","10.1038/s41597-023-02695-x","figshare::22220125::GLASS14D01.V10.A2000001.h09v05.2023058.hdf",NA,NA,NA,NA,NA,NA,TRUE,NA,NA,NA,NA,NA,FALSE,FALSE,"GLASS14D01.V10.A2000001.h09v05.2023058.hdf","https://ndownloader.figshare.com/files/39492544",36443434,"figshare/22220125"
"scientific_data","10.1038/s41597-023-02695-x","figshare::22220125::GLASS14D01.V10.A2000001.h09v06.2023058.hdf",NA,NA,NA,NA,NA,NA,TRUE,NA,NA,NA,NA,NA,FALSE,FALSE,"GLASS14D01.V10.A2000001.h09v06.2023058.hdf","https://ndownloader.figshare.com/files/39492547",10916189,"figshare/22220125"
"scientific_data","10.1038/s41597-023-02695-x","figshare::22220125::GLASS14D01.V10.A2000001.h09v07.2023058.hdf",NA,NA,NA,NA,NA,NA,TRUE,NA,NA,NA,NA,NA,FALSE,FALSE,"GLASS14D01.V10.A2000001.h09v07.2023058.hdf","https://ndownloader.figshare.com/files/39492550",19555972,"figshare/22220125"
"scientific_data","10.1038/s41597-023-02695-x","figshare::22220125::GLASS14D01.V10.A2000001.h09v08.2023058.hdf",NA,NA,NA,NA,NA,NA,TRUE,NA,NA,NA,NA,NA,FALSE,FALSE,"GLASS14D01.V10.A2000001.h09v08.2023058.hdf","https://ndownloader.figshare.com/files/39492553",1982390,"figshare/22220125"
"scientific_data","10.1038/s41597-023-02695-x","figshare::22220125::GLASS14D01.V10.A2000001.h09v09.2023058.hdf",NA,NA,NA,NA,NA,NA,TRUE,NA,NA,NA,NA,NA,FALSE,FALSE,"GLASS14D01.V10.A2000001.h09v09.2023058.hdf","https://ndownloader.figshare.com/files/39492556",1684179,"figshare/22220125"
"scientific_data","10.1038/s41597-023-02695-x","figshare::22220125::GLASS14D01.V10.A2000001.h10v02.2023058.hdf",NA,NA,NA,NA,NA,NA,TRUE,NA,NA,NA,NA,NA,FALSE,FALSE,"GLASS14D01.V10.A2000001.h10v02.2023058.hdf","https://ndownloader.figshare.com/files/39492559",11092718,"figshare/22220125"
"scientific_data","10.1038/s41597-023-02695-x","figshare::22220125::GLASS14D01.V10.A2000001.h10v03.2023058.hdf",NA,NA,NA,NA,NA,NA,TRUE,NA,NA,NA,NA,NA,FALSE,FALSE,"GLASS14D01.V10.A2000001.h10v03.2023058.hdf","https://ndownloader.figshare.com/files/39492562",23716231,"figshare/22220125"
"scientific_data","10.1038/s41597-023-02695-x","figshare::22220125::GLASS14D01.V10.A2000001.h10v04.2023058.hdf",NA,NA,NA,NA,NA,NA,TRUE,NA,NA,NA,NA,NA,FALSE,FALSE,"GLASS14D01.V10.A2000001.h10v04.2023058.hdf","https://ndownloader.figshare.com/files/39492565",36450176,"figshare/22220125"
"scientific_data","10.1038/s41597-023-02695-x","figshare::22220125::GLASS14D01.V10.A2000001.h10v05.2023058.hdf",NA,NA,NA,NA,NA,NA,TRUE,NA,NA,NA,NA,NA,FALSE,FALSE,"GLASS14D01.V10.A2000001.h10v05.2023058.hdf","https://ndownloader.figshare.com/files/39492568",36194352,"figshare/22220125"
"scientific_data","10.1038/s41597-023-02695-x","figshare::22220125::GLASS14D01.V10.A2000001.h10v06.2023058.hdf",NA,NA,NA,NA,NA,NA,TRUE,NA,NA,NA,NA,NA,FALSE,FALSE,"GLASS14D01.V10.A2000001.h10v06.2023058.hdf","https://ndownloader.figshare.com/files/39492571",8098929,"figshare/22220125"
"scientific_data","10.1038/s41597-023-02695-x","figshare::22220125::GLASS14D01.V10.A2000001.h10v07.2023058.hdf",NA,NA,NA,NA,NA,NA,TRUE,NA,NA,NA,NA,NA,FALSE,FALSE,"GLASS14D01.V10.A2000001.h10v07.2023058.hdf","https://ndownloader.figshare.com/files/39492574",2935483,"figshare/22220125"
"scientific_data","10.1038/s41597-023-02695-x","figshare::22220125::GLASS14D01.V10.A2000001.h10v08.2023058.hdf",NA,NA,NA,NA,NA,NA,TRUE,NA,NA,NA,NA,NA,FALSE,FALSE,"GLASS14D01.V10.A2000001.h10v08.2023058.hdf","https://ndownloader.figshare.com/files/39492577",30315198,"figshare/22220125"
"scientific_data","10.1038/s41597-023-02695-x","figshare::22220125::GLASS14D01.V10.A2000001.h10v09.2023058.hdf",NA,NA,NA,NA,NA,NA,TRUE,NA,NA,NA,NA,NA,FALSE,FALSE,"GLASS14D01.V10.A2000001.h10v09.2023058.hdf","https://ndownloader.figshare.com/files/39492580",36619461,"figshare/22220125"
"scientific_data","10.1038/s41597-023-02695-x","figshare::22220125::GLASS14D01.V10.A2000001.h10v10.2023058.hdf",NA,NA,NA,NA,NA,NA,TRUE,NA,NA,NA,NA,NA,FALSE,FALSE,"GLASS14D01.V10.A2000001.h10v10.2023058.hdf","https://ndownloader.figshare.com/files/39492583",11063147,"figshare/22220125"
"scientific_data","10.1038/s41597-023-02695-x","figshare::22220125::GLASS14D01.V10.A2000001.h10v11.2023058.hdf",NA,NA,NA,NA,NA,NA,TRUE,NA,NA,NA,NA,NA,FALSE,FALSE,"GLASS14D01.V10.A2000001.h10v11.2023058.hdf","https://ndownloader.figshare.com/files/39492586",121816,"figshare/22220125"
"scientific_data","10.1038/s41597-023-02695-x","figshare::22220125::GLASS14D01.V10.A2000001.h11v02.2023058.hdf",NA,NA,NA,NA,NA,NA,TRUE,NA,NA,NA,NA,NA,FALSE,FALSE,"GLASS14D01.V10.A2000001.h11v02.2023058.hdf","https://ndownloader.figshare.com/files/39492589",24788843,"figshare/22220125"
"scientific_data","10.1038/s41597-023-02695-x","figshare::22220125::GLASS14D01.V10.A2000001.h11v03.2023058.hdf",NA,NA,NA,NA,NA,NA,TRUE,NA,NA,NA,NA,NA,FALSE,FALSE,"GLASS14D01.V10.A2000001.h11v03.2023058.hdf","https://ndownloader.figshare.com/files/39492592",36525009,"figshare/22220125"
"scientific_data","10.1038/s41597-023-02695-x","figshare::22220125::GLASS14D01.V10.A2000001.h11v04.2023058.hdf",NA,NA,NA,NA,NA,NA,TRUE,NA,NA,NA,NA,NA,FALSE,FALSE,"GLASS14D01.V10.A2000001.h11v04.2023058.hdf","https://ndownloader.figshare.com/files/39492595",32849526,"figshare/22220125"
"scientific_data","10.1038/s41597-023-02695-x","figshare::22220125::GLASS14D01.V10.A2000001.h11v05.2023058.hdf",NA,NA,NA,NA,NA,NA,TRUE,NA,NA,NA,NA,NA,FALSE,FALSE,"GLASS14D01.V10.A2000001.h11v05.2023058.hdf","https://ndownloader.figshare.com/files/39492598",22448965,"figshare/22220125"
"scientific_data","10.1038/s41597-023-02695-x","figshare::22220125::GLASS14D01.V10.A2000001.h11v06.2023058.hdf",NA,NA,NA,NA,NA,NA,TRUE,NA,NA,NA,NA,NA,FALSE,FALSE,"GLASS14D01.V10.A2000001.h11v06.2023058.hdf","https://ndownloader.figshare.com/files/39492601",623499,"figshare/22220125"
"scientific_data","10.1038/s41597-023-02695-x","figshare::22220125::GLASS14D01.V10.A2000001.h11v07.2023058.hdf",NA,NA,NA,NA,NA,NA,TRUE,NA,NA,NA,NA,NA,FALSE,FALSE,"GLASS14D01.V10.A2000001.h11v07.2023058.hdf","https://ndownloader.figshare.com/files/39492604",6145308,"figshare/22220125"
"scientific_data","10.1038/s41597-023-02695-x","figshare::22220125::GLASS14D01.V10.A2000001.h11v08.2023058.hdf",NA,NA,NA,NA,NA,NA,TRUE,NA,NA,NA,NA,NA,FALSE,FALSE,"GLASS14D01.V10.A2000001.h11v08.2023058.hdf","https://ndownloader.figshare.com/files/39492607",38733977,"figshare/22220125"
"scientific_data","10.1038/s41597-023-02695-x","figshare::22220125::GLASS14D01.V10.A2000001.h11v09.2023058.hdf",NA,NA,NA,NA,NA,NA,TRUE,NA,NA,NA,NA,NA,FALSE,FALSE,"GLASS14D01.V10.A2000001.h11v09.2023058.hdf","https://ndownloader.figshare.com/files/39492610",37328197,"figshare/22220125"
"scientific_data","10.1038/s41597-023-02695-x","figshare::22220125::GLASS14D01.V10.A2000001.h11v10.2023058.hdf",NA,NA,NA,NA,NA,NA,TRUE,NA,NA,NA,NA,NA,FALSE,FALSE,"GLASS14D01.V10.A2000001.h11v10.2023058.hdf","https://ndownloader.figshare.com/files/39492613",35385824,"figshare/22220125"
"scientific_data","10.1038/s41597-023-02695-x","figshare::22220125::GLASS14D01.V10.A2000001.h11v11.2023058.hdf",NA,NA,NA,NA,NA,NA,TRUE,NA,NA,NA,NA,NA,FALSE,FALSE,"GLASS14D01.V10.A2000001.h11v11.2023058.hdf","https://ndownloader.figshare.com/files/39492616",14051545,"figshare/22220125"
"scientific_data","10.1038/s41597-023-02695-x","figshare::22220125::GLASS14D01.V10.A2000001.h11v12.2023058.hdf",NA,NA,NA,NA,NA,NA,TRUE,NA,NA,NA,NA,NA,FALSE,FALSE,"GLASS14D01.V10.A2000001.h11v12.2023058.hdf","https://ndownloader.figshare.com/files/39492619",1309762,"figshare/22220125"
"scientific_data","10.1038/s41597-023-02695-x","figshare::22220125::GLASS14D01.V10.A2000001.h12v01.2023058.hdf",NA,NA,NA,NA,NA,NA,TRUE,NA,NA,NA,NA,NA,FALSE,FALSE,"GLASS14D01.V10.A2000001.h12v01.2023058.hdf","https://ndownloader.figshare.com/files/39492622",1262607,"figshare/22220125"
"scientific_data","10.1038/s41597-023-02695-x","figshare::22220125::GLASS14D01.V10.A2000001.h12v02.2023058.hdf",NA,NA,NA,NA,NA,NA,TRUE,NA,NA,NA,NA,NA,FALSE,FALSE,"GLASS14D01.V10.A2000001.h12v02.2023058.hdf","https://ndownloader.figshare.com/files/39492625",30095240,"figshare/22220125"
"scientific_data","10.1038/s41597-023-02695-x","figshare::22220125::GLASS14D01.V10.A2000001.h12v03.2023058.hdf",NA,NA,NA,NA,NA,NA,TRUE,NA,NA,NA,NA,NA,FALSE,FALSE,"GLASS14D01.V10.A2000001.h12v03.2023058.hdf","https://ndownloader.figshare.com/files/39492628",35931746,"figshare/22220125"
"scientific_data","10.1038/s41597-023-02695-x","figshare::22220125::GLASS14D01.V10.A2000001.h12v04.2023058.hdf",NA,NA,NA,NA,NA,NA,TRUE,NA,NA,NA,NA,NA,FALSE,FALSE,"GLASS14D01.V10.A2000001.h12v04.2023058.hdf","https://ndownloader.figshare.com/files/39492631",29244953,"figshare/22220125"
"scientific_data","10.1038/s41597-023-02695-x","figshare::22220125::GLASS14D01.V10.A2000001.h12v05.2023058.hdf",NA,NA,NA,NA,NA,NA,TRUE,NA,NA,NA,NA,NA,FALSE,FALSE,"GLASS14D01.V10.A2000001.h12v05.2023058.hdf","https://ndownloader.figshare.com/files/39492634",1544864,"figshare/22220125"
"scientific_data","10.1038/s41597-023-02695-x","figshare::22220125::GLASS14D01.V10.A2000001.h12v07.2023058.hdf",NA,NA,NA,NA,NA,NA,TRUE,NA,NA,NA,NA,NA,FALSE,FALSE,"GLASS14D01.V10.A2000001.h12v07.2023058.hdf","https://ndownloader.figshare.com/files/39492637",451080,"figshare/22220125"
"scientific_data","10.1038/s41597-023-02695-x","figshare::22220125::GLASS14D01.V10.A2000001.h12v08.2023058.hdf",NA,NA,NA,NA,NA,NA,TRUE,NA,NA,NA,NA,NA,FALSE,FALSE,"GLASS14D01.V10.A2000001.h12v08.2023058.hdf","https://ndownloader.figshare.com/files/39492640",22714204,"figshare/22220125"
"scientific_data","10.1038/s41597-023-02695-x","figshare::22220125::GLASS14D01.V10.A2000001.h12v09.2023058.hdf",NA,NA,NA,NA,NA,NA,TRUE,NA,NA,NA,NA,NA,FALSE,FALSE,"GLASS14D01.V10.A2000001.h12v09.2023058.hdf","https://ndownloader.figshare.com/files/39492643",37532701,"figshare/22220125"
"scientific_data","10.1038/s41597-023-02695-x","figshare::22220125::GLASS14D01.V10.A2000001.h12v10.2023058.hdf",NA,NA,NA,NA,NA,NA,TRUE,NA,NA,NA,NA,NA,FALSE,FALSE,"GLASS14D01.V10.A2000001.h12v10.2023058.hdf","https://ndownloader.figshare.com/files/39492646",38966485,"figshare/22220125"
"scientific_data","10.1038/s41597-023-02695-x","figshare::22220125::GLASS14D01.V10.A2000001.h12v11.2023058.hdf",NA,NA,NA,NA,NA,NA,TRUE,NA,NA,NA,NA,NA,FALSE,FALSE,"GLASS14D01.V10.A2000001.h12v11.2023058.hdf","https://ndownloader.figshare.com/files/39492649",38865726,"figshare/22220125"
"scientific_data","10.1038/s41597-023-02695-x","figshare::22220125::GLASS14D01.V10.A2000001.h12v12.2023058.hdf",NA,NA,NA,NA,NA,NA,TRUE,NA,NA,NA,NA,NA,FALSE,FALSE,"GLASS14D01.V10.A2000001.h12v12.2023058.hdf","https://ndownloader.figshare.com/files/39492652",35055327,"figshare/22220125"
"scientific_data","10.1038/s41597-023-02695-x","figshare::22220125::GLASS14D01.V10.A2000001.h12v13.2023058.hdf",NA,NA,NA,NA,NA,NA,TRUE,NA,NA,NA,NA,NA,FALSE,FALSE,"GLASS14D01.V10.A2000001.h12v13.2023058.hdf","https://ndownloader.figshare.com/files/39492655",10432646,"figshare/22220125"
"scientific_data","10.1038/s41597-023-02695-x","figshare::22220125::GLASS14D01.V10.A2000001.h13v01.2023058.hdf",NA,NA,NA,NA,NA,NA,TRUE,NA,NA,NA,NA,NA,FALSE,FALSE,"GLASS14D01.V10.A2000001.h13v01.2023058.hdf","https://ndownloader.figshare.com/files/39492658",265677,"figshare/22220125"
"scientific_data","10.1038/s41597-023-02695-x","figshare::22220125::GLASS14D01.V10.A2000001.h13v02.2023058.hdf",NA,NA,NA,NA,NA,NA,TRUE,NA,NA,NA,NA,NA,FALSE,FALSE,"GLASS14D01.V10.A2000001.h13v02.2023058.hdf","https://ndownloader.figshare.com/files/39492661",20847621,"figshare/22220125"
"scientific_data","10.1038/s41597-023-02695-x","figshare::22220125::GLASS14D01.V10.A2000001.h13v03.2023058.hdf",NA,NA,NA,NA,NA,NA,TRUE,NA,NA,NA,NA,NA,FALSE,FALSE,"GLASS14D01.V10.A2000001.h13v03.2023058.hdf","https://ndownloader.figshare.com/files/39492664",20721108,"figshare/22220125"
"scientific_data","10.1038/s41597-023-02695-x","figshare::22220125::GLASS14D01.V10.A2000001.h13v04.2023058.hdf",NA,NA,NA,NA,NA,NA,TRUE,NA,NA,NA,NA,NA,FALSE,FALSE,"GLASS14D01.V10.A2000001.h13v04.2023058.hdf","https://ndownloader.figshare.com/files/39492667",14506601,"figshare/22220125"
"scientific_data","10.1038/s41597-023-02695-x","figshare::22220125::GLASS14D01.V10.A2000001.h13v08.2023058.hdf",NA,NA,NA,NA,NA,NA,TRUE,NA,NA,NA,NA,NA,FALSE,FALSE,"GLASS14D01.V10.A2000001.h13v08.2023058.hdf","https://ndownloader.figshare.com/files/39492670",223506,"figshare/22220125"
"scientific_data","10.1038/s41597-023-02695-x","figshare::22220125::GLASS14D01.V10.A2000001.h13v09.2023058.hdf",NA,NA,NA,NA,NA,NA,TRUE,NA,NA,NA,NA,NA,FALSE,FALSE,"GLASS14D01.V10.A2000001.h13v09.2023058.hdf","https://ndownloader.figshare.com/files/39492673",32729655,"figshare/22220125"
"scientific_data","10.1038/s41597-023-02695-x","figshare::22220125::GLASS14D01.V10.A2000001.h13v10.2023058.hdf",NA,NA,NA,NA,NA,NA,TRUE,NA,NA,NA,NA,NA,FALSE,FALSE,"GLASS14D01.V10.A2000001.h13v10.2023058.hdf","https://ndownloader.figshare.com/files/39492676",39405670,"figshare/22220125"
"scientific_data","10.1038/s41597-023-02695-x","figshare::22220125::GLASS14D01.V10.A2000001.h13v11.2023058.hdf",NA,NA,NA,NA,NA,NA,TRUE,NA,NA,NA,NA,NA,FALSE,FALSE,"GLASS14D01.V10.A2000001.h13v11.2023058.hdf","https://ndownloader.figshare.com/files/39492679",31043194,"figshare/22220125"
"scientific_data","10.1038/s41597-023-02695-x","figshare::22220125::GLASS14D01.V10.A2000001.h13v12.2023058.hdf",NA,NA,NA,NA,NA,NA,TRUE,NA,NA,NA,NA,NA,FALSE,FALSE,"GLASS14D01.V10.A2000001.h13v12.2023058.hdf","https://ndownloader.figshare.com/files/39492682",18026562,"figshare/22220125"
"scientific_data","10.1038/s41597-023-02695-x","figshare::22220125::GLASS14D01.V10.A2000001.h13v13.2023058.hdf",NA,NA,NA,NA,NA,NA,TRUE,NA,NA,NA,NA,NA,FALSE,FALSE,"GLASS14D01.V10.A2000001.h13v13.2023058.hdf","https://ndownloader.figshare.com/files/39492685",12873328,"figshare/22220125"
"scientific_data","10.1038/s41597-023-02695-x","figshare::22220125::GLASS14D01.V10.A2000001.h13v14.2023058.hdf",NA,NA,NA,NA,NA,NA,TRUE,NA,NA,NA,NA,NA,FALSE,FALSE,"GLASS14D01.V10.A2000001.h13v14.2023058.hdf","https://ndownloader.figshare.com/files/39492688",6306800,"figshare/22220125"
"scientific_data","10.1038/s41597-023-02695-x","figshare::22220125::GLASS14D01.V10.A2000001.h14v01.2023058.hdf",NA,NA,NA,NA,NA,NA,TRUE,NA,NA,NA,NA,NA,FALSE,FALSE,"GLASS14D01.V10.A2000001.h14v01.2023058.hdf","https://ndownloader.figshare.com/files/39492691",7336539,"figshare/22220125"
"scientific_data","10.1038/s41597-023-02695-x","figshare::22220125::GLASS14D01.V10.A2000001.h14v02.2023058.hdf",NA,NA,NA,NA,NA,NA,TRUE,NA,NA,NA,NA,NA,FALSE,FALSE,"GLASS14D01.V10.A2000001.h14v02.2023058.hdf","https://ndownloader.figshare.com/files/39492694",16493846,"figshare/22220125"
"scientific_data","10.1038/s41597-023-02695-x","figshare::22220125::GLASS14D01.V10.A2000001.h14v03.2023058.hdf",NA,NA,NA,NA,NA,NA,TRUE,NA,NA,NA,NA,NA,FALSE,FALSE,"GLASS14D01.V10.A2000001.h14v03.2023058.hdf","https://ndownloader.figshare.com/files/39492697",19029663,"figshare/22220125"
"scientific_data","10.1038/s41597-023-02695-x","figshare::22220125::GLASS14D01.V10.A2000001.h14v04.2023058.hdf",NA,NA,NA,NA,NA,NA,TRUE,NA,NA,NA,NA,NA,FALSE,FALSE,"GLASS14D01.V10.A2000001.h14v04.2023058.hdf","https://ndownloader.figshare.com/files/39492700",3365413,"figshare/22220125"
"scientific_data","10.1038/s41597-023-02695-x","figshare::22220125::GLASS14D01.V10.A2000001.h14v09.2023058.hdf",NA,NA,NA,NA,NA,NA,TRUE,NA,NA,NA,NA,NA,FALSE,FALSE,"GLASS14D01.V10.A2000001.h14v09.2023058.hdf","https://ndownloader.figshare.com/files/39492703",11645444,"figshare/22220125"
"scientific_data","10.1038/s41597-023-02695-x","figshare::22220125::GLASS14D01.V10.A2000001.h14v10.2023058.hdf",NA,NA,NA,NA,NA,NA,TRUE,NA,NA,NA,NA,NA,FALSE,FALSE,"GLASS14D01.V10.A2000001.h14v10.2023058.hdf","https://ndownloader.figshare.com/files/39492706",10854943,"figshare/22220125"
"scientific_data","10.1038/s41597-023-02695-x","figshare::22220125::GLASS14D01.V10.A2000001.h14v11.2023058.hdf",NA,NA,NA,NA,NA,NA,TRUE,NA,NA,NA,NA,NA,FALSE,FALSE,"GLASS14D01.V10.A2000001.h14v11.2023058.hdf","https://ndownloader.figshare.com/files/39492709",2275151,"figshare/22220125"
"scientific_data","10.1038/s41597-023-02695-x","figshare::22220125::GLASS14D01.V10.A2000001.h14v14.2023058.hdf",NA,NA,NA,NA,NA,NA,TRUE,NA,NA,NA,NA,NA,FALSE,FALSE,"GLASS14D01.V10.A2000001.h14v14.2023058.hdf","https://ndownloader.figshare.com/files/39492712",1728133,"figshare/22220125"
"scientific_data","10.1038/s41597-023-02695-x","figshare::22220125::GLASS14D01.V10.A2000001.h15v01.2023058.hdf",NA,NA,NA,NA,NA,NA,TRUE,NA,NA,NA,NA,NA,FALSE,FALSE,"GLASS14D01.V10.A2000001.h15v01.2023058.hdf","https://ndownloader.figshare.com/files/39492715",12158547,"figshare/22220125"
"scientific_data","10.1038/s41597-023-02695-x","figshare::22220125::GLASS14D01.V10.A2000001.h15v02.2023058.hdf",NA,NA,NA,NA,NA,NA,TRUE,NA,NA,NA,NA,NA,FALSE,FALSE,"GLASS14D01.V10.A2000001.h15v02.2023058.hdf","https://ndownloader.figshare.com/files/39492718",12350680,"figshare/22220125"
"scientific_data","10.1038/s41597-023-02695-x","figshare::22220125::GLASS14D01.V10.A2000001.h15v03.2023058.hdf",NA,NA,NA,NA,NA,NA,TRUE,NA,NA,NA,NA,NA,FALSE,FALSE,"GLASS14D01.V10.A2000001.h15v03.2023058.hdf","https://ndownloader.figshare.com/files/39492721",162370,"figshare/22220125"
"scientific_data","10.1038/s41597-023-02695-x","figshare::22220125::GLASS14D01.V10.A2000001.h15v05.2023058.hdf",NA,NA,NA,NA,NA,NA,TRUE,NA,NA,NA,NA,NA,FALSE,FALSE,"GLASS14D01.V10.A2000001.h15v05.2023058.hdf","https://ndownloader.figshare.com/files/39492724",229769,"figshare/22220125"
"scientific_data","10.1038/s41597-023-02695-x","figshare::22220125::GLASS14D01.V10.A2000001.h15v07.2023058.hdf",NA,NA,NA,NA,NA,NA,TRUE,NA,NA,NA,NA,NA,FALSE,FALSE,"GLASS14D01.V10.A2000001.h15v07.2023058.hdf","https://ndownloader.figshare.com/files/39492727",290965,"figshare/22220125"
"scientific_data","10.1038/s41597-023-02695-x","figshare::22220125::GLASS14D01.V10.A2000001.h15v11.2023058.hdf",NA,NA,NA,NA,NA,NA,TRUE,NA,NA,NA,NA,NA,FALSE,FALSE,"GLASS14D01.V10.A2000001.h15v11.2023058.hdf","https://ndownloader.figshare.com/files/39492730",122013,"figshare/22220125"
"scientific_data","10.1038/s41597-023-02695-x","figshare::22220125::GLASS14D01.V10.A2000001.h15v14.2023058.hdf",NA,NA,NA,NA,NA,NA,TRUE,NA,NA,NA,NA,NA,FALSE,FALSE,"GLASS14D01.V10.A2000001.h15v14.2023058.hdf","https://ndownloader.figshare.com/files/39492733",250221,"figshare/22220125"
"scientific_data","10.1038/s41597-023-02695-x","figshare::22220125::GLASS14D01.V10.A2000001.h16v00.2023058.hdf",NA,NA,NA,NA,NA,NA,TRUE,NA,NA,NA,NA,NA,FALSE,FALSE,"GLASS14D01.V10.A2000001.h16v00.2023058.hdf","https://ndownloader.figshare.com/files/39492736",3130264,"figshare/22220125"
"scientific_data","10.1038/s41597-023-02695-x","figshare::22220125::GLASS14D01.V10.A2000001.h16v01.2023058.hdf",NA,NA,NA,NA,NA,NA,TRUE,NA,NA,NA,NA,NA,FALSE,FALSE,"GLASS14D01.V10.A2000001.h16v01.2023058.hdf","https://ndownloader.figshare.com/files/39492739",18433431,"figshare/22220125"
"scientific_data","10.1038/s41597-023-02695-x","figshare::22220125::GLASS14D01.V10.A2000001.h16v02.2023058.hdf",NA,NA,NA,NA,NA,NA,TRUE,NA,NA,NA,NA,NA,FALSE,FALSE,"GLASS14D01.V10.A2000001.h16v02.2023058.hdf","https://ndownloader.figshare.com/files/39492742",11159151,"figshare/22220125"
"scientific_data","10.1038/s41597-023-02695-x","figshare::22220125::GLASS14D01.V10.A2000001.h16v05.2023058.hdf",NA,NA,NA,NA,NA,NA,TRUE,NA,NA,NA,NA,NA,FALSE,FALSE,"GLASS14D01.V10.A2000001.h16v05.2023058.hdf","https://ndownloader.figshare.com/files/39492745",171213,"figshare/22220125"
"scientific_data","10.1038/s41597-023-02695-x","figshare::22220125::GLASS14D01.V10.A2000001.h16v06.2023058.hdf",NA,NA,NA,NA,NA,NA,TRUE,NA,NA,NA,NA,NA,FALSE,FALSE,"GLASS14D01.V10.A2000001.h16v06.2023058.hdf","https://ndownloader.figshare.com/files/39492748",10822726,"figshare/22220125"
"scientific_data","10.1038/s41597-023-02695-x","figshare::22220125::GLASS14D01.V10.A2000001.h16v07.2023058.hdf",NA,NA,NA,NA,NA,NA,TRUE,NA,NA,NA,NA,NA,FALSE,FALSE,"GLASS14D01.V10.A2000001.h16v07.2023058.hdf","https://ndownloader.figshare.com/files/39492751",20207663,"figshare/22220125"
"scientific_data","10.1038/s41597-023-02695-x","figshare::22220125::GLASS14D01.V10.A2000001.h16v08.2023058.hdf",NA,NA,NA,NA,NA,NA,TRUE,NA,NA,NA,NA,NA,FALSE,FALSE,"GLASS14D01.V10.A2000001.h16v08.2023058.hdf","https://ndownloader.figshare.com/files/39492754",3841770,"figshare/22220125"
"scientific_data","10.1038/s41597-023-02695-x","figshare::22220125::GLASS14D01.V10.A2000001.h16v09.2023058.hdf",NA,NA,NA,NA,NA,NA,TRUE,NA,NA,NA,NA,NA,FALSE,FALSE,"GLASS14D01.V10.A2000001.h16v09.2023058.hdf","https://ndownloader.figshare.com/files/39492757",125891,"figshare/22220125"
"scientific_data","10.1038/s41597-023-02695-x","figshare::22220125::GLASS14D01.V10.A2000001.h16v12.2023058.hdf",NA,NA,NA,NA,NA,NA,TRUE,NA,NA,NA,NA,NA,FALSE,FALSE,"GLASS14D01.V10.A2000001.h16v12.2023058.hdf","https://ndownloader.figshare.com/files/39492760",121860,"figshare/22220125"
"scientific_data","10.1038/s41597-023-02695-x","figshare::22220125::GLASS14D01.V10.A2000001.h16v14.2023058.hdf",NA,NA,NA,NA,NA,NA,TRUE,NA,NA,NA,NA,NA,FALSE,FALSE,"GLASS14D01.V10.A2000001.h16v14.2023058.hdf","https://ndownloader.figshare.com/files/39492763",122315,"figshare/22220125"
"scientific_data","10.1038/s41597-023-02695-x","figshare::22220125::GLASS14D01.V10.A2000001.h17v00.2023058.hdf",NA,NA,NA,NA,NA,NA,TRUE,NA,NA,NA,NA,NA,FALSE,FALSE,"GLASS14D01.V10.A2000001.h17v00.2023058.hdf","https://ndownloader.figshare.com/files/39492766",6551340,"figshare/22220125"
"scientific_data","10.1038/s41597-023-02695-x","figshare::22220125::GLASS14D01.V10.A2000001.h17v01.2023058.hdf",NA,NA,NA,NA,NA,NA,TRUE,NA,NA,NA,NA,NA,FALSE,FALSE,"GLASS14D01.V10.A2000001.h17v01.2023058.hdf","https://ndownloader.figshare.com/files/39492769",13495881,"figshare/22220125"
"scientific_data","10.1038/s41597-023-02695-x","figshare::22220125::GLASS14D01.V10.A2000001.h17v02.2023058.hdf",NA,NA,NA,NA,NA,NA,TRUE,NA,NA,NA,NA,NA,FALSE,FALSE,"GLASS14D01.V10.A2000001.h17v02.2023058.hdf","https://ndownloader.figshare.com/files/39492772",3850358,"figshare/22220125"
"scientific_data","10.1038/s41597-023-02695-x","figshare::22220125::GLASS14D01.V10.A2000001.h17v03.2023058.hdf",NA,NA,NA,NA,NA,NA,TRUE,NA,NA,NA,NA,NA,FALSE,FALSE,"GLASS14D01.V10.A2000001.h17v03.2023058.hdf","https://ndownloader.figshare.com/files/39492775",10234031,"figshare/22220125"
"scientific_data","10.1038/s41597-023-02695-x","figshare::22220125::GLASS14D01.V10.A2000001.h17v04.2023058.hdf",NA,NA,NA,NA,NA,NA,TRUE,NA,NA,NA,NA,NA,FALSE,FALSE,"GLASS14D01.V10.A2000001.h17v04.2023058.hdf","https://ndownloader.figshare.com/files/39492778",12620592,"figshare/22220125"
"scientific_data","10.1038/s41597-023-02695-x","figshare::22220125::GLASS14D01.V10.A2000001.h17v05.2023058.hdf",NA,NA,NA,NA,NA,NA,TRUE,NA,NA,NA,NA,NA,FALSE,FALSE,"GLASS14D01.V10.A2000001.h17v05.2023058.hdf","https://ndownloader.figshare.com/files/39492781",22325135,"figshare/22220125"
"scientific_data","10.1038/s41597-023-02695-x","figshare::22220125::GLASS14D01.V10.A2000001.h17v06.2023058.hdf",NA,NA,NA,NA,NA,NA,TRUE,NA,NA,NA,NA,NA,FALSE,FALSE,"GLASS14D01.V10.A2000001.h17v06.2023058.hdf","https://ndownloader.figshare.com/files/39492784",29612101,"figshare/22220125"
"scientific_data","10.1038/s41597-023-02695-x","figshare::22220125::GLASS14D01.V10.A2000001.h17v07.2023058.hdf",NA,NA,NA,NA,NA,NA,TRUE,NA,NA,NA,NA,NA,FALSE,FALSE,"GLASS14D01.V10.A2000001.h17v07.2023058.hdf","https://ndownloader.figshare.com/files/39492790",33085777,"figshare/22220125"
"scientific_data","10.1038/s41597-023-02695-x","figshare::22220125::GLASS14D01.V10.A2000001.h17v08.2023058.hdf",NA,NA,NA,NA,NA,NA,TRUE,NA,NA,NA,NA,NA,FALSE,FALSE,"GLASS14D01.V10.A2000001.h17v08.2023058.hdf","https://ndownloader.figshare.com/files/39492793",18768381,"figshare/22220125"
"scientific_data","10.1038/s41597-023-02695-x","figshare::22220125::GLASS14D01.V10.A2000001.h17v10.2023058.hdf",NA,NA,NA,NA,NA,NA,TRUE,NA,NA,NA,NA,NA,FALSE,FALSE,"GLASS14D01.V10.A2000001.h17v10.2023058.hdf","https://ndownloader.figshare.com/files/39492796",128442,"figshare/22220125"
"scientific_data","10.1038/s41597-023-02695-x","figshare::22220125::GLASS14D01.V10.A2000001.h17v12.2023058.hdf",NA,NA,NA,NA,NA,NA,TRUE,NA,NA,NA,NA,NA,FALSE,FALSE,"GLASS14D01.V10.A2000001.h17v12.2023058.hdf","https://ndownloader.figshare.com/files/39492799",126773,"figshare/22220125"
"scientific_data","10.1038/s41597-023-02695-x","figshare::22220125::GLASS14D01.V10.A2000001.h17v13.2023058.hdf",NA,NA,NA,NA,NA,NA,TRUE,NA,NA,NA,NA,NA,FALSE,FALSE,"GLASS14D01.V10.A2000001.h17v13.2023058.hdf","https://ndownloader.figshare.com/files/39492802",125238,"figshare/22220125"
"scientific_data","10.1038/s41597-023-02695-x","figshare::22220125::GLASS14D01.V10.A2000001.h18v00.2023058.hdf",NA,NA,NA,NA,NA,NA,TRUE,NA,NA,NA,NA,NA,FALSE,FALSE,"GLASS14D01.V10.A2000001.h18v00.2023058.hdf","https://ndownloader.figshare.com/files/39492805",701456,"figshare/22220125"
"scientific_data","10.1038/s41597-023-02695-x","figshare::22220125::GLASS14D01.V10.A2000001.h18v01.2023058.hdf",NA,NA,NA,NA,NA,NA,TRUE,NA,NA,NA,NA,NA,FALSE,FALSE,"GLASS14D01.V10.A2000001.h18v01.2023058.hdf","https://ndownloader.figshare.com/files/39492808",2591754,"figshare/22220125"
"scientific_data","10.1038/s41597-023-02695-x","figshare::22220125::GLASS14D01.V10.A2000001.h18v02.2023058.hdf",NA,NA,NA,NA,NA,NA,TRUE,NA,NA,NA,NA,NA,FALSE,FALSE,"GLASS14D01.V10.A2000001.h18v02.2023058.hdf","https://ndownloader.figshare.com/files/39492811",17902257,"figshare/22220125"
"scientific_data","10.1038/s41597-023-02695-x","figshare::22220125::GLASS14D01.V10.A2000001.h18v03.2023058.hdf",NA,NA,NA,NA,NA,NA,TRUE,NA,NA,NA,NA,NA,FALSE,FALSE,"GLASS14D01.V10.A2000001.h18v03.2023058.hdf","https://ndownloader.figshare.com/files/39492814",21175879,"figshare/22220125"
"scientific_data","10.1038/s41597-023-02695-x","figshare::22220125::GLASS14D01.V10.A2000001.h18v04.2023058.hdf",NA,NA,NA,NA,NA,NA,TRUE,NA,NA,NA,NA,NA,FALSE,FALSE,"GLASS14D01.V10.A2000001.h18v04.2023058.hdf","https://ndownloader.figshare.com/files/39492817",28961074,"figshare/22220125"
"scientific_data","10.1038/s41597-023-02695-x","figshare::22220125::GLASS14D01.V10.A2000001.h18v05.2023058.hdf",NA,NA,NA,NA,NA,NA,TRUE,NA,NA,NA,NA,NA,FALSE,FALSE,"GLASS14D01.V10.A2000001.h18v05.2023058.hdf","https://ndownloader.figshare.com/files/39492820",21787960,"figshare/22220125"
"scientific_data","10.1038/s41597-023-02695-x","figshare::22220125::GLASS14D01.V10.A2000001.h18v06.2023058.hdf",NA,NA,NA,NA,NA,NA,TRUE,NA,NA,NA,NA,NA,FALSE,FALSE,"GLASS14D01.V10.A2000001.h18v06.2023058.hdf","https://ndownloader.figshare.com/files/39492823",30366697,"figshare/22220125"
"scientific_data","10.1038/s41597-023-02695-x","figshare::22220125::GLASS14D01.V10.A2000001.h18v07.2023058.hdf",NA,NA,NA,NA,NA,NA,TRUE,NA,NA,NA,NA,NA,FALSE,FALSE,"GLASS14D01.V10.A2000001.h18v07.2023058.hdf","https://ndownloader.figshare.com/files/39492826",32785029,"figshare/22220125"
"scientific_data","10.1038/s41597-023-02695-x","figshare::22220125::GLASS14D01.V10.A2000001.h18v08.2023058.hdf",NA,NA,NA,NA,NA,NA,TRUE,NA,NA,NA,NA,NA,FALSE,FALSE,"GLASS14D01.V10.A2000001.h18v08.2023058.hdf","https://ndownloader.figshare.com/files/39492829",17940414,"figshare/22220125"
"scientific_data","10.1038/s41597-023-02695-x","figshare::22220125::GLASS14D01.V10.A2000001.h18v09.2023058.hdf",NA,NA,NA,NA,NA,NA,TRUE,NA,NA,NA,NA,NA,FALSE,FALSE,"GLASS14D01.V10.A2000001.h18v09.2023058.hdf","https://ndownloader.figshare.com/files/39492832",939188,"figshare/22220125"
"scientific_data","10.1038/s41597-023-02695-x","figshare::22220125::GLASS14D01.V10.A2000001.h18v14.2023058.hdf",NA,NA,NA,NA,NA,NA,TRUE,NA,NA,NA,NA,NA,FALSE,FALSE,"GLASS14D01.V10.A2000001.h18v14.2023058.hdf","https://ndownloader.figshare.com/files/39492835",120291,"figshare/22220125"
"scientific_data","10.1038/s41597-023-02695-x","figshare::22220125::GLASS14D01.V10.A2000001.h19v00.2023058.hdf",NA,NA,NA,NA,NA,NA,TRUE,NA,NA,NA,NA,NA,FALSE,FALSE,"GLASS14D01.V10.A2000001.h19v00.2023058.hdf","https://ndownloader.figshare.com/files/39492838",482918,"figshare/22220125"
"scientific_data","10.1038/s41597-023-02695-x","figshare::22220125::GLASS14D01.V10.A2000001.h19v01.2023058.hdf",NA,NA,NA,NA,NA,NA,TRUE,NA,NA,NA,NA,NA,FALSE,FALSE,"GLASS14D01.V10.A2000001.h19v01.2023058.hdf","https://ndownloader.figshare.com/files/39492841",3183141,"figshare/22220125"
"scientific_data","10.1038/s41597-023-02695-x","figshare::22220125::GLASS14D01.V10.A2000001.h19v02.2023058.hdf",NA,NA,NA,NA,NA,NA,TRUE,NA,NA,NA,NA,NA,FALSE,FALSE,"GLASS14D01.V10.A2000001.h19v02.2023058.hdf","https://ndownloader.figshare.com/files/39492844",25819863,"figshare/22220125"
"scientific_data","10.1038/s41597-023-02695-x","figshare::22220125::GLASS14D01.V10.A2000001.h19v03.2023058.hdf",NA,NA,NA,NA,NA,NA,TRUE,NA,NA,NA,NA,NA,FALSE,FALSE,"GLASS14D01.V10.A2000001.h19v03.2023058.hdf","https://ndownloader.figshare.com/files/39492847",32345072,"figshare/22220125"
"scientific_data","10.1038/s41597-023-02695-x","figshare::22220125::GLASS14D01.V10.A2000001.h19v04.2023058.hdf",NA,NA,NA,NA,NA,NA,TRUE,NA,NA,NA,NA,NA,FALSE,FALSE,"GLASS14D01.V10.A2000001.h19v04.2023058.hdf","https://ndownloader.figshare.com/files/39492850",33363527,"figshare/22220125"
"scientific_data","10.1038/s41597-023-02695-x","figshare::22220125::GLASS14D01.V10.A2000001.h19v05.2023058.hdf",NA,NA,NA,NA,NA,NA,TRUE,NA,NA,NA,NA,NA,FALSE,FALSE,"GLASS14D01.V10.A2000001.h19v05.2023058.hdf","https://ndownloader.figshare.com/files/39492853",10854373,"figshare/22220125"
"scientific_data","10.1038/s41597-023-02695-x","figshare::22220125::GLASS14D01.V10.A2000001.h19v06.2023058.hdf",NA,NA,NA,NA,NA,NA,TRUE,NA,NA,NA,NA,NA,FALSE,FALSE,"GLASS14D01.V10.A2000001.h19v06.2023058.hdf","https://ndownloader.figshare.com/files/39492856",30406770,"figshare/22220125"
"scientific_data","10.1038/s41597-023-02695-x","figshare::22220125::GLASS14D01.V10.A2000001.h19v07.2023058.hdf",NA,NA,NA,NA,NA,NA,TRUE,NA,NA,NA,NA,NA,FALSE,FALSE,"GLASS14D01.V10.A2000001.h19v07.2023058.hdf","https://ndownloader.figshare.com/files/39492859",31350820,"figshare/22220125"
"scientific_data","10.1038/s41597-023-02695-x","figshare::22220125::GLASS14D01.V10.A2000001.h19v08.2023058.hdf",NA,NA,NA,NA,NA,NA,TRUE,NA,NA,NA,NA,NA,FALSE,FALSE,"GLASS14D01.V10.A2000001.h19v08.2023058.hdf","https://ndownloader.figshare.com/files/39492862",36982790,"figshare/22220125"
"scientific_data","10.1038/s41597-023-02695-x","figshare::22220125::GLASS14D01.V10.A2000001.h19v09.2023058.hdf",NA,NA,NA,NA,NA,NA,TRUE,NA,NA,NA,NA,NA,FALSE,FALSE,"GLASS14D01.V10.A2000001.h19v09.2023058.hdf","https://ndownloader.figshare.com/files/39492865",32205274,"figshare/22220125"
"scientific_data","10.1038/s41597-023-02695-x","figshare::22220125::GLASS14D01.V10.A2000001.h19v10.2023058.hdf",NA,NA,NA,NA,NA,NA,TRUE,NA,NA,NA,NA,NA,FALSE,FALSE,"GLASS14D01.V10.A2000001.h19v10.2023058.hdf","https://ndownloader.figshare.com/files/39492868",29733705,"figshare/22220125"
"scientific_data","10.1038/s41597-023-02695-x","figshare::22220125::GLASS14D01.V10.A2000001.h19v11.2023058.hdf",NA,NA,NA,NA,NA,NA,TRUE,NA,NA,NA,NA,NA,FALSE,FALSE,"GLASS14D01.V10.A2000001.h19v11.2023058.hdf","https://ndownloader.figshare.com/files/39492871",22593392,"figshare/22220125"
"scientific_data","10.1038/s41597-023-02695-x","figshare::22220125::GLASS14D01.V10.A2000001.h19v12.2023058.hdf",NA,NA,NA,NA,NA,NA,TRUE,NA,NA,NA,NA,NA,FALSE,FALSE,"GLASS14D01.V10.A2000001.h19v12.2023058.hdf","https://ndownloader.figshare.com/files/39492874",7411227,"figshare/22220125"
"scientific_data","10.1038/s41597-023-02695-x","figshare::22220125::GLASS14D01.V10.A2000001.h20v01.2023058.hdf",NA,NA,NA,NA,NA,NA,TRUE,NA,NA,NA,NA,NA,FALSE,FALSE,"GLASS14D01.V10.A2000001.h20v01.2023058.hdf","https://ndownloader.figshare.com/files/39492877",14064993,"figshare/22220125"
"scientific_data","10.1038/s41597-023-02695-x","figshare::22220125::GLASS14D01.V10.A2000001.h20v02.2023058.hdf",NA,NA,NA,NA,NA,NA,TRUE,NA,NA,NA,NA,NA,FALSE,FALSE,"GLASS14D01.V10.A2000001.h20v02.2023058.hdf","https://ndownloader.figshare.com/files/39492880",30804904,"figshare/22220125"
"scientific_data","10.1038/s41597-023-02695-x","figshare::22220125::GLASS14D01.V10.A2000001.h20v03.2023058.hdf",NA,NA,NA,NA,NA,NA,TRUE,NA,NA,NA,NA,NA,FALSE,FALSE,"GLASS14D01.V10.A2000001.h20v03.2023058.hdf","https://ndownloader.figshare.com/files/39492883",35034186,"figshare/22220125"
"scientific_data","10.1038/s41597-023-02695-x","figshare::22220125::GLASS14D01.V10.A2000001.h20v04.2023058.hdf",NA,NA,NA,NA,NA,NA,TRUE,NA,NA,NA,NA,NA,FALSE,FALSE,"GLASS14D01.V10.A2000001.h20v04.2023058.hdf","https://ndownloader.figshare.com/files/39492886",23767198,"figshare/22220125"
"scientific_data","10.1038/s41597-023-02695-x","figshare::22220125::GLASS14D01.V10.A2000001.h20v05.2023058.hdf",NA,NA,NA,NA,NA,NA,TRUE,NA,NA,NA,NA,NA,FALSE,FALSE,"GLASS14D01.V10.A2000001.h20v05.2023058.hdf","https://ndownloader.figshare.com/files/39492889",19040679,"figshare/22220125"
"scientific_data","10.1038/s41597-023-02695-x","figshare::22220125::GLASS14D01.V10.A2000001.h20v06.2023058.hdf",NA,NA,NA,NA,NA,NA,TRUE,NA,NA,NA,NA,NA,FALSE,FALSE,"GLASS14D01.V10.A2000001.h20v06.2023058.hdf","https://ndownloader.figshare.com/files/39492892",30602203,"figshare/22220125"
"scientific_data","10.1038/s41597-023-02695-x","figshare::22220125::GLASS14D01.V10.A2000001.h20v07.2023058.hdf",NA,NA,NA,NA,NA,NA,TRUE,NA,NA,NA,NA,NA,FALSE,FALSE,"GLASS14D01.V10.A2000001.h20v07.2023058.hdf","https://ndownloader.figshare.com/files/39492898",31825095,"figshare/22220125"
"scientific_data","10.1038/s41597-023-02695-x","figshare::22220125::GLASS14D01.V10.A2000001.h20v08.2023058.hdf",NA,NA,NA,NA,NA,NA,TRUE,NA,NA,NA,NA,NA,FALSE,FALSE,"GLASS14D01.V10.A2000001.h20v08.2023058.hdf","https://ndownloader.figshare.com/files/39492901",36994569,"figshare/22220125"
"scientific_data","10.1038/s41597-023-02695-x","figshare::22220125::GLASS14D01.V10.A2000001.h20v09.2023058.hdf",NA,NA,NA,NA,NA,NA,TRUE,NA,NA,NA,NA,NA,FALSE,FALSE,"GLASS14D01.V10.A2000001.h20v09.2023058.hdf","https://ndownloader.figshare.com/files/39492904",36927064,"figshare/22220125"
"scientific_data","10.1038/s41597-023-02695-x","figshare::22220125::GLASS14D01.V10.A2000001.h20v10.2023058.hdf",NA,NA,NA,NA,NA,NA,TRUE,NA,NA,NA,NA,NA,FALSE,FALSE,"GLASS14D01.V10.A2000001.h20v10.2023058.hdf","https://ndownloader.figshare.com/files/39492907",38029230,"figshare/22220125"
"scientific_data","10.1038/s41597-023-02695-x","figshare::22220125::GLASS14D01.V10.A2000001.h20v11.2023058.hdf",NA,NA,NA,NA,NA,NA,TRUE,NA,NA,NA,NA,NA,FALSE,FALSE,"GLASS14D01.V10.A2000001.h20v11.2023058.hdf","https://ndownloader.figshare.com/files/39492910",35486668,"figshare/22220125"
"scientific_data","10.1038/s41597-023-02695-x","figshare::22220125::GLASS14D01.V10.A2000001.h20v12.2023058.hdf",NA,NA,NA,NA,NA,NA,TRUE,NA,NA,NA,NA,NA,FALSE,FALSE,"GLASS14D01.V10.A2000001.h20v12.2023058.hdf","https://ndownloader.figshare.com/files/39492913",7280504,"figshare/22220125"
"scientific_data","10.1038/s41597-023-02695-x","figshare::22220125::GLASS14D01.V10.A2000001.h20v13.2023058.hdf",NA,NA,NA,NA,NA,NA,TRUE,NA,NA,NA,NA,NA,FALSE,FALSE,"GLASS14D01.V10.A2000001.h20v13.2023058.hdf","https://ndownloader.figshare.com/files/39492916",138392,"figshare/22220125"
"scientific_data","10.1038/s41597-023-02695-x","figshare::22220125::GLASS14D01.V10.A2000001.h21v01.2023058.hdf",NA,NA,NA,NA,NA,NA,TRUE,NA,NA,NA,NA,NA,FALSE,FALSE,"GLASS14D01.V10.A2000001.h21v01.2023058.hdf","https://ndownloader.figshare.com/files/39492919",10612093,"figshare/22220125"
"scientific_data","10.1038/s41597-023-02695-x","figshare::22220125::GLASS14D01.V10.A2000001.h21v02.2023058.hdf",NA,NA,NA,NA,NA,NA,TRUE,NA,NA,NA,NA,NA,FALSE,FALSE,"GLASS14D01.V10.A2000001.h21v02.2023058.hdf","https://ndownloader.figshare.com/files/39492922",31966444,"figshare/22220125"
"scientific_data","10.1038/s41597-023-02695-x","figshare::22220125::GLASS14D01.V10.A2000001.h21v03.2023058.hdf",NA,NA,NA,NA,NA,NA,TRUE,NA,NA,NA,NA,NA,FALSE,FALSE,"GLASS14D01.V10.A2000001.h21v03.2023058.hdf","https://ndownloader.figshare.com/files/39492925",33397279,"figshare/22220125"
"scientific_data","10.1038/s41597-023-02695-x","figshare::22220125::GLASS14D01.V10.A2000001.h21v04.2023058.hdf",NA,NA,NA,NA,NA,NA,TRUE,NA,NA,NA,NA,NA,FALSE,FALSE,"GLASS14D01.V10.A2000001.h21v04.2023058.hdf","https://ndownloader.figshare.com/files/39492928",27692034,"figshare/22220125"
"scientific_data","10.1038/s41597-023-02695-x","figshare::22220125::GLASS14D01.V10.A2000001.h21v05.2023058.hdf",NA,NA,NA,NA,NA,NA,TRUE,NA,NA,NA,NA,NA,FALSE,FALSE,"GLASS14D01.V10.A2000001.h21v05.2023058.hdf","https://ndownloader.figshare.com/files/39492931",33275312,"figshare/22220125"
"scientific_data","10.1038/s41597-023-02695-x","figshare::22220125::GLASS14D01.V10.A2000001.h21v06.2023058.hdf",NA,NA,NA,NA,NA,NA,TRUE,NA,NA,NA,NA,NA,FALSE,FALSE,"GLASS14D01.V10.A2000001.h21v06.2023058.hdf","https://ndownloader.figshare.com/files/39492934",27811105,"figshare/22220125"
"scientific_data","10.1038/s41597-023-02695-x","figshare::22220125::GLASS14D01.V10.A2000001.h21v07.2023058.hdf",NA,NA,NA,NA,NA,NA,TRUE,NA,NA,NA,NA,NA,FALSE,FALSE,"GLASS14D01.V10.A2000001.h21v07.2023058.hdf","https://ndownloader.figshare.com/files/39492937",29884109,"figshare/22220125"
"scientific_data","10.1038/s41597-023-02695-x","figshare::22220125::GLASS14D01.V10.A2000001.h21v08.2023058.hdf",NA,NA,NA,NA,NA,NA,TRUE,NA,NA,NA,NA,NA,FALSE,FALSE,"GLASS14D01.V10.A2000001.h21v08.2023058.hdf","https://ndownloader.figshare.com/files/39492940",37052925,"figshare/22220125"
"scientific_data","10.1038/s41597-023-02695-x","figshare::22220125::GLASS14D01.V10.A2000001.h21v09.2023058.hdf",NA,NA,NA,NA,NA,NA,TRUE,NA,NA,NA,NA,NA,FALSE,FALSE,"GLASS14D01.V10.A2000001.h21v09.2023058.hdf","https://ndownloader.figshare.com/files/39492943",34740402,"figshare/22220125"
"scientific_data","10.1038/s41597-023-02695-x","figshare::22220125::GLASS14D01.V10.A2000001.h21v10.2023058.hdf",NA,NA,NA,NA,NA,NA,TRUE,NA,NA,NA,NA,NA,FALSE,FALSE,"GLASS14D01.V10.A2000001.h21v10.2023058.hdf","https://ndownloader.figshare.com/files/39492946",29983178,"figshare/22220125"
"scientific_data","10.1038/s41597-023-02695-x","figshare::22220125::GLASS14D01.V10.A2000001.h21v11.2023058.hdf",NA,NA,NA,NA,NA,NA,TRUE,NA,NA,NA,NA,NA,FALSE,FALSE,"GLASS14D01.V10.A2000001.h21v11.2023058.hdf","https://ndownloader.figshare.com/files/39492949",5236606,"figshare/22220125"
"scientific_data","10.1038/s41597-023-02695-x","figshare::22220125::GLASS14D01.V10.A2000001.h21v13.2023058.hdf",NA,NA,NA,NA,NA,NA,TRUE,NA,NA,NA,NA,NA,FALSE,FALSE,"GLASS14D01.V10.A2000001.h21v13.2023058.hdf","https://ndownloader.figshare.com/files/39492952",142111,"figshare/22220125"
"scientific_data","10.1038/s41597-023-02695-x","figshare::22220125::GLASS14D01.V10.A2000001.h22v01.2023058.hdf",NA,NA,NA,NA,NA,NA,TRUE,NA,NA,NA,NA,NA,FALSE,FALSE,"GLASS14D01.V10.A2000001.h22v01.2023058.hdf","https://ndownloader.figshare.com/files/39492955",5299213,"figshare/22220125"
"scientific_data","10.1038/s41597-023-02695-x","figshare::22220125::GLASS14D01.V10.A2000001.h22v02.2023058.hdf",NA,NA,NA,NA,NA,NA,TRUE,NA,NA,NA,NA,NA,FALSE,FALSE,"GLASS14D01.V10.A2000001.h22v02.2023058.hdf","https://ndownloader.figshare.com/files/39492958",31204727,"figshare/22220125"
"scientific_data","10.1038/s41597-023-02695-x","figshare::22220125::GLASS14D01.V10.A2000001.h22v03.2023058.hdf",NA,NA,NA,NA,NA,NA,TRUE,NA,NA,NA,NA,NA,FALSE,FALSE,"GLASS14D01.V10.A2000001.h22v03.2023058.hdf","https://ndownloader.figshare.com/files/39492961",32567169,"figshare/22220125"
"scientific_data","10.1038/s41597-023-02695-x","figshare::22220125::GLASS14D01.V10.A2000001.h22v04.2023058.hdf",NA,NA,NA,NA,NA,NA,TRUE,NA,NA,NA,NA,NA,FALSE,FALSE,"GLASS14D01.V10.A2000001.h22v04.2023058.hdf","https://ndownloader.figshare.com/files/39492964",28592881,"figshare/22220125"
"scientific_data","10.1038/s41597-023-02695-x","figshare::22220125::GLASS14D01.V10.A2000001.h22v05.2023058.hdf",NA,NA,NA,NA,NA,NA,TRUE,NA,NA,NA,NA,NA,FALSE,FALSE,"GLASS14D01.V10.A2000001.h22v05.2023058.hdf","https://ndownloader.figshare.com/files/39492967",31563268,"figshare/22220125"
"scientific_data","10.1038/s41597-023-02695-x","figshare::22220125::GLASS14D01.V10.A2000001.h22v06.2023058.hdf",NA,NA,NA,NA,NA,NA,TRUE,NA,NA,NA,NA,NA,FALSE,FALSE,"GLASS14D01.V10.A2000001.h22v06.2023058.hdf","https://ndownloader.figshare.com/files/39492970",27181591,"figshare/22220125"
"scientific_data","10.1038/s41597-023-02695-x","figshare::22220125::GLASS14D01.V10.A2000001.h22v07.2023058.hdf",NA,NA,NA,NA,NA,NA,TRUE,NA,NA,NA,NA,NA,FALSE,FALSE,"GLASS14D01.V10.A2000001.h22v07.2023058.hdf","https://ndownloader.figshare.com/files/39492976",24628087,"figshare/22220125"
"scientific_data","10.1038/s41597-023-02695-x","figshare::22220125::GLASS14D01.V10.A2000001.h22v08.2023058.hdf",NA,NA,NA,NA,NA,NA,TRUE,NA,NA,NA,NA,NA,FALSE,FALSE,"GLASS14D01.V10.A2000001.h22v08.2023058.hdf","https://ndownloader.figshare.com/files/39492979",25473426,"figshare/22220125"
"scientific_data","10.1038/s41597-023-02695-x","figshare::22220125::GLASS14D01.V10.A2000001.h22v09.2023058.hdf",NA,NA,NA,NA,NA,NA,TRUE,NA,NA,NA,NA,NA,FALSE,FALSE,"GLASS14D01.V10.A2000001.h22v09.2023058.hdf","https://ndownloader.figshare.com/files/39492982",1990500,"figshare/22220125"
"scientific_data","10.1038/s41597-023-02695-x","figshare::22220125::GLASS14D01.V10.A2000001.h22v10.2023058.hdf",NA,NA,NA,NA,NA,NA,TRUE,NA,NA,NA,NA,NA,FALSE,FALSE,"GLASS14D01.V10.A2000001.h22v10.2023058.hdf","https://ndownloader.figshare.com/files/39492985",11388487,"figshare/22220125"
"scientific_data","10.1038/s41597-023-02695-x","figshare::22220125::GLASS14D01.V10.A2000001.h22v11.2023058.hdf",NA,NA,NA,NA,NA,NA,TRUE,NA,NA,NA,NA,NA,FALSE,FALSE,"GLASS14D01.V10.A2000001.h22v11.2023058.hdf","https://ndownloader.figshare.com/files/39492988",8282349,"figshare/22220125"
"scientific_data","10.1038/s41597-023-02695-x","figshare::22220125::GLASS14D01.V10.A2000001.h22v13.2023058.hdf",NA,NA,NA,NA,NA,NA,TRUE,NA,NA,NA,NA,NA,FALSE,FALSE,"GLASS14D01.V10.A2000001.h22v13.2023058.hdf","https://ndownloader.figshare.com/files/39492991",439674,"figshare/22220125"
"scientific_data","10.1038/s41597-023-02695-x","figshare::22220125::GLASS14D01.V10.A2000001.h22v14.2023058.hdf",NA,NA,NA,NA,NA,NA,TRUE,NA,NA,NA,NA,NA,FALSE,FALSE,"GLASS14D01.V10.A2000001.h22v14.2023058.hdf","https://ndownloader.figshare.com/files/39492994",136480,"figshare/22220125"
"scientific_data","10.1038/s41597-023-02695-x","figshare::22220125::GLASS14D01.V10.A2000001.h23v01.2023058.hdf",NA,NA,NA,NA,NA,NA,TRUE,NA,NA,NA,NA,NA,FALSE,FALSE,"GLASS14D01.V10.A2000001.h23v01.2023058.hdf","https://ndownloader.figshare.com/files/39492997",1180021,"figshare/22220125"
"scientific_data","10.1038/s41597-023-02695-x","figshare::22220125::GLASS14D01.V10.A2000001.h23v02.2023058.hdf",NA,NA,NA,NA,NA,NA,TRUE,NA,NA,NA,NA,NA,FALSE,FALSE,"GLASS14D01.V10.A2000001.h23v02.2023058.hdf","https://ndownloader.figshare.com/files/39493000",29850563,"figshare/22220125"
"scientific_data","10.1038/s41597-023-02695-x","figshare::22220125::GLASS14D01.V10.A2000001.h23v03.2023058.hdf",NA,NA,NA,NA,NA,NA,TRUE,NA,NA,NA,NA,NA,FALSE,FALSE,"GLASS14D01.V10.A2000001.h23v03.2023058.hdf","https://ndownloader.figshare.com/files/39493003",36048096,"figshare/22220125"
"scientific_data","10.1038/s41597-023-02695-x","figshare::22220125::GLASS14D01.V10.A2000001.h23v04.2023058.hdf",NA,NA,NA,NA,NA,NA,TRUE,NA,NA,NA,NA,NA,FALSE,FALSE,"GLASS14D01.V10.A2000001.h23v04.2023058.hdf","https://ndownloader.figshare.com/files/39493006",31610523,"figshare/22220125"
"scientific_data","10.1038/s41597-023-02695-x","figshare::22220125::GLASS14D01.V10.A2000001.h23v05.2023058.hdf",NA,NA,NA,NA,NA,NA,TRUE,NA,NA,NA,NA,NA,FALSE,FALSE,"GLASS14D01.V10.A2000001.h23v05.2023058.hdf","https://ndownloader.figshare.com/files/39493009",34597989,"figshare/22220125"
"scientific_data","10.1038/s41597-023-02695-x","figshare::22220125::GLASS14D01.V10.A2000001.h23v06.2023058.hdf",NA,NA,NA,NA,NA,NA,TRUE,NA,NA,NA,NA,NA,FALSE,FALSE,"GLASS14D01.V10.A2000001.h23v06.2023058.hdf","https://ndownloader.figshare.com/files/39493012",21576678,"figshare/22220125"
"scientific_data","10.1038/s41597-023-02695-x","figshare::22220125::GLASS14D01.V10.A2000001.h23v07.2023058.hdf",NA,NA,NA,NA,NA,NA,TRUE,NA,NA,NA,NA,NA,FALSE,FALSE,"GLASS14D01.V10.A2000001.h23v07.2023058.hdf","https://ndownloader.figshare.com/files/39493015",4377400,"figshare/22220125"
"scientific_data","10.1038/s41597-023-02695-x","figshare::22220125::GLASS14D01.V10.A2000001.h23v08.2023058.hdf",NA,NA,NA,NA,NA,NA,TRUE,NA,NA,NA,NA,NA,FALSE,FALSE,"GLASS14D01.V10.A2000001.h23v08.2023058.hdf","https://ndownloader.figshare.com/files/39493018",155309,"figshare/22220125"
"scientific_data","10.1038/s41597-023-02695-x","figshare::22220125::GLASS14D01.V10.A2000001.h23v09.2023058.hdf",NA,NA,NA,NA,NA,NA,TRUE,NA,NA,NA,NA,NA,FALSE,FALSE,"GLASS14D01.V10.A2000001.h23v09.2023058.hdf","https://ndownloader.figshare.com/files/39493021",150556,"figshare/22220125"
"scientific_data","10.1038/s41597-023-02695-x","figshare::22220125::GLASS14D01.V10.A2000001.h23v10.2023058.hdf",NA,NA,NA,NA,NA,NA,TRUE,NA,NA,NA,NA,NA,FALSE,FALSE,"GLASS14D01.V10.A2000001.h23v10.2023058.hdf","https://ndownloader.figshare.com/files/39493024",136969,"figshare/22220125"
"scientific_data","10.1038/s41597-023-02695-x","figshare::22220125::GLASS14D01.V10.A2000001.h23v11.2023058.hdf",NA,NA,NA,NA,NA,NA,TRUE,NA,NA,NA,NA,NA,FALSE,FALSE,"GLASS14D01.V10.A2000001.h23v11.2023058.hdf","https://ndownloader.figshare.com/files/39493027",291465,"figshare/22220125"
"scientific_data","10.1038/s41597-023-02695-x","figshare::22220125::GLASS14D01.V10.A2000001.h24v02.2023058.hdf",NA,NA,NA,NA,NA,NA,TRUE,NA,NA,NA,NA,NA,FALSE,FALSE,"GLASS14D01.V10.A2000001.h24v02.2023058.hdf","https://ndownloader.figshare.com/files/39493030",26740705,"figshare/22220125"
"scientific_data","10.1038/s41597-023-02695-x","figshare::22220125::GLASS14D01.V10.A2000001.h24v03.2023058.hdf",NA,NA,NA,NA,NA,NA,TRUE,NA,NA,NA,NA,NA,FALSE,FALSE,"GLASS14D01.V10.A2000001.h24v03.2023058.hdf","https://ndownloader.figshare.com/files/39493033",34716909,"figshare/22220125"
"scientific_data","10.1038/s41597-023-02695-x","figshare::22220125::GLASS14D01.V10.A2000001.h24v04.2023058.hdf",NA,NA,NA,NA,NA,NA,TRUE,NA,NA,NA,NA,NA,FALSE,FALSE,"GLASS14D01.V10.A2000001.h24v04.2023058.hdf","https://ndownloader.figshare.com/files/39493036",32854528,"figshare/22220125"
"scientific_data","10.1038/s41597-023-02695-x","figshare::22220125::GLASS14D01.V10.A2000001.h24v05.2023058.hdf",NA,NA,NA,NA,NA,NA,TRUE,NA,NA,NA,NA,NA,FALSE,FALSE,"GLASS14D01.V10.A2000001.h24v05.2023058.hdf","https://ndownloader.figshare.com/files/39493039",35349783,"figshare/22220125"
"scientific_data","10.1038/s41597-023-02695-x","figshare::22220125::GLASS14D01.V10.A2000001.h24v06.2023058.hdf",NA,NA,NA,NA,NA,NA,TRUE,NA,NA,NA,NA,NA,FALSE,FALSE,"GLASS14D01.V10.A2000001.h24v06.2023058.hdf","https://ndownloader.figshare.com/files/39493042",29508248,"figshare/22220125"
"scientific_data","10.1038/s41597-023-02695-x","figshare::22220125::GLASS14D01.V10.A2000001.h24v07.2023058.hdf",NA,NA,NA,NA,NA,NA,TRUE,NA,NA,NA,NA,NA,FALSE,FALSE,"GLASS14D01.V10.A2000001.h24v07.2023058.hdf","https://ndownloader.figshare.com/files/39493045",1114826,"figshare/22220125"
"scientific_data","10.1038/s41597-023-02695-x","figshare::22220125::GLASS14D01.V10.A2000001.h24v12.2023058.hdf",NA,NA,NA,NA,NA,NA,TRUE,NA,NA,NA,NA,NA,FALSE,FALSE,"GLASS14D01.V10.A2000001.h24v12.2023058.hdf","https://ndownloader.figshare.com/files/39493048",125379,"figshare/22220125"
"scientific_data","10.1038/s41597-023-02695-x","figshare::22220125::GLASS14D01.V10.A2000001.h25v02.2023058.hdf",NA,NA,NA,NA,NA,NA,TRUE,NA,NA,NA,NA,NA,FALSE,FALSE,"GLASS14D01.V10.A2000001.h25v02.2023058.hdf","https://ndownloader.figshare.com/files/39493051",14379122,"figshare/22220125"
"scientific_data","10.1038/s41597-023-02695-x","figshare::22220125::GLASS14D01.V10.A2000001.h25v03.2023058.hdf",NA,NA,NA,NA,NA,NA,TRUE,NA,NA,NA,NA,NA,FALSE,FALSE,"GLASS14D01.V10.A2000001.h25v03.2023058.hdf","https://ndownloader.figshare.com/files/39493054",28005036,"figshare/22220125"
"scientific_data","10.1038/s41597-023-02695-x","figshare::22220125::GLASS14D01.V10.A2000001.h25v04.2023058.hdf",NA,NA,NA,NA,NA,NA,TRUE,NA,NA,NA,NA,NA,FALSE,FALSE,"GLASS14D01.V10.A2000001.h25v04.2023058.hdf","https://ndownloader.figshare.com/files/39493057",31952875,"figshare/22220125"
"scientific_data","10.1038/s41597-023-02695-x","figshare::22220125::GLASS14D01.V10.A2000001.h25v05.2023058.hdf",NA,NA,NA,NA,NA,NA,TRUE,NA,NA,NA,NA,NA,FALSE,FALSE,"GLASS14D01.V10.A2000001.h25v05.2023058.hdf","https://ndownloader.figshare.com/files/39493060",33838160,"figshare/22220125"
"scientific_data","10.1038/s41597-023-02695-x","figshare::22220125::GLASS14D01.V10.A2000001.h25v06.2023058.hdf",NA,NA,NA,NA,NA,NA,TRUE,NA,NA,NA,NA,NA,FALSE,FALSE,"GLASS14D01.V10.A2000001.h25v06.2023058.hdf","https://ndownloader.figshare.com/files/39493063",37985278,"figshare/22220125"
"scientific_data","10.1038/s41597-023-02695-x","figshare::22220125::GLASS14D01.V10.A2000001.h25v07.2023058.hdf",NA,NA,NA,NA,NA,NA,TRUE,NA,NA,NA,NA,NA,FALSE,FALSE,"GLASS14D01.V10.A2000001.h25v07.2023058.hdf","https://ndownloader.figshare.com/files/39493066",26118073,"figshare/22220125"
"scientific_data","10.1038/s41597-023-02695-x","figshare::22220125::GLASS14D01.V10.A2000001.h25v09.2023058.hdf",NA,NA,NA,NA,NA,NA,TRUE,NA,NA,NA,NA,NA,FALSE,FALSE,"GLASS14D01.V10.A2000001.h25v09.2023058.hdf","https://ndownloader.figshare.com/files/39493069",140031,"figshare/22220125"
"scientific_data","10.1038/s41597-023-02695-x","figshare::22220125::GLASS14D01.V10.A2000001.h26v02.2023058.hdf",NA,NA,NA,NA,NA,NA,TRUE,NA,NA,NA,NA,NA,FALSE,FALSE,"GLASS14D01.V10.A2000001.h26v02.2023058.hdf","https://ndownloader.figshare.com/files/39493072",2914192,"figshare/22220125"
"scientific_data","10.1038/s41597-023-02695-x","figshare::22220125::GLASS14D01.V10.A2000001.h25v08.2023058.hdf",NA,NA,NA,NA,NA,NA,TRUE,NA,NA,NA,NA,NA,FALSE,FALSE,"GLASS14D01.V10.A2000001.h25v08.2023058.hdf","https://ndownloader.figshare.com/files/39493075",2853543,"figshare/22220125"
"scientific_data","10.1038/s41597-023-02695-x","figshare::22220125::GLASS14D01.V10.A2000001.h26v03.2023058.hdf",NA,NA,NA,NA,NA,NA,TRUE,NA,NA,NA,NA,NA,FALSE,FALSE,"GLASS14D01.V10.A2000001.h26v03.2023058.hdf","https://ndownloader.figshare.com/files/39493078",15164222,"figshare/22220125"
"scientific_data","10.1038/s41597-023-02695-x","figshare::22220125::GLASS14D01.V10.A2000001.h26v04.2023058.hdf",NA,NA,NA,NA,NA,NA,TRUE,NA,NA,NA,NA,NA,FALSE,FALSE,"GLASS14D01.V10.A2000001.h26v04.2023058.hdf","https://ndownloader.figshare.com/files/39493081",33854014,"figshare/22220125"
"scientific_data","10.1038/s41597-023-02695-x","figshare::22220125::GLASS14D01.V10.A2000001.h26v05.2023058.hdf",NA,NA,NA,NA,NA,NA,TRUE,NA,NA,NA,NA,NA,FALSE,FALSE,"GLASS14D01.V10.A2000001.h26v05.2023058.hdf","https://ndownloader.figshare.com/files/39493084",34980687,"figshare/22220125"
"scientific_data","10.1038/s41597-023-02695-x","figshare::22220125::GLASS14D01.V10.A2000001.h26v06.2023058.hdf",NA,NA,NA,NA,NA,NA,TRUE,NA,NA,NA,NA,NA,FALSE,FALSE,"GLASS14D01.V10.A2000001.h26v06.2023058.hdf","https://ndownloader.figshare.com/files/39493087",35744193,"figshare/22220125"
"scientific_data","10.1038/s41597-023-02695-x","figshare::22220125::GLASS14D01.V10.A2000001.h26v07.2023058.hdf",NA,NA,NA,NA,NA,NA,TRUE,NA,NA,NA,NA,NA,FALSE,FALSE,"GLASS14D01.V10.A2000001.h26v07.2023058.hdf","https://ndownloader.figshare.com/files/39493090",1352050,"figshare/22220125"
"scientific_data","10.1038/s41597-023-02695-x","figshare::22220125::GLASS14D01.V10.A2000001.h26v08.2023058.hdf",NA,NA,NA,NA,NA,NA,TRUE,NA,NA,NA,NA,NA,FALSE,FALSE,"GLASS14D01.V10.A2000001.h26v08.2023058.hdf","https://ndownloader.figshare.com/files/39493093",1137265,"figshare/22220125"
"scientific_data","10.1038/s41597-023-02695-x","figshare::22220125::GLASS14D01.V10.A2000001.h27v03.2023058.hdf",NA,NA,NA,NA,NA,NA,TRUE,NA,NA,NA,NA,NA,FALSE,FALSE,"GLASS14D01.V10.A2000001.h27v03.2023058.hdf","https://ndownloader.figshare.com/files/39493096",4043870,"figshare/22220125"
"scientific_data","10.1038/s41597-023-02695-x","figshare::22220125::GLASS14D01.V10.A2000001.h27v04.2023058.hdf",NA,NA,NA,NA,NA,NA,TRUE,NA,NA,NA,NA,NA,FALSE,FALSE,"GLASS14D01.V10.A2000001.h27v04.2023058.hdf","https://ndownloader.figshare.com/files/39493099",21735527,"figshare/22220125"
"scientific_data","10.1038/s41597-023-02695-x","figshare::22220125::GLASS14D01.V10.A2000001.h27v05.2023058.hdf",NA,NA,NA,NA,NA,NA,TRUE,NA,NA,NA,NA,NA,FALSE,FALSE,"GLASS14D01.V10.A2000001.h27v05.2023058.hdf","https://ndownloader.figshare.com/files/39493102",28465615,"figshare/22220125"
"scientific_data","10.1038/s41597-023-02695-x","figshare::22220125::GLASS14D01.V10.A2000001.h27v06.2023058.hdf",NA,NA,NA,NA,NA,NA,TRUE,NA,NA,NA,NA,NA,FALSE,FALSE,"GLASS14D01.V10.A2000001.h27v06.2023058.hdf","https://ndownloader.figshare.com/files/39493105",37740440,"figshare/22220125"
"scientific_data","10.1038/s41597-023-02695-x","figshare::22220125::GLASS14D01.V10.A2000001.h27v07.2023058.hdf",NA,NA,NA,NA,NA,NA,TRUE,NA,NA,NA,NA,NA,FALSE,FALSE,"GLASS14D01.V10.A2000001.h27v07.2023058.hdf","https://ndownloader.figshare.com/files/39493108",23327973,"figshare/22220125"
"scientific_data","10.1038/s41597-023-02695-x","figshare::22220125::GLASS14D01.V10.A2000001.h27v08.2023058.hdf",NA,NA,NA,NA,NA,NA,TRUE,NA,NA,NA,NA,NA,FALSE,FALSE,"GLASS14D01.V10.A2000001.h27v08.2023058.hdf","https://ndownloader.figshare.com/files/39493111",6513326,"figshare/22220125"
"scientific_data","10.1038/s41597-023-02695-x","figshare::22220125::GLASS14D01.V10.A2000001.h27v09.2023058.hdf",NA,NA,NA,NA,NA,NA,TRUE,NA,NA,NA,NA,NA,FALSE,FALSE,"GLASS14D01.V10.A2000001.h27v09.2023058.hdf","https://ndownloader.figshare.com/files/39493114",406468,"figshare/22220125"
"scientific_data","10.1038/s41597-023-02695-x","figshare::22220125::GLASS14D01.V10.A2000001.h27v10.2023058.hdf",NA,NA,NA,NA,NA,NA,TRUE,NA,NA,NA,NA,NA,FALSE,FALSE,"GLASS14D01.V10.A2000001.h27v10.2023058.hdf","https://ndownloader.figshare.com/files/39493117",124866,"figshare/22220125"
"scientific_data","10.1038/s41597-023-02695-x","figshare::22220125::GLASS14D01.V10.A2000001.h27v11.2023058.hdf",NA,NA,NA,NA,NA,NA,TRUE,NA,NA,NA,NA,NA,FALSE,FALSE,"GLASS14D01.V10.A2000001.h27v11.2023058.hdf","https://ndownloader.figshare.com/files/39493120",163100,"figshare/22220125"
"scientific_data","10.1038/s41597-023-02695-x","figshare::22220125::GLASS14D01.V10.A2000001.h27v12.2023058.hdf",NA,NA,NA,NA,NA,NA,TRUE,NA,NA,NA,NA,NA,FALSE,FALSE,"GLASS14D01.V10.A2000001.h27v12.2023058.hdf","https://ndownloader.figshare.com/files/39493123",4460818,"figshare/22220125"
"scientific_data","10.1038/s41597-023-02695-x","figshare::22220125::GLASS14D01.V10.A2000001.h27v14.2023058.hdf",NA,NA,NA,NA,NA,NA,TRUE,NA,NA,NA,NA,NA,FALSE,FALSE,"GLASS14D01.V10.A2000001.h27v14.2023058.hdf","https://ndownloader.figshare.com/files/39493126",133522,"figshare/22220125"
"scientific_data","10.1038/s41597-023-02695-x","figshare::22220125::GLASS14D01.V10.A2000001.h28v03.2023058.hdf",NA,NA,NA,NA,NA,NA,TRUE,NA,NA,NA,NA,NA,FALSE,FALSE,"GLASS14D01.V10.A2000001.h28v03.2023058.hdf","https://ndownloader.figshare.com/files/39493129",192498,"figshare/22220125"
"scientific_data","10.1038/s41597-023-02695-x","figshare::22220125::GLASS14D01.V10.A2000001.h28v04.2023058.hdf",NA,NA,NA,NA,NA,NA,TRUE,NA,NA,NA,NA,NA,FALSE,FALSE,"GLASS14D01.V10.A2000001.h28v04.2023058.hdf","https://ndownloader.figshare.com/files/39493132",3548255,"figshare/22220125"
"scientific_data","10.1038/s41597-023-02695-x","figshare::22220125::GLASS14D01.V10.A2000001.h28v05.2023058.hdf",NA,NA,NA,NA,NA,NA,TRUE,NA,NA,NA,NA,NA,FALSE,FALSE,"GLASS14D01.V10.A2000001.h28v05.2023058.hdf","https://ndownloader.figshare.com/files/39493135",10793369,"figshare/22220125"
"scientific_data","10.1038/s41597-023-02695-x","figshare::22220125::GLASS14D01.V10.A2000001.h28v06.2023058.hdf",NA,NA,NA,NA,NA,NA,TRUE,NA,NA,NA,NA,NA,FALSE,FALSE,"GLASS14D01.V10.A2000001.h28v06.2023058.hdf","https://ndownloader.figshare.com/files/39493138",22934395,"figshare/22220125"
"scientific_data","10.1038/s41597-023-02695-x","figshare::22220125::GLASS14D01.V10.A2000001.h28v07.2023058.hdf",NA,NA,NA,NA,NA,NA,TRUE,NA,NA,NA,NA,NA,FALSE,FALSE,"GLASS14D01.V10.A2000001.h28v07.2023058.hdf","https://ndownloader.figshare.com/files/39493141",16442803,"figshare/22220125"
"scientific_data","10.1038/s41597-023-02695-x","figshare::22220125::GLASS14D01.V10.A2000001.h28v08.2023058.hdf",NA,NA,NA,NA,NA,NA,TRUE,NA,NA,NA,NA,NA,FALSE,FALSE,"GLASS14D01.V10.A2000001.h28v08.2023058.hdf","https://ndownloader.figshare.com/files/39493144",8906851,"figshare/22220125"
"scientific_data","10.1038/s41597-023-02695-x","figshare::22220125::GLASS14D01.V10.A2000001.h28v09.2023058.hdf",NA,NA,NA,NA,NA,NA,TRUE,NA,NA,NA,NA,NA,FALSE,FALSE,"GLASS14D01.V10.A2000001.h28v09.2023058.hdf","https://ndownloader.figshare.com/files/39493147",11692922,"figshare/22220125"
"scientific_data","10.1038/s41597-023-02695-x","figshare::22220125::GLASS14D01.V10.A2000001.h28v10.2023058.hdf",NA,NA,NA,NA,NA,NA,TRUE,NA,NA,NA,NA,NA,FALSE,FALSE,"GLASS14D01.V10.A2000001.h28v10.2023058.hdf","https://ndownloader.figshare.com/files/39493150",129324,"figshare/22220125"
"scientific_data","10.1038/s41597-023-02695-x","figshare::22220125::GLASS14D01.V10.A2000001.h28v11.2023058.hdf",NA,NA,NA,NA,NA,NA,TRUE,NA,NA,NA,NA,NA,FALSE,FALSE,"GLASS14D01.V10.A2000001.h28v11.2023058.hdf","https://ndownloader.figshare.com/files/39493153",21757755,"figshare/22220125"
"scientific_data","10.1038/s41597-023-02695-x","figshare::22220125::GLASS14D01.V10.A2000001.h28v12.2023058.hdf",NA,NA,NA,NA,NA,NA,TRUE,NA,NA,NA,NA,NA,FALSE,FALSE,"GLASS14D01.V10.A2000001.h28v12.2023058.hdf","https://ndownloader.figshare.com/files/39493156",10214244,"figshare/22220125"
"scientific_data","10.1038/s41597-023-02695-x","figshare::22220125::GLASS14D01.V10.A2000001.h28v13.2023058.hdf",NA,NA,NA,NA,NA,NA,TRUE,NA,NA,NA,NA,NA,FALSE,FALSE,"GLASS14D01.V10.A2000001.h28v13.2023058.hdf","https://ndownloader.figshare.com/files/39493159",1884679,"figshare/22220125"
"scientific_data","10.1038/s41597-023-02695-x","figshare::22220125::GLASS14D01.V10.A2000001.h28v14.2023058.hdf",NA,NA,NA,NA,NA,NA,TRUE,NA,NA,NA,NA,NA,FALSE,FALSE,"GLASS14D01.V10.A2000001.h28v14.2023058.hdf","https://ndownloader.figshare.com/files/39493162",168133,"figshare/22220125"
"scientific_data","10.1038/s41597-023-02695-x","figshare::22220125::GLASS14D01.V10.A2000001.h29v03.2023058.hdf",NA,NA,NA,NA,NA,NA,TRUE,NA,NA,NA,NA,NA,FALSE,FALSE,"GLASS14D01.V10.A2000001.h29v03.2023058.hdf","https://ndownloader.figshare.com/files/39493165",156644,"figshare/22220125"
"scientific_data","10.1038/s41597-023-02695-x","figshare::22220125::GLASS14D01.V10.A2000001.h29v05.2023058.hdf",NA,NA,NA,NA,NA,NA,TRUE,NA,NA,NA,NA,NA,FALSE,FALSE,"GLASS14D01.V10.A2000001.h29v05.2023058.hdf","https://ndownloader.figshare.com/files/39493168",6521051,"figshare/22220125"
"scientific_data","10.1038/s41597-023-02695-x","figshare::22220125::GLASS14D01.V10.A2000001.h29v06.2023058.hdf",NA,NA,NA,NA,NA,NA,TRUE,NA,NA,NA,NA,NA,FALSE,FALSE,"GLASS14D01.V10.A2000001.h29v06.2023058.hdf","https://ndownloader.figshare.com/files/39493171",1522214,"figshare/22220125"
"scientific_data","10.1038/s41597-023-02695-x","figshare::22220125::GLASS14D01.V10.A2000001.h29v07.2023058.hdf",NA,NA,NA,NA,NA,NA,TRUE,NA,NA,NA,NA,NA,FALSE,FALSE,"GLASS14D01.V10.A2000001.h29v07.2023058.hdf","https://ndownloader.figshare.com/files/39493174",4721977,"figshare/22220125"
"scientific_data","10.1038/s41597-023-02695-x","figshare::22220125::GLASS14D01.V10.A2000001.h29v08.2023058.hdf",NA,NA,NA,NA,NA,NA,TRUE,NA,NA,NA,NA,NA,FALSE,FALSE,"GLASS14D01.V10.A2000001.h29v08.2023058.hdf","https://ndownloader.figshare.com/files/39493177",14190851,"figshare/22220125"
"scientific_data","10.1038/s41597-023-02695-x","figshare::22220125::GLASS14D01.V10.A2000001.h29v09.2023058.hdf",NA,NA,NA,NA,NA,NA,TRUE,NA,NA,NA,NA,NA,FALSE,FALSE,"GLASS14D01.V10.A2000001.h29v09.2023058.hdf","https://ndownloader.figshare.com/files/39493180",14516727,"figshare/22220125"
"scientific_data","10.1038/s41597-023-02695-x","figshare::22220125::GLASS14D01.V10.A2000001.h29v10.2023058.hdf",NA,NA,NA,NA,NA,NA,TRUE,NA,NA,NA,NA,NA,FALSE,FALSE,"GLASS14D01.V10.A2000001.h29v10.2023058.hdf","https://ndownloader.figshare.com/files/39493183",5814133,"figshare/22220125"
"scientific_data","10.1038/s41597-023-02695-x","figshare::22220125::GLASS14D01.V10.A2000001.h29v11.2023058.hdf",NA,NA,NA,NA,NA,NA,TRUE,NA,NA,NA,NA,NA,FALSE,FALSE,"GLASS14D01.V10.A2000001.h29v11.2023058.hdf","https://ndownloader.figshare.com/files/39493186",32224351,"figshare/22220125"
"scientific_data","10.1038/s41597-023-02695-x","figshare::22220125::GLASS14D01.V10.A2000001.h29v12.2023058.hdf",NA,NA,NA,NA,NA,NA,TRUE,NA,NA,NA,NA,NA,FALSE,FALSE,"GLASS14D01.V10.A2000001.h29v12.2023058.hdf","https://ndownloader.figshare.com/files/39493189",23409280,"figshare/22220125"
"scientific_data","10.1038/s41597-023-02695-x","figshare::22220125::GLASS14D01.V10.A2000001.h29v13.2023058.hdf",NA,NA,NA,NA,NA,NA,TRUE,NA,NA,NA,NA,NA,FALSE,FALSE,"GLASS14D01.V10.A2000001.h29v13.2023058.hdf","https://ndownloader.figshare.com/files/39493192",2560437,"figshare/22220125"
"scientific_data","10.1038/s41597-023-02695-x","figshare::22220125::GLASS14D01.V10.A2000001.h30v05.2023058.hdf",NA,NA,NA,NA,NA,NA,TRUE,NA,NA,NA,NA,NA,FALSE,FALSE,"GLASS14D01.V10.A2000001.h30v05.2023058.hdf","https://ndownloader.figshare.com/files/39493195",121090,"figshare/22220125"
"scientific_data","10.1038/s41597-023-02695-x","figshare::22220125::GLASS14D01.V10.A2000001.h30v06.2023058.hdf",NA,NA,NA,NA,NA,NA,TRUE,NA,NA,NA,NA,NA,FALSE,FALSE,"GLASS14D01.V10.A2000001.h30v06.2023058.hdf","https://ndownloader.figshare.com/files/39493198",136908,"figshare/22220125"
"scientific_data","10.1038/s41597-023-02695-x","figshare::22220125::GLASS14D01.V10.A2000001.h30v07.2023058.hdf",NA,NA,NA,NA,NA,NA,TRUE,NA,NA,NA,NA,NA,FALSE,FALSE,"GLASS14D01.V10.A2000001.h30v07.2023058.hdf","https://ndownloader.figshare.com/files/39493201",2125612,"figshare/22220125"
"scientific_data","10.1038/s41597-023-02695-x","figshare::22220125::GLASS14D01.V10.A2000001.h30v08.2023058.hdf",NA,NA,NA,NA,NA,NA,TRUE,NA,NA,NA,NA,NA,FALSE,FALSE,"GLASS14D01.V10.A2000001.h30v08.2023058.hdf","https://ndownloader.figshare.com/files/39493204",6085232,"figshare/22220125"
"scientific_data","10.1038/s41597-023-02695-x","figshare::22220125::GLASS14D01.V10.A2000001.h30v09.2023058.hdf",NA,NA,NA,NA,NA,NA,TRUE,NA,NA,NA,NA,NA,FALSE,FALSE,"GLASS14D01.V10.A2000001.h30v09.2023058.hdf","https://ndownloader.figshare.com/files/39493207",6435314,"figshare/22220125"
"scientific_data","10.1038/s41597-023-02695-x","figshare::22220125::GLASS14D01.V10.A2000001.h30v10.2023058.hdf",NA,NA,NA,NA,NA,NA,TRUE,NA,NA,NA,NA,NA,FALSE,FALSE,"GLASS14D01.V10.A2000001.h30v10.2023058.hdf","https://ndownloader.figshare.com/files/39493210",24047695,"figshare/22220125"
"scientific_data","10.1038/s41597-023-02695-x","figshare::22220125::GLASS14D01.V10.A2000001.h30v11.2023058.hdf",NA,NA,NA,NA,NA,NA,TRUE,NA,NA,NA,NA,NA,FALSE,FALSE,"GLASS14D01.V10.A2000001.h30v11.2023058.hdf","https://ndownloader.figshare.com/files/39493213",34705149,"figshare/22220125"
"scientific_data","10.1038/s41597-023-02695-x","figshare::22220125::GLASS14D01.V10.A2000001.h30v12.2023058.hdf",NA,NA,NA,NA,NA,NA,TRUE,NA,NA,NA,NA,NA,FALSE,FALSE,"GLASS14D01.V10.A2000001.h30v12.2023058.hdf","https://ndownloader.figshare.com/files/39493216",15880913,"figshare/22220125"
"scientific_data","10.1038/s41597-023-02695-x","figshare::22220125::GLASS14D01.V10.A2000001.h30v13.2023058.hdf",NA,NA,NA,NA,NA,NA,TRUE,NA,NA,NA,NA,NA,FALSE,FALSE,"GLASS14D01.V10.A2000001.h30v13.2023058.hdf","https://ndownloader.figshare.com/files/39493219",3271654,"figshare/22220125"
"scientific_data","10.1038/s41597-023-02695-x","figshare::22220125::GLASS14D01.V10.A2000001.h31v06.2023058.hdf",NA,NA,NA,NA,NA,NA,TRUE,NA,NA,NA,NA,NA,FALSE,FALSE,"GLASS14D01.V10.A2000001.h31v06.2023058.hdf","https://ndownloader.figshare.com/files/39493222",121719,"figshare/22220125"
"scientific_data","10.1038/s41597-023-02695-x","figshare::22220125::GLASS14D01.V10.A2000001.h31v07.2023058.hdf",NA,NA,NA,NA,NA,NA,TRUE,NA,NA,NA,NA,NA,FALSE,FALSE,"GLASS14D01.V10.A2000001.h31v07.2023058.hdf","https://ndownloader.figshare.com/files/39493225",136775,"figshare/22220125"
"scientific_data","10.1038/s41597-023-02695-x","figshare::22220125::GLASS14D01.V10.A2000001.h31v08.2023058.hdf",NA,NA,NA,NA,NA,NA,TRUE,NA,NA,NA,NA,NA,FALSE,FALSE,"GLASS14D01.V10.A2000001.h31v08.2023058.hdf","https://ndownloader.figshare.com/files/39493228",181290,"figshare/22220125"
"scientific_data","10.1038/s41597-023-02695-x","figshare::22220125::GLASS14D01.V10.A2000001.h31v09.2023058.hdf",NA,NA,NA,NA,NA,NA,TRUE,NA,NA,NA,NA,NA,FALSE,FALSE,"GLASS14D01.V10.A2000001.h31v09.2023058.hdf","https://ndownloader.figshare.com/files/39493231",13948062,"figshare/22220125"
"scientific_data","10.1038/s41597-023-02695-x","figshare::22220125::GLASS14D01.V10.A2000001.h31v10.2023058.hdf",NA,NA,NA,NA,NA,NA,TRUE,NA,NA,NA,NA,NA,FALSE,FALSE,"GLASS14D01.V10.A2000001.h31v10.2023058.hdf","https://ndownloader.figshare.com/files/39493234",20404115,"figshare/22220125"
"scientific_data","10.1038/s41597-023-02695-x","figshare::22220125::GLASS14D01.V10.A2000001.h31v11.2023058.hdf",NA,NA,NA,NA,NA,NA,TRUE,NA,NA,NA,NA,NA,FALSE,FALSE,"GLASS14D01.V10.A2000001.h31v11.2023058.hdf","https://ndownloader.figshare.com/files/39493237",28386930,"figshare/22220125"
"scientific_data","10.1038/s41597-023-02695-x","figshare::22220125::GLASS14D01.V10.A2000001.h31v12.2023058.hdf",NA,NA,NA,NA,NA,NA,TRUE,NA,NA,NA,NA,NA,FALSE,FALSE,"GLASS14D01.V10.A2000001.h31v12.2023058.hdf","https://ndownloader.figshare.com/files/39493240",3607446,"figshare/22220125"
"scientific_data","10.1038/s41597-023-02695-x","figshare::22220125::GLASS14D01.V10.A2000001.h31v13.2023058.hdf",NA,NA,NA,NA,NA,NA,TRUE,NA,NA,NA,NA,NA,FALSE,FALSE,"GLASS14D01.V10.A2000001.h31v13.2023058.hdf","https://ndownloader.figshare.com/files/39493243",1086027,"figshare/22220125"
"scientific_data","10.1038/s41597-023-02695-x","figshare::22220125::GLASS14D01.V10.A2000001.h32v07.2023058.hdf",NA,NA,NA,NA,NA,NA,TRUE,NA,NA,NA,NA,NA,FALSE,FALSE,"GLASS14D01.V10.A2000001.h32v07.2023058.hdf","https://ndownloader.figshare.com/files/39493246",170761,"figshare/22220125"
"scientific_data","10.1038/s41597-023-02695-x","figshare::22220125::GLASS14D01.V10.A2000001.h32v08.2023058.hdf",NA,NA,NA,NA,NA,NA,TRUE,NA,NA,NA,NA,NA,FALSE,FALSE,"GLASS14D01.V10.A2000001.h32v08.2023058.hdf","https://ndownloader.figshare.com/files/39493249",129701,"figshare/22220125"
"scientific_data","10.1038/s41597-023-02695-x","figshare::22220125::GLASS14D01.V10.A2000001.h32v09.2023058.hdf",NA,NA,NA,NA,NA,NA,TRUE,NA,NA,NA,NA,NA,FALSE,FALSE,"GLASS14D01.V10.A2000001.h32v09.2023058.hdf","https://ndownloader.figshare.com/files/39493252",14334127,"figshare/22220125"
"scientific_data","10.1038/s41597-023-02695-x","figshare::22220125::GLASS14D01.V10.A2000001.h32v10.2023058.hdf",NA,NA,NA,NA,NA,NA,TRUE,NA,NA,NA,NA,NA,FALSE,FALSE,"GLASS14D01.V10.A2000001.h32v10.2023058.hdf","https://ndownloader.figshare.com/files/39493255",719814,"figshare/22220125"
"scientific_data","10.1038/s41597-023-02695-x","figshare::22220125::GLASS14D01.V10.A2000001.h32v11.2023058.hdf",NA,NA,NA,NA,NA,NA,TRUE,NA,NA,NA,NA,NA,FALSE,FALSE,"GLASS14D01.V10.A2000001.h32v11.2023058.hdf","https://ndownloader.figshare.com/files/39493258",124092,"figshare/22220125"
"scientific_data","10.1038/s41597-023-02695-x","figshare::22220125::GLASS14D01.V10.A2000001.h32v12.2023058.hdf",NA,NA,NA,NA,NA,NA,TRUE,NA,NA,NA,NA,NA,FALSE,FALSE,"GLASS14D01.V10.A2000001.h32v12.2023058.hdf","https://ndownloader.figshare.com/files/39493261",976471,"figshare/22220125"
"scientific_data","10.1038/s41597-023-02695-x","figshare::22220125::GLASS14D01.V10.A2000001.h33v07.2023058.hdf",NA,NA,NA,NA,NA,NA,TRUE,NA,NA,NA,NA,NA,FALSE,FALSE,"GLASS14D01.V10.A2000001.h33v07.2023058.hdf","https://ndownloader.figshare.com/files/39493264",125234,"figshare/22220125"
"scientific_data","10.1038/s41597-023-02695-x","figshare::22220125::GLASS14D01.V10.A2000001.h33v08.2023058.hdf",NA,NA,NA,NA,NA,NA,TRUE,NA,NA,NA,NA,NA,FALSE,FALSE,"GLASS14D01.V10.A2000001.h33v08.2023058.hdf","https://ndownloader.figshare.com/files/39493267",170128,"figshare/22220125"
"scientific_data","10.1038/s41597-023-02695-x","figshare::22220125::GLASS14D01.V10.A2000001.h33v09.2023058.hdf",NA,NA,NA,NA,NA,NA,TRUE,NA,NA,NA,NA,NA,FALSE,FALSE,"GLASS14D01.V10.A2000001.h33v09.2023058.hdf","https://ndownloader.figshare.com/files/39493270",2516151,"figshare/22220125"
"scientific_data","10.1038/s41597-023-02695-x","figshare::22220125::GLASS14D01.V10.A2000001.h33v10.2023058.hdf",NA,NA,NA,NA,NA,NA,TRUE,NA,NA,NA,NA,NA,FALSE,FALSE,"GLASS14D01.V10.A2000001.h33v10.2023058.hdf","https://ndownloader.figshare.com/files/39493273",400840,"figshare/22220125"
"scientific_data","10.1038/s41597-023-02695-x","figshare::22220125::GLASS14D01.V10.A2000001.h33v11.2023058.hdf",NA,NA,NA,NA,NA,NA,TRUE,NA,NA,NA,NA,NA,FALSE,FALSE,"GLASS14D01.V10.A2000001.h33v11.2023058.hdf","https://ndownloader.figshare.com/files/39493276",869863,"figshare/22220125"
"scientific_data","10.1038/s41597-023-02695-x","figshare::22220125::GLASS14D01.V10.A2000001.h34v07.2023058.hdf",NA,NA,NA,NA,NA,NA,TRUE,NA,NA,NA,NA,NA,FALSE,FALSE,"GLASS14D01.V10.A2000001.h34v07.2023058.hdf","https://ndownloader.figshare.com/files/39493279",141900,"figshare/22220125"
"scientific_data","10.1038/s41597-023-02695-x","figshare::22267048::glass_vi_005010025.zip",NA,NA,NA,NA,NA,NA,TRUE,NA,NA,NA,NA,NA,FALSE,FALSE,"glass_vi_005010025.zip","https://ndownloader.figshare.com/files/39585067",1744689558,"figshare/22267048"
"scientific_data","10.1038/s41597-025-05509-4","zenodo::3934575::meireles/spectrolab-CRAN-v0.0.9.zip",NA,NA,NA,NA,NA,NA,TRUE,NA,NA,NA,NA,NA,FALSE,FALSE,"meireles/spectrolab-CRAN-v0.0.9.zip","https://zenodo.org/api/records/3934575/files/meireles/spectrolab-CRAN-v0.0.9.zip/content",2987369,"zenodo/3934575"
"scientific_data","10.1038/s41597-025-05509-4","zenodo::15342255::Plant-Functional-Trait-Course/PFTC6_Norway-v.0.0.3.zip",NA,NA,NA,NA,NA,NA,TRUE,NA,NA,NA,NA,NA,FALSE,FALSE,"Plant-Functional-Trait-Course/PFTC6_Norway-v.0.0.3.zip","https://zenodo.org/api/records/15743749/files/Plant-Functional-Trait-Course/PFTC6_Norway-v.0.0.3.zip/content",12680745,"zenodo/15342255"
"scientific_data","10.1038/s41597-025-05509-4","zenodo::15387073::MichaletzLab/PFTC6-AT-cleaning-v1.0.0.zip",NA,NA,NA,NA,NA,NA,TRUE,NA,NA,NA,NA,NA,FALSE,FALSE,"MichaletzLab/PFTC6-AT-cleaning-v1.0.0.zip","https://zenodo.org/api/records/15387073/files/MichaletzLab/PFTC6-AT-cleaning-v1.0.0.zip/content",11116,"zenodo/15387073"
"scientific_data","10.1038/s41597-025-05509-4","zenodo::15381031::MichaletzLab/PFTC6-hyperspec-v1.0.zip",NA,NA,NA,NA,NA,NA,TRUE,NA,NA,NA,NA,NA,FALSE,FALSE,"MichaletzLab/PFTC6-hyperspec-v1.0.zip","https://zenodo.org/api/records/15381031/files/MichaletzLab/PFTC6-hyperspec-v1.0.zip/content",3330508,"zenodo/15381031"
"scientific_data","10.1038/s41597-025-05509-4","zenodo::15365536::Plant-Functional-Trait-Course/PFTC6_carbongroup-1.0.0.zip",NA,NA,NA,NA,NA,NA,TRUE,NA,NA,NA,NA,NA,FALSE,FALSE,"Plant-Functional-Trait-Course/PFTC6_carbongroup-1.0.0.zip","https://zenodo.org/api/records/15366133/files/Plant-Functional-Trait-Course/PFTC6_carbongroup-1.0.0.zip/content",52147,"zenodo/15365536"
"scientific_data","10.1038/s41597-023-02467-7","zenodo::8102139::Plant-Functional-Trait-Course/pftc3_punaproject_pftc5-V0.1.zip",NA,NA,NA,NA,NA,NA,TRUE,NA,NA,NA,NA,NA,FALSE,FALSE,"Plant-Functional-Trait-Course/pftc3_punaproject_pftc5-V0.1.zip","https://zenodo.org/api/records/8102139/files/Plant-Functional-Trait-Course/pftc3_punaproject_pftc5-V0.1.zip/content",2196056,"zenodo/8102139"
"scientific_data","10.1038/s41597-023-02467-7","zenodo::8239015::Plant-Functional-Trait-Course/PFTC4_svalbard-v0.3.zip",NA,NA,NA,NA,NA,NA,TRUE,NA,NA,NA,NA,NA,FALSE,FALSE,"Plant-Functional-Trait-Course/PFTC4_svalbard-v0.3.zip","https://zenodo.org/api/records/8239015/files/Plant-Functional-Trait-Course/PFTC4_svalbard-v0.3.zip/content",3623247,"zenodo/8239015"
"scientific_data","10.1038/s41597-025-06045-x","zenodo::3934575::meireles/spectrolab-CRAN-v0.0.9.zip",NA,NA,NA,NA,NA,NA,TRUE,NA,NA,NA,NA,NA,FALSE,FALSE,"meireles/spectrolab-CRAN-v0.0.9.zip","https://zenodo.org/api/records/3934575/files/meireles/spectrolab-CRAN-v0.0.9.zip/content",2987369,"zenodo/3934575"
"scientific_data","10.1038/s41597-025-06045-x","zenodo::1069704::gtatters/Thermimage-v4.1.3.zip",NA,NA,NA,NA,NA,NA,TRUE,NA,NA,NA,NA,NA,FALSE,FALSE,"gtatters/Thermimage-v4.1.3.zip","https://zenodo.org/api/records/5525416/files/gtatters/Thermimage-v4.1.3.zip/content",17254892,"zenodo/1069704"
"scientific_data","10.1038/s41597-025-06045-x","zenodo::15793031::MichaletzLab/PFTC7-2023-Group2-v1.0.zip",NA,NA,NA,NA,NA,NA,TRUE,NA,NA,NA,NA,NA,FALSE,FALSE,"MichaletzLab/PFTC7-2023-Group2-v1.0.zip","https://zenodo.org/api/records/15793032/files/MichaletzLab/PFTC7-2023-Group2-v1.0.zip/content",6398484,"zenodo/15793031"
"scientific_data","10.1038/s41597-025-06045-x","zenodo::15906869::Plant-Functional-Trait-Course/pftc7_south_africa-v.0.0.1.zip",NA,NA,NA,NA,NA,NA,TRUE,NA,NA,NA,NA,NA,FALSE,FALSE,"Plant-Functional-Trait-Course/pftc7_south_africa-v.0.0.1.zip","https://zenodo.org/api/records/15906869/files/Plant-Functional-Trait-Course/pftc7_south_africa-v.0.0.1.zip/content",2862522,"zenodo/15906869"
"scientific_data","10.1038/s41597-025-06045-x","zenodo::15882216::jwieczor/pftc7_roots-v1.0.3.zip",NA,NA,NA,NA,NA,NA,TRUE,NA,NA,NA,NA,NA,FALSE,FALSE,"jwieczor/pftc7_roots-v1.0.3.zip","https://zenodo.org/api/records/15882216/files/jwieczor/pftc7_roots-v1.0.3.zip/content",878366,"zenodo/15882216"
"scientific_data","10.1038/s41597-025-06045-x","zenodo::15785956::MichaletzLab/pftc7_hyperspectral-v1.zip",NA,NA,NA,NA,NA,NA,TRUE,NA,NA,NA,NA,NA,FALSE,FALSE,"MichaletzLab/pftc7_hyperspectral-v1.zip","https://zenodo.org/api/records/15785957/files/MichaletzLab/pftc7_hyperspectral-v1.zip/content",5815073,"zenodo/15785956"
"scientific_data","10.1038/s41597-025-06045-x","zenodo::15851288::JonasTrepel/PFTC7_fluxes_and_microclimate-v1.0.0.zip",NA,NA,NA,NA,NA,NA,TRUE,NA,NA,NA,NA,NA,FALSE,FALSE,"JonasTrepel/PFTC7_fluxes_and_microclimate-v1.0.0.zip","https://zenodo.org/api/records/15851289/files/JonasTrepel/PFTC7_fluxes_and_microclimate-v1.0.0.zip/content",7527020,"zenodo/15851288"
"scientific_data","10.1038/s41597-024-02980-3","zenodo::10071893::Plant-Functional-Trait-Course/pftc3_punaproject_pftc5-v0.2.zip",NA,NA,NA,NA,NA,NA,TRUE,NA,NA,NA,NA,NA,FALSE,FALSE,"Plant-Functional-Trait-Course/pftc3_punaproject_pftc5-v0.2.zip","https://zenodo.org/api/records/10071893/files/Plant-Functional-Trait-Course/pftc3_punaproject_pftc5-v0.2.zip/content",2198017,"zenodo/10071893"
