"LONGITUDE","LATITUDE","SPECIES","pred_logDDT","se_logDDT"
-170.766,53.436,"Uria aalge",4.574555000077,0.101380143605843
-170.158406779661,53.436,"Uria aalge",4.54963209605103,0.0931195961046858
-169.550813559322,53.436,"Uria aalge",4.52449393161148,0.0870273359926311
-168.943220338983,53.436,"Uria aalge",4.49951370817611,0.0837160917392055
-168.335627118644,53.436,"Uria aalge",4.47519703029742,0.0830385880536832
-167.728033898305,53.436,"Uria aalge",4.45210795395196,0.0835407888060154
-167.120440677966,53.436,"Uria aalge",4.4312399975899,0.0845107202014754
-166.512847457627,53.436,"Uria aalge",4.41393852637062,0.0865774514627574
-165.905254237288,53.436,"Uria aalge",4.40142785497185,0.0899582045421615
-165.297661016949,53.436,"Uria aalge",4.39481652457799,0.094539831312277
-164.69006779661,53.436,"Uria aalge",4.39509172719167,0.100082283557318
-164.082474576271,53.436,"Uria aalge",4.40307532930242,0.106336740154946
-163.474881355932,53.436,"Uria aalge",4.41935242737397,0.113108730006417
-162.867288135593,53.436,"Uria aalge",4.44417900175792,0.120279957482622
-162.259694915254,53.436,"Uria aalge",4.47738493088186,0.127796882202672
-161.652101694915,53.436,"Uria aalge",4.51830230049002,0.135634708634432
-161.044508474576,53.436,"Uria aalge",4.56575591971741,0.143752645331393
-160.436915254237,53.436,"Uria aalge",4.6181422182854,0.152061569071522
-159.829322033898,53.436,"Uria aalge",4.67359296040584,0.160419554956709
-159.221728813559,53.436,"Uria aalge",4.73018590947376,0.168656038520587
-158.61413559322,53.436,"Uria aalge",4.78614643685772,0.176611529999435
-158.006542372881,53.436,"Uria aalge",4.83999203483691,0.184174047077769
-157.398949152542,53.436,"Uria aalge",4.89059833614108,0.191296942904264
-156.791355932203,53.436,"Uria aalge",4.93719404803659,0.197992452754444
-156.183762711864,53.436,"Uria aalge",4.97931011576102,0.204305603010498
-155.576169491525,53.436,"Uria aalge",5.01671217044092,0.210279426524746
-154.968576271186,53.436,"Uria aalge",5.04933939287328,0.215923387233216
-154.360983050847,53.436,"Uria aalge",5.07726363991222,0.221194095352436
-153.753389830508,53.436,"Uria aalge",5.10067375268634,0.225992987320553
-153.14579661017,53.436,"Uria aalge",5.11988192439815,0.230180986806853
-152.53820338983,53.436,"Uria aalge",5.13534130593536,0.233605729098229
-151.930610169492,53.436,"Uria aalge",5.14765780163243,0.236133263059908
-151.323016949153,53.436,"Uria aalge",5.15757808253041,0.237674602410143
-150.715423728814,53.436,"Uria aalge",5.16594393897926,0.238199557274777
-150.107830508475,53.436,"Uria aalge",5.17361848504664,0.237735555172229
-149.500237288136,53.436,"Uria aalge",5.18140373566705,0.236354760168939
-148.892644067797,53.436,"Uria aalge",5.18997261734249,0.23415566538548
-148.285050847458,53.436,"Uria aalge",5.19983035446643,0.231244952798389
-147.677457627119,53.436,"Uria aalge",5.21130733062996,0.227723447630519
-147.06986440678,53.436,"Uria aalge",5.22457581894819,0.223677969579594
-146.462271186441,53.436,"Uria aalge",5.23967951791111,0.219179149809321
-145.854677966102,53.436,"Uria aalge",5.25656620112049,0.214283741317445
-145.247084745763,53.436,"Uria aalge",5.27511716486703,0.209038854777993
-144.639491525424,53.436,"Uria aalge",5.29517048932317,0.203485408637256
-144.031898305085,53.436,"Uria aalge",5.31653754812692,0.197659065329398
-143.424305084746,53.436,"Uria aalge",5.3390135850303,0.191588615910926
-142.816711864407,53.436,"Uria aalge",5.36238372322528,0.18529349325028
-142.209118644068,53.436,"Uria aalge",5.38642578200065,0.178783427518035
-141.601525423729,53.436,"Uria aalge",5.41091104062848,0.172064298302427
-140.99393220339,53.436,"Uria aalge",5.43560384137823,0.165155438555187
-140.386338983051,53.436,"Uria aalge",5.46026081858387,0.158125482572938
-139.778745762712,53.436,"Uria aalge",5.48463069460459,0.151156159162063
-139.171152542373,53.436,"Uria aalge",5.50845611591361,0.144643449516018
-138.563559322034,53.436,"Uria aalge",5.53148002182716,0.139332674277751
-137.955966101695,53.436,"Uria aalge",5.5534604134171,0.136432954663028
-137.348372881356,53.436,"Uria aalge",5.57419801965826,0.137547205881466
-136.740779661017,53.436,"Uria aalge",5.59357794415087,0.144193680170984
-136.133186440678,53.436,"Uria aalge",5.61161407572439,0.156997737507577
-135.525593220339,53.436,"Uria aalge",5.62846647631491,0.175202641477673
-134.918,53.436,"Uria aalge",5.64440103244672,0.197021271606892
-170.766,53.7062711864407,"Uria aalge",4.55170392527419,0.0986768293086306
-170.158406779661,53.7062711864407,"Uria aalge",4.52587685285665,0.0897866206044698
-169.550813559322,53.7062711864407,"Uria aalge",4.49966364435461,0.0830278999667645
-168.943220338983,53.7062711864407,"Uria aalge",4.47344160787453,0.0792327937253202
-168.335627118644,53.7062711864407,"Uria aalge",4.44775839589901,0.0785191820699496
-167.728033898305,53.7062711864407,"Uria aalge",4.42315065406233,0.0791975245386462
-167.120440677966,53.7062711864407,"Uria aalge",4.4006819265193,0.0803938878173564
-166.512847457627,53.7062711864407,"Uria aalge",4.38184467466236,0.0828841383814513
-165.905254237288,53.7062711864407,"Uria aalge",4.3679195170346,0.0867357348437038
-165.297661016949,53.7062711864407,"Uria aalge",4.36007944975173,0.0917308610408269
-164.69006779661,53.7062711864407,"Uria aalge",4.35938616379685,0.0975730627631497
-164.082474576271,53.7062711864407,"Uria aalge",4.36674450633385,0.10399407595715
-163.474881355932,53.7062711864407,"Uria aalge",4.38282440299695,0.110806344645619
-162.867288135593,53.7062711864407,"Uria aalge",4.40795397748061,0.117917731394325
-162.259694915254,53.7062711864407,"Uria aalge",4.44200049481945,0.125313454709376
-161.652101694915,53.7062711864407,"Uria aalge",4.48427503911052,0.133009788547013
-161.044508474576,53.7062711864407,"Uria aalge",4.5335091608081,0.140996153686888
-160.436915254237,53.7062711864407,"Uria aalge",4.58794046313298,0.149192857811672
-159.829322033898,53.7062711864407,"Uria aalge",4.64550531201781,0.157445670497186
-159.221728813559,53.7062711864407,"Uria aalge",4.70409040470843,0.165558355371071
-158.61413559322,53.7062711864407,"Uria aalge",4.7617707750009,0.173345524254587
-158.006542372881,53.7062711864407,"Uria aalge",4.8169736943148,0.180680821179855
-157.398949152542,53.7062711864407,"Uria aalge",4.86854423733261,0.187520489928935
-156.791355932203,53.7062711864407,"Uria aalge",4.91572555915385,0.193895451137311
-156.183762711864,53.7062711864407,"Uria aalge",4.9580880340781,0.199878542262746
-155.576169491525,53.7062711864407,"Uria aalge",4.99544352698686,0.205541204882696
-154.968576271186,53.7062711864407,"Uria aalge",5.02777171512055,0.210914400588483
-154.360983050847,53.7062711864407,"Uria aalge",5.05517342508723,0.215964573018009
-153.753389830508,53.7062711864407,"Uria aalge",5.07785580131268,0.22059008739854
-153.14579661017,53.7062711864407,"Uria aalge",5.0961454654879,0.224638235776059
-152.53820338983,53.7062711864407,"Uria aalge",5.11051688530793,0.227937744935568
-151.930610169492,53.7062711864407,"Uria aalge",5.12161476627633,0.23033708023107
-151.323016949153,53.7062711864407,"Uria aalge",5.13024680477521,0.231736504384961
-150.715423728814,53.7062711864407,"Uria aalge",5.13733288194303,0.232104251293626
-150.107830508475,53.7062711864407,"Uria aalge",5.14381741448974,0.231474140689736
-149.500237288136,53.7062711864407,"Uria aalge",5.15057079234479,0.229929331902338
-148.892644067797,53.7062711864407,"Uria aalge",5.15831016393532,0.227580247424909
-148.285050847458,53.7062711864407,"Uria aalge",5.16755790582969,0.224543597323728
-147.677457627119,53.7062711864407,"Uria aalge",5.17863860944114,0.220926677878554
-147.06986440678,53.7062711864407,"Uria aalge",5.19170339878625,0.216818782095433
-146.462271186441,53.7062711864407,"Uria aalge",5.20676722511069,0.212289710429377
-145.854677966102,53.7062711864407,"Uria aalge",5.22374758952511,0.207393563537751
-145.247084745763,53.7062711864407,"Uria aalge",5.24249784124446,0.202174566490031
-144.639491525424,53.7062711864407,"Uria aalge",5.26283230866253,0.196671430333924
-144.031898305085,53.7062711864407,"Uria aalge",5.28454324952495,0.190918011674572
-143.424305084746,53.7062711864407,"Uria aalge",5.30741101485428,0.184940181431087
-142.816711864407,53.7062711864407,"Uria aalge",5.33120924525649,0.178750880904989
-142.209118644068,53.7062711864407,"Uria aalge",5.3557067511378,0.172346770862582
-141.601525423729,53.7062711864407,"Uria aalge",5.38066732816812,0.165710840709796
-140.99393220339,53.7062711864407,"Uria aalge",5.40584838732438,0.158826522154904
-140.386338983051,53.7062711864407,"Uria aalge",5.4309990943652,0.151711094608387
-139.778745762712,53.7062711864407,"Uria aalge",5.45585883124497,0.14448004613567
-139.171152542373,53.7062711864407,"Uria aalge",5.48015736356297,0.137458165499912
-138.563559322034,53.7062711864407,"Uria aalge",5.50361935336887,0.131347808140839
-137.955966101695,53.7062711864407,"Uria aalge",5.52597792919047,0.127416783130678
-137.348372881356,53.7062711864407,"Uria aalge",5.54700407558046,0.127520678906956
-136.740779661017,53.7062711864407,"Uria aalge",5.56655660002247,0.133600460231589
-136.133186440678,53.7062711864407,"Uria aalge",5.58464273105822,0.146599152603888
-135.525593220339,53.7062711864407,"Uria aalge",5.60144986848742,0.165686009629317
-134.918,53.7062711864407,"Uria aalge",5.61729844579802,0.188689444888605
-170.766,53.9765423728814,"Uria aalge",4.52919146305767,0.0964009849298498
-170.158406779661,53.9765423728814,"Uria aalge",4.50246164130596,0.086889863900917
-169.550813559322,53.9765423728814,"Uria aalge",4.47515380156246,0.0793944355993031
-168.943220338983,53.9765423728814,"Uria aalge",4.4476409110379,0.0749514278335257
-168.335627118644,53.9765423728814,"Uria aalge",4.42051382270935,0.0739835613081397
-167.728033898305,53.9765423728814,"Uria aalge",4.3943393831101,0.0748361940312209
-167.120440677966,53.9765423728814,"Uria aalge",4.37025407096388,0.0764696881646497
-166.512847457627,53.9765423728814,"Uria aalge",4.34984908380547,0.0795476391946665
-165.905254237288,53.9765423728814,"Uria aalge",4.33446313476295,0.0839699155939397
-165.297661016949,53.9765423728814,"Uria aalge",4.32533697018201,0.0894239235837432
-164.69006779661,53.9765423728814,"Uria aalge",4.32361103221548,0.0955711068092425
-164.082474576271,53.9765423728814,"Uria aalge",4.3302808361684,0.102136272679431
-163.474881355932,53.9765423728814,"Uria aalge",4.34611337377977,0.108947754185334
-162.867288135593,53.9765423728814,"Uria aalge",4.37152456083809,0.115946996969501
-162.259694915254,53.9765423728814,"Uria aalge",4.40643374127443,0.123166355665963
-161.652101694915,53.9765423728814,"Uria aalge",4.45013782309599,0.13067239556902
-161.044508474576,53.9765423728814,"Uria aalge",4.50126812889411,0.138491698295031
-160.436915254237,53.9765423728814,"Uria aalge",4.55788229363776,0.146555365551112
-159.829322033898,53.9765423728814,"Uria aalge",4.61769262483117,0.154692036268889
-159.221728813559,53.9765423728814,"Uria aalge",4.67836878493742,0.162671215005247
-158.61413559322,53.9765423728814,"Uria aalge",4.73782033563637,0.170273119592566
-158.006542372881,53.9765423728814,"Uria aalge",4.79438256207757,0.177351905026812
-157.398949152542,53.9765423728814,"Uria aalge",4.84687877112887,0.183866306770337
-156.791355932203,53.9765423728814,"Uria aalge",4.89458053204321,0.189869525880155
-156.183762711864,53.9765423728814,"Uria aalge",4.93711174127656,0.195467958488786
-155.576169491525,53.9765423728814,"Uria aalge",4.9743414500263,0.200767437661861
-154.968576271186,53.9765423728814,"Uria aalge",5.00629616076603,0.20582518980245
-154.360983050847,53.9765423728814,"Uria aalge",5.03310710959028,0.210620157556329
-153.753389830508,53.9765423728814,"Uria aalge",5.05499692323005,0.21504785105653
-153.14579661017,53.9765423728814,"Uria aalge",5.07230124477617,0.218939946657266
-152.53820338983,53.9765423728814,"Uria aalge",5.08551076531322,0.222103011928292
-151.930610169492,53.9765423728814,"Uria aalge",5.09530767313582,0.224364839336483
-151.323016949153,53.9765423728814,"Uria aalge",5.10256532010001,0.225613278940597
-150.715423728814,53.9765423728814,"Uria aalge",5.10829131001733,0.225815137481442
-150.107830508475,53.9765423728814,"Uria aalge",5.11352210869729,0.225012012798451
-149.500237288136,53.9765423728814,"Uria aalge",5.11920397944219,0.223299779071979
-148.892644067797,53.9765423728814,"Uria aalge",5.12610028516447,0.220802209344534
-148.285050847458,53.9765423728814,"Uria aalge",5.13474752884383,0.217646892371771
-147.677457627119,53.9765423728814,"Uria aalge",5.14545855197885,0.213947784960682
-147.06986440678,53.9765423728814,"Uria aalge",5.15835665147669,0.209796210457118
-146.462271186441,53.9765423728814,"Uria aalge",5.17342215058464,0.205260288386002
-145.854677966102,53.9765423728814,"Uria aalge",5.19053789531763,0.200390644949594
-145.247084745763,53.9765423728814,"Uria aalge",5.2095265023389,0.195228312768109
-144.639491525424,53.9765423728814,"Uria aalge",5.23017712411404,0.189810310117448
-144.031898305085,53.9765423728814,"Uria aalge",5.25226247954819,0.184170017990392
-143.424305084746,53.9765423728814,"Uria aalge",5.2755482581963,0.178332256698289
-142.816711864407,53.9765423728814,"Uria aalge",5.29979724056948,0.172305473991851
-142.209118644068,53.9765423728814,"Uria aalge",5.32477008041788,0.166074941617562
-141.601525423729,53.9765423728814,"Uria aalge",5.35022409531315,0.159601608455454
-140.99393220339,53.9765423728814,"Uria aalge",5.37591089947168,0.15283221611532
-140.386338983051,53.9765423728814,"Uria aalge",5.40157343779747,0.145728651732872
-139.778745762712,53.9765423728814,"Uria aalge",5.42694303872943,0.138329625842582
-139.171152542373,53.9765423728814,"Uria aalge",5.45173766343051,0.130866130787789
-138.563559322034,53.9765423728814,"Uria aalge",5.47566394550437,0.123957474266976
-137.955966101695,53.9765423728814,"Uria aalge",5.49842839130821,0.118881641574614
-137.348372881356,53.9765423728814,"Uria aalge",5.51976705331074,0.117741737689026
-136.740779661017,53.9765423728814,"Uria aalge",5.53950392759276,0.123008958958791
-136.133186440678,53.9765423728814,"Uria aalge",5.55763272416808,0.136098943367883
-135.525593220339,53.9765423728814,"Uria aalge",5.57437172732323,0.156128543745689
-134.918,53.9765423728814,"Uria aalge",5.59011047393357,0.180428176678425
-170.766,54.246813559322,"Uria aalge",4.50702864767071,0.0946108552225082
-170.158406779661,54.246813559322,"Uria aalge",4.47940339213195,0.0845346308669216
-169.550813559322,54.246813559322,"Uria aalge",4.45098581317749,0.0762822475383255
-168.943220338983,54.246813559322,"Uria aalge",4.42213266762348,0.07105610782523
-168.335627118644,54.246813559322,"Uria aalge",4.39346455988649,0.0695660326255678
-167.728033898305,54.246813559322,"Uria aalge",4.36568028301518,0.0705669930104255
-167.120440677966,54.246813559322,"Uria aalge",4.33998830973571,0.0728825908263938
-166.512847457627,54.246813559322,"Uria aalge",4.31799195996796,0.0766931504059809
-165.905254237288,54.246813559322,"Uria aalge",4.30110363614532,0.0817589531463424
-165.297661016949,54.246813559322,"Uria aalge",4.29063544359241,0.0876917564482636
-164.69006779661,54.246813559322,"Uria aalge",4.28781020607165,0.0941292538145466
-164.082474576271,54.246813559322,"Uria aalge",4.29372164841231,0.100802127197381
-163.474881355932,54.246813559322,"Uria aalge",4.30924718409747,0.107561720420036
-162.867288135593,54.246813559322,"Uria aalge",4.3349090189543,0.114388386611094
-162.259694915254,54.246813559322,"Uria aalge",4.3706972882453,0.121369228596755
-161.652101694915,54.246813559322,"Uria aalge",4.41590476374433,0.128631247416856
-161.044508474576,54.246813559322,"Uria aalge",4.46905561438614,0.136246512051221
-160.436915254237,54.246813559322,"Uria aalge",4.52800255586517,0.144158570133556
-159.829322033898,54.246813559322,"Uria aalge",4.59019941693121,0.152172836743378
-159.221728813559,54.246813559322,"Uria aalge",4.65306820735061,0.160013758579652
-158.61413559322,54.246813559322,"Uria aalge",4.71433638205144,0.167416561154032
-158.006542372881,54.246813559322,"Uria aalge",4.77224714471667,0.174209657774266
-157.398949152542,54.246813559322,"Uria aalge",4.82561421837358,0.180353900343871
-156.791355932203,54.246813559322,"Uria aalge",4.873754996937,0.185929156167003
-156.183762711864,54.246813559322,"Uria aalge",4.91636348747062,0.191082167456759
-155.576169491525,54.246813559322,"Uria aalge",4.95337821850788,0.195960113909118
-154.968576271186,54.246813559322,"Uria aalge",4.9848792205037,0.200652046569967
-154.360983050847,54.246813559322,"Uria aalge",5.0110291688286,0.205152634222299
-153.753389830508,54.246813559322,"Uria aalge",5.03206218685145,0.209354991491585
-153.14579661017,54.246813559322,"Uria aalge",5.04831569067249,0.213073035680917
-152.53820338983,54.246813559322,"Uria aalge",5.06028948852715,0.216087429868601
-151.930610169492,54.246813559322,"Uria aalge",5.06870076976539,0.21820167781811
-151.323016949153,54.246813559322,"Uria aalge",5.07449375370991,0.219289343704054
-150.715423728814,54.246813559322,"Uria aalge",5.07877553949753,0.219316118390593
-150.107830508475,54.246813559322,"Uria aalge",5.0826877417924,0.218333044509319
-149.500237288136,54.246813559322,"Uria aalge",5.08726116414602,0.216450587777417
-148.892644067797,54.246813559322,"Uria aalge",5.09330696507157,0.213807307217624
-148.285050847458,54.246813559322,"Uria aalge",5.10137133376703,0.210542478355679
-147.677457627119,54.246813559322,"Uria aalge",5.11174781800306,0.206776828227026
-147.06986440678,54.246813559322,"Uria aalge",5.12452399360468,0.202603104313041
-146.462271186441,54.246813559322,"Uria aalge",5.13963898985146,0.198086642958771
-145.854677966102,54.246813559322,"Uria aalge",5.15693638844018,0.193273523527149
-145.247084745763,54.246813559322,"Uria aalge",5.17620536875557,0.18820116372677
-144.639491525424,54.246813559322,"Uria aalge",5.19720872341114,0.182905501245315
-144.031898305085,54.246813559322,"Uria aalge",5.21969949580599,0.177421064316633
-143.424305084746,54.246813559322,"Uria aalge",5.24342920748358,0.171773906131161
-142.816711864407,54.246813559322,"Uria aalge",5.26815060985783,0.165970461062692
-142.209118644068,54.246813559322,"Uria aalge",5.29361720793004,0.1599868696136
-141.601525423729,54.246813559322,"Uria aalge",5.31958096988335,0.153763699593344
-140.99393220339,54.246813559322,"Uria aalge",5.34578897245595,0.147211505486043
-140.386338983051,54.246813559322,"Uria aalge",5.37197936253415,0.140234810693055
-139.778745762712,54.246813559322,"Uria aalge",5.39787699523263,0.132787842295379
-139.171152542373,54.246813559322,"Uria aalge",5.42318959416218,0.12498728336933
-138.563559322034,54.246813559322,"Uria aalge",5.4476067275685,0.117324792528501
-137.955966101695,54.246813559322,"Uria aalge",5.47080723679425,0.111017114273224
-137.348372881356,54.246813559322,"Uria aalge",5.4924869060445,0.108370234696088
-136.740779661017,54.246813559322,"Uria aalge",5.5124240850427,0.112495060000869
-136.133186440678,54.246813559322,"Uria aalge",5.53058817128939,0.125511030015633
-135.525593220339,54.246813559322,"Uria aalge",5.5472313055844,0.146540942746494
-134.918,54.246813559322,"Uria aalge",5.56283203706558,0.172260954807633
-170.766,54.5170847457627,"Uria aalge",4.48522492220607,0.0933502543484188
-170.158406779661,54.5170847457627,"Uria aalge",4.45671926355183,0.0828193752895302
-169.550813559322,54.5170847457627,"Uria aalge",4.42718489955319,0.0738636695282508
-168.943220338983,54.5170847457627,"Uria aalge",4.396950883174,0.0678012559522109
-168.335627118644,54.5170847457627,"Uria aalge",4.36668122431518,0.0656731035173806
-167.728033898305,54.5170847457627,"Uria aalge",4.33724713875805,0.066779109612928
-167.120440677966,54.5170847457627,"Uria aalge",4.30993320813454,0.0698512695033936
-166.512847457627,54.5170847457627,"Uria aalge",4.28632361978025,0.074468768844784
-165.905254237288,54.5170847457627,"Uria aalge",4.26789530217369,0.0802023392441964
-165.297661016949,54.5170847457627,"Uria aalge",4.25603099898962,0.0865992119078657
-164.69006779661,54.5170847457627,"Uria aalge",4.25203767664066,0.0932897333533865
-164.082474576271,54.5170847457627,"Uria aalge",4.25711399407468,0.100020336167128
-163.474881355932,54.5170847457627,"Uria aalge",4.2722619199164,0.106668696037901
-162.867288135593,54.5170847457627,"Uria aalge",4.29813154923934,0.113256010718526
-162.259694915254,54.5170847457627,"Uria aalge",4.33480751098888,0.119930386907228
-161.652101694915,54.5170847457627,"Uria aalge",4.3815928500659,0.126890544177356
-161.044508474576,54.5170847457627,"Uria aalge",4.4368980473655,0.134264297996205
-160.436915254237,54.5170847457627,"Uria aalge",4.49834125452398,0.142009849416878
-159.829322033898,54.5170847457627,"Uria aalge",4.56307619834014,0.14990186703292
-159.221728813559,54.5170847457627,"Uria aalge",4.62824101978705,0.157606323719033
-158.61413559322,54.5170847457627,"Uria aalge",4.69136298299649,0.164800382294831
-158.006542372881,54.5170847457627,"Uria aalge",4.75059558829204,0.171279226714434
-157.398949152542,54.5170847457627,"Uria aalge",4.80475948890507,0.177005626904052
-156.791355932203,54.5170847457627,"Uria aalge",4.85323934951791,0.182091488713486
-156.183762711864,54.5170847457627,"Uria aalge",4.89581852654393,0.186731822559567
-155.576169491525,54.5170847457627,"Uria aalge",4.93251855634696,0.191123090909237
-154.968576271186,54.5170847457627,"Uria aalge",4.96347993707323,0.195392534827247
-154.360983050847,54.5170847457627,"Uria aalge",4.98889731626862,0.199554417755965
-153.753389830508,54.5170847457627,"Uria aalge",5.00901104730972,0.203500290433016
-153.14579661017,54.5170847457627,"Uria aalge",5.02415092396232,0.207024097534865
-152.53820338983,54.5170847457627,"Uria aalge",5.03481623949952,0.209876338640762
-151.930610169492,54.5170847457627,"Uria aalge",5.04175513055209,0.211832012962606
-151.323016949153,54.5170847457627,"Uria aalge",5.04598860557823,0.21274831140452
-150.715423728814,54.5170847457627,"Uria aalge",5.04873784144807,0.212590360278888
-150.107830508475,54.5170847457627,"Uria aalge",5.05126571803353,0.211420627969464
-149.500237288136,54.5170847457627,"Uria aalge",5.0546975632925,0.209366134547519
-148.892644067797,54.5170847457627,"Uria aalge",5.0598931488683,0.206581578996619
-148.285050847458,54.5170847457627,"Uria aalge",5.06740200039198,0.203218653811557
-147.677457627119,54.5170847457627,"Uria aalge",5.07748889614781,0.199404902432143
-147.06986440678,54.5170847457627,"Uria aalge",5.09019645694227,0.195233732163622
-146.462271186441,54.5170847457627,"Uria aalge",5.10541540093012,0.190766300663918
-145.854677966102,54.5170847457627,"Uria aalge",5.12294531559924,0.186042752877771
-145.247084745763,54.5170847457627,"Uria aalge",5.14253943825513,0.181096312200166
-144.639491525424,54.5170847457627,"Uria aalge",5.16393335972648,0.175962548058018
-144.031898305085,54.5170847457627,"Uria aalge",5.18686066864657,0.170679074369927
-143.424305084746,54.5170847457627,"Uria aalge",5.21105951257828,0.165275875332851
-142.816711864407,54.5170847457627,"Uria aalge",5.23627366389014,0.159760283091458
-142.209118644068,54.5170847457627,"Uria aalge",5.26225063235086,0.154102039005318
-141.601525423729,54.5170847457627,"Uria aalge",5.28873826381752,0.148223683745954
-140.99393220339,54.5170847457627,"Uria aalge",5.31548044573847,0.142001360138078
-140.386338983051,54.5170847457627,"Uria aalge",5.34221208306815,0.135282659432767
-139.778745762712,54.5170847457627,"Uria aalge",5.36865339829807,0.127933739438364
-139.171152542373,54.5170847457627,"Uria aalge",5.394503954833,0.119941910922322
-138.563559322034,54.5170847457627,"Uria aalge",5.41943810336434,0.111628173823662
-137.955966101695,54.5170847457627,"Uria aalge",5.44310713538445,0.104056578307966
-137.348372881356,54.5170847457627,"Uria aalge",5.46516171673099,0.0996310009818922
-136.740779661017,54.5170847457627,"Uria aalge",5.48532129207764,0.102179150573863
-136.133186440678,54.5170847457627,"Uria aalge",5.50351426454104,0.114859935680615
-135.525593220339,54.5170847457627,"Uria aalge",5.52002769615841,0.136937125313408
-134.918,54.5170847457627,"Uria aalge",5.53545699959175,0.16421540633657
-170.766,54.7873559322034,"Uria aalge",4.46378698832406,0.0926382313373418
-170.158406779661,54.7873559322034,"Uria aalge",4.43442519440331,0.0818159845599456
-169.550813559322,54.7873559322034,"Uria aalge",4.40377809070105,0.0722943579045426
-168.943220338983,54.7873559322034,"Uria aalge",4.37213567279357,0.0654497522541047
-168.335627118644,54.7873559322034,"Uria aalge",4.34023271790806,0.0626903338868589
-167.728033898305,54.7873559322034,"Uria aalge",4.30911550845612,0.0638526256220982
-167.120440677966,54.7873559322034,"Uria aalge",4.28014872303517,0.0676182467684523
-166.512847457627,54.7873559322034,"Uria aalge",4.2549039400626,0.0730218725174226
-165.905254237288,54.7873559322034,"Uria aalge",4.23490218639211,0.079386308369195
-165.297661016949,54.7873559322034,"Uria aalge",4.2215904681166,0.0861940732152201
-164.69006779661,54.7873559322034,"Uria aalge",4.21635893537158,0.0930782702570171
-164.082474576271,54.7873559322034,"Uria aalge",4.22051636647258,0.0998056184163543
-163.474881355932,54.7873559322034,"Uria aalge",4.2352036663432,0.106278297521865
-162.867288135593,54.7873559322034,"Uria aalge",4.26122366700401,0.112555849743938
-162.259694915254,54.7873559322034,"Uria aalge",4.29878535433477,0.118851725734083
-161.652101694915,54.7873559322034,"Uria aalge",4.34722240654413,0.125449138237215
-161.044508474576,54.7873559322034,"Uria aalge",4.40482602652746,0.132544596341731
-160.436915254237,54.7873559322034,"Uria aalge",4.46894432450612,0.140114056573445
-159.829322033898,54.7873559322034,"Uria aalge",4.53638024718827,0.147892311446878
-159.221728813559,54.7873559322034,"Uria aalge",4.60394513239216,0.155470366820085
-158.61413559322,54.7873559322034,"Uria aalge",4.668946724412,0.162451367565661
-158.006542372881,54.7873559322034,"Uria aalge",4.72945478030402,0.168588499161559
-157.398949152542,54.7873559322034,"Uria aalge",4.78431888381058,0.173846687227011
-156.791355932203,54.7873559322034,"Uria aalge",4.83301706385312,0.178376478754549
-156.183762711864,54.7873559322034,"Uria aalge",4.87544394876483,0.182430257053283
-155.576169491525,54.7873559322034,"Uria aalge",4.91171861445888,0.186262598714467
-154.968576271186,54.7873559322034,"Uria aalge",4.94204899740848,0.190046043178071
-154.360983050847,54.7873559322034,"Uria aalge",4.9666616916539,0.193819025502552
-153.753389830508,54.7873559322034,"Uria aalge",4.98579669319417,0.19747291916666
-153.14579661017,54.7873559322034,"Uria aalge",4.99976434763836,0.200779579294368
-152.53820338983,54.7873559322034,"Uria aalge",5.00905064394833,0.203454588813698
-151.930610169492,54.7873559322034,"Uria aalge",5.01442846226574,0.205239549470678
-151.323016949153,54.7873559322034,"Uria aalge",5.01700237348655,0.205972988994195
-150.715423728814,54.7873559322034,"Uria aalge",5.01812593636195,0.205620373062908
-150.107830508475,54.7873559322034,"Uria aalge",5.0192032989865,0.204257908076474
-149.500237288136,54.7873559322034,"Uria aalge",5.02146572545952,0.202031071380871
-148.892644067797,54.7873559322034,"Uria aalge",5.02582110862701,0.199111820772354
-148.285050847458,54.7873559322034,"Uria aalge",5.03281340065498,0.195664886254549
-147.677457627119,54.7873559322034,"Uria aalge",5.04266681692021,0.191824665309482
-147.06986440678,54.7873559322034,"Uria aalge",5.05536836418993,0.187684335348082
-146.462271186441,54.7873559322034,"Uria aalge",5.07075257417428,0.183299142129912
-145.854677966102,54.7873559322034,"Uria aalge",5.08857034310803,0.178701508583211
-145.247084745763,54.7873559322034,"Uria aalge",5.1085368105281,0.173919674142244
-144.639491525424,54.7873559322034,"Uria aalge",5.13035998292636,0.168989658304939
-144.031898305085,54.7873559322034,"Uria aalge",5.15375464841778,0.163954441688839
-143.424305084746,54.7873559322034,"Uria aalge",5.17844671142208,0.158851038014487
-142.816711864407,54.7873559322034,"Uria aalge",5.20417223918061,0.153690922001016
-142.209118644068,54.7873559322034,"Uria aalge",5.23067402841001,0.148440454817382
-141.601525423729,54.7873559322034,"Uria aalge",5.25769709549723,0.143006948173359
-140.99393220339,54.7873559322034,"Uria aalge",5.28498352910253,0.137234947640072
-140.386338983051,54.7873559322034,"Uria aalge",5.31226662092831,0.130917943637236
-139.778745762712,54.7873559322034,"Uria aalge",5.3392639947847,0.123835388714441
-139.171152542373,54.7873559322034,"Uria aalge",5.36566960617986,0.11583886067326
-138.563559322034,54.7873559322034,"Uria aalge",5.39114543617895,0.107045931667427
-137.955966101695,54.7873559322034,"Uria aalge",5.41531701074838,0.0982691277374701
-137.348372881356,54.7873559322034,"Uria aalge",5.43778655564146,0.0918310973446105
-136.740779661017,54.7873559322034,"Uria aalge",5.45819940689389,0.0922530087744526
-136.133186440678,54.7873559322034,"Uria aalge",5.47641774005518,0.104188856172762
-135.525593220339,54.7873559322034,"Uria aalge",5.49275986854466,0.127335436247538
-134.918,54.7873559322034,"Uria aalge",5.50797800166693,0.156323691328365
-170.766,55.0576271186441,"Uria aalge",4.44271730426811,0.0924600373708003
-170.158406779661,55.0576271186441,"Uria aalge",4.41253365773736,0.0815495859047232
-169.550813559322,55.0576271186441,"Uria aalge",4.38079094294659,0.0716729288155201
-168.943220338983,55.0576271186441,"Uria aalge",4.34772404347841,0.0641974294872251
-168.335627118644,55.0576271186441,"Uria aalge",4.31416768663959,0.0608829205669224
-167.728033898305,55.0576271186441,"Uria aalge",4.28134440165668,0.0620548607938939
-167.120440677966,55.0576271186441,"Uria aalge",4.2506991283954,0.0663849839517586
-166.512847457627,55.0576271186441,"Uria aalge",4.22380096242063,0.0724685420440127
-165.905254237288,55.0576271186441,"Uria aalge",4.20219818999106,0.0793681623992136
-165.297661016949,55.0576271186441,"Uria aalge",4.18739217709679,0.0864987067650063
-164.69006779661,55.0576271186441,"Uria aalge",4.18085239342666,0.0934992711164704
-164.082474576271,55.0576271186441,"Uria aalge",4.18400065978346,0.100155641153036
-163.474881355932,55.0576271186441,"Uria aalge",4.19813066065371,0.106387291175361
-162.867288135593,55.0576271186441,"Uria aalge",4.22422599492652,0.112284485068195
-162.259694915254,55.0576271186441,"Uria aalge",4.26265740476664,0.118127854559984
-161.652101694915,55.0576271186441,"Uria aalge",4.31281768412505,0.124299840224167
-161.044508474576,55.0576271186441,"Uria aalge",4.37287497393406,0.131082247297524
-160.436915254237,55.0576271186441,"Uria aalge",4.4398645444264,0.138473151184245
-159.829322033898,55.0576271186441,"Uria aalge",4.51017644925192,0.146156524976971
-159.221728813559,55.0576271186441,"Uria aalge",4.58024428022769,0.153628321506213
-158.61413559322,55.0576271186441,"Uria aalge",4.64713613642905,0.16039836231015
-158.006542372881,55.0576271186441,"Uria aalge",4.708849087319,0.166167827231922
-157.398949152542,55.0576271186441,"Uria aalge",4.7642905414155,0.170904892425069
-156.791355932203,55.0576271186441,"Uria aalge",4.81306321546703,0.174806882758299
-156.183762711864,55.0576271186441,"Uria aalge",4.85519745107906,0.178193808097723
-155.576169491525,55.0576271186441,"Uria aalge",4.89092496386772,0.181387853914332
-154.968576271186,55.0576271186441,"Uria aalge",4.92052783728189,0.184614525727612
-154.360983050847,55.0576271186441,"Uria aalge",4.94426401213426,0.187941747226077
-153.753389830508,55.0576271186441,"Uria aalge",4.96236531065873,0.191262907548602
-153.14579661017,55.0576271186441,"Uria aalge",4.97510816414668,0.19432603870696
-152.53820338983,55.0576271186441,"Uria aalge",4.98294854060493,0.196806649997068
-151.930610169492,55.0576271186441,"Uria aalge",4.98667487782672,0.198407299272189
-151.323016949153,55.0576271186441,"Uria aalge",4.98748307577965,0.19894539430799
-150.715423728814,55.0576271186441,"Uria aalge",4.98688236033897,0.198388161547808
-150.107830508475,55.0576271186441,"Uria aalge",4.98644318394337,0.196828167458464
-149.500237288136,55.0576271186441,"Uria aalge",4.98751559966591,0.194430917074354
-148.892644067797,55.0576271186441,"Uria aalge",4.99105298673793,0.191386275474287
-148.285050847458,55.0576271186441,"Uria aalge",4.99758141423702,0.187872510247358
-147.677457627119,55.0576271186441,"Uria aalge",5.00727002091625,0.184031024905744
-147.06986440678,55.0576271186441,"Uria aalge",5.02003810487113,0.179953827571913
-146.462271186441,55.0576271186441,"Uria aalge",5.03565585267971,0.175688130438108
-145.854677966102,55.0576271186441,"Uria aalge",5.05382101424375,0.171256331533444
-145.247084745763,55.0576271186441,"Uria aalge",5.07420900432036,0.166680616702986
-144.639491525424,55.0576271186441,"Uria aalge",5.09650045275166,0.161998392766677
-144.031898305085,55.0576271186441,"Uria aalge",5.1203925129917,0.157260665403224
-143.424305084746,55.0576271186441,"Uria aalge",5.14560034504149,0.152514944989573
-142.816711864407,55.0576271186441,"Uria aalge",5.17185380577744,0.147780276059228
-142.209118644068,55.0576271186441,"Uria aalge",5.19889236526827,0.143022665407947
-141.601525423729,55.0576271186441,"Uria aalge",5.22645952966738,0.13813704632672
-140.99393220339,55.0576271186441,"Uria aalge",5.25429696619163,0.132939754087657
-140.386338983051,55.0576271186441,"Uria aalge",5.28213797664637,0.127174974510106
-139.778745762712,55.0576271186441,"Uria aalge",5.30969970838729,0.120541778614493
-139.171152542373,55.0576271186441,"Uria aalge",5.33667342498617,0.112760370939454
-138.563559322034,55.0576271186441,"Uria aalge",5.36271258467036,0.103731220142207
-137.955966101695,55.0576271186441,"Uria aalge",5.3874208669493,0.0939325171148146
-137.348372881356,55.0576271186441,"Uria aalge",5.41035175498636,0.0853657183618649
-136.740779661017,55.0576271186441,"Uria aalge",5.43106099617047,0.0830207954598483
-136.133186440678,55.0576271186441,"Uria aalge",5.44930757161182,0.0935749491919154
-135.525593220339,55.0576271186441,"Uria aalge",5.46542676582962,0.117760441541401
-134.918,55.0576271186441,"Uria aalge",5.48038636216646,0.148622368587001
-170.766,55.3278983050847,"Uria aalge",4.42201235928531,0.0927617408803997
-170.158406779661,55.3278983050847,"Uria aalge",4.39105054648029,0.0819836119763269
-169.550813559322,55.3278983050847,"Uria aalge",4.35824375037337,0.0720085041899271
-168.943220338983,55.3278983050847,"Uria aalge",4.3237437653017,0.0641158118643827
-168.335627118644,55.3278983050847,"Uria aalge",4.28852131101217,0.0603708927354753
-167.728033898305,55.3278983050847,"Uria aalge",4.25398372392354,0.0615221227527124
-167.120440677966,55.3278983050847,"Uria aalge",4.22164974604398,0.06626435759911
-166.512847457627,55.3278983050847,"Uria aalge",4.19308960259889,0.0728676021335252
-165.905254237288,55.3278983050847,"Uria aalge",4.16986694237649,0.0801645471028358
-165.297661016949,55.3278983050847,"Uria aalge",4.15352658184645,0.0875049034883013
-164.69006779661,55.3278983050847,"Uria aalge",4.14561079907405,0.0945332010841967
-164.082474576271,55.3278983050847,"Uria aalge",4.14765437530444,0.101049275449471
-163.474881355932,55.3278983050847,"Uria aalge",4.16111593747418,0.106978343615846
-162.867288135593,55.3278983050847,"Uria aalge",4.18719060207645,0.112428306151812
-162.259694915254,55.3278983050847,"Uria aalge",4.22645733981431,0.117745531416896
-161.652101694915,55.3278983050847,"Uria aalge",4.27840765500444,0.123428912719832
-161.044508474576,55.3278983050847,"Uria aalge",4.34108597445064,0.129867000816694
-160.436915254237,55.3278983050847,"Uria aalge",4.41116262472385,0.137085918134582
-159.829322033898,55.3278983050847,"Uria aalge",4.48453816951782,0.144705820858504
-159.221728813559,55.3278983050847,"Uria aalge",4.55720807768271,0.152103367805251
-158.61413559322,55.3278983050847,"Uria aalge",4.62598069929057,0.158671862386769
-158.006542372881,55.3278983050847,"Uria aalge",4.68879860671188,0.164049424457058
-157.398949152542,55.3278983050847,"Uria aalge",4.74466450306753,0.168210095178529
-156.791355932203,55.3278983050847,"Uria aalge",4.79334281658502,0.171408023827842
-156.183762711864,55.3278983050847,"Uria aalge",4.83502609396096,0.174042088579483
-155.576169491525,55.3278983050847,"Uria aalge",4.87007366742234,0.176511800661749
-154.968576271186,55.3278983050847,"Uria aalge",4.89884781563493,0.179103493316877
-154.360983050847,55.3278983050847,"Uria aalge",4.92163670722508,0.181920591888946
-153.753389830508,55.3278983050847,"Uria aalge",4.93865524157494,0.184861827730792
-153.14579661017,55.3278983050847,"Uria aalge",4.95012877850129,0.187650525069732
-152.53820338983,55.3278983050847,"Uria aalge",4.95646169983346,0.189916773608356
-151.930610169492,55.3278983050847,"Uria aalge",4.95844461691516,0.191317619559221
-151.323016949153,55.3278983050847,"Uria aalge",4.95737362795517,0.191646802396857
-150.715423728814,55.3278983050847,"Uria aalge",4.95494365828346,0.190875493641821
-150.107830508475,55.3278983050847,"Uria aalge",4.95292304980633,0.189115449224693
-149.500237288136,55.3278983050847,"Uria aalge",4.95279474840829,0.186552956816082
-148.892644067797,55.3278983050847,"Uria aalge",4.95555158721392,0.183395622987792
-148.285050847458,55.3278983050847,"Uria aalge",4.96168498710712,0.179835678245639
-147.677457627119,55.3278983050847,"Uria aalge",4.97129140404279,0.176022034054555
-147.06986440678,55.3278983050847,"Uria aalge",4.98420901232015,0.172044678822442
-146.462271186441,55.3278983050847,"Uria aalge",5.00013539346707,0.16794021651633
-145.854677966102,55.3278983050847,"Uria aalge",5.01871120766511,0.163718039608022
-145.247084745763,55.3278983050847,"Uria aalge",5.03957125363594,0.159392838606951
-144.639491525424,55.3278983050847,"Uria aalge",5.06236972272056,0.155004490195329
-144.031898305085,55.3278983050847,"Uria aalge",5.08678788702671,0.150615108683475
-143.424305084746,55.3278983050847,"Uria aalge",5.11253205075065,0.146286484142897
-142.816711864407,55.3278983050847,"Uria aalge",5.13932756265716,0.14204862891988
-142.209118644068,55.3278983050847,"Uria aalge",5.16691202442186,0.137869857593482
-141.601525423729,55.3278983050847,"Uria aalge",5.19502873291056,0.133635115312954
-140.99393220339,55.3278983050847,"Uria aalge",5.2234202371691,0.129135827396
-140.386338983051,55.3278983050847,"Uria aalge",5.25182137669127,0.124072792534177
-139.778745762712,55.3278983050847,"Uria aalge",5.27995089312625,0.118075005224987
-139.171152542373,55.3278983050847,"Uria aalge",5.30750043809948,0.110746129833637
-138.563559322034,55.3278983050847,"Uria aalge",5.33411960586183,0.101780167147139
-137.955966101695,55.3278983050847,"Uria aalge",5.35939651297124,0.0912814251942294
-137.348372881356,55.3278983050847,"Uria aalge",5.38284039664114,0.080688959950735
-136.740779661017,55.3278983050847,"Uria aalge",5.40390536979657,0.0749523103012382
-136.133186440678,55.3278983050847,"Uria aalge",5.42219595993687,0.0831592283651105
-135.525593220339,55.3278983050847,"Uria aalge",5.43802752294641,0.108245651755701
-134.918,55.3278983050847,"Uria aalge",5.45267225505517,0.141150743704278
-170.766,55.5981694915254,"Uria aalge",4.4016610952118,0.0934503263905144
-170.158406779661,55.5981694915254,"Uria aalge",4.36997088518704,0.0830140161425491
-169.550813559322,55.5981694915254,"Uria aalge",4.33614734477772,0.0732080241094287
-168.943220338983,55.5981694915254,"Uria aalge",4.30020908479634,0.0651285386797499
-168.335627118644,55.5981694915254,"Uria aalge",4.26331819584659,0.0611106073129485
-167.728033898305,55.5981694915254,"Uria aalge",4.22707878481823,0.0622459555658586
-167.120440677966,55.5981694915254,"Uria aalge",4.19306690683473,0.0672614298461793
-166.512847457627,55.5981694915254,"Uria aalge",4.16285095622402,0.0742093554666707
-165.905254237288,55.5981694915254,"Uria aalge",4.13800159485316,0.0817478787713859
-165.297661016949,55.5981694915254,"Uria aalge",4.12009670643307,0.0891734834596498
-164.69006779661,55.5981694915254,"Uria aalge",4.11074257847032,0.0961367498418668
-164.082474576271,55.5981694915254,"Uria aalge",4.11158305640175,0.102446409387558
-163.474881355932,55.5981694915254,"Uria aalge",4.124250573699,0.108019615082386
-162.867288135593,55.5981694915254,"Uria aalge",4.15018409675377,0.112963240968994
-162.259694915254,55.5981694915254,"Uria aalge",4.19022793088304,0.117683434388484
-161.652101694915,55.5981694915254,"Uria aalge",4.24402712380479,0.122815779065182
-161.044508474576,55.5981694915254,"Uria aalge",4.30950689446094,0.128883322561875
-160.436915254237,55.5981694915254,"Uria aalge",4.38290850716175,0.135947799646495
-159.829322033898,55.5981694915254,"Uria aalge",4.45954808716676,0.143550256007687
-159.221728813559,55.5981694915254,"Uria aalge",4.53491170876617,0.15091907728054
-158.61413559322,55.5981694915254,"Uria aalge",4.6055292375793,0.157303300937556
-158.006542372881,55.5981694915254,"Uria aalge",4.66931677861039,0.162266311388359
-157.398949152542,55.5981694915254,"Uria aalge",4.72542033226714,0.165793161937359
-156.791355932203,55.5981694915254,"Uria aalge",4.77380898400969,0.168207234842644
-156.183762711864,55.5981694915254,"Uria aalge",4.81486512032373,0.169998160239815
-155.576169491525,55.5981694915254,"Uria aalge",4.84908952585955,0.171651994640902
-154.968576271186,55.5981694915254,"Uria aalge",4.87692954180105,0.173523333189763
-154.360983050847,55.5981694915254,"Uria aalge",4.89870207343985,0.175757624027184
-153.753389830508,55.5981694915254,"Uria aalge",4.91459600493961,0.178263792376209
-153.14579661017,55.5981694915254,"Uria aalge",4.92476602143535,0.180741141125295
-152.53820338983,55.5981694915254,"Uria aalge",4.92953744502619,0.18276923579718
-151.930610169492,55.5981694915254,"Uria aalge",4.92968368001703,0.183952279151589
-151.323016949153,55.5981694915254,"Uria aalge",4.92661100473858,0.184057842795017
-150.715423728814,55.5981694915254,"Uria aalge",4.92223934496229,0.183064362325364
-150.107830508475,55.5981694915254,"Uria aalge",4.91857507274483,0.181105555002068
-149.500237288136,55.5981694915254,"Uria aalge",4.91724879564505,0.178387602344095
-148.892644067797,55.5981694915254,"Uria aalge",4.91928150941868,0.175134396865328
-148.285050847458,55.5981694915254,"Uria aalge",4.92510749064876,0.171552652451761
-147.677457627119,55.5981694915254,"Uria aalge",4.93472955778119,0.167800054297435
-147.06986440678,55.5981694915254,"Uria aalge",4.94789033512081,0.163964034539496
-146.462271186441,55.5981694915254,"Uria aalge",4.96420685268606,0.160067467795113
-145.854677966102,55.5981694915254,"Uria aalge",4.98325957838384,0.156102846842253
-145.247084745763,55.5981694915254,"Uria aalge",5.00464276648846,0.152075431138022
-144.639491525424,55.5981694915254,"Uria aalge",5.02798598175559,0.148028845721527
-144.031898305085,55.5981694915254,"Uria aalge",5.052957023676,0.144039890132759
-143.424305084746,55.5981694915254,"Uria aalge",5.07925562709003,0.140188654120487
-142.816711864407,55.5981694915254,"Uria aalge",5.1066045158235,0.136519209949738
-142.209118644068,55.5981694915254,"Uria aalge",5.13474091277755,0.133004034139072
-141.601525423729,55.5981694915254,"Uria aalge",5.1634091405843,0.129519437641348
-140.99393220339,55.5981694915254,"Uria aalge",5.19235379788666,0.125834410867412
-140.386338983051,55.5981694915254,"Uria aalge",5.22131259896263,0.121612325496634
-139.778745762712,55.5981694915254,"Uria aalge",5.25000773571815,0.116424596721364
-139.171152542373,55.5981694915254,"Uria aalge",5.27813420846801,0.109780867011713
-138.563559322034,55.5981694915254,"Uria aalge",5.3053427941021,0.10120194008269
-137.955966101695,55.5981694915254,"Uria aalge",5.33121442587959,0.0904384443900574
-137.348372881356,55.5981694915254,"Uria aalge",5.35522489811235,0.0782196899075118
-136.740779661017,55.5981694915254,"Uria aalge",5.376724563112,0.0687210217580626
-136.133186440678,55.5981694915254,"Uria aalge",5.39509956948413,0.0732061113388608
-135.525593220339,55.5981694915254,"Uria aalge",5.4105619415607,0.0988377184304884
-134.918,55.5981694915254,"Uria aalge",5.4248257404685,0.133945107960211
-170.766,55.8684406779661,"Uria aalge",4.38164440912062,0.0944005398337126
-170.158406779661,55.8684406779661,"Uria aalge",4.3492726611433,0.0844724428698209
-169.550813559322,55.8684406779661,"Uria aalge",4.31449749673963,0.0750849750365903
-168.943220338983,55.8684406779661,"Uria aalge",4.27711574690787,0.0670261646747
-168.335627118644,55.8684406779661,"Uria aalge",4.23857418221279,0.0629143942357338
-167.728033898305,55.8684406779661,"Uria aalge",4.20067363406618,0.0640903240265113
-167.120440677966,55.8684406779661,"Uria aalge",4.16501933113309,0.0692848180743009
-166.512847457627,55.8684406779661,"Uria aalge",4.13317214935439,0.0764223812074694
-165.905254237288,55.8684406779661,"Uria aalge",4.10670452359795,0.0840519522456843
-165.297661016949,55.8684406779661,"Uria aalge",4.08721829554412,0.0914387166675818
-164.69006779661,55.8684406779661,"Uria aalge",4.0763729696314,0.0982456483527734
-164.082474576271,55.8684406779661,"Uria aalge",4.0759128772582,0.104289168208313
-163.474881355932,55.8684406779661,"Uria aalge",4.08764763753501,0.10946505008287
-162.867288135593,55.8684406779661,"Uria aalge",4.11329175389081,0.113854933640796
-162.259694915254,55.8684406779661,"Uria aalge",4.1540238657942,0.117912245675428
-161.652101694915,55.8684406779661,"Uria aalge",4.20971833634585,0.122432938700794
-161.044508474576,55.8684406779661,"Uria aalge",4.27819393460504,0.128110442543874
-160.436915254237,55.8684406779661,"Uria aalge",4.35518291048583,0.13505084698973
-159.829322033898,55.8684406779661,"Uria aalge",4.43529885738577,0.142698384382068
-159.221728813559,55.8684406779661,"Uria aalge",4.51343501252301,0.150098886911384
-158.61413559322,55.8684406779661,"Uria aalge",4.58582744035454,0.156323930059755
-158.006542372881,55.8684406779661,"Uria aalge",4.65040716860336,0.160850668609994
-157.398949152542,55.8684406779661,"Uria aalge",4.70652422690871,0.163684352179372
-156.791355932203,55.8684406779661,"Uria aalge",4.75440098934185,0.165232876544411
-156.183762711864,55.8684406779661,"Uria aalge",4.79463694586467,0.166088548857183
-155.576169491525,55.8684406779661,"Uria aalge",4.82788562762079,0.166831637449191
-154.968576271186,55.8684406779661,"Uria aalge",4.85468247282868,0.167891050061544
-154.360983050847,55.8684406779661,"Uria aalge",4.87537150917172,0.169460846085655
-153.753389830508,55.8684406779661,"Uria aalge",4.89010714499136,0.17146691849978
-153.14579661017,55.8684406779661,"Uria aalge",4.89895209041152,0.173587877484355
-152.53820338983,55.8684406779661,"Uria aalge",4.90211810303964,0.175348701455704
-151.930610169492,55.8684406779661,"Uria aalge",4.90033332396199,0.176292570918314
-151.323016949153,55.8684406779661,"Uria aalge",4.89512508455911,0.176158685771047
-150.715423728814,55.8684406779661,"Uria aalge",4.88869055697062,0.174937772614027
-150.107830508475,55.8684406779661,"Uria aalge",4.88332548556703,0.172787638710563
-149.500237288136,55.8684406779661,"Uria aalge",4.88082225000096,0.169930439361953
-148.892644067797,55.8684406779661,"Uria aalge",4.88221074877623,0.166603002404831
-148.285050847458,55.8684406779661,"Uria aalge",4.88783844363585,0.163027556275778
-147.677457627119,55.8684406779661,"Uria aalge",4.89759021362099,0.159373272009305
-147.06986440678,55.8684406779661,"Uria aalge",4.91109828494794,0.155725137436528
-146.462271186441,55.8684406779661,"Uria aalge",4.92789206917341,0.152088480234454
-145.854677966102,55.8684406779661,"Uria aalge",4.94748995698523,0.148433737992763
-145.247084745763,55.8684406779661,"Uria aalge",4.96944692627875,0.14475415026912
-144.639491525424,55.8684406779661,"Uria aalge",4.99337073896704,0.141098658145808
-144.031898305085,55.8684406779661,"Uria aalge",5.01891883909284,0.137562911838795
-143.424305084746,55.8684406779661,"Uria aalge",5.04578706414273,0.134249443480535
-142.816711864407,55.8684406779661,"Uria aalge",5.07369753410811,0.131218828726143
-142.209118644068,55.8684406779661,"Uria aalge",5.10238856569084,0.128448270286765
-141.601525423729,55.8684406779661,"Uria aalge",5.13160662889222,0.125805219760119
-140.99393220339,55.8684406779661,"Uria aalge",5.16109934831476,0.123037242245508
-140.386338983051,55.8684406779661,"Uria aalge",5.19060837191721,0.119775271074866
-139.778745762712,55.8684406779661,"Uria aalge",5.21986081667152,0.115545750985734
-139.171152542373,55.8684406779661,"Uria aalge",5.24855753585815,0.109790001542128
-138.563559322034,55.8684406779661,"Uria aalge",5.27635526388665,0.101902905726309
-137.955966101695,55.8684406779661,"Uria aalge",5.30283721284911,0.0913548399091059
-137.348372881356,55.8684406779661,"Uria aalge",5.32746296134775,0.078183047419154
-136.740779661017,55.8684406779661,"Uria aalge",5.3494955040067,0.0651377938164783
-136.133186440678,55.8684406779661,"Uria aalge",5.36804029672186,0.0642192050990481
-135.525593220339,55.8684406779661,"Uria aalge",5.38303155739219,0.0896029255208904
-134.918,55.8684406779661,"Uria aalge",5.39684033628578,0.127021886342941
-170.766,56.1387118644068,"Uria aalge",4.36193774398551,0.0954699140520557
-170.158406779661,56.1387118644068,"Uria aalge",4.32890822289722,0.0861353758060991
-169.550813559322,56.1387118644068,"Uria aalge",4.29326501219703,0.0773790012930475
-168.943220338983,56.1387118644068,"Uria aalge",4.25443457490054,0.0695072083909384
-168.335627118644,56.1387118644068,"Uria aalge",4.21430025050963,0.0655099139434788
-167.728033898305,56.1387118644068,"Uria aalge",4.17481485109356,0.0668419785073555
-167.120440677966,56.1387118644068,"Uria aalge",4.13757996820985,0.0721811454738367
-166.512847457627,56.1387118644068,"Uria aalge",4.10414642700571,0.0793937694573829
-165.905254237288,56.1387118644068,"Uria aalge",4.07608683181366,0.0869842221732826
-165.297661016949,56.1387118644068,"Uria aalge",4.05501953573933,0.0942161615472799
-164.69006779661,56.1387118644068,"Uria aalge",4.04264474386275,0.100779378463691
-164.082474576271,56.1387118644068,"Uria aalge",4.04079321445663,0.106504086053204
-163.474881355932,56.1387118644068,"Uria aalge",4.05144691002198,0.11125500680772
-162.867288135593,56.1387118644068,"Uria aalge",4.07662305831617,0.115059153666093
-162.259694915254,56.1387118644068,"Uria aalge",4.11791579860927,0.11839495807279
-161.652101694915,56.1387118644068,"Uria aalge",4.17553338090276,0.122246034744725
-161.044508474576,56.1387118644068,"Uria aalge",4.24721387435938,0.127522692299543
-160.436915254237,56.1387118644068,"Uria aalge",4.32807913649721,0.134383756721359
-159.829322033898,56.1387118644068,"Uria aalge",4.41189334165906,0.142156912195769
-159.221728813559,56.1387118644068,"Uria aalge",4.49286059880875,0.149665338018348
-158.61413559322,56.1387118644068,"Uria aalge",4.56691415235534,0.155763171269329
-158.006542372881,56.1387118644068,"Uria aalge",4.63205919740674,0.159831443871405
-157.398949152542,56.1387118644068,"Uria aalge",4.68792558705722,0.161910981402412
-156.791355932203,56.1387118644068,"Uria aalge",4.73504228563273,0.16251283741779
-156.183762711864,56.1387118644068,"Uria aalge",4.77425047103839,0.162343032007617
-155.576169491525,56.1387118644068,"Uria aalge",4.80636336902112,0.162080750010153
-154.968576271186,56.1387118644068,"Uria aalge",4.83200494084305,0.162232528695479
-154.360983050847,56.1387118644068,"Uria aalge",4.85154493119737,0.163046839336663
-153.753389830508,56.1387118644068,"Uria aalge",4.86509687162626,0.164475488518989
-153.14579661017,56.1387118644068,"Uria aalge",4.87261005312658,0.166183866845017
-152.53820338983,56.1387118644068,"Uria aalge",4.87414016013369,0.167640776146164
-151.930610169492,56.1387118644068,"Uria aalge",4.8703293377144,0.168319502168324
-151.323016949153,56.1387118644068,"Uria aalge",4.86283701832648,0.16792938725289
-150.715423728814,56.1387118644068,"Uria aalge",4.85420829974768,0.166481082260667
-150.107830508475,56.1387118644068,"Uria aalge",4.84709428476198,0.164156751418691
-149.500237288136,56.1387118644068,"Uria aalge",4.84345991672066,0.161185296830032
-148.892644067797,56.1387118644068,"Uria aalge",4.84431292263789,0.157810577152034
-148.285050847458,56.1387118644068,"Uria aalge",4.84987565689038,0.154272744684242
-147.677457627119,56.1387118644068,"Uria aalge",4.85988788422546,0.150757678078618
-147.06986440678,56.1387118644068,"Uria aalge",4.87385712667038,0.147349142136858
-146.462271186441,56.1387118644068,"Uria aalge",4.89121970983178,0.144030151252754
-145.854677966102,56.1387118644068,"Uria aalge",4.91143167646834,0.140742154584828
-145.247084745763,56.1387118644068,"Uria aalge",4.93401141255407,0.137462928402416
-144.639491525424,56.1387118644068,"Uria aalge",4.95854883590219,0.134248752938759
-144.031898305085,56.1387118644068,"Uria aalge",4.98469489034455,0.131219014684739
-143.424305084746,56.1387118644068,"Uria aalge",5.01214453353457,0.128502788679556
-142.816711864407,56.1387118644068,"Uria aalge",5.0406213779747,0.126178544717632
-142.209118644068,56.1387118644068,"Uria aalge",5.06986623416736,0.124227026420636
-141.601525423729,56.1387118644068,"Uria aalge",5.09962868359277,0.122504641083957
-140.99393220339,56.1387118644068,"Uria aalge",5.12966011786161,0.120736734465801
-140.386338983051,56.1387118644068,"Uria aalge",5.15970683149151,0.1185251927713
-139.778745762712,56.1387118644068,"Uria aalge",5.18950181856094,0.115362483084271
-139.171152542373,56.1387118644068,"Uria aalge",5.21875350122992,0.110645819124017
-138.563559322034,56.1387118644068,"Uria aalge",5.2471282751285,0.103693490807403
-137.955966101695,56.1387118644068,"Uria aalge",5.27422036750145,0.0937949912901558
-137.348372881356,56.1387118644068,"Uria aalge",5.29949408537578,0.0804630808335272
-136.740779661017,56.1387118644068,"Uria aalge",5.32216611606468,0.0648493370022511
-136.133186440678,56.1387118644068,"Uria aalge",5.34104180260102,0.0571324336662234
-135.525593220339,56.1387118644068,"Uria aalge",5.35544227870624,0.0806368867354613
-134.918,56.1387118644068,"Uria aalge",5.36872399525171,0.120330797441703
-170.766,56.4089830508475,"Uria aalge",4.34251980365786,0.096523753047705
-170.158406779661,56.4089830508475,"Uria aalge",4.30879846978293,0.0877432128478433
-169.550813559322,56.4089830508475,"Uria aalge",4.27237112578177,0.0797647405991738
-168.943220338983,56.4089830508475,"Uria aalge",4.23210991984435,0.0722289443853029
-168.335627118644,56.4089830508475,"Uria aalge",4.19051148328193,0.0686151825589187
-167.728033898305,56.4089830508475,"Uria aalge",4.14955618689942,0.0702713828484708
-167.120440677966,56.4089830508475,"Uria aalge",4.11082780666727,0.0757762512091387
-166.512847457627,56.4089830508475,"Uria aalge",4.07587313683164,0.0829937015871313
-165.905254237288,56.4089830508475,"Uria aalge",4.04626748220898,0.0904404260570706
-165.297661016949,56.4089830508475,"Uria aalge",4.02364015339299,0.0974118573244763
-164.69006779661,56.4089830508475,"Uria aalge",4.00971821902431,0.103646780603427
-164.082474576271,56.4089830508475,"Uria aalge",4.00639887750749,0.109004671480748
-163.474881355932,56.4089830508475,"Uria aalge",4.01582034192156,0.113316720689283
-162.867288135593,56.4089830508475,"Uria aalge",4.04031916854476,0.116522067733021
-162.259694915254,56.4089830508475,"Uria aalge",4.08199626129792,0.119087254220059
-161.652101694915,56.4089830508475,"Uria aalge",4.14153786857942,0.12221396343003
-161.044508474576,56.4089830508475,"Uria aalge",4.21664744557882,0.127090180209916
-160.436915254237,56.4089830508475,"Uria aalge",4.30170508317462,0.13393186958589
-159.829322033898,56.4089830508475,"Uria aalge",4.38944393439069,0.141930136484291
-159.221728813559,56.4089830508475,"Uria aalge",4.47327045394644,0.149638993637186
-158.61413559322,56.4089830508475,"Uria aalge",4.54881596616876,0.155646273549607
-158.006542372881,56.4089830508475,"Uria aalge",4.61424256958855,0.159231060257289
-157.398949152542,56.4089830508475,"Uria aalge",4.66955305225138,0.160494288854459
-156.791355932203,56.4089830508475,"Uria aalge",4.71563866911322,0.160072461941416
-156.183762711864,56.4089830508475,"Uria aalge",4.75360091050345,0.15879412695085
-155.576169491525,56.4089830508475,"Uria aalge",4.78441314758016,0.157437437113641
-154.968576271186,56.4089830508475,"Uria aalge",4.80878482090096,0.156585403575091
-154.360983050847,56.4089830508475,"Uria aalge",4.82711054012629,0.156544441181497
-153.753389830508,56.4089830508475,"Uria aalge",4.83946048240865,0.157303166069676
-153.14579661017,56.4089830508475,"Uria aalge",4.84565168327226,0.158527302105118
-152.53820338983,56.4089830508475,"Uria aalge",4.8455329142021,0.15963285797337
-151.930610169492,56.4089830508475,"Uria aalge",4.8396009693493,0.160014121825058
-151.323016949153,56.4089830508475,"Uria aalge",4.82965687485758,0.159350523409485
-150.715423728814,56.4089830508475,"Uria aalge",4.81869118115074,0.157684303073499
-150.107830508475,56.4089830508475,"Uria aalge",4.80979531221528,0.155217910755472
-149.500237288136,56.4089830508475,"Uria aalge",4.80510921606769,0.152168823680093
-148.892644067797,56.4089830508475,"Uria aalge",4.80557031106815,0.148779019699156
-148.285050847458,56.4089830508475,"Uria aalge",4.81122784468775,0.14531200706713
-147.677457627119,56.4089830508475,"Uria aalge",4.82164766676267,0.141979663107989
-147.06986440678,56.4089830508475,"Uria aalge",4.83620025520788,0.138867443618774
-146.462271186441,56.4089830508475,"Uria aalge",4.85422582779587,0.135929910864972
-145.854677966102,56.4089830508475,"Uria aalge",4.87511978960793,0.133070051817083
-145.247084745763,56.4089830508475,"Uria aalge",4.89836821492957,0.130245642051682
-144.639491525424,56.4089830508475,"Uria aalge",4.92354837020097,0.127523068090095
-144.031898305085,56.4089830508475,"Uria aalge",4.95030928850138,0.125051227419826
-143.424305084746,56.4089830508475,"Uria aalge",4.9783483338005,0.122989555179905
-142.816711864407,56.4089830508475,"Uria aalge",5.00739269742914,0.12143430301584
-142.209118644068,56.4089830508475,"Uria aalge",5.0371869502419,0.120366468603375
-141.601525423729,56.4089830508475,"Uria aalge",5.06748455508201,0.119627191339698
-140.99393220339,56.4089830508475,"Uria aalge",5.09804115031904,0.118917126545453
-140.386338983051,56.4089830508475,"Uria aalge",5.12860800808116,0.117810876691195
-139.778745762712,56.4089830508475,"Uria aalge",5.15892434194865,0.115775390670647
-139.171152542373,56.4089830508475,"Uria aalge",5.18870682238645,0.112183120187159
-138.563559322034,56.4089830508475,"Uria aalge",5.21763339961431,0.106316708163459
-137.955966101695,56.4089830508475,"Uria aalge",5.24531509437628,0.0973774858924136
-137.348372881356,56.4089830508475,"Uria aalge",5.27123941491242,0.0845787398081673
-136.740779661017,56.4089830508475,"Uria aalge",5.29463549834194,0.0678568213433438
-136.133186440678,56.4089830508475,"Uria aalge",5.31410533737794,0.0534351490082454
-135.525593220339,56.4089830508475,"Uria aalge",5.3278123053271,0.0720760219533751
-134.918,56.4089830508475,"Uria aalge",5.34052994864135,0.113633351581741
-170.766,56.6792542372881,"Uria aalge",4.32338854661576,0.0974682031394452
-170.158406779661,56.6792542372881,"Uria aalge",4.28886252797599,0.0890659853949368
-169.550813559322,56.6792542372881,"Uria aalge",4.25155199120083,0.0817495336854282
-168.943220338983,56.6792542372881,"Uria aalge",4.21009126926644,0.0748885940227567
-168.335627118644,56.6792542372881,"Uria aalge",4.16724175434956,0.0720044855366792
-167.728033898305,56.6792542372881,"Uria aalge",4.12496334434604,0.0741800217386828
-167.120440677966,56.6792542372881,"Uria aalge",4.08484921777656,0.0799081121256643
-166.512847457627,56.6792542372881,"Uria aalge",4.04845731461585,0.087096303015811
-165.905254237288,56.6792542372881,"Uria aalge",4.0173718881567,0.094317674463933
-165.297661016949,56.6792542372881,"Uria aalge",3.99322967725339,0.100931047427404
-164.69006779661,56.6792542372881,"Uria aalge",3.97777017790763,0.106751741473335
-164.082474576271,56.6792542372881,"Uria aalge",3.97293144874582,0.111693957144578
-163.474881355932,56.6792542372881,"Uria aalge",3.98097796614764,0.115564060762849
-162.867288135593,56.6792542372881,"Uria aalge",4.00456293022099,0.118179804146478
-162.259694915254,56.6792542372881,"Uria aalge",4.04638844899547,0.119937762375873
-161.652101694915,56.6792542372881,"Uria aalge",4.10781671013987,0.122288842042572
-161.044508474576,56.6792542372881,"Uria aalge",4.18659458670468,0.12677985451255
-160.436915254237,56.6792542372881,"Uria aalge",4.27618523050318,0.13367683561963
-159.829322033898,56.6792542372881,"Uria aalge",4.36807014807326,0.142018985548037
-159.221728813559,56.6792542372881,"Uria aalge",4.45474025743926,0.150036911217724
-158.61413559322,56.6792542372881,"Uria aalge",4.53153950669878,0.155991058985346
-158.006542372881,56.6792542372881,"Uria aalge",4.59690015769567,0.159061091094118
-157.398949152542,56.6792542372881,"Uria aalge",4.65131012211278,0.159445525172577
-156.791355932203,56.6792542372881,"Uria aalge",4.69607682430821,0.157931937229554
-156.183762711864,56.6792542372881,"Uria aalge",4.73257038127822,0.155476216945554
-155.576169491525,56.6792542372881,"Uria aalge",4.76191595827786,0.152949131975354
-154.968576271186,56.6792542372881,"Uria aalge",4.78490110341364,0.15100255918842
-154.360983050847,56.6792542372881,"Uria aalge",4.80194520464279,0.149999793822315
-153.753389830508,56.6792542372881,"Uria aalge",4.81307862859419,0.14997781815793
-153.14579661017,56.6792542372881,"Uria aalge",4.81797430105785,0.150624435824299
-152.53820338983,56.6792542372881,"Uria aalge",4.8162162619224,0.151315482256842
-151.930610169492,56.6792542372881,"Uria aalge",4.8080692936911,0.151358095224403
-151.323016949153,56.6792542372881,"Uria aalge",4.79548016519275,0.150404368482105
-150.715423728814,56.6792542372881,"Uria aalge",4.78202253820311,0.148546101114428
-150.107830508475,56.6792542372881,"Uria aalge",4.77133713737747,0.145992613712388
-149.500237288136,56.6792542372881,"Uria aalge",4.7657238653316,0.142917254292765
-148.892644067797,56.6792542372881,"Uria aalge",4.7659779191822,0.139548612331126
-148.285050847458,56.6792542372881,"Uria aalge",4.77191770894669,0.136184887808901
-147.677457627119,56.6792542372881,"Uria aalge",4.78290713341017,0.13307943780225
-147.06986440678,56.6792542372881,"Uria aalge",4.79817117704708,0.130324679959015
-146.462271186441,56.6792542372881,"Uria aalge",4.81695427098139,0.127838525394578
-145.854677966102,56.6792542372881,"Uria aalge",4.83859513365821,0.125472374318821
-145.247084745763,56.6792542372881,"Uria aalge",4.86255351165986,0.123158118836469
-144.639491525424,56.6792542372881,"Uria aalge",4.88840051540765,0.120976250725498
-144.031898305085,56.6792542372881,"Uria aalge",4.91578854104966,0.119112034584386
-143.424305084746,56.6792542372881,"Uria aalge",4.94442078903791,0.117758442293147
-142.816711864407,56.6792542372881,"Uria aalge",4.97402999649148,0.117027428626717
-142.209118644068,56.6792542372881,"Uria aalge",5.00436556487766,0.116894720312946
-141.601525423729,56.6792542372881,"Uria aalge",5.03518538856447,0.117180264705096
-140.99393220339,56.6792542372881,"Uria aalge",5.06624956743246,0.117556519821656
-140.386338983051,56.6792542372881,"Uria aalge",5.09731430519566,0.117571492610055
-139.778745762712,56.6792542372881,"Uria aalge",5.12812475985273,0.116672508236708
-139.171152542373,56.6792542372881,"Uria aalge",5.15840540652634,0.114220254731093
-138.563559322034,56.6792542372881,"Uria aalge",5.18784541448227,0.109488519084462
-137.955966101695,56.6792542372881,"Uria aalge",5.21607361865741,0.101653910699463
-137.348372881356,56.6792542372881,"Uria aalge",5.2426089838651,0.0898124651806576
-136.740779661017,56.6792542372881,"Uria aalge",5.26674004730594,0.0732777207246994
-136.133186440678,56.6792542372881,"Uria aalge",5.28710761940047,0.0545210559824889
-135.525593220339,56.6792542372881,"Uria aalge",5.30020848228596,0.0640806201613922
-134.918,56.6792542372881,"Uria aalge",5.31241933625268,0.106283135041107
-170.766,56.9495254237288,"Uria aalge",4.30457762170748,0.0982781148051651
-170.158406779661,56.9495254237288,"Uria aalge",4.26911829019227,0.0900423549108373
-169.550813559322,56.9495254237288,"Uria aalge",4.23066028926577,0.0830790536191638
-168.943220338983,56.9495254237288,"Uria aalge",4.18841739001652,0.0773685799235464
-168.335627118644,56.9495254237288,"Uria aalge",4.14455801365334,0.0755462715551521
-167.728033898305,56.9495254237288,"Uria aalge",4.10111725051853,0.0784233140671339
-167.120440677966,56.9495254237288,"Uria aalge",4.05973837905732,0.0844449051494537
-166.512847457627,56.9495254237288,"Uria aalge",4.02200866460969,0.0915928246937075
-165.905254237288,56.9495254237288,"Uria aalge",3.98952983948412,0.0985238612607871
-165.297661016949,56.9495254237288,"Uria aalge",3.96394467603525,0.104685350088533
-164.69006779661,56.9495254237288,"Uria aalge",3.94699123894183,0.109998559097819
-164.082474576271,56.9495254237288,"Uria aalge",3.94061888257126,0.114466997010399
-163.474881355932,56.9495254237288,"Uria aalge",3.94717349021951,0.117896170505631
-162.867288135593,56.9495254237288,"Uria aalge",3.96959210684302,0.119956398321624
-162.259694915254,56.9495254237288,"Uria aalge",4.01125954709408,0.120887952629105
-161.652101694915,56.9495254237288,"Uria aalge",4.0744833954577,0.122415543916903
-161.044508474576,56.9495254237288,"Uria aalge",4.15718287727991,0.126556949405737
-160.436915254237,56.9495254237288,"Uria aalge",4.25166192267615,0.133595316756362
-159.829322033898,56.9495254237288,"Uria aalge",4.34789301811962,0.142419429958942
-159.221728813559,56.9495254237288,"Uria aalge",4.43733032617471,0.150870475795311
-158.61413559322,56.9495254237288,"Uria aalge",4.51506063848419,0.156803432950005
-158.006542372881,56.9495254237288,"Uria aalge",4.57993916591679,0.159316817146924
-157.398949152542,56.9495254237288,"Uria aalge",4.63307065037351,0.15876143560938
-156.791355932203,56.9495254237288,"Uria aalge",4.67622361794003,0.156103304831365
-156.183762711864,56.9495254237288,"Uria aalge",4.71102952640742,0.1524242858703
-155.576169491525,56.9495254237288,"Uria aalge",4.73874612716411,0.148673611003915
-154.968576271186,56.9495254237288,"Uria aalge",4.76022668030038,0.145556131315169
-154.360983050847,56.9495254237288,"Uria aalge",4.7759158836272,0.143483099647258
-153.753389830508,56.9495254237288,"Uria aalge",4.78581566247907,0.142548779599528
-153.14579661017,56.9495254237288,"Uria aalge",4.78945618858094,0.142494398298264
-152.53820338983,56.9495254237288,"Uria aalge",4.78609697965906,0.142684500678381
-151.930610169492,56.9495254237288,"Uria aalge",4.77564466406936,0.14233474049738
-151.323016949153,56.9495254237288,"Uria aalge",4.76018258890744,0.141077124133004
-150.715423728814,56.9495254237288,"Uria aalge",4.74406696383398,0.139080858168366
-150.107830508475,56.9495254237288,"Uria aalge",4.73162551844555,0.136529229825957
-149.500237288136,56.9495254237288,"Uria aalge",4.72526954892009,0.133496256647218
-148.892644067797,56.9495254237288,"Uria aalge",4.72554874572669,0.130185758101708
-148.285050847458,56.9495254237288,"Uria aalge",4.73198543080415,0.126952499211426
-147.677457627119,56.9495254237288,"Uria aalge",4.74371817888821,0.124115567360925
-147.06986440678,56.9495254237288,"Uria aalge",4.75982428369221,0.121782613539854
-146.462271186441,56.9495254237288,"Uria aalge",4.77945686565812,0.119823588014177
-145.854677966102,56.9495254237288,"Uria aalge",4.80190419412579,0.11801995217297
-145.247084745763,56.9495254237288,"Uria aalge",4.82660738310835,0.116270294754128
-144.639491525424,56.9495254237288,"Uria aalge",4.85313922429167,0.114675241428103
-144.031898305085,56.9495254237288,"Uria aalge",4.88116132180602,0.113464521913686
-143.424305084746,56.9495254237288,"Uria aalge",4.91038610194382,0.11286665117574
-142.816711864407,56.9495254237288,"Uria aalge",4.94055356355881,0.113004828148547
-142.209118644068,56.9495254237288,"Uria aalge",4.97141875361945,0.11384194261683
-141.601525423729,56.9495254237288,"Uria aalge",5.00274431803795,0.115169925165006
-140.99393220339,56.9495254237288,"Uria aalge",5.03429478841642,0.116629540759633
-140.386338983051,56.9495254237288,"Uria aalge",5.06583092470935,0.117742714340134
-139.778745762712,56.9495254237288,"Uria aalge",5.09710301835593,0.117941066864804
-139.171152542373,56.9495254237288,"Uria aalge",5.12784190427198,0.11658046239952
-138.563559322034,56.9495254237288,"Uria aalge",5.15774552055004,0.11293790004251
-137.955966101695,56.9495254237288,"Uria aalge",5.18645642703904,0.106192975051021
-137.348372881356,56.9495254237288,"Uria aalge",5.21351878323454,0.0954131522580889
-136.740779661017,56.9495254237288,"Uria aalge",5.23827888938392,0.0796770411177398
-136.133186440678,56.9495254237288,"Uria aalge",5.25956433398236,0.0595470579897569
-135.525593220339,56.9495254237288,"Uria aalge",5.27301645839741,0.0565843355964551
-134.918,56.9495254237288,"Uria aalge",5.28463256527005,0.0974538199644056
-170.766,57.2197966101695,"Uria aalge",4.28615989329065,0.0989997252960964
-170.158406779661,57.2197966101695,"Uria aalge",4.24971865195145,0.0908104323084049
-169.550813559322,57.2197966101695,"Uria aalge",4.21018869494893,0.0842490711206949
-168.943220338983,57.2197966101695,"Uria aalge",4.16724462778146,0.0797650218205363
-168.335627118644,57.2197966101695,"Uria aalge",4.12256325352562,0.0791994780644154
-167.728033898305,57.2197966101695,"Uria aalge",4.07811419230883,0.0829108588780287
-167.120440677966,57.2197966101695,"Uria aalge",4.03559646703216,0.0892892813754421
-166.512847457627,57.2197966101695,"Uria aalge",3.99663984999489,0.0963970202152811
-165.905254237288,57.2197966101695,"Uria aalge",3.96287272852975,0.10298292935587
-165.297661016949,57.2197966101695,"Uria aalge",3.93594486076253,0.108598014086047
-164.69006779661,57.2197966101695,"Uria aalge",3.91758123048336,0.113296992493117
-164.082474576271,57.2197966101695,"Uria aalge",3.90971218035282,0.117213801010485
-163.474881355932,57.2197966101695,"Uria aalge",3.91470787783776,0.120195048524398
-162.867288135593,57.2197966101695,"Uria aalge",3.93571616735586,0.121758577223101
-162.259694915254,57.2197966101695,"Uria aalge",3.97684148163715,0.121871341590156
-161.652101694915,57.2197966101695,"Uria aalge",4.04169528258038,0.12253032785477
-161.044508474576,57.2197966101695,"Uria aalge",4.12858136113202,0.126386490645698
-160.436915254237,57.2197966101695,"Uria aalge",4.22829425830916,0.133655548039306
-159.829322033898,57.2197966101695,"Uria aalge",4.32902395944069,0.143120043036684
-159.221728813559,57.2197966101695,"Uria aalge",4.42107173976252,0.152142236421761
-158.61413559322,57.2197966101695,"Uria aalge",4.49930964470132,0.158071163284141
-158.006542372881,57.2197966101695,"Uria aalge",4.56322059815652,0.159970691890538
-157.398949152542,57.2197966101695,"Uria aalge",4.61467479265867,0.158419555048229
-156.791355932203,57.2197966101695,"Uria aalge",4.65592664607369,0.154587451373008
-156.183762711864,57.2197966101695,"Uria aalge",4.68884046121716,0.149672288199386
-155.576169491525,57.2197966101695,"Uria aalge",4.71477538136415,0.144679432270039
-154.968576271186,57.2197966101695,"Uria aalge",4.73463266777905,0.140341572735294
-154.360983050847,57.2197966101695,"Uria aalge",4.74888269939508,0.137097245687453
-153.753389830508,57.2197966101695,"Uria aalge",4.75751866851774,0.135097762184664
-153.14579661017,57.2197966101695,"Uria aalge",4.75995011798178,0.134177176259328
-152.53820338983,57.2197966101695,"Uria aalge",4.75506232441469,0.133744721133172
-151.930610169492,57.2197966101695,"Uria aalge",4.74222261312433,0.132930951226855
-151.323016949153,57.2197966101695,"Uria aalge",4.72361188684527,0.131363261323032
-150.715423728814,57.2197966101695,"Uria aalge",4.70466657227032,0.129331330832783
-150.107830508475,57.2197966101695,"Uria aalge",4.69056881426976,0.126919390546701
-149.500237288136,57.2197966101695,"Uria aalge",4.68373235773216,0.124014870084407
-148.892644067797,57.2197966101695,"Uria aalge",4.68432034177436,0.120793382517408
-148.285050847458,57.2197966101695,"Uria aalge",4.69149238827061,0.117705295522843
-147.677457627119,57.2197966101695,"Uria aalge",4.70414862687283,0.115171005196168
-147.06986440678,57.2197966101695,"Uria aalge",4.72122527244546,0.113325123088105
-146.462271186441,57.2197966101695,"Uria aalge",4.74179328890903,0.111973758057813
-145.854677966102,57.2197966101695,"Uria aalge",4.76509871568448,0.110802697358873
-145.247084745763,57.2197966101695,"Uria aalge",4.79057333060536,0.109668292208103
-144.639491525424,57.2197966101695,"Uria aalge",4.81780080839603,0.1087006060837
-144.031898305085,57.2197966101695,"Uria aalge",4.84645817264802,0.108183159770408
-143.424305084746,57.2197966101695,"Uria aalge",4.87627016641259,0.108380078079036
-142.816711864407,57.2197966101695,"Uria aalge",4.9069853692325,0.109418706884296
-142.209118644068,57.2197966101695,"Uria aalge",4.93836498662809,0.111240124426661
-141.601525423729,57.2197966101695,"Uria aalge",4.97017651401362,0.113601711336433
-140.99393220339,57.2197966101695,"Uria aalge",5.00218868379769,0.11611024653384
-140.386338983051,57.2197966101695,"Uria aalge",5.03416619325024,0.118262807354393
-139.778745762712,57.2197966101695,"Uria aalge",5.06586328242953,0.119478073974608
-139.171152542373,57.2197966101695,"Uria aalge",5.09701502163093,0.119109427884193
-138.563559322034,57.2197966101695,"Uria aalge",5.12732423926968,0.1164378472658
-137.955966101695,57.2197966101695,"Uria aalge",5.15643960315107,0.110645649183739
-137.348372881356,57.2197966101695,"Uria aalge",5.18391338642047,0.100778559291183
-136.740779661017,57.2197966101695,"Uria aalge",5.20910168883093,0.0857599339894592
-136.133186440678,57.2197966101695,"Uria aalge",5.23081960343043,0.0651021585068659
-135.525593220339,57.2197966101695,"Uria aalge",5.24544479379125,0.0528110987256559
-134.918,57.2197966101695,"Uria aalge",5.25707395511411,0.0879030808538063
-170.766,57.4900677966102,"Uria aalge",4.26823425117561,0.0997255963867057
-170.158406779661,57.4900677966102,"Uria aalge",4.23085151283452,0.0915649493147914
-169.550813559322,57.4900677966102,"Uria aalge",4.19037643404297,0.0854971763767068
-168.943220338983,57.4900677966102,"Uria aalge",4.14676690695624,0.082228870437244
-168.335627118644,57.4900677966102,"Uria aalge",4.10138517602088,0.0829766045982835
-167.728033898305,57.4900677966102,"Uria aalge",4.05606250361915,0.0875921825863176
-167.120440677966,57.4900677966102,"Uria aalge",4.01252963383662,0.0943733462093857
-166.512847457627,57.4900677966102,"Uria aalge",3.9724641600837,0.101444541518391
-165.905254237288,57.4900677966102,"Uria aalge",3.93753016259875,0.107636505049665
-165.297661016949,57.4900677966102,"Uria aalge",3.90938808749658,0.112607303559406
-164.69006779661,57.4900677966102,"Uria aalge",3.8897422581011,0.116567202223607
-164.082474576271,57.4900677966102,"Uria aalge",3.88047772599844,0.119823745037177
-163.474881355932,57.4900677966102,"Uria aalge",3.88392774719535,0.122323273274731
-162.867288135593,57.4900677966102,"Uria aalge",3.90333546323878,0.123464920990543
-162.259694915254,57.4900677966102,"Uria aalge",3.94346436883832,0.122811161331417
-161.652101694915,57.4900677966102,"Uria aalge",4.00967963330526,0.122557763683794
-161.044508474576,57.4900677966102,"Uria aalge",4.10102321334653,0.126233146617006
-160.436915254237,57.4900677966102,"Uria aalge",4.20625075760888,0.133809988827638
-159.829322033898,57.4900677966102,"Uria aalge",4.31154440366736,0.144098584567228
-159.221728813559,57.4900677966102,"Uria aalge",4.40594578750635,0.153841016652263
-158.61413559322,57.4900677966102,"Uria aalge",4.48415122790125,0.1597551778614
-158.006542372881,57.4900677966102,"Uria aalge",4.5465475269715,0.160964979850845
-157.398949152542,57.4900677966102,"Uria aalge",4.5959264305677,0.158374056512503
-156.791355932203,57.4900677966102,"Uria aalge",4.63501667721366,0.153371641875737
-156.183762711864,57.4900677966102,"Uria aalge",4.665861292351,0.147251261841505
-155.576169491525,57.4900677966102,"Uria aalge",4.68987835894431,0.14104529251073
-154.968576271186,57.4900677966102,"Uria aalge",4.70799453369164,0.135480819112726
-154.360983050847,57.4900677966102,"Uria aalge",4.72070447746547,0.130987874672743
-153.753389830508,57.4900677966102,"Uria aalge",4.72801845864876,0.127754919017895
-153.14579661017,57.4900677966102,"Uria aalge",4.72927481055631,0.125747248459026
-152.53820338983,57.4900677966102,"Uria aalge",4.72296873876007,0.124516208488355
-151.930610169492,57.4900677966102,"Uria aalge",4.70767699499767,0.1231408769018
-151.323016949153,57.4900677966102,"Uria aalge",4.68557486541454,0.121274297617558
-150.715423728814,57.4900677966102,"Uria aalge",4.66363826566225,0.11939158009268
-150.107830508475,57.4900677966102,"Uria aalge",4.64808864172419,0.117323048112705
-149.500237288136,57.4900677966102,"Uria aalge",4.64113082080677,0.114644211898273
-148.892644067797,57.4900677966102,"Uria aalge",4.64236250671331,0.111524351765699
-148.285050847458,57.4900677966102,"Uria aalge",4.65052475288126,0.108573313841889
-147.677457627119,57.4900677966102,"Uria aalge",4.66428332436166,0.106361088404465
-147.06986440678,57.4900677966102,"Uria aalge",4.68245104149307,0.105064493332922
-146.462271186441,57.4900677966102,"Uria aalge",4.70403053707912,0.104403630663152
-145.854677966102,57.4900677966102,"Uria aalge",4.72823500588199,0.103932716905315
-145.247084745763,57.4900677966102,"Uria aalge",4.7544975735876,0.103455945531126
-144.639491525424,57.4900677966102,"Uria aalge",4.78242339625658,0.103147202985741
-144.031898305085,57.4900677966102,"Uria aalge",4.81171115005563,0.103353857277472
-143.424305084746,57.4900677966102,"Uria aalge",4.84210034956742,0.104372713687128
-142.816711864407,57.4900677966102,"Uria aalge",4.87334893549155,0.106325587850769
-142.209118644068,57.4900677966102,"Uria aalge",4.9052244614506,0.109122469653045
-141.601525423729,57.4900677966102,"Uria aalge",4.93749917722903,0.112481323906252
-140.99393220339,57.4900677966102,"Uria aalge",4.96994564596696,0.115974847974124
-140.386338983051,57.4900677966102,"Uria aalge",5.00233175138136,0.119077801503635
-139.778745762712,57.4900677966102,"Uria aalge",5.03441433801883,0.121198262312084
-139.171152542373,57.4900677966102,"Uria aalge",5.06593035965049,0.121686854390659
-138.563559322034,57.4900677966102,"Uria aalge",5.09658329676198,0.119823461101281
-137.955966101695,57.4900677966102,"Uria aalge",5.12601973313215,0.11478031107431
-137.348372881356,57.4900677966102,"Uria aalge",5.15378239824024,0.105556852569175
-136.740779661017,57.4900677966102,"Uria aalge",5.17919379507441,0.0908999458327004
-136.133186440678,57.4900677966102,"Uria aalge",5.20097477126482,0.0697064627097963
-135.525593220339,57.4900677966102,"Uria aalge",5.21666160642779,0.0534599392641954
-134.918,57.4900677966102,"Uria aalge",5.22926898444299,0.0799514180252898
-170.766,57.7603389830509,"Uria aalge",4.2509070597441,0.100561451798472
-170.158406779661,57.7603389830509,"Uria aalge",4.2126765435185,0.0924658112023623
-169.550813559322,57.7603389830509,"Uria aalge",4.17138490924308,0.0869615283359036
-168.943220338983,57.7603389830509,"Uria aalge",4.1271575974903,0.0848697061511618
-168.335627118644,57.7603389830509,"Uria aalge",4.08115978817392,0.0869021662732955
-167.728033898305,57.7603389830509,"Uria aalge",4.03507714229224,0.0924374879688326
-167.120440677966,57.7603389830509,"Uria aalge",3.99064614914392,0.0996490668733225
-166.512847457627,57.7603389830509,"Uria aalge",3.94959277207634,0.106688562755901
-165.905254237288,57.7603389830509,"Uria aalge",3.91362618294605,0.112442708260691
-165.297661016949,57.7603389830509,"Uria aalge",3.88442450616699,0.116668110474496
-164.69006779661,57.7603389830509,"Uria aalge",3.86366949328487,0.119744649012706
-164.082474576271,57.7603389830509,"Uria aalge",3.85318401956382,0.12219277754563
-163.474881355932,57.7603389830509,"Uria aalge",3.85521353540436,0.124125349417751
-162.867288135593,57.7603389830509,"Uria aalge",3.8729568756471,0.12490697880137
-162.259694915254,57.7603389830509,"Uria aalge",3.91161283184576,0.123612781108017
-161.652101694915,57.7603389830509,"Uria aalge",3.97878029589086,0.122404558939506
-161.044508474576,57.7603389830509,"Uria aalge",4.0748410493443,0.126052379937877
-160.436915254237,57.7603389830509,"Uria aalge",4.18568804336437,0.13398286910993
-159.829322033898,57.7603389830509,"Uria aalge",4.29547096519421,0.145317440295002
-159.221728813559,57.7603389830509,"Uria aalge",4.39185433577486,0.155933781325698
-158.61413559322,57.7603389830509,"Uria aalge",4.46935801350276,0.161777342549708
-158.006542372881,57.7603389830509,"Uria aalge",4.52965366802574,0.16220434434596
-157.398949152542,57.7603389830509,"Uria aalge",4.57659369639691,0.158553287189971
-156.791355932203,57.7603389830509,"Uria aalge",4.61331271792042,0.152428332520928
-156.183762711864,57.7603389830509,"Uria aalge",4.6419523495402,0.14518738045418
-155.576169491525,57.7603389830509,"Uria aalge",4.66393949004076,0.137857669347718
-154.968576271186,57.7603389830509,"Uria aalge",4.68020012344952,0.131122830203136
-154.360983050847,57.7603389830509,"Uria aalge",4.69124766862119,0.12535308441226
-153.753389830508,57.7603389830509,"Uria aalge",4.69713489669864,0.120721274185096
-153.14579661017,57.7603389830509,"Uria aalge",4.69720540586128,0.117337509347154
-152.53820338983,57.7603389830509,"Uria aalge",4.68962139223928,0.115045703137599
-151.930610169492,57.7603389830509,"Uria aalge",4.67184787010923,0.112973222550138
-151.323016949153,57.7603389830509,"Uria aalge",4.64581625535501,0.110857378901729
-150.715423728814,57.7603389830509,"Uria aalge",4.62077561531961,0.109448301437062
-150.107830508475,57.7603389830509,"Uria aalge",4.60413930318235,0.10800414256443
-149.500237288136,57.7603389830509,"Uria aalge",4.5975320595565,0.105640026111024
-148.892644067797,57.7603389830509,"Uria aalge",4.59978553320116,0.102597438975177
-148.285050847458,57.7603389830509,"Uria aalge",4.60919641273913,0.0997391639406483
-147.677457627119,57.7603389830509,"Uria aalge",4.62422439335768,0.0978438809618833
-147.06986440678,57.7603389830509,"Uria aalge",4.64358886778296,0.09714892481038
-146.462271186441,57.7603389830509,"Uria aalge",4.66624189549197,0.0972586648733058
-145.854677966102,57.7603389830509,"Uria aalge",4.69137287420245,0.0975464562095496
-145.247084745763,57.7603389830509,"Uria aalge",4.71842810415373,0.0977549343118137
-144.639491525424,57.7603389830509,"Uria aalge",4.74704628946178,0.0981235626906156
-144.031898305085,57.7603389830509,"Uria aalge",4.77695344077178,0.0990727861957576
-143.424305084746,57.7603389830509,"Uria aalge",4.80790525773431,0.100924875873604
-142.816711864407,57.7603389830509,"Uria aalge",4.83966918199074,0.10378444204533
-142.209118644068,57.7603389830509,"Uria aalge",4.8720189986658,0.107522303998604
-141.601525423729,57.7603389830509,"Uria aalge",4.90473147383093,0.111815044543179
-140.99393220339,57.7603389830509,"Uria aalge",4.93758256535447,0.116203872714002
-140.386338983051,57.7603389830509,"Uria aalge",4.97034258118789,0.120145152441183
-139.778745762712,57.7603389830509,"Uria aalge",5.00276969359003,0.123038764326067
-139.171152542373,57.7603389830509,"Uria aalge",5.03460063331622,0.12423163622227
-138.563559322034,57.7603389830509,"Uria aalge",5.06553603658054,0.12299712342669
-137.955966101695,57.7603389830509,"Uria aalge",5.09521458569465,0.118487169592866
-137.348372881356,57.7603389830509,"Uria aalge",5.12316071338862,0.109647294955936
-136.740779661017,57.7603389830509,"Uria aalge",5.14866221900926,0.0951167829630322
-136.133186440678,57.7603389830509,"Uria aalge",5.17048813979182,0.0739041413002401
-135.525593220339,57.7603389830509,"Uria aalge",5.18717470627545,0.056547773007846
-134.918,57.7603389830509,"Uria aalge",5.20094519177823,0.0749404785443232
-170.766,58.0306101694915,"Uria aalge",4.23427911362673,0.101601963301901
-170.158406779661,58.0306101694915,"Uria aalge",4.19532118961506,0.0936230840918777
-169.550813559322,58.0306101694915,"Uria aalge",4.15334082938441,0.0887200241855825
-168.943220338983,58.0306101694915,"Uria aalge",4.10856139413821,0.0877426744532632
-168.335627118644,58.0306101694915,"Uria aalge",4.06201930839861,0.090985896483017
-167.728033898305,58.0306101694915,"Uria aalge",4.01527412895945,0.097420426232432
-167.120440677966,58.0306101694915,"Uria aalge",3.97005331052709,0.105077642178898
-166.512847457627,58.0306101694915,"Uria aalge",3.92813193792202,0.112093459759595
-165.905254237288,58.0306101694915,"Uria aalge",3.89127543426116,0.117372857744122
-165.297661016949,58.0306101694915,"Uria aalge",3.8611903506791,0.120751723908657
-164.69006779661,58.0306101694915,"Uria aalge",3.83954027822773,0.122784513855754
-164.082474576271,58.0306101694915,"Uria aalge",3.82808248505478,0.124234236006183
-163.474881355932,58.0306101694915,"Uria aalge",3.82895129150413,0.125439189635725
-162.867288135593,58.0306101694915,"Uria aalge",3.84518814266474,0.125846860000664
-162.259694915254,58.0306101694915,"Uria aalge",3.88202371815687,0.124132435385485
-161.652101694915,58.0306101694915,"Uria aalge",3.9495498265703,0.121947860193492
-161.044508474576,58.0306101694915,"Uria aalge",4.05051075424493,0.12574886421814
-160.436915254237,58.0306101694915,"Uria aalge",4.16670271828219,0.134056747611151
-159.829322033898,58.0306101694915,"Uria aalge",4.28069923721438,0.146716564671348
-159.221728813559,58.0306101694915,"Uria aalge",4.3785775635031,0.158351244054147
-158.61413559322,58.0306101694915,"Uria aalge",4.45457642633509,0.164003623281983
-158.006542372881,58.0306101694915,"Uria aalge",4.51219576075784,0.163550189955564
-157.398949152542,58.0306101694915,"Uria aalge",4.55641488224299,0.158860508050274
-156.791355932203,58.0306101694915,"Uria aalge",4.59063036029961,0.151716040486617
-156.183762711864,58.0306101694915,"Uria aalge",4.61698406308724,0.143500210744227
-155.576169491525,58.0306101694915,"Uria aalge",4.63686093045147,0.135206121948366
-154.968576271186,58.0306101694915,"Uria aalge",4.65115933861687,0.127438964511281
-154.360983050847,58.0306101694915,"Uria aalge",4.66039934789376,0.120448296389676
-153.753389830508,58.0306101694915,"Uria aalge",4.66469024105689,0.114296279619238
-153.14579661017,58.0306101694915,"Uria aalge",4.66346782603638,0.109181519893093
-152.53820338983,58.0306101694915,"Uria aalge",4.6547365366588,0.105428741554682
-151.930610169492,58.0306101694915,"Uria aalge",4.63451835741032,0.102466333740483
-151.323016949153,58.0306101694915,"Uria aalge",4.6039842205649,0.100236794307056
-150.715423728814,58.0306101694915,"Uria aalge",4.57586444355138,0.0998521972475014
-150.107830508475,58.0306101694915,"Uria aalge",4.55874058363488,0.0993733292218108
-149.500237288136,58.0306101694915,"Uria aalge",4.55307159743242,0.0973635894269985
-148.892644067797,58.0306101694915,"Uria aalge",4.55674774570525,0.0943130842083297
-148.285050847458,58.0306101694915,"Uria aalge",4.56765046294882,0.0914530080224912
-147.677457627119,58.0306101694915,"Uria aalge",4.58409029347899,0.0898326417189983
-147.06986440678,58.0306101694915,"Uria aalge",4.60473467528197,0.0897703970023916
-146.462271186441,58.0306101694915,"Uria aalge",4.62850531539715,0.0907186460960243
-145.854677966102,58.0306101694915,"Uria aalge",4.65457413948021,0.0918041627056326
-145.247084745763,58.0306101694915,"Uria aalge",4.68241349342906,0.0927022576100199
-144.639491525424,58.0306101694915,"Uria aalge",4.71170926341071,0.0937491887499592
-144.031898305085,58.0306101694915,"Uria aalge",4.74221898391869,0.0954433995178549
-143.424305084746,58.0306101694915,"Uria aalge",4.77371450419319,0.0981199348635549
-142.816711864407,58.0306101694915,"Uria aalge",4.80597225614245,0.10185383600288
-142.209118644068,58.0306101694915,"Uria aalge",4.83877190206061,0.106471495935309
-141.601525423729,58.0306101694915,"Uria aalge",4.87189441118051,0.111609774552785
-140.99393220339,58.0306101694915,"Uria aalge",4.90511870925218,0.116783509087548
-140.386338983051,58.0306101694915,"Uria aalge",4.93821686616819,0.12143563982362
-139.778745762712,58.0306101694915,"Uria aalge",4.97094736943049,0.124960564573816
-139.171152542373,58.0306101694915,"Uria aalge",5.00304524823296,0.126701437068759
-138.563559322034,58.0306101694915,"Uria aalge",5.03420633146468,0.125923231367144
-137.955966101695,58.0306101694915,"Uria aalge",5.06405963311824,0.121759000958547
-137.348372881356,58.0306101694915,"Uria aalge",5.09211426749611,0.113127772231024
-136.740779661017,58.0306101694915,"Uria aalge",5.11765513498989,0.098716368544566
-136.133186440678,58.0306101694915,"Uria aalge",5.13962154873437,0.0781246946348745
-135.525593220339,58.0306101694915,"Uria aalge",5.15721513825284,0.0610671355621521
-134.918,58.0306101694915,"Uria aalge",5.17208884721034,0.0729619424563586
-170.766,58.3008813559322,"Uria aalge",4.21843971638788,0.10291833291711
-170.158406779661,58.3008813559322,"Uria aalge",4.17888849928026,0.0951009434338779
-169.550813559322,58.3008813559322,"Uria aalge",4.13634935409575,0.0908022669784258
-168.943220338983,58.3008813559322,"Uria aalge",4.09110006282217,0.0908548387211092
-168.335627118644,58.3008813559322,"Uria aalge",4.04408639523471,0.0952113897559379
-167.728033898305,58.3008813559322,"Uria aalge",3.99676625274891,0.102505905851429
-167.120440677966,58.3008813559322,"Uria aalge",3.95085472461338,0.110619880284415
-166.512847457627,58.3008813559322,"Uria aalge",3.90818047564014,0.117627794455692
-165.905254237288,58.3008813559322,"Uria aalge",3.87057971603708,0.122406599085027
-165.297661016949,58.3008813559322,"Uria aalge",3.83980210092042,0.124843480346171
-164.69006779661,58.3008813559322,"Uria aalge",3.81750285569478,0.125664470897213
-164.082474576271,58.3008813559322,"Uria aalge",3.80538403459831,0.125892217612224
-163.474881355932,58.3008813559322,"Uria aalge",3.8054846379022,0.126124799942479
-162.867288135593,58.3008813559322,"Uria aalge",3.82067317995448,0.125982607486884
-162.259694915254,58.3008813559322,"Uria aalge",3.85583346419623,0.124050185073005
-161.652101694915,58.3008813559322,"Uria aalge",3.92297363216238,0.121015226078632
-161.044508474576,58.3008813559322,"Uria aalge",4.02865551701043,0.125055279816829
-160.436915254237,58.3008813559322,"Uria aalge",4.14924424351873,0.133875761262745
-159.829322033898,58.3008813559322,"Uria aalge",4.26691710658953,0.148197966069891
-159.221728813559,58.3008813559322,"Uria aalge",4.36571181140446,0.160961505168442
-158.61413559322,58.3008813559322,"Uria aalge",4.43928603364105,0.166222669457918
-158.006542372881,58.3008813559322,"Uria aalge",4.49375673624339,0.164820377040817
-157.398949152542,58.3008813559322,"Uria aalge",4.53511237893357,0.159179521216372
-156.791355932203,58.3008813559322,"Uria aalge",4.56679371900013,0.151182846565668
-156.183762711864,58.3008813559322,"Uria aalge",4.59084611002053,0.142201452681844
-155.576169491525,58.3008813559322,"Uria aalge",4.60857092684746,0.133175910048572
-154.968576271186,58.3008813559322,"Uria aalge",4.62081470708301,0.124610330026085
-154.360983050847,58.3008813559322,"Uria aalge",4.62808413575678,0.116578126795573
-153.753389830508,58.3008813559322,"Uria aalge",4.63053482013314,0.108901527282999
-153.14579661017,58.3008813559322,"Uria aalge",4.6277508644859,0.101684747471268
-152.53820338983,58.3008813559322,"Uria aalge",4.61787446736798,0.0958573588201545
-151.930610169492,58.3008813559322,"Uria aalge",4.59536491974061,0.0917208864284001
-151.323016949153,58.3008813559322,"Uria aalge",4.55957877540775,0.0897118017246534
-150.715423728814,58.3008813559322,"Uria aalge",4.52873216108487,0.0912249632808
-150.107830508475,58.3008813559322,"Uria aalge",4.51202786559257,0.0920167544608457
-149.500237288136,58.3008813559322,"Uria aalge",4.50797420528333,0.09028587159204
-148.892644067797,58.3008813559322,"Uria aalge",4.51346024949684,0.0870610808617828
-148.285050847458,58.3008813559322,"Uria aalge",4.52605837507495,0.0840456849596343
-147.677457627119,58.3008813559322,"Uria aalge",4.54401342205871,0.0826081840588216
-147.06986440678,58.3008813559322,"Uria aalge",4.56599022816093,0.0831702024923227
-146.462271186441,58.3008813559322,"Uria aalge",4.59090109555286,0.0849965019735585
-145.854677966102,58.3008813559322,"Uria aalge",4.61790060793272,0.0868839053542661
-145.247084745763,58.3008813559322,"Uria aalge",4.64650148421699,0.0884435690701309
-144.639491525424,58.3008813559322,"Uria aalge",4.6764519024821,0.0901490376909768
-144.031898305085,58.3008813559322,"Uria aalge",4.70754214847351,0.0925711714127586
-143.424305084746,58.3008813559322,"Uria aalge",4.73955849669241,0.0960393802376483
-142.816711864407,58.3008813559322,"Uria aalge",4.77228535290128,0.100588191080506
-142.209118644068,58.3008813559322,"Uria aalge",4.80550778595153,0.105998488510633
-141.601525423729,58.3008813559322,"Uria aalge",4.83901065706218,0.111872648915515
-140.99393220339,58.3008813559322,"Uria aalge",4.87257550867733,0.117706023214771
-140.386338983051,58.3008813559322,"Uria aalge",4.90597569624017,0.122933557255252
-139.778745762712,58.3008813559322,"Uria aalge",4.93896940922564,0.126947246584235
-139.171152542373,58.3008813559322,"Uria aalge",4.97128934140548,0.129088131481063
-138.563559322034,58.3008813559322,"Uria aalge",5.00262637987697,0.128616206491524
-137.955966101695,58.3008813559322,"Uria aalge",5.03260214997624,0.124659834045348
-137.348372881356,58.3008813559322,"Uria aalge",5.06072172811918,0.116163900271678
-136.740779661017,58.3008813559322,"Uria aalge",5.086304777861,0.102015203045928
-136.133186440678,58.3008813559322,"Uria aalge",5.10849982343486,0.0825197227034716
-135.525593220339,58.3008813559322,"Uria aalge",5.12690670828793,0.0664414987391032
-134.918,58.3008813559322,"Uria aalge",5.14277522903579,0.0735633322552911
-170.766,58.5711525423729,"Uria aalge",4.203465037733,0.10455404294076
-170.158406779661,58.5711525423729,"Uria aalge",4.16346308260503,0.0969236831863816
-169.550813559322,58.5711525423729,"Uria aalge",4.12049980318051,0.0931975653721946
-168.943220338983,58.5711525423729,"Uria aalge",4.07487795573082,0.0941737154363068
-168.335627118644,58.5711525423729,"Uria aalge",4.02747256968226,0.0995340539282296
-167.728033898305,58.5711525423729,"Uria aalge",3.97966050832514,0.10764289443357
-167.120440677966,58.5711525423729,"Uria aalge",3.93314840245737,0.116228382894254
-166.512847457627,58.5711525423729,"Uria aalge",3.88982792846933,0.12325734098615
-165.905254237288,58.5711525423729,"Uria aalge",3.85162537576652,0.127525848026618
-165.297661016949,58.5711525423729,"Uria aalge",3.8203518935321,0.128937960732069
-164.69006779661,58.5711525423729,"Uria aalge",3.7976666654099,0.128384047181903
-164.082474576271,58.5711525423729,"Uria aalge",3.78523578620564,0.127153382565026
-163.474881355932,58.5711525423729,"Uria aalge",3.78505333622591,0.12610867036717
-162.867288135593,58.5711525423729,"Uria aalge",3.79992832687128,0.125048237832747
-162.259694915254,58.5711525423729,"Uria aalge",3.83453951141978,0.122643971674135
-161.652101694915,58.5711525423729,"Uria aalge",3.90132380817304,0.119292395442703
-161.044508474576,58.5711525423729,"Uria aalge",4.00984929461364,0.123447066125124
-160.436915254237,58.5711525423729,"Uria aalge",4.13300218691153,0.133290123891157
-159.829322033898,58.5711525423729,"Uria aalge",4.25347189178166,0.149585567768413
-159.221728813559,58.5711525423729,"Uria aalge",4.35256655042582,0.163520114704493
-158.61413559322,58.5711525423729,"Uria aalge",4.42276451120769,0.168125465435577
-158.006542372881,58.5711525423729,"Uria aalge",4.47387116026224,0.165800292072149
-157.398949152542,58.5711525423729,"Uria aalge",4.51241660948094,0.159386427804878
-156.791355932203,58.5711525423729,"Uria aalge",4.54165051368747,0.150772584982381
-156.183762711864,58.5711525423729,"Uria aalge",4.56345706961495,0.141294370971476
-155.576169491525,58.5711525423729,"Uria aalge",4.57903170242585,0.131838274873032
-154.968576271186,58.5711525423729,"Uria aalge",4.58915147605886,0.122805434193802
-154.360983050847,58.5711525423729,"Uria aalge",4.59428320334242,0.114064609725742
-153.753389830508,58.5711525423729,"Uria aalge",4.59458703589715,0.105075544856387
-153.14579661017,58.5711525423729,"Uria aalge",4.58976392129246,0.095524240033216
-152.53820338983,58.5711525423729,"Uria aalge",4.57834743586774,0.0867404635901343
-151.930610169492,58.5711525423729,"Uria aalge",4.55382846448636,0.0809743703687856
-151.323016949153,58.5711525423729,"Uria aalge",4.51191016553293,0.0799906757153054
-150.715423728814,58.5711525423729,"Uria aalge",4.47936644701212,0.0845562642903062
-150.107830508475,58.5711525423729,"Uria aalge",4.46431767382521,0.0866552336529823
-149.500237288136,58.5711525423729,"Uria aalge",4.46256967980241,0.084946767262215
-148.892644067797,58.5711525423729,"Uria aalge",4.47018609241592,0.081303809022671
-148.285050847458,58.5711525423729,"Uria aalge",4.48461601584623,0.077929249070136
-147.677457627119,58.5711525423729,"Uria aalge",4.50413619129871,0.0765240632246241
-147.06986440678,58.5711525423729,"Uria aalge",4.52745916744826,0.0776362699190796
-146.462271186441,58.5711525423729,"Uria aalge",4.55350870879818,0.0803271686489947
-145.854677966102,58.5711525423729,"Uria aalge",4.58141133872864,0.0829666847097166
-145.247084745763,58.5711525423729,"Uria aalge",4.61073751294852,0.0851215296446867
-144.639491525424,58.5711525423729,"Uria aalge",4.64131311596654,0.087444955090679
-144.031898305085,58.5711525423729,"Uria aalge",4.67295751813461,0.090555995468092
-143.424305084746,58.5711525423729,"Uria aalge",4.70546825753428,0.0947564764019421
-142.816711864407,58.5711525423729,"Uria aalge",4.73863652745765,0.100033510894862
-142.209118644068,58.5711525423729,"Uria aalge",4.77225237252371,0.106126150214967
-141.601525423729,58.5711525423729,"Uria aalge",4.80610430819728,0.11261026305906
-140.99393220339,58.5711525423729,"Uria aalge",4.83997626598867,0.118969291941653
-140.386338983051,58.5711525423729,"Uria aalge",4.87364264646506,0.124635467814717
-139.778745762712,58.5711525423729,"Uria aalge",4.90686118406999,0.129001779198946
-139.171152542373,58.5711525423729,"Uria aalge",4.93936247842798,0.131410757901386
-138.563559322034,58.5711525423729,"Uria aalge",4.97083398835757,0.131125660091926
-137.955966101695,58.5711525423729,"Uria aalge",5.00089505900514,0.127292860327364
-137.348372881356,58.5711525423729,"Uria aalge",5.02906075191408,0.118939928129016
-136.740779661017,58.5711525423729,"Uria aalge",5.05471230538938,0.105247478263935
-136.133186440678,58.5711525423729,"Uria aalge",5.07719342469036,0.0871293040990027
-135.525593220339,58.5711525423729,"Uria aalge",5.09633114039903,0.0723333016772099
-134.918,58.5711525423729,"Uria aalge",5.11308914318681,0.0761539552260767
-170.766,58.8414237288136,"Uria aalge",4.18941820427658,0.106525359389779
-170.158406779661,58.8414237288136,"Uria aalge",4.14911459364283,0.0990822746461527
-169.550813559322,58.8414237288136,"Uria aalge",4.10586847063517,0.0958629526600945
-168.943220338983,58.8414237288136,"Uria aalge",4.05998558923975,0.0976359351078876
-168.335627118644,58.8414237288136,"Uria aalge",4.01227857222248,0.103883444272835
-167.728033898305,58.8414237288136,"Uria aalge",3.9640570943163,0.112760890725354
-167.120440677966,58.8414237288136,"Uria aalge",3.91702591419054,0.121841530263284
-166.512847457627,58.8414237288136,"Uria aalge",3.87315369420264,0.12893851505472
-165.905254237288,58.8414237288136,"Uria aalge",3.83448196278599,0.13270790823393
-165.297661016949,58.8414237288136,"Uria aalge",3.80290504430391,0.133031601432743
-164.69006779661,58.8414237288136,"Uria aalge",3.78009636466414,0.130958857941718
-164.082474576271,58.8414237288136,"Uria aalge",3.76770435230553,0.128050621670231
-163.474881355932,58.8414237288136,"Uria aalge",3.76773971589106,0.12542345922012
-162.867288135593,58.8414237288136,"Uria aalge",3.78312203730793,0.123009383619451
-162.259694915254,58.8414237288136,"Uria aalge",3.8188899143294,0.119467989777383
-161.652101694915,58.8414237288136,"Uria aalge",3.88710077345615,0.115762928517539
-161.044508474576,58.8414237288136,"Uria aalge",3.99411831377566,0.120699547728911
-160.436915254237,58.8414237288136,"Uria aalge",4.11734837517866,0.132224030529787
-159.829322033898,58.8414237288136,"Uria aalge",4.23916381872644,0.150534236694633
-159.221728813559,58.8414237288136,"Uria aalge",4.33794220506643,0.165563876497488
-158.61413559322,58.8414237288136,"Uria aalge",4.40410948545611,0.16931047057944
-158.006542372881,58.8414237288136,"Uria aalge",4.45208572420851,0.166272050224858
-157.398949152542,58.8414237288136,"Uria aalge",4.48809924328726,0.159367216037181
-156.791355932203,58.8414237288136,"Uria aalge",4.51508872776834,0.150432973643372
-156.183762711864,58.8414237288136,"Uria aalge",4.53477345920373,0.140773982888089
-155.576169491525,58.8414237288136,"Uria aalge",4.54824576880293,0.13123975461305
-154.968576271186,58.8414237288136,"Uria aalge",4.5562053683775,0.122150031296509
-154.360983050847,58.8414237288136,"Uria aalge",4.55905130192678,0.113185513849131
-153.753389830508,58.8414237288136,"Uria aalge",4.55688175912119,0.103396983085412
-153.14579661017,58.8414237288136,"Uria aalge",4.54937010921091,0.091712323036565
-152.53820338983,58.8414237288136,"Uria aalge",4.53526820341289,0.0790375376851436
-151.930610169492,58.8414237288136,"Uria aalge",4.50862167535551,0.0707711846907134
-151.323016949153,58.8414237288136,"Uria aalge",4.46026316336138,0.072660388332309
-150.715423728814,58.8414237288136,"Uria aalge",4.42814089935061,0.0810924329989599
-150.107830508475,58.8414237288136,"Uria aalge",4.4161710241366,0.0839562194177429
-149.500237288136,58.8414237288136,"Uria aalge",4.41729353721397,0.0818412308277832
-148.892644067797,58.8414237288136,"Uria aalge",4.42723097295388,0.0775123679366116
-148.285050847458,58.8414237288136,"Uria aalge",4.44353603653836,0.0735641911138097
-147.677457627119,58.8414237288136,"Uria aalge",4.46460589996312,0.0719894057393253
-147.06986440678,58.8414237288136,"Uria aalge",4.48924208461901,0.0734831105544003
-146.462271186441,58.8414237288136,"Uria aalge",4.51640236883126,0.0769401384288387
-145.854677966102,58.8414237288136,"Uria aalge",4.54515882176328,0.0802102598535602
-145.247084745763,58.8414237288136,"Uria aalge",4.57516357632157,0.0828606845367546
-144.639491525424,58.8414237288136,"Uria aalge",4.6063310282598,0.0857449343131866
-144.031898305085,58.8414237288136,"Uria aalge",4.6384998192898,0.0894829336118607
-143.424305084746,58.8414237288136,"Uria aalge",4.67147527710522,0.0943293048726511
-142.816711864407,58.8414237288136,"Uria aalge",4.70505449958367,0.100223194495636
-142.209118644068,58.8414237288136,"Uria aalge",4.7390322617167,0.106869739902769
-141.601525423729,58.8414237288136,"Uria aalge",4.77320061627434,0.113827627254491
-140.99393220339,58.8414237288136,"Uria aalge",4.80734580121404,0.120575616042838
-140.386338983051,58.8414237288136,"Uria aalge",4.84124326807209,0.126547920252001
-139.778745762712,58.8414237288136,"Uria aalge",4.87465057684097,0.13114213233952
-139.171152542373,58.8414237288136,"Uria aalge",4.90729722341473,0.133707492734459
-138.563559322034,58.8414237288136,"Uria aalge",4.93886990899261,0.133521856040045
-137.955966101695,58.8414237288136,"Uria aalge",4.96899201018667,0.129774623934169
-137.348372881356,58.8414237288136,"Uria aalge",4.99720100150326,0.121621288984554
-136.740779661017,58.8414237288136,"Uria aalge",5.02295223380375,0.108564930033302
-136.133186440678,58.8414237288136,"Uria aalge",5.0457505319577,0.0919563039394798
-135.525593220339,58.8414237288136,"Uria aalge",5.06554889991868,0.0785454485775428
-134.918,58.8414237288136,"Uria aalge",5.08310480605804,0.0801867427031567
-170.766,59.1116949152542,"Uria aalge",4.17634982617088,0.108824565525184
-170.158406779661,59.1116949152542,"Uria aalge",4.13589960458145,0.101541611275645
-169.550813559322,59.1116949152542,"Uria aalge",4.09252000437373,0.0987317144465633
-168.943220338983,59.1116949152542,"Uria aalge",4.0465017344248,0.101155668115008
-168.335627118644,59.1116949152542,"Uria aalge",3.99859533600305,0.108167349068248
-167.728033898305,59.1116949152542,"Uria aalge",3.95004957076922,0.117768695564346
-167.120440677966,59.1116949152542,"Uria aalge",3.90257269222259,0.127378874607394
-166.512847457627,59.1116949152542,"Uria aalge",3.85822735055023,0.134612310817363
-165.905254237288,59.1116949152542,"Uria aalge",3.81920245835126,0.137918153178486
-165.297661016949,59.1116949152542,"Uria aalge",3.78750034334054,0.137113025308574
-164.69006779661,59.1116949152542,"Uria aalge",3.76481127089596,0.133409062671557
-164.082474576271,59.1116949152542,"Uria aalge",3.75277155132087,0.128653085495459
-163.474881355932,59.1116949152542,"Uria aalge",3.75345035411288,0.124211515977362
-162.867288135593,59.1116949152542,"Uria aalge",3.76997535303248,0.120155218251997
-162.259694915254,59.1116949152542,"Uria aalge",3.80780066995192,0.115375780475192
-161.652101694915,59.1116949152542,"Uria aalge",3.87708002720185,0.111985595202494
-161.044508474576,59.1116949152542,"Uria aalge",3.98068011581436,0.117441986603678
-160.436915254237,59.1116949152542,"Uria aalge",4.10146784652057,0.13069367917865
-159.829322033898,59.1116949152542,"Uria aalge",4.2221114341619,0.150433183855711
-159.221728813559,59.1116949152542,"Uria aalge",4.31954318155478,0.166153615136191
-158.61413559322,59.1116949152542,"Uria aalge",4.38244199512017,0.169373368046079
-158.006542372881,59.1116949152542,"Uria aalge",4.42805515394552,0.166062596226978
-157.398949152542,59.1116949152542,"Uria aalge",4.46201011414243,0.159038155320761
-156.791355932203,59.1116949152542,"Uria aalge",4.48705209042574,0.150124090140873
-156.183762711864,59.1116949152542,"Uria aalge",4.50479679815678,0.140627903077673
-155.576169491525,59.1116949152542,"Uria aalge",4.51625959377878,0.131392928399288
-154.968576271186,59.1116949152542,"Uria aalge",4.52206606610938,0.122696458481212
-154.360983050847,59.1116949152542,"Uria aalge",4.52252614556358,0.114093255717723
-153.753389830508,59.1116949152542,"Uria aalge",4.51760893312272,0.10430763593408
-153.14579661017,59.1116949152542,"Uria aalge",4.50676739453096,0.0914229883618269
-152.53820338983,59.1116949152542,"Uria aalge",4.48831478901359,0.0748683276477574
-151.930610169492,59.1116949152542,"Uria aalge",4.45558975399108,0.0626720408790415
-151.323016949153,59.1116949152542,"Uria aalge",4.40477917633283,0.0704073890899316
-150.715423728814,59.1116949152542,"Uria aalge",4.37612480601187,0.0817047543507363
-150.107830508475,59.1116949152542,"Uria aalge",4.36841079724277,0.0842141461126789
-149.500237288136,59.1116949152542,"Uria aalge",4.37266118177512,0.0812508101386295
-148.892644067797,59.1116949152542,"Uria aalge",4.3849238601492,0.0760480828031892
-148.285050847458,59.1116949152542,"Uria aalge",4.40303682216194,0.071371344724032
-147.677457627119,59.1116949152542,"Uria aalge",4.4255691604885,0.0694089419336665
-147.06986440678,59.1116949152542,"Uria aalge",4.45143182748521,0.0710077153054415
-146.462271186441,59.1116949152542,"Uria aalge",4.47964384224587,0.0750119282447906
-145.854677966102,59.1116949152542,"Uria aalge",4.50918360944639,0.0787148249306742
-145.247084745763,59.1116949152542,"Uria aalge",4.53981838310928,0.0817543839673069
-144.639491525424,59.1116949152542,"Uria aalge",4.57154340474804,0.0851322911222586
-144.031898305085,59.1116949152542,"Uria aalge",4.60420398177876,0.0894128936104518
-143.424305084746,59.1116949152542,"Uria aalge",4.63761138409246,0.094794489198684
-142.816711864407,59.1116949152542,"Uria aalge",4.67156844324127,0.101174693545613
-142.209118644068,59.1116949152542,"Uria aalge",4.70587467561133,0.108235306115092
-141.601525423729,59.1116949152542,"Uria aalge",4.74032568111247,0.115527018249881
-140.99393220339,59.1116949152542,"Uria aalge",4.77471005773689,0.122530056534683
-140.386338983051,59.1116949152542,"Uria aalge",4.8088045335729,0.128684558691898
-139.778745762712,59.1116949152542,"Uria aalge",4.84236713392592,0.133396436285157
-139.171152542373,59.1116949152542,"Uria aalge",4.87512776732965,0.13602781929538
-138.563559322034,59.1116949152542,"Uria aalge",4.90677560986485,0.135883418664986
-137.955966101695,59.1116949152542,"Uria aalge",4.9369441878581,0.132217710965102
-137.348372881356,59.1116949152542,"Uria aalge",4.96520213941612,0.124340760750378
-136.740779661017,59.1116949152542,"Uria aalge",4.99108035345512,0.112059185088911
-136.133186440678,59.1116949152542,"Uria aalge",5.01420866771085,0.0969918681323666
-135.525593220339,59.1116949152542,"Uria aalge",5.03460788577271,0.0849626397514104
-134.918,59.1116949152542,"Uria aalge",5.05288388086063,0.0852266040412493
-170.766,59.3819661016949,"Uria aalge",4.164298462195,0.111424693761049
-170.158406779661,59.3819661016949,"Uria aalge",4.12386249227163,0.104248151256545
-169.550813559322,59.3819661016949,"Uria aalge",4.08050792988258,0.101721947248025
-168.943220338983,59.3819661016949,"Uria aalge",4.0344944643453,0.10463254791013
-168.335627118644,59.3819661016949,"Uria aalge",3.98650492563475,0.112276499593951
-167.728033898305,59.3819661016949,"Uria aalge",3.93772575097154,0.122554562331191
-167.120440677966,59.3819661016949,"Uria aalge",3.88986947867853,0.132737451362912
-166.512847457627,59.3819661016949,"Uria aalge",3.84511034242933,0.140198651588543
-165.905254237288,59.3819661016949,"Uria aalge",3.80582526177528,0.143102669752901
-165.297661016949,59.3819661016949,"Uria aalge",3.77415344279721,0.141151889042474
-164.69006779661,59.3819661016949,"Uria aalge",3.75179082106637,0.135743228165558
-164.082474576271,59.3819661016949,"Uria aalge",3.74034460581288,0.12904267519924
-163.474881355932,59.3819661016949,"Uria aalge",3.74194478665127,0.122680535810702
-162.867288135593,59.3819661016949,"Uria aalge",3.7598935081033,0.116942429310137
-162.259694915254,59.3819661016949,"Uria aalge",3.79963820169319,0.111277411115623
-161.652101694915,59.3819661016949,"Uria aalge",3.8689219783471,0.108433841522227
-161.044508474576,59.3819661016949,"Uria aalge",3.96841058442269,0.114359929008808
-160.436915254237,59.3819661016949,"Uria aalge",4.08469111603938,0.128772310686676
-159.829322033898,59.3819661016949,"Uria aalge",4.20096523012639,0.14880015019395
-159.221728813559,59.3819661016949,"Uria aalge",4.29514743698467,0.164338032390047
-158.61413559322,59.3819661016949,"Uria aalge",4.35734463035538,0.168110087121541
-158.006542372881,59.3819661016949,"Uria aalge",4.40164166309044,0.165095399044607
-157.398949152542,59.3819661016949,"Uria aalge",4.43410734155463,0.158363203428727
-156.791355932203,59.3819661016949,"Uria aalge",4.45755099891447,0.149825111882506
-156.183762711864,59.3819661016949,"Uria aalge",4.47357741220584,0.140837635136684
-155.576169491525,59.3819661016949,"Uria aalge",4.48316384163928,0.132271387925481
-154.968576271186,59.3819661016949,"Uria aalge",4.4868750550812,0.12440377869227
-154.360983050847,59.3819661016949,"Uria aalge",4.48492511542554,0.116747998877584
-153.753389830508,59.3819661016949,"Uria aalge",4.47711784465684,0.107890605765494
-153.14579661017,59.3819661016949,"Uria aalge",4.46257868721392,0.0953976646046658
-152.53820338983,59.3819661016949,"Uria aalge",4.43886466490242,0.0770352365057
-151.930610169492,59.3819661016949,"Uria aalge",4.39930559641247,0.0624539858377769
-151.323016949153,59.3819661016949,"Uria aalge",4.34782675988668,0.0750078968071421
-150.715423728814,59.3819661016949,"Uria aalge",4.32527445157522,0.0859788915338487
-150.107830508475,59.3819661016949,"Uria aalge",4.322029881318,0.0871441769514282
-149.500237288136,59.3819661016949,"Uria aalge",4.32920980738539,0.0831239692146104
-148.892644067797,59.3819661016949,"Uria aalge",4.34358873385148,0.0770344218475733
-148.285050847458,59.3819661016949,"Uria aalge",4.36332904672889,0.0715995908823708
-147.677457627119,59.3819661016949,"Uria aalge",4.38716677380404,0.0690761500131385
-147.06986440678,59.3819661016949,"Uria aalge",4.41411298542753,0.0704311494278641
-146.462271186441,59.3819661016949,"Uria aalge",4.4432644160284,0.0745958131167969
-145.854677966102,59.3819661016949,"Uria aalge",4.47351056482189,0.0785025412507095
-145.247084745763,59.3819661016949,"Uria aalge",4.50474010150233,0.0818612368905454
-144.639491525424,59.3819661016949,"Uria aalge",4.53698855798009,0.085657177922292
-144.031898305085,59.3819661016949,"Uria aalge",4.57010524977743,0.090375342554597
-143.424305084746,59.3819661016949,"Uria aalge",4.60390859746565,0.0961630335647879
-142.816711864407,59.3819661016949,"Uria aalge",4.63820775115535,0.102887686077528
-142.209118644068,59.3819661016949,"Uria aalge",4.67280717901596,0.110218784457345
-141.601525423729,59.3819661016949,"Uria aalge",4.70750612118688,0.11770691630902
-140.99393220339,59.3819661016949,"Uria aalge",4.74209568818151,0.124838567788399
-140.386338983051,59.3819661016949,"Uria aalge",4.77635427489914,0.131063035128089
-139.778745762712,59.3819661016949,"Uria aalge",4.81004125614547,0.135798257729146
-139.171152542373,59.3819661016949,"Uria aalge",4.84288873931565,0.138425661752507
-138.563559322034,59.3819661016949,"Uria aalge",4.87459163277496,0.138288078713465
-137.955966101695,59.3819661016949,"Uria aalge",4.90479865155127,0.134721002818201
-137.348372881356,59.3819661016949,"Uria aalge",4.93311437998806,0.127197347362219
-136.740779661017,59.3819661016949,"Uria aalge",4.95914002061271,0.115782061845972
-136.133186440678,59.3819661016949,"Uria aalge",4.98259931147536,0.102223843880086
-135.525593220339,59.3819661016949,"Uria aalge",5.00354775436793,0.0915169471869675
-134.918,59.3819661016949,"Uria aalge",5.02247749983643,0.0909561055907377
-170.766,59.6522372881356,"Uria aalge",4.15329088891885,0.114284849078848
-170.158406779661,59.6522372881356,"Uria aalge",4.11303569425043,0.107137367453545
-169.550813559322,59.6522372881356,"Uria aalge",4.0698745754606,0.10474455150564
-168.943220338983,59.6522372881356,"Uria aalge",4.02402138928973,0.107958973706885
-168.335627118644,59.6522372881356,"Uria aalge",3.97608107689486,0.116089628791623
-167.728033898305,59.6522372881356,"Uria aalge",3.9271689058797,0.126987370447608
-167.120440677966,59.6522372881356,"Uria aalge",3.87899485586293,0.137788594662692
-166.512847457627,59.6522372881356,"Uria aalge",3.83385918953515,0.145590849866239
-165.905254237288,59.6522372881356,"Uria aalge",3.79437799510345,0.14818114894613
-165.297661016949,59.6522372881356,"Uria aalge",3.76286329985936,0.14508729426938
-164.69006779661,59.6522372881356,"Uria aalge",3.74098527951031,0.137940574165443
-164.082474576271,59.6522372881356,"Uria aalge",3.73027770934959,0.129284090762787
-163.474881355932,59.6522372881356,"Uria aalge",3.73289591463031,0.121035684723171
-162.867288135593,59.6522372881356,"Uria aalge",3.75219514659727,0.113776600221733
-162.259694915254,59.6522372881356,"Uria aalge",3.79320676864057,0.107589083457669
-161.652101694915,59.6522372881356,"Uria aalge",3.86150839240574,0.105348303212007
-161.044508474576,59.6522372881356,"Uria aalge",3.95640026082683,0.111717216295767
-160.436915254237,59.6522372881356,"Uria aalge",4.06676008260938,0.126575050159797
-159.829322033898,59.6522372881356,"Uria aalge",4.17664599648962,0.145970133265448
-159.221728813559,59.6522372881356,"Uria aalge",4.26679704887181,0.160922083238576
-158.61413559322,59.6522372881356,"Uria aalge",4.32913796504248,0.16565630495501
-158.006542372881,59.6522372881356,"Uria aalge",4.37296012096229,0.163416779791996
-157.398949152542,59.6522372881356,"Uria aalge",4.40446950796026,0.157362133567328
-156.791355932203,59.6522372881356,"Uria aalge",4.42666602633152,0.149537492099688
-156.183762711864,59.6522372881356,"Uria aalge",4.44121411208508,0.141380090794219
-155.576169491525,59.6522372881356,"Uria aalge",4.44908992221769,0.133811012408588
-154.968576271186,59.6522372881356,"Uria aalge",4.45081764163942,0.12713848406644
-154.360983050847,59.6522372881356,"Uria aalge",4.44652787977437,0.120905154568005
-153.753389830508,59.6522372881356,"Uria aalge",4.43587463777877,0.113755275729743
-153.14579661017,59.6522372881356,"Uria aalge",4.41772002865293,0.103279433194696
-152.53820338983,59.6522372881356,"Uria aalge",4.38929279657999,0.0862350468663846
-151.930610169492,59.6522372881356,"Uria aalge",4.34577017353692,0.0713124767582464
-151.323016949153,59.6522372881356,"Uria aalge",4.29545309961506,0.0836402355330162
-150.715423728814,59.6522372881356,"Uria aalge",4.27797009181053,0.0922895938951247
-150.107830508475,59.6522372881356,"Uria aalge",4.27796109900437,0.0920544269532543
-149.500237288136,59.6522372881356,"Uria aalge",4.28741746844122,0.0871140019351364
-148.892644067797,59.6522372881356,"Uria aalge",4.30351241217075,0.0803096186609851
-148.285050847458,59.6522372881356,"Uria aalge",4.32460165983828,0.0742241030057085
-147.677457627119,59.6522372881356,"Uria aalge",4.34952926337803,0.0710644318947324
-147.06986440678,59.6522372881356,"Uria aalge",4.37737060225448,0.0718525231757055
-146.462271186441,59.6522372881356,"Uria aalge",4.40725398608436,0.0756143909285428
-145.854677966102,59.6522372881356,"Uria aalge",4.43816870667024,0.0795768044741926
-145.247084745763,59.6522372881356,"Uria aalge",4.46997149319666,0.0832107719910633
-144.639491525424,59.6522372881356,"Uria aalge",4.50270627359713,0.0873317086838926
-144.031898305085,59.6522372881356,"Uria aalge",4.53623919284079,0.0923648787261296
-143.424305084746,59.6522372881356,"Uria aalge",4.57039891546367,0.0984192801515604
-142.816711864407,59.6522372881356,"Uria aalge",4.60500176352879,0.105344115495656
-142.209118644068,59.6522372881356,"Uria aalge",4.63985737855629,0.112805928007782
-141.601525423729,59.6522372881356,"Uria aalge",4.67476873179827,0.120361194492294
-140.99393220339,59.6522372881356,"Uria aalge",4.70952963953686,0.127506187838094
-140.386338983051,59.6522372881356,"Uria aalge",4.74392064643082,0.133702070427145
-139.778745762712,59.6522372881356,"Uria aalge",4.77770347835984,0.138382402649517
-139.171152542373,59.6522372881356,"Uria aalge",4.81061426019245,0.140953882767127
-138.563559322034,59.6522372881356,"Uria aalge",4.84235652340115,0.140806434584047
-137.955966101695,59.6522372881356,"Uria aalge",4.87259775300143,0.137365394035498
-137.348372881356,59.6522372881356,"Uria aalge",4.90097995140154,0.130260378109917
-136.740779661017,59.6522372881356,"Uria aalge",4.92716632321344,0.119759671908475
-136.133186440678,59.6522372881356,"Uria aalge",4.95094997229154,0.107639476953765
-135.525593220339,59.6522372881356,"Uria aalge",4.97240233896956,0.0981679256462366
-134.918,59.6522372881356,"Uria aalge",4.99192858940625,0.0971544883281824
-170.766,59.9225084745763,"Uria aalge",4.14334218109858,0.117355402347944
-170.158406779661,59.9225084745763,"Uria aalge",4.10343954655932,0.110140420908996
-169.550813559322,59.9225084745763,"Uria aalge",4.06065053031092,0.107710253833455
-168.943220338983,59.9225084745763,"Uria aalge",4.01512916600945,0.111026863432434
-168.335627118644,59.9225084745763,"Uria aalge",3.96738903781073,0.119479091523203
-167.728033898305,59.9225084745763,"Uria aalge",3.9184587830876,0.1309190426716
-167.120440677966,59.9225084745763,"Uria aalge",3.87002871886368,0.142375075751827
-166.512847457627,59.9225084745763,"Uria aalge",3.82453046653358,0.150649571572292
-165.905254237288,59.9225084745763,"Uria aalge",3.78488316090131,0.153039996794434
-165.297661016949,59.9225084745763,"Uria aalge",3.75362142746442,0.148816575981179
-164.69006779661,59.9225084745763,"Uria aalge",3.73232980805262,0.139935412909737
-164.082474576271,59.9225084745763,"Uria aalge",3.72239830411646,0.129398986115258
-163.474881355932,59.9225084745763,"Uria aalge",3.72595363018912,0.119424807733436
-162.867288135593,59.9225084745763,"Uria aalge",3.74627009403081,0.110916870265948
-162.259694915254,59.9225084745763,"Uria aalge",3.78774255909547,0.104483855754261
-161.652101694915,59.9225084745763,"Uria aalge",3.85421852431211,0.102840097469783
-161.044508474576,59.9225084745763,"Uria aalge",3.94411819641896,0.109549594810473
-160.436915254237,59.9225084745763,"Uria aalge",4.04778708513681,0.124256265885502
-159.829322033898,59.9225084745763,"Uria aalge",4.15064083192816,0.142550996811728
-159.221728813559,59.9225084745763,"Uria aalge",4.23655347858758,0.156799404918706
-158.61413559322,59.9225084745763,"Uria aalge",4.29860920299895,0.162378002760256
-158.006542372881,59.9225084745763,"Uria aalge",4.34233762213726,0.161179679101802
-157.398949152542,59.9225084745763,"Uria aalge",4.37328498053041,0.156106298832288
-156.791355932203,59.9225084745763,"Uria aalge",4.39454292284442,0.149283774889541
-156.183762711864,59.9225084745763,"Uria aalge",4.40784959108874,0.142229190525038
-155.576169491525,59.9225084745763,"Uria aalge",4.41420321057073,0.135917826417328
-154.968576271186,59.9225084745763,"Uria aalge",4.41411034935279,0.130697503816302
-154.360983050847,59.9225084745763,"Uria aalge",4.40764865219985,0.12617152636425
-153.753389830508,59.9225084745763,"Uria aalge",4.39438714292347,0.121141827831908
-153.14579661017,59.9225084745763,"Uria aalge",4.37312373134807,0.113582510055239
-152.53820338983,59.9225084745763,"Uria aalge",4.34145538147919,0.100077972024757
-151.930610169492,59.9225084745763,"Uria aalge",4.29731106812917,0.0851561781881401
-151.323016949153,59.9225084745763,"Uria aalge",4.25270415015899,0.092237259949438
-150.715423728814,59.9225084745763,"Uria aalge",4.23554082437238,0.0993167619104003
-150.107830508475,59.9225084745763,"Uria aalge",4.2368025570189,0.09825650821848
-149.500237288136,59.9225084745763,"Uria aalge",4.24762655086646,0.0927452770839148
-148.892644067797,59.9225084745763,"Uria aalge",4.264916200102,0.0855019632054394
-148.285050847458,59.9225084745763,"Uria aalge",4.28700953817871,0.0789590533851505
-147.677457627119,59.9225084745763,"Uria aalge",4.31277220012232,0.0751950567560397
-147.06986440678,59.9225084745763,"Uria aalge",4.3412990948855,0.0752223233769691
-146.462271186441,59.9225084745763,"Uria aalge",4.37173382832936,0.0782275141050099
-145.854677966102,59.9225084745763,"Uria aalge",4.40323087239128,0.0820088174371565
-145.247084745763,59.9225084745763,"Uria aalge",4.43556323239175,0.0858037593018972
-144.639491525424,59.9225084745763,"Uria aalge",4.46873800765022,0.0901285346044322
-144.031898305085,59.9225084745763,"Uria aalge",4.50264145804148,0.0953424007318353
-143.424305084746,59.9225084745763,"Uria aalge",4.53711400373668,0.10152312542824
-142.816711864407,59.9225084745763,"Uria aalge",4.57197945430928,0.108509997281867
-142.209118644068,59.9225084745763,"Uria aalge",4.60705260430568,0.115973045313809
-141.601525423729,59.9225084745763,"Uria aalge",4.64214014090717,0.123478673146747
-140.99393220339,59.9225084745763,"Uria aalge",4.67703875348974,0.130535497812832
-140.386338983051,59.9225084745763,"Uria aalge",4.71153163573408,0.136618923286228
-139.778745762712,59.9225084745763,"Uria aalge",4.74538386426293,0.141181498306498
-139.171152542373,59.9225084745763,"Uria aalge",4.77833724484915,0.143660258507171
-138.563559322034,59.9225084745763,"Uria aalge",4.81010622945307,0.143498279788734
-137.955966101695,59.9225084745763,"Uria aalge",4.84037918613642,0.140212947414057
-137.348372881356,59.9225084745763,"Uria aalge",4.86883464740151,0.133574966507823
-136.740779661017,59.9225084745763,"Uria aalge",4.89518868620927,0.12400152215374
-136.133186440678,59.9225084745763,"Uria aalge",4.91928524305859,0.113226196748072
-135.525593220339,59.9225084745763,"Uria aalge",4.94120112144746,0.104891133581283
-134.918,59.9225084745763,"Uria aalge",4.96127374623725,0.103671807083311
-170.766,60.192779661017,"Uria aalge",4.13445566292237,0.120582520405299
-170.158406779661,60.192779661017,"Uria aalge",4.0950818495399,0.113189651179372
-169.550813559322,60.192779661017,"Uria aalge",4.05285372694141,0.110535474699112
-168.943220338983,60.192779661017,"Uria aalge",4.00785230277291,0.113734025381144
-168.335627118644,60.192779661017,"Uria aalge",3.96048439163229,0.12231751509195
-167.728033898305,60.192779661017,"Uria aalge",3.91167173910684,0.134189043298159
-167.120440677966,60.192779661017,"Uria aalge",3.8630563255482,0.146308913561949
-166.512847457627,60.192779661017,"Uria aalge",3.81718808414795,0.155195214977346
-165.905254237288,60.192779661017,"Uria aalge",3.77736585334181,0.157525051488839
-165.297661016949,60.192779661017,"Uria aalge",3.74642378913868,0.152184499630895
-164.69006779661,60.192779661017,"Uria aalge",3.72575939416492,0.141607294264432
-164.082474576271,60.192779661017,"Uria aalge",3.71653107687584,0.129352861008317
-163.474881355932,60.192779661017,"Uria aalge",3.72079130801632,0.117915577801418
-162.867288135593,60.192779661017,"Uria aalge",3.74163666088649,0.108483331626359
-162.259694915254,60.192779661017,"Uria aalge",3.78276967169884,0.102023317104115
-161.652101694915,60.192779661017,"Uria aalge",3.84672052410599,0.100944267247425
-161.044508474576,60.192779661017,"Uria aalge",3.93134176618883,0.107842872349641
-160.436915254237,60.192779661017,"Uria aalge",4.02804695862091,0.121988338095515
-159.829322033898,60.192779661017,"Uria aalge",4.12388408050571,0.138988034820552
-159.221728813559,60.192779661017,"Uria aalge",4.20545298803466,0.15247602728143
-158.61413559322,60.192779661017,"Uria aalge",4.26658831647532,0.158679487120726
-158.006542372881,60.192779661017,"Uria aalge",4.31021895444796,0.158598364773211
-157.398949152542,60.192779661017,"Uria aalge",4.34082317031369,0.154704163632467
-156.791355932203,60.192779661017,"Uria aalge",4.36138030827388,0.149102620071353
-156.183762711864,60.192779661017,"Uria aalge",4.37366217826909,0.143357478116702
-155.576169491525,60.192779661017,"Uria aalge",4.37869385164393,0.138480613848721
-154.968576271186,60.192779661017,"Uria aalge",4.37698595081751,0.134845545995738
-154.360983050847,60.192779661017,"Uria aalge",4.36860541560989,0.132104214092541
-153.753389830508,60.192779661017,"Uria aalge",4.35312889737875,0.129192150211403
-153.14579661017,60.192779661017,"Uria aalge",4.32951763071192,0.124387798792304
-152.53820338983,60.192779661017,"Uria aalge",4.29622836777819,0.114616114416969
-151.930610169492,60.192779661017,"Uria aalge",4.25376557211827,0.100210126418877
-151.323016949153,60.192779661017,"Uria aalge",4.21458114274387,0.102143346302929
-150.715423728814,60.192779661017,"Uria aalge",4.19755454506227,0.106870831537578
-150.107830508475,60.192779661017,"Uria aalge",4.19869107133812,0.10531693290011
-149.500237288136,60.192779661017,"Uria aalge",4.21000312971636,0.09957097429272
-148.892644067797,60.192779661017,"Uria aalge",4.22793877094619,0.0921645337005512
-148.285050847458,60.192779661017,"Uria aalge",4.2506648811364,0.0853735991423217
-147.677457627119,60.192779661017,"Uria aalge",4.27699071032494,0.081109485896283
-147.06986440678,60.192779661017,"Uria aalge",4.30599307335414,0.0803366394184745
-146.462271186441,60.192779661017,"Uria aalge",4.3368354488152,0.0824665361288981
-145.854677966102,60.192779661017,"Uria aalge",4.36878949094035,0.0858302690934508
-145.247084745763,60.192779661017,"Uria aalge",4.40157101756445,0.0895989295688413
-144.639491525424,60.192779661017,"Uria aalge",4.43512587862479,0.0939827533485155
-144.031898305085,60.192779661017,"Uria aalge",4.46934718526838,0.099240293276849
-143.424305084746,60.192779661017,"Uria aalge",4.50408477004147,0.105414747834478
-142.816711864407,60.192779661017,"Uria aalge",4.53916907701674,0.11233851166282
-142.209118644068,60.192779661017,"Uria aalge",4.5744195806693,0.11968838045474
-141.601525423729,60.192779661017,"Uria aalge",4.60964647224568,0.127043082004914
-140.99393220339,60.192779661017,"Uria aalge",4.64464939433019,0.133925491558985
-140.386338983051,60.192779661017,"Uria aalge",4.67921463575023,0.139827431220559
-139.778745762712,60.192779661017,"Uria aalge",4.71311152369796,0.144223469588725
-139.171152542373,60.192779661017,"Uria aalge",4.74608892719557,0.146584856641392
-138.563559322034,60.192779661017,"Uria aalge",4.77787383718849,0.14641091305254
-137.955966101695,60.192779661017,"Uria aalge",4.80817634655667,0.143307981867891
-137.348372881356,60.192779661017,"Uria aalge",4.83670915897224,0.137167230994049
-136.740779661017,60.192779661017,"Uria aalge",4.86323248528577,0.128506338723825
-136.133186440678,60.192779661017,"Uria aalge",4.88762740106626,0.118971784983465
-135.525593220339,60.192779661017,"Uria aalge",4.90997018507415,0.111671459950023
-134.918,60.192779661017,"Uria aalge",4.93054462996037,0.110407083145748
-170.766,60.4630508474576,"Uria aalge",4.1266228116581,0.123911700973661
-170.158406779661,60.4630508474576,"Uria aalge",4.08795728651178,0.116222680230374
-169.550813559322,60.4630508474576,"Uria aalge",4.04648824886056,0.113146982085227
-168.943220338983,60.4630508474576,"Uria aalge",4.00221129199552,0.115990264750043
-168.335627118644,60.4630508474576,"Uria aalge",3.95541053726777,0.124485977984729
-167.728033898305,60.4630508474576,"Uria aalge",3.90687895912485,0.13663244363179
-167.120440677966,60.4630508474576,"Uria aalge",3.85817192230798,0.149371452970475
-166.512847457627,60.4630508474576,"Uria aalge",3.8119139833824,0.158996836598196
-165.905254237288,60.4630508474576,"Uria aalge",3.77186428787607,0.161432242456454
-165.297661016949,60.4630508474576,"Uria aalge",3.74128561213042,0.154971786130315
-164.69006779661,60.4630508474576,"Uria aalge",3.72122177487931,0.142779813559007
-164.082474576271,60.4630508474576,"Uria aalge",3.71251469901919,0.129058467617516
-163.474881355932,60.4630508474576,"Uria aalge",3.71712986137081,0.116502235833947
-162.867288135593,60.4630508474576,"Uria aalge",3.7379412966596,0.106496782024195
-162.259694915254,60.4630508474576,"Uria aalge",3.77800199369307,0.100204327381607
-161.652101694915,60.4630508474576,"Uria aalge",3.83886541364113,0.0996557939670751
-161.044508474576,60.4630508474576,"Uria aalge",3.91804146983864,0.106594981790901
-160.436915254237,60.4630508474576,"Uria aalge",4.00782693627752,0.119937843685728
-159.829322033898,60.4630508474576,"Uria aalge",4.09691478916256,0.135587785156582
-159.221728813559,60.4630508474576,"Uria aalge",4.17409856014282,0.148284615245121
-158.61413559322,60.4630508474576,"Uria aalge",4.23375706576448,0.154907653022795
-158.006542372881,60.4630508474576,"Uria aalge",4.27707497912968,0.155901551829172
-157.398949152542,60.4630508474576,"Uria aalge",4.30739869135709,0.153282259605621
-156.791355932203,60.4630508474576,"Uria aalge",4.32741298709422,0.149041648288707
-156.183762711864,60.4630508474576,"Uria aalge",4.33885520107078,0.144737697060235
-155.576169491525,60.4630508474576,"Uria aalge",4.34276638827077,0.14138506879728
-154.968576271186,60.4630508474576,"Uria aalge",4.33967868281959,0.1393537541107
-154.360983050847,60.4630508474576,"Uria aalge",4.32969347394088,0.138306388705865
-153.753389830508,60.4630508474576,"Uria aalge",4.31248832980481,0.137221039050837
-153.14579661017,60.4630508474576,"Uria aalge",4.28735993614896,0.134372661128144
-152.53820338983,60.4630508474576,"Uria aalge",4.25375853053422,0.126432999450831
-151.930610169492,60.4630508474576,"Uria aalge",4.21407943694284,0.114489303700318
-151.323016949153,60.4630508474576,"Uria aalge",4.17941561500393,0.11296362641365
-150.715423728814,60.4630508474576,"Uria aalge",4.16292913552407,0.115096547117844
-150.107830508475,60.4630508474576,"Uria aalge",4.16340093808684,0.11302040372082
-149.500237288136,60.4630508474576,"Uria aalge",4.17454552848071,0.107239779946076
-148.892644067797,60.4630508474576,"Uria aalge",4.19263386367646,0.0998803165742826
-148.285050847458,60.4630508474576,"Uria aalge",4.21563367733997,0.0930197345521239
-147.677457627119,60.4630508474576,"Uria aalge",4.24225438014044,0.0883867065758145
-147.06986440678,60.4630508474576,"Uria aalge",4.27153054098186,0.0868830345163115
-146.462271186441,60.4630508474576,"Uria aalge",4.3026392710026,0.08814424584452
-145.854677966102,60.4630508474576,"Uria aalge",4.33491984303633,0.090945252971077
-145.247084745763,60.4630508474576,"Uria aalge",4.3680487800412,0.0945025955688949
-144.639491525424,60.4630508474576,"Uria aalge",4.40191071733677,0.0987977745153038
-144.031898305085,60.4630508474576,"Uria aalge",4.43639014486099,0.103970134525159
-143.424305084746,60.4630508474576,"Uria aalge",4.47134084777082,0.110020602292457
-142.816711864407,60.4630508474576,"Uria aalge",4.50659778270907,0.116773717838749
-142.209118644068,60.4630508474576,"Uria aalge",4.54198409621001,0.123913888901675
-141.601525423729,60.4630508474576,"Uria aalge",4.57731302479562,0.131033403661668
-140.99393220339,60.4630508474576,"Uria aalge",4.61238711322508,0.137670917930763
-140.386338983051,60.4630508474576,"Uria aalge",4.64699608439721,0.143336694378219
-139.778745762712,60.4630508474576,"Uria aalge",4.68091424639706,0.147529914651704
-139.171152542373,60.4630508474576,"Uria aalge",4.71389856610502,0.149758636057691
-138.563559322034,60.4630508474576,"Uria aalge",4.74568952873596,0.1495788742701
-137.955966101695,60.4630508474576,"Uria aalge",4.77601880112217,0.146679119876948
-137.348372881356,60.4630508474576,"Uria aalge",4.80463012016364,0.141048774375651
-136.740779661017,60.4630508474576,"Uria aalge",4.83132005801351,0.133265858581185
-136.133186440678,60.4630508474576,"Uria aalge",4.85599678424324,0.124864371040001
-135.525593220339,60.4630508474576,"Uria aalge",4.87873286182186,0.118499207883672
-134.918,60.4630508474576,"Uria aalge",4.89976897713888,0.117292271949538
-170.766,60.7333220338983,"Uria aalge",4.11982320904704,0.127290162169516
-170.158406779661,60.7333220338983,"Uria aalge",4.08204682382688,0.119185079492827
-169.550813559322,60.7333220338983,"Uria aalge",4.04154300655218,0.115485284774293
-168.943220338983,60.7333220338983,"Uria aalge",3.99821018339158,0.117723146158336
-168.335627118644,60.7333220338983,"Uria aalge",3.95219460825956,0.125883948145941
-167.728033898305,60.7333220338983,"Uria aalge",3.90414142173469,0.138093495905436
-167.120440677966,60.7333220338983,"Uria aalge",3.85547936906765,0.15132006172105
-166.512847457627,60.7333220338983,"Uria aalge",3.80882427362974,0.161754857180145
-165.905254237288,60.7333220338983,"Uria aalge",3.76844546757459,0.164492297971073
-165.297661016949,60.7333220338983,"Uria aalge",3.7382598507431,0.156881363684851
-164.69006779661,60.7333220338983,"Uria aalge",3.71868472742617,0.143231727790578
-164.082474576271,60.7333220338983,"Uria aalge",3.71020891523999,0.128395119977819
-163.474881355932,60.7333220338983,"Uria aalge",3.71474348153914,0.115130731766319
-162.867288135593,60.7333220338983,"Uria aalge",3.7349369637747,0.104919152092554
-162.259694915254,60.7333220338983,"Uria aalge",3.77328023913439,0.0989851900109295
-161.652101694915,60.7333220338983,"Uria aalge",3.83061874236884,0.0989513607926026
-161.044508474576,60.7333220338983,"Uria aalge",3.90428966039384,0.105823410438267
-160.436915254237,60.7333220338983,"Uria aalge",3.98737278705371,0.118251744766048
-159.829322033898,60.7333220338983,"Uria aalge",4.07006311292029,0.132570438015905
-159.221728813559,60.7333220338983,"Uria aalge",4.14287811443113,0.144462432212482
-158.61413559322,60.7333220338983,"Uria aalge",4.20063189811482,0.151334041344035
-158.006542372881,60.7333220338983,"Uria aalge",4.24334470526439,0.153300007271199
-157.398949152542,60.7333220338983,"Uria aalge",4.27333871030158,0.151967193439198
-156.791355932203,60.7333220338983,"Uria aalge",4.2928943020702,0.149150006450852
-156.183762711864,60.7333220338983,"Uria aalge",4.30364547442349,0.146344226318878
-155.576169491525,60.7333220338983,"Uria aalge",4.30662947970979,0.144526184785065
-154.968576271186,60.7333220338983,"Uria aalge",4.3024117208212,0.144028577202002
-154.360983050847,60.7333220338983,"Uria aalge",4.29116775585262,0.144484979541851
-153.753389830508,60.7333220338983,"Uria aalge",4.27274951786099,0.144841616276002
-153.14579661017,60.7333220338983,"Uria aalge",4.24687912558794,0.14326549914712
-152.53820338983,60.7333220338983,"Uria aalge",4.21392870858658,0.136873238209813
-151.930610169492,60.7333220338983,"Uria aalge",4.17733639300637,0.127376547854776
-151.323016949153,60.7333220338983,"Uria aalge",4.14643609475932,0.124014402062922
-150.715423728814,60.7333220338983,"Uria aalge",4.13077682525754,0.123915637798086
-150.107830508475,60.7333220338983,"Uria aalge",4.13054025895297,0.121228045200654
-149.500237288136,60.7333220338983,"Uria aalge",4.14112879672087,0.115489628808609
-148.892644067797,60.7333220338983,"Uria aalge",4.15898111854741,0.108307194072652
-148.285050847458,60.7333220338983,"Uria aalge",4.18193739792729,0.101508271574415
-147.677457627119,60.7333220338983,"Uria aalge",4.20860458321853,0.0966333889769152
-147.06986440678,60.7333220338983,"Uria aalge",4.23796539463132,0.0945187133562355
-146.462271186441,60.7333220338983,"Uria aalge",4.26919888873115,0.0949878560133406
-145.854677966102,60.7333220338983,"Uria aalge",4.30167651387166,0.0971680423750834
-145.247084745763,60.7333220338983,"Uria aalge",4.33504327506987,0.100376664548327
-144.639491525424,60.7333220338983,"Uria aalge",4.36912994377328,0.104454997375991
-144.031898305085,60.7333220338983,"Uria aalge",4.40380176589511,0.109431180534417
-143.424305084746,60.7333220338983,"Uria aalge",4.43891004014947,0.115259458515319
-142.816711864407,60.7333220338983,"Uria aalge",4.4742912317359,0.121754265822341
-142.209118644068,60.7333220338983,"Uria aalge",4.50977068449589,0.128607152135115
-141.601525423729,60.7333220338983,"Uria aalge",4.5451639770147,0.135424520621626
-140.99393220339,60.7333220338983,"Uria aalge",4.58027635449129,0.141762085938458
-140.386338983051,60.7333220338983,"Uria aalge",4.61490117169086,0.147150391205386
-139.778745762712,60.7333220338983,"Uria aalge",4.64881823832645,0.15111530270763
-139.171152542373,60.7333220338983,"Uria aalge",4.68179328823949,0.153203037705813
-138.563559322034,60.7333220338983,"Uria aalge",4.71358066935398,0.153024639262792
-137.955966101695,60.7333220338983,"Uria aalge",4.74393276065011,0.150341712484087
-137.348372881356,60.7333220338983,"Uria aalge",4.77262089609525,0.145220360230905
-136.740779661017,60.7333220338983,"Uria aalge",4.79947135145595,0.138267361217956
-136.133186440678,60.7333220338983,"Uria aalge",4.82441204558223,0.13089239954211
-135.525593220339,60.7333220338983,"Uria aalge",4.84751018943092,0.12536777832584
-134.918,60.7333220338983,"Uria aalge",4.86897134145717,0.124281225899449
-170.766,61.003593220339,"Uria aalge",4.11402464931502,0.130668074298814
-170.158406779661,61.003593220339,"Uria aalge",4.07731723692447,0.122031641897323
-169.550813559322,61.003593220339,"Uria aalge",4.03799048601812,0.117506672582505
-168.943220338983,61.003593220339,"Uria aalge",3.99583385218104,0.118883057693709
-168.335627118644,61.003593220339,"Uria aalge",3.95084191412543,0.126440574577225
-167.728033898305,61.003593220339,"Uria aalge",3.90350035109097,0.138446233526831
-167.120440677966,61.003593220339,"Uria aalge",3.85508414838807,0.15191064350123
-166.512847457627,61.003593220339,"Uria aalge",3.80809243252084,0.163076880700586
-165.905254237288,61.003593220339,"Uria aalge",3.76723313115124,0.166339113863576
-165.297661016949,61.003593220339,"Uria aalge",3.73745790691929,0.157525307556763
-164.69006779661,61.003593220339,"Uria aalge",3.7181324362371,0.142726669737785
-164.082474576271,61.003593220339,"Uria aalge",3.70949175794714,0.12724057312848
-163.474881355932,61.003593220339,"Uria aalge",3.71345371317436,0.113731333888543
-162.867288135593,61.003593220339,"Uria aalge",3.73245747129734,0.103687336725952
-162.259694915254,61.003593220339,"Uria aalge",3.76852922567877,0.0983052405095983
-161.652101694915,61.003593220339,"Uria aalge",3.82201409352757,0.0988003532144553
-161.044508474576,61.003593220339,"Uria aalge",3.89020334864915,0.105555243943193
-160.436915254237,61.003593220339,"Uria aalge",3.96688367401668,0.117050320598104
-159.829322033898,61.003593220339,"Uria aalge",4.04354673039216,0.13009604438575
-159.221728813559,61.003593220339,"Uria aalge",4.11205734328976,0.141181389721943
-158.61413559322,61.003593220339,"Uria aalge",4.16759769837715,0.148161558878232
-158.006542372881,61.003593220339,"Uria aalge",4.20941025950433,0.150969602656554
-157.398949152542,61.003593220339,"Uria aalge",4.23895892962905,0.150871995734783
-156.791355932203,61.003593220339,"Uria aalge",4.25808027450278,0.149472149458304
-156.183762711864,61.003593220339,"Uria aalge",4.26825231857082,0.148154218731875
-155.576169491525,61.003593220339,"Uria aalge",4.27048675030064,0.147816662543716
-154.968576271186,61.003593220339,"Uria aalge",4.26538807842939,0.148725968590705
-154.360983050847,61.003593220339,"Uria aalge",4.25323465509083,0.150462150413267
-153.753389830508,61.003593220339,"Uria aalge",4.23409664620811,0.151922896439897
-153.14579661017,61.003593220339,"Uria aalge",4.20813590447913,0.15127756802775
-152.53820338983,61.003593220339,"Uria aalge",4.17645206492028,0.146368486626911
-151.930610169492,61.003593220339,"Uria aalge",4.14289739028378,0.138914024538096
-151.323016949153,61.003593220339,"Uria aalge",4.11518335822418,0.134804732678379
-150.715423728814,61.003593220339,"Uria aalge",4.10050040404197,0.133081090751081
-150.107830508475,61.003593220339,"Uria aalge",4.09970039688136,0.129795058152255
-149.500237288136,61.003593220339,"Uria aalge",4.10955929546516,0.124118744482421
-148.892644067797,61.003593220339,"Uria aalge",4.12690467531865,0.117181029407761
-148.285050847458,61.003593220339,"Uria aalge",4.14955890019974,0.110531877351208
-147.677457627119,61.003593220339,"Uria aalge",4.17605506119746,0.105524448302328
-147.06986440678,61.003593220339,"Uria aalge",4.20532766064466,0.102929911034484
-146.462271186441,61.003593220339,"Uria aalge",4.23654809450791,0.10271575622972
-145.854677966102,61.003593220339,"Uria aalge",4.26909729972267,0.104280176608837
-145.247084745763,61.003593220339,"Uria aalge",4.30259174550828,0.107059496152077
-144.639491525424,61.003593220339,"Uria aalge",4.33681592273003,0.110825287261185
-144.031898305085,61.003593220339,"Uria aalge",4.37161024495495,0.115518173230715
-143.424305084746,61.003593220339,"Uria aalge",4.40681778920815,0.121047631134444
-142.816711864407,61.003593220339,"Uria aalge",4.44227322556435,0.127216666162615
-142.209118644068,61.003593220339,"Uria aalge",4.47780232908102,0.133723217570161
-141.601525423729,61.003593220339,"Uria aalge",4.51322212319176,0.140188061093032
-140.99393220339,61.003593220339,"Uria aalge",4.54834020688817,0.146185067620378
-140.386338983051,61.003593220339,"Uria aalge",4.58295361063011,0.151266651975767
-139.778745762712,61.003593220339,"Uria aalge",4.6168479436831,0.154986862288892
-139.171152542373,61.003593220339,"Uria aalge",4.64979802832359,0.156930323764835
-138.563559322034,61.003593220339,"Uria aalge",4.68157196153697,0.15675990545326
-137.955966101695,61.003593220339,"Uria aalge",4.71194150689337,0.154300308244809
-137.348372881356,61.003593220339,"Uria aalge",4.74070216613231,0.149674868039841
-136.740779661017,61.003593220339,"Uria aalge",4.76770434836306,0.143495399142739
-136.133186440678,61.003593220339,"Uria aalge",4.79289033574974,0.137044611305748
-135.525593220339,61.003593220339,"Uria aalge",4.8163212446461,0.132272295522669
-134.918,61.003593220339,"Uria aalge",4.83817364022272,0.13134231304519
-170.766,61.2738644067797,"Uria aalge",4.1091835293999,0.133998711240753
-170.158406779661,61.2738644067797,"Uria aalge",4.07372092752518,0.124726358423606
-169.550813559322,61.2738644067797,"Uria aalge",4.03578583995277,0.119183782283384
-168.943220338983,61.2738644067797,"Uria aalge",3.99504538356624,0.119446987608744
-168.335627118644,61.2738644067797,"Uria aalge",3.95132950214306,0.126125982257506
-167.728033898305,61.2738644067797,"Uria aalge",3.90496306270547,0.137621221605687
-167.120440677966,61.2738644067797,"Uria aalge",3.85706816819824,0.150948922897698
-166.512847457627,61.2738644067797,"Uria aalge",3.80996549664248,0.16247338859328
-165.905254237288,61.2738644067797,"Uria aalge",3.76847666767212,0.166421832222862
-165.297661016949,61.2738644067797,"Uria aalge",3.73905363362233,0.156444789641291
-164.69006779661,61.2738644067797,"Uria aalge",3.71954469768739,0.141069017203989
-164.082474576271,61.2738644067797,"Uria aalge",3.71024866855165,0.125509946779615
-163.474881355932,61.2738644067797,"Uria aalge",3.71311776078202,0.112250416859286
-162.867288135593,61.2738644067797,"Uria aalge",3.73039421568012,0.102738876930533
-162.259694915254,61.2738644067797,"Uria aalge",3.76372803041534,0.0980989016984934
-161.652101694915,61.2738644067797,"Uria aalge",3.81312219460714,0.0991686953049059
-161.044508474576,61.2738644067797,"Uria aalge",3.87591314784302,0.105814701591476
-160.436915254237,61.2738644067797,"Uria aalge",3.94652128532004,0.116422478157643
-159.829322033898,61.2738644067797,"Uria aalge",4.01752039027753,0.12827549574732
-159.221728813559,61.2738644067797,"Uria aalge",4.081827723383,0.138560715492209
-158.61413559322,61.2738644067797,"Uria aalge",4.13494358288936,0.145533744166684
-158.006542372881,61.2738644067797,"Uria aalge",4.17559223511506,0.149044744192925
-157.398949152542,61.2738644067797,"Uria aalge",4.20454891585561,0.150087657927335
-156.791355932203,61.2738644067797,"Uria aalge",4.22321707115204,0.150043610847214
-156.183762711864,61.2738644067797,"Uria aalge",4.23288812817675,0.150148293228204
-155.576169491525,61.2738644067797,"Uria aalge",4.23452943292471,0.151190672570225
-154.968576271186,61.2738644067797,"Uria aalge",4.22878516187389,0.153352255380352
-154.360983050847,61.2738644067797,"Uria aalge",4.21605166178601,0.15615483149276
-153.753389830508,61.2738644067797,"Uria aalge",4.19663125266073,0.158476575867825
-153.14579661017,61.2738644067797,"Uria aalge",4.17108521828112,0.158624122932297
-152.53820338983,61.2738644067797,"Uria aalge",4.14101924060519,0.155083879859318
-151.930610169492,61.2738644067797,"Uria aalge",4.11031981016182,0.149299123240989
-151.323016949153,61.2738644067797,"Uria aalge",4.08535023206018,0.145079086778054
-150.715423728814,61.2738644067797,"Uria aalge",4.07170306817875,0.142328369097491
-150.107830508475,61.2738644067797,"Uria aalge",4.07052437939585,0.1385628294667
-149.500237288136,61.2738644067797,"Uria aalge",4.07961983085644,0.132963629088144
-148.892644067797,61.2738644067797,"Uria aalge",4.09629351820767,0.126302326717243
-148.285050847458,61.2738644067797,"Uria aalge",4.11845081021877,0.11985941375387
-147.677457627119,61.2738644067797,"Uria aalge",4.14459513208025,0.11480853255159
-147.06986440678,61.2738644067797,"Uria aalge",4.1736264234697,0.11185722771874
-146.462271186441,61.2738644067797,"Uria aalge",4.20470430038027,0.111076696848377
-145.854677966102,61.2738644067797,"Uria aalge",4.23720621303613,0.112069103932505
-145.247084745763,61.2738644067797,"Uria aalge",4.270721627339,0.11438688125561
-144.639491525424,61.2738644067797,"Uria aalge",4.30499502671698,0.117779488152711
-144.031898305085,61.2738644067797,"Uria aalge",4.33983986911554,0.122127580523406
-143.424305084746,61.2738644067797,"Uria aalge",4.37508672649155,0.127303004774043
-142.816711864407,61.2738644067797,"Uria aalge",4.41056538403225,0.133097897659365
-142.209118644068,61.2738644067797,"Uria aalge",4.4461002050186,0.139216220375505
-141.601525423729,61.2738644067797,"Uria aalge",4.48150864794745,0.145293335642808
-140.99393220339,61.2738644067797,"Uria aalge",4.51660020089311,0.150922200554964
-140.386338983051,61.2738644067797,"Uria aalge",4.5511754659315,0.155678376089874
-139.778745762712,61.2738644067797,"Uria aalge",4.58502593557048,0.159144999583499
-139.171152542373,61.2738644067797,"Uria aalge",4.61793553510105,0.160944433538233
-138.563559322034,61.2738644067797,"Uria aalge",4.64968562582251,0.160787188722857
-137.955966101695,61.2738644067797,"Uria aalge",4.68006575753386,0.1585509800793
-137.348372881356,61.2738644067797,"Uria aalge",4.70889235355586,0.154399637576175
-136.740779661017,61.2738644067797,"Uria aalge",4.7360353562329,0.148933000190333
-136.133186440678,61.2738644067797,"Uria aalge",4.76144744041971,0.14331004334614
-135.525593220339,61.2738644067797,"Uria aalge",4.78518339292097,0.139208794552486
-134.918,61.2738644067797,"Uria aalge",4.80739556389128,0.138453536697936
-170.766,61.5441355932203,"Uria aalge",4.10524567138037,0.137237646694486
-170.158406779661,61.5441355932203,"Uria aalge",4.07119621798505,0.127241253092073
-169.550813559322,61.5441355932203,"Uria aalge",4.03486664691175,0.12050463048942
-168.943220338983,61.5441355932203,"Uria aalge",3.9957841199616,0.119420408013097
-168.335627118644,61.5441355932203,"Uria aalge",3.95360000307124,0.12496035245356
-167.728033898305,61.5441355932203,"Uria aalge",3.90848671540429,0.135632843570416
-167.120440677966,61.5441355932203,"Uria aalge",3.86144394029126,0.148372405390292
-166.512847457627,61.5441355932203,"Uria aalge",3.81468101459195,0.159520625864135
-165.905254237288,61.5441355932203,"Uria aalge",3.77291981996146,0.163492287292029
-165.297661016949,61.5441355932203,"Uria aalge",3.74319638663013,0.153277808958609
-164.69006779661,61.5441355932203,"Uria aalge",3.72285872408803,0.138182526668196
-164.082474576271,61.5441355932203,"Uria aalge",3.71235760366236,0.123193199496047
-163.474881355932,61.5441355932203,"Uria aalge",3.71361552466573,0.110675357489404
-162.867288135593,61.5441355932203,"Uria aalge",3.72867745445575,0.102028396821614
-162.259694915254,61.5441355932203,"Uria aalge",3.75888941451306,0.0983035556007197
-161.652101694915,61.5441355932203,"Uria aalge",3.80403154625688,0.100018514101279
-161.044508474576,61.5441355932203,"Uria aalge",3.86154850779007,0.106613078252369
-160.436915254237,61.5441355932203,"Uria aalge",3.92642032760143,0.116422126435506
-159.829322033898,61.5441355932203,"Uria aalge",3.992102836893,0.127174281342401
-159.221728813559,61.5441355932203,"Uria aalge",4.05233414271815,0.136672245450213
-158.61413559322,61.5441355932203,"Uria aalge",4.10289041386858,0.143541898720125
-158.006542372881,61.5441355932203,"Uria aalge",4.14215449650005,0.147617565903488
-157.398949152542,61.5441355932203,"Uria aalge",4.17036491665664,0.149679275300519
-156.791355932203,61.5441355932203,"Uria aalge",4.18853220152863,0.15088886850685
-156.183762711864,61.5441355932203,"Uria aalge",4.19775103896244,0.152310717163689
-155.576169491525,61.5441355932203,"Uria aalge",4.19893107322818,0.154603628368418
-154.968576271186,61.5441355932203,"Uria aalge",4.19275252749331,0.157856486639091
-154.360983050847,61.5441355932203,"Uria aalge",4.1797320454484,0.161543244826007
-153.753389830508,61.5441355932203,"Uria aalge",4.1603935980136,0.164566599074458
-153.14579661017,61.5441355932203,"Uria aalge",4.13562797594389,0.165443702286356
-152.53820338983,61.5441355932203,"Uria aalge",4.10735249096066,0.163125929150544
-151.930610169492,61.5441355932203,"Uria aalge",4.07928685071633,0.158721880699428
-151.323016949153,61.5441355932203,"Uria aalge",4.05671620852964,0.154742457942525
-150.715423728814,61.5441355932203,"Uria aalge",4.04411201527252,0.151450887148605
-150.107830508475,61.5441355932203,"Uria aalge",4.0427229479113,0.147379807968161
-149.500237288136,61.5441355932203,"Uria aalge",4.05109858591495,0.141889142237807
-148.892644067797,61.5441355932203,"Uria aalge",4.06701925556678,0.135521120484028
-148.285050847458,61.5441355932203,"Uria aalge",4.08854458423763,0.129321049570812
-147.677457627119,61.5441355932203,"Uria aalge",4.11419435596113,0.124298030756043
-147.06986440678,61.5441355932203,"Uria aalge",4.14285339441272,0.121097968479698
-146.462271186441,61.5441355932203,"Uria aalge",4.1736711111911,0.11986324719147
-145.854677966102,61.5441355932203,"Uria aalge",4.20601563681175,0.12034737867668
-145.247084745763,61.5441355932203,"Uria aalge",4.23945116052491,0.12220636112734
-144.639491525424,61.5441355932203,"Uria aalge",4.27368732203783,0.125196137116138
-144.031898305085,61.5441355932203,"Uria aalge",4.30851060518838,0.129161958818759
-143.424305084746,61.5441355932203,"Uria aalge",4.34373634262319,0.133947814258448
-142.816711864407,61.5441355932203,"Uria aalge",4.37918688779657,0.139337312025552
-142.209118644068,61.5441355932203,"Uria aalge",4.41468346697032,0.145040714671941
-141.601525423729,61.5441355932203,"Uria aalge",4.45004294318934,0.150708271467772
-140.99393220339,61.5441355932203,"Uria aalge",4.48507615134483,0.155952781209155
-140.386338983051,61.5441355932203,"Uria aalge",4.51958703380857,0.16037386215137
-139.778745762712,61.5441355932203,"Uria aalge",4.55337286013414,0.163584080503473
-139.171152542373,61.5441355932203,"Uria aalge",4.58622641922372,0.165242150581121
-138.563559322034,61.5441355932203,"Uria aalge",4.61794158486194,0.165101525220721
-137.955966101695,61.5441355932203,"Uria aalge",4.64832396925131,0.163083411036663
-137.348372881356,61.5441355932203,"Uria aalge",4.67720794349312,0.159378306000474
-136.740779661017,61.5441355932203,"Uria aalge",4.70447920978124,0.154562508985367
-136.133186440678,61.5441355932203,"Uria aalge",4.73009788753436,0.149678043224688
-135.525593220339,61.5441355932203,"Uria aalge",4.75411248013424,0.146173747976635
-134.918,61.5441355932203,"Uria aalge",4.77665488793548,0.14559931643247
-170.766,61.814406779661,"Uria aalge",4.10214776932954,0.140341133027943
-170.158406779661,61.814406779661,"Uria aalge",4.06966833306335,0.129554297246082
-169.550813559322,61.814406779661,"Uria aalge",4.03515370072079,0.121470257744439
-168.943220338983,61.814406779661,"Uria aalge",3.99796491873501,0.118837049342588
-168.335627118644,61.814406779661,"Uria aalge",3.95755718317927,0.123018476365709
-167.728033898305,61.814406779661,"Uria aalge",3.91396526193112,0.132596949510087
-167.120440677966,61.814406779661,"Uria aalge",3.86810709624005,0.144326276996475
-166.512847457627,61.814406779661,"Uria aalge",3.82218428382437,0.1543216412505
-165.905254237288,61.814406779661,"Uria aalge",3.78089179693264,0.15709220359155
-165.297661016949,61.814406779661,"Uria aalge",3.74979322992389,0.148114932087129
-164.69006779661,61.814406779661,"Uria aalge",3.7279308009777,0.13417878542338
-164.082474576271,61.814406779661,"Uria aalge",3.71567606044742,0.120380075245226
-163.474881355932,61.814406779661,"Uria aalge",3.71483860264802,0.109048225378873
-162.867288135593,61.814406779661,"Uria aalge",3.72726270476434,0.101534124912527
-162.259694915254,61.814406779661,"Uria aalge",3.75404644879827,0.0988612479981131
-161.652101694915,61.814406779661,"Uria aalge",3.79483735526855,0.101305753544986
-161.044508474576,61.814406779661,"Uria aalge",3.84723211208665,0.107942238782857
-160.436915254237,61.814406779661,"Uria aalge",3.90669728723735,0.117065943990795
-159.829322033898,61.814406779661,"Uria aalge",3.96739230541208,0.12681365605041
-159.221728813559,61.814406779661,"Uria aalge",4.02369175721101,0.135543025494159
-158.61413559322,61.814406779661,"Uria aalge",4.07161025911465,0.142230585336758
-158.006542372881,61.814406779661,"Uria aalge",4.10931204325575,0.146740277905945
-157.398949152542,61.814406779661,"Uria aalge",4.13662768440043,0.149685739938874
-156.791355932203,61.814406779661,"Uria aalge",4.15422909475435,0.152020991932206
-156.183762711864,61.814406779661,"Uria aalge",4.16301980794233,0.154629136461354
-155.576169491525,61.814406779661,"Uria aalge",4.16384423084807,0.158029322392817
-154.968576271186,61.814406779661,"Uria aalge",4.15741204651732,0.162219426334936
-154.360983050847,61.814406779661,"Uria aalge",4.14435196872026,0.166643028604911
-153.753389830508,61.814406779661,"Uria aalge",4.12538256868099,0.170264256911559
-153.14579661017,61.814406779661,"Uria aalge",4.10164497722195,0.171824583725285
-152.53820338983,61.814406779661,"Uria aalge",4.07521826560522,0.1705806614016
-151.930610169492,61.814406779661,"Uria aalge",4.04956407437102,0.16733909230035
-151.323016949153,61.814406779661,"Uria aalge",4.02911535911663,0.163787246881799
-150.715423728814,61.814406779661,"Uria aalge",4.01753184855388,0.160313974521897
-150.107830508475,61.814406779661,"Uria aalge",4.01606855423915,0.156119647112643
-149.500237288136,61.814406779661,"Uria aalge",4.02380380558521,0.150785593272338
-148.892644067797,61.814406779661,"Uria aalge",4.03894939762888,0.144725008266669
-148.285050847458,61.814406779661,"Uria aalge",4.05975887010193,0.138793412071251
-147.677457627119,61.814406779661,"Uria aalge",4.08480761901635,0.133855492652795
-147.06986440678,61.814406779661,"Uria aalge",4.11298650963857,0.130498577620621
-146.462271186441,61.814406779661,"Uria aalge",4.14344064743826,0.128911437264729
-145.854677966102,61.814406779661,"Uria aalge",4.17552809141101,0.128958745486521
-145.247084745763,61.814406779661,"Uria aalge",4.20879032340153,0.130384356023007
-144.639491525424,61.814406779661,"Uria aalge",4.24290669186807,0.132965984355354
-144.031898305085,61.814406779661,"Uria aalge",4.27763794309322,0.13653256223102
-143.424305084746,61.814406779661,"Uria aalge",4.31278278999319,0.140910344220767
-142.816711864407,61.814406779661,"Uria aalge",4.34815429763714,0.145877904657161
-142.209118644068,61.814406779661,"Uria aalge",4.38356909053364,0.151152697896685
-141.601525423729,61.814406779661,"Uria aalge",4.41884246989185,0.156400275059259
-140.99393220339,61.814406779661,"Uria aalge",4.45378604363611,0.161253847409857
-140.386338983051,61.814406779661,"Uria aalge",4.48820676592986,0.165337622840623
-139.778745762712,61.814406779661,"Uria aalge",4.5219074214431,0.168293422401787
-139.171152542373,61.814406779661,"Uria aalge",4.55468922634429,0.169814410720285
-138.563559322034,61.814406779661,"Uria aalge",4.58635763848045,0.169692132677381
-137.955966101695,61.814406779661,"Uria aalge",4.61673258597615,0.167882693404197
-137.348372881356,61.814406779661,"Uria aalge",4.64566372069621,0.164592226947983
-136.740779661017,61.814406779661,"Uria aalge",4.67304941767144,0.160366174589181
-136.133186440678,61.814406779661,"Uria aalge",4.69885503380369,0.156138291363987
-135.525593220339,61.814406779661,"Uria aalge",4.72312298310672,0.153163798557292
-134.918,61.814406779661,"Uria aalge",4.74596771430048,0.152768360837613
-170.766,62.0846779661017,"Uria aalge",4.09981973614973,0.143263774779401
-170.158406779661,62.0846779661017,"Uria aalge",4.06905132327464,0.13164669563375
-169.550813559322,62.0846779661017,"Uria aalge",4.03655321898996,0.122091488854148
-168.943220338983,62.0846779661017,"Uria aalge",4.00147898092028,0.117757263687031
-168.335627118644,62.0846779661017,"Uria aalge",3.96306422729712,0.120428744593838
-167.728033898305,62.0846779661017,"Uria aalge",3.92122481931613,0.128729521192661
-167.120440677966,62.0846779661017,"Uria aalge",3.87682400260471,0.139170049388038
-166.512847457627,62.0846779661017,"Uria aalge",3.83203497977659,0.14762062719029
-165.905254237288,62.0846779661017,"Uria aalge",3.79110653127582,0.149267241726833
-165.297661016949,62.0846779661017,"Uria aalge",3.75844314982604,0.141579544145431
-164.69006779661,62.0846779661017,"Uria aalge",3.7345263091312,0.129365638937109
-164.082474576271,62.0846779661017,"Uria aalge",3.72003537185153,0.11726284728042
-163.474881355932,62.0846779661017,"Uria aalge",3.71668324308149,0.107465934941528
-162.867288135593,62.0846779661017,"Uria aalge",3.72612226499219,0.101254893771505
-162.259694915254,62.0846779661017,"Uria aalge",3.7492449487521,0.0997152140804493
-161.652101694915,62.0846779661017,"Uria aalge",3.78563631149047,0.102977155929095
-161.044508474576,62.0846779661017,"Uria aalge",3.83307920893523,0.109771502459288
-160.436915254237,62.0846779661017,"Uria aalge",3.88745741420867,0.118333096104878
-159.829322033898,62.0846779661017,"Uria aalge",3.94347598479323,0.127172003910869
-159.221728813559,62.0846779661017,"Uria aalge",3.99599660025955,0.135157967063501
-158.61413559322,62.0846779661017,"Uria aalge",4.04123975761345,0.141602920297947
-158.006542372881,62.0846779661017,"Uria aalge",4.07723890242352,0.146429514572344
-157.398949152542,62.0846779661017,"Uria aalge",4.10352318643035,0.150121950091734
-156.791355932203,62.0846779661017,"Uria aalge",4.12048435556114,0.153442591606125
-156.183762711864,62.0846779661017,"Uria aalge",4.1288507166988,0.15709400962304
-155.576169491525,62.0846779661017,"Uria aalge",4.12939889764714,0.161455849383142
-154.968576271186,62.0846779661017,"Uria aalge",4.12285962344736,0.166442854967942
-154.360983050847,62.0846779661017,"Uria aalge",4.10995807653063,0.171486164197753
-153.753389830508,62.0846779661017,"Uria aalge",4.09157147361741,0.175633087610381
-153.14579661017,62.0846779661017,"Uria aalge",4.06901575661034,0.177829384062774
-152.53820338983,62.0846779661017,"Uria aalge",4.04442503765104,0.177523133593198
-151.930610169492,62.0846779661017,"Uria aalge",4.02097305152016,0.175277650181909
-151.323016949153,62.0846779661017,"Uria aalge",4.00241866749319,0.172247215549541
-150.715423728814,62.0846779661017,"Uria aalge",3.99181730974811,0.168842835930813
-150.107830508475,62.0846779661017,"Uria aalge",3.99038349338405,0.164688395766032
-149.500237288136,62.0846779661017,"Uria aalge",3.99756899410719,0.159567668340847
-148.892644067797,62.0846779661017,"Uria aalge",4.01195602664782,0.153830613182174
-148.285050847458,62.0846779661017,"Uria aalge",4.03200639054259,0.148187655289298
-147.677457627119,62.0846779661017,"Uria aalge",4.05637993313085,0.14338136783833
-147.06986440678,62.0846779661017,"Uria aalge",4.08399331773943,0.139944776048354
-146.462271186441,62.0846779661017,"Uria aalge",4.11399573726291,0.138094861278923
-145.854677966102,62.0846779661017,"Uria aalge",4.14573782158595,0.137777263558265
-145.247084745763,62.0846779661017,"Uria aalge",4.17874185934209,0.138808162108817
-144.639491525424,62.0846779661017,"Uria aalge",4.2126612279904,0.140993873518103
-144.031898305085,62.0846779661017,"Uria aalge",4.24723294798804,0.144160552013282
-143.424305084746,62.0846779661017,"Uria aalge",4.28223881406357,0.148125789057228
-142.816711864407,62.0846779661017,"Uria aalge",4.3174814539279,0.15266706929693
-142.209118644068,62.0846779661017,"Uria aalge",4.35277176955192,0.157510348861975
-141.601525423729,62.0846779661017,"Uria aalge",4.38792266507951,0.162336980019547
-140.99393220339,62.0846779661017,"Uria aalge",4.42274596072774,0.166800966605198
-140.386338983051,62.0846779661017,"Uria aalge",4.45705123109406,0.170551273798247
-139.778745762712,62.0846779661017,"Uria aalge",4.49064639700785,0.17325836595181
-139.171152542373,62.0846779661017,"Uria aalge",4.52334052423711,0.174647619935379
-138.563559322034,62.0846779661017,"Uria aalge",4.55494962440155,0.174543935989892
-137.955966101695,62.0846779661017,"Uria aalge",4.58530624161798,0.172930830046903
-137.348372881356,62.0846779661017,"Uria aalge",4.61427295023892,0.17002154784512
-136.740779661017,62.0846779661017,"Uria aalge",4.6417582727362,0.166326556016166
-136.133186440678,62.0846779661017,"Uria aalge",4.66773113648248,0.162680826045069
-135.525593220339,62.0846779661017,"Uria aalge",4.69222813029718,0.160175617399699
-134.918,62.0846779661017,"Uria aalge",4.71534866147219,0.159952256698366
-170.766,62.3549491525424,"Uria aalge",4.09818840153285,0.145955530994497
-170.158406779661,62.3549491525424,"Uria aalge",4.06925129180462,0.133499881010913
-169.550813559322,62.3549491525424,"Uria aalge",4.03896090151132,0.122385843348448
-168.943220338983,62.3549491525424,"Uria aalge",4.00619621024103,0.116267083255603
-168.335627118644,62.3549491525424,"Uria aalge",3.96994474174962,0.117368006647792
-167.728033898305,62.3549491525424,"Uria aalge",3.93002835211457,0.124325131622096
-167.120440677966,62.3549491525424,"Uria aalge",3.8872636118398,0.133401718454452
-166.512847457627,62.3549491525424,"Uria aalge",3.84368541676986,0.140323299972222
-165.905254237288,62.3549491525424,"Uria aalge",3.80291373196524,0.141086631799494
-165.297661016949,62.3549491525424,"Uria aalge",3.76863984991895,0.134472940954815
-164.69006779661,62.3549491525424,"Uria aalge",3.74234537801991,0.124183412178832
-164.082474576271,62.3549491525424,"Uria aalge",3.72524384639715,0.114114053932266
-163.474881355932,62.3549491525424,"Uria aalge",3.7190478870707,0.106067036976676
-162.867288135593,62.3549491525424,"Uria aalge",3.72524153199238,0.101199387549804
-162.259694915254,62.3549491525424,"Uria aalge",3.74454069618592,0.100802993200096
-161.652101694915,62.3549491525424,"Uria aalge",3.77652545446707,0.104967582908084
-161.044508474576,62.3549491525424,"Uria aalge",3.81919963584872,0.112047240005021
-160.436915254237,62.3549491525424,"Uria aalge",3.86880054418114,0.120166972489243
-159.829322033898,62.3549491525424,"Uria aalge",3.92043617200249,0.128187863611137
-159.221728813559,62.3549491525424,"Uria aalge",3.96933229015317,0.13546414588224
-158.61413559322,62.3549491525424,"Uria aalge",4.01188909198236,0.141626788493901
-158.006542372881,62.3549491525424,"Uria aalge",4.04607485398902,0.146672177328097
-157.398949152542,62.3549491525424,"Uria aalge",4.07120471108993,0.15098267001434
-156.791355932203,62.3549491525424,"Uria aalge",4.08744693752904,0.155147595077019
-156.183762711864,62.3549491525424,"Uria aalge",4.09537613918029,0.159697939447138
-155.576169491525,62.3549491525424,"Uria aalge",4.09570225188915,0.164881422959258
-154.968576271186,62.3549491525424,"Uria aalge",4.08916773466013,0.170540963780983
-154.360983050847,62.3549491525424,"Uria aalge",4.07657438961957,0.176109985679593
-153.753389830508,62.3549491525424,"Uria aalge",4.05891928111769,0.180726578165011
-153.14579661017,62.3549491525424,"Uria aalge",4.03762765208709,0.183507984474568
-152.53820338983,62.3549491525424,"Uria aalge",4.01481687259176,0.184020230794332
-151.930610169492,62.3549491525424,"Uria aalge",3.99337479904945,0.182641188151584
-151.323016949153,62.3549491525424,"Uria aalge",3.97652340580419,0.180172878117053
-150.715423728814,62.3549491525424,"Uria aalge",3.9668569815961,0.177005116706344
-150.107830508475,62.3549491525424,"Uria aalge",3.9655284531421,0.173023308604942
-149.500237288136,62.3549491525424,"Uria aalge",3.97225287606021,0.168172727634294
-148.892644067797,62.3549491525424,"Uria aalge",3.98592069515765,0.162777476060592
-148.285050847458,62.3549491525424,"Uria aalge",4.0051991011023,0.157440609846301
-147.677457627119,62.3549491525424,"Uria aalge",4.02885056456889,0.152804333142438
-147.06986440678,62.3549491525424,"Uria aalge",4.05583401862193,0.149352555788506
-146.462271186441,62.3549491525424,"Uria aalge",4.08531196514,0.147317583853652
-145.854677966102,62.3549491525424,"Uria aalge",4.1166322690606,0.146703545445119
-145.247084745763,62.3549491525424,"Uria aalge",4.14930230775307,0.147385049867288
-144.639491525424,62.3549491525424,"Uria aalge",4.18295377174022,0.149198837477659
-144.031898305085,62.3549491525424,"Uria aalge",4.21730246703226,0.151977216357464
-143.424305084746,62.3549491525424,"Uria aalge",4.25211379688487,0.155536512757211
-142.816711864407,62.3549491525424,"Uria aalge",4.28717945261564,0.159656961945846
-142.209118644068,62.3549491525424,"Uria aalge",4.32230386853345,0.164074519181653
-141.601525423729,62.3549491525424,"Uria aalge",4.35729689253095,0.168486859727311
-140.99393220339,62.3549491525424,"Uria aalge",4.39197004757713,0.172568969733429
-140.386338983051,62.3549491525424,"Uria aalge",4.42613510876817,0.175994410591931
-139.778745762712,62.3549491525424,"Uria aalge",4.45960467616122,0.178461328450457
-139.171152542373,62.3549491525424,"Uria aalge",4.49219499685516,0.179724890117123
-138.563559322034,62.3549491525424,"Uria aalge",4.5237315633407,0.179638902537215
-137.955966101695,62.3549491525424,"Uria aalge",4.55405792641798,0.178207949447637
-137.348372881356,62.3549491525424,"Uria aalge",4.58304751770231,0.175646010765546
-136.740779661017,62.3549491525424,"Uria aalge",4.61061693794375,0.17242679562752
-136.133186440678,62.3549491525424,"Uria aalge",4.63673741452192,0.169296067429236
-135.525593220339,62.3549491525424,"Uria aalge",4.66144000059083,0.167205838009821
-134.918,62.3549491525424,"Uria aalge",4.68481101659908,0.167144529916787
-170.766,62.625220338983,"Uria aalge",4.09718338922903,0.148357935878226
-170.158406779661,62.625220338983,"Uria aalge",4.07017157310067,0.135092508613573
-169.550813559322,62.625220338983,"Uria aalge",4.04226833333854,0.122376440374539
-168.943220338983,62.625220338983,"Uria aalge",4.01196843004381,0.11448174445522
-168.335627118644,62.625220338983,"Uria aalge",3.9779853083485,0.114056218247952
-167.728033898305,62.625220338983,"Uria aalge",3.94008530658306,0.119723335723225
-167.120440677966,62.625220338983,"Uria aalge",3.89904100320055,0.127553644799538
-166.512847457627,62.625220338983,"Uria aalge",3.8566393940427,0.133212205466508
-165.905254237288,62.625220338983,"Uria aalge",3.81584407529684,0.133309118346206
-165.297661016949,62.625220338983,"Uria aalge",3.7799139801445,0.127510043464688
-164.69006779661,62.625220338983,"Uria aalge",3.75106070693798,0.119107970073771
-164.082474576271,62.625220338983,"Uria aalge",3.73109593434254,0.111244618991827
-163.474881355932,62.625220338983,"Uria aalge",3.72183473037115,0.105007984945355
-162.867288135593,62.625220338983,"Uria aalge",3.72461954818554,0.101370691963426
-162.259694915254,62.625220338983,"Uria aalge",3.74000068771973,0.102048354367154
-161.652101694915,62.625220338983,"Uria aalge",3.7676039673258,0.107198344126318
-161.044508474576,62.625220338983,"Uria aalge",3.80570148915168,0.114694190354317
-160.436915254237,62.625220338983,"Uria aalge",3.85082638318731,0.122478352519972
-159.829322033898,62.625220338983,"Uria aalge",3.89835447903443,0.129765039783027
-159.221728813559,62.625220338983,"Uria aalge",3.94377406625353,0.13637740462106
-158.61413559322,62.625220338983,"Uria aalge",3.98364774746641,0.142242498898337
-158.006542372881,62.625220338983,"Uria aalge",4.01593065156646,0.147432401999549
-157.398949152542,62.625220338983,"Uria aalge",4.03979543956158,0.152247334673565
-156.791355932203,62.625220338983,"Uria aalge",4.05523856493025,0.157123454894799
-156.183762711864,62.625220338983,"Uria aalge",4.062704362759,0.162435071267986
-155.576169491525,62.625220338983,"Uria aalge",4.06283935699164,0.168310746688799
-154.968576271186,62.625220338983,"Uria aalge",4.05638824863495,0.174534233740147
-154.360983050847,62.625220338983,"Uria aalge",4.04420798386041,0.180551669272978
-153.753389830508,62.625220338983,"Uria aalge",4.02737795971404,0.18558971403261
-153.14579661017,62.625220338983,"Uria aalge",4.00737927202194,0.188903414570853
-152.53820338983,62.625220338983,"Uria aalge",3.98626660097132,0.190131777512205
-151.930610169492,62.625220338983,"Uria aalge",3.96665892496081,0.189515558106613
-151.323016949153,62.625220338983,"Uria aalge",3.95134626755704,0.18761936762395
-150.715423728814,62.625220338983,"Uria aalge",3.94256316884156,0.184795933572575
-150.107830508475,62.625220338983,"Uria aalge",3.94139320851661,0.181087632736268
-149.500237288136,62.625220338983,"Uria aalge",3.94773695684203,0.176558050444591
-148.892644067797,62.625220338983,"Uria aalge",3.96073663726715,0.171523439204019
-148.285050847458,62.625220338983,"Uria aalge",3.97925172726187,0.166508374640139
-147.677457627119,62.625220338983,"Uria aalge",4.00215634085566,0.162074067753938
-147.06986440678,62.625220338983,"Uria aalge",4.02846407309353,0.158660902864794
-146.462271186441,62.625220338983,"Uria aalge",4.05735953506859,0.156507650642108
-145.854677966102,62.625220338983,"Uria aalge",4.0881934372841,0.155660290671622
-145.247084745763,62.625220338983,"Uria aalge",4.12046300053044,0.156040055238666
-144.639491525424,62.625220338983,"Uria aalge",4.1537825266935,0.157513173877675
-144.031898305085,62.625220338983,"Uria aalge",4.18784944102215,0.159923564418068
-143.424305084746,62.625220338983,"Uria aalge",4.22241389092905,0.163091910545887
-142.816711864407,62.625220338983,"Uria aalge",4.25725668918852,0.166804585608547
-142.209118644068,62.625220338983,"Uria aalge",4.29217542632506,0.170809024126392
-141.601525423729,62.625220338983,"Uria aalge",4.32697643414667,0.174819702047013
-140.99393220339,62.625220338983,"Uria aalge",4.36147050909526,0.178532593344201
-140.386338983051,62.625220338983,"Uria aalge",4.39547120928722,0.181645414565856
-139.778745762712,62.625220338983,"Uria aalge",4.42879531544974,0.183882771224474
-139.171152542373,62.625220338983,"Uria aalge",4.46126554106305,0.185027135903297
-138.563559322034,62.625220338983,"Uria aalge",4.49271578930581,0.184957164239501
-137.955966101695,62.625220338983,"Uria aalge",4.5229991249679,0.183693260038844
-137.348372881356,62.625220338983,"Uria aalge",4.55199804066693,0.181445532715146
-136.740779661017,62.625220338983,"Uria aalge",4.57963551607945,0.178650796366476
-136.133186440678,62.625220338983,"Uria aalge",4.60588410197748,0.175974838389988
-135.525593220339,62.625220338983,"Uria aalge",4.63076960580481,0.174251035576229
-134.918,62.625220338983,"Uria aalge",4.65436685928592,0.174340018775995
-170.766,62.8954915254237,"Uria aalge",4.09674677461045,0.150399306473832
-170.158406779661,62.8954915254237,"Uria aalge",4.07172131462595,0.136397454695191
-169.550813559322,62.8954915254237,"Uria aalge",4.04637209900338,0.122096386225048
-168.943220338983,62.8954915254237,"Uria aalge",4.01863185802059,0.112558734062885
-168.335627118644,62.8954915254237,"Uria aalge",3.98693781819756,0.110755566675557
-167.728033898305,62.8954915254237,"Uria aalge",3.95106025336306,0.115274363598983
-167.120440677966,62.8954915254237,"Uria aalge",3.91174305309106,0.122106272321732
-166.512847457627,62.8954915254237,"Uria aalge",3.87045032434518,0.126898664836484
-165.905254237288,62.8954915254237,"Uria aalge",3.82948978766281,0.126512833522233
-165.297661016949,62.8954915254237,"Uria aalge",3.79184795019275,0.121238694667514
-164.69006779661,62.8954915254237,"Uria aalge",3.76034436797568,0.114560066031626
-164.082474576271,62.8954915254237,"Uria aalge",3.7373830083783,0.108951985522193
-163.474881355932,62.8954915254237,"Uria aalge",3.72495402934655,0.104433678635546
-162.867288135593,62.8954915254237,"Uria aalge",3.72427302253308,0.10174999156352
-162.259694915254,62.8954915254237,"Uria aalge",3.73570787223787,0.103354382386011
-161.652101694915,62.8954915254237,"Uria aalge",3.75897721673879,0.109576883073453
-161.044508474576,62.8954915254237,"Uria aalge",3.7926961253901,0.117617221771153
-160.436915254237,62.8954915254237,"Uria aalge",3.83363975745648,0.125148969820178
-159.829322033898,62.8954915254237,"Uria aalge",3.8773146419998,0.131779622262112
-159.221728813559,62.8954915254237,"Uria aalge",3.91939072516951,0.137791237940332
-158.61413559322,62.8954915254237,"Uria aalge",3.95658781135291,0.143371812192616
-158.006542372881,62.8954915254237,"Uria aalge",3.98689175856177,0.148659203795653
-157.398949152542,62.8954915254237,"Uria aalge",4.00939096134311,0.153885217415593
-156.791355932203,62.8954915254237,"Uria aalge",4.02395488596966,0.159353486845516
-156.183762711864,62.8954915254237,"Uria aalge",4.03092027612672,0.165300661512265
-155.576169491525,62.8954915254237,"Uria aalge",4.03087446062313,0.171752210056316
-154.968576271186,62.8954915254237,"Uria aalge",4.02455518545192,0.178445469811425
-154.360983050847,62.8954915254237,"Uria aalge",4.01285336860909,0.18484584627471
-153.753389830508,62.8954915254237,"Uria aalge",3.99689691335384,0.190260986023339
-153.14579661017,62.8954915254237,"Uria aalge",3.97818101377206,0.194054339327159
-152.53820338983,62.8954915254237,"Uria aalge",3.95866981595654,0.195911223355425
-151.930610169492,62.8954915254237,"Uria aalge",3.94073622247305,0.19597284007695
-151.323016949153,62.8954915254237,"Uria aalge",3.92681866174976,0.194640783321137
-150.715423728814,62.8954915254237,"Uria aalge",3.91886534722957,0.192227025339837
-150.107830508475,62.8954915254237,"Uria aalge",3.91788952566187,0.188864420360345
-149.500237288136,62.8954915254237,"Uria aalge",3.92392228539805,0.184697452868161
-148.892644067797,62.8954915254237,"Uria aalge",3.93630926008966,0.180040943231012
-148.285050847458,62.8954915254237,"Uria aalge",3.95408395919012,0.175361653014084
-147.677457627119,62.8954915254237,"Uria aalge",3.9762341386468,0.171155957838779
-147.06986440678,62.8954915254237,"Uria aalge",4.00183635239372,0.167826209839042
-146.462271186441,62.8954915254237,"Uria aalge",4.03010491165318,0.165611732191256
-145.854677966102,62.8954915254237,"Uria aalge",4.06039913579937,0.164588088284149
-145.247084745763,62.8954915254237,"Uria aalge",4.0922110014332,0.164713390359041
-144.639491525424,62.8954915254237,"Uria aalge",4.1251416937976,0.165881044933163
-144.031898305085,62.8954915254237,"Uria aalge",4.1588732801781,0.167949572317855
-143.424305084746,62.8954915254237,"Uria aalge",4.19314222041716,0.170748026836608
-142.816711864407,62.8954915254237,"Uria aalge",4.22771895938901,0.174071685954988
-142.209118644068,62.8954915254237,"Uria aalge",4.26239420506863,0.177680777571985
-141.601525423729,62.8954915254237,"Uria aalge",4.296970517731,0.181306954933251
-140.99393220339,62.8954915254237,"Uria aalge",4.33125763744373,0.184667011977762
-140.386338983051,62.8954915254237,"Uria aalge",4.36507051612486,0.187482152776584
-139.778745762712,62.8954915254237,"Uria aalge",4.39822960666527,0.189502041923085
-139.171152542373,62.8954915254237,"Uria aalge",4.43056336364807,0.190534004748499
-138.563559322034,62.8954915254237,"Uria aalge",4.46191306691111,0.190477926228818
-137.955966101695,62.8954915254237,"Uria aalge",4.49213993255634,0.189365777055532
-137.348372881356,62.8954915254237,"Uria aalge",4.5211339599185,0.18740061272281
-136.740779661017,62.8954915254237,"Uria aalge",4.54882310842981,0.184983329204962
-136.133186440678,62.8954915254237,"Uria aalge",4.57518049575181,0.18270838102252
-135.525593220339,62.8954915254237,"Uria aalge",4.60022696098198,0.181307732339879
-134.918,62.8954915254237,"Uria aalge",4.62402716402897,0.181534455274868
-170.766,63.1657627118644,"Uria aalge",4.0968491915116,0.15198967888082
-170.158406779661,63.1657627118644,"Uria aalge",4.07383151118073,0.137377650334201
-169.550813559322,63.1657627118644,"Uria aalge",4.05118428327028,0.121606468032604
-168.943220338983,63.1657627118644,"Uria aalge",4.0260060285204,0.110724530897516
-168.335627118644,63.1657627118644,"Uria aalge",3.99652015169774,0.107776176455719
-167.728033898305,63.1657627118644,"Uria aalge",3.96257711409116,0.11131267506486
-167.120440677966,63.1657627118644,"Uria aalge",3.9249324679091,0.117426563051711
-166.512847457627,63.1657627118644,"Uria aalge",3.88468932403789,0.121797572254319
-165.905254237288,63.1657627118644,"Uria aalge",3.84346094817773,0.121082325883464
-165.297661016949,63.1657627118644,"Uria aalge",3.80405329068373,0.11600073521439
-164.69006779661,63.1657627118644,"Uria aalge",3.76987938127697,0.110834778071516
-164.082474576271,63.1657627118644,"Uria aalge",3.74390298071794,0.107467673007519
-163.474881355932,63.1657627118644,"Uria aalge",3.72832980290857,0.104447426743823
-162.867288135593,63.1657627118644,"Uria aalge",3.72424283943572,0.10228324505008
-162.259694915254,63.1657627118644,"Uria aalge",3.73176901067816,0.104600045896055
-161.652101694915,63.1657627118644,"Uria aalge",3.75076282687272,0.111997690719
-161.044508474576,63.1657627118644,"Uria aalge",3.78030479903404,0.120701920142285
-160.436915254237,63.1657627118644,"Uria aalge",3.81735614791696,0.128034553705835
-159.829322033898,63.1657627118644,"Uria aalge",3.85740384597439,0.134088790853459
-159.221728813559,63.1657627118644,"Uria aalge",3.89624459530378,0.139587610302449
-158.61413559322,63.1657627118644,"Uria aalge",3.93076528271468,0.14492786803987
-158.006542372881,63.1657627118644,"Uria aalge",3.95902076018202,0.150294256019546
-157.398949152542,63.1657627118644,"Uria aalge",3.98006148253939,0.155860477805228
-156.791355932203,63.1657627118644,"Uria aalge",3.99366699570846,0.161819113094286
-156.183762711864,63.1657627118644,"Uria aalge",4.00008660422275,0.168290844652517
-155.576169491525,63.1657627118644,"Uria aalge",3.99985262392791,0.175215914968523
-154.968576271186,63.1657627118644,"Uria aalge",3.99368723308798,0.182297433052751
-154.360983050847,63.1657627118644,"Uria aalge",3.98249570683352,0.189023785294575
-153.753389830508,63.1657627118644,"Uria aalge",3.96742543038816,0.19477393202427
-153.14579661017,63.1657627118644,"Uria aalge",3.94995417178189,0.198996039821321
-152.53820338983,63.1657627118644,"Uria aalge",3.93193993977003,0.201406211887274
-151.930610169492,63.1657627118644,"Uria aalge",3.91553343720119,0.202074226754328
-151.323016949153,63.1657627118644,"Uria aalge",3.90288333709753,0.201287744864546
-150.715423728814,63.1657627118644,"Uria aalge",3.89570574668221,0.199319493578138
-150.107830508475,63.1657627118644,"Uria aalge",3.89494587561849,0.196350890346122
-149.500237288136,63.1657627118644,"Uria aalge",3.90072621317046,0.192577816228035
-148.892644067797,63.1657627118644,"Uria aalge",3.91255564146042,0.188313946979547
-148.285050847458,63.1657627118644,"Uria aalge",3.92962162884352,0.183982291774227
-147.677457627119,63.1657627118644,"Uria aalge",3.9510226415336,0.180027215996568
-147.06986440678,63.1657627118644,"Uria aalge",3.97590283776806,0.176818070087032
-146.462271186441,63.1657627118644,"Uria aalge",4.00351221917029,0.174590899783852
-145.854677966102,63.1657627118644,"Uria aalge",4.03322408993899,0.173441825639162
-145.247084745763,63.1657627118644,"Uria aalge",4.06452997279079,0.17335793742145
-144.639491525424,63.1657627118644,"Uria aalge",4.09702209719072,0.174256937692207
-144.031898305085,63.1657627118644,"Uria aalge",4.13037027271168,0.176013272081209
-143.424305084746,63.1657627118644,"Uria aalge",4.16429912903874,0.178467039942364
-142.816711864407,63.1657627118644,"Uria aalge",4.19856960444881,0.181424526237721
-142.209118644068,63.1657627118644,"Uria aalge",4.23296577722517,0.18465981039442
-141.601525423729,63.1657627118644,"Uria aalge",4.26728637615978,0.187921958366229
-140.99393220339,63.1657627118644,"Uria aalge",4.30133986434482,0.190948257370352
-140.386338983051,63.1657627118644,"Uria aalge",4.33494224618126,0.19348255696738
-139.778745762712,63.1657627118644,"Uria aalge",4.36791715423772,0.195298075036889
-139.171152542373,63.1657627118644,"Uria aalge",4.40009807736593,0.196224634123427
-138.563559322034,63.1657627118644,"Uria aalge",4.43133269780305,0.196180177028857
-137.955966101695,63.1657627118644,"Uria aalge",4.46148915515863,0.195204857861583
-137.348372881356,63.1657627118644,"Uria aalge",4.49046361634729,0.193492605276106
-136.740779661017,63.1657627118644,"Uria aalge",4.51818786603045,0.191410090330273
-136.133186440678,63.1657627118644,"Uria aalge",4.54463499919699,0.189488368437198
-135.525593220339,63.1657627118644,"Uria aalge",4.56982114546118,0.188372417106226
-134.918,63.1657627118644,"Uria aalge",4.5938018864053,0.188724185859151
-170.766,63.4360338983051,"Uria aalge",4.09751117661746,0.153026778013074
-170.158406779661,63.4360338983051,"Uria aalge",4.07649402695844,0.13797302775152
-169.550813559322,63.4360338983051,"Uria aalge",4.05663422046863,0.121044543002123
-168.943220338983,63.4360338983051,"Uria aalge",4.03388569471983,0.109311792723563
-168.335627118644,63.4360338983051,"Uria aalge",4.00641501753827,0.105483432443318
-167.728033898305,63.4360338983051,"Uria aalge",3.97421933255732,0.108142544194307
-167.120440677966,63.4360338983051,"Uria aalge",3.93813808637439,0.113730323566254
-166.512847457627,63.4360338983051,"Uria aalge",3.8989160170413,0.118081997492927
-165.905254237288,63.4360338983051,"Uria aalge",3.85735734028072,0.117153055106206
-165.297661016949,63.4360338983051,"Uria aalge",3.81614591035832,0.111896781222007
-164.69006779661,63.4360338983051,"Uria aalge",3.77936271178158,0.108056597053616
-164.082474576271,63.4360338983051,"Uria aalge",3.75046878279341,0.106911003021786
-163.474881355932,63.4360338983051,"Uria aalge",3.73190602243722,0.105083247562657
-162.867288135593,63.4360338983051,"Uria aalge",3.72460154754902,0.102873957044718
-162.259694915254,63.4360338983051,"Uria aalge",3.72832526524794,0.10564282859401
-161.652101694915,63.4360338983051,"Uria aalge",3.74309928541318,0.114343472442382
-161.044508474576,63.4360338983051,"Uria aalge",3.76866811584734,0.123811812354317
-160.436915254237,63.4360338983051,"Uria aalge",3.80210737725528,0.130967419732285
-159.829322033898,63.4360338983051,"Uria aalge",3.83871181013479,0.136542015202774
-159.221728813559,63.4360338983051,"Uria aalge",3.87438941644542,0.141649324435394
-158.61413559322,63.4360338983051,"Uria aalge",3.90621971604165,0.146825329957464
-158.006542372881,63.4360338983051,"Uria aalge",3.93235867437615,0.152279217726061
-157.398949152542,63.4360338983051,"Uria aalge",3.95185365201726,0.158136694010825
-156.791355932203,63.4360338983051,"Uria aalge",3.96442310244793,0.164501838440593
-156.183762711864,63.4360338983051,"Uria aalge",3.9702454516535,0.171402562946614
-155.576169491525,63.4360338983051,"Uria aalge",3.96980148929862,0.178712397863203
-154.968576271186,63.4360338983051,"Uria aalge",3.96378995064051,0.186111542137437
-154.360983050847,63.4360338983051,"Uria aalge",3.95311310783021,0.193113275677822
-153.753389830508,63.4360338983051,"Uria aalge",3.93891386374112,0.199158142540249
-153.14579661017,63.4360338983051,"Uria aalge",3.92262947739501,0.203760769450617
-152.53820338983,63.4360338983051,"Uria aalge",3.90600427934675,0.206659097971882
-151.930610169492,63.4360338983051,"Uria aalge",3.89098946038616,0.207872116866021
-151.323016949153,63.4360338983051,"Uria aalge",3.87949187476758,0.207606493010407
-150.715423728814,63.4360338983051,"Uria aalge",3.87303626101099,0.206099154492281
-150.107830508475,63.4360338983051,"Uria aalge",3.87250351543635,0.203553868522672
-149.500237288136,63.4360338983051,"Uria aalge",3.87807948490878,0.200195903299959
-148.892644067797,63.4360338983051,"Uria aalge",3.88940352390622,0.196335339732433
-148.285050847458,63.4360338983051,"Uria aalge",3.90579716865009,0.192360651983305
-147.677457627119,63.4360338983051,"Uria aalge",3.92646349408098,0.188674009112743
-147.06986440678,63.4360338983051,"Uria aalge",3.95061590874282,0.185616124616507
-146.462271186441,63.4360338983051,"Uria aalge",3.97754439632891,0.183417357924794
-145.854677966102,63.4360338983051,"Uria aalge",4.00664090679726,0.182187748753725
-145.247084745763,63.4360338983051,"Uria aalge",4.03740095885443,0.181937018540796
-144.639491525424,63.4360338983051,"Uria aalge",4.06941178001848,0.182604168866238
-144.031898305085,63.4360338983051,"Uria aalge",4.10233400284079,0.184079803949078
-143.424305084746,63.4360338983051,"Uria aalge",4.13588245589591,0.186216688312493
-142.816711864407,63.4360338983051,"Uria aalge",4.16980968888517,0.188833591087986
-142.209118644068,63.4360338983051,"Uria aalge",4.20389364296742,0.191719204973726
-141.601525423729,63.4360338983051,"Uria aalge",4.23792933252001,0.19464008081023
-140.99393220339,63.4360338983051,"Uria aalge",4.27172383408565,0.197353530789964
-140.386338983051,63.4360338983051,"Uria aalge",4.30509392449728,0.199625080873705
-139.778745762712,63.4360338983051,"Uria aalge",4.33786595948474,0.201249950318829
-139.171152542373,63.4360338983051,"Uria aalge",4.36987779544456,0.202078244467268
-138.563559322034,63.4360338983051,"Uria aalge",4.40098261822105,0.202043223663577
-137.955966101695,63.4360338983051,"Uria aalge",4.431054397205,0.201190580938025
-137.348372881356,63.4360338983051,"Uria aalge",4.45999431779066,0.199703892488595
-136.740779661017,63.4360338983051,"Uria aalge",4.48773703590654,0.197917722576257
-136.133186440678,63.4360338983051,"Uria aalge",4.51425516270581,0.196306911909694
-135.525593220339,63.4360338983051,"Uria aalge",4.53956035694435,0.195441571479469
-134.918,63.4360338983051,"Uria aalge",4.56370003680653,0.195905985966772
-170.766,63.7063050847458,"Uria aalge",4.09878215216199,0.1534836430224
-170.158406779661,63.7063050847458,"Uria aalge",4.07992391875426,0.138014822223478
-169.550813559322,63.7063050847458,"Uria aalge",4.06262785401047,0.120730370418156
-168.943220338983,63.7063050847458,"Uria aalge",4.04202484977804,0.108784284043098
-168.335627118644,63.7063050847458,"Uria aalge",4.01626850049318,0.104291472447594
-167.728033898305,63.7063050847458,"Uria aalge",3.98552938848002,0.106034571501014
-167.120440677966,63.7063050847458,"Uria aalge",3.950838897132,0.111085184494849
-166.512847457627,63.7063050847458,"Uria aalge",3.91265015900714,0.115643660519038
-165.905254237288,63.7063050847458,"Uria aalge",3.87074099491337,0.114557051650128
-165.297661016949,63.7063050847458,"Uria aalge",3.82772391413536,0.108785820827504
-164.69006779661,63.7063050847458,"Uria aalge",3.78850711357938,0.106170384333183
-164.082474576271,63.7063050847458,"Uria aalge",3.7569181810708,0.10724978296663
-163.474881355932,63.7063050847458,"Uria aalge",3.73565334847261,0.106277897622415
-162.867288135593,63.7063050847458,"Uria aalge",3.72545899510469,0.103384765130005
-162.259694915254,63.7063050847458,"Uria aalge",3.72556428891221,0.106331447527851
-161.652101694915,63.7063050847458,"Uria aalge",3.73615923292527,0.116483904838924
-161.044508474576,63.7063050847458,"Uria aalge",3.75796124912411,0.126778908285103
-160.436915254237,63.7063050847458,"Uria aalge",3.78804592541616,0.133761320305276
-159.829322033898,63.7063050847458,"Uria aalge",3.82132612373414,0.138996319225828
-159.221728813559,63.7063050847458,"Uria aalge",3.85386591994349,0.14387353044578
-158.61413559322,63.7063050847458,"Uria aalge",3.88297250964206,0.148989954342305
-158.006542372881,63.7063050847458,"Uria aalge",3.90692543317598,0.154562040349881
-157.398949152542,63.7063050847458,"Uria aalge",3.92479204541099,0.160680564803185
-156.791355932203,63.7063050847458,"Uria aalge",3.93625021911681,0.167384826005507
-156.183762711864,63.7063050847458,"Uria aalge",3.94141999450228,0.174633583502639
-155.576169491525,63.7063050847458,"Uria aalge",3.94073306509787,0.182251862986696
-154.968576271186,63.7063050847458,"Uria aalge",3.93485765832799,0.189907235413365
-154.360983050847,63.7063050847458,"Uria aalge",3.9246782302219,0.197138779428023
-153.753389830508,63.7063050847458,"Uria aalge",3.91131405235885,0.203439871472475
-153.14579661017,63.7063050847458,"Uria aalge",3.89614550989344,0.20837787645513
-152.53820338983,63.7063050847458,"Uria aalge",3.88080091012191,0.211707422257497
-151.930610169492,63.7063050847458,"Uria aalge",3.86705249484791,0.213411660751086
-151.323016949153,63.7063050847458,"Uria aalge",3.85660277799902,0.213638717812634
-150.715423728814,63.7063050847458,"Uria aalge",3.85081621505131,0.212593646365994
-150.107830508475,63.7063050847458,"Uria aalge",3.8505135707945,0.210486338678833
-149.500237288136,63.7063050847458,"Uria aalge",3.85592376289949,0.207555647332633
-148.892644067797,63.7063050847458,"Uria aalge",3.86679010986576,0.204104782065415
-148.285050847458,63.7063050847458,"Uria aalge",3.88254959556162,0.200493570377551
-147.677457627119,63.7063050847458,"Uria aalge",3.90250198437632,0.197089301311764
-147.06986440678,63.7063050847458,"Uria aalge",3.92592927492617,0.194207687287312
-146.462271186441,63.7063050847458,"Uria aalge",3.9521641187387,0.192071931575519
-145.854677966102,63.7063050847458,"Uria aalge",3.98062089555776,0.190801105959145
-145.247084745763,63.7063050847458,"Uria aalge",4.01080307963923,0.190422494153335
-144.639491525424,63.7063050847458,"Uria aalge",4.04229655695768,0.190893521613546
-144.031898305085,63.7063050847458,"Uria aalge",4.07475576136885,0.192120501819964
-143.424305084746,63.7063050847458,"Uria aalge",4.10788782478263,0.193969686388307
-142.816711864407,63.7063050847458,"Uria aalge",4.14143819992976,0.196273254006356
-142.209118644068,63.7063050847458,"Uria aalge",4.175179370346,0.198834971829312
-141.601525423729,63.7063050847458,"Uria aalge",4.20890290576036,0.201438778566111
-140.99393220339,63.7063050847458,"Uria aalge",4.24241449303371,0.203861420430605
-140.386338983051,63.7063050847458,"Uria aalge",4.2755314702016,0.205889044423671
-139.778745762712,63.7063050847458,"Uria aalge",4.30808250975183,0.207337319332272
-139.171152542373,63.7063050847458,"Uria aalge",4.33990922431793,0.208074585227755
-138.563559322034,63.7063050847458,"Uria aalge",4.37086948946336,0.208047078673801
-137.955966101695,63.7063050847458,"Uria aalge",4.40084214027877,0.20730400074687
-137.348372881356,63.7063050847458,"Uria aalge",4.42973239883339,0.20601798101318
-136.740779661017,63.7063050847458,"Uria aalge",4.45747700396984,0.204493811851703
-136.133186440678,63.7063050847458,"Uria aalge",4.48404772212813,0.203156563730622
-135.525593220339,63.7063050847458,"Uria aalge",4.50945196022037,0.202511698269392
-134.918,63.7063050847458,"Uria aalge",4.5337297445545,0.203076937893322
-170.766,63.9765762711864,"Uria aalge",4.10054599249762,0.153677099330176
-170.158406779661,63.9765762711864,"Uria aalge",4.08430117281487,0.137726664750394
-169.550813559322,63.9765762711864,"Uria aalge",4.06894194586719,0.12126243537064
-168.943220338983,63.9765762711864,"Uria aalge",4.05011999065584,0.109702910540234
-168.335627118644,63.9765762711864,"Uria aalge",4.02569109633585,0.104620570316307
-167.728033898305,63.9765762711864,"Uria aalge",3.99601302544001,0.105221931953156
-167.120440677966,63.9765762711864,"Uria aalge",3.96244906541545,0.109482663574199
-166.512847457627,63.9765762711864,"Uria aalge",3.92533485734199,0.114106543697705
-165.905254237288,63.9765762711864,"Uria aalge",3.8830984726278,0.112804583896658
-165.297661016949,63.9765762711864,"Uria aalge",3.83834987204491,0.106373954820159
-164.69006779661,63.9765762711864,"Uria aalge",3.79704632575127,0.104974765926111
-164.082474576271,63.9765762711864,"Uria aalge",3.76312983980098,0.1082566910414
-163.474881355932,63.9765762711864,"Uria aalge",3.73957887064012,0.107830414676621
-162.867288135593,63.9765762711864,"Uria aalge",3.72696030086186,0.103653269171898
-162.259694915254,63.9765762711864,"Uria aalge",3.72372864695651,0.106537098027542
-161.652101694915,63.9765762711864,"Uria aalge",3.73017464412153,0.11826524897333
-161.044508474576,63.9765762711864,"Uria aalge",3.74842162889438,0.129382434796472
-160.436915254237,63.9765762711864,"Uria aalge",3.77534251783508,0.136226985226841
-159.829322033898,63.9765762711864,"Uria aalge",3.80532180289414,0.141337690416942
-159.221728813559,63.9765762711864,"Uria aalge",3.83469514901395,0.146185538194397
-158.61413559322,63.9765762711864,"Uria aalge",3.86102426132911,0.151366664261292
-158.006542372881,63.9765762711864,"Uria aalge",3.88271985925962,0.157101731408885
-157.398949152542,63.9765762711864,"Uria aalge",3.89888042190058,0.163464544887789
-156.791355932203,63.9765762711864,"Uria aalge",3.90915584062775,0.17045397229497
-156.183762711864,63.9765762711864,"Uria aalge",3.91361622645992,0.177982513712964
-155.576169491525,63.9765762711864,"Uria aalge",3.91264546099018,0.185843747655124
-154.968576271186,63.9765762711864,"Uria aalge",3.90687505122975,0.1937017101251
-154.360983050847,63.9765762711864,"Uria aalge",3.89715940202101,0.201121656417405
-153.753389830508,63.9765762711864,"Uria aalge",3.88457932569308,0.20764240009787
-153.14579661017,63.9765762711864,"Uria aalge",3.87044719466521,0.212873858143114
-152.53820338983,63.9765762711864,"Uria aalge",3.85627622801788,0.216584342594549
-151.930610169492,63.9765762711864,"Uria aalge",3.84367790850113,0.218731924566711
-151.323016949153,63.9765762711864,"Uria aalge",3.8341799902473,0.219421714733512
-150.715423728814,63.9765762711864,"Uria aalge",3.82901070771955,0.218830672488843
-150.107830508475,63.9765762711864,"Uria aalge",3.82893484570958,0.217164941248149
-149.500237288136,63.9765762711864,"Uria aalge",3.83420957839747,0.214665959068314
-148.892644067797,63.9765762711864,"Uria aalge",3.84466083443041,0.211626931095194
-148.285050847458,63.9765762711864,"Uria aalge",3.85982420384321,0.208382756162337
-147.677457627119,63.9765762711864,"Uria aalge",3.87908737588746,0.205271208750755
-147.06986440678,63.9765762711864,"Uria aalge",3.90179861213467,0.202585940469962
-146.462271186441,63.9765762711864,"Uria aalge",3.92733451082642,0.200542131025241
-145.854677966102,63.9765762711864,"Uria aalge",3.95513474687299,0.199264275508754
-145.247084745763,63.9765762711864,"Uria aalge",3.98471413334151,0.198793177634543
-144.639491525424,63.9765762711864,"Uria aalge",4.01566051545876,0.199102045794773
-144.031898305085,63.9765762711864,"Uria aalge",4.04762493699569,0.200112047960419
-143.424305084746,63.9765762711864,"Uria aalge",4.08030893506596,0.201703159303738
-142.816711864407,63.9765762711864,"Uria aalge",4.11345225909212,0.203721432232783
-142.209118644068,63.9765762711864,"Uria aalge",4.14682275114907,0.205985888506058
-141.601525423729,63.9765762711864,"Uria aalge",4.18020893160942,0.208297595037495
-140.99393220339,63.9765762711864,"Uria aalge",4.21341519172002,0.210452038303155
-140.386338983051,63.9765762711864,"Uria aalge",4.24625929084927,0.212254878511163
-139.778745762712,63.9765762711864,"Uria aalge",4.27857187084505,0.213540716154116
-139.171152542373,63.9765762711864,"Uria aalge",4.31019775451132,0.21419425538096
-138.563559322034,63.9765762711864,"Uria aalge",4.34099878271067,0.214172726135343
-137.955966101695,63.9765762711864,"Uria aalge",4.37085781510004,0.21352730654412
-137.348372881356,63.9765762711864,"Uria aalge",4.3996832756925,0.212419544199781
-136.740779661017,63.9765762711864,"Uria aalge",4.42741333571244,0.211126866495092
-136.133186440678,63.9765762711864,"Uria aalge",4.4540186356284,0.210030316233592
-135.525593220339,63.9765762711864,"Uria aalge",4.47950253179498,0.209579349350867
-134.918,63.9765762711864,"Uria aalge",4.50389831453733,0.210234351427086
-170.766,64.2468474576271,"Uria aalge",4.10237868040397,0.154290725869009
-170.158406779661,64.2468474576271,"Uria aalge",4.08873284183009,0.138457521849333
-169.550813559322,64.2468474576271,"Uria aalge",4.07516669753485,0.123382346313826
-168.943220338983,64.2468474576271,"Uria aalge",4.05780588554883,0.11259635902284
-168.335627118644,64.2468474576271,"Uria aalge",4.03426321620836,0.106806816786911
-167.728033898305,64.2468474576271,"Uria aalge",4.00515398745341,0.105872275624385
-167.120440677966,64.2468474576271,"Uria aalge",3.97231985643248,0.108961724633067
-166.512847457627,64.2468474576271,"Uria aalge",3.93626909341662,0.113013026807361
-165.905254237288,64.2468474576271,"Uria aalge",3.89377337643612,0.111161675494612
-165.297661016949,64.2468474576271,"Uria aalge",3.84754877722993,0.104428243672873
-164.69006779661,64.2468474576271,"Uria aalge",3.80474235425874,0.104189969199199
-164.082474576271,64.2468474576271,"Uria aalge",3.76905478469803,0.109433068716332
-163.474881355932,64.2468474576271,"Uria aalge",3.74374893861365,0.10931824272914
-162.867288135593,64.2468474576271,"Uria aalge",3.7292647958066,0.10353911659095
-162.259694915254,64.2468474576271,"Uria aalge",3.72310173185901,0.106221600892672
-161.652101694915,64.2468474576271,"Uria aalge",3.72550134681816,0.119470110601553
-161.044508474576,64.2468474576271,"Uria aalge",3.74039857752686,0.13131487613119
-160.436915254237,64.2468474576271,"Uria aalge",3.76416412806172,0.138215331053636
-159.829322033898,64.2468474576271,"Uria aalge",3.790743768706,0.143508630730296
-159.221728813559,64.2468474576271,"Uria aalge",3.81687021776317,0.148551035540639
-158.61413559322,64.2468474576271,"Uria aalge",3.84035181063832,0.153925052808106
-158.006542372881,64.2468474576271,"Uria aalge",3.85971951292797,0.159871133576717
-157.398949152542,64.2468474576271,"Uria aalge",3.87410291247948,0.166468262680914
-156.791355932203,64.2468474576271,"Uria aalge",3.88312962092982,0.173698420383026
-156.183762711864,64.2468474576271,"Uria aalge",3.88682471474833,0.181448735654735
-155.576169491525,64.2468474576271,"Uria aalge",3.88552454679725,0.189496472660373
-154.968576271186,64.2468474576271,"Uria aalge",3.8798185887958,0.197509856762547
-154.360983050847,64.2468474576271,"Uria aalge",3.87052142158591,0.205080384828037
-153.753389830508,64.2468474576271,"Uria aalge",3.85866430994892,0.211786261353967
-153.14579661017,64.2468474576271,"Uria aalge",3.84548448371155,0.217272411918073
-152.53820338983,64.2468474576271,"Uria aalge",3.83238303410327,0.221319023657723
-151.930610169492,64.2468474576271,"Uria aalge",3.82082658964525,0.223866785962046
-151.323016949153,64.2468474576271,"Uria aalge",3.81219173248742,0.224988675407283
-150.715423728814,64.2468474576271,"Uria aalge",3.80758935638915,0.224836964216321
-150.107830508475,64.2468474576271,"Uria aalge",3.80773216155614,0.223608212320863
-149.500237288136,64.2468474576271,"Uria aalge",3.81289466162669,0.221539017579623
-148.892644067797,64.2468474576271,"Uria aalge",3.82296820892248,0.218910007212218
-148.285050847458,64.2468474576271,"Uria aalge",3.83757209660225,0.216033520820681
-147.677457627119,64.2468474576271,"Uria aalge",3.85617299022489,0.213221727412616
-147.06986440678,64.2468474576271,"Uria aalge",3.87818196243277,0.210748549778226
-146.462271186441,64.2468474576271,"Uria aalge",3.90301967429015,0.208820653768092
-145.854677966102,64.2468474576271,"Uria aalge",3.93015308109194,0.207565280626565
-145.247084745763,64.2468474576271,"Uria aalge",3.95911110908669,0.20703352866697
-144.639491525424,64.2468474576271,"Uria aalge",3.98948646169553,0.207212023646959
-144.031898305085,64.2468474576271,"Uria aalge",4.02092938046539,0.208035712262898
-143.424305084746,64.2468474576271,"Uria aalge",4.05313784526457,0.209398112865921
-142.816711864407,64.2468474576271,"Uria aalge",4.08584733793886,0.211159244593455
-142.209118644068,64.2468474576271,"Uria aalge",4.11882196614172,0.213153315898417
-141.601525423729,64.2468474576271,"Uria aalge",4.15184769392506,0.215198114815597
-140.99393220339,64.2468474576271,"Uria aalge",4.184727795865,0.217107091444638
-140.386338983051,64.2468474576271,"Uria aalge",4.21728038262747,0.218704286067875
-139.778745762712,64.2468474576271,"Uria aalge",4.24933778141546,0.219841770553644
-139.171152542373,64.2468474576271,"Uria aalge",4.28074754963598,0.220418920617532
-138.563559322034,64.2468474576271,"Uria aalge",4.31137485933633,0.220402291758449
-137.955966101695,64.2468474576271,"Uria aalge",4.3411058685226,0.219843908684662
-137.348372881356,64.2468474576271,"Uria aalge",4.36985149767054,0.218894425357379
-136.740779661017,64.2468474576271,"Uria aalge",4.39755081546739,0.217806285359809
-136.133186440678,64.2468474576271,"Uria aalge",4.42417311943085,0.216921597530271
-135.525593220339,64.2468474576271,"Uria aalge",4.44971790136566,0.21664115142369
-134.918,64.2468474576271,"Uria aalge",4.47421227799031,0.217375713313567
-170.766,64.5171186440678,"Uria aalge",4.10376464543113,0.155921786955358
-170.158406779661,64.5171186440678,"Uria aalge",4.09255188669961,0.140921661393508
-169.550813559322,64.5171186440678,"Uria aalge",4.08078787916686,0.127618156425547
-168.943220338983,64.5171186440678,"Uria aalge",4.06466825642831,0.117772738287874
-168.335627118644,64.5171186440678,"Uria aalge",4.04154352117878,0.110986478428337
-167.728033898305,64.5171186440678,"Uria aalge",4.01244172711558,0.108019114620154
-167.120440677966,64.5171186440678,"Uria aalge",3.9797943688828,0.109600403049165
-166.512847457627,64.5171186440678,"Uria aalge",3.94445742013801,0.112717836240065
-165.905254237288,64.5171186440678,"Uria aalge",3.90185242249454,0.109393972281669
-165.297661016949,64.5171186440678,"Uria aalge",3.85484929584064,0.10299729756474
-164.69006779661,64.5171186440678,"Uria aalge",3.8113841387484,0.103546932385237
-164.082474576271,64.5171186440678,"Uria aalge",3.77476472266709,0.109906588971075
-163.474881355932,64.5171186440678,"Uria aalge",3.74835208240463,0.10991478270573
-162.867288135593,64.5171186440678,"Uria aalge",3.7324891591301,0.103039130611816
-162.259694915254,64.5171186440678,"Uria aalge",3.72392600975255,0.105566317567877
-161.652101694915,64.5171186440678,"Uria aalge",3.7228283027383,0.119684735679182
-161.044508474576,64.5171186440678,"Uria aalge",3.73436706111069,0.132225253723465
-160.436915254237,64.5171186440678,"Uria aalge",3.75461597668387,0.139702905812954
-159.829322033898,64.5171186440678,"Uria aalge",3.7775843362621,0.14553555030964
-159.221728813559,64.5171186440678,"Uria aalge",3.80034817183099,0.150983449551796
-158.61413559322,64.5171186440678,"Uria aalge",3.82090577870208,0.156661194822573
-158.006542372881,64.5171186440678,"Uria aalge",3.83788080773049,0.1628574204838
-157.398949152542,64.5171186440678,"Uria aalge",3.85042531240733,0.169678673173696
-156.791355932203,64.5171186440678,"Uria aalge",3.85814509185948,0.177110499312786
-156.183762711864,64.5171186440678,"Uria aalge",3.86102235377883,0.185032206465342
-155.576169491525,64.5171186440678,"Uria aalge",3.85934553240791,0.193217272950764
-154.968576271186,64.5171186440678,"Uria aalge",3.85365771368724,0.201344279580834
-154.360983050847,64.5171186440678,"Uria aalge",3.84472616123137,0.209030752208177
-153.753389830508,64.5171186440678,"Uria aalge",3.83352467004871,0.21588939193792
-153.14579661017,64.5171186440678,"Uria aalge",3.82121125023635,0.221594505076026
-152.53820338983,64.5171186440678,"Uria aalge",3.80907904330336,0.225936988367111
-151.930610169492,64.5171186440678,"Uria aalge",3.79846367875309,0.228845638331434
-151.323016949153,64.5171186440678,"Uria aalge",3.79060958551189,0.230369021159654
-150.715423728814,64.5171186440678,"Uria aalge",3.78652533062028,0.230637696212078
-150.107830508475,64.5171186440678,"Uria aalge",3.78687508493306,0.229835373625013
-149.500237288136,64.5171186440678,"Uria aalge",3.79194259064878,0.228188975814492
-148.892644067797,64.5171186440678,"Uria aalge",3.80167077825062,0.225964657090381
-148.285050847458,64.5171186440678,"Uria aalge",3.81574964376231,0.22345377012526
-147.677457627119,64.5171186440678,"Uria aalge",3.83371612150518,0.220945738801691
-147.06986440678,64.5171186440678,"Uria aalge",3.85503995212401,0.218696589586221
-146.462271186441,64.5171186440678,"Uria aalge",3.87918506199552,0.216904216613185
-145.854677966102,64.5171186440678,"Uria aalge",3.90564687847127,0.215696609741828
-145.247084745763,64.5171186440678,"Uria aalge",3.93397061466174,0.21513258193557
-144.639491525424,64.5171186440678,"Uria aalge",3.96375631023727,0.215210088787949
-144.031898305085,64.5171186440678,"Uria aalge",3.99465573672035,0.21587667914116
-143.424305084746,64.5171186440678,"Uria aalge",4.026365242853,0.217038946891198
-142.816711864407,64.5171186440678,"Uria aalge",4.058617471731,0.218570682188039
-142.209118644068,64.5171186440678,"Uria aalge",4.09117375426602,0.220321003238471
-141.601525423729,64.5171186440678,"Uria aalge",4.12381806216526,0.222123885119709
-140.99393220339,64.5171186440678,"Uria aalge",4.1563528030925,0.223809901351211
-140.386338983051,64.5171186440678,"Uria aalge",4.18859643420078,0.225220335163144
-139.778745762712,64.5171186440678,"Uria aalge",4.22038274814086,0.226223341911551
-139.171152542373,64.5171186440678,"Uria aalge",4.25156163343075,0.226731448124376
-138.563559322034,64.5171186440678,"Uria aalge",4.28200104754037,0.226719139023538
-137.955966101695,64.5171186440678,"Uria aalge",4.31158982677989,0.22623847155573
-137.348372881356,64.5171186440678,"Uria aalge",4.34024079619619,0.225429614179719
-136.740779661017,64.5171186440678,"Uria aalge",4.36789348474565,0.22452231883649
-136.133186440678,64.5171186440678,"Uria aalge",4.39451568276636,0.223824264477419
-135.525593220339,64.5171186440678,"Uria aalge",4.42010319084643,0.223693828862554
-134.918,64.5171186440678,"Uria aalge",4.44467743865775,0.224498656045121
-170.766,64.7873898305085,"Uria aalge",4.10424815122738,0.158843807232964
-170.158406779661,64.7873898305085,"Uria aalge",4.09524291099573,0.145272030133989
-169.550813559322,64.7873898305085,"Uria aalge",4.08526996698333,0.134037282815891
-168.943220338983,64.7873898305085,"Uria aalge",4.0702603665136,0.125177606236798
-168.335627118644,64.7873898305085,"Uria aalge",4.04707342896114,0.117007859692933
-167.728033898305,64.7873898305085,"Uria aalge",4.01740573941113,0.111488573446683
-167.120440677966,64.7873898305085,"Uria aalge",3.98434351707819,0.111206009562527
-166.512847457627,64.7873898305085,"Uria aalge",3.94874604296842,0.113849556107873
-165.905254237288,64.7873898305085,"Uria aalge",3.90638301566884,0.108966806235233
-165.297661016949,64.7873898305085,"Uria aalge",3.85988518103593,0.102260071583465
-164.69006779661,64.7873898305085,"Uria aalge",3.81676747329271,0.102886172739908
-164.082474576271,64.7873898305085,"Uria aalge",3.78032917038455,0.108893255589355
-163.474881355932,64.7873898305085,"Uria aalge",3.75360259431073,0.108769976028031
-162.867288135593,64.7873898305085,"Uria aalge",3.73661467512881,0.102473791454871
-162.259694915254,64.7873898305085,"Uria aalge",3.72623553314466,0.10511811750493
-161.652101694915,64.7873898305085,"Uria aalge",3.72277758323038,0.118868063520437
-161.044508474576,64.7873898305085,"Uria aalge",3.73053887867031,0.132227396971497
-160.436915254237,64.7873898305085,"Uria aalge",3.74665899891635,0.140885861836779
-159.829322033898,64.7873898305085,"Uria aalge",3.76576336566769,0.147541469333442
-159.221728813559,64.7873898305085,"Uria aalge",3.7850443849813,0.153542603639084
-158.61413559322,64.7873898305085,"Uria aalge",3.80260947515949,0.159594944727368
-158.006542372881,64.7873898305085,"Uria aalge",3.81713976099944,0.166060254375625
-157.398949152542,64.7873898305085,"Uria aalge",3.82779663386627,0.173089026252413
-156.791355932203,64.7873898305085,"Uria aalge",3.83416147268636,0.180685137209182
-156.183762711864,64.7873898305085,"Uria aalge",3.83617412141556,0.188733107621063
-155.576169491525,64.7873898305085,"Uria aalge",3.83407447884991,0.197012045476479
-154.968576271186,64.7873898305085,"Uria aalge",3.82835594750009,0.205215344209409
-154.360983050847,64.7873898305085,"Uria aalge",3.81973305930798,0.212986015272053
-153.753389830508,64.7873898305085,"Uria aalge",3.80911686493352,0.219967251781064
-153.14579661017,64.7873898305085,"Uria aalge",3.79758439676541,0.225858467839017
-152.53820338983,64.7873898305085,"Uria aalge",3.78632573167774,0.23046043604475
-151.930610169492,64.7873898305085,"Uria aalge",3.77655758938754,0.233693957026869
-151.323016949153,64.7873898305085,"Uria aalge",3.76940776487576,0.235588737205711
-150.715423728814,64.7873898305085,"Uria aalge",3.76579460100537,0.236256184101653
-150.107830508475,64.7873898305085,"Uria aalge",3.76633694478475,0.235865520964637
-149.500237288136,64.7873898305085,"Uria aalge",3.77132170197641,0.234631003454173
-148.892644067797,64.7873898305085,"Uria aalge",3.78073220602007,0.232803067263717
-148.285050847458,64.7873898305085,"Uria aalge",3.7943179228839,0.230653206484919
-147.677457627119,64.7873898305085,"Uria aalge",3.81167784366913,0.228450227395482
-147.06986440678,64.7873898305085,"Uria aalge",3.83233587409203,0.226433702118809
-146.462271186441,64.7873898305085,"Uria aalge",3.85579772550947,0.224792638577095
-145.854677966102,64.7873898305085,"Uria aalge",3.88158780622851,0.223654275783726
-145.247084745763,64.7873898305085,"Uria aalge",3.90926922594509,0.223083070152249
-144.639491525424,64.7873898305085,"Uria aalge",3.93845141872421,0.22308648101993
-144.031898305085,64.7873898305085,"Uria aalge",3.9687897426009,0.223623458530104
-143.424305084746,64.7873898305085,"Uria aalge",3.99998069585501,0.224613014704649
-142.816711864407,64.7873898305085,"Uria aalge",4.03175546601444,0.225942297795253
-142.209118644068,64.7873898305085,"Uria aalge",4.06387358131125,0.227474889874741
-141.601525423729,64.7873898305085,"Uria aalge",4.09611763125977,0.229060314816814
-140.99393220339,64.7873898305085,"Uria aalge",4.1282894624784,0.230545383941095
-140.386338983051,64.7873898305085,"Uria aalge",4.1602079322472,0.23178749864723
-139.778745762712,64.7873898305085,"Uria aalge",4.19170814069459,0.232669590690327
-139.171152542373,64.7873898305085,"Uria aalge",4.22264197474342,0.23311597752305
-138.563559322034,64.7873898305085,"Uria aalge",4.25287971589106,0.233107909794077
-137.955966101695,64.7873898305085,"Uria aalge",4.28231235583938,0.232696908292044
-137.348372881356,64.7873898305085,"Uria aalge",4.31085413213036,0.232013205352863
-136.740779661017,64.7873898305085,"Uria aalge",4.33844467996672,0.231266025827656
-136.133186440678,64.7873898305085,"Uria aalge",4.3650501622325,0.23073259336784
-135.525593220339,64.7873898305085,"Uria aalge",4.39066285146774,0.230734223314227
-134.918,64.7873898305085,"Uria aalge",4.41529891527982,0.231600939470865
-170.766,65.0576610169492,"Uria aalge",4.10344406185029,0.163022489080025
-170.158406779661,65.0576610169492,"Uria aalge",4.09634014431137,0.151241089530695
-169.550813559322,65.0576610169492,"Uria aalge",4.0880632978258,0.142220273883636
-168.943220338983,65.0576610169492,"Uria aalge",4.0741042013614,0.134368291380133
-168.335627118644,65.0576610169492,"Uria aalge",4.0503680192552,0.124407908747929
-167.728033898305,65.0576610169492,"Uria aalge",4.01964246221582,0.115897393880179
-167.120440677966,65.0576610169492,"Uria aalge",3.98569701242099,0.113226014006456
-166.512847457627,65.0576610169492,"Uria aalge",3.94921373622924,0.114285383834868
-165.905254237288,65.0576610169492,"Uria aalge",3.90740406913377,0.109033393204088
-165.297661016949,65.0576610169492,"Uria aalge",3.86248701140658,0.102074682155153
-164.69006779661,65.0576610169492,"Uria aalge",3.82067663860752,0.102212758951654
-164.082474576271,65.0576610169492,"Uria aalge",3.78540866575931,0.10698612243134
-163.474881355932,65.0576610169492,"Uria aalge",3.75910966034306,0.106933723253684
-162.867288135593,65.0576610169492,"Uria aalge",3.74142280214742,0.102571397666459
-162.259694915254,65.0576610169492,"Uria aalge",3.72975490904728,0.105753218488813
-161.652101694915,65.0576610169492,"Uria aalge",3.72440889297425,0.118603868529723
-161.044508474576,65.0576610169492,"Uria aalge",3.72840474624724,0.132301368532131
-160.436915254237,65.0576610169492,"Uria aalge",3.74006951094733,0.142179448694296
-159.829322033898,65.0576610169492,"Uria aalge",3.75512147075986,0.149728510809196
-159.221728813559,65.0576610169492,"Uria aalge",3.77083178764009,0.156322319795535
-158.61413559322,65.0576610169492,"Uria aalge",3.78535986104276,0.162762692999145
-158.006542372881,65.0576610169492,"Uria aalge",3.79741364358053,0.169487897109024
-157.398949152542,65.0576610169492,"Uria aalge",3.80615102936345,0.176696874703396
-156.791355932203,65.0576610169492,"Uria aalge",3.8111256083086,0.184418858340014
-156.183762711864,65.0576610169492,"Uria aalge",3.81223484689696,0.192551363873897
-155.576169491525,65.0576610169492,"Uria aalge",3.80966975412341,0.200885187433337
-154.968576271186,65.0576610169492,"Uria aalge",3.80387190129176,0.209131226250554
-154.360983050847,65.0576610169492,"Uria aalge",3.79549955795273,0.216957035589055
-153.753389830508,65.0576610169492,"Uria aalge",3.78539795731205,0.224032933183054
-153.14579661017,65.0576610169492,"Uria aalge",3.77456316068447,0.230080107816065
-152.53820338983,65.0576610169492,"Uria aalge",3.76408745504392,0.2349085326328
-151.930610169492,65.0576610169492,"Uria aalge",3.75507925526562,0.238433764979933
-151.323016949153,65.0576610169492,"Uria aalge",3.74856255012562,0.240670689824737
-150.715423728814,65.0576610169492,"Uria aalge",3.74537535222613,0.241713757809013
-150.107830508475,65.0576610169492,"Uria aalge",3.74609406774626,0.241717095769451
-149.500237288136,65.0576610169492,"Uria aalge",3.75100421334714,0.240880594898628
-148.892644067797,65.0576610169492,"Uria aalge",3.76012048574448,0.239438284793195
-148.285050847458,65.0576610169492,"Uria aalge",3.7732421771663,0.237642701624579
-147.677457627119,65.0576610169492,"Uria aalge",3.79002275572598,0.235743662713835
-147.06986440678,65.0576610169492,"Uria aalge",3.8100356727048,0.23396543474993
-146.462271186441,65.0576610169492,"Uria aalge",3.8328264621702,0.232488115842819
-145.854677966102,65.0576610169492,"Uria aalge",3.85794845771923,0.231437062853491
-145.247084745763,65.0576610169492,"Uria aalge",3.88498376601044,0.230880705855423
-144.639491525424,65.0576610169492,"Uria aalge",3.91355287045441,0.230834418403224
-144.031898305085,65.0576610169492,"Uria aalge",3.94331648943677,0.231267374233282
-143.424305084746,65.0576610169492,"Uria aalge",3.97397288345227,0.232110228429167
-142.816711864407,65.0576610169492,"Uria aalge",4.00525309255065,0.233262917153642
-142.209118644068,65.0576610169492,"Uria aalge",4.03691580446468,0.234602909590095
-141.601525423729,65.0576610169492,"Uria aalge",4.06874286076653,0.235994559148013
-140.99393220339,65.0576610169492,"Uria aalge",4.10053589449013,0.237300000495026
-140.386338983051,65.0576610169492,"Uria aalge",4.13211426700338,0.238391653034524
-139.778745762712,65.0576610169492,"Uria aalge",4.1633142856138,0.239166002119902
-139.171152542373,65.0576610169492,"Uria aalge",4.19398957030115,0.239557943711144
-138.563559322034,65.0576610169492,"Uria aalge",4.22401234415585,0.239554524399259
-137.955966101695,65.0576610169492,"Uria aalge",4.25327531943757,0.239206349002017
-137.348372881356,65.0576610169492,"Uria aalge",4.28169374176937,0.238634345977345
-136.740779661017,65.0576610169492,"Uria aalge",4.30920706976556,0.238029228804495
-136.133186440678,65.0576610169492,"Uria aalge",4.33577975569704,0.237641268788693
-135.525593220339,65.0576610169492,"Uria aalge",4.36140069933817,0.237759309987512
-134.918,65.0576610169492,"Uria aalge",4.38608118112483,0.238680440767211
-170.766,65.3279322033898,"Uria aalge",4.10103404989883,0.168201665177019
-170.158406779661,65.3279322033898,"Uria aalge",4.09541691080461,0.158274953470863
-169.550813559322,65.3279322033898,"Uria aalge",4.08857279319655,0.151359093081991
-168.943220338983,65.3279322033898,"Uria aalge",4.07565711050318,0.144563623747636
-168.335627118644,65.3279322033898,"Uria aalge",4.05088802686087,0.132440403073279
-167.728033898305,65.3279322033898,"Uria aalge",4.01882901720212,0.120739829428259
-167.120440677966,65.3279322033898,"Uria aalge",3.98382002116653,0.115196396233914
-166.512847457627,65.3279322033898,"Uria aalge",3.94652063290658,0.113857201722616
-165.905254237288,65.3279322033898,"Uria aalge",3.90548653856686,0.108541369690616
-165.297661016949,65.3279322033898,"Uria aalge",3.86265644940273,0.102031140094696
-164.69006779661,65.3279322033898,"Uria aalge",3.82289929793148,0.101647619462258
-164.082474576271,65.3279322033898,"Uria aalge",3.78950284210216,0.105336674042046
-163.474881355932,65.3279322033898,"Uria aalge",3.76428033072456,0.10599132776984
-162.867288135593,65.3279322033898,"Uria aalge",3.74653323740167,0.104235997429307
-162.259694915254,65.3279322033898,"Uria aalge",3.73400521243572,0.108364365308605
-161.652101694915,65.3279322033898,"Uria aalge",3.72683275087886,0.120171208317264
-161.044508474576,65.3279322033898,"Uria aalge",3.72724218074425,0.133496270844294
-160.436915254237,65.3279322033898,"Uria aalge",3.73448664154078,0.144077094902497
-159.829322033898,65.3279322033898,"Uria aalge",3.74543121315028,0.152328431272153
-159.221728813559,65.3279322033898,"Uria aalge",3.75754588978276,0.159428359887531
-158.61413559322,65.3279322033898,"Uria aalge",3.76903083943527,0.166206714233645
-158.006542372881,65.3279322033898,"Uria aalge",3.77860363145761,0.173151950394765
-157.398949152542,65.3279322033898,"Uria aalge",3.78541012960008,0.180501480935196
-156.791355932203,65.3279322033898,"Uria aalge",3.78897405058778,0.18830852901595
-156.183762711864,65.3279322033898,"Uria aalge",3.78915099440925,0.196486085173379
-155.576169491525,65.3279322033898,"Uria aalge",3.78608344469621,0.204839426356777
-154.968576271186,65.3279322033898,"Uria aalge",3.78016022799786,0.213097955814745
-154.360983050847,65.3279322033898,"Uria aalge",3.77198152187862,0.220952401477623
-153.753389830508,65.3279322033898,"Uria aalge",3.76232549575627,0.228097272012114
-153.14579661017,65.3279322033898,"Uria aalge",3.75210859437873,0.234272842502685
-152.53820338983,65.3279322033898,"Uria aalge",3.74233078565944,0.239297678077267
-151.930610169492,65.3279322033898,"Uria aalge",3.73400155659866,0.243084024323557
-151.323016949153,65.3279322033898,"Uria aalge",3.7280518391968,0.245634920540508
-150.715423728814,65.3279322033898,"Uria aalge",3.72524752422396,0.247029743626742
-150.107830508475,65.3279322033898,"Uria aalge",3.72612518049892,0.2474075555235
-149.500237288136,65.3279322033898,"Uria aalge",3.73096551758465,0.246953080832922
-148.892644067797,65.3279322033898,"Uria aalge",3.73980726881398,0.245883705812226
-148.285050847458,65.3279322033898,"Uria aalge",3.75249130999755,0.244433807599017
-147.677457627119,65.3279322033898,"Uria aalge",3.76871869679599,0.242835511430536
-147.06986440678,65.3279322033898,"Uria aalge",3.78810786171428,0.241298715330863
-146.462271186441,65.3279322033898,"Uria aalge",3.81024188445287,0.239994645340445
-145.854677966102,65.3279322033898,"Uria aalge",3.83470251849891,0.239045920389319
-145.247084745763,65.3279322033898,"Uria aalge",3.86109152246322,0.238523592418948
-144.639491525424,65.3279322033898,"Uria aalge",3.88904170887985,0.238449569177113
-144.031898305085,65.3279322033898,"Uria aalge",3.91822065121707,0.238802121623964
-143.424305084746,65.3279322033898,"Uria aalge",3.94832980416503,0.239522707875797
-142.816711864407,65.3279322033898,"Uria aalge",3.9791012720886,0.240523373450404
-142.209118644068,65.3279322033898,"Uria aalge",4.01029382998774,0.241694801406904
-141.601525423729,65.3279322033898,"Uria aalge",4.04168921078591,0.242915396479606
-140.99393220339,65.3279322033898,"Uria aalge",4.07308920927636,0.244061688165142
-140.386338983051,65.3279322033898,"Uria aalge",4.10431383639079,0.245020047305409
-139.778745762712,65.3279322033898,"Uria aalge",4.13520055829005,0.245699374395862
-139.171152542373,65.3279322033898,"Uria aalge",4.16560452508251,0.246044064518793
-138.563559322034,65.3279322033898,"Uria aalge",4.19539959164284,0.246046153055254
-137.955966101695,65.3279322033898,"Uria aalge",4.22447983515474,0.245755091401397
-137.348372881356,65.3279322033898,"Uria aalge",4.25276118179738,0.245283176600966
-136.740779661017,65.3279322033898,"Uria aalge",4.28018269195721,0.244804468424339
-136.133186440678,65.3279322033898,"Uria aalge",4.30670705581299,0.244545371036944
-135.525593220339,65.3279322033898,"Uria aalge",4.33231994974674,0.244766210754663
-134.918,65.3279322033898,"Uria aalge",4.35702810111584,0.245735149712301
-170.766,65.5982033898305,"Uria aalge",4.09677456647736,0.17401010744526
-170.158406779661,65.5982033898305,"Uria aalge",4.0921155031109,0.165703710504568
-169.550813559322,65.5982033898305,"Uria aalge",4.08615053300155,0.160406167735907
-168.943220338983,65.5982033898305,"Uria aalge",4.07419096328727,0.154635467330541
-168.335627118644,65.5982033898305,"Uria aalge",4.04802505589456,0.140144065703758
-167.728033898305,65.5982033898305,"Uria aalge",4.01474063025552,0.125506204786389
-167.120440677966,65.5982033898305,"Uria aalge",3.97879220664458,0.116957465364267
-166.512847457627,65.5982033898305,"Uria aalge",3.94100958406407,0.113041986463196
-165.905254237288,65.5982033898305,"Uria aalge",3.9009743876258,0.107558856383791
-165.297661016949,65.5982033898305,"Uria aalge",3.86046287735754,0.101852992760578
-164.69006779661,65.5982033898305,"Uria aalge",3.82325564466799,0.101336112515435
-164.082474576271,65.5982033898305,"Uria aalge",3.79223019241016,0.104672066352915
-163.474881355932,65.5982033898305,"Uria aalge",3.76865811934908,0.106842793474101
-162.867288135593,65.5982033898305,"Uria aalge",3.7514963488843,0.108141445962512
-162.259694915254,65.5982033898305,"Uria aalge",3.73846047178223,0.113502851231853
-161.652101694915,65.5982033898305,"Uria aalge",3.72945398468973,0.124159841954529
-161.044508474576,65.5982033898305,"Uria aalge",3.72645485604768,0.136419437953059
-160.436915254237,65.5982033898305,"Uria aalge",3.72949644523926,0.146970449033924
-159.829322033898,65.5982033898305,"Uria aalge",3.73642111175838,0.155539196796653
-159.221728813559,65.5982033898305,"Uria aalge",3.74499468080994,0.162952302224023
-158.61413559322,65.5982033898305,"Uria aalge",3.75347862873195,0.169963322029075
-158.006542372881,65.5982033898305,"Uria aalge",3.76059837679411,0.1770617026492
-157.398949152542,65.5982033898305,"Uria aalge",3.76548576418261,0.184501071403756
-156.791355932203,65.5982033898305,"Uria aalge",3.76763526763651,0.192350050921358
-156.183762711864,65.5982033898305,"Uria aalge",3.76686245578031,0.200535006333031
-155.576169491525,65.5982033898305,"Uria aalge",3.76326272728242,0.208875662317882
-154.968576271186,65.5982033898305,"Uria aalge",3.75717253327819,0.217119465349378
-154.360983050847,65.5982033898305,"Uria aalge",3.74913365738934,0.224978547017915
-153.753389830508,65.5982033898305,"Uria aalge",3.73985747257449,0.232168967975225
-153.14579661017,65.5982033898305,"Uria aalge",3.73018319505134,0.238447846601668
-152.53820338983,65.5982033898305,"Uria aalge",3.72102402419501,0.243641755422402
-151.930610169492,65.5982033898305,"Uria aalge",3.71329888976095,0.247660973069245
-151.323016949153,65.5982033898305,"Uria aalge",3.70785480516394,0.250498916753141
-150.715423728814,65.5982033898305,"Uria aalge",3.70539245501933,0.252221512984471
-150.107830508475,65.5982033898305,"Uria aalge",3.70641094168116,0.252953182792963
-149.500237288136,65.5982033898305,"Uria aalge",3.71118361431103,0.252863293551764
-148.892644067797,65.5982033898305,"Uria aalge",3.71976729671755,0.252152698022599
-148.285050847458,65.5982033898305,"Uria aalge",3.73203742560576,0.251038380001967
-147.677457627119,65.5982033898305,"Uria aalge",3.74773645277248,0.249735853418332
-147.06986440678,65.5982033898305,"Uria aalge",3.76652339869723,0.248441435917868
-146.462271186441,65.5982033898305,"Uria aalge",3.78801643095405,0.247317564595702
-145.854677966102,65.5982033898305,"Uria aalge",3.81182487289294,0.246483474159454
-145.247084745763,65.5982033898305,"Uria aalge",3.83757041161222,0.246011740208585
-144.639491525424,65.5982033898305,"Uria aalge",3.86489912865093,0.24592960805266
-144.031898305085,65.5982033898305,"Uria aalge",3.89348667998247,0.246223386570666
-143.424305084746,65.5982033898305,"Uria aalge",3.92303896119709,0.246844469906896
-142.816711864407,65.5982033898305,"Uria aalge",3.95329024241155,0.247716265155991
-142.209118644068,65.5982033898305,"Uria aalge",3.98400026200445,0.248741929481696
-141.601525423729,65.5982033898305,"Uria aalge",4.01495127265497,0.249813101885442
-140.99393220339,65.5982033898305,"Uria aalge",4.04594562164927,0.250819776935715
-140.386338983051,65.5982033898305,"Uria aalge",4.07680414753487,0.251661250340923
-139.778745762712,65.5982033898305,"Uria aalge",4.10736547241057,0.252257781391845
-139.171152542373,65.5982033898305,"Uria aalge",4.13748613008353,0.2525623034815
-138.563559322034,65.5982033898305,"Uria aalge",4.16704136315607,0.252571167807678
-137.955966101695,65.5982033898305,"Uria aalge",4.19592632873037,0.252332540473639
-137.348372881356,65.5982033898305,"Uria aalge",4.22405737331203,0.251950769265368
-136.740779661017,65.5982033898305,"Uria aalge",4.2513729901689,0.25158495871269
-136.133186440678,65.5982033898305,"Uria aalge",4.27783408316526,0.251440362428648
-135.525593220339,65.5982033898305,"Uria aalge",4.30342325040195,0.251752204280829
-134.918,65.5982033898305,"Uria aalge",4.32814296696744,0.252763167175867
-170.766,65.8684745762712,"Uria aalge",4.09051069767211,0.1800644663966
-170.158406779661,65.8684745762712,"Uria aalge",4.08620615940545,0.172918591252323
-169.550813559322,65.8684745762712,"Uria aalge",4.08025669529753,0.168360567098049
-168.943220338983,65.8684745762712,"Uria aalge",4.06809556718003,0.162503486679974
-168.335627118644,65.8684745762712,"Uria aalge",4.04126238180621,0.146586408738113
-167.728033898305,65.8684745762712,"Uria aalge",4.00729106573757,0.12979476141467
-167.120440677966,65.8684745762712,"Uria aalge",3.9707372718103,0.118515373600362
-166.512847457627,65.8684745762712,"Uria aalge",3.9328617240794,0.112170539673715
-165.905254237288,65.8684745762712,"Uria aalge",3.8940422344654,0.106352697831738
-165.297661016949,65.8684745762712,"Uria aalge",3.8559743437478,0.101516773378146
-164.69006779661,65.8684745762712,"Uria aalge",3.82160981982544,0.101396121762398
-164.082474576271,65.8684745762712,"Uria aalge",3.79329973374079,0.105291226756669
-163.474881355932,65.8684745762712,"Uria aalge",3.77184925695781,0.109776167015837
-162.867288135593,65.8684745762712,"Uria aalge",3.75585292517967,0.114459797365814
-162.259694915254,65.8684745762712,"Uria aalge",3.74261517742232,0.121199952563226
-161.652101694915,65.8684745762712,"Uria aalge",3.73176936290417,0.130584655415923
-161.044508474576,65.8684745762712,"Uria aalge",3.72554621124316,0.141214090282625
-160.436915254237,65.8684745762712,"Uria aalge",3.7246903312121,0.15103991198414
-159.829322033898,65.8684745762712,"Uria aalge",3.72780246267765,0.159473415133282
-159.221728813559,65.8684745762712,"Uria aalge",3.73297119094497,0.166948975576229
-158.61413559322,65.8684745762712,"Uria aalge",3.73854855366143,0.174052517336114
-158.006542372881,65.8684745762712,"Uria aalge",3.74327825424081,0.181219154401837
-157.398949152542,65.8684745762712,"Uria aalge",3.74628296470418,0.188690400953627
-156.791355932203,65.8684745762712,"Uria aalge",3.74703193651997,0.19653720333424
-156.183762711864,65.8684745762712,"Uria aalge",3.74530433339339,0.2046940058429
-155.576169491525,65.8684745762712,"Uria aalge",3.74115119789066,0.212992851612097
-154.968576271186,65.8684745762712,"Uria aalge",3.73485825195893,0.221197654006773
-154.360983050847,65.8684745762712,"Uria aalge",3.72690993912603,0.229039878317558
-153.753389830508,65.8684745762712,"Uria aalge",3.717952352118,0.23625471796994
-153.14579661017,65.8684745762712,"Uria aalge",3.7087506595258,0.242614211570007
-152.53820338983,65.8684745762712,"Uria aalge",3.70013685219748,0.247952365436026
-151.930610169492,65.8684745762712,"Uria aalge",3.6929468519535,0.252178420569614
-151.323016949153,65.8684745762712,"Uria aalge",3.68795163695712,0.255277860540573
-150.715423728814,65.8684745762712,"Uria aalge",3.68579260514656,0.25730457144671
-150.107830508475,65.8684745762712,"Uria aalge",3.68693357550126,0.258368990206181
-149.500237288136,65.8684745762712,"Uria aalge",3.69163865289656,0.258625346992003
-148.892644067797,65.8684745762712,"Uria aalge",3.69997792432794,0.258258328688685
-148.285050847458,65.8684745762712,"Uria aalge",3.71185541915009,0.257468291830312
-147.677457627119,65.8684745762712,"Uria aalge",3.72704946895161,0.256455081493928
-147.06986440678,65.8684745762712,"Uria aalge",3.74525553377921,0.255402122642007
-146.462271186441,65.8684745762712,"Uria aalge",3.76612433494015,0.254463183510645
-145.854677966102,65.8684745762712,"Uria aalge",3.78929166321651,0.253753630465258
-145.247084745763,65.8684745762712,"Uria aalge",3.81439909773109,0.253346668504422
-144.639491525424,65.8684745762712,"Uria aalge",3.84110662813717,0.253273843549777
-144.031898305085,65.8684745762712,"Uria aalge",3.86909897072439,0.253528517892218
-143.424305084746,65.8684745762712,"Uria aalge",3.8980875253213,0.254071154747379
-142.816711864407,65.8684745762712,"Uria aalge",3.92780971085237,0.254835736581538
-142.209118644068,65.8684745762712,"Uria aalge",3.95802704103313,0.255737113695668
-141.601525423729,65.8684745762712,"Uria aalge",3.98852289294088,0.256679321135937
-140.99393220339,65.8684745762712,"Uria aalge",4.01910056145676,0.257564898427786
-140.386338983051,65.8684745762712,"Uria aalge",4.04958191471341,0.25830508392634
-139.778745762712,65.8684745762712,"Uria aalge",4.07980676628165,0.258830517819199
-139.171152542373,65.8684745762712,"Uria aalge",4.1096329372646,0.259101815759331
-138.563559322034,65.8684745762712,"Uria aalge",4.13893687258463,0.259119081956008
-137.955966101695,65.8684745762712,"Uria aalge",4.16761458671024,0.258929141989439
-137.348372881356,65.8684745762712,"Uria aalge",4.19558264495745,0.258629064930238
-136.740779661017,65.8684745762712,"Uria aalge",4.22277885010144,0.258364543469003
-136.133186440678,65.8684745762712,"Uria aalge",4.24916231903223,0.258322072788905
-135.525593220339,65.8684745762712,"Uria aalge",4.27471271373955,0.258714733447435
-134.918,65.8684745762712,"Uria aalge",4.29942853064522,0.259762705407171
-170.766,66.1387457627119,"Uria aalge",4.08218560345021,0.18604627248623
-170.158406779661,66.1387457627119,"Uria aalge",4.07764051753308,0.179507801350415
-169.550813559322,66.1387457627119,"Uria aalge",4.07082599776578,0.174739278963527
-168.943220338983,66.1387457627119,"Uria aalge",4.05707193962301,0.167395362911232
-168.335627118644,66.1387457627119,"Uria aalge",4.0305982337569,0.151381534855136
-167.728033898305,66.1387457627119,"Uria aalge",3.99657566848184,0.133400524179856
-167.120440677966,66.1387457627119,"Uria aalge",3.95981636799074,0.119928351369809
-166.512847457627,66.1387457627119,"Uria aalge",3.9222109191219,0.111462676800241
-165.905254237288,66.1387457627119,"Uria aalge",3.88479751562022,0.105184142649711
-165.297661016949,66.1387457627119,"Uria aalge",3.84924472096439,0.101156251217707
-164.69006779661,66.1387457627119,"Uria aalge",3.81786748684422,0.101901948429983
-164.082474576271,66.1387457627119,"Uria aalge",3.79247468569853,0.10716592283436
-163.474881355932,66.1387457627119,"Uria aalge",3.77348035992075,0.114565349014559
-162.867288135593,66.1387457627119,"Uria aalge",3.75914386252917,0.122835959729747
-162.259694915254,66.1387457627119,"Uria aalge",3.74598301048812,0.13100313804329
-161.652101694915,66.1387457627119,"Uria aalge",3.7332981220192,0.13899034441866
-161.044508474576,66.1387457627119,"Uria aalge",3.72407478978088,0.147640702435787
-160.436915254237,66.1387457627119,"Uria aalge",3.71969146866566,0.156237147171168
-159.829322033898,66.1387457627119,"Uria aalge",3.71929203980413,0.164135634681974
-159.221728813559,66.1387457627119,"Uria aalge",3.7212663597661,0.171423653776934
-158.61413559322,66.1387457627119,"Uria aalge",3.72408239993764,0.178471400095011
-158.006542372881,66.1387457627119,"Uria aalge",3.72651993727044,0.185615623228119
-157.398949152542,66.1387457627119,"Uria aalge",3.72770310010663,0.193059013387081
-156.791355932203,66.1387457627119,"Uria aalge",3.72708325142455,0.20086080473935
-156.183762711864,66.1387457627119,"Uria aalge",3.72440868328282,0.208956776410584
-155.576169491525,66.1387457627119,"Uria aalge",3.71969014789545,0.21718796156665
-154.968576271186,66.1387457627119,"Uria aalge",3.71316548957575,0.225332482675564
-154.360983050847,66.1387457627119,"Uria aalge",3.70526404391094,0.233138915400392
-153.753389830508,66.1387457627119,"Uria aalge",3.69656915911828,0.240359364660306
-153.14579661017,66.1387457627119,"Uria aalge",3.68777574070537,0.246779115327125
-152.53820338983,66.1387457627119,"Uria aalge",3.67964009634782,0.252239049789684
-151.930610169492,66.1387457627119,"Uria aalge",3.67292201799626,0.256648011659203
-151.323016949153,66.1387457627119,"Uria aalge",3.66832334887045,0.259984858072835
-150.715423728814,66.1387457627119,"Uria aalge",3.66643134807879,0.262292671199363
-150.107830508475,66.1387457627119,"Uria aalge",3.66767658596049,0.263668691389861
-149.500237288136,66.1387457627119,"Uria aalge",3.6723125653959,0.264252501496401
-148.892644067797,66.1387457627119,"Uria aalge",3.6804187216205,0.264213174820919
-148.285050847458,66.1387457627119,"Uria aalge",3.69192261580891,0.263735220230474
-147.677457627119,66.1387457627119,"Uria aalge",3.70663357756663,0.263003668852826
-147.06986440678,66.1387457627119,"Uria aalge",3.72427964566345,0.262189674684346
-146.462271186441,66.1387457627119,"Uria aalge",3.74454156329823,0.261438489547749
-145.854677966102,66.1387457627119,"Uria aalge",3.76708031216363,0.260861255265007
-145.247084745763,66.1387457627119,"Uria aalge",3.79155707505462,0.260531077633006
-144.639491525424,66.1387457627119,"Uria aalge",3.81764612836685,0.260482905094374
-144.031898305085,66.1387457627119,"Uria aalge",3.84504199846267,0.260716246339684
-143.424305084746,66.1387457627119,"Uria aalge",3.87346247625045,0.261199785649925
-142.816711864407,66.1387457627119,"Uria aalge",3.90264899107485,0.261877280073708
-142.209118644068,66.1387457627119,"Uria aalge",3.93236557143368,0.262674471819037
-141.601525423729,66.1387457627119,"Uria aalge",3.96239728968929,0.263506947684957
-140.99393220339,66.1387457627119,"Uria aalge",3.99254877836251,0.264288890684052
-140.386338983051,66.1387457627119,"Uria aalge",4.02264315297708,0.264942546726797
-139.778745762712,66.1387457627119,"Uria aalge",4.05252148556495,0.265408032991886
-139.171152542373,66.1387457627119,"Uria aalge",4.08204283147282,0.265652883334997
-138.563559322034,66.1387457627119,"Uria aalge",4.11108470409072,0.265680482134268
-137.955966101695,66.1387457627119,"Uria aalge",4.13954380743861,0.265536313343153
-137.348372881356,66.1387457627119,"Uria aalge",4.16733677513744,0.26531081187236
-136.740779661017,66.1387457627119,"Uria aalge",4.19440063534476,0.26513765431121
-136.133186440678,66.1387457627119,"Uria aalge",4.22069273772026,0.265186684364681
-135.525593220339,66.1387457627119,"Uria aalge",4.24618994838109,0.265651410355059
-134.918,66.1387457627119,"Uria aalge",4.27088703638112,0.266732089170468
-170.766,66.4090169491525,"Uria aalge",4.07183736200656,0.191740894092053
-170.158406779661,66.4090169491525,"Uria aalge",4.06655195524959,0.185300157936267
-169.550813559322,66.4090169491525,"Uria aalge",4.05830375521553,0.179686944408588
-168.943220338983,66.4090169491525,"Uria aalge",4.04288850080167,0.170826323276602
-168.335627118644,66.4090169491525,"Uria aalge",4.01658830990516,0.154808310662959
-167.728033898305,66.4090169491525,"Uria aalge",3.98286596908254,0.136340020011818
-167.120440677966,66.4090169491525,"Uria aalge",3.94623766923625,0.121288292058177
-166.512847457627,66.4090169491525,"Uria aalge",3.90919267870176,0.111087525782616
-165.905254237288,66.4090169491525,"Uria aalge",3.87333281749704,0.104290562604415
-165.297661016949,66.4090169491525,"Uria aalge",3.84032727344415,0.100962633423388
-164.69006779661,66.4090169491525,"Uria aalge",3.81197465797956,0.102882412758
-164.082474576271,66.4090169491525,"Uria aalge",3.78956251926076,0.110043211818579
-163.474881355932,66.4090169491525,"Uria aalge",3.77318234634205,0.120618086752775
-162.867288135593,66.4090169491525,"Uria aalge",3.76088109342464,0.132517222753242
-162.259694915254,66.4090169491525,"Uria aalge",3.74806013758636,0.142120330678718
-161.652101694915,66.4090169491525,"Uria aalge",3.7335485579515,0.148607537433971
-161.044508474576,66.4090169491525,"Uria aalge",3.72163919140916,0.155204181689511
-160.436915254237,66.4090169491525,"Uria aalge",3.71416683722312,0.162333021736967
-159.829322033898,66.4090169491525,"Uria aalge",3.71062895345171,0.169430417591893
-159.221728813559,66.4090169491525,"Uria aalge",3.70968054160263,0.176331360958843
-158.61413559322,66.4090169491525,"Uria aalge",3.7099255223515,0.18319247457966
-158.006542372881,66.4090169491525,"Uria aalge",3.71020093185776,0.190230436809593
-157.398949152542,66.4090169491525,"Uria aalge",3.70964697082966,0.197590434591934
-156.791355932203,66.4090169491525,"Uria aalge",3.70770716561041,0.205308305164194
-156.183762711864,66.4090169491525,"Uria aalge",3.70410618068499,0.213314698004581
-155.576169491525,66.4090169491525,"Uria aalge",3.69881977130696,0.221456019139343
-154.968576271186,66.4090169491525,"Uria aalge",3.69204182284647,0.229522110971353
-154.360983050847,66.4090169491525,"Uria aalge",3.6841497856917,0.237276455537277
-153.753389830508,66.4090169491525,"Uria aalge",3.67566761404275,0.244486060959777
-153.14579661017,66.4090169491525,"Uria aalge",3.66722418426242,0.250948000314334
-152.53820338983,66.4090169491525,"Uria aalge",3.65950558059189,0.256509505003724
-151.930610169492,66.4090169491525,"Uria aalge",3.65320179043679,0.261079466549943
-151.323016949153,66.4090169491525,"Uria aalge",3.64895164610628,0.264631152071853
-150.715423728814,66.4090169491525,"Uria aalge",3.64729281412877,0.267197936369224
-150.107830508475,66.4090169491525,"Uria aalge",3.64862453541357,0.268864716804331
-149.500237288136,66.4090169491525,"Uria aalge",3.65318877246492,0.269757090602305
-148.892644067797,66.4090169491525,"Uria aalge",3.66107114232404,0.270029196779558
-148.285050847458,66.4090169491525,"Uria aalge",3.67221845624831,0.269850491502339
-147.677457627119,66.4090169491525,"Uria aalge",3.68646674533584,0.269391991330462
-147.06986440678,66.4090169491525,"Uria aalge",3.70357307425414,0.268813159080198
-146.462271186441,66.4090169491525,"Uria aalge",3.72324573599691,0.268250912020835
-145.854677966102,66.4090169491525,"Uria aalge",3.74516951726331,0.267811913946689
-145.247084745763,66.4090169491525,"Uria aalge",3.7690247193937,0.267568578815698
-144.639491525424,66.4090169491525,"Uria aalge",3.79450006314763,0.267558480406691
-144.031898305085,66.4090169491525,"Uria aalge",3.82130043036165,0.267786443878278
-143.424305084746,66.4090169491525,"Uria aalge",3.84915072383018,0.268228558438469
-142.816711864407,66.4090169491525,"Uria aalge",3.87779712438077,0.268837558500303
-142.209118644068,66.4090169491525,"Uria aalge",3.90700683738699,0.269549273600289
-141.601525423729,66.4090169491525,"Uria aalge",3.93656716025795,0.270290004471231
-140.99393220339,66.4090169491525,"Uria aalge",3.96628444033557,0.270984702039745
-140.386338983051,66.4090169491525,"Uria aalge",3.99598326687303,0.2715657333602
-139.778745762712,66.4090169491525,"Uria aalge",4.02550606205545,0.271981857883055
-139.171152542373,66.4090169491525,"Uria aalge",4.05471309915492,0.272206844083634
-138.563559322034,66.4090169491525,"Uria aalge",4.0834828708303,0.272246956820234
-137.955966101695,66.4090169491525,"Uria aalge",4.11171265035942,0.272146374124732
-137.348372881356,66.4090169491525,"Uria aalge",4.1393190332425,0.271989506100776
-136.740779661017,66.4090169491525,"Uria aalge",4.16623822265465,0.271899270599654
-136.133186440678,66.4090169491525,"Uria aalge",4.1924258384103,0.27203071636355
-135.525593220339,66.4090169491525,"Uria aalge",4.21785608978923,0.272560019191192
-134.918,66.4090169491525,"Uria aalge",4.24252025141516,0.273669757101821
-170.766,66.6792881355932,"Uria aalge",4.05958203226863,0.197040286677128
-170.158406779661,66.6792881355932,"Uria aalge",4.05319794238465,0.190315529831031
-169.550813559322,66.6792881355932,"Uria aalge",4.04327204022463,0.183591204318465
-168.943220338983,66.6792881355932,"Uria aalge",4.0263059635881,0.173426286634716
-168.335627118644,66.6792881355932,"Uria aalge",3.99990771420393,0.157359477164039
-167.728033898305,66.6792881355932,"Uria aalge",3.9665474401382,0.138796263724148
-167.120440677966,66.6792881355932,"Uria aalge",3.93025704071774,0.122728316915733
-166.512847457627,66.6792881355932,"Uria aalge",3.89396593909325,0.111201335925195
-165.905254237288,66.6792881355932,"Uria aalge",3.85975385582864,0.10389101272963
-165.297661016949,66.6792881355932,"Uria aalge",3.8292934081688,0.101131297011098
-164.69006779661,66.6792881355932,"Uria aalge",3.80392336195534,0.104330382200918
-164.082474576271,66.6792881355932,"Uria aalge",3.78442437562544,0.113560325632235
-163.474881355932,66.6792881355932,"Uria aalge",3.77060009854995,0.127166116353586
-162.867288135593,66.6792881355932,"Uria aalge",3.76047751804942,0.142472614346226
-162.259694915254,66.6792881355932,"Uria aalge",3.74824332174588,0.153515493935712
-161.652101694915,66.6792881355932,"Uria aalge",3.73201202105059,0.158515413934096
-161.044508474576,66.6792881355932,"Uria aalge",3.71788760537728,0.163299592246162
-160.436915254237,66.6792881355932,"Uria aalge",3.70783697695554,0.168996438975654
-159.829322033898,66.6792881355932,"Uria aalge",3.70158664805748,0.175191941406463
-159.221728813559,66.6792881355932,"Uria aalge",3.69803279732576,0.181586558788582
-158.61413559322,66.6792881355932,"Uria aalge",3.69593308139274,0.188166612200787
-158.006542372881,66.6792881355932,"Uria aalge",3.69420373048574,0.195031737403402
-157.398949152542,66.6792881355932,"Uria aalge",3.69201769134693,0.202262348643087
-156.791355932203,66.6792881355932,"Uria aalge",3.68882248280635,0.209863845959421
-156.183762711864,66.6792881355932,"Uria aalge",3.68432766728414,0.21775693436664
-155.576169491525,66.6792881355932,"Uria aalge",3.67848028422273,0.22579026430327
-154.968576271186,66.6792881355932,"Uria aalge",3.67143504929611,0.233763082241959
-154.360983050847,66.6792881355932,"Uria aalge",3.66352154243342,0.241451760739557
-153.753389830508,66.6792881355932,"Uria aalge",3.65520830149587,0.248636449733126
-153.14579661017,66.6792881355932,"Uria aalge",3.64706272625603,0.2551247580628
-152.53820338983,66.6792881355932,"Uria aalge",3.639706046044,0.260769788572714
-151.930610169492,66.6792881355932,"Uria aalge",3.63376430727707,0.265480801455483
-151.323016949153,66.6792881355932,"Uria aalge",3.62981883548567,0.26922631941732
-150.715423728814,66.6792881355932,"Uria aalge",3.62836177757838,0.272030994330381
-150.107830508475,66.6792881355932,"Uria aalge",3.62976287467751,0.273968259681368
-149.500237288136,66.6792881355932,"Uria aalge",3.63425194857987,0.275150492798219
-148.892644067797,66.6792881355932,"Uria aalge",3.64191824931601,0.275717660374233
-148.285050847458,66.6792881355932,"Uria aalge",3.65272422471472,0.275824972379479
-147.677457627119,66.6792881355932,"Uria aalge",3.66652884348965,0.275630194046261
-147.06986440678,66.6792881355932,"Uria aalge",3.68311495627932,0.275281650841014
-146.462271186441,66.6792881355932,"Uria aalge",3.70221603384366,0.274908134311704
-145.854677966102,66.6792881355932,"Uria aalge",3.72353922477543,0.27461166051216
-145.247084745763,66.6792881355932,"Uria aalge",3.7467833154236,0.274463471665277
-144.639491525424,66.6792881355932,"Uria aalge",3.7716514448164,0.274503095267058
-144.031898305085,66.6792881355932,"Uria aalge",3.7978592157792,0.274739917808344
-143.424305084746,66.6792881355932,"Uria aalge",3.82513921063609,0.275156657673196
-142.816711864407,66.6792881355932,"Uria aalge",3.85324298614601,0.275714246554011
-142.209118644068,66.6792881355932,"Uria aalge",3.88194150737753,0.276357806757336
-141.601525423729,66.6792881355932,"Uria aalge",3.91102478037898,0.277023531749569
-140.99393220339,66.6792881355932,"Uria aalge",3.94030122539614,0.277646296357293
-140.386338983051,66.6792881355932,"Uria aalge",3.96959713387046,0.278167751655129
-139.778745762712,66.6792881355932,"Uria aalge",3.99875638822038,0.278544528971777
-139.171152542373,66.6792881355932,"Uria aalge",4.02764049370374,0.27875601808857
-138.563559322034,66.6792881355932,"Uria aalge",4.05612887112703,0.278811023965134
-137.955966101695,66.6792881355932,"Uria aalge",4.0841192835628,0.278752478071666
-137.348372881356,66.6792881355932,"Uria aalge",4.11152821980181,0.278659334430327
-136.740779661017,66.6792881355932,"Uria aalge",4.13829103658427,0.278644881361521
-136.133186440678,66.6792881355932,"Uria aalge",4.16436167644481,0.278851009288085
-135.525593220339,66.6792881355932,"Uria aalge",4.18971183013709,0.279438517237239
-134.918,66.6792881355932,"Uria aalge",4.21432949558675,0.280574262887582
-170.766,66.9495593220339,"Uria aalge",4.04558886654217,0.201922222543156
-170.158406779661,66.9495593220339,"Uria aalge",4.03788818201941,0.194679166863125
-169.550813559322,66.9495593220339,"Uria aalge",4.0262368899508,0.186816938822716
-168.943220338983,66.9495593220339,"Uria aalge",4.00783367494865,0.175589304413085
-168.335627118644,66.9495593220339,"Uria aalge",3.98113187249841,0.159468527762515
-167.728033898305,66.9495593220339,"Uria aalge",3.94804782672157,0.141030238502198
-167.120440677966,66.9495593220339,"Uria aalge",3.91216930765123,0.124416570928222
-166.512847457627,66.9495593220339,"Uria aalge",3.87672183625777,0.111961253953909
-165.905254237288,66.9495593220339,"Uria aalge",3.84419537099198,0.104187642718456
-165.297661016949,66.9495593220339,"Uria aalge",3.81624919996397,0.101839998174514
-164.69006779661,66.9495593220339,"Uria aalge",3.79376208446897,0.106223100937616
-164.082474576271,66.9495593220339,"Uria aalge",3.77699782220155,0.117358174517152
-163.474881355932,66.9495593220339,"Uria aalge",3.76544925788116,0.133467917856268
-162.867288135593,66.9495593220339,"Uria aalge",3.7571594223076,0.15143316672988
-162.259694915254,66.9495593220339,"Uria aalge",3.74561977031889,0.163800990535069
-161.652101694915,66.9495593220339,"Uria aalge",3.72822169728896,0.167815754019315
-161.044508474576,66.9495593220339,"Uria aalge",3.71254681492645,0.171347359545485
-160.436915254237,66.9495593220339,"Uria aalge",3.70048644619562,0.175874974986049
-159.829322033898,66.9495593220339,"Uria aalge",3.69198112966227,0.181222015472134
-159.221728813559,66.9495593220339,"Uria aalge",3.68616766619448,0.187078947908652
-158.61413559322,66.9495593220339,"Uria aalge",3.68197500618649,0.193329363897232
-158.006542372881,66.9495593220339,"Uria aalge",3.6784193251902,0.199978993712758
-157.398949152542,66.9495593220339,"Uria aalge",3.67472321535647,0.207047632257198
-156.791355932203,66.9495593220339,"Uria aalge",3.67035072139013,0.214508749725153
-156.183762711864,66.9495593220339,"Uria aalge",3.66500554123532,0.22227074238197
-155.576169491525,66.9495593220339,"Uria aalge",3.65861293688719,0.230182405630223
-154.968576271186,66.9495593220339,"Uria aalge",3.65129387463522,0.238050556288
-154.360983050847,66.9495593220339,"Uria aalge",3.6433346643981,0.245662768818362
-153.753389830508,66.9495593220339,"Uria aalge",3.63515285785978,0.252810856672478
-153.14579661017,66.9495593220339,"Uria aalge",3.62725913458212,0.259311918177576
-152.53820338983,66.9495593220339,"Uria aalge",3.62021512171177,0.265024517942451
-151.930610169492,66.9495593220339,"Uria aalge",3.6145883940993,0.269858533330619
-151.323016949153,66.9495593220339,"Uria aalge",3.61090777198634,0.273778455555217
-150.715423728814,66.9495593220339,"Uria aalge",3.60962357849968,0.276801108537564
-150.107830508475,66.9495593220339,"Uria aalge",3.61107781446594,0.278989341631551
-149.500237288136,66.9495593220339,"Uria aalge",3.61548783548147,0.280443135493627
-148.892644067797,66.9495593220339,"Uria aalge",3.62294448788382,0.281289095697272
-148.285050847458,66.9495593220339,"Uria aalge",3.63342281550604,0.28166899781622
-147.677457627119,66.9495593220339,"Uria aalge",3.64680144096243,0.281728093896231
-147.06986440678,66.9495593220339,"Uria aalge",3.66288606813282,0.28160410995918
-146.462271186441,66.9495593220339,"Uria aalge",3.6814331004033,0.281417945153074
-145.854677966102,66.9495593220339,"Uria aalge",3.7021705890177,0.281266867238096
-145.247084745763,66.9495593220339,"Uria aalge",3.72481506486524,0.281220561176978
-144.639491525424,66.9495593220339,"Uria aalge",3.74908390967178,0.281319929050252
-144.031898305085,66.9495593220339,"Uria aalge",3.77470365706864,0.281578234975183
-143.424305084746,66.9495593220339,"Uria aalge",3.80141499768926,0.281984096444439
-142.816711864407,66.9495593220339,"Uria aalge",3.82897537822918,0.28250588936433
-142.209118644068,66.9495593220339,"Uria aalge",3.8571600274241,0.28309725458628
-141.601525423729,66.9495593220339,"Uria aalge",3.88576209434972,0.283703481706487
-140.99393220339,66.9495593220339,"Uria aalge",3.91459240637313,0.28426856124807
-140.386338983051,66.9495593220339,"Uria aalge",3.9434791822339,0.284742640354531
-139.778745762712,66.9495593220339,"Uria aalge",3.97226788730562,0.285089511438992
-139.171152542373,66.9495593220339,"Uria aalge",4.00082129731575,0.285293633629208
-138.563559322034,66.9495593220339,"Uria aalge",4.02901974201935,0.285366059617429
-137.955966101695,66.9495593220339,"Uria aalge",4.05676142949888,0.285348547477896
-137.348372881356,66.9495593220339,"Uria aalge",4.08396270546075,0.285315120575254
-136.740779661017,66.9495593220339,"Uria aalge",4.11055808336065,0.285370449254675
-136.133186440678,66.9495593220339,"Uria aalge",4.13649989397728,0.285644709207062
-135.525593220339,66.9495593220339,"Uria aalge",4.16175744738963,0.286285034272154
-134.918,66.9495593220339,"Uria aalge",4.18631566986124,0.287444276022001
-170.766,67.2198305084746,"Uria aalge",4.03005562506852,0.20642125871077
-170.158406779661,67.2198305084746,"Uria aalge",4.02093467230401,0.198552147208483
-169.550813559322,67.2198305084746,"Uria aalge",4.00760930478235,0.18965041783753
-168.943220338983,67.2198305084746,"Uria aalge",3.9878732702335,0.177594518074045
-168.335627118644,67.2198305084746,"Uria aalge",3.96073333769962,0.16146790439914
-167.728033898305,67.2198305084746,"Uria aalge",3.92779326098095,0.143307410777256
-167.120440677966,67.2198305084746,"Uria aalge",3.89229797317692,0.126532409853622
-166.512847457627,67.2198305084746,"Uria aalge",3.85768658899395,0.113518199762154
-165.905254237288,67.2198305084746,"Uria aalge",3.82683059715557,0.105357371735893
-165.297661016949,67.2198305084746,"Uria aalge",3.80134817269183,0.103239674234138
-164.69006779661,67.2198305084746,"Uria aalge",3.7816061360569,0.108545302148638
-164.082474576271,67.2198305084746,"Uria aalge",3.76732186413406,0.121170265693159
-163.474881355932,67.2198305084746,"Uria aalge",3.75762124690447,0.139007886311592
-162.867288135593,67.2198305084746,"Uria aalge",3.75029542729211,0.158313359700284
-162.259694915254,67.2198305084746,"Uria aalge",3.73912464976644,0.171448756134389
-161.652101694915,67.2198305084746,"Uria aalge",3.72190932556423,0.175863479140614
-161.044508474576,67.2198305084746,"Uria aalge",3.70545755671602,0.178897218247333
-160.436915254237,67.2198305084746,"Uria aalge",3.69197245143111,0.182658345927449
-159.829322033898,67.2198305084746,"Uria aalge",3.68167569510316,0.18732528048664
-159.221728813559,67.2198305084746,"Uria aalge",3.67395936416815,0.192690629212967
-158.61413559322,67.2198305084746,"Uria aalge",3.6679394807116,0.198608829438846
-158.006542372881,67.2198305084746,"Uria aalge",3.66274991096498,0.205026555460967
-157.398949152542,67.2198305084746,"Uria aalge",3.6576783966379,0.211915997471292
-156.791355932203,67.2198305084746,"Uria aalge",3.65221769045923,0.219222344100103
-156.183762711864,67.2198305084746,"Uria aalge",3.64607495718206,0.226841956274095
-155.576169491525,67.2198305084746,"Uria aalge",3.63916090070006,0.234622962694051
-154.968576271186,67.2198305084746,"Uria aalge",3.63156852663422,0.242378583240178
-154.360983050847,67.2198305084746,"Uria aalge",3.62354585321482,0.249906324255402
-153.753389830508,67.2198305084746,"Uria aalge",3.61546416531832,0.257008493023454
-153.14579661017,67.2198305084746,"Uria aalge",3.60778227937432,0.263510839282129
-152.53820338983,67.2198305084746,"Uria aalge",3.60100733175598,0.269277062346668
-151.930610169492,67.2198305084746,"Uria aalge",3.59565354941632,0.274217870907751
-151.323016949153,67.2198305084746,"Uria aalge",3.59220183305699,0.278294346915964
-150.715423728814,67.2198305084746,"Uria aalge",3.59106407206911,0.281516309921963
-150.107830508475,67.2198305084746,"Uria aalge",3.59255622985395,0.283936890524389
-149.500237288136,67.2198305084746,"Uria aalge",3.59688309480586,0.285644521682696
-148.892644067797,67.2198305084746,"Uria aalge",3.60413549918629,0.286753283477672
-148.285050847458,67.2198305084746,"Uria aalge",3.6142985334827,0.287392327349998
-147.677457627119,67.2198305084746,"Uria aalge",3.6272676202762,0.287695110893438
-147.06986440678,67.2198305084746,"Uria aalge",3.64286867853113,0.287789288454515
-146.462271186441,67.2198305084746,"Uria aalge",3.66087894238508,0.287788121873811
-145.854677966102,67.2198305084746,"Uria aalge",3.68104592190548,0.287784087640985
-145.247084745763,67.2198305084746,"Uria aalge",3.70310307997995,0.287845007570576
-144.639491525424,67.2198305084746,"Uria aalge",3.72678174670856,0.288012660502645
-144.031898305085,67.2198305084746,"Uria aalge",3.75181946380031,0.288303571954482
-143.424305084746,67.2198305084746,"Uria aalge",3.77796533504582,0.288711577081068
-142.816711864407,67.2198305084746,"Uria aalge",3.80498310835314,0.289211776926935
-142.209118644068,67.2198305084746,"Uria aalge",3.83265270350844,0.289765584726894
-141.601525423729,67.2198305084746,"Uria aalge",3.86077079645536,0.290326620265694
-140.99393220339,67.2198305084746,"Uria aalge",3.88915092860121,0.29084722039417
-140.386338983051,67.2198305084746,"Uria aalge",3.91762346321777,0.291285288878486
-139.778745762712,67.2198305084746,"Uria aalge",3.94603557889416,0.291611123540503
-139.171152542373,67.2198305084746,"Uria aalge",3.97425137927396,0.291813754542936
-138.563559322034,67.2198305084746,"Uria aalge",4.00215211011146,0.291906228803496
-137.955966101695,67.2198305084746,"Uria aalge",4.02963640878013,0.291929210726438
-137.348372881356,67.2198305084746,"Uria aalge",4.05662046868385,0.291952274429179
-136.740779661017,67.2198305084746,"Uria aalge",4.08303798389952,0.292072376555628
-136.133186440678,67.2198305084746,"Uria aalge",4.10883974990473,0.292409252080619
-135.525593220339,67.2198305084746,"Uria aalge",4.13399283358187,0.29309787060883
-134.918,67.2198305084746,"Uria aalge",4.15847928385115,0.294278582008832
-170.766,67.4901016949153,"Uria aalge",4.01318908080123,0.210602177618635
-170.158406779661,67.4901016949153,"Uria aalge",4.00262789137397,0.202091663706889
-169.550813559322,67.4901016949153,"Uria aalge",3.98772895954501,0.192306047782723
-168.943220338983,67.4901016949153,"Uria aalge",3.96676463688156,0.179643536726072
-168.335627118644,67.4901016949153,"Uria aalge",3.93911396243833,0.163599563032495
-167.728033898305,67.4901016949153,"Uria aalge",3.90619283875455,0.14585182366621
-167.120440677966,67.4901016949153,"Uria aalge",3.87098943983792,0.129234159889258
-166.512847457627,67.4901016949153,"Uria aalge",3.83712316807828,0.115995614163494
-165.905254237288,67.4901016949153,"Uria aalge",3.80787777589554,0.107534797515425
-165.297661016949,67.4901016949153,"Uria aalge",3.78480059442362,0.105446373010808
-164.69006779661,67.4901016949153,"Uria aalge",3.76764305892318,0.111303865845858
-164.082474576271,67.4901016949153,"Uria aalge",3.75554824530287,0.124866881738507
-163.474881355932,67.4901016949153,"Uria aalge",3.74725619624644,0.143613807976956
-162.867288135593,67.4901016949153,"Uria aalge",3.74024416642555,0.16318393457673
-162.259694915254,67.4901016949153,"Uria aalge",3.72934974970059,0.176770137871375
-161.652101694915,67.4901016949153,"Uria aalge",3.71313676263529,0.182444628688972
-161.044508474576,67.4901016949153,"Uria aalge",3.69659276669973,0.185682001360038
-160.436915254237,67.4901016949153,"Uria aalge",3.68222727825327,0.189116010582062
-159.829322033898,67.4901016949153,"Uria aalge",3.67058191550925,0.193334869659434
-159.221728813559,67.4901016949153,"Uria aalge",3.66131348199631,0.198310910632689
-158.61413559322,67.4901016949153,"Uria aalge",3.65373491147639,0.203933386801123
-158.006542372881,67.4901016949153,"Uria aalge",3.64711070366314,0.210127525022827
-157.398949152542,67.4901016949153,"Uria aalge",3.64080652372425,0.216835935640139
-156.791355932203,67.4901016949153,"Uria aalge",3.6343547377071,0.223982988295925
-156.183762711864,67.4901016949153,"Uria aalge",3.62747481278977,0.231455589642115
-155.576169491525,67.4901016949153,"Uria aalge",3.62007001643888,0.239101670032429
-154.968576271186,67.4901016949153,"Uria aalge",3.61221128581351,0.246740406858864
-154.360983050847,67.4901016949153,"Uria aalge",3.60411350214722,0.254178422493628
-153.753389830508,67.4901016949153,"Uria aalge",3.59610654089027,0.261227663756787
-153.14579661017,67.4901016949153,"Uria aalge",3.58860221965796,0.267721899099192
-152.53820338983,67.4901016949153,"Uria aalge",3.58205812731418,0.273529726958096
-151.930610169492,67.4901016949153,"Uria aalge",3.57693995381277,0.278562893306462
-151.323016949153,67.4901016949153,"Uria aalge",3.57368491377468,0.28277963214622
-150.715423728814,67.4901016949153,"Uria aalge",3.57266959926245,0.286183524825266
-150.107830508475,67.4901016949153,"Uria aalge",3.57418559096181,0.288818825359087
-149.500237288136,67.4901016949153,"Uria aalge",3.57842519247503,0.290763272196214
-148.892644067797,67.4901016949153,"Uria aalge",3.58547796733209,0.292119261767401
-148.285050847458,67.4901016949153,"Uria aalge",3.59533692441938,0.293004123623312
-147.677457627119,67.4901016949153,"Uria aalge",3.60791181492255,0.293540222602537
-147.06986440678,67.4901016949153,"Uria aalge",3.62304641239665,0.293845661867134
-146.462271186441,67.4901016949153,"Uria aalge",3.64053683156803,0.294026339849388
-145.854677966102,67.4901016949153,"Uria aalge",3.66014863645111,0.294169946933838
-145.247084745763,67.4901016949153,"Uria aalge",3.68163136606133,0.294342203536111
-144.639491525424,67.4901016949153,"Uria aalge",3.70472991282835,0.294585339130045
-144.031898305085,67.4901016949153,"Uria aalge",3.72919279286838,0.294918587659138
-143.424305084746,67.4901016949153,"Uria aalge",3.75477771899342,0.29534037033152
-142.816711864407,67.4901016949153,"Uria aalge",3.78125505754835,0.29583183291534
-142.209118644068,67.4901016949153,"Uria aalge",3.80840977379575,0.296361448510112
-141.601525423729,67.4901016949153,"Uria aalge",3.83604240388351,0.29689043622922
-140.99393220339,67.4901016949153,"Uria aalge",3.86396948062593,0.297378750690677
-140.386338983051,67.4901016949153,"Uria aalge",3.89202371756286,0.297791360258669
-139.778745762712,67.4901016949153,"Uria aalge",3.92005413987163,0.298104463425211
-139.171152542373,67.4901016949153,"Uria aalge",3.94792625060863,0.298311210116165
-138.563559322034,67.4901016949153,"Uria aalge",3.97552223967299,0.298426419478541
-137.955966101695,67.4901016949153,"Uria aalge",4.00274118199891,0.298489743319976
-137.348372881356,67.4901016949153,"Uria aalge",4.02949913208769,0.298566744566755
-136.740779661017,67.4901016949153,"Uria aalge",4.05572900585576,0.298747473121784
-136.133186440678,67.4901016949153,"Uria aalge",4.08138014900602,0.299142348236556
-135.525593220339,67.4901016949153,"Uria aalge",4.10641752226862,0.29987549397873
-134.918,67.4901016949153,"Uria aalge",4.13082048236856,0.301076081947519
-170.766,67.7603728813559,"Uria aalge",3.99519192215576,0.214540365291968
-170.158406779661,67.7603728813559,"Uria aalge",3.98322893701233,0.20543330479769
-169.550813559322,67.7603728813559,"Uria aalge",3.96688377285625,0.194939666026319
-168.943220338983,67.7603728813559,"Uria aalge",3.94480508187591,0.181876629580544
-168.335627118644,67.7603728813559,"Uria aalge",3.91662737934491,0.16602644040341
-167.728033898305,67.7603728813559,"Uria aalge",3.88363773605755,0.148821239296554
-167.120440677966,67.7603728813559,"Uria aalge",3.84861356563898,0.132628033454787
-166.512847457627,67.7603728813559,"Uria aalge",3.81533534075512,0.119463080146389
-165.905254237288,67.7603728813559,"Uria aalge",3.78760676493345,0.11079128264182
-165.297661016949,67.7603728813559,"Uria aalge",3.76688007981042,0.108530011638252
-164.69006779661,67.7603728813559,"Uria aalge",3.75212975681154,0.114526952609216
-164.082474576271,67.7603728813559,"Uria aalge",3.74192843188013,0.128448279294532
-163.474881355932,67.7603728813559,"Uria aalge",3.73469388422893,0.147404936441814
-162.867288135593,67.7603728813559,"Uria aalge",3.72781324800115,0.166723979364319
-162.259694915254,67.7603728813559,"Uria aalge",3.71730053959647,0.180674732569947
-161.652101694915,67.7603728813559,"Uria aalge",3.70221673524061,0.187701925444726
-161.044508474576,67.7603728813559,"Uria aalge",3.68604224262576,0.191612294275273
-160.436915254237,67.7603728813559,"Uria aalge",3.67125190054313,0.195108687320321
-159.829322033898,67.7603728813559,"Uria aalge",3.65865680040674,0.199126387281231
-159.221728813559,67.7603728813559,"Uria aalge",3.64816639311954,0.203846715407728
-158.61413559322,67.7603728813559,"Uria aalge",3.63929046512098,0.209238056931306
-158.006542372881,67.7603728813559,"Uria aalge",3.63143087980955,0.215237324436609
-157.398949152542,67.7603728813559,"Uria aalge",3.62404031157264,0.221776665618537
-156.791355932203,67.7603728813559,"Uria aalge",3.61669965175424,0.228769162857093
-156.183762711864,67.7603728813559,"Uria aalge",3.60914850940955,0.236096489878635
-155.576169491525,67.7603728813559,"Uria aalge",3.60128939525355,0.243607911687682
-154.968576271186,67.7603728813559,"Uria aalge",3.59317692588987,0.251128782091419
-154.360983050847,67.7603728813559,"Uria aalge",3.58499798970401,0.258474459415381
-153.753389830508,67.7603728813559,"Uria aalge",3.5770459109231,0.265465976019624
-153.14579661017,67.7603728813559,"Uria aalge",3.56969029568575,0.271944680563739
-152.53820338983,67.7603728813559,"Uria aalge",3.56334393296593,0.27778392838831
-151.930610169492,67.7603728813559,"Uria aalge",3.55842849496319,0.282896716827877
-151.323016949153,67.7603728813559,"Uria aalge",3.55534143690727,0.287238952626072
-150.715423728814,67.7603728813559,"Uria aalge",3.55442697373033,0.290808698044367
-150.107830508475,67.7603728813559,"Uria aalge",3.55595391421554,0.293642144322269
-149.500237288136,67.7603728813559,"Uria aalge",3.56010230870579,0.295807178229621
-148.892644067797,67.7603728813559,"Uria aalge",3.56695949443951,0.297395347364703
-148.285050847458,67.7603728813559,"Uria aalge",3.57652463126579,0.298512947890905
-147.677457627119,67.7603728813559,"Uria aalge",3.58871966663308,0.299271936936014
-147.06986440678,67.7603728813559,"Uria aalge",3.6034041265325,0.299781380592192
-146.462271186441,67.7603728813559,"Uria aalge",3.6203912103654,0.300140103450129
-145.854677966102,67.7603728813559,"Uria aalge",3.6394631871012,0.300431055223872
-145.247084745763,67.7603728813559,"Uria aalge",3.66038479594639,0.300717674387834
-144.639491525424,67.7603728813559,"Uria aalge",3.68291403726815,0.301042278300999
-144.031898305085,67.7603728813559,"Uria aalge",3.70681027671806,0.301426315298083
-143.424305084746,67.7603728813559,"Uria aalge",3.73183993751487,0.301872210832974
-142.816711864407,67.7603728813559,"Uria aalge",3.7577802367834,0.30236651651508
-142.209118644068,67.7603728813559,"Uria aalge",3.78442147133671,0.302884090244422
-141.601525423729,67.7603728813559,"Uria aalge",3.81156832150771,0.303393057708518
-140.99393220339,67.7603728813559,"Uria aalge",3.83904055809542,0.303860304630617
-140.386338983051,67.7603728813559,"Uria aalge",3.86667343636486,0.304257217975189
-139.778745762712,67.7603728813559,"Uria aalge",3.89431796081602,0.304565339242416
-139.171152542373,67.7603728813559,"Uria aalge",3.92184111512487,0.304781528253363
-138.563559322034,67.7603728813559,"Uria aalge",3.94912607795395,0.304922180034602
-137.955966101695,67.7603728813559,"Uria aalge",3.97607238949918,0.30502601257948
-137.348372881356,67.7603728813559,"Uria aalge",4.0025959973192,0.305154973914502
-136.740779661017,67.7603728813559,"Uria aalge",4.02862909461861,0.30539292625672
-136.133186440678,67.7603728813559,"Uria aalge",4.0541196702131,0.305841967078161
-135.525593220339,67.7603728813559,"Uria aalge",4.0790307151176,0.306616535457898
-134.918,67.7603728813559,"Uria aalge",4.10333907103251,0.307835791492651
-170.766,68.0306440677966,"Uria aalge",3.97625496064385,0.218309337121247
-170.158406779661,68.0306440677966,"Uria aalge",3.96296860828934,0.208685375454022
-169.550813559322,68.0306440677966,"Uria aalge",3.94532146947758,0.197659365923794
-168.943220338983,68.0306440677966,"Uria aalge",3.92225744570497,0.184382183944377
-168.335627118644,68.0306440677966,"Uria aalge",3.89358999125982,0.168841407044062
-167.728033898305,68.0306440677966,"Uria aalge",3.86050291181735,0.152296676773532
-167.120440677966,68.0306440677966,"Uria aalge",3.82556904834819,0.136744959848797
-166.512847457627,68.0306440677966,"Uria aalge",3.79267804717925,0.123913273516483
-165.905254237288,68.0306440677966,"Uria aalge",3.76634982730295,0.115116722963457
-165.297661016949,68.0306440677966,"Uria aalge",3.74792794597162,0.112501318587935
-164.69006779661,68.0306440677966,"Uria aalge",3.73538006851515,0.118248737320835
-164.082474576271,68.0306440677966,"Uria aalge",3.72678012592416,0.132001256926792
-163.474881355932,68.0306440677966,"Uria aalge",3.72035279673043,0.150638828495666
-162.867288135593,68.0306440677966,"Uria aalge",3.71361536271672,0.169472750142293
-162.259694915254,68.0306440677966,"Uria aalge",3.70355530262186,0.18369231100461
-161.652101694915,68.0306440677966,"Uria aalge",3.68953006882998,0.191919718921159
-161.044508474576,68.0306440677966,"Uria aalge",3.6739719334203,0.19672885604968
-160.436915254237,68.0306440677966,"Uria aalge",3.65910195358945,0.20057986536478
-159.829322033898,68.0306440677966,"Uria aalge",3.64589671385267,0.20462141068782
-159.221728813559,68.0306440677966,"Uria aalge",3.63448275530048,0.209228118049697
-158.61413559322,68.0306440677966,"Uria aalge",3.62455536927557,0.214468876382182
-158.006542372881,68.0306440677966,"Uria aalge",3.61565371408093,0.220316534346496
-157.398949152542,68.0306440677966,"Uria aalge",3.60732237352366,0.226709847602603
-156.791355932203,68.0306440677966,"Uria aalge",3.59919722348475,0.233560497423268
-156.183762711864,68.0306440677966,"Uria aalge",3.591044485986,0.240749981165347
-155.576169491525,68.0306440677966,"Uria aalge",3.58277186994728,0.248131154114568
-154.968576271186,68.0306440677966,"Uria aalge",3.57442306017051,0.255536290325274
-154.360983050847,68.0306440677966,"Uria aalge",3.56616192093513,0.262789476882471
-153.753389830508,68.0306440677966,"Uria aalge",3.55824996350925,0.269720542343791
-153.14579661017,68.0306440677966,"Uria aalge",3.55101921842508,0.276178150739877
-152.53820338983,68.0306440677966,"Uria aalge",3.54484219975535,0.282040360299435
-151.930610169492,68.0306440677966,"Uria aalge",3.54010080196447,0.287221650082112
-151.323016949153,68.0306440677966,"Uria aalge",3.53715637284437,0.291676092490906
-150.715423728814,68.0306440677966,"Uria aalge",3.53632348044029,0.295396909946845
-150.107830508475,68.0306440677966,"Uria aalge",3.5378497294868,0.298413013270216
-149.500237288136,68.0306440677966,"Uria aalge",3.54190326853499,0.300783260167275
-148.892644067797,68.0306440677966,"Uria aalge",3.54856849886227,0.302589167624655
-148.285050847458,68.0306440677966,"Uria aalge",3.55784927271469,0.303926768349133
-147.677457627119,68.0306440677966,"Uria aalge",3.5696779007227,0.304898279419959
-147.06986440678,68.0306440677966,"Uria aalge",3.58392779706671,0.305604237250601
-146.462271186441,68.0306440677966,"Uria aalge",3.60042760238536,0.306136694609391
-145.854677966102,68.0306440677966,"Uria aalge",3.61897500907544,0.306573939538349
-145.247084745763,68.0306440677966,"Uria aalge",3.63934907898893,0.306976997393782
-144.639491525424,68.0306440677966,"Uria aalge",3.66132041758181,0.307387966778274
-144.031898305085,68.0306440677966,"Uria aalge",3.68465904168901,0.307830071035566
-143.424305084746,68.0306440677966,"Uria aalge",3.70914010557669,0.308309206921278
-142.816711864407,68.0306440677966,"Uria aalge",3.73454783390211,0.308816736008199
-142.209118644068,68.0306440677966,"Uria aalge",3.76067807799574,0.309333265763647
-141.601525423729,68.0306440677966,"Uria aalge",3.78733989899888,0.309833175663273
-140.99393220339,68.0306440677966,"Uria aalge",3.81435652110252,0.310289638130956
-140.386338983051,68.0306440677966,"Uria aalge",3.84156591645676,0.310679857138158
-139.778745762712,68.0306440677966,"Uria aalge",3.86882119788195,0.310990203064864
-139.171152542373,68.0306440677966,"Uria aalge",3.89599091682197,0.311220872373509
-138.563559322034,68.0306440677966,"Uria aalge",3.92295929770206,0.311389660618966
-137.955966101695,68.0306440677966,"Uria aalge",3.94962638905642,0.311534426040535
-137.348372881356,68.0306440677966,"Uria aalge",3.97590807840721,0.311713858484337
-136.740779661017,68.0306440677966,"Uria aalge",4.00173590316946,0.312006272396317
-136.133186440678,68.0306440677966,"Uria aalge",4.02705659394904,0.312506322089837
-135.525593220339,68.0306440677966,"Uria aalge",4.05183130761478,0.313319784607425
-134.918,68.0306440677966,"Uria aalge",4.07603454094327,0.314556839209725
-170.766,68.3009152542373,"Uria aalge",3.95655296193237,0.221973885601866
-170.158406779661,68.3009152542373,"Uria aalge",3.94204872029168,0.211929006986628
-169.550813559322,68.3009152542373,"Uria aalge",3.92325570604478,0.20053419291223
-168.943220338983,68.3009152542373,"Uria aalge",3.89935258474888,0.187204645072747
-168.335627118644,68.3009152542373,"Uria aalge",3.87028332280433,0.172076860898677
-167.728033898305,68.3009152542373,"Uria aalge",3.83714359557594,0.156283775740301
-167.120440677966,68.3009152542373,"Uria aalge",3.80228810002871,0.141529635632585
-166.512847457627,68.3009152542373,"Uria aalge",3.76958171912456,0.129246552972662
-165.905254237288,68.3009152542373,"Uria aalge",3.74452478209763,0.120408108193642
-165.297661016949,68.3009152542373,"Uria aalge",3.72835271487031,0.117301792034095
-164.69006779661,68.3009152542373,"Uria aalge",3.71774259025184,0.122487909614496
-164.082474576271,68.3009152542373,"Uria aalge",3.71044674172926,0.135645138298873
-163.474881355932,68.3009152542373,"Uria aalge",3.70463935094367,0.153587429681564
-162.867288135593,68.3009152542373,"Uria aalge",3.69808492557425,0.171800293743821
-162.259694915254,68.3009152542373,"Uria aalge",3.68849977677901,0.186168492891191
-161.652101694915,68.3009152542373,"Uria aalge",3.67542195733998,0.195384732837605
-161.044508474576,68.3009152542373,"Uria aalge",3.66058063047413,0.201145154473074
-160.436915254237,68.3009152542373,"Uria aalge",3.6458701926608,0.205536476354417
-159.829322033898,68.3009152542373,"Uria aalge",3.63232924092548,0.209783505013431
-159.221728813559,68.3009152542373,"Uria aalge",3.62025164742984,0.21440962882815
-158.61413559322,68.3009152542373,"Uria aalge",3.60949724570566,0.219585180668034
-158.006542372881,68.3009152542373,"Uria aalge",3.59973604028045,0.225332801497418
-157.398949152542,68.3009152542373,"Uria aalge",3.59060522879278,0.231610907489658
-156.791355932203,68.3009152542373,"Uria aalge",3.58179948988212,0.23833864082583
-156.183762711864,68.3009152542373,"Uria aalge",3.57311653602134,0.245402441936287
-155.576169491525,68.3009152542373,"Uria aalge",3.56447430001111,0.252661348007492
-154.968576271186,68.3009152542373,"Uria aalge",3.55591039356931,0.259955636344667
-154.360983050847,68.3009152542373,"Uria aalge",3.54757031316269,0.267118395279737
-153.753389830508,68.3009152542373,"Uria aalge",3.53968827335158,0.273988173167248
-153.14579661017,68.3009152542373,"Uria aalge",3.53256314959559,0.280420829383264
-152.53820338983,68.3009152542373,"Uria aalge",3.52653145834279,0.286299147772984
-151.930610169492,68.3009152542373,"Uria aalge",3.52193928363447,0.291539337304641
-151.323016949153,68.3009152542373,"Uria aalge",3.51911526518475,0.296094108204752
-150.715423728814,68.3009152542373,"Uria aalge",3.51834688236557,0.299952486881079
-150.107830508475,68.3009152542373,"Uria aalge",3.51986205919738,0.303136852615455
-149.500237288136,68.3009152542373,"Uria aalge",3.52381748861071,0.305697829715042
-148.892644067797,68.3009152542373,"Uria aalge",3.53029413247477,0.307707699278278
-148.285050847458,68.3009152542373,"Uria aalge",3.53929934082888,0.309252977944792
-147.677457627119,68.3009152542373,"Uria aalge",3.55077421762324,0.310426791730343
-147.06986440678,68.3009152542373,"Uria aalge",3.56460441824753,0.311321646940634
-146.462271186441,68.3009152542373,"Uria aalge",3.58063252878191,0.31202313579841
-145.854677966102,68.3009152542373,"Uria aalge",3.59867045829033,0.312604991434345
-145.247084745763,68.3009152542373,"Uria aalge",3.61851072643918,0.313125737164368
-144.639491525424,68.3009152542373,"Uria aalge",3.63993600913668,0.31362699589407
-144.031898305085,68.3009152542373,"Uria aalge",3.66272671822965,0.314133377057647
-143.424305084746,68.3009152542373,"Uria aalge",3.68666669167592,0.314653763049666
-142.816711864407,68.3009152542373,"Uria aalge",3.71154725195266,0.315183772927167
-142.209118644068,68.3009152542373,"Uria aalge",3.73716997037305,0.315709169548009
-141.601525423729,68.3009152542373,"Uria aalge",3.7633484807761,0.316209974269909
-140.99393220339,68.3009152542373,"Uria aalge",3.78990964530208,0.316665043832732
-140.386338983051,68.3009152542373,"Uria aalge",3.81669431050327,0.317056840241965
-139.778745762712,68.3009152542373,"Uria aalge",3.84355782029319,0.317376088920526
-139.171152542373,68.3009152542373,"Uria aalge",3.87037038375899,0.317625982267612
-138.563559322034,68.3009152542373,"Uria aalge",3.89701733689124,0.317825558352509
-137.955966101695,68.3009152542373,"Uria aalge",3.92339929143554,0.318011883483633
-137.348372881356,68.3009152542373,"Uria aalge",3.94943213352922,0.318240709030088
-136.740779661017,68.3009152542373,"Uria aalge",3.97504682073484,0.318585370527632
-136.133186440678,68.3009152542373,"Uria aalge",4.00018892847442,0.31913385619487
-135.525593220339,68.3009152542373,"Uria aalge",4.02481791385168,0.31998418398212
-134.918,68.3009152542373,"Uria aalge",4.0489060924283,0.32123846437007
-170.766,68.571186440678,"Uria aalge",3.93624270055094,0.225587098095195
-170.158406779661,68.571186440678,"Uria aalge",3.92064380541324,0.215220902724322
-169.550813559322,68.571186440678,"Uria aalge",3.90086907983868,0.203601814084207
-168.943220338983,68.571186440678,"Uria aalge",3.87628884747887,0.190352941579355
-168.335627118644,68.571186440678,"Uria aalge",3.84695032429535,0.175717048714192
-167.728033898305,68.571186440678,"Uria aalge",3.81388174996153,0.160725441300212
-167.120440677966,68.571186440678,"Uria aalge",3.77922532988306,0.146845757001431
-166.512847457627,68.571186440678,"Uria aalge",3.74661050564716,0.13525968515472
-165.905254237288,68.571186440678,"Uria aalge",3.72269183452169,0.126462200948011
-165.297661016949,68.571186440678,"Uria aalge",3.708612138611,0.122803115121797
-164.69006779661,68.571186440678,"Uria aalge",3.69956880267518,0.127230535807843
-164.082474576271,68.571186440678,"Uria aalge",3.69326114765774,0.139488286086839
-163.474881355932,68.571186440678,"Uria aalge",3.68790949630049,0.156478713211714
-162.867288135593,68.571186440678,"Uria aalge",3.68155044176939,0.173967287518852
-162.259694915254,68.571186440678,"Uria aalge",3.67242377237563,0.188351523409431
-161.652101694915,68.571186440678,"Uria aalge",3.66017878007234,0.198340900515106
-161.044508474576,68.571186440678,"Uria aalge",3.64606923225538,0.205002545498925
-160.436915254237,68.571186440678,"Uria aalge",3.63166981488317,0.210027158464131
-159.829322033898,68.571186440678,"Uria aalge",3.61800443325593,0.214610129111222
-159.221728813559,68.571186440678,"Uria aalge",3.60548195738021,0.219368392046749
-158.61413559322,68.571186440678,"Uria aalge",3.59409978344996,0.22456006791457
-158.006542372881,68.571186440678,"Uria aalge",3.58364719154924,0.230261800721123
-157.398949152542,68.571186440678,"Uria aalge",3.57385092278437,0.236459902505957
-156.791355932203,68.571186440678,"Uria aalge",3.56446569844379,0.243087914177485
-156.183762711864,68.571186440678,"Uria aalge",3.55532392639034,0.250041777385344
-155.576169491525,68.571186440678,"Uria aalge",3.54635773926947,0.257189275327002
-154.968576271186,68.571186440678,"Uria aalge",3.53760288328901,0.264379913195758
-154.360983050847,68.571186440678,"Uria aalge",3.52919072529558,0.271456224921147
-153.753389830508,68.571186440678,"Uria aalge",3.52133239561158,0.278265553715641
-153.14579661017,68.571186440678,"Uria aalge",3.51429776744268,0.284670944259552
-152.53820338983,68.571186440678,"Uria aalge",3.50839136734783,0.290559989110249
-151.930610169492,68.571186440678,"Uria aalge",3.50392716652335,0.29585088956829
-151.323016949153,68.571186440678,"Uria aalge",3.50120425852442,0.300495447634673
-150.715423728814,68.571186440678,"Uria aalge",3.5004854321203,0.304479104298035
-150.107830508475,68.571186440678,"Uria aalge",3.50198040613241,0.307818421136175
-149.500237288136,68.571186440678,"Uria aalge",3.50583493670667,0.310556553096343
-148.892644067797,68.571186440678,"Uria aalge",3.51212621352152,0.312757311638694
-148.285050847458,68.571186440678,"Uria aalge",3.52086411483139,0.31449841898481
-147.677457627119,68.571186440678,"Uria aalge",3.53199719875151,0.315864538873331
-147.06986440678,68.571186440678,"Uria aalge",3.54542191191975,0.316940637750636
-146.462271186441,68.571186440678,"Uria aalge",3.56099343077266,0.317806164733791
-145.854677966102,68.571186440678,"Uria aalge",3.57853675298834,0.318530427487827
-145.247084745763,68.571186440678,"Uria aalge",3.59785701475167,0.31916939448481
-144.639491525424,68.571186440678,"Uria aalge",3.61874840975419,0.319764000002835
-144.031898305085,68.571186440678,"Uria aalge",3.64100144450859,0.320339897060458
-143.424305084746,68.571186440678,"Uria aalge",3.66440853694624,0.320908513278168
-142.816711864407,68.571186440678,"Uria aalge",3.68876813993802,0.321469215689568
-142.209118644068,68.571186440678,"Uria aalge",3.71388765848667,0.322012369737267
-141.601525423729,68.571186440678,"Uria aalge",3.73958544933927,0.322523067778041
-140.99393220339,68.571186440678,"Uria aalge",3.7656921671715,0.322985289788801
-140.386338983051,68.571186440678,"Uria aalge",3.7920516720487,0.323386237562409
-139.778745762712,68.571186440678,"Uria aalge",3.81852165359459,0.323720555054843
-139.171152542373,68.571186440678,"Uria aalge",3.84497406845118,0.323994118995403
-138.563559322034,68.571186440678,"Uria aalge",3.87129543569241,0.324227066423927
-137.955966101695,68.571186440678,"Uria aalge",3.89738699381588,0.324455732474316
-137.348372881356,68.571186440678,"Uria aalge",3.92316469515212,0.324733215470455
-136.740779661017,68.571186440678,"Uria aalge",3.94855900017875,0.325128377252007
-136.133186440678,68.571186440678,"Uria aalge",3.97351443519329,0.325723227509751
-135.525593220339,68.571186440678,"Uria aalge",3.99798889036792,0.326608823143122
-134.918,68.571186440678,"Uria aalge",4.02195265786204,0.32788001424047
-170.766,68.8414576271186,"Uria aalge",3.91546231982747,0.229189824219656
-170.158406779661,68.8414576271186,"Uria aalge",3.89890270278071,0.218597214180256
-169.550813559322,68.8414576271186,"Uria aalge",3.87831461135735,0.206875729107702
-168.943220338983,68.8414576271186,"Uria aalge",3.85323035895758,0.193809753223398
-168.335627118644,68.8414576271186,"Uria aalge",3.82378853722161,0.179713145320712
-167.728033898305,68.8414576271186,"Uria aalge",3.79098229363626,0.165524394274479
-167.120440677966,68.8414576271186,"Uria aalge",3.75680143366086,0.152504221778871
-166.512847457627,68.8414576271186,"Uria aalge",3.72457611297306,0.141629637043282
-165.905254237288,68.8414576271186,"Uria aalge",3.70167364439225,0.13296305647699
-165.297661016949,68.8414576271186,"Uria aalge",3.68914895129893,0.128824061738783
-164.69006779661,68.8414576271186,"Uria aalge",3.68117382012839,0.132425226767297
-164.082474576271,68.8414576271186,"Uria aalge",3.67551839035727,0.143603800912745
-163.474881355932,68.8414576271186,"Uria aalge",3.67045925129257,0.159479984890573
-162.867288135593,68.8414576271186,"Uria aalge",3.6642704510434,0.176158267198488
-162.259694915254,68.8414576271186,"Uria aalge",3.65555699886649,0.190425198253995
-161.652101694915,68.8414576271186,"Uria aalge",3.64403380499395,0.200984297182645
-161.044508474576,68.8414576271186,"Uria aalge",3.6306243557748,0.208443170482086
-160.436915254237,68.8414576271186,"Uria aalge",3.61662128314315,0.214123395641382
-159.829322033898,68.8414576271186,"Uria aalge",3.60298664175139,0.219123255162438
-159.221728813559,68.8414576271186,"Uria aalge",3.59019760033349,0.22410055859872
-158.61413559322,68.8414576271186,"Uria aalge",3.57836005774236,0.229379499445768
-158.006542372881,68.8414576271186,"Uria aalge",3.56736758534523,0.235087369564899
-157.398949152542,68.8414576271186,"Uria aalge",3.55703034923859,0.24124193153135
-156.791355932203,68.8414576271186,"Uria aalge",3.54716203982272,0.247795723311476
-156.183762711864,68.8414576271186,"Uria aalge",3.53763134349754,0.254657764122025
-155.576169491525,68.8414576271186,"Uria aalge",3.52838747941388,0.261706825219482
-154.968576271186,68.8414576271186,"Uria aalge",3.51946781419547,0.268802824482421
-154.360983050847,68.8414576271186,"Uria aalge",3.51099333209806,0.275798249746365
-153.753389830508,68.8414576271186,"Uria aalge",3.50315592713182,0.28254940112241
-153.14579661017,68.8414576271186,"Uria aalge",3.49620031505057,0.288926570776944
-152.53820338983,68.8414576271186,"Uria aalge",3.49040275327522,0.294822283897523
-151.930610169492,68.8414576271186,"Uria aalge",3.48604852936699,0.300157003567559
-151.323016949153,68.8414576271186,"Uria aalge",3.48341012568117,0.304882058544981
-150.715423728814,68.8414576271186,"Uria aalge",3.48272788599914,0.3089798821569
-150.107830508475,68.8414576271186,"Uria aalge",3.48419474727314,0.312461895626635
-149.500237288136,68.8414576271186,"Uria aalge",3.48794610101181,0.315364513628461
-148.892644067797,68.8414576271186,"Uria aalge",3.49405517206377,0.317743812164414
-148.285050847458,68.8414576271186,"Uria aalge",3.50253358850201,0.319669412405714
-147.677457627119,68.8414576271186,"Uria aalge",3.51333622494099,0.321218122856829
-147.06986440678,68.8414576271186,"Uria aalge",3.52636904686339,0.322467849356013
-146.462271186441,68.8414576271186,"Uria aalge",3.5414985983981,0.323492218584957
-145.854677966102,68.8414576271186,"Uria aalge",3.55856191782753,0.324356260397447
-145.247084745763,68.8414576271186,"Uria aalge",3.57737594799073,0.325113366387475
-144.639491525424,68.8414576271186,"Uria aalge",3.59774584083017,0.32580360819437
-144.031898305085,68.8414576271186,"Uria aalge",3.61947186473321,0.326453382438443
-143.424305084746,68.8414576271186,"Uria aalge",3.64235486798725,0.327076264468692
-142.816711864407,68.8414576271186,"Uria aalge",3.66620041694748,0.327674901715204
-142.209118644068,68.8414576271186,"Uria aalge",3.69082181796003,0.3282437503736
-141.601525423729,68.8414576271186,"Uria aalge",3.71604226253573,0.328772443473545
-140.99393220339,68.8414576271186,"Uria aalge",3.7416963238086,0.329249563367337
-140.386338983051,68.8414576271186,"Uria aalge",3.76763099578919,0.329666572153167
-139.778745762712,68.8414576271186,"Uria aalge",3.79370641884144,0.330021630423193
-139.171152542373,68.8414576271186,"Uria aalge",3.81979638490271,0.330323013791699
-138.563559322034,68.8414576271186,"Uria aalge",3.84578867073572,0.330591826960157
-137.955966101695,68.8414576271186,"Uria aalge",3.87158521108703,0.330863727252359
-137.348372881356,68.8414576271186,"Uria aalge",3.89710209851967,0.331189413914817
-136.740779661017,68.8414576271186,"Uria aalge",3.92226938409192,0.33163372340492
-136.133186440678,68.8414576271186,"Uria aalge",3.94703065287832,0.332273295530627
-135.525593220339,68.8414576271186,"Uria aalge",3.97134235902499,0.333192932293835
-134.918,68.8414576271186,"Uria aalge",3.99517292355755,0.334480940929433
-170.766,69.1117288135593,"Uria aalge",3.8943314724636,0.232811577940129
-170.158406779661,69.1117288135593,"Uria aalge",3.87695005445421,0.222077777659797
-169.550813559322,69.1117288135593,"Uria aalge",3.85571678172615,0.210352075001328
-168.943220338983,69.1117288135593,"Uria aalge",3.83030563664772,0.197541019263219
-168.335627118644,69.1117288135593,"Uria aalge",3.8009437845,0.183999303173553
-167.728033898305,69.1117288135593,"Uria aalge",3.76862721941741,0.170570939110866
-167.120440677966,69.1117288135593,"Uria aalge",3.73529105238056,0.158317708826519
-166.512847457627,69.1117288135593,"Uria aalge",3.70425895078796,0.147988074645725
-165.905254237288,69.1117288135593,"Uria aalge",3.68228329503828,0.139545268458014
-165.297661016949,69.1117288135593,"Uria aalge",3.6702687585883,0.135170711122485
-164.69006779661,69.1117288135593,"Uria aalge",3.66279882430712,0.13799230726342
-164.082474576271,69.1117288135593,"Uria aalge",3.65745841796323,0.148023328886698
-163.474881355932,69.1117288135593,"Uria aalge",3.65252573786764,0.162699858815961
-162.867288135593,69.1117288135593,"Uria aalge",3.64645096604598,0.178500102581171
-162.259694915254,69.1117288135593,"Uria aalge",3.63808547140035,0.19252505585457
-161.652101694915,69.1117288135593,"Uria aalge",3.62717729954612,0.203468571885773
-161.044508474576,69.1117288135593,"Uria aalge",3.61441179981073,0.21159640659754
-160.436915254237,69.1117288135593,"Uria aalge",3.60084329519483,0.217905523326179
-159.829322033898,69.1117288135593,"Uria aalge",3.58734767452149,0.223360565721694
-159.221728813559,69.1117288135593,"Uria aalge",3.5744330216893,0.228616907325663
-158.61413559322,69.1117288135593,"Uria aalge",3.5622857632158,0.234040534184344
-158.006542372881,69.1117288135593,"Uria aalge",3.55088711078999,0.239801004737924
-157.398949152542,69.1117288135593,"Uria aalge",3.54012236539164,0.245947145118477
-156.791355932203,69.1117288135593,"Uria aalge",3.52986120089096,0.252452736856691
-156.183762711864,69.1117288135593,"Uria aalge",3.52000869644484,0.259242259797
-155.576169491525,69.1117288135593,"Uria aalge",3.51053298591047,0.266207190382632
-154.968576271186,69.1117288135593,"Uria aalge",3.50147579731404,0.273218857494003
-154.360983050847,69.1117288135593,"Uria aalge",3.49295094669704,0.280140178710058
-153.753389830508,69.1117288135593,"Uria aalge",3.48513453506491,0.28683659873676
-153.14579661017,69.1117288135593,"Uria aalge",3.47824962942629,0.293185754076097
-152.53820338983,69.1117288135593,"Uria aalge",3.4725476395865,0.299085246432368
-151.930610169492,69.1117288135593,"Uria aalge",3.46828833158815,0.304458067715499
-151.323016949153,69.1117288135593,"Uria aalge",3.46572029221972,0.309255486455226
-150.715423728814,69.1117288135593,"Uria aalge",3.46506351838207,0.313457472322794
-150.107830508475,69.1117288135593,"Uria aalge",3.46649553145059,0.31707094561233
-149.500237288136,69.1117288135593,"Uria aalge",3.47014196675336,0.320126272425331
-148.892644067797,69.1117288135593,"Uria aalge",3.4760720055151,0.322672492814339
-148.285050847458,69.1117288135593,"Uria aalge",3.4842984089414,0.324771789997134
-147.677457627119,69.1117288135593,"Uria aalge",3.49478140578619,0.32649370109318
-147.06986440678,69.1117288135593,"Uria aalge",3.50743536710379,0.327909537892686
-146.462271186441,69.1117288135593,"Uria aalge",3.52213710538367,0.329087425814375
-145.854677966102,69.1117288135593,"Uria aalge",3.53873473090479,0.330088278800614
-145.247084745763,69.1117288135593,"Uria aalge",3.55705622021362,0.330962915600928
-144.639491525424,69.1117288135593,"Uria aalge",3.5769171260155,0.33175040554313
-144.031898305085,69.1117288135593,"Uria aalge",3.59812712328936,0.332477627678085
-143.424305084746,69.1117288135593,"Uria aalge",3.62049530444743,0.33315994797582
-142.816711864407,69.1117288135593,"Uria aalge",3.64383429055169,0.333802867113086
-142.209118644068,69.1117288135593,"Uria aalge",3.66796331642764,0.3344044602388
-141.601525423729,69.1117288135593,"Uria aalge",3.69271048530959,0.334958410345613
-140.99393220339,69.1117288135593,"Uria aalge",3.71791438767357,0.335457420142079
-140.386338983051,69.1117288135593,"Uria aalge",3.74342525336104,0.335896769317635
-139.778745762712,69.1117288135593,"Uria aalge",3.76910576792593,0.336277765327337
-139.171152542373,69.1117288135593,"Uria aalge",3.79483164240356,0.336610820878138
-138.563559322034,69.1117288135593,"Uria aalge",3.82049198673211,0.336917887524111
-137.955966101695,69.1117288135593,"Uria aalge",3.84598950503732,0.337233990789202
-137.348372881356,69.1117288135593,"Uria aalge",3.87124050847476,0.337607656128225
-136.740779661017,69.1117288135593,"Uria aalge",3.8961747295507,0.338100092148223
-136.133186440678,69.1117288135593,"Uria aalge",3.92073492078471,0.338783107780628
-135.525593220339,69.1117288135593,"Uria aalge",3.94487622889175,0.339735875644203
-134.918,69.1117288135593,"Uria aalge",3.96856535072955,0.341040797854108
-170.766,69.382,"Uria aalge",3.87295196623455,0.236472183934103
-170.158406779661,69.382,"Uria aalge",3.85488786566561,0.225670254832723
-169.550813559322,69.382,"Uria aalge",3.83317283396988,0.214015784487339
-168.943220338983,69.382,"Uria aalge",3.80760772058154,0.201504668599168
-168.335627118644,69.382,"Uria aalge",3.77850802016072,0.188506946735377
-167.728033898305,69.382,"Uria aalge",3.7469026392309,0.175767627419865
-167.120440677966,69.382,"Uria aalge",3.71473985352212,0.16415644340201
-166.512847457627,69.382,"Uria aalge",3.68539150404214,0.154214147345849
-165.905254237288,69.382,"Uria aalge",3.66424584382653,0.146064247652846
-165.297661016949,69.382,"Uria aalge",3.65204842477986,0.141685099605867
-164.69006779661,69.382,"Uria aalge",3.64459037588274,0.143841517436048
-164.082474576271,69.382,"Uria aalge",3.63925897325001,0.152743242150286
-163.474881355932,69.382,"Uria aalge",3.6342916886985,0.166197655934399
-162.867288135593,69.382,"Uria aalge",3.62825517962559,0.181074467510601
-162.259694915254,69.382,"Uria aalge",3.62016043332599,0.194748361998162
-161.652101694915,69.382,"Uria aalge",3.60976496894295,0.205911708035317
-161.044508474576,69.382,"Uria aalge",3.59757525524865,0.214573435610061
-160.436915254237,69.382,"Uria aalge",3.58444732176598,0.221453478635075
-159.829322033898,69.382,"Uria aalge",3.57116154401397,0.227368165906478
-159.221728813559,69.382,"Uria aalge",3.55822927406566,0.232938484520915
-158.61413559322,69.382,"Uria aalge",3.5458925697437,0.238549138530196
-158.006542372881,69.382,"Uria aalge",3.53420345482107,0.244400929312789
-157.398949152542,69.382,"Uria aalge",3.52311278566169,0.250570439389158
-156.791355932203,69.382,"Uria aalge",3.512541790479,0.257052857787955
-156.183762711864,69.382,"Uria aalge",3.50243080860171,0.263789283605272
-155.576169491525,69.382,"Uria aalge",3.49276774468129,0.270684982715037
-154.968576271186,69.382,"Uria aalge",3.48360070160281,0.277623404488605
-154.360983050847,69.382,"Uria aalge",3.47503899613859,0.284478262395304
-153.753389830508,69.382,"Uria aalge",3.46724595431726,0.291124305763629
-153.14579661017,69.382,"Uria aalge",3.46042615080531,0.297446612391253
-152.53820338983,69.382,"Uria aalge",3.45480926349091,0.303348003943062
-151.930610169492,69.382,"Uria aalge",3.45063243422006,0.308754255426334
-151.323016949153,69.382,"Uria aalge",3.44812285670439,0.313616961874722
-150.715423728814,69.382,"Uria aalge",3.44748213491612,0.317914137791818
-150.107830508475,69.382,"Uria aalge",3.44887367905009,0.321648802594297
-149.500237288136,69.382,"Uria aalge",3.45241399814503,0.324845926306251
-148.892644067797,69.382,"Uria aalge",3.45816824215534,0.3275481759962
-148.285050847458,69.382,"Uria aalge",3.46614982475702,0.329810928227143
-147.677457627119,69.382,"Uria aalge",3.47632351838854,0.331697008098722
-147.06986440678,69.382,"Uria aalge",3.48861112828303,0.333271585607555
-146.462271186441,69.382,"Uria aalge",3.50289874982284,0.334597604087487
-145.854677966102,69.382,"Uria aalge",3.51904467397008,0.335732034200136
-145.247084745763,69.382,"Uria aalge",3.53688717847551,0.3367231477957
-144.639491525424,69.382,"Uria aalge",3.55625166832157,0.337608902416838
-144.031898305085,69.382,"Uria aalge",3.57695685563978,0.338416433657962
-143.424305084746,69.382,"Uria aalge",3.59881986226338,0.339162578760469
-142.816711864407,69.382,"Uria aalge",3.62166027026248,0.33985530310748
-142.209118644068,69.382,"Uria aalge",3.64530323482835,0.340495867682812
-141.601525423729,69.382,"Uria aalge",3.66958181646792,0.34108155304708
-140.99393220339,69.382,"Uria aalge",3.69433869668469,0.341608737501998
-140.386338983051,69.382,"Uria aalge",3.71942742494824,0.342076110377024
-139.778745762712,69.382,"Uria aalge",3.74471331525555,0.342487786050361
-139.171152542373,69.382,"Uria aalge",3.77007407623119,0.342856074027134
-138.563559322034,69.382,"Uria aalge",3.79540022553625,0.34320366106108
-137.955966101695,69.382,"Uria aalge",3.82059531146966,0.343564979823304
-137.348372881356,69.382,"Uria aalge",3.845575944619,0.343986581275733
-136.740779661017,69.382,"Uria aalge",3.87027163152604,0.344526398454689
-136.133186440678,69.382,"Uria aalge",3.89462440063233,0.345251886939466
-135.525593220339,69.382,"Uria aalge",3.91858821712938,0.346237144593926
-134.918,69.382,"Uria aalge",3.94212819552815,0.347559235891542
