species,genus,family,trait_name,trait_value,unit,method,latitude,longitude,elevation_m,source_dataset,source_url,source_record_id,project_pi,retrieved_utc
Ferocactus cylindraceus,Ferocactus,Cactaceae,seed mass,2.542,mg,data compilation,,,,BIEN,http://ucjeps.berkeley.edu/EFT.html,15518,D.D. Ackerly,2026-03-28 23:42:38 UTC
Cereus repandus,Cereus,Cactaceae,whole plant growth form,tree,,,-18.7656,-62.2331,,BIEN,https://bien.nceas.ucsb.edu/bien/,1780430,James S. MIller,2026-03-28 23:42:38 UTC
Opuntia ficus-indica,Opuntia,Cactaceae,whole plant height,4.2672,m,Maximum height,,,,BIEN,http://www.americanforests.org/resources/bigtrees/register.php,3101211,,2026-03-28 23:42:38 UTC
Opuntia basilaris,Opuntia,Cactaceae,seed mass,56.043,mg,data compilation; average of 1000 seeds,,,,BIEN,http://www.kew.org/data/sid ,3104204,"Liu, K., Eastwood, R.J., Flynn, S., Turner, R.M., and Stuppy, W.H.",2026-03-28 23:42:38 UTC
Escobaria vivipara,Escobaria,Cactaceae,plant flowering begin,6,month,first-flowering time,,,,BIEN,https://bien.nceas.ucsb.edu/bien/,3104423,Steven Travers,2026-03-28 23:42:38 UTC
Cumulopuntia boliviana,Cumulopuntia,Cactaceae,leaf nitrogen content per leaf dry mass,8.35852806,mg.g-1,Total amount of N per unit of dry leaf mass - Cornelissen et al. 2003,-18.25667,-69.30472,4620,BIEN,https://bien.nceas.ucsb.edu/bien/,3111156,Cyrille Violle/Brian Enquist ,2026-03-28 23:42:38 UTC
Opuntia fragilis,Opuntia,Cactaceae,plant flowering begin,7/5/1912,date,first-flowering time,,,,BIEN,https://bien.nceas.ucsb.edu/bien/,3115883,Steven Travers,2026-03-28 23:42:38 UTC
Echinocactus horizonthalonius,Echinocactus,Cactaceae,seed mass,7.11,mg,data compilation; average of 1000 seeds,,,,BIEN,http://www.kew.org/data/sid ,3116300,"Liu, K., Eastwood, R.J., Flynn, S., Turner, R.M., and Stuppy, W.H.",2026-03-28 23:42:38 UTC
Cylindropuntia acanthocarpa,Cylindropuntia,Cactaceae,seed mass,13.664,mg,data compilation; average of 1000 seeds,,,,BIEN,http://www.kew.org/data/sid ,3116971,"Liu, K., Eastwood, R.J., Flynn, S., Turner, R.M., and Stuppy, W.H.",2026-03-28 23:42:38 UTC
Opuntia occidentalis,Opuntia,Cactaceae,seed mass,12.655,mg,data compilation; average of 1000 seeds,,,,BIEN,http://www.kew.org/data/sid ,3117017,"Liu, K., Eastwood, R.J., Flynn, S., Turner, R.M., and Stuppy, W.H.",2026-03-28 23:42:38 UTC
Opuntia polyacantha,Opuntia,Cactaceae,flower color,Pink,,,,,,BIEN,https://bien.nceas.ucsb.edu/bien/,3118550,,2026-03-28 23:42:38 UTC
Opuntia engelmannii,Opuntia,Cactaceae,whole plant dispersal syndrome,abiotic,,,,,,BIEN,http://datadryad.org/resource/doi:10.5061/dryad.6t7t6,3121406,Bezeng BS,2026-03-28 23:42:38 UTC
Opuntia fragilis,Opuntia,Cactaceae,seed mass,20.85,mg,data compilation; average of 1000 seeds,,,,BIEN,http://www.kew.org/data/sid ,3131577,"Liu, K., Eastwood, R.J., Flynn, S., Turner, R.M., and Stuppy, W.H.",2026-03-28 23:42:38 UTC
Opuntia xvaseyi,Opuntia,Cactaceae,seed mass,4.859,mg,data compilation; average of 1000 seeds,,,,BIEN,http://www.kew.org/data/sid ,3131979,"Liu, K., Eastwood, R.J., Flynn, S., Turner, R.M., and Stuppy, W.H.",2026-03-28 23:42:38 UTC
Cylindropuntia leptocaulis,Cylindropuntia,Cactaceae,flower color,Yellow,,,,,,BIEN,https://bien.nceas.ucsb.edu/bien/,3145742,,2026-03-28 23:42:38 UTC
Cylindropuntia arbuscula,Cylindropuntia,Cactaceae,flower color,Yellow,,,,,,BIEN,https://bien.nceas.ucsb.edu/bien/,3145777,,2026-03-28 23:42:38 UTC
Carnegiea gigantea,Carnegiea,Cactaceae,seed mass,1.330093,mg,data compilation; average of 1000 seeds,,,,BIEN,http://www.kew.org/data/sid ,3142760,"Liu, K., Eastwood, R.J., Flynn, S., Turner, R.M., and Stuppy, W.H.",2026-03-28 23:42:38 UTC
Carnegiea gigantea,Carnegiea,Cactaceae,seed mass,1.330093,mg,data compilation; average of 1000 seeds,,,,BIEN,http://www.kew.org/data/sid ,3142902,"Liu, K., Eastwood, R.J., Flynn, S., Turner, R.M., and Stuppy, W.H.",2026-03-28 23:42:38 UTC
Carnegiea gigantea,Carnegiea,Cactaceae,seed mass,1.3,mg,data compilation; average of 1000 seeds,,,,BIEN,http://www.kew.org/data/sid ,3142938,"Liu, K., Eastwood, R.J., Flynn, S., Turner, R.M., and Stuppy, W.H.",2026-03-28 23:42:38 UTC
Carnegiea gigantea,Carnegiea,Cactaceae,seed mass,1.007983,mg,data compilation; average of 1000 seeds,,,,BIEN,http://www.kew.org/data/sid ,3142952,"Liu, K., Eastwood, R.J., Flynn, S., Turner, R.M., and Stuppy, W.H.",2026-03-28 23:42:38 UTC
Carnegiea gigantea,Carnegiea,Cactaceae,seed mass,1.007,mg,data compilation; average of 1000 seeds,,,,BIEN,http://www.kew.org/data/sid ,3142967,"Liu, K., Eastwood, R.J., Flynn, S., Turner, R.M., and Stuppy, W.H.",2026-03-28 23:42:38 UTC
Cereus validus,Cereus,Cactaceae,whole plant woodiness,woody,,,,,,BIEN,http://datadryad.org/resource/doi:10.5061/dryad.63q27.2,3142968,Zanne AE,2026-03-28 23:42:38 UTC
Corryocactus brevistylus,Corryocactus,Cactaceae,whole plant woodiness,woody,,,,,,BIEN,http://datadryad.org/resource/doi:10.5061/dryad.63q27.2,3144081,Zanne AE,2026-03-28 23:42:38 UTC
Cereus validus,Cereus,Cactaceae,maximum whole plant height,4.15,m,,,,,BIEN,https://bien.nceas.ucsb.edu/bien/,3144334,Angela Moles,2026-03-28 23:42:38 UTC
Cylindropuntia acanthocarpa,Cylindropuntia,Cactaceae,maximum whole plant height,0.72,m,,,,,BIEN,https://bien.nceas.ucsb.edu/bien/,3144354,Angela Moles,2026-03-28 23:42:38 UTC
Opuntia macrocentra,Opuntia,Cactaceae,flower color,Yellow,,,,,,BIEN,https://bien.nceas.ucsb.edu/bien/,3144565,,2026-03-28 23:42:38 UTC
Ferocactus fordii,Ferocactus,Cactaceae,flower color,Pink,,,,,,BIEN,https://bien.nceas.ucsb.edu/bien/,3144644,,2026-03-28 23:42:38 UTC
Echinocereus fendleri,Echinocereus,Cactaceae,flower color,Purple,,,,,,BIEN,https://bien.nceas.ucsb.edu/bien/,3144977,,2026-03-28 23:42:38 UTC
Cylindropuntia imbricata,Cylindropuntia,Cactaceae,flower color,Purple,,,,,,BIEN,https://bien.nceas.ucsb.edu/bien/,3145256,,2026-03-28 23:42:38 UTC
Cereus robinii,Cereus,Cactaceae,whole plant height,7.0104,m,Maximum height,,,,BIEN,http://www.americanforests.org/resources/bigtrees/register.php,3147756,,2026-03-28 23:42:38 UTC
Carnegiea gigantea,Carnegiea,Cactaceae,whole plant height,11.2776,m,Maximum height,,,,BIEN,http://www.americanforests.org/resources/bigtrees/register.php,3148822,,2026-03-28 23:42:38 UTC
Opuntia polyacantha,Opuntia,Cactaceae,plant flowering begin,7/21/1938,date,first-flowering time,,,,BIEN,https://bien.nceas.ucsb.edu/bien/,3153008,Steven Travers,2026-03-28 23:42:38 UTC
Echinopsis spachiana,Echinopsis,Cactaceae,whole plant sexual system,Hermaphrodite,,,,,,BIEN,http://datadryad.org/resource/doi:10.5061/dryad.6t7t6,3153864,Bezeng BS,2026-03-28 23:42:38 UTC
Neoraimondia herzogiana,Neoraimondia,Cactaceae,stem wood density,0.54,g.cm-3,,,,,BIEN,http://datadryad.org/resource/doi:10.5061/dryad.234,3166567,Lopez-Gonzalez G,2026-03-28 23:42:38 UTC
Opuntia engelmannii,Opuntia,Cactaceae,flower pollination syndrome,biotic,,,,,,BIEN,http://datadryad.org/resource/doi:10.5061/dryad.6t7t6,3167417,Bezeng BS,2026-03-28 23:42:38 UTC
Opuntia ficus-indica,Opuntia,Cactaceae,flower pollination syndrome,biotic,,,,,,BIEN,http://datadryad.org/resource/doi:10.5061/dryad.6t7t6,3167418,Bezeng BS,2026-03-28 23:42:38 UTC
Opuntia engelmannii,Opuntia,Cactaceae,whole plant sexual system,Hermaphrodite,,,,,,BIEN,http://datadryad.org/resource/doi:10.5061/dryad.6t7t6,3167420,Bezeng BS,2026-03-28 23:42:38 UTC
Opuntia engelmannii,Opuntia,Cactaceae,plant flowering duration,3,month,,,,,BIEN,http://datadryad.org/resource/doi:10.5061/dryad.6t7t6,3167421,Bezeng BS,2026-03-28 23:42:38 UTC
Opuntia ficus-indica,Opuntia,Cactaceae,plant flowering duration,3,month,,,,,BIEN,http://datadryad.org/resource/doi:10.5061/dryad.6t7t6,3167422,Bezeng BS,2026-03-28 23:42:38 UTC
Opuntia ficus-indica,Opuntia,Cactaceae,plant flowering begin,10,month,,,,,BIEN,http://datadryad.org/resource/doi:10.5061/dryad.6t7t6,3167423,Bezeng BS,2026-03-28 23:42:38 UTC
Opuntia humifusa,Opuntia,Cactaceae,flower pollination syndrome,biotic,,,,,,BIEN,http://datadryad.org/resource/doi:10.5061/dryad.6t7t6,3167424,Bezeng BS,2026-03-28 23:42:38 UTC
Opuntia humifusa,Opuntia,Cactaceae,plant flowering duration,3,month,,,,,BIEN,http://datadryad.org/resource/doi:10.5061/dryad.6t7t6,3167425,Bezeng BS,2026-03-28 23:42:38 UTC
Opuntia robusta,Opuntia,Cactaceae,whole plant sexual system,Hermaphrodite,,,,,,BIEN,http://datadryad.org/resource/doi:10.5061/dryad.6t7t6,3167426,Bezeng BS,2026-03-28 23:42:38 UTC
Pereskia aculeata,Pereskia,Cactaceae,flower pollination syndrome,biotic,,,,,,BIEN,http://datadryad.org/resource/doi:10.5061/dryad.6t7t6,3172428,Bezeng BS,2026-03-28 23:42:38 UTC
Pereskia aculeata,Pereskia,Cactaceae,whole plant dispersal syndrome,abiotic,,,,,,BIEN,http://datadryad.org/resource/doi:10.5061/dryad.6t7t6,3172441,Bezeng BS,2026-03-28 23:42:38 UTC
Carnegiea gigantea,Carnegiea,Cactaceae,seed mass,1.01,mg,data compilation; average of 1000 seeds,,,,BIEN,http://www.kew.org/data/sid ,3188119,"Liu, K., Eastwood, R.J., Flynn, S., Turner, R.M., and Stuppy, W.H.",2026-03-28 23:42:38 UTC
Opuntia fragilis,Opuntia,Cactaceae,plant flowering begin,7,month,first-flowering time,,,,BIEN,https://bien.nceas.ucsb.edu/bien/,3188712,Steven Travers,2026-03-28 23:42:38 UTC
Cereus jamacaru,Cereus,Cactaceae,whole plant dispersal syndrome,biotic,,,,,,BIEN,http://datadryad.org/resource/doi:10.5061/dryad.6t7t6,3190549,Bezeng BS,2026-03-28 23:42:38 UTC
Cereus jamacaru,Cereus,Cactaceae,whole plant sexual system,Hermaphrodite,,,,,,BIEN,http://datadryad.org/resource/doi:10.5061/dryad.6t7t6,3190575,Bezeng BS,2026-03-28 23:42:38 UTC
Cereus jamacaru,Cereus,Cactaceae,plant flowering duration,3,month,,,,,BIEN,http://datadryad.org/resource/doi:10.5061/dryad.6t7t6,3190576,Bezeng BS,2026-03-28 23:42:38 UTC
Cereus jamacaru,Cereus,Cactaceae,plant flowering begin,11,month,,,,,BIEN,http://datadryad.org/resource/doi:10.5061/dryad.6t7t6,3190577,Bezeng BS,2026-03-28 23:42:38 UTC
Opuntia humifusa,Opuntia,Cactaceae,seed mass,29.4,mg,data compilation; average of 1000 seeds,,,,BIEN,http://www.kew.org/data/sid ,3193825,"Liu, K., Eastwood, R.J., Flynn, S., Turner, R.M., and Stuppy, W.H.",2026-03-28 23:42:38 UTC
Echinopsis spachiana,Echinopsis,Cactaceae,plant flowering duration,5,month,,,,,BIEN,http://datadryad.org/resource/doi:10.5061/dryad.6t7t6,3194354,Bezeng BS,2026-03-28 23:42:38 UTC
Echinopsis spachiana,Echinopsis,Cactaceae,plant flowering begin,11,month,,,,,BIEN,http://datadryad.org/resource/doi:10.5061/dryad.6t7t6,3194355,Bezeng BS,2026-03-28 23:42:38 UTC
Opuntia basilaris,Opuntia,Cactaceae,whole plant growth form,shrub,,,,,,BIEN,https://www.jstor.org/stable/1936684?seq=1#page_scan_tab_contents,3229965,Shmida A,2026-03-28 23:42:38 UTC
Cylindropuntia bigelovii,Cylindropuntia,Cactaceae,flower color,Yellow,,,,,,BIEN,https://bien.nceas.ucsb.edu/bien/,3246357,,2026-03-28 23:42:38 UTC
Echinocactus horizonthalonius,Echinocactus,Cactaceae,seed mass,7.11,mg,data compilation; average of 1000 seeds,,,,BIEN,http://www.kew.org/data/sid ,3240680,"Liu, K., Eastwood, R.J., Flynn, S., Turner, R.M., and Stuppy, W.H.",2026-03-28 23:42:38 UTC
Opuntia polyacantha,Opuntia,Cactaceae,plant flowering begin,7,month,first-flowering time,,,,BIEN,https://bien.nceas.ucsb.edu/bien/,3237388,Steven Travers,2026-03-28 23:42:38 UTC
Browningia candelaris,Browningia,Cactaceae,leaf phosphorus content per leaf dry mass,2.05258,mg.g-1,,-22.60444,-77.05083,2250,BIEN,https://bien.nceas.ucsb.edu/bien/,3237411,Cyrille Violle/Brian Enquist ,2026-03-28 23:42:38 UTC
Opuntia polyacantha,Opuntia,Cactaceae,plant flowering begin,6/29/1913,date,first-flowering time,,,,BIEN,https://bien.nceas.ucsb.edu/bien/,3237788,Steven Travers,2026-03-28 23:42:38 UTC
Escobaria vivipara,Escobaria,Cactaceae,plant flowering begin,6/13/1918,date,first-flowering time,,,,BIEN,https://bien.nceas.ucsb.edu/bien/,3237814,Steven Travers,2026-03-28 23:42:38 UTC
Opuntia polyacantha,Opuntia,Cactaceae,plant flowering begin,6,month,first-flowering time,,,,BIEN,https://bien.nceas.ucsb.edu/bien/,3237816,Steven Travers,2026-03-28 23:42:38 UTC
Opuntia polyacantha,Opuntia,Cactaceae,plant flowering begin,7,month,first-flowering time,,,,BIEN,https://bien.nceas.ucsb.edu/bien/,3237940,Steven Travers,2026-03-28 23:42:38 UTC
Opuntia polyacantha,Opuntia,Cactaceae,plant flowering begin,7/5/1912,date,first-flowering time,,,,BIEN,https://bien.nceas.ucsb.edu/bien/,3237949,Steven Travers,2026-03-28 23:42:38 UTC
Echinocactus polycephalus,Echinocactus,Cactaceae,seed mass,7.273,mg,data compilation; average of 1000 seeds,,,,BIEN,http://www.kew.org/data/sid ,3240690,"Liu, K., Eastwood, R.J., Flynn, S., Turner, R.M., and Stuppy, W.H.",2026-03-28 23:42:38 UTC
Opuntia littoralis,Opuntia,Cactaceae,seed mass,7.294,mg,data compilation; average of 1000 seeds,,,,BIEN,http://www.kew.org/data/sid ,3242408,"Liu, K., Eastwood, R.J., Flynn, S., Turner, R.M., and Stuppy, W.H.",2026-03-28 23:42:38 UTC
Opuntia sulphurea,Opuntia,Cactaceae,whole plant woodiness,herbaceous,,,,,,BIEN,http://datadryad.org/resource/doi:10.5061/dryad.63q27.2,3242442,Zanne AE,2026-03-28 23:42:38 UTC
Leptocereus leonii,Leptocereus,Cactaceae,whole plant woodiness,woody,,,,,,BIEN,http://datadryad.org/resource/doi:10.5061/dryad.63q27.2,3242593,Zanne AE,2026-03-28 23:42:38 UTC
Opuntia sulphurea,Opuntia,Cactaceae,maximum whole plant height,0.428333333,m,,,,,BIEN,https://bien.nceas.ucsb.edu/bien/,3248968,Angela Moles,2026-03-28 23:42:38 UTC
Opuntia aurantiaca,Opuntia,Cactaceae,maximum whole plant height,0.5,m,,,,,BIEN,https://bien.nceas.ucsb.edu/bien/,3248969,Angela Moles,2026-03-28 23:42:38 UTC
Opuntia ficus-indica,Opuntia,Cactaceae,maximum whole plant height,4,m,,,,,BIEN,https://bien.nceas.ucsb.edu/bien/,3248970,Angela Moles,2026-03-28 23:42:38 UTC
Sclerocactus parviflorus,Sclerocactus,Cactaceae,flower color,Purple,,,,,,BIEN,https://bien.nceas.ucsb.edu/bien/,3250920,,2026-03-28 23:42:38 UTC
Echinopsis spachiana,Echinopsis,Cactaceae,whole plant dispersal syndrome,biotic,,,,,,BIEN,http://datadryad.org/resource/doi:10.5061/dryad.6t7t6,3265061,Bezeng BS,2026-03-28 23:42:38 UTC
Echinopsis spachiana,Echinopsis,Cactaceae,flower pollination syndrome,biotic,,,,,,BIEN,http://datadryad.org/resource/doi:10.5061/dryad.6t7t6,3265062,Bezeng BS,2026-03-28 23:42:38 UTC
Opuntia engelmannii,Opuntia,Cactaceae,plant flowering begin,10,month,,,,,BIEN,http://datadryad.org/resource/doi:10.5061/dryad.6t7t6,3453839,Bezeng BS,2026-03-28 23:42:38 UTC
Opuntia ficus-indica,Opuntia,Cactaceae,whole plant sexual system,Hermaphrodite,,,,,,BIEN,http://datadryad.org/resource/doi:10.5061/dryad.6t7t6,3453840,Bezeng BS,2026-03-28 23:42:38 UTC
Opuntia ficus-indica,Opuntia,Cactaceae,whole plant dispersal syndrome,biotic,,,,,,BIEN,http://datadryad.org/resource/doi:10.5061/dryad.6t7t6,3453841,Bezeng BS,2026-03-28 23:42:38 UTC
Opuntia humifusa,Opuntia,Cactaceae,plant flowering begin,10,month,,,,,BIEN,http://datadryad.org/resource/doi:10.5061/dryad.6t7t6,3453842,Bezeng BS,2026-03-28 23:42:38 UTC
Opuntia fragilis,Opuntia,Cactaceae,seed mass,22.36643,mg,"These measurements are taken from of a larger dataset assembled by Cornwell. Cornwell, W.K., Westoby, M., Falster, D.S. et al. (2014) Functional distinctiveness of major plant lineages. Journal of Ecology, 102, 345Â356.",,,,BIEN,http://datadryad.org/resource/doi:10.5061/dryad.m88g7,3453843,Marx HE,2026-03-28 23:42:38 UTC
Opuntia monacantha,Opuntia,Cactaceae,flower pollination syndrome,biotic,,,,,,BIEN,http://datadryad.org/resource/doi:10.5061/dryad.6t7t6,3453844,Bezeng BS,2026-03-28 23:42:38 UTC
Opuntia fragilis,Opuntia,Cactaceae,whole plant height,0.2,m,"These measurements are taken from of a larger dataset assembled by Cornwell. Cornwell, W.K., Westoby, M., Falster, D.S. et al. (2014) Functional distinctiveness of major plant lineages. Journal of Ecology, 102, 345Â356.",,,,BIEN,http://datadryad.org/resource/doi:10.5061/dryad.m88g7,3453845,Marx HE,2026-03-28 23:42:38 UTC
Opuntia humifusa,Opuntia,Cactaceae,whole plant sexual system,Hermaphrodite,,,,,,BIEN,http://datadryad.org/resource/doi:10.5061/dryad.6t7t6,3453846,Bezeng BS,2026-03-28 23:42:38 UTC
Opuntia humifusa,Opuntia,Cactaceae,whole plant dispersal syndrome,biotic,,,,,,BIEN,http://datadryad.org/resource/doi:10.5061/dryad.6t7t6,3453847,Bezeng BS,2026-03-28 23:42:38 UTC
Opuntia microdasys,Opuntia,Cactaceae,whole plant sexual system,Hermaphrodite,,,,,,BIEN,http://datadryad.org/resource/doi:10.5061/dryad.6t7t6,3453849,Bezeng BS,2026-03-28 23:42:38 UTC
Opuntia microdasys,Opuntia,Cactaceae,whole plant dispersal syndrome,biotic,,,,,,BIEN,http://datadryad.org/resource/doi:10.5061/dryad.6t7t6,3453851,Bezeng BS,2026-03-28 23:42:38 UTC
Opuntia microdasys,Opuntia,Cactaceae,flower pollination syndrome,biotic,,,,,,BIEN,http://datadryad.org/resource/doi:10.5061/dryad.6t7t6,3453852,Bezeng BS,2026-03-28 23:42:38 UTC
Opuntia monacantha,Opuntia,Cactaceae,whole plant sexual system,Hermaphrodite,,,,,,BIEN,http://datadryad.org/resource/doi:10.5061/dryad.6t7t6,3453853,Bezeng BS,2026-03-28 23:42:38 UTC
Opuntia monacantha,Opuntia,Cactaceae,whole plant dispersal syndrome,biotic,,,,,,BIEN,http://datadryad.org/resource/doi:10.5061/dryad.6t7t6,3453854,Bezeng BS,2026-03-28 23:42:38 UTC
Opuntia monacantha,Opuntia,Cactaceae,plant flowering duration,7,month,,,,,BIEN,http://datadryad.org/resource/doi:10.5061/dryad.6t7t6,3453855,Bezeng BS,2026-03-28 23:42:38 UTC
Opuntia monacantha,Opuntia,Cactaceae,plant flowering begin,10,month,,,,,BIEN,http://datadryad.org/resource/doi:10.5061/dryad.6t7t6,3453857,Bezeng BS,2026-03-28 23:42:38 UTC
Opuntia robusta,Opuntia,Cactaceae,whole plant dispersal syndrome,biotic,,,,,,BIEN,http://datadryad.org/resource/doi:10.5061/dryad.6t7t6,3453858,Bezeng BS,2026-03-28 23:42:38 UTC
Opuntia robusta,Opuntia,Cactaceae,flower pollination syndrome,biotic,,,,,,BIEN,http://datadryad.org/resource/doi:10.5061/dryad.6t7t6,3453859,Bezeng BS,2026-03-28 23:42:38 UTC
Opuntia robusta,Opuntia,Cactaceae,plant flowering duration,3,month,,,,,BIEN,http://datadryad.org/resource/doi:10.5061/dryad.6t7t6,3453860,Bezeng BS,2026-03-28 23:42:38 UTC
Opuntia robusta,Opuntia,Cactaceae,plant flowering begin,10,month,,,,,BIEN,http://datadryad.org/resource/doi:10.5061/dryad.6t7t6,3453861,Bezeng BS,2026-03-28 23:42:38 UTC
Opuntia polyacantha,Opuntia,Cactaceae,plant flowering begin,6/21/1918,date,first-flowering time,,,,BIEN,https://bien.nceas.ucsb.edu/bien/,3762767,Steven Travers,2026-03-28 23:42:38 UTC
Opuntia polyacantha,Opuntia,Cactaceae,plant flowering begin,7/18/1915,date,first-flowering time,,,,BIEN,https://bien.nceas.ucsb.edu/bien/,3781443,Steven Travers,2026-03-28 23:42:38 UTC
Opuntia polyacantha,Opuntia,Cactaceae,plant flowering begin,6,month,first-flowering time,,,,BIEN,https://bien.nceas.ucsb.edu/bien/,3781442,Steven Travers,2026-03-28 23:42:38 UTC
Opuntia polyacantha,Opuntia,Cactaceae,plant flowering begin,7,month,first-flowering time,,,,BIEN,https://bien.nceas.ucsb.edu/bien/,3783810,Steven Travers,2026-03-28 23:42:38 UTC
Quiabentia verticillata,Quiabentia,Cactaceae,leaf thickness,4.556084,mm,,,,,BIEN,http://datadryad.org/resource/doi:10.5061/dryad.qd19h,3808134,Ogburn RM,2026-03-28 23:42:38 UTC
Quiabentia verticillata,Quiabentia,Cactaceae,leaf thickness,4.475343,mm,,,,,BIEN,http://datadryad.org/resource/doi:10.5061/dryad.qd19h,3808379,Ogburn RM,2026-03-28 23:42:38 UTC
Quiabentia verticillata,Quiabentia,Cactaceae,leaf thickness,4.442491,mm,,,,,BIEN,http://datadryad.org/resource/doi:10.5061/dryad.qd19h,3808385,Ogburn RM,2026-03-28 23:42:38 UTC
Pereskia guamacho,Pereskia,Cactaceae,leaf thickness,1.17311,mm,,,,,BIEN,http://datadryad.org/resource/doi:10.5061/dryad.qd19h,3821320,Ogburn RM,2026-03-28 23:42:38 UTC
Pereskia sacharosa,Pereskia,Cactaceae,leaf thickness,0.805174,mm,,,,,BIEN,http://datadryad.org/resource/doi:10.5061/dryad.qd19h,3811981,Ogburn RM,2026-03-28 23:42:38 UTC
Pereskia aculeata,Pereskia,Cactaceae,leaf thickness,0.47862,mm,,,,,BIEN,http://datadryad.org/resource/doi:10.5061/dryad.qd19h,3816212,Ogburn RM,2026-03-28 23:42:38 UTC
Pereskia aculeata,Pereskia,Cactaceae,leaf thickness,0.52391,mm,,,,,BIEN,http://datadryad.org/resource/doi:10.5061/dryad.qd19h,3816225,Ogburn RM,2026-03-28 23:42:38 UTC
Cereus peruvianus,Cereus,Cactaceae,vessel lumen area,0.00082448,mm2,,,,,BIEN,http://datadryad.org/resource/doi:10.5061/dryad.1138,3816995,Zanne AE,2026-03-28 23:42:38 UTC
Acanthocereus tetragonus,Acanthocereus,Cactaceae,vessel lumen area,0.000611362,mm2,,,,,BIEN,http://datadryad.org/resource/doi:10.5061/dryad.1138,3816996,Zanne AE,2026-03-28 23:42:38 UTC
Cereus peruvianus,Cereus,Cactaceae,vessel number,405,vessels mm-2,,,,,BIEN,http://datadryad.org/resource/doi:10.5061/dryad.1138,3819426,Zanne AE,2026-03-28 23:42:38 UTC
Acanthocereus tetragonus,Acanthocereus,Cactaceae,vessel number,271,vessels mm-2,,,,,BIEN,http://datadryad.org/resource/doi:10.5061/dryad.1138,3819427,Zanne AE,2026-03-28 23:42:38 UTC
Pereskia guamacho,Pereskia,Cactaceae,leaf thickness,1.175302,mm,,,,,BIEN,http://datadryad.org/resource/doi:10.5061/dryad.qd19h,3821306,Ogburn RM,2026-03-28 23:42:38 UTC
Pereskia guamacho,Pereskia,Cactaceae,leaf thickness,1.220841,mm,,,,,BIEN,http://datadryad.org/resource/doi:10.5061/dryad.qd19h,3821313,Ogburn RM,2026-03-28 23:42:38 UTC
Pereskia guamacho,Pereskia,Cactaceae,leaf thickness,1.268644,mm,,,,,BIEN,http://datadryad.org/resource/doi:10.5061/dryad.qd19h,3821327,Ogburn RM,2026-03-28 23:42:38 UTC
Pereskia portulacifolia,Pereskia,Cactaceae,leaf thickness,0.637533,mm,,,,,BIEN,http://datadryad.org/resource/doi:10.5061/dryad.qd19h,3821341,Ogburn RM,2026-03-28 23:42:38 UTC
Pereskia portulacifolia,Pereskia,Cactaceae,leaf thickness,0.564839,mm,,,,,BIEN,http://datadryad.org/resource/doi:10.5061/dryad.qd19h,3821390,Ogburn RM,2026-03-28 23:42:38 UTC
Pereskia portulacifolia,Pereskia,Cactaceae,leaf thickness,0.656719,mm,,,,,BIEN,http://datadryad.org/resource/doi:10.5061/dryad.qd19h,3821397,Ogburn RM,2026-03-28 23:42:38 UTC
Pereskia portulacifolia,Pereskia,Cactaceae,leaf thickness,0.588768,mm,,,,,BIEN,http://datadryad.org/resource/doi:10.5061/dryad.qd19h,3821404,Ogburn RM,2026-03-28 23:42:38 UTC
Pereskia portulacifolia,Pereskia,Cactaceae,leaf thickness,0.729544,mm,,,,,BIEN,http://datadryad.org/resource/doi:10.5061/dryad.qd19h,3821418,Ogburn RM,2026-03-28 23:42:38 UTC
Pereskia sacharosa,Pereskia,Cactaceae,leaf thickness,0.715362,mm,,,,,BIEN,http://datadryad.org/resource/doi:10.5061/dryad.qd19h,3821425,Ogburn RM,2026-03-28 23:42:38 UTC
Pereskia sacharosa,Pereskia,Cactaceae,leaf thickness,0.695811,mm,,,,,BIEN,http://datadryad.org/resource/doi:10.5061/dryad.qd19h,3821432,Ogburn RM,2026-03-28 23:42:38 UTC
Pereskia sacharosa,Pereskia,Cactaceae,leaf thickness,0.743169,mm,,,,,BIEN,http://datadryad.org/resource/doi:10.5061/dryad.qd19h,3821446,Ogburn RM,2026-03-28 23:42:38 UTC
Pereskia sacharosa,Pereskia,Cactaceae,leaf thickness,0.75817,mm,,,,,BIEN,http://datadryad.org/resource/doi:10.5061/dryad.qd19h,3821453,Ogburn RM,2026-03-28 23:42:38 UTC
Pereskia guamacho,Pereskia,Cactaceae,leaf thickness,1.136338,mm,,,,,BIEN,http://datadryad.org/resource/doi:10.5061/dryad.qd19h,3825348,Ogburn RM,2026-03-28 23:42:38 UTC
Pereskia aculeata,Pereskia,Cactaceae,leaf thickness,0.53096,mm,,,,,BIEN,http://datadryad.org/resource/doi:10.5061/dryad.qd19h,3825441,Ogburn RM,2026-03-28 23:42:38 UTC
Neobuxbaumia tetetzo,Neobuxbaumia,Cactaceae,whole plant growth form,columnar succulent,,,,,,BIEN,http://www.sciencedirect.com/science/article/pii/S0140196300907286,3835730,Briones O,2026-03-28 23:42:38 UTC
Lemaireocereus hollianus,Lemaireocereus,Cactaceae,whole plant growth form,columnar succulent,,,,,,BIEN,http://www.sciencedirect.com/science/article/pii/S0140196300907286,3835738,Briones O,2026-03-28 23:42:38 UTC
Rhipsalis baccifera,Rhipsalis,Cactaceae,whole plant growth form,epiphyte,,,,,,BIEN,http://onlinelibrary.wiley.com/doi/10.1111/j.1523-1739.2000.99072.x/abstract,3842480,Galindo-Gonzalez J,2026-03-28 23:42:38 UTC
Ferocactus cylindraceus,Ferocactus,Cactaceae,whole plant growth form,cactus,,,,,,BIEN,http://digitalscholarship.unlv.edu/cgi/viewcontent.cgi?article=1045&context=sls_fac_articles,3843140,Titus JH,2026-03-28 23:42:38 UTC
Opuntia quimilo,Opuntia,Cactaceae,whole plant growth form,tree*,,,,,,BIEN,https://77f6c0c1-a-62cb3a1a-s-sites.googlegroups.com/site/marceloaizen/pdfs_maa/Aizen%26Feinsinger-1994-Ecology.pdf?attachauth=ANoY7cqkB5Hv3UEElA1VxOjBZkf_Y8bii4WOCecEL8YDvz6KgkEAIivIpCVHHl2Oy7AdWLBXnPSc8pmcLU24sBx95P7P7cGymoiQuKUhKegFVjscC8gScN_PQ0YOSLLf7ce530ldtnqOZUisKVkokmE71lwRgV4xYNXC17z5h-at-33zL3wpnIG029PNjjIiwDeRJ4D0gdmlU1vbzyM5dIwdVcmXQ0kB7n3UMVoMiIrfnwalQ8alCDoHGpcD85F9KoUQGoTeiZJG&attredirects=1,3843983,Aizen MA,2026-03-28 23:42:38 UTC
Lepismium lumbricoides,Lepismium,Cactaceae,whole plant growth form,epiphyte,,,,,,BIEN,https://77f6c0c1-a-62cb3a1a-s-sites.googlegroups.com/site/marceloaizen/pdfs_maa/Aizen%26Feinsinger-1994-Ecology.pdf?attachauth=ANoY7cqkB5Hv3UEElA1VxOjBZkf_Y8bii4WOCecEL8YDvz6KgkEAIivIpCVHHl2Oy7AdWLBXnPSc8pmcLU24sBx95P7P7cGymoiQuKUhKegFVjscC8gScN_PQ0YOSLLf7ce530ldtnqOZUisKVkokmE71lwRgV4xYNXC17z5h-at-33zL3wpnIG029PNjjIiwDeRJ4D0gdmlU1vbzyM5dIwdVcmXQ0kB7n3UMVoMiIrfnwalQ8alCDoHGpcD85F9KoUQGoTeiZJG&attredirects=1,3843984,Aizen MA,2026-03-28 23:42:38 UTC
Trichocereus chiloensis,Trichocereus,Cactaceae,whole plant growth form,succulent,,,,,,BIEN,http://download.springer.com.ezproxy1.library.arizona.edu/static/pdf/117/chp%253A10.1007%252F978-1-4612-5896-4_7.pdf?originUrl=http%3A%2F%2Flink.springer.com%2Fchapter%2F10.1007%2F978-1-4612-5896-4_7&token2=exp=1490483410~acl=%2Fstatic%2Fpdf%2F117%2Fchp%25253A10.1007%25252F978-1-4612-5896-4_7.pdf%3ForiginUrl%3Dhttp%253A%252F%252Flink.springer.com%252Fchapter%252F10.1007%252F978-1-4612-5896-4_7*~hmac=f1f5187a8436de9b384521b5057c681a0a3bc76df6d4eb3813fe0bbfac44bf08,3844098,Oechel WC,2026-03-28 23:42:38 UTC
Harrisia adscendens,Harrisia,Cactaceae,whole plant growth form,climber,,,,,,BIEN,https://oup.silverchair-cdn.com/oup/backfile/Content_public/Journal/aob/97/2/10.1093/aob/mcj029/2/mcj029.pdf?Expires=1490832117&Signature=EjJOF21JceCPCaQmp8Cyzz0e4bSS7JI0rv50EQwqdJFt3qGqfVSORcH0Y2E5NT7iLXYGNdBgRxdVozcWZRME2KuS9F-AD5Y6g2psD~i17Kl13AjnTxc~5Yaf28QGWKY3uv8bYrW-8gCzSRJ0WxSDYGY3~JiIIYxyoeYcWrohZnfyQ23Hropej5vdbkNPZem1uUcsYgGzZ5zOpi5YOKPODwvq986RjO~ATe01vRsEQzqkHHOS8x5tRKKokRVOE3chfZrcLAsj~~zPpE4Yz6NXxbnXBCe8rGcizKGfQScIxD5Wg1PIA05F3v5XIylAEmKE94AZboMnRnhdRExEvJ6ZYQ__&Key-Pair-Id=APKAIUCZBIA4LVPAVW3Q,3844126,Machado IC,2026-03-28 23:42:38 UTC
Melocactus bahiensis,Melocactus,Cactaceae,whole plant growth form,herb,,,,,,BIEN,https://oup.silverchair-cdn.com/oup/backfile/Content_public/Journal/aob/97/2/10.1093/aob/mcj029/2/mcj029.pdf?Expires=1490832117&Signature=EjJOF21JceCPCaQmp8Cyzz0e4bSS7JI0rv50EQwqdJFt3qGqfVSORcH0Y2E5NT7iLXYGNdBgRxdVozcWZRME2KuS9F-AD5Y6g2psD~i17Kl13AjnTxc~5Yaf28QGWKY3uv8bYrW-8gCzSRJ0WxSDYGY3~JiIIYxyoeYcWrohZnfyQ23Hropej5vdbkNPZem1uUcsYgGzZ5zOpi5YOKPODwvq986RjO~ATe01vRsEQzqkHHOS8x5tRKKokRVOE3chfZrcLAsj~~zPpE4Yz6NXxbnXBCe8rGcizKGfQScIxD5Wg1PIA05F3v5XIylAEmKE94AZboMnRnhdRExEvJ6ZYQ__&Key-Pair-Id=APKAIUCZBIA4LVPAVW3Q,3844127,Machado IC,2026-03-28 23:42:38 UTC
Melocactus zehntneri,Melocactus,Cactaceae,whole plant growth form,herb,,,,,,BIEN,https://oup.silverchair-cdn.com/oup/backfile/Content_public/Journal/aob/97/2/10.1093/aob/mcj029/2/mcj029.pdf?Expires=1490832117&Signature=EjJOF21JceCPCaQmp8Cyzz0e4bSS7JI0rv50EQwqdJFt3qGqfVSORcH0Y2E5NT7iLXYGNdBgRxdVozcWZRME2KuS9F-AD5Y6g2psD~i17Kl13AjnTxc~5Yaf28QGWKY3uv8bYrW-8gCzSRJ0WxSDYGY3~JiIIYxyoeYcWrohZnfyQ23Hropej5vdbkNPZem1uUcsYgGzZ5zOpi5YOKPODwvq986RjO~ATe01vRsEQzqkHHOS8x5tRKKokRVOE3chfZrcLAsj~~zPpE4Yz6NXxbnXBCe8rGcizKGfQScIxD5Wg1PIA05F3v5XIylAEmKE94AZboMnRnhdRExEvJ6ZYQ__&Key-Pair-Id=APKAIUCZBIA4LVPAVW3Q,3844128,Machado IC,2026-03-28 23:42:38 UTC
Opuntia inamoena,Opuntia,Cactaceae,whole plant growth form,shrub,,,,,,BIEN,https://oup.silverchair-cdn.com/oup/backfile/Content_public/Journal/aob/97/2/10.1093/aob/mcj029/2/mcj029.pdf?Expires=1490832117&Signature=EjJOF21JceCPCaQmp8Cyzz0e4bSS7JI0rv50EQwqdJFt3qGqfVSORcH0Y2E5NT7iLXYGNdBgRxdVozcWZRME2KuS9F-AD5Y6g2psD~i17Kl13AjnTxc~5Yaf28QGWKY3uv8bYrW-8gCzSRJ0WxSDYGY3~JiIIYxyoeYcWrohZnfyQ23Hropej5vdbkNPZem1uUcsYgGzZ5zOpi5YOKPODwvq986RjO~ATe01vRsEQzqkHHOS8x5tRKKokRVOE3chfZrcLAsj~~zPpE4Yz6NXxbnXBCe8rGcizKGfQScIxD5Wg1PIA05F3v5XIylAEmKE94AZboMnRnhdRExEvJ6ZYQ__&Key-Pair-Id=APKAIUCZBIA4LVPAVW3Q,3844129,Machado IC,2026-03-28 23:42:38 UTC
Opuntia palmadora,Opuntia,Cactaceae,whole plant growth form,shrub,,,,,,BIEN,https://oup.silverchair-cdn.com/oup/backfile/Content_public/Journal/aob/97/2/10.1093/aob/mcj029/2/mcj029.pdf?Expires=1490832117&Signature=EjJOF21JceCPCaQmp8Cyzz0e4bSS7JI0rv50EQwqdJFt3qGqfVSORcH0Y2E5NT7iLXYGNdBgRxdVozcWZRME2KuS9F-AD5Y6g2psD~i17Kl13AjnTxc~5Yaf28QGWKY3uv8bYrW-8gCzSRJ0WxSDYGY3~JiIIYxyoeYcWrohZnfyQ23Hropej5vdbkNPZem1uUcsYgGzZ5zOpi5YOKPODwvq986RjO~ATe01vRsEQzqkHHOS8x5tRKKokRVOE3chfZrcLAsj~~zPpE4Yz6NXxbnXBCe8rGcizKGfQScIxD5Wg1PIA05F3v5XIylAEmKE94AZboMnRnhdRExEvJ6ZYQ__&Key-Pair-Id=APKAIUCZBIA4LVPAVW3Q,3844130,Machado IC,2026-03-28 23:42:38 UTC
Pilosocereus catingicola,Pilosocereus,Cactaceae,whole plant growth form,tree,,,,,,BIEN,https://oup.silverchair-cdn.com/oup/backfile/Content_public/Journal/aob/97/2/10.1093/aob/mcj029/2/mcj029.pdf?Expires=1490832117&Signature=EjJOF21JceCPCaQmp8Cyzz0e4bSS7JI0rv50EQwqdJFt3qGqfVSORcH0Y2E5NT7iLXYGNdBgRxdVozcWZRME2KuS9F-AD5Y6g2psD~i17Kl13AjnTxc~5Yaf28QGWKY3uv8bYrW-8gCzSRJ0WxSDYGY3~JiIIYxyoeYcWrohZnfyQ23Hropej5vdbkNPZem1uUcsYgGzZ5zOpi5YOKPODwvq986RjO~ATe01vRsEQzqkHHOS8x5tRKKokRVOE3chfZrcLAsj~~zPpE4Yz6NXxbnXBCe8rGcizKGfQScIxD5Wg1PIA05F3v5XIylAEmKE94AZboMnRnhdRExEvJ6ZYQ__&Key-Pair-Id=APKAIUCZBIA4LVPAVW3Q,3844132,Machado IC,2026-03-28 23:42:38 UTC
Pilosocereus chrysostele,Pilosocereus,Cactaceae,whole plant growth form,tree,,,,,,BIEN,https://oup.silverchair-cdn.com/oup/backfile/Content_public/Journal/aob/97/2/10.1093/aob/mcj029/2/mcj029.pdf?Expires=1490832117&Signature=EjJOF21JceCPCaQmp8Cyzz0e4bSS7JI0rv50EQwqdJFt3qGqfVSORcH0Y2E5NT7iLXYGNdBgRxdVozcWZRME2KuS9F-AD5Y6g2psD~i17Kl13AjnTxc~5Yaf28QGWKY3uv8bYrW-8gCzSRJ0WxSDYGY3~JiIIYxyoeYcWrohZnfyQ23Hropej5vdbkNPZem1uUcsYgGzZ5zOpi5YOKPODwvq986RjO~ATe01vRsEQzqkHHOS8x5tRKKokRVOE3chfZrcLAsj~~zPpE4Yz6NXxbnXBCe8rGcizKGfQScIxD5Wg1PIA05F3v5XIylAEmKE94AZboMnRnhdRExEvJ6ZYQ__&Key-Pair-Id=APKAIUCZBIA4LVPAVW3Q,3844134,Machado IC,2026-03-28 23:42:38 UTC
Pilosocereus gounellei,Pilosocereus,Cactaceae,whole plant growth form,shrub,,,,,,BIEN,https://oup.silverchair-cdn.com/oup/backfile/Content_public/Journal/aob/97/2/10.1093/aob/mcj029/2/mcj029.pdf?Expires=1490832117&Signature=EjJOF21JceCPCaQmp8Cyzz0e4bSS7JI0rv50EQwqdJFt3qGqfVSORcH0Y2E5NT7iLXYGNdBgRxdVozcWZRME2KuS9F-AD5Y6g2psD~i17Kl13AjnTxc~5Yaf28QGWKY3uv8bYrW-8gCzSRJ0WxSDYGY3~JiIIYxyoeYcWrohZnfyQ23Hropej5vdbkNPZem1uUcsYgGzZ5zOpi5YOKPODwvq986RjO~ATe01vRsEQzqkHHOS8x5tRKKokRVOE3chfZrcLAsj~~zPpE4Yz6NXxbnXBCe8rGcizKGfQScIxD5Wg1PIA05F3v5XIylAEmKE94AZboMnRnhdRExEvJ6ZYQ__&Key-Pair-Id=APKAIUCZBIA4LVPAVW3Q,3844135,Machado IC,2026-03-28 23:42:38 UTC
Pilosocereus pachycladus,Pilosocereus,Cactaceae,whole plant growth form,tree,,,,,,BIEN,https://oup.silverchair-cdn.com/oup/backfile/Content_public/Journal/aob/97/2/10.1093/aob/mcj029/2/mcj029.pdf?Expires=1490832117&Signature=EjJOF21JceCPCaQmp8Cyzz0e4bSS7JI0rv50EQwqdJFt3qGqfVSORcH0Y2E5NT7iLXYGNdBgRxdVozcWZRME2KuS9F-AD5Y6g2psD~i17Kl13AjnTxc~5Yaf28QGWKY3uv8bYrW-8gCzSRJ0WxSDYGY3~JiIIYxyoeYcWrohZnfyQ23Hropej5vdbkNPZem1uUcsYgGzZ5zOpi5YOKPODwvq986RjO~ATe01vRsEQzqkHHOS8x5tRKKokRVOE3chfZrcLAsj~~zPpE4Yz6NXxbnXBCe8rGcizKGfQScIxD5Wg1PIA05F3v5XIylAEmKE94AZboMnRnhdRExEvJ6ZYQ__&Key-Pair-Id=APKAIUCZBIA4LVPAVW3Q,3844136,Machado IC,2026-03-28 23:42:38 UTC
Pilosocereus tuberculatus,Pilosocereus,Cactaceae,whole plant growth form,tree,,,,,,BIEN,https://oup.silverchair-cdn.com/oup/backfile/Content_public/Journal/aob/97/2/10.1093/aob/mcj029/2/mcj029.pdf?Expires=1490832117&Signature=EjJOF21JceCPCaQmp8Cyzz0e4bSS7JI0rv50EQwqdJFt3qGqfVSORcH0Y2E5NT7iLXYGNdBgRxdVozcWZRME2KuS9F-AD5Y6g2psD~i17Kl13AjnTxc~5Yaf28QGWKY3uv8bYrW-8gCzSRJ0WxSDYGY3~JiIIYxyoeYcWrohZnfyQ23Hropej5vdbkNPZem1uUcsYgGzZ5zOpi5YOKPODwvq986RjO~ATe01vRsEQzqkHHOS8x5tRKKokRVOE3chfZrcLAsj~~zPpE4Yz6NXxbnXBCe8rGcizKGfQScIxD5Wg1PIA05F3v5XIylAEmKE94AZboMnRnhdRExEvJ6ZYQ__&Key-Pair-Id=APKAIUCZBIA4LVPAVW3Q,3844137,Machado IC,2026-03-28 23:42:38 UTC
Echinocereus fendleri,Echinocereus,Cactaceae,whole plant growth form,shrub,,,,,,BIEN,http://www.jstor.org.ezproxy4.library.arizona.edu/stable/pdf/40021924.pdf,3845268,Whittaker RH,2026-03-28 23:42:38 UTC
Ferocactus wislizeni,Ferocactus,Cactaceae,whole plant growth form,shrub,,,,,,BIEN,http://www.jstor.org.ezproxy4.library.arizona.edu/stable/pdf/40021924.pdf,3845283,Whittaker RH,2026-03-28 23:42:38 UTC
Echinocereus coccineus,Echinocereus,Cactaceae,whole plant growth form,shrub,,,,,,BIEN,http://www.jstor.org.ezproxy4.library.arizona.edu/stable/pdf/40021924.pdf,3845332,Whittaker RH,2026-03-28 23:42:38 UTC
Mammillaria macdougalii,Mammillaria,Cactaceae,whole plant growth form,shrub,,,,,,BIEN,http://www.jstor.org.ezproxy4.library.arizona.edu/stable/pdf/40021924.pdf,3845333,Whittaker RH,2026-03-28 23:42:38 UTC
Mammillaria grahamii,Mammillaria,Cactaceae,whole plant growth form,shrub,,,,,,BIEN,http://www.jstor.org.ezproxy4.library.arizona.edu/stable/pdf/40021924.pdf,3845334,Whittaker RH,2026-03-28 23:42:38 UTC
Mammillaria wrightii,Mammillaria,Cactaceae,whole plant growth form,shrub,,,,,,BIEN,http://www.jstor.org.ezproxy4.library.arizona.edu/stable/pdf/40021924.pdf,3845335,Whittaker RH,2026-03-28 23:42:38 UTC
Cylindropuntia bigelovii,Cylindropuntia,Cactaceae,whole plant growth form,shrub,,,,,,BIEN,http://www.jstor.org.ezproxy4.library.arizona.edu/stable/pdf/40021924.pdf,3845354,Whittaker RH,2026-03-28 23:42:38 UTC
Cylindropuntia fulgida,Cylindropuntia,Cactaceae,whole plant growth form,shrub,,,,,,BIEN,http://www.jstor.org.ezproxy4.library.arizona.edu/stable/pdf/40021924.pdf,3845355,Whittaker RH,2026-03-28 23:42:38 UTC
Opuntia laevis,Opuntia,Cactaceae,whole plant growth form,shrub,,,,,,BIEN,http://www.jstor.org.ezproxy4.library.arizona.edu/stable/pdf/40021924.pdf,3845356,Whittaker RH,2026-03-28 23:42:38 UTC
Rhipsalis baccifera,Rhipsalis,Cactaceae,whole plant growth form,epiphyte,,,,,,BIEN,https://www.researchgate.net/profile/Ruth_Sherman/publication/227536680_Forty_Years_of_Tropical_Forest_Recovery_from_Agriculture_Structure_and_Floristics_of_Secondary_and_Old-growth_Riparian_Forests_in_the_Dominican_Republic/links/00463524ebe76881c6000000.pdf,3846050,Sherman RE,2026-03-28 23:42:38 UTC
Copiapoa cinerea,Copiapoa,Cactaceae,whole plant growth form,succulent,,,,,,BIEN,http://ac.els-cdn.com/S0367253017318881/1-s2.0-S0367253017318881-main.pdf?_tid=23ff1c4e-1c7c-11e7-bcaa-00000aacb361&acdnat=1491670696_84f2270941605b0d20d96176a7e8b4a2,3846294,Rundel PW,2026-03-28 23:42:38 UTC
Eriosyce taltalensis,Eriosyce,Cactaceae,whole plant growth form,succulent,,,,,,BIEN,http://ac.els-cdn.com/S0367253017318881/1-s2.0-S0367253017318881-main.pdf?_tid=23ff1c4e-1c7c-11e7-bcaa-00000aacb361&acdnat=1491670696_84f2270941605b0d20d96176a7e8b4a2,3846315,Rundel PW,2026-03-28 23:42:38 UTC
Copiapoa humilis,Copiapoa,Cactaceae,whole plant growth form,succulent,,,,,,BIEN,http://ac.els-cdn.com/S0367253017318881/1-s2.0-S0367253017318881-main.pdf?_tid=23ff1c4e-1c7c-11e7-bcaa-00000aacb361&acdnat=1491670696_84f2270941605b0d20d96176a7e8b4a2,3846316,Rundel PW,2026-03-28 23:42:38 UTC
Eulychnia iquiquensis,Eulychnia,Cactaceae,whole plant growth form,succulent,,,,,,BIEN,http://ac.els-cdn.com/S0367253017318881/1-s2.0-S0367253017318881-main.pdf?_tid=23ff1c4e-1c7c-11e7-bcaa-00000aacb361&acdnat=1491670696_84f2270941605b0d20d96176a7e8b4a2,3846318,Rundel PW,2026-03-28 23:42:38 UTC
Trichocereus coquimbanus,Trichocereus,Cactaceae,whole plant growth form,succulent,,,,,,BIEN,http://ac.els-cdn.com/S0367253017318881/1-s2.0-S0367253017318881-main.pdf?_tid=23ff1c4e-1c7c-11e7-bcaa-00000aacb361&acdnat=1491670696_84f2270941605b0d20d96176a7e8b4a2,3846324,Rundel PW,2026-03-28 23:42:38 UTC
Copiapoa cinerea,Copiapoa,Cactaceae,whole plant growth form,succulent,,,,,,BIEN,http://ac.els-cdn.com/S0367253017318881/1-s2.0-S0367253017318881-main.pdf?_tid=23ff1c4e-1c7c-11e7-bcaa-00000aacb361&acdnat=1491670696_84f2270941605b0d20d96176a7e8b4a2,3846340,Rundel PW,2026-03-28 23:42:38 UTC
Opuntia atropes,Opuntia,Cactaceae,whole plant growth form,tree,,,,,,BIEN,https://www.researchgate.net/profile/Guillermo_Ibarra-Manriquez/publication/257197702_Fruiting_phenology_of_seed_dispersal_syndromes_in_a_Mexican_Neotropical_temperate_forest/links/5665c34e08ae418a786f266d.pdf,3846694,Cortés-Flores F,2026-03-28 23:42:38 UTC
Trichocereus chiloensis,Trichocereus,Cactaceae,whole plant growth form,shrub,,,,,,BIEN,http://www.scielo.cl/pdf/rchnat/v74n2/art21.pdf,3847126,Jaksic FM,2026-03-28 23:42:38 UTC
Cereus jamacaru,Cereus,Cactaceae,whole plant growth form,shrub*,,,,,,BIEN,http://www.abcjournal.org/index.php/ABC/article/viewFile/322/268,3847159,Henderson L,2026-03-28 23:42:38 UTC
Opuntia robusta,Opuntia,Cactaceae,whole plant growth form,tree*,,,,,,BIEN,http://www.abcjournal.org/index.php/ABC/article/viewFile/322/268,3847165,Henderson L,2026-03-28 23:42:38 UTC
Pereskia aculeata,Pereskia,Cactaceae,whole plant growth form,shrub,,,,,,BIEN,http://www.abcjournal.org/index.php/ABC/article/viewFile/322/268,3847170,Henderson L,2026-03-28 23:42:38 UTC
Pereskia aculeata,Pereskia,Cactaceae,whole plant growth form,climber,,,,,,BIEN,http://www.abcjournal.org/index.php/ABC/article/viewFile/322/268,3847171,Henderson L,2026-03-28 23:42:38 UTC
Opuntia atacamensis,Opuntia,Cactaceae,whole plant growth form,cushion plant,,,,,,BIEN,https://www.researchgate.net/profile/Paul_Ramsay/publication/226151408_The_Growth_Form_Composition_of_Plant_Communities_in_the_Ecuadorian_Paramos/links/0deec523b84378aed3000000/The-Growth-Form-Composition-of-Plant-Communities-in-the-Ecuadorian-Paramos.pdf,3847198,Ramsay PM,2026-03-28 23:42:38 UTC
Hylocereus scandens,Hylocereus,Cactaceae,whole plant growth form,shrub,,,,,,BIEN,http://onlinelibrary.wiley.com.ezproxy4.library.arizona.edu/doi/10.2307/3237050/epdf,3848709,Sarthou C,2026-03-28 23:42:38 UTC
Opuntia aurantiaca,Opuntia,Cactaceae,whole plant growth form,shrub,,,,,,BIEN,http://www.sciencedirect.com.ezproxy4.library.arizona.edu/science/article/pii/S0378874114001366,3848992,Afolayan AJ,2026-03-28 23:42:38 UTC
Epiphyllum oxypetalum,Epiphyllum,Cactaceae,whole plant growth form,shrub,,,,,,BIEN,http://edepot.wur.nl/411238,3849045,Lemmens RHMJ,2026-03-28 23:42:38 UTC
Opuntia dillenii,Opuntia,Cactaceae,whole plant growth form,herb*,,,,,,BIEN,https://hub.hku.hk/bitstream/10722/44716/1/67814.pdf?accept=1,3849408,Ng SC,2026-03-28 23:42:38 UTC
Opuntia elatior,Opuntia,Cactaceae,whole plant growth form,cactus,,,,,,BIEN,http://www.environment.gov.au/system/files/resources/4c26f0e5-a03c-4154-8be6-978d552cfadd/files/potential.pdf,3849745,Csurhes S,2026-03-28 23:42:38 UTC
Melocactus paucispinus,Melocactus,Cactaceae,whole plant growth form,cactus,,,,,,BIEN,https://books.google.com/books?hl=en&lr=&id=_4QtSswoFCUC&oi=fnd&pg=PA121&dq=%22growth+habit%22+shrub+herb+australia+list&ots=Ry8ALZehYW&sig=tkFc5_7fBNeNs-W57DRzHxVkPK0,3849853,Filgueiras TS,2026-03-28 23:42:38 UTC
Pilosocereus pachycladus,Pilosocereus,Cactaceae,whole plant growth form,cactus,,,,,,BIEN,https://books.google.com/books?hl=en&lr=&id=_4QtSswoFCUC&oi=fnd&pg=PA121&dq=%22growth+habit%22+shrub+herb+australia+list&ots=Ry8ALZehYW&sig=tkFc5_7fBNeNs-W57DRzHxVkPK0,3849854,Filgueiras TS,2026-03-28 23:42:38 UTC
Opuntia monacantha,Opuntia,Cactaceae,whole plant growth form,succulent,,,,,,BIEN,https://www.researchgate.net/profile/Bo_Li20/publication/225686365_Weber_E_Sun_SG_Li_B_Invasive_alien_plants_in_China_diversity_and_ecological_insights_Biol_Invasions_10_1411-1429/links/544633740cf2f14fb80f2893/Weber-E-Sun-SG-Li-B-Invasive-alien-plants-in-China-diversity-and-ecological-insights-Biol-Invasions-10-1411-1429.pdf,3850082,Weber E,2026-03-28 23:42:38 UTC
Pereskia aculeata,Pereskia,Cactaceae,whole plant growth form,cactus,,,,,,BIEN,http://hbs.bishopmuseum.org/pubs-online/pdf/op113p65-74.pdf,3850242,Parker JL,2026-03-28 23:42:38 UTC
Neobuxbaumia tetetzo,Neobuxbaumia,Cactaceae,whole plant growth form,cactus*,,,,,,BIEN,http://www.sciencedirect.com.ezproxy1.library.arizona.edu/science/article/pii/S1002007107000202,3850490,Ren H,2026-03-28 23:42:38 UTC
Echinopsis spachiana,Echinopsis,Cactaceae,whole plant growth form,shrub,,,,,,BIEN,http://nopr.niscair.res.in/bitstream/123456789/29516/1/IJTK%2013(4)%20665-672.pdf,3850645,Maroyi A,2026-03-28 23:42:38 UTC
Pereskia bleo,Pereskia,Cactaceae,whole plant growth form,tree,,,,,,BIEN,https://www.ajol.info/index.php/just/article/download/33112/37301,3850735,Anning AK,2026-03-28 23:42:38 UTC
Denmoza rhodacantha,Denmoza,Cactaceae,whole plant growth form,cactus,,,,,,BIEN,http://www.tandfonline.com/doi/pdf/10.1080/00288250709509700,3850885,Bannister P,2026-03-28 23:42:38 UTC
Eriosyce aurata,Eriosyce,Cactaceae,whole plant growth form,cactus,,,,,,BIEN,http://www.tandfonline.com/doi/pdf/10.1080/00288250709509700,3850886,Bannister P,2026-03-28 23:42:38 UTC
Trichocereus chiloensis,Trichocereus,Cactaceae,whole plant growth form,cactus,,,,,,BIEN,http://www.tandfonline.com/doi/pdf/10.1080/00288250709509700,3850887,Bannister P,2026-03-28 23:42:38 UTC
Trichocereus candicans,Trichocereus,Cactaceae,whole plant growth form,cactus,,,,,,BIEN,http://www.tandfonline.com/doi/pdf/10.1080/00288250709509700,3850888,Bannister P,2026-03-28 23:42:38 UTC
Carnegiea gigantea,Carnegiea,Cactaceae,whole plant growth form,cactus,,,,,,BIEN,http://www.jstor.org.ezproxy1.library.arizona.edu/stable/pdf/2424164.pdf,3850986,Halvorson WL,2026-03-28 23:42:38 UTC
Ferocactus cylindraceus,Ferocactus,Cactaceae,whole plant growth form,cactus,,,,,,BIEN,http://www.jstor.org.ezproxy1.library.arizona.edu/stable/pdf/2424164.pdf,3850996,Halvorson WL,2026-03-28 23:42:38 UTC
Mammillaria grahamii,Mammillaria,Cactaceae,whole plant growth form,cactus,,,,,,BIEN,http://www.jstor.org.ezproxy1.library.arizona.edu/stable/pdf/2424164.pdf,3851073,Halvorson WL,2026-03-28 23:42:38 UTC
Cylindropuntia bigelovii,Cylindropuntia,Cactaceae,whole plant growth form,cactus,,,,,,BIEN,http://www.jstor.org.ezproxy1.library.arizona.edu/stable/pdf/2424164.pdf,3851071,Halvorson WL,2026-03-28 23:42:38 UTC
Opuntia engelmannii,Opuntia,Cactaceae,whole plant growth form,cactus,,,,,,BIEN,http://www.jstor.org.ezproxy1.library.arizona.edu/stable/pdf/2424164.pdf,3851072,Halvorson WL,2026-03-28 23:42:38 UTC
Pereskia sacharosa,Pereskia,Cactaceae,whole plant growth form,shrub,,,,,,BIEN,https://www.researchgate.net/profile/Evert_Thomas/publication/225149166_Plant_use_and_management_in_homegardens_and_swiddens_Evidence_from_the_Bolivian_Amazon/links/00b4951b9e4ece3ddd000000/Plant-use-and-management-in-homegardens-and-swiddens-Evidence-from-the-Bolivian-Amazon.pdf,3851173,Thomas E,2026-03-28 23:42:38 UTC
Opuntia ficus-indica,Opuntia,Cactaceae,whole plant growth form,succulent*,,,,,,BIEN,http://www.worldagroforestry.org/downloads/Publications/PDFS/B10462.pdf,3852692,Bein E,2026-03-28 23:42:38 UTC
Pachycereus schottii,Pachycereus,Cactaceae,whole plant growth form,columnar succulent,,,,,,BIEN,http://download.springer.com.ezproxy4.library.arizona.edu/static/pdf/168/bok%253A978-3-662-02899-5.pdf?originUrl=http%3A%2F%2Flink.springer.com%2Fbook%2F10.1007%2F978-3-662-02899-5&token2=exp=1495932401~acl=%2Fstatic%2Fpdf%2F168%2Fbok%25253A978-3-662-02899-5.pdf%3ForiginUrl%3Dhttp%253A%252F%252Flink.springer.com%252Fbook%252F10.1007%252F978-3-662-02899-5*~hmac=db81937ed1b4096055069508e073a367cf56180144897a3e2da3987865745d40,3852727,Townsend CC,2026-03-28 23:42:38 UTC
Arrojadoa dinae,Arrojadoa,Cactaceae,whole plant growth form,shrub,,,,,,BIEN,http://download.springer.com.ezproxy4.library.arizona.edu/static/pdf/168/bok%253A978-3-662-02899-5.pdf?originUrl=http%3A%2F%2Flink.springer.com%2Fbook%2F10.1007%2F978-3-662-02899-5&token2=exp=1495932401~acl=%2Fstatic%2Fpdf%2F168%2Fbok%25253A978-3-662-02899-5.pdf%3ForiginUrl%3Dhttp%253A%252F%252Flink.springer.com%252Fbook%252F10.1007%252F978-3-662-02899-5*~hmac=db81937ed1b4096055069508e073a367cf56180144897a3e2da3987865745d40,3852728,Townsend CC,2026-03-28 23:42:38 UTC
Stenocactus coptonogonus,Stenocactus,Cactaceae,whole plant growth form,cactus,,,,,,BIEN,http://download.springer.com.ezproxy4.library.arizona.edu/static/pdf/168/bok%253A978-3-662-02899-5.pdf?originUrl=http%3A%2F%2Flink.springer.com%2Fbook%2F10.1007%2F978-3-662-02899-5&token2=exp=1495932401~acl=%2Fstatic%2Fpdf%2F168%2Fbok%25253A978-3-662-02899-5.pdf%3ForiginUrl%3Dhttp%253A%252F%252Flink.springer.com%252Fbook%252F10.1007%252F978-3-662-02899-5*~hmac=db81937ed1b4096055069508e073a367cf56180144897a3e2da3987865745d40,3852729,Townsend CC,2026-03-28 23:42:38 UTC
Cereus hexagonus,Cereus,Cactaceae,whole plant growth form,tree,,,,,,BIEN,https://bien.nceas.ucsb.edu/bien/,3852925,Sanaiotti TM,2026-03-28 23:42:38 UTC
Pereskia aculeata,Pereskia,Cactaceae,whole plant growth form,vine,,,,,,BIEN,"http://intertest.dwaf.gov.za/wfw/docs/vanWilgenetal.,2008.pdf",3855241,van Wilgen BW,2026-03-28 23:42:38 UTC
Acanthocereus tetragonus,Acanthocereus,Cactaceae,whole plant growth form,herb,,,,,,BIEN,https://bien.nceas.ucsb.edu/bien/,3855453,Narasimhan D,2026-03-28 23:42:38 UTC
Opuntia stricta,Opuntia,Cactaceae,whole plant growth form,shrub,,,,,,BIEN,https://bien.nceas.ucsb.edu/bien/,3855466,Narasimhan D,2026-03-28 23:42:38 UTC
Opuntia monacantha,Opuntia,Cactaceae,whole plant growth form,succulent,,,,,,BIEN,http://ac.els-cdn.com/S0254629914001124/1-s2.0-S0254629914001124-main.pdf?_tid=1e348c5a-545c-11e7-94b8-00000aacb360&acdnat=1497814208_7876d563e5d483d20d57f33a74331cd0,3857762,Baard JA,2026-03-28 23:42:38 UTC
Opuntia dillenii,Opuntia,Cactaceae,whole plant growth form,herb*,,,,,,BIEN,https://www.researchgate.net/profile/Latif_Ahmad4/publication/282126624_Ethnopharmacological_documentation_of_medicinal_plants_used_for_hypertension_among_the_local_communities_of_DIR_Lower_Pakistan/links/5612698908ae4833751c3737/Ethnopharmacological-documentation-of-medicinal-plants-used-for-hypertension-among-the-local-communities-of-DIR-Lower-Pakistan.pdf,3857778,Ahmad L,2026-03-28 23:42:38 UTC
Opuntia ficus-indica,Opuntia,Cactaceae,whole plant growth form,tree*,,,,,,BIEN,https://www.researchgate.net/profile/Candice_Roux/publication/29806407_Feeding_ecology_space_use_and_habitat_selection_of_elephants_in_two_enclosed_game_reserves_in_the_Eastern_Cape_Province_South_Africa/links/546ca11d0cf2a3ccd7159a2f.pdf,3858222,Roux C,2026-03-28 23:42:38 UTC
Opuntia coccinellifera,Opuntia,Cactaceae,whole plant growth form,shrub,,,,,,BIEN,https://bien.nceas.ucsb.edu/bien/,3858282,Naidu KV,2026-03-28 23:42:38 UTC
Cereus hexagonus,Cereus,Cactaceae,whole plant growth form,shrub*,,,,,,BIEN,https://bien.nceas.ucsb.edu/bien/,3858269,Naidu KV,2026-03-28 23:42:38 UTC
Opuntia elatior,Opuntia,Cactaceae,whole plant growth form,shrub,,,,,,BIEN,https://bien.nceas.ucsb.edu/bien/,3858297,Naidu KV,2026-03-28 23:42:38 UTC
Pereskia guamacho,Pereskia,Cactaceae,whole plant growth form,tree,,,,,,BIEN,https://www.nature.com/nature/journal/v428/n6985/abs/nature02403.html,3860957,Wright IJ,2026-03-28 23:42:38 UTC
Opuntia monacantha,Opuntia,Cactaceae,whole plant growth form,shrub,,,,,,BIEN,http://downloads.hindawi.com/journals/bmri/2015/892947.pdf,3861030,Tariq A,2026-03-28 23:42:38 UTC
Selenicereus testudo,Selenicereus,Cactaceae,whole plant growth form,epiphyte,,,,,,BIEN,https://www.researchgate.net/profile/Guillermo_Ibarra-Manriquez/publication/257220575_Corrections/links/5489f0110cf2d1800d7aa5a0.pdf,3861392,Ibarra-Manriquez G,2026-03-28 23:42:38 UTC
Cereus albicaulis,Cereus,Cactaceae,whole plant growth form,shrub,,,,,,BIEN,http://www.scielo.br/pdf/rod/v62n2/2175-7860-rod-62-02-0341.pdf,3862199,Araujo FSD,2026-03-28 23:42:38 UTC
Maihuenia patagonica,Maihuenia,Cactaceae,whole plant growth form,herb,,,,,,BIEN,https://pdfs.semanticscholar.org/557e/fb423edfc06f344719dde6b7f73dc7d51903.pdf,3862473,Fontenla S,2026-03-28 23:42:38 UTC
Opuntia ficus-indica,Opuntia,Cactaceae,whole plant growth form,shrub,,,,,,BIEN,http://s3.amazonaws.com/academia.edu.documents/45412634/The_use_of_indigenous_plant_species_for_20160506-77537-1f0fx7x.pdf?AWSAccessKeyId=AKIAIWOWYYGZ2Y53UL3A&Expires=1498333201&Signature=64ucWh9Xd%2BJZZAl0Y87T3kDArTE%3D&response-content-disposition=inline%3B%20filename%3DThe_use_of_indigenous_plant_species_for.pdf,3862769,Megersa M,2026-03-28 23:42:38 UTC
Hylocereus undatus,Hylocereus,Cactaceae,whole plant growth form,succulent,,,,,,BIEN,http://stoppinginvasives.com/dotAsset/bf62d955-67c3-4d09-b961-1bc56149c3c1.pdf,3862962,Morton JF,2026-03-28 23:42:38 UTC
Opuntia ficus-indica,Opuntia,Cactaceae,whole plant growth form,succulent*,,,,,,BIEN,http://stoppinginvasives.com/dotAsset/bf62d955-67c3-4d09-b961-1bc56149c3c1.pdf,3862963,Morton JF,2026-03-28 23:42:38 UTC
Pereskia aculeata,Pereskia,Cactaceae,whole plant growth form,succulent,,,,,,BIEN,http://stoppinginvasives.com/dotAsset/bf62d955-67c3-4d09-b961-1bc56149c3c1.pdf,3862965,Morton JF,2026-03-28 23:42:38 UTC
Selenicereus coniflorus,Selenicereus,Cactaceae,whole plant growth form,succulent,,,,,,BIEN,http://stoppinginvasives.com/dotAsset/bf62d955-67c3-4d09-b961-1bc56149c3c1.pdf,3862969,Morton JF,2026-03-28 23:42:38 UTC
Selenicereus pteranthus,Selenicereus,Cactaceae,whole plant growth form,succulent*,,,,,,BIEN,http://stoppinginvasives.com/dotAsset/bf62d955-67c3-4d09-b961-1bc56149c3c1.pdf,3862972,Morton JF,2026-03-28 23:42:38 UTC
Echinocactus horizonthalonius,Echinocactus,Cactaceae,seed mass,7.11,mg,data compilation; average of 1000 seeds,,,,BIEN,http://www.kew.org/data/sid ,3864766,"Liu, K., Eastwood, R.J., Flynn, S., Turner, R.M., and Stuppy, W.H.",2026-03-28 23:42:38 UTC
Echinocactus platyacanthus,Echinocactus,Cactaceae,whole plant woodiness,woody,,,,,,BIEN,http://datadryad.org/resource/doi:10.5061/dryad.63q27.2,3864817,Zanne AE,2026-03-28 23:42:38 UTC
Echinocereus pentalophus,Echinocereus,Cactaceae,whole plant woodiness,woody,,,,,,BIEN,http://datadryad.org/resource/doi:10.5061/dryad.63q27.2,3864818,Zanne AE,2026-03-28 23:42:38 UTC
Epiphyllum phyllanthus,Epiphyllum,Cactaceae,whole plant woodiness,woody,,,,,,BIEN,http://datadryad.org/resource/doi:10.5061/dryad.63q27.2,3866100,Zanne AE,2026-03-28 23:42:38 UTC
Eriosyce aurata,Eriosyce,Cactaceae,whole plant woodiness,woody,,,,,,BIEN,http://datadryad.org/resource/doi:10.5061/dryad.63q27.2,3867063,Zanne AE,2026-03-28 23:42:38 UTC
Eriosyce islayensis,Eriosyce,Cactaceae,whole plant woodiness,woody,,,,,,BIEN,http://datadryad.org/resource/doi:10.5061/dryad.63q27.2,3867064,Zanne AE,2026-03-28 23:42:38 UTC
Eriosyce napina,Eriosyce,Cactaceae,whole plant woodiness,woody,,,,,,BIEN,http://datadryad.org/resource/doi:10.5061/dryad.63q27.2,3867066,Zanne AE,2026-03-28 23:42:38 UTC
Eriosyce subgibbosa,Eriosyce,Cactaceae,whole plant woodiness,woody,,,,,,BIEN,http://datadryad.org/resource/doi:10.5061/dryad.63q27.2,3867067,Zanne AE,2026-03-28 23:42:38 UTC
Escontria chiotilla,Escontria,Cactaceae,whole plant woodiness,woody,,,,,,BIEN,http://datadryad.org/resource/doi:10.5061/dryad.63q27.2,3867642,Zanne AE,2026-03-28 23:42:38 UTC
Eulychnia iquiquensis,Eulychnia,Cactaceae,whole plant woodiness,woody,,,,,,BIEN,http://datadryad.org/resource/doi:10.5061/dryad.63q27.2,3869573,Zanne AE,2026-03-28 23:42:38 UTC
Frailea gracillima,Frailea,Cactaceae,whole plant woodiness,woody,,,,,,BIEN,http://datadryad.org/resource/doi:10.5061/dryad.63q27.2,3873459,Zanne AE,2026-03-28 23:42:38 UTC
Frailea phaeodisca,Frailea,Cactaceae,whole plant woodiness,woody,,,,,,BIEN,http://datadryad.org/resource/doi:10.5061/dryad.63q27.2,3873460,Zanne AE,2026-03-28 23:42:38 UTC
Gymnocalycium monvillei,Gymnocalycium,Cactaceae,whole plant vegetative phenology,evergreen,,,,,,BIEN,http://datadryad.org/resource/doi:10.5061/dryad.63q27.2,3876816,Zanne AE,2026-03-28 23:42:38 UTC
Harrisia pomanensis,Harrisia,Cactaceae,whole plant vegetative phenology,evergreen,,,,,,BIEN,http://datadryad.org/resource/doi:10.5061/dryad.63q27.2,3877166,Zanne AE,2026-03-28 23:42:38 UTC
Hatiora salicornioides,Hatiora,Cactaceae,whole plant woodiness,woody,,,,,,BIEN,http://datadryad.org/resource/doi:10.5061/dryad.63q27.2,3877191,Zanne AE,2026-03-28 23:42:38 UTC
Lepismium cruciforme,Lepismium,Cactaceae,whole plant woodiness,woody,,,,,,BIEN,http://datadryad.org/resource/doi:10.5061/dryad.63q27.2,3884547,Zanne AE,2026-03-28 23:42:38 UTC
Maihuenia patagonica,Maihuenia,Cactaceae,whole plant woodiness,woody,,,,,,BIEN,http://datadryad.org/resource/doi:10.5061/dryad.63q27.2,3887603,Zanne AE,2026-03-28 23:42:38 UTC
Maihuenia poeppigii,Maihuenia,Cactaceae,whole plant woodiness,woody,,,,,,BIEN,http://datadryad.org/resource/doi:10.5061/dryad.63q27.2,3887604,Zanne AE,2026-03-28 23:42:38 UTC
Mammillaria supertexta,Mammillaria,Cactaceae,whole plant woodiness,herbaceous,,,,,,BIEN,http://datadryad.org/resource/doi:10.5061/dryad.63q27.2,3887897,Zanne AE,2026-03-28 23:42:38 UTC
Mammillaria haageana,Mammillaria,Cactaceae,whole plant woodiness,woody,,,,,,BIEN,http://datadryad.org/resource/doi:10.5061/dryad.63q27.2,3888930,Zanne AE,2026-03-28 23:42:38 UTC
Neoraimondia arequipensis,Neoraimondia,Cactaceae,whole plant woodiness,woody,,,,,,BIEN,http://datadryad.org/resource/doi:10.5061/dryad.63q27.2,3893521,Zanne AE,2026-03-28 23:42:38 UTC
Neoraimondia herzogiana,Neoraimondia,Cactaceae,whole plant woodiness,woody,,,,,,BIEN,http://datadryad.org/resource/doi:10.5061/dryad.63q27.2,3893522,Zanne AE,2026-03-28 23:42:38 UTC
Neowerdermannia vorwerkii,Neowerdermannia,Cactaceae,whole plant woodiness,woody,,,,,,BIEN,http://datadryad.org/resource/doi:10.5061/dryad.63q27.2,3893664,Zanne AE,2026-03-28 23:42:38 UTC
Opuntia basilaris,Opuntia,Cactaceae,seed mass,27.608,mg,data compilation; average of 1000 seeds,,,,BIEN,http://www.kew.org/data/sid ,3894409,"Liu, K., Eastwood, R.J., Flynn, S., Turner, R.M., and Stuppy, W.H.",2026-03-28 23:42:38 UTC
Opuntia chlorotica,Opuntia,Cactaceae,whole plant woodiness,woody,,,,,,BIEN,http://datadryad.org/resource/doi:10.5061/dryad.63q27.2,3895425,Zanne AE,2026-03-28 23:42:38 UTC
Cylindropuntia acanthocarpa,Cylindropuntia,Cactaceae,whole plant woodiness,woody,,,,,,BIEN,http://datadryad.org/resource/doi:10.5061/dryad.63q27.2,3895426,Zanne AE,2026-03-28 23:42:38 UTC
Opuntia basilaris,Opuntia,Cactaceae,whole plant woodiness,woody,,,,,,BIEN,http://datadryad.org/resource/doi:10.5061/dryad.63q27.2,3895427,Zanne AE,2026-03-28 23:42:38 UTC
Cylindropuntia bigelovii,Cylindropuntia,Cactaceae,whole plant woodiness,woody,,,,,,BIEN,http://datadryad.org/resource/doi:10.5061/dryad.63q27.2,3895428,Zanne AE,2026-03-28 23:42:38 UTC
Opuntia dillenii,Opuntia,Cactaceae,whole plant woodiness,woody,,,,,,BIEN,http://datadryad.org/resource/doi:10.5061/dryad.63q27.2,3895429,Zanne AE,2026-03-28 23:42:38 UTC
Cylindropuntia echinocarpa,Cylindropuntia,Cactaceae,whole plant woodiness,woody,,,,,,BIEN,http://datadryad.org/resource/doi:10.5061/dryad.63q27.2,3895430,Zanne AE,2026-03-28 23:42:38 UTC
Opuntia engelmannii,Opuntia,Cactaceae,whole plant woodiness,woody,,,,,,BIEN,http://datadryad.org/resource/doi:10.5061/dryad.63q27.2,3895432,Zanne AE,2026-03-28 23:42:38 UTC
Opuntia oricola,Opuntia,Cactaceae,whole plant woodiness,woody,,,,,,BIEN,http://datadryad.org/resource/doi:10.5061/dryad.63q27.2,3895433,Zanne AE,2026-03-28 23:42:38 UTC
Opuntia quimilo,Opuntia,Cactaceae,whole plant woodiness,woody,,,,,,BIEN,http://datadryad.org/resource/doi:10.5061/dryad.63q27.2,3895434,Zanne AE,2026-03-28 23:42:38 UTC
Opuntia erinacea,Opuntia,Cactaceae,whole plant woodiness,woody,,,,,,BIEN,http://datadryad.org/resource/doi:10.5061/dryad.63q27.2,3895435,Zanne AE,2026-03-28 23:42:38 UTC
Opuntia ficus-indica,Opuntia,Cactaceae,whole plant woodiness,woody,,,,,,BIEN,http://datadryad.org/resource/doi:10.5061/dryad.63q27.2,3895436,Zanne AE,2026-03-28 23:42:38 UTC
Opuntia fragilis,Opuntia,Cactaceae,whole plant woodiness,woody,,,,,,BIEN,http://datadryad.org/resource/doi:10.5061/dryad.63q27.2,3895437,Zanne AE,2026-03-28 23:42:38 UTC
Opuntia littoralis,Opuntia,Cactaceae,whole plant woodiness,woody,,,,,,BIEN,http://datadryad.org/resource/doi:10.5061/dryad.63q27.2,3895438,Zanne AE,2026-03-28 23:42:38 UTC
Grusonia parishii,Grusonia,Cactaceae,whole plant woodiness,woody,,,,,,BIEN,http://datadryad.org/resource/doi:10.5061/dryad.63q27.2,3895440,Zanne AE,2026-03-28 23:42:38 UTC
Cylindropuntia californica,Cylindropuntia,Cactaceae,whole plant woodiness,woody,,,,,,BIEN,http://datadryad.org/resource/doi:10.5061/dryad.63q27.2,3895441,Zanne AE,2026-03-28 23:42:38 UTC
Opuntia phaeacantha,Opuntia,Cactaceae,whole plant woodiness,woody,,,,,,BIEN,http://datadryad.org/resource/doi:10.5061/dryad.63q27.2,3895443,Zanne AE,2026-03-28 23:42:38 UTC
Grusonia pulchella,Grusonia,Cactaceae,whole plant woodiness,woody,,,,,,BIEN,http://datadryad.org/resource/doi:10.5061/dryad.63q27.2,3895444,Zanne AE,2026-03-28 23:42:38 UTC
Cylindropuntia ramosissima,Cylindropuntia,Cactaceae,whole plant woodiness,woody,,,,,,BIEN,http://datadryad.org/resource/doi:10.5061/dryad.63q27.2,3895445,Zanne AE,2026-03-28 23:42:38 UTC
Opuntia sulphurea,Opuntia,Cactaceae,whole plant vegetative phenology,evergreen,,,,,,BIEN,http://datadryad.org/resource/doi:10.5061/dryad.63q27.2,3895446,Zanne AE,2026-03-28 23:42:38 UTC
Opuntia ficus-indica,Opuntia,Cactaceae,seed mass,25,mg,data compilation; average of 1000 seeds,,,,BIEN,http://www.kew.org/data/sid ,3895447,"Liu, K., Eastwood, R.J., Flynn, S., Turner, R.M., and Stuppy, W.H.",2026-03-28 23:42:38 UTC
Cylindropuntia wolfii,Cylindropuntia,Cactaceae,whole plant woodiness,woody,,,,,,BIEN,http://datadryad.org/resource/doi:10.5061/dryad.63q27.2,3895450,Zanne AE,2026-03-28 23:42:38 UTC
Pachycereus schottii,Pachycereus,Cactaceae,whole plant woodiness,woody,,,,,,BIEN,http://datadryad.org/resource/doi:10.5061/dryad.63q27.2,3896119,Zanne AE,2026-03-28 23:42:38 UTC
Hylocereus peruvianus,Hylocereus,Cactaceae,whole plant woodiness,woody,,,,,,BIEN,http://datadryad.org/resource/doi:10.5061/dryad.63q27.2,3897510,Zanne AE,2026-03-28 23:42:38 UTC
Pereskia marcanoi,Pereskia,Cactaceae,whole plant vegetative phenology,evergreen,,,,,,BIEN,http://datadryad.org/resource/doi:10.5061/dryad.63q27.2,3901733,Zanne AE,2026-03-28 23:42:38 UTC
Pereskia marcanoi,Pereskia,Cactaceae,whole plant woodiness,woody,,,,,,BIEN,http://datadryad.org/resource/doi:10.5061/dryad.63q27.2,3901734,Zanne AE,2026-03-28 23:42:38 UTC
Parodia magnifica,Parodia,Cactaceae,whole plant woodiness,woody,,,,,,BIEN,http://datadryad.org/resource/doi:10.5061/dryad.63q27.2,3902247,Zanne AE,2026-03-28 23:42:38 UTC
Pereskia aculeata,Pereskia,Cactaceae,whole plant woodiness,woody,,,,,,BIEN,http://datadryad.org/resource/doi:10.5061/dryad.63q27.2,3902931,Zanne AE,2026-03-28 23:42:38 UTC
Pereskia aureiflora,Pereskia,Cactaceae,whole plant woodiness,woody,,,,,,BIEN,http://datadryad.org/resource/doi:10.5061/dryad.63q27.2,3902932,Zanne AE,2026-03-28 23:42:38 UTC
Pereskia horrida,Pereskia,Cactaceae,whole plant woodiness,woody,,,,,,BIEN,http://datadryad.org/resource/doi:10.5061/dryad.63q27.2,3902934,Zanne AE,2026-03-28 23:42:38 UTC
Pereskia bahiensis,Pereskia,Cactaceae,whole plant woodiness,woody,,,,,,BIEN,http://datadryad.org/resource/doi:10.5061/dryad.63q27.2,3902935,Zanne AE,2026-03-28 23:42:38 UTC
Pereskia bleo,Pereskia,Cactaceae,whole plant woodiness,woody,,,,,,BIEN,http://datadryad.org/resource/doi:10.5061/dryad.63q27.2,3902936,Zanne AE,2026-03-28 23:42:38 UTC
Pereskia guamacho,Pereskia,Cactaceae,whole plant woodiness,woody,,,,,,BIEN,http://datadryad.org/resource/doi:10.5061/dryad.63q27.2,3902937,Zanne AE,2026-03-28 23:42:38 UTC
Pereskia diazromeroana,Pereskia,Cactaceae,whole plant vegetative phenology,evergreen,,,,,,BIEN,http://datadryad.org/resource/doi:10.5061/dryad.63q27.2,3902939,Zanne AE,2026-03-28 23:42:38 UTC
Pereskia diazromeroana,Pereskia,Cactaceae,whole plant woodiness,woody,,,,,,BIEN,http://datadryad.org/resource/doi:10.5061/dryad.63q27.2,3902940,Zanne AE,2026-03-28 23:42:38 UTC
Pereskia grandifolia,Pereskia,Cactaceae,whole plant vegetative phenology,deciduous,,,,,,BIEN,http://datadryad.org/resource/doi:10.5061/dryad.63q27.2,3902942,Zanne AE,2026-03-28 23:42:38 UTC
Pereskia grandifolia,Pereskia,Cactaceae,whole plant woodiness,woody,,,,,,BIEN,http://datadryad.org/resource/doi:10.5061/dryad.63q27.2,3902944,Zanne AE,2026-03-28 23:42:38 UTC
Pereskia lychnidiflora,Pereskia,Cactaceae,whole plant woodiness,woody,,,,,,BIEN,http://datadryad.org/resource/doi:10.5061/dryad.63q27.2,3902946,Zanne AE,2026-03-28 23:42:38 UTC
Pereskia nemorosa,Pereskia,Cactaceae,whole plant woodiness,woody,,,,,,BIEN,http://datadryad.org/resource/doi:10.5061/dryad.63q27.2,3902947,Zanne AE,2026-03-28 23:42:38 UTC
Pereskia portulacifolia,Pereskia,Cactaceae,whole plant vegetative phenology,evergreen,,,,,,BIEN,http://datadryad.org/resource/doi:10.5061/dryad.63q27.2,3902948,Zanne AE,2026-03-28 23:42:38 UTC
Pereskia portulacifolia,Pereskia,Cactaceae,whole plant woodiness,woody,,,,,,BIEN,http://datadryad.org/resource/doi:10.5061/dryad.63q27.2,3902949,Zanne AE,2026-03-28 23:42:38 UTC
Pereskia quisqueyana,Pereskia,Cactaceae,whole plant vegetative phenology,evergreen,,,,,,BIEN,http://datadryad.org/resource/doi:10.5061/dryad.63q27.2,3902950,Zanne AE,2026-03-28 23:42:38 UTC
Pereskia quisqueyana,Pereskia,Cactaceae,whole plant woodiness,woody,,,,,,BIEN,http://datadryad.org/resource/doi:10.5061/dryad.63q27.2,3902951,Zanne AE,2026-03-28 23:42:38 UTC
Pereskia sacharosa,Pereskia,Cactaceae,whole plant vegetative phenology,evergreen,,,,,,BIEN,http://datadryad.org/resource/doi:10.5061/dryad.63q27.2,3902952,Zanne AE,2026-03-28 23:42:38 UTC
Pereskia sacharosa,Pereskia,Cactaceae,whole plant woodiness,woody,,,,,,BIEN,http://datadryad.org/resource/doi:10.5061/dryad.63q27.2,3902953,Zanne AE,2026-03-28 23:42:38 UTC
Pereskia stenantha,Pereskia,Cactaceae,whole plant woodiness,woody,,,,,,BIEN,http://datadryad.org/resource/doi:10.5061/dryad.63q27.2,3902955,Zanne AE,2026-03-28 23:42:38 UTC
Pereskia weberiana,Pereskia,Cactaceae,whole plant vegetative phenology,evergreen,,,,,,BIEN,http://datadryad.org/resource/doi:10.5061/dryad.63q27.2,3902956,Zanne AE,2026-03-28 23:42:38 UTC
Pereskia weberiana,Pereskia,Cactaceae,whole plant woodiness,woody,,,,,,BIEN,http://datadryad.org/resource/doi:10.5061/dryad.63q27.2,3902957,Zanne AE,2026-03-28 23:42:38 UTC
Pereskia zinniiflora,Pereskia,Cactaceae,whole plant woodiness,woody,,,,,,BIEN,http://datadryad.org/resource/doi:10.5061/dryad.63q27.2,3902958,Zanne AE,2026-03-28 23:42:38 UTC
Pereskiopsis aquosa,Pereskiopsis,Cactaceae,whole plant woodiness,woody,,,,,,BIEN,http://datadryad.org/resource/doi:10.5061/dryad.63q27.2,3902960,Zanne AE,2026-03-28 23:42:38 UTC
Pereskiopsis diguetii,Pereskiopsis,Cactaceae,whole plant woodiness,woody,,,,,,BIEN,http://datadryad.org/resource/doi:10.5061/dryad.63q27.2,3902961,Zanne AE,2026-03-28 23:42:38 UTC
Pereskiopsis porteri,Pereskiopsis,Cactaceae,whole plant woodiness,woody,,,,,,BIEN,http://datadryad.org/resource/doi:10.5061/dryad.63q27.2,3902963,Zanne AE,2026-03-28 23:42:38 UTC
Pfeiffera ianthothele,Pfeiffera,Cactaceae,whole plant woodiness,woody,,,,,,BIEN,http://datadryad.org/resource/doi:10.5061/dryad.63q27.2,3903202,Zanne AE,2026-03-28 23:42:38 UTC
Pfeiffera miyagawae,Pfeiffera,Cactaceae,whole plant woodiness,woody,,,,,,BIEN,http://datadryad.org/resource/doi:10.5061/dryad.63q27.2,3903204,Zanne AE,2026-03-28 23:42:38 UTC
Pfeiffera monacantha,Pfeiffera,Cactaceae,whole plant woodiness,woody,,,,,,BIEN,http://datadryad.org/resource/doi:10.5061/dryad.63q27.2,3903205,Zanne AE,2026-03-28 23:42:38 UTC
Quiabentia verticillata,Quiabentia,Cactaceae,whole plant woodiness,woody,,,,,,BIEN,http://datadryad.org/resource/doi:10.5061/dryad.63q27.2,3921059,Zanne AE,2026-03-28 23:42:38 UTC
Quiabentia zehntneri,Quiabentia,Cactaceae,whole plant woodiness,woody,,,,,,BIEN,http://datadryad.org/resource/doi:10.5061/dryad.63q27.2,3921060,Zanne AE,2026-03-28 23:42:38 UTC
Rhipsalis floccosa,Rhipsalis,Cactaceae,whole plant woodiness,woody,,,,,,BIEN,http://datadryad.org/resource/doi:10.5061/dryad.63q27.2,3922159,Zanne AE,2026-03-28 23:42:38 UTC
Schlumbergera truncata,Schlumbergera,Cactaceae,whole plant woodiness,woody,,,,,,BIEN,http://datadryad.org/resource/doi:10.5061/dryad.63q27.2,3927310,Zanne AE,2026-03-28 23:42:38 UTC
Selenicereus boeckmannii,Selenicereus,Cactaceae,whole plant woodiness,woody,,,,,,BIEN,http://datadryad.org/resource/doi:10.5061/dryad.63q27.2,3927736,Zanne AE,2026-03-28 23:42:38 UTC
Selenicereus wittii,Selenicereus,Cactaceae,whole plant woodiness,herbaceous,,,,,,BIEN,http://datadryad.org/resource/doi:10.5061/dryad.63q27.2,3927737,Zanne AE,2026-03-28 23:42:38 UTC
Stetsonia coryne,Stetsonia,Cactaceae,whole plant vegetative phenology,evergreen,,,,,,BIEN,http://datadryad.org/resource/doi:10.5061/dryad.63q27.2,3928754,Zanne AE,2026-03-28 23:42:38 UTC
Acanthocereus tetragonus,Acanthocereus,Cactaceae,whole plant woodiness,woody,,,,,,BIEN,http://datadryad.org/resource/doi:10.5061/dryad.63q27.2,3943269,Zanne AE,2026-03-28 23:42:38 UTC
Armatocereus godingianus,Armatocereus,Cactaceae,whole plant woodiness,woody,,,,,,BIEN,http://datadryad.org/resource/doi:10.5061/dryad.63q27.2,3948366,Zanne AE,2026-03-28 23:42:38 UTC
Astrophytum myriostigma,Astrophytum,Cactaceae,whole plant woodiness,woody,,,,,,BIEN,http://datadryad.org/resource/doi:10.5061/dryad.63q27.2,3949415,Zanne AE,2026-03-28 23:42:38 UTC
Austrocactus bertinii,Austrocactus,Cactaceae,whole plant woodiness,woody,,,,,,BIEN,http://datadryad.org/resource/doi:10.5061/dryad.63q27.2,3949629,Zanne AE,2026-03-28 23:42:38 UTC
Austrocylindropuntia subulata,Austrocylindropuntia,Cactaceae,whole plant woodiness,woody,,,,,,BIEN,http://datadryad.org/resource/doi:10.5061/dryad.63q27.2,3949631,Zanne AE,2026-03-28 23:42:38 UTC
Austrocylindropuntia vestita,Austrocylindropuntia,Cactaceae,whole plant woodiness,woody,,,,,,BIEN,http://datadryad.org/resource/doi:10.5061/dryad.63q27.2,3949632,Zanne AE,2026-03-28 23:42:38 UTC
Aztekium ritteri,Aztekium,Cactaceae,whole plant woodiness,woody,,,,,,BIEN,http://datadryad.org/resource/doi:10.5061/dryad.63q27.2,3949766,Zanne AE,2026-03-28 23:42:38 UTC
Blossfeldia liliputana,Blossfeldia,Cactaceae,whole plant woodiness,woody,,,,,,BIEN,http://datadryad.org/resource/doi:10.5061/dryad.63q27.2,3951431,Zanne AE,2026-03-28 23:42:38 UTC
Brasiliopuntia brasiliensis,Brasiliopuntia,Cactaceae,whole plant woodiness,woody,,,,,,BIEN,http://datadryad.org/resource/doi:10.5061/dryad.63q27.2,3951956,Zanne AE,2026-03-28 23:42:38 UTC
Calymmanthium substerile,Calymmanthium,Cactaceae,whole plant woodiness,woody,,,,,,BIEN,http://datadryad.org/resource/doi:10.5061/dryad.63q27.2,3954215,Zanne AE,2026-03-28 23:42:38 UTC
Carnegiea gigantea,Carnegiea,Cactaceae,whole plant woodiness,woody,,,,,,BIEN,http://datadryad.org/resource/doi:10.5061/dryad.63q27.2,3955425,Zanne AE,2026-03-28 23:42:38 UTC
Castellanosia caineana,Castellanosia,Cactaceae,whole plant woodiness,woody,,,,,,BIEN,http://datadryad.org/resource/doi:10.5061/dryad.63q27.2,3956042,Zanne AE,2026-03-28 23:42:38 UTC
Carnegiea gigantea,Carnegiea,Cactaceae,seed mass,1.007983,mg,data compilation; average of 1000 seeds,,,,BIEN,http://www.kew.org/data/sid ,3956956,"Liu, K., Eastwood, R.J., Flynn, S., Turner, R.M., and Stuppy, W.H.",2026-03-28 23:42:38 UTC
Cereus fernambucensis,Cereus,Cactaceae,whole plant woodiness,woody,,,,,,BIEN,http://datadryad.org/resource/doi:10.5061/dryad.63q27.2,3957016,Zanne AE,2026-03-28 23:42:38 UTC
Cereus forbesii,Cereus,Cactaceae,whole plant vegetative phenology,evergreen,,,,,,BIEN,http://datadryad.org/resource/doi:10.5061/dryad.63q27.2,3957017,Zanne AE,2026-03-28 23:42:38 UTC
Cereus forbesii,Cereus,Cactaceae,whole plant woodiness,woody,,,,,,BIEN,http://datadryad.org/resource/doi:10.5061/dryad.63q27.2,3957019,Zanne AE,2026-03-28 23:42:38 UTC
Cereus peruvianus,Cereus,Cactaceae,whole plant woodiness,woody,,,,,,BIEN,http://datadryad.org/resource/doi:10.5061/dryad.63q27.2,3957020,Zanne AE,2026-03-28 23:42:38 UTC
Acanthocereus tetragonus,Acanthocereus,Cactaceae,whole plant woodiness,woody,,,,,,BIEN,http://datadryad.org/resource/doi:10.5061/dryad.63q27.2,3957021,Zanne AE,2026-03-28 23:42:38 UTC
Cereus validus,Cereus,Cactaceae,whole plant vegetative phenology,evergreen,,,,,,BIEN,http://datadryad.org/resource/doi:10.5061/dryad.63q27.2,3957023,Zanne AE,2026-03-28 23:42:38 UTC
Mammillaria grahamii,Mammillaria,Cactaceae,flower color,Pink,,,,,,BIEN,https://bien.nceas.ucsb.edu/bien/,3958338,,2026-03-28 23:42:38 UTC
Cleistocactus baumannii,Cleistocactus,Cactaceae,whole plant vegetative phenology,evergreen,,,,,,BIEN,http://datadryad.org/resource/doi:10.5061/dryad.63q27.2,3958971,Zanne AE,2026-03-28 23:42:38 UTC
Cleistocactus baumannii,Cleistocactus,Cactaceae,whole plant woodiness,woody,,,,,,BIEN,http://datadryad.org/resource/doi:10.5061/dryad.63q27.2,3958972,Zanne AE,2026-03-28 23:42:38 UTC
Copiapoa bridgesii,Copiapoa,Cactaceae,whole plant woodiness,woody,,,,,,BIEN,http://datadryad.org/resource/doi:10.5061/dryad.63q27.2,3960800,Zanne AE,2026-03-28 23:42:38 UTC
Copiapoa laui,Copiapoa,Cactaceae,whole plant woodiness,woody,,,,,,BIEN,http://datadryad.org/resource/doi:10.5061/dryad.63q27.2,3960801,Zanne AE,2026-03-28 23:42:38 UTC
Copiapoa solaris,Copiapoa,Cactaceae,whole plant woodiness,woody,,,,,,BIEN,http://datadryad.org/resource/doi:10.5061/dryad.63q27.2,3960802,Zanne AE,2026-03-28 23:42:38 UTC
Corryocactus tenuiculus,Corryocactus,Cactaceae,whole plant woodiness,woody,,,,,,BIEN,http://datadryad.org/resource/doi:10.5061/dryad.63q27.2,3961396,Zanne AE,2026-03-28 23:42:38 UTC
Cylindropuntia echinocarpa,Cylindropuntia,Cactaceae,flower color,Yellow,,,,,,BIEN,https://bien.nceas.ucsb.edu/bien/,3962390,,2026-03-28 23:42:38 UTC
Cylindropuntia bigelovii,Cylindropuntia,Cactaceae,flower color,Yellow,,,,,,BIEN,https://bien.nceas.ucsb.edu/bien/,3962721,,2026-03-28 23:42:38 UTC
Cylindropuntia prolifera,Cylindropuntia,Cactaceae,whole plant woodiness,woody,,,,,,BIEN,http://datadryad.org/resource/doi:10.5061/dryad.63q27.2,3963770,Zanne AE,2026-03-28 23:42:38 UTC
Bergerocactus emoryi,Bergerocactus,Cactaceae,flower color,Yellow,,,,,,BIEN,https://bien.nceas.ucsb.edu/bien/,3963820,,2026-03-28 23:42:38 UTC
Cylindropuntia whipplei,Cylindropuntia,Cactaceae,flower color,Yellow,,,,,,BIEN,https://bien.nceas.ucsb.edu/bien/,3963930,,2026-03-28 23:42:38 UTC
Echinocereus fasciculatus,Echinocereus,Cactaceae,flower color,Red,,,,,,BIEN,https://bien.nceas.ucsb.edu/bien/,3964474,,2026-03-28 23:42:38 UTC
Carnegiea gigantea,Carnegiea,Cactaceae,flower color,White,,,,,,BIEN,https://bien.nceas.ucsb.edu/bien/,3966313,,2026-03-28 23:42:38 UTC
Echinocereus triglochidiatus,Echinocereus,Cactaceae,flower color,Red,,,,,,BIEN,https://bien.nceas.ucsb.edu/bien/,3966315,,2026-03-28 23:42:38 UTC
Peniocereus greggii,Peniocereus,Cactaceae,flower color,White,,,,,,BIEN,https://bien.nceas.ucsb.edu/bien/,3966908,,2026-03-28 23:42:38 UTC
Ferocactus cylindraceus,Ferocactus,Cactaceae,whole plant growth form,cactus,,,,,,BIEN,https://bien.nceas.ucsb.edu/bien/,3967563,Angela Moles,2026-03-28 23:42:38 UTC
Ferocactus wislizeni,Ferocactus,Cactaceae,whole plant growth form,cactus,,,,,,BIEN,https://bien.nceas.ucsb.edu/bien/,3967574,Angela Moles,2026-03-28 23:42:38 UTC
Cylindropuntia fulgida,Cylindropuntia,Cactaceae,flower color,Purple,,,,,,BIEN,https://bien.nceas.ucsb.edu/bien/,3968365,,2026-03-28 23:42:38 UTC
Pseudorhipsalis amazonica,Pseudorhipsalis,Cactaceae,whole plant woodiness,woody,,,,,,BIEN,http://datadryad.org/resource/doi:10.5061/dryad.63q27.2,3968533,Zanne AE,2026-03-28 23:42:38 UTC
Opuntia polyacantha,Opuntia,Cactaceae,whole plant growth form,cactus,,,,,,BIEN,https://bien.nceas.ucsb.edu/bien/,3969782,Angela Moles,2026-03-28 23:42:38 UTC
Ferocactus cylindraceus,Ferocactus,Cactaceae,longest whole plant longevity,55,years,,,,,BIEN,https://bien.nceas.ucsb.edu/bien/,3969966,Angela Moles,2026-03-28 23:42:38 UTC
Mammillaria grahamii,Mammillaria,Cactaceae,longest whole plant longevity,11,years,,,,,BIEN,https://bien.nceas.ucsb.edu/bien/,3969967,Angela Moles,2026-03-28 23:42:38 UTC
Cylindropuntia echinocarpa,Cylindropuntia,Cactaceae,longest whole plant longevity,359,years,,,,,BIEN,https://bien.nceas.ucsb.edu/bien/,3969968,Angela Moles,2026-03-28 23:42:38 UTC
Cylindropuntia ramosissima,Cylindropuntia,Cactaceae,longest whole plant longevity,586,years,,,,,BIEN,https://bien.nceas.ucsb.edu/bien/,3969969,Angela Moles,2026-03-28 23:42:38 UTC
Ferocactus cylindraceus,Ferocactus,Cactaceae,maximum whole plant longevity,55,years,,,,,BIEN,https://bien.nceas.ucsb.edu/bien/,3970955,Angela Moles,2026-03-28 23:42:38 UTC
Mammillaria grahamii,Mammillaria,Cactaceae,maximum whole plant longevity,11,years,,,,,BIEN,https://bien.nceas.ucsb.edu/bien/,3970956,Angela Moles,2026-03-28 23:42:38 UTC
Cylindropuntia echinocarpa,Cylindropuntia,Cactaceae,maximum whole plant longevity,359,years,,,,,BIEN,https://bien.nceas.ucsb.edu/bien/,3970957,Angela Moles,2026-03-28 23:42:38 UTC
Cylindropuntia ramosissima,Cylindropuntia,Cactaceae,maximum whole plant longevity,586,years,,,,,BIEN,https://bien.nceas.ucsb.edu/bien/,3970958,Angela Moles,2026-03-28 23:42:38 UTC
Opuntia polyacantha,Opuntia,Cactaceae,flower color,Yellow,,,,,,BIEN,https://bien.nceas.ucsb.edu/bien/,3982296,,2026-03-28 23:42:38 UTC
Opuntia ficus-indica,Opuntia,Cactaceae,flower color,Red,,,,,,BIEN,https://bien.nceas.ucsb.edu/bien/,3982295,,2026-03-28 23:42:38 UTC
Ferocactus wislizeni,Ferocactus,Cactaceae,flower color,Orange,,,,,,BIEN,https://bien.nceas.ucsb.edu/bien/,3982294,,2026-03-28 23:42:38 UTC
Peniocereus greggii,Peniocereus,Cactaceae,flower color,White,,,,,,BIEN,https://bien.nceas.ucsb.edu/bien/,3982297,,2026-03-28 23:42:38 UTC
Escobaria vivipara,Escobaria,Cactaceae,flower color,Pink,,,,,,BIEN,https://bien.nceas.ucsb.edu/bien/,3982298,,2026-03-28 23:42:38 UTC
Pediocactus bradyi,Pediocactus,Cactaceae,flower color,White,,,,,,BIEN,https://bien.nceas.ucsb.edu/bien/,3982299,,2026-03-28 23:42:38 UTC
Cylindropuntia ramosissima,Cylindropuntia,Cactaceae,flower color,Orange,,,,,,BIEN,https://bien.nceas.ucsb.edu/bien/,3982300,,2026-03-28 23:42:38 UTC
Cylindropuntia acanthocarpa,Cylindropuntia,Cactaceae,flower color,Red,,,,,,BIEN,https://bien.nceas.ucsb.edu/bien/,3982301,,2026-03-28 23:42:38 UTC
Ferocactus cylindraceus,Ferocactus,Cactaceae,flower color,Yellow,,,,,,BIEN,https://bien.nceas.ucsb.edu/bien/,3982302,,2026-03-28 23:42:38 UTC
Mammillaria dioica,Mammillaria,Cactaceae,flower color,White,,,,,,BIEN,https://bien.nceas.ucsb.edu/bien/,3982303,,2026-03-28 23:42:38 UTC
Echinocereus fendleri,Echinocereus,Cactaceae,flower color,Pink,,,,,,BIEN,https://bien.nceas.ucsb.edu/bien/,3982304,,2026-03-28 23:42:38 UTC
Opuntia polyacantha,Opuntia,Cactaceae,flower color,Pink,,,,,,BIEN,https://bien.nceas.ucsb.edu/bien/,3982305,,2026-03-28 23:42:38 UTC
Echinocereus triglochidiatus,Echinocereus,Cactaceae,flower color,Red,,,,,,BIEN,https://bien.nceas.ucsb.edu/bien/,3982306,,2026-03-28 23:42:38 UTC
Echinocereus triglochidiatus,Echinocereus,Cactaceae,flower color,Red,,,,,,BIEN,https://bien.nceas.ucsb.edu/bien/,3983230,,2026-03-28 23:42:38 UTC
Echinocereus fasciculatus,Echinocereus,Cactaceae,flower color,Pink,,,,,,BIEN,https://bien.nceas.ucsb.edu/bien/,3983615,,2026-03-28 23:42:38 UTC
Mammillaria grahamii,Mammillaria,Cactaceae,flower color,Pink,,,,,,BIEN,https://bien.nceas.ucsb.edu/bien/,3983619,,2026-03-28 23:42:38 UTC
Cereus hexagonus,Cereus,Cactaceae,whole plant growth form,tree-like,,,,,,BIEN,https://bien.nceas.ucsb.edu/bien/,3983864,,2026-03-28 23:42:38 UTC
Epiphyllum phyllanthus,Epiphyllum,Cactaceae,whole plant growth form,pendent epiphyte,,,,,,BIEN,https://bien.nceas.ucsb.edu/bien/,3983865,,2026-03-28 23:42:38 UTC
Hylocereus polyrhizus,Hylocereus,Cactaceae,whole plant growth form,climbing epihyte,,,,,,BIEN,https://bien.nceas.ucsb.edu/bien/,3983866,,2026-03-28 23:42:38 UTC
Opuntia ficus-indica,Opuntia,Cactaceae,whole plant growth form,shrub,,,,,,BIEN,https://bien.nceas.ucsb.edu/bien/,3983867,,2026-03-28 23:42:38 UTC
Rhipsalis micrantha,Rhipsalis,Cactaceae,whole plant growth form,pendent epiphyte,,,,,,BIEN,https://bien.nceas.ucsb.edu/bien/,3983868,,2026-03-28 23:42:38 UTC
Epiphyllum phyllanthus,Epiphyllum,Cactaceae,whole plant growth form, ,,,,,,BIEN,https://bien.nceas.ucsb.edu/bien/,3983930,,2026-03-28 23:42:38 UTC
Hylocereus polyrhizus,Hylocereus,Cactaceae,whole plant growth form, ,,,,,,BIEN,https://bien.nceas.ucsb.edu/bien/,3983931,,2026-03-28 23:42:38 UTC
Rhipsalis micrantha,Rhipsalis,Cactaceae,whole plant growth form, ,,,,,,BIEN,https://bien.nceas.ucsb.edu/bien/,3983932,,2026-03-28 23:42:38 UTC
Cereus hexagonus,Cereus,Cactaceae,leaf compoundness,none,,,,,,BIEN,https://bien.nceas.ucsb.edu/bien/,3984131,,2026-03-28 23:42:38 UTC
Epiphyllum phyllanthus,Epiphyllum,Cactaceae,leaf compoundness,none,,,,,,BIEN,https://bien.nceas.ucsb.edu/bien/,3984132,,2026-03-28 23:42:38 UTC
Hylocereus polyrhizus,Hylocereus,Cactaceae,leaf compoundness,none,,,,,,BIEN,https://bien.nceas.ucsb.edu/bien/,3984133,,2026-03-28 23:42:38 UTC
Opuntia ficus-indica,Opuntia,Cactaceae,leaf compoundness,none,,,,,,BIEN,https://bien.nceas.ucsb.edu/bien/,3984134,,2026-03-28 23:42:38 UTC
Rhipsalis micrantha,Rhipsalis,Cactaceae,leaf compoundness,none,,,,,,BIEN,https://bien.nceas.ucsb.edu/bien/,3984135,,2026-03-28 23:42:38 UTC
Opuntia camachoi,Opuntia,Cactaceae,leaf nitrogen content per leaf dry mass,16.59792088,mg.g-1,Total amount of N per unit of dry leaf mass - Cornelissen et al. 2003,-18.4175,-69.725,9293,BIEN,https://bien.nceas.ucsb.edu/bien/,3995916,Cyrille Violle/Brian Enquist ,2026-03-28 23:42:38 UTC
Carnegiea gigantea,Carnegiea,Cactaceae,whole plant height,15.24,m,Maximum height,,,,BIEN,http://www.americanforests.org/resources/bigtrees/register.php,4401416,,2026-03-28 23:42:38 UTC
Neoraimondia herzogiana,Neoraimondia,Cactaceae,stem wood density,0.54,g.cm-3,oven dry mass/fresh volume;data compilation,,,,BIEN,http://datadryad.org/repo/handle/10255/dryad.235,4418094," Zanne, A.E., Lopez-Gonzalez, G., Coomes, D.A., Ilic, J., Jansen, S., Lewis, S.L., Miller, R.B., Swenson, N.G., Wiemann, M.C., and Chave, J",2026-03-28 23:42:38 UTC
Cereus robinii,Cereus,Cactaceae,whole plant height,5.1816,m,Maximum height,,,,BIEN,http://www.americanforests.org/resources/bigtrees/register.php,4426926,,2026-03-28 23:42:38 UTC
Pilosocereus robinii,Pilosocereus,Cactaceae,whole plant height,7.0104,m,Maximum height,,,,BIEN,http://www.americanforests.org/resources/bigtrees/register.php,4426927,,2026-03-28 23:42:38 UTC
Cylindropuntia fulgida,Cylindropuntia,Cactaceae,whole plant height,6.4008,m,Maximum height,,,,BIEN,http://www.americanforests.org/resources/bigtrees/register.php,4428086,,2026-03-28 23:42:38 UTC
Ferocactus cylindraceus,Ferocactus,Cactaceae,seed mass,2.575,mg,data compilation,,,,BIEN,http://ucjeps.berkeley.edu/EFT.html,4432070,D.D. Ackerly,2026-03-28 23:42:38 UTC
Echinocereus engelmannii,Echinocereus,Cactaceae,seed mass,0.895,mg,data compilation,,,,BIEN,http://ucjeps.berkeley.edu/EFT.html,4432161,D.D. Ackerly,2026-03-28 23:42:38 UTC
Carnegiea gigantea,Carnegiea,Cactaceae,whole plant height,10.9728,m,Maximum height,,,,BIEN,http://www.americanforests.org/resources/bigtrees/register.php,4432116,,2026-03-28 23:42:38 UTC
Echinocactus polycephalus,Echinocactus,Cactaceae,seed mass,7.273,mg,data compilation,,,,BIEN,http://ucjeps.berkeley.edu/EFT.html,4432129,D.D. Ackerly,2026-03-28 23:42:38 UTC
Opuntia littoralis,Opuntia,Cactaceae,seed mass,7.294,mg,data compilation,,,,BIEN,http://ucjeps.berkeley.edu/EFT.html,4432147,D.D. Ackerly,2026-03-28 23:42:38 UTC
Ferocactus viridescens,Ferocactus,Cactaceae,seed mass,0.775,mg,data compilation,,,,BIEN,http://ucjeps.berkeley.edu/EFT.html,4432153,D.D. Ackerly,2026-03-28 23:42:38 UTC
Ferocactus viridescens,Ferocactus,Cactaceae,seed mass,0.772,mg,data compilation,,,,BIEN,http://ucjeps.berkeley.edu/EFT.html,4432154,D.D. Ackerly,2026-03-28 23:42:38 UTC
Cylindropuntia acanthocarpa,Cylindropuntia,Cactaceae,seed mass,13.664,mg,data compilation,,,,BIEN,http://ucjeps.berkeley.edu/EFT.html,4432170,D.D. Ackerly,2026-03-28 23:42:38 UTC
Opuntia basilaris,Opuntia,Cactaceae,seed mass,56.043,mg,data compilation,,,,BIEN,http://ucjeps.berkeley.edu/EFT.html,4432171,D.D. Ackerly,2026-03-28 23:42:38 UTC
Opuntia basilaris,Opuntia,Cactaceae,seed mass,27.608,mg,data compilation,,,,BIEN,http://ucjeps.berkeley.edu/EFT.html,4432172,D.D. Ackerly,2026-03-28 23:42:38 UTC
Carnegiea gigantea,Carnegiea,Cactaceae,whole plant height,13.1064,m,Maximum height,,,,BIEN,http://www.americanforests.org/resources/bigtrees/register.php,4432571,,2026-03-28 23:42:38 UTC
Carnegiea gigantea,Carnegiea,Cactaceae,whole plant height,11.2776,m,Maximum height,,,,BIEN,http://www.americanforests.org/resources/bigtrees/register.php,4432569,,2026-03-28 23:42:38 UTC
Carnegiea gigantea,Carnegiea,Cactaceae,whole plant height,11.5824,m,Maximum height,,,,BIEN,http://www.americanforests.org/resources/bigtrees/register.php,4432570,,2026-03-28 23:42:38 UTC
Emorycactus xeranthemoides,Emorycactus,Cactaceae,whole plant growth form,Shrub,,Species with multiple growth form classifications were assigned the growth form classification agreed upon by the majority (>2/3) of sources. Species with ambiguous or otherwise not interpretable growth form assignments were excluded from the final dataset but are made available with the original data.,,,,BIEN,http://onlinelibrary.wiley.com/doi/10.1002/ecy.1569/abstract,4444729,"Engemann, K",2026-03-28 23:42:38 UTC
Ariocarpus fissuratus,Ariocarpus,Cactaceae,whole plant growth form,Shrub,,Species with multiple growth form classifications were assigned the growth form classification agreed upon by the majority (>2/3) of sources. Species with ambiguous or otherwise not interpretable growth form assignments were excluded from the final dataset but are made available with the original data.,,,,BIEN,http://onlinelibrary.wiley.com/doi/10.1002/ecy.1569/abstract,4450499,"Engemann, K",2026-03-28 23:42:38 UTC
Aporocactus martianus,Aporocactus,Cactaceae,whole plant growth form,Non-woody epiphyte,,Species with multiple growth form classifications were assigned the growth form classification agreed upon by the majority (>2/3) of sources. Species with ambiguous or otherwise not interpretable growth form assignments were excluded from the final dataset but are made available with the original data.,,,,BIEN,http://onlinelibrary.wiley.com/doi/10.1002/ecy.1569/abstract,4450501,"Engemann, K",2026-03-28 23:42:38 UTC
Corryocactus ayacuchoensis,Corryocactus,Cactaceae,whole plant growth form,Tree,,Species with multiple growth form classifications were assigned the growth form classification agreed upon by the majority (>2/3) of sources. Species with ambiguous or otherwise not interpretable growth form assignments were excluded from the final dataset but are made available with the original data.,,,,BIEN,http://onlinelibrary.wiley.com/doi/10.1002/ecy.1569/abstract,4450502,"Engemann, K",2026-03-28 23:42:38 UTC
Coryphantha macromeris,Coryphantha,Cactaceae,whole plant growth form,Shrub,,Species with multiple growth form classifications were assigned the growth form classification agreed upon by the majority (>2/3) of sources. Species with ambiguous or otherwise not interpretable growth form assignments were excluded from the final dataset but are made available with the original data.,,,,BIEN,http://onlinelibrary.wiley.com/doi/10.1002/ecy.1569/abstract,4450503,"Engemann, K",2026-03-28 23:42:38 UTC
Coryphantha minima,Coryphantha,Cactaceae,whole plant growth form diversity,Shrub,,Species with multiple growth form classifications were assigned the growth form classification agreed upon by the majority (>2/3) of sources. Species with ambiguous or otherwise not interpretable growth form assignments were excluded from the final dataset but are made available with the original data.,,,,BIEN,http://onlinelibrary.wiley.com/doi/10.1002/ecy.1569/abstract,4450504,"Engemann, K",2026-03-28 23:42:38 UTC
Coryphantha missouriensis,Coryphantha,Cactaceae,whole plant growth form diversity,Shrub,,Species with multiple growth form classifications were assigned the growth form classification agreed upon by the majority (>2/3) of sources. Species with ambiguous or otherwise not interpretable growth form assignments were excluded from the final dataset but are made available with the original data.,,,,BIEN,http://onlinelibrary.wiley.com/doi/10.1002/ecy.1569/abstract,4450505,"Engemann, K",2026-03-28 23:42:38 UTC
Coryphantha recurvata,Coryphantha,Cactaceae,whole plant growth form,Shrub,,Species with multiple growth form classifications were assigned the growth form classification agreed upon by the majority (>2/3) of sources. Species with ambiguous or otherwise not interpretable growth form assignments were excluded from the final dataset but are made available with the original data.,,,,BIEN,http://onlinelibrary.wiley.com/doi/10.1002/ecy.1569/abstract,4450506,"Engemann, K",2026-03-28 23:42:38 UTC
Opuntia quitensis,Opuntia,Cactaceae,whole plant growth form diversity,Herb_Shrub,,Species with multiple growth form classifications were assigned the growth form classification agreed upon by the majority (>2/3) of sources. Species with ambiguous or otherwise not interpretable growth form assignments were excluded from the final dataset but are made available with the original data.,,,,BIEN,http://onlinelibrary.wiley.com/doi/10.1002/ecy.1569/abstract,4450512,"Engemann, K",2026-03-28 23:42:38 UTC
Cylindropuntia wolfii,Cylindropuntia,Cactaceae,whole plant growth form,Shrub,,Species with multiple growth form classifications were assigned the growth form classification agreed upon by the majority (>2/3) of sources. Species with ambiguous or otherwise not interpretable growth form assignments were excluded from the final dataset but are made available with the original data.,,,,BIEN,http://onlinelibrary.wiley.com/doi/10.1002/ecy.1569/abstract,4450507,"Engemann, K",2026-03-28 23:42:38 UTC
Echinocactus horizonthalonius,Echinocactus,Cactaceae,whole plant growth form diversity,Shrub,,Species with multiple growth form classifications were assigned the growth form classification agreed upon by the majority (>2/3) of sources. Species with ambiguous or otherwise not interpretable growth form assignments were excluded from the final dataset but are made available with the original data.,,,,BIEN,http://onlinelibrary.wiley.com/doi/10.1002/ecy.1569/abstract,4450508,"Engemann, K",2026-03-28 23:42:38 UTC
Ferocactus viridescens,Ferocactus,Cactaceae,whole plant growth form,Shrub,,Species with multiple growth form classifications were assigned the growth form classification agreed upon by the majority (>2/3) of sources. Species with ambiguous or otherwise not interpretable growth form assignments were excluded from the final dataset but are made available with the original data.,,,,BIEN,http://onlinelibrary.wiley.com/doi/10.1002/ecy.1569/abstract,4450509,"Engemann, K",2026-03-28 23:42:38 UTC
Opuntia atrocapensis,Opuntia,Cactaceae,whole plant growth form diversity,Shrub,,Species with multiple growth form classifications were assigned the growth form classification agreed upon by the majority (>2/3) of sources. Species with ambiguous or otherwise not interpretable growth form assignments were excluded from the final dataset but are made available with the original data.,,,,BIEN,http://onlinelibrary.wiley.com/doi/10.1002/ecy.1569/abstract,4450510,"Engemann, K",2026-03-28 23:42:38 UTC
Opuntia bentonii,Opuntia,Cactaceae,whole plant growth form,Shrub,,Species with multiple growth form classifications were assigned the growth form classification agreed upon by the majority (>2/3) of sources. Species with ambiguous or otherwise not interpretable growth form assignments were excluded from the final dataset but are made available with the original data.,,,,BIEN,http://onlinelibrary.wiley.com/doi/10.1002/ecy.1569/abstract,4450511,"Engemann, K",2026-03-28 23:42:38 UTC
Rhipsalis lorentziana,Rhipsalis,Cactaceae,whole plant growth form,Non-woody epiphyte,,Species with multiple growth form classifications were assigned the growth form classification agreed upon by the majority (>2/3) of sources. Species with ambiguous or otherwise not interpretable growth form assignments were excluded from the final dataset but are made available with the original data.,,,,BIEN,http://onlinelibrary.wiley.com/doi/10.1002/ecy.1569/abstract,4450513,"Engemann, K",2026-03-28 23:42:38 UTC
Rhipsalis warmingiana,Rhipsalis,Cactaceae,whole plant growth form,Non-woody epiphyte,,Species with multiple growth form classifications were assigned the growth form classification agreed upon by the majority (>2/3) of sources. Species with ambiguous or otherwise not interpretable growth form assignments were excluded from the final dataset but are made available with the original data.,,,,BIEN,http://onlinelibrary.wiley.com/doi/10.1002/ecy.1569/abstract,4450514,"Engemann, K",2026-03-28 23:42:38 UTC
Schlumbergera truncata,Schlumbergera,Cactaceae,whole plant growth form diversity,Shrub,,Species with multiple growth form classifications were assigned the growth form classification agreed upon by the majority (>2/3) of sources. Species with ambiguous or otherwise not interpretable growth form assignments were excluded from the final dataset but are made available with the original data.,,,,BIEN,http://onlinelibrary.wiley.com/doi/10.1002/ecy.1569/abstract,4450515,"Engemann, K",2026-03-28 23:42:38 UTC
Emorycactus xeranthemoides,Emorycactus,Cactaceae,whole plant growth form diversity,Shrub,,Species with multiple growth form classifications were assigned the growth form classification agreed upon by the majority (>2/3) of sources. Species with ambiguous or otherwise not interpretable growth form assignments were excluded from the final dataset but are made available with the original data.,,,,BIEN,http://onlinelibrary.wiley.com/doi/10.1002/ecy.1569/abstract,4455304,"Engemann, K",2026-03-28 23:42:38 UTC
Cactus triacanthus,Cactus,Cactaceae,whole plant growth form,Shrub,,Species with multiple growth form classifications were assigned the growth form classification agreed upon by the majority (>2/3) of sources. Species with ambiguous or otherwise not interpretable growth form assignments were excluded from the final dataset but are made available with the original data.,,,,BIEN,http://onlinelibrary.wiley.com/doi/10.1002/ecy.1569/abstract,4467769,"Engemann, K",2026-03-28 23:42:38 UTC
Cactus triacanthus,Cactus,Cactaceae,whole plant growth form diversity,Shrub,,Species with multiple growth form classifications were assigned the growth form classification agreed upon by the majority (>2/3) of sources. Species with ambiguous or otherwise not interpretable growth form assignments were excluded from the final dataset but are made available with the original data.,,,,BIEN,http://onlinelibrary.wiley.com/doi/10.1002/ecy.1569/abstract,4467770,"Engemann, K",2026-03-28 23:42:38 UTC
Cereus argentinensis,Cereus,Cactaceae,whole plant growth form,Tree,,Species with multiple growth form classifications were assigned the growth form classification agreed upon by the majority (>2/3) of sources. Species with ambiguous or otherwise not interpretable growth form assignments were excluded from the final dataset but are made available with the original data.,,,,BIEN,http://onlinelibrary.wiley.com/doi/10.1002/ecy.1569/abstract,4467771,"Engemann, K",2026-03-28 23:42:38 UTC
Cereus argentinensis,Cereus,Cactaceae,whole plant growth form diversity,Tree,,Species with multiple growth form classifications were assigned the growth form classification agreed upon by the majority (>2/3) of sources. Species with ambiguous or otherwise not interpretable growth form assignments were excluded from the final dataset but are made available with the original data.,,,,BIEN,http://onlinelibrary.wiley.com/doi/10.1002/ecy.1569/abstract,4467772,"Engemann, K",2026-03-28 23:42:38 UTC
Cochemiea pondii,Cochemiea,Cactaceae,whole plant growth form,Herb,,Species with multiple growth form classifications were assigned the growth form classification agreed upon by the majority (>2/3) of sources. Species with ambiguous or otherwise not interpretable growth form assignments were excluded from the final dataset but are made available with the original data.,,,,BIEN,http://onlinelibrary.wiley.com/doi/10.1002/ecy.1569/abstract,4467773,"Engemann, K",2026-03-28 23:42:38 UTC
Cochemiea pondii,Cochemiea,Cactaceae,whole plant growth form diversity,Herb,,Species with multiple growth form classifications were assigned the growth form classification agreed upon by the majority (>2/3) of sources. Species with ambiguous or otherwise not interpretable growth form assignments were excluded from the final dataset but are made available with the original data.,,,,BIEN,http://onlinelibrary.wiley.com/doi/10.1002/ecy.1569/abstract,4467774,"Engemann, K",2026-03-28 23:42:38 UTC
Pseudorhipsalis acuminata,Pseudorhipsalis,Cactaceae,whole plant growth form,Non-woody epiphyte,,Species with multiple growth form classifications were assigned the growth form classification agreed upon by the majority (>2/3) of sources. Species with ambiguous or otherwise not interpretable growth form assignments were excluded from the final dataset but are made available with the original data.,,,,BIEN,http://onlinelibrary.wiley.com/doi/10.1002/ecy.1569/abstract,4467775,"Engemann, K",2026-03-28 23:42:38 UTC
Pseudorhipsalis acuminata,Pseudorhipsalis,Cactaceae,whole plant growth form diversity,Tree_Vine_Non-woody epiphyte,,Species with multiple growth form classifications were assigned the growth form classification agreed upon by the majority (>2/3) of sources. Species with ambiguous or otherwise not interpretable growth form assignments were excluded from the final dataset but are made available with the original data.,,,,BIEN,http://onlinelibrary.wiley.com/doi/10.1002/ecy.1569/abstract,4467776,"Engemann, K",2026-03-28 23:42:38 UTC
Echinocereus chisosensis,Echinocereus,Cactaceae,whole plant growth form,Shrub,,Species with multiple growth form classifications were assigned the growth form classification agreed upon by the majority (>2/3) of sources. Species with ambiguous or otherwise not interpretable growth form assignments were excluded from the final dataset but are made available with the original data.,,,,BIEN,http://onlinelibrary.wiley.com/doi/10.1002/ecy.1569/abstract,4467777,"Engemann, K",2026-03-28 23:42:38 UTC
Echinocereus chisosensis,Echinocereus,Cactaceae,whole plant growth form diversity,Shrub,,Species with multiple growth form classifications were assigned the growth form classification agreed upon by the majority (>2/3) of sources. Species with ambiguous or otherwise not interpretable growth form assignments were excluded from the final dataset but are made available with the original data.,,,,BIEN,http://onlinelibrary.wiley.com/doi/10.1002/ecy.1569/abstract,4467778,"Engemann, K",2026-03-28 23:42:38 UTC
Echinomastus intertextus,Echinomastus,Cactaceae,whole plant growth form diversity,Herb_Shrub,,Species with multiple growth form classifications were assigned the growth form classification agreed upon by the majority (>2/3) of sources. Species with ambiguous or otherwise not interpretable growth form assignments were excluded from the final dataset but are made available with the original data.,,,,BIEN,http://onlinelibrary.wiley.com/doi/10.1002/ecy.1569/abstract,4467779,"Engemann, K",2026-03-28 23:42:38 UTC
Echinomastus warnockii,Echinomastus,Cactaceae,whole plant growth form diversity,Shrub,,Species with multiple growth form classifications were assigned the growth form classification agreed upon by the majority (>2/3) of sources. Species with ambiguous or otherwise not interpretable growth form assignments were excluded from the final dataset but are made available with the original data.,,,,BIEN,http://onlinelibrary.wiley.com/doi/10.1002/ecy.1569/abstract,4467780,"Engemann, K",2026-03-28 23:42:38 UTC
Glandulicactus uncinatus,Glandulicactus,Cactaceae,whole plant growth form,Shrub,,Species with multiple growth form classifications were assigned the growth form classification agreed upon by the majority (>2/3) of sources. Species with ambiguous or otherwise not interpretable growth form assignments were excluded from the final dataset but are made available with the original data.,,,,BIEN,http://onlinelibrary.wiley.com/doi/10.1002/ecy.1569/abstract,4467781,"Engemann, K",2026-03-28 23:42:38 UTC
Glandulicactus uncinatus,Glandulicactus,Cactaceae,whole plant growth form diversity,Herb_Shrub,,Species with multiple growth form classifications were assigned the growth form classification agreed upon by the majority (>2/3) of sources. Species with ambiguous or otherwise not interpretable growth form assignments were excluded from the final dataset but are made available with the original data.,,,,BIEN,http://onlinelibrary.wiley.com/doi/10.1002/ecy.1569/abstract,4467782,"Engemann, K",2026-03-28 23:42:38 UTC
Leptocereus grantianus,Leptocereus,Cactaceae,whole plant growth form,Shrub,,Species with multiple growth form classifications were assigned the growth form classification agreed upon by the majority (>2/3) of sources. Species with ambiguous or otherwise not interpretable growth form assignments were excluded from the final dataset but are made available with the original data.,,,,BIEN,http://onlinelibrary.wiley.com/doi/10.1002/ecy.1569/abstract,4467783,"Engemann, K",2026-03-28 23:42:38 UTC
Leptocereus grantianus,Leptocereus,Cactaceae,whole plant growth form diversity,Shrub,,Species with multiple growth form classifications were assigned the growth form classification agreed upon by the majority (>2/3) of sources. Species with ambiguous or otherwise not interpretable growth form assignments were excluded from the final dataset but are made available with the original data.,,,,BIEN,http://onlinelibrary.wiley.com/doi/10.1002/ecy.1569/abstract,4467784,"Engemann, K",2026-03-28 23:42:38 UTC
Rhipsalis riocampanensis,Rhipsalis,Cactaceae,whole plant growth form,Non-woody epiphyte,,Species with multiple growth form classifications were assigned the growth form classification agreed upon by the majority (>2/3) of sources. Species with ambiguous or otherwise not interpretable growth form assignments were excluded from the final dataset but are made available with the original data.,,,,BIEN,http://onlinelibrary.wiley.com/doi/10.1002/ecy.1569/abstract,4467785,"Engemann, K",2026-03-28 23:42:38 UTC
Rhipsalis riocampanensis,Rhipsalis,Cactaceae,whole plant growth form diversity,Non-woody epiphyte,,Species with multiple growth form classifications were assigned the growth form classification agreed upon by the majority (>2/3) of sources. Species with ambiguous or otherwise not interpretable growth form assignments were excluded from the final dataset but are made available with the original data.,,,,BIEN,http://onlinelibrary.wiley.com/doi/10.1002/ecy.1569/abstract,4467786,"Engemann, K",2026-03-28 23:42:38 UTC
Sclerocactus scheeri,Sclerocactus,Cactaceae,whole plant growth form,Herb,,Species with multiple growth form classifications were assigned the growth form classification agreed upon by the majority (>2/3) of sources. Species with ambiguous or otherwise not interpretable growth form assignments were excluded from the final dataset but are made available with the original data.,,,,BIEN,http://onlinelibrary.wiley.com/doi/10.1002/ecy.1569/abstract,4516625,"Engemann, K",2026-03-28 23:42:38 UTC
Sclerocactus scheeri,Sclerocactus,Cactaceae,whole plant growth form diversity,Herb,,Species with multiple growth form classifications were assigned the growth form classification agreed upon by the majority (>2/3) of sources. Species with ambiguous or otherwise not interpretable growth form assignments were excluded from the final dataset but are made available with the original data.,,,,BIEN,http://onlinelibrary.wiley.com/doi/10.1002/ecy.1569/abstract,4516626,"Engemann, K",2026-03-28 23:42:38 UTC
Selenicereus wercklei,Selenicereus,Cactaceae,whole plant growth form diversity,Tree_Non-woody epiphyte,,Species with multiple growth form classifications were assigned the growth form classification agreed upon by the majority (>2/3) of sources. Species with ambiguous or otherwise not interpretable growth form assignments were excluded from the final dataset but are made available with the original data.,,,,BIEN,http://onlinelibrary.wiley.com/doi/10.1002/ecy.1569/abstract,4526028,"Engemann, K",2026-03-28 23:42:38 UTC
Echinomastus gautii,Echinomastus,Cactaceae,whole plant growth form,Shrub,,Species with multiple growth form classifications were assigned the growth form classification agreed upon by the majority (>2/3) of sources. Species with ambiguous or otherwise not interpretable growth form assignments were excluded from the final dataset but are made available with the original data.,,,,BIEN,http://onlinelibrary.wiley.com/doi/10.1002/ecy.1569/abstract,4534045,"Engemann, K",2026-03-28 23:42:38 UTC
Echinomastus gautii,Echinomastus,Cactaceae,whole plant growth form diversity,Shrub,,Species with multiple growth form classifications were assigned the growth form classification agreed upon by the majority (>2/3) of sources. Species with ambiguous or otherwise not interpretable growth form assignments were excluded from the final dataset but are made available with the original data.,,,,BIEN,http://onlinelibrary.wiley.com/doi/10.1002/ecy.1569/abstract,4534046,"Engemann, K",2026-03-28 23:42:38 UTC
Echinomastus intertextus,Echinomastus,Cactaceae,whole plant growth form,Shrub,,Species with multiple growth form classifications were assigned the growth form classification agreed upon by the majority (>2/3) of sources. Species with ambiguous or otherwise not interpretable growth form assignments were excluded from the final dataset but are made available with the original data.,,,,BIEN,http://onlinelibrary.wiley.com/doi/10.1002/ecy.1569/abstract,4534047,"Engemann, K",2026-03-28 23:42:38 UTC
Echinomastus johnsonii,Echinomastus,Cactaceae,whole plant growth form,Shrub,,Species with multiple growth form classifications were assigned the growth form classification agreed upon by the majority (>2/3) of sources. Species with ambiguous or otherwise not interpretable growth form assignments were excluded from the final dataset but are made available with the original data.,,,,BIEN,http://onlinelibrary.wiley.com/doi/10.1002/ecy.1569/abstract,4534048,"Engemann, K",2026-03-28 23:42:38 UTC
Echinomastus johnsonii,Echinomastus,Cactaceae,whole plant growth form diversity,Shrub,,Species with multiple growth form classifications were assigned the growth form classification agreed upon by the majority (>2/3) of sources. Species with ambiguous or otherwise not interpretable growth form assignments were excluded from the final dataset but are made available with the original data.,,,,BIEN,http://onlinelibrary.wiley.com/doi/10.1002/ecy.1569/abstract,4534049,"Engemann, K",2026-03-28 23:42:38 UTC
Echinomastus mariposensis,Echinomastus,Cactaceae,whole plant growth form,Shrub,,Species with multiple growth form classifications were assigned the growth form classification agreed upon by the majority (>2/3) of sources. Species with ambiguous or otherwise not interpretable growth form assignments were excluded from the final dataset but are made available with the original data.,,,,BIEN,http://onlinelibrary.wiley.com/doi/10.1002/ecy.1569/abstract,4534050,"Engemann, K",2026-03-28 23:42:38 UTC
Echinomastus mariposensis,Echinomastus,Cactaceae,whole plant growth form diversity,Shrub,,Species with multiple growth form classifications were assigned the growth form classification agreed upon by the majority (>2/3) of sources. Species with ambiguous or otherwise not interpretable growth form assignments were excluded from the final dataset but are made available with the original data.,,,,BIEN,http://onlinelibrary.wiley.com/doi/10.1002/ecy.1569/abstract,4534051,"Engemann, K",2026-03-28 23:42:38 UTC
Echinomastus warnockii,Echinomastus,Cactaceae,whole plant growth form,Shrub,,Species with multiple growth form classifications were assigned the growth form classification agreed upon by the majority (>2/3) of sources. Species with ambiguous or otherwise not interpretable growth form assignments were excluded from the final dataset but are made available with the original data.,,,,BIEN,http://onlinelibrary.wiley.com/doi/10.1002/ecy.1569/abstract,4534052,"Engemann, K",2026-03-28 23:42:38 UTC
Mammillaria nunezii,Mammillaria,Cactaceae,whole plant growth form,Herb,,Species with multiple growth form classifications were assigned the growth form classification agreed upon by the majority (>2/3) of sources. Species with ambiguous or otherwise not interpretable growth form assignments were excluded from the final dataset but are made available with the original data.,,,,BIEN,http://onlinelibrary.wiley.com/doi/10.1002/ecy.1569/abstract,4537165,"Engemann, K",2026-03-28 23:42:38 UTC
Mammillaria nunezii,Mammillaria,Cactaceae,whole plant growth form diversity,Herb,,Species with multiple growth form classifications were assigned the growth form classification agreed upon by the majority (>2/3) of sources. Species with ambiguous or otherwise not interpretable growth form assignments were excluded from the final dataset but are made available with the original data.,,,,BIEN,http://onlinelibrary.wiley.com/doi/10.1002/ecy.1569/abstract,4537166,"Engemann, K",2026-03-28 23:42:38 UTC
Mammillaria flavescens,Mammillaria,Cactaceae,whole plant growth form diversity,Herb,,Species with multiple growth form classifications were assigned the growth form classification agreed upon by the majority (>2/3) of sources. Species with ambiguous or otherwise not interpretable growth form assignments were excluded from the final dataset but are made available with the original data.,,,,BIEN,http://onlinelibrary.wiley.com/doi/10.1002/ecy.1569/abstract,4552174,"Engemann, K",2026-03-28 23:42:38 UTC
Mammillaria flavescens,Mammillaria,Cactaceae,whole plant growth form,Herb,,Species with multiple growth form classifications were assigned the growth form classification agreed upon by the majority (>2/3) of sources. Species with ambiguous or otherwise not interpretable growth form assignments were excluded from the final dataset but are made available with the original data.,,,,BIEN,http://onlinelibrary.wiley.com/doi/10.1002/ecy.1569/abstract,4552176,"Engemann, K",2026-03-28 23:42:38 UTC
Cereus jamacaru,Cereus,Cactaceae,whole plant growth form,Tree,,Species with multiple growth form classifications were assigned the growth form classification agreed upon by the majority (>2/3) of sources. Species with ambiguous or otherwise not interpretable growth form assignments were excluded from the final dataset but are made available with the original data.,,,,BIEN,http://onlinelibrary.wiley.com/doi/10.1002/ecy.1569/abstract,4563185,"Engemann, K",2026-03-28 23:42:38 UTC
Cereus jamacaru,Cereus,Cactaceae,whole plant growth form diversity,Tree,,Species with multiple growth form classifications were assigned the growth form classification agreed upon by the majority (>2/3) of sources. Species with ambiguous or otherwise not interpretable growth form assignments were excluded from the final dataset but are made available with the original data.,,,,BIEN,http://onlinelibrary.wiley.com/doi/10.1002/ecy.1569/abstract,4563186,"Engemann, K",2026-03-28 23:42:38 UTC
Opuntia plumbea,Opuntia,Cactaceae,whole plant growth form diversity,Shrub,,Species with multiple growth form classifications were assigned the growth form classification agreed upon by the majority (>2/3) of sources. Species with ambiguous or otherwise not interpretable growth form assignments were excluded from the final dataset but are made available with the original data.,,,,BIEN,http://onlinelibrary.wiley.com/doi/10.1002/ecy.1569/abstract,4563636,"Engemann, K",2026-03-28 23:42:38 UTC
Aporocactus martianus,Aporocactus,Cactaceae,whole plant growth form diversity,Non-woody epiphyte,,Species with multiple growth form classifications were assigned the growth form classification agreed upon by the majority (>2/3) of sources. Species with ambiguous or otherwise not interpretable growth form assignments were excluded from the final dataset but are made available with the original data.,,,,BIEN,http://onlinelibrary.wiley.com/doi/10.1002/ecy.1569/abstract,4563138,"Engemann, K",2026-03-28 23:42:38 UTC
Armatocereus brevispinus,Armatocereus,Cactaceae,whole plant growth form diversity,Tree,,Species with multiple growth form classifications were assigned the growth form classification agreed upon by the majority (>2/3) of sources. Species with ambiguous or otherwise not interpretable growth form assignments were excluded from the final dataset but are made available with the original data.,,,,BIEN,http://onlinelibrary.wiley.com/doi/10.1002/ecy.1569/abstract,4563139,"Engemann, K",2026-03-28 23:42:38 UTC
Ariocarpus fissuratus,Ariocarpus,Cactaceae,whole plant growth form diversity,Shrub,,Species with multiple growth form classifications were assigned the growth form classification agreed upon by the majority (>2/3) of sources. Species with ambiguous or otherwise not interpretable growth form assignments were excluded from the final dataset but are made available with the original data.,,,,BIEN,http://onlinelibrary.wiley.com/doi/10.1002/ecy.1569/abstract,4563140,"Engemann, K",2026-03-28 23:42:38 UTC
Armatocereus brevispinus,Armatocereus,Cactaceae,whole plant growth form,Tree,,Species with multiple growth form classifications were assigned the growth form classification agreed upon by the majority (>2/3) of sources. Species with ambiguous or otherwise not interpretable growth form assignments were excluded from the final dataset but are made available with the original data.,,,,BIEN,http://onlinelibrary.wiley.com/doi/10.1002/ecy.1569/abstract,4563141,"Engemann, K",2026-03-28 23:42:38 UTC
Armatocereus cartwrightianus,Armatocereus,Cactaceae,whole plant growth form,Tree,,Species with multiple growth form classifications were assigned the growth form classification agreed upon by the majority (>2/3) of sources. Species with ambiguous or otherwise not interpretable growth form assignments were excluded from the final dataset but are made available with the original data.,,,,BIEN,http://onlinelibrary.wiley.com/doi/10.1002/ecy.1569/abstract,4563142,"Engemann, K",2026-03-28 23:42:38 UTC
Armatocereus cartwrightianus,Armatocereus,Cactaceae,whole plant growth form diversity,Tree,,Species with multiple growth form classifications were assigned the growth form classification agreed upon by the majority (>2/3) of sources. Species with ambiguous or otherwise not interpretable growth form assignments were excluded from the final dataset but are made available with the original data.,,,,BIEN,http://onlinelibrary.wiley.com/doi/10.1002/ecy.1569/abstract,4563143,"Engemann, K",2026-03-28 23:42:38 UTC
Armatocereus godingianus,Armatocereus,Cactaceae,whole plant growth form,Tree,,Species with multiple growth form classifications were assigned the growth form classification agreed upon by the majority (>2/3) of sources. Species with ambiguous or otherwise not interpretable growth form assignments were excluded from the final dataset but are made available with the original data.,,,,BIEN,http://onlinelibrary.wiley.com/doi/10.1002/ecy.1569/abstract,4563144,"Engemann, K",2026-03-28 23:42:38 UTC
Armatocereus godingianus,Armatocereus,Cactaceae,whole plant growth form diversity,Tree,,Species with multiple growth form classifications were assigned the growth form classification agreed upon by the majority (>2/3) of sources. Species with ambiguous or otherwise not interpretable growth form assignments were excluded from the final dataset but are made available with the original data.,,,,BIEN,http://onlinelibrary.wiley.com/doi/10.1002/ecy.1569/abstract,4563145,"Engemann, K",2026-03-28 23:42:38 UTC
Armatocereus laetus,Armatocereus,Cactaceae,whole plant growth form,Tree,,Species with multiple growth form classifications were assigned the growth form classification agreed upon by the majority (>2/3) of sources. Species with ambiguous or otherwise not interpretable growth form assignments were excluded from the final dataset but are made available with the original data.,,,,BIEN,http://onlinelibrary.wiley.com/doi/10.1002/ecy.1569/abstract,4563146,"Engemann, K",2026-03-28 23:42:38 UTC
Armatocereus laetus,Armatocereus,Cactaceae,whole plant growth form diversity,Tree,,Species with multiple growth form classifications were assigned the growth form classification agreed upon by the majority (>2/3) of sources. Species with ambiguous or otherwise not interpretable growth form assignments were excluded from the final dataset but are made available with the original data.,,,,BIEN,http://onlinelibrary.wiley.com/doi/10.1002/ecy.1569/abstract,4563147,"Engemann, K",2026-03-28 23:42:38 UTC
Austrocactus spiniflorus,Austrocactus,Cactaceae,whole plant growth form,Shrub,,Species with multiple growth form classifications were assigned the growth form classification agreed upon by the majority (>2/3) of sources. Species with ambiguous or otherwise not interpretable growth form assignments were excluded from the final dataset but are made available with the original data.,,,,BIEN,http://onlinelibrary.wiley.com/doi/10.1002/ecy.1569/abstract,4563148,"Engemann, K",2026-03-28 23:42:38 UTC
Armatocereus rupicola,Armatocereus,Cactaceae,whole plant growth form diversity,Vine,,Species with multiple growth form classifications were assigned the growth form classification agreed upon by the majority (>2/3) of sources. Species with ambiguous or otherwise not interpretable growth form assignments were excluded from the final dataset but are made available with the original data.,,,,BIEN,http://onlinelibrary.wiley.com/doi/10.1002/ecy.1569/abstract,4563149,"Engemann, K",2026-03-28 23:42:38 UTC
Armatocereus matucanensis,Armatocereus,Cactaceae,whole plant growth form,Shrub,,Species with multiple growth form classifications were assigned the growth form classification agreed upon by the majority (>2/3) of sources. Species with ambiguous or otherwise not interpretable growth form assignments were excluded from the final dataset but are made available with the original data.,,,,BIEN,http://onlinelibrary.wiley.com/doi/10.1002/ecy.1569/abstract,4563150,"Engemann, K",2026-03-28 23:42:38 UTC
Armatocereus matucanensis,Armatocereus,Cactaceae,whole plant growth form diversity,Tree_Shrub,,Species with multiple growth form classifications were assigned the growth form classification agreed upon by the majority (>2/3) of sources. Species with ambiguous or otherwise not interpretable growth form assignments were excluded from the final dataset but are made available with the original data.,,,,BIEN,http://onlinelibrary.wiley.com/doi/10.1002/ecy.1569/abstract,4563151,"Engemann, K",2026-03-28 23:42:38 UTC
Armatocereus rupicola,Armatocereus,Cactaceae,whole plant growth form,Vine,,Species with multiple growth form classifications were assigned the growth form classification agreed upon by the majority (>2/3) of sources. Species with ambiguous or otherwise not interpretable growth form assignments were excluded from the final dataset but are made available with the original data.,,,,BIEN,http://onlinelibrary.wiley.com/doi/10.1002/ecy.1569/abstract,4563152,"Engemann, K",2026-03-28 23:42:38 UTC
Astrophytum asterias,Astrophytum,Cactaceae,whole plant growth form,Shrub,,Species with multiple growth form classifications were assigned the growth form classification agreed upon by the majority (>2/3) of sources. Species with ambiguous or otherwise not interpretable growth form assignments were excluded from the final dataset but are made available with the original data.,,,,BIEN,http://onlinelibrary.wiley.com/doi/10.1002/ecy.1569/abstract,4563153,"Engemann, K",2026-03-28 23:42:38 UTC
Astrophytum asterias,Astrophytum,Cactaceae,whole plant growth form diversity,Shrub,,Species with multiple growth form classifications were assigned the growth form classification agreed upon by the majority (>2/3) of sources. Species with ambiguous or otherwise not interpretable growth form assignments were excluded from the final dataset but are made available with the original data.,,,,BIEN,http://onlinelibrary.wiley.com/doi/10.1002/ecy.1569/abstract,4563154,"Engemann, K",2026-03-28 23:42:38 UTC
Austrocactus spiniflorus,Austrocactus,Cactaceae,whole plant growth form diversity,Shrub,,Species with multiple growth form classifications were assigned the growth form classification agreed upon by the majority (>2/3) of sources. Species with ambiguous or otherwise not interpretable growth form assignments were excluded from the final dataset but are made available with the original data.,,,,BIEN,http://onlinelibrary.wiley.com/doi/10.1002/ecy.1569/abstract,4563155,"Engemann, K",2026-03-28 23:42:38 UTC
Browningia hertlingiana,Browningia,Cactaceae,whole plant growth form,Tree,,Species with multiple growth form classifications were assigned the growth form classification agreed upon by the majority (>2/3) of sources. Species with ambiguous or otherwise not interpretable growth form assignments were excluded from the final dataset but are made available with the original data.,,,,BIEN,http://onlinelibrary.wiley.com/doi/10.1002/ecy.1569/abstract,4563164,"Engemann, K",2026-03-28 23:42:38 UTC
Austrocylindropuntia subulata,Austrocylindropuntia,Cactaceae,whole plant growth form,Shrub,,Species with multiple growth form classifications were assigned the growth form classification agreed upon by the majority (>2/3) of sources. Species with ambiguous or otherwise not interpretable growth form assignments were excluded from the final dataset but are made available with the original data.,,,,BIEN,http://onlinelibrary.wiley.com/doi/10.1002/ecy.1569/abstract,4563156,"Engemann, K",2026-03-28 23:42:38 UTC
Austrocylindropuntia subulata,Austrocylindropuntia,Cactaceae,whole plant growth form diversity,Shrub,,Species with multiple growth form classifications were assigned the growth form classification agreed upon by the majority (>2/3) of sources. Species with ambiguous or otherwise not interpretable growth form assignments were excluded from the final dataset but are made available with the original data.,,,,BIEN,http://onlinelibrary.wiley.com/doi/10.1002/ecy.1569/abstract,4563157,"Engemann, K",2026-03-28 23:42:38 UTC
Bergerocactus emoryi,Bergerocactus,Cactaceae,whole plant growth form,Shrub,,Species with multiple growth form classifications were assigned the growth form classification agreed upon by the majority (>2/3) of sources. Species with ambiguous or otherwise not interpretable growth form assignments were excluded from the final dataset but are made available with the original data.,,,,BIEN,http://onlinelibrary.wiley.com/doi/10.1002/ecy.1569/abstract,4563158,"Engemann, K",2026-03-28 23:42:38 UTC
Bergerocactus emoryi,Bergerocactus,Cactaceae,whole plant growth form diversity,Shrub,,Species with multiple growth form classifications were assigned the growth form classification agreed upon by the majority (>2/3) of sources. Species with ambiguous or otherwise not interpretable growth form assignments were excluded from the final dataset but are made available with the original data.,,,,BIEN,http://onlinelibrary.wiley.com/doi/10.1002/ecy.1569/abstract,4563159,"Engemann, K",2026-03-28 23:42:38 UTC
Brasiliopuntia brasiliensis,Brasiliopuntia,Cactaceae,whole plant growth form,Tree,,Species with multiple growth form classifications were assigned the growth form classification agreed upon by the majority (>2/3) of sources. Species with ambiguous or otherwise not interpretable growth form assignments were excluded from the final dataset but are made available with the original data.,,,,BIEN,http://onlinelibrary.wiley.com/doi/10.1002/ecy.1569/abstract,4563160,"Engemann, K",2026-03-28 23:42:38 UTC
Brasiliopuntia brasiliensis,Brasiliopuntia,Cactaceae,whole plant growth form diversity,Tree,,Species with multiple growth form classifications were assigned the growth form classification agreed upon by the majority (>2/3) of sources. Species with ambiguous or otherwise not interpretable growth form assignments were excluded from the final dataset but are made available with the original data.,,,,BIEN,http://onlinelibrary.wiley.com/doi/10.1002/ecy.1569/abstract,4563161,"Engemann, K",2026-03-28 23:42:38 UTC
Browningia candelaris,Browningia,Cactaceae,whole plant growth form,Tree,,Species with multiple growth form classifications were assigned the growth form classification agreed upon by the majority (>2/3) of sources. Species with ambiguous or otherwise not interpretable growth form assignments were excluded from the final dataset but are made available with the original data.,,,,BIEN,http://onlinelibrary.wiley.com/doi/10.1002/ecy.1569/abstract,4563162,"Engemann, K",2026-03-28 23:42:38 UTC
Browningia candelaris,Browningia,Cactaceae,whole plant growth form diversity,Tree,,Species with multiple growth form classifications were assigned the growth form classification agreed upon by the majority (>2/3) of sources. Species with ambiguous or otherwise not interpretable growth form assignments were excluded from the final dataset but are made available with the original data.,,,,BIEN,http://onlinelibrary.wiley.com/doi/10.1002/ecy.1569/abstract,4563163,"Engemann, K",2026-03-28 23:42:38 UTC
Browningia hertlingiana,Browningia,Cactaceae,whole plant growth form diversity,Tree,,Species with multiple growth form classifications were assigned the growth form classification agreed upon by the majority (>2/3) of sources. Species with ambiguous or otherwise not interpretable growth form assignments were excluded from the final dataset but are made available with the original data.,,,,BIEN,http://onlinelibrary.wiley.com/doi/10.1002/ecy.1569/abstract,4563165,"Engemann, K",2026-03-28 23:42:38 UTC
Browningia microsperma,Browningia,Cactaceae,whole plant growth form,Tree,,Species with multiple growth form classifications were assigned the growth form classification agreed upon by the majority (>2/3) of sources. Species with ambiguous or otherwise not interpretable growth form assignments were excluded from the final dataset but are made available with the original data.,,,,BIEN,http://onlinelibrary.wiley.com/doi/10.1002/ecy.1569/abstract,4563166,"Engemann, K",2026-03-28 23:42:38 UTC
Browningia microsperma,Browningia,Cactaceae,whole plant growth form diversity,Tree,,Species with multiple growth form classifications were assigned the growth form classification agreed upon by the majority (>2/3) of sources. Species with ambiguous or otherwise not interpretable growth form assignments were excluded from the final dataset but are made available with the original data.,,,,BIEN,http://onlinelibrary.wiley.com/doi/10.1002/ecy.1569/abstract,4563167,"Engemann, K",2026-03-28 23:42:38 UTC
Carnegiea gigantea,Carnegiea,Cactaceae,whole plant growth form,Tree,,Species with multiple growth form classifications were assigned the growth form classification agreed upon by the majority (>2/3) of sources. Species with ambiguous or otherwise not interpretable growth form assignments were excluded from the final dataset but are made available with the original data.,,,,BIEN,http://onlinelibrary.wiley.com/doi/10.1002/ecy.1569/abstract,4563168,"Engemann, K",2026-03-28 23:42:38 UTC
Carnegiea gigantea,Carnegiea,Cactaceae,whole plant growth form diversity,Tree,,Species with multiple growth form classifications were assigned the growth form classification agreed upon by the majority (>2/3) of sources. Species with ambiguous or otherwise not interpretable growth form assignments were excluded from the final dataset but are made available with the original data.,,,,BIEN,http://onlinelibrary.wiley.com/doi/10.1002/ecy.1569/abstract,4563169,"Engemann, K",2026-03-28 23:42:38 UTC
Cereus aethiops,Cereus,Cactaceae,whole plant growth form,Tree,,Species with multiple growth form classifications were assigned the growth form classification agreed upon by the majority (>2/3) of sources. Species with ambiguous or otherwise not interpretable growth form assignments were excluded from the final dataset but are made available with the original data.,,,,BIEN,http://onlinelibrary.wiley.com/doi/10.1002/ecy.1569/abstract,4563170,"Engemann, K",2026-03-28 23:42:38 UTC
Cereus aethiops,Cereus,Cactaceae,whole plant growth form diversity,Tree,,Species with multiple growth form classifications were assigned the growth form classification agreed upon by the majority (>2/3) of sources. Species with ambiguous or otherwise not interpretable growth form assignments were excluded from the final dataset but are made available with the original data.,,,,BIEN,http://onlinelibrary.wiley.com/doi/10.1002/ecy.1569/abstract,4563171,"Engemann, K",2026-03-28 23:42:38 UTC
Cereus diffusus,Cereus,Cactaceae,whole plant growth form,Shrub,,Species with multiple growth form classifications were assigned the growth form classification agreed upon by the majority (>2/3) of sources. Species with ambiguous or otherwise not interpretable growth form assignments were excluded from the final dataset but are made available with the original data.,,,,BIEN,http://onlinelibrary.wiley.com/doi/10.1002/ecy.1569/abstract,4563172,"Engemann, K",2026-03-28 23:42:38 UTC
Cereus comarapanus,Cereus,Cactaceae,whole plant growth form,Tree,,Species with multiple growth form classifications were assigned the growth form classification agreed upon by the majority (>2/3) of sources. Species with ambiguous or otherwise not interpretable growth form assignments were excluded from the final dataset but are made available with the original data.,,,,BIEN,http://onlinelibrary.wiley.com/doi/10.1002/ecy.1569/abstract,4563173,"Engemann, K",2026-03-28 23:42:38 UTC
Cereus comarapanus,Cereus,Cactaceae,whole plant growth form diversity,Tree,,Species with multiple growth form classifications were assigned the growth form classification agreed upon by the majority (>2/3) of sources. Species with ambiguous or otherwise not interpretable growth form assignments were excluded from the final dataset but are made available with the original data.,,,,BIEN,http://onlinelibrary.wiley.com/doi/10.1002/ecy.1569/abstract,4563175,"Engemann, K",2026-03-28 23:42:38 UTC
Cereus diffusus,Cereus,Cactaceae,whole plant growth form diversity,Vine_Shrub,,Species with multiple growth form classifications were assigned the growth form classification agreed upon by the majority (>2/3) of sources. Species with ambiguous or otherwise not interpretable growth form assignments were excluded from the final dataset but are made available with the original data.,,,,BIEN,http://onlinelibrary.wiley.com/doi/10.1002/ecy.1569/abstract,4563176,"Engemann, K",2026-03-28 23:42:38 UTC
Cereus enneacanthus,Cereus,Cactaceae,whole plant growth form,Tree,,Species with multiple growth form classifications were assigned the growth form classification agreed upon by the majority (>2/3) of sources. Species with ambiguous or otherwise not interpretable growth form assignments were excluded from the final dataset but are made available with the original data.,,,,BIEN,http://onlinelibrary.wiley.com/doi/10.1002/ecy.1569/abstract,4563177,"Engemann, K",2026-03-28 23:42:38 UTC
Cereus enneacanthus,Cereus,Cactaceae,whole plant growth form diversity,Tree,,Species with multiple growth form classifications were assigned the growth form classification agreed upon by the majority (>2/3) of sources. Species with ambiguous or otherwise not interpretable growth form assignments were excluded from the final dataset but are made available with the original data.,,,,BIEN,http://onlinelibrary.wiley.com/doi/10.1002/ecy.1569/abstract,4563178,"Engemann, K",2026-03-28 23:42:38 UTC
Cleistocactus baumannii,Cleistocactus,Cactaceae,whole plant growth form diversity,Herb_Tree_Shrub,,Species with multiple growth form classifications were assigned the growth form classification agreed upon by the majority (>2/3) of sources. Species with ambiguous or otherwise not interpretable growth form assignments were excluded from the final dataset but are made available with the original data.,,,,BIEN,http://onlinelibrary.wiley.com/doi/10.1002/ecy.1569/abstract,4563179,"Engemann, K",2026-03-28 23:42:38 UTC
Cereus hexagonus,Cereus,Cactaceae,whole plant growth form,Tree,,Species with multiple growth form classifications were assigned the growth form classification agreed upon by the majority (>2/3) of sources. Species with ambiguous or otherwise not interpretable growth form assignments were excluded from the final dataset but are made available with the original data.,,,,BIEN,http://onlinelibrary.wiley.com/doi/10.1002/ecy.1569/abstract,4563180,"Engemann, K",2026-03-28 23:42:38 UTC
Cereus trigonodendron,Cereus,Cactaceae,whole plant growth form,Tree,,Species with multiple growth form classifications were assigned the growth form classification agreed upon by the majority (>2/3) of sources. Species with ambiguous or otherwise not interpretable growth form assignments were excluded from the final dataset but are made available with the original data.,,,,BIEN,http://onlinelibrary.wiley.com/doi/10.1002/ecy.1569/abstract,4563181,"Engemann, K",2026-03-28 23:42:38 UTC
Cereus lanosus,Cereus,Cactaceae,whole plant growth form diversity,Tree_Shrub,,Species with multiple growth form classifications were assigned the growth form classification agreed upon by the majority (>2/3) of sources. Species with ambiguous or otherwise not interpretable growth form assignments were excluded from the final dataset but are made available with the original data.,,,,BIEN,http://onlinelibrary.wiley.com/doi/10.1002/ecy.1569/abstract,4563182,"Engemann, K",2026-03-28 23:42:38 UTC
Cereus hexagonus,Cereus,Cactaceae,whole plant growth form diversity,Tree,,Species with multiple growth form classifications were assigned the growth form classification agreed upon by the majority (>2/3) of sources. Species with ambiguous or otherwise not interpretable growth form assignments were excluded from the final dataset but are made available with the original data.,,,,BIEN,http://onlinelibrary.wiley.com/doi/10.1002/ecy.1569/abstract,4563183,"Engemann, K",2026-03-28 23:42:38 UTC
Echinocereus poselgeri,Echinocereus,Cactaceae,whole plant growth form,Shrub,,Species with multiple growth form classifications were assigned the growth form classification agreed upon by the majority (>2/3) of sources. Species with ambiguous or otherwise not interpretable growth form assignments were excluded from the final dataset but are made available with the original data.,,,,BIEN,http://onlinelibrary.wiley.com/doi/10.1002/ecy.1569/abstract,4563184,"Engemann, K",2026-03-28 23:42:38 UTC
Cereus lanosus,Cereus,Cactaceae,whole plant growth form,Shrub,,Species with multiple growth form classifications were assigned the growth form classification agreed upon by the majority (>2/3) of sources. Species with ambiguous or otherwise not interpretable growth form assignments were excluded from the final dataset but are made available with the original data.,,,,BIEN,http://onlinelibrary.wiley.com/doi/10.1002/ecy.1569/abstract,4563187,"Engemann, K",2026-03-28 23:42:38 UTC
Cereus trigonodendron,Cereus,Cactaceae,whole plant growth form diversity,Tree,,Species with multiple growth form classifications were assigned the growth form classification agreed upon by the majority (>2/3) of sources. Species with ambiguous or otherwise not interpretable growth form assignments were excluded from the final dataset but are made available with the original data.,,,,BIEN,http://onlinelibrary.wiley.com/doi/10.1002/ecy.1569/abstract,4563188,"Engemann, K",2026-03-28 23:42:38 UTC
Echinocereus poselgeri,Echinocereus,Cactaceae,whole plant growth form diversity,Shrub,,Species with multiple growth form classifications were assigned the growth form classification agreed upon by the majority (>2/3) of sources. Species with ambiguous or otherwise not interpretable growth form assignments were excluded from the final dataset but are made available with the original data.,,,,BIEN,http://onlinelibrary.wiley.com/doi/10.1002/ecy.1569/abstract,4563190,"Engemann, K",2026-03-28 23:42:38 UTC
Cleistocactus baumannii,Cleistocactus,Cactaceae,whole plant growth form,Shrub,,Species with multiple growth form classifications were assigned the growth form classification agreed upon by the majority (>2/3) of sources. Species with ambiguous or otherwise not interpretable growth form assignments were excluded from the final dataset but are made available with the original data.,,,,BIEN,http://onlinelibrary.wiley.com/doi/10.1002/ecy.1569/abstract,4563191,"Engemann, K",2026-03-28 23:42:38 UTC
Cereus repandus,Cereus,Cactaceae,whole plant growth form,Tree,,Species with multiple growth form classifications were assigned the growth form classification agreed upon by the majority (>2/3) of sources. Species with ambiguous or otherwise not interpretable growth form assignments were excluded from the final dataset but are made available with the original data.,,,,BIEN,http://onlinelibrary.wiley.com/doi/10.1002/ecy.1569/abstract,4563192,"Engemann, K",2026-03-28 23:42:38 UTC
Cereus repandus,Cereus,Cactaceae,whole plant growth form diversity,Tree,,Species with multiple growth form classifications were assigned the growth form classification agreed upon by the majority (>2/3) of sources. Species with ambiguous or otherwise not interpretable growth form assignments were excluded from the final dataset but are made available with the original data.,,,,BIEN,http://onlinelibrary.wiley.com/doi/10.1002/ecy.1569/abstract,4563193,"Engemann, K",2026-03-28 23:42:38 UTC
Cereus stenogonus,Cereus,Cactaceae,whole plant growth form,Tree,,Species with multiple growth form classifications were assigned the growth form classification agreed upon by the majority (>2/3) of sources. Species with ambiguous or otherwise not interpretable growth form assignments were excluded from the final dataset but are made available with the original data.,,,,BIEN,http://onlinelibrary.wiley.com/doi/10.1002/ecy.1569/abstract,4563194,"Engemann, K",2026-03-28 23:42:38 UTC
Cereus stenogonus,Cereus,Cactaceae,whole plant growth form diversity,Shrub_Tree,,Species with multiple growth form classifications were assigned the growth form classification agreed upon by the majority (>2/3) of sources. Species with ambiguous or otherwise not interpretable growth form assignments were excluded from the final dataset but are made available with the original data.,,,,BIEN,http://onlinelibrary.wiley.com/doi/10.1002/ecy.1569/abstract,4563195,"Engemann, K",2026-03-28 23:42:38 UTC
Cleistocactus sepium,Cleistocactus,Cactaceae,whole plant growth form,Shrub,,Species with multiple growth form classifications were assigned the growth form classification agreed upon by the majority (>2/3) of sources. Species with ambiguous or otherwise not interpretable growth form assignments were excluded from the final dataset but are made available with the original data.,,,,BIEN,http://onlinelibrary.wiley.com/doi/10.1002/ecy.1569/abstract,4563196,"Engemann, K",2026-03-28 23:42:38 UTC
Cleistocactus sepium,Cleistocactus,Cactaceae,whole plant growth form diversity,Herb_Vine_Shrub,,Species with multiple growth form classifications were assigned the growth form classification agreed upon by the majority (>2/3) of sources. Species with ambiguous or otherwise not interpretable growth form assignments were excluded from the final dataset but are made available with the original data.,,,,BIEN,http://onlinelibrary.wiley.com/doi/10.1002/ecy.1569/abstract,4563197,"Engemann, K",2026-03-28 23:42:38 UTC
Cleistocactus serpens,Cleistocactus,Cactaceae,whole plant growth form,Shrub,,Species with multiple growth form classifications were assigned the growth form classification agreed upon by the majority (>2/3) of sources. Species with ambiguous or otherwise not interpretable growth form assignments were excluded from the final dataset but are made available with the original data.,,,,BIEN,http://onlinelibrary.wiley.com/doi/10.1002/ecy.1569/abstract,4563198,"Engemann, K",2026-03-28 23:42:38 UTC
Cleistocactus serpens,Cleistocactus,Cactaceae,whole plant growth form diversity,Herb_Shrub,,Species with multiple growth form classifications were assigned the growth form classification agreed upon by the majority (>2/3) of sources. Species with ambiguous or otherwise not interpretable growth form assignments were excluded from the final dataset but are made available with the original data.,,,,BIEN,http://onlinelibrary.wiley.com/doi/10.1002/ecy.1569/abstract,4563199,"Engemann, K",2026-03-28 23:42:38 UTC
Cleistocactus smaragdiflorus,Cleistocactus,Cactaceae,whole plant growth form,Herb,,Species with multiple growth form classifications were assigned the growth form classification agreed upon by the majority (>2/3) of sources. Species with ambiguous or otherwise not interpretable growth form assignments were excluded from the final dataset but are made available with the original data.,,,,BIEN,http://onlinelibrary.wiley.com/doi/10.1002/ecy.1569/abstract,4563200,"Engemann, K",2026-03-28 23:42:38 UTC
Cleistocactus smaragdiflorus,Cleistocactus,Cactaceae,whole plant growth form diversity,Herb,,Species with multiple growth form classifications were assigned the growth form classification agreed upon by the majority (>2/3) of sources. Species with ambiguous or otherwise not interpretable growth form assignments were excluded from the final dataset but are made available with the original data.,,,,BIEN,http://onlinelibrary.wiley.com/doi/10.1002/ecy.1569/abstract,4563201,"Engemann, K",2026-03-28 23:42:38 UTC
Consolea corallicola,Consolea,Cactaceae,whole plant growth form,Shrub,,Species with multiple growth form classifications were assigned the growth form classification agreed upon by the majority (>2/3) of sources. Species with ambiguous or otherwise not interpretable growth form assignments were excluded from the final dataset but are made available with the original data.,,,,BIEN,http://onlinelibrary.wiley.com/doi/10.1002/ecy.1569/abstract,4563202,"Engemann, K",2026-03-28 23:42:38 UTC
Consolea corallicola,Consolea,Cactaceae,whole plant growth form diversity,Shrub,,Species with multiple growth form classifications were assigned the growth form classification agreed upon by the majority (>2/3) of sources. Species with ambiguous or otherwise not interpretable growth form assignments were excluded from the final dataset but are made available with the original data.,,,,BIEN,http://onlinelibrary.wiley.com/doi/10.1002/ecy.1569/abstract,4563203,"Engemann, K",2026-03-28 23:42:38 UTC
Consolea microcarpa,Consolea,Cactaceae,whole plant growth form,Shrub,,Species with multiple growth form classifications were assigned the growth form classification agreed upon by the majority (>2/3) of sources. Species with ambiguous or otherwise not interpretable growth form assignments were excluded from the final dataset but are made available with the original data.,,,,BIEN,http://onlinelibrary.wiley.com/doi/10.1002/ecy.1569/abstract,4563204,"Engemann, K",2026-03-28 23:42:38 UTC
Coryphantha bella,Coryphantha,Cactaceae,whole plant growth form,Shrub,,Species with multiple growth form classifications were assigned the growth form classification agreed upon by the majority (>2/3) of sources. Species with ambiguous or otherwise not interpretable growth form assignments were excluded from the final dataset but are made available with the original data.,,,,BIEN,http://onlinelibrary.wiley.com/doi/10.1002/ecy.1569/abstract,4563213,"Engemann, K",2026-03-28 23:42:38 UTC
Consolea microcarpa,Consolea,Cactaceae,whole plant growth form diversity,Shrub,,Species with multiple growth form classifications were assigned the growth form classification agreed upon by the majority (>2/3) of sources. Species with ambiguous or otherwise not interpretable growth form assignments were excluded from the final dataset but are made available with the original data.,,,,BIEN,http://onlinelibrary.wiley.com/doi/10.1002/ecy.1569/abstract,4563205,"Engemann, K",2026-03-28 23:42:38 UTC
Corryocactus ayacuchoensis,Corryocactus,Cactaceae,whole plant growth form diversity,Tree,,Species with multiple growth form classifications were assigned the growth form classification agreed upon by the majority (>2/3) of sources. Species with ambiguous or otherwise not interpretable growth form assignments were excluded from the final dataset but are made available with the original data.,,,,BIEN,http://onlinelibrary.wiley.com/doi/10.1002/ecy.1569/abstract,4563206,"Engemann, K",2026-03-28 23:42:38 UTC
Corryocactus brevistylus,Corryocactus,Cactaceae,whole plant growth form,Tree,,Species with multiple growth form classifications were assigned the growth form classification agreed upon by the majority (>2/3) of sources. Species with ambiguous or otherwise not interpretable growth form assignments were excluded from the final dataset but are made available with the original data.,,,,BIEN,http://onlinelibrary.wiley.com/doi/10.1002/ecy.1569/abstract,4563207,"Engemann, K",2026-03-28 23:42:38 UTC
Corryocactus brevistylus,Corryocactus,Cactaceae,whole plant growth form diversity,Tree,,Species with multiple growth form classifications were assigned the growth form classification agreed upon by the majority (>2/3) of sources. Species with ambiguous or otherwise not interpretable growth form assignments were excluded from the final dataset but are made available with the original data.,,,,BIEN,http://onlinelibrary.wiley.com/doi/10.1002/ecy.1569/abstract,4563208,"Engemann, K",2026-03-28 23:42:38 UTC
Corryocactus melanotrichus,Corryocactus,Cactaceae,whole plant growth form,Tree,,Species with multiple growth form classifications were assigned the growth form classification agreed upon by the majority (>2/3) of sources. Species with ambiguous or otherwise not interpretable growth form assignments were excluded from the final dataset but are made available with the original data.,,,,BIEN,http://onlinelibrary.wiley.com/doi/10.1002/ecy.1569/abstract,4563209,"Engemann, K",2026-03-28 23:42:38 UTC
Corryocactus melanotrichus,Corryocactus,Cactaceae,whole plant growth form diversity,Tree,,Species with multiple growth form classifications were assigned the growth form classification agreed upon by the majority (>2/3) of sources. Species with ambiguous or otherwise not interpretable growth form assignments were excluded from the final dataset but are made available with the original data.,,,,BIEN,http://onlinelibrary.wiley.com/doi/10.1002/ecy.1569/abstract,4563210,"Engemann, K",2026-03-28 23:42:38 UTC
Coryphantha alversonii,Coryphantha,Cactaceae,whole plant growth form,Shrub,,Species with multiple growth form classifications were assigned the growth form classification agreed upon by the majority (>2/3) of sources. Species with ambiguous or otherwise not interpretable growth form assignments were excluded from the final dataset but are made available with the original data.,,,,BIEN,http://onlinelibrary.wiley.com/doi/10.1002/ecy.1569/abstract,4563211,"Engemann, K",2026-03-28 23:42:38 UTC
Coryphantha alversonii,Coryphantha,Cactaceae,whole plant growth form diversity,Shrub,,Species with multiple growth form classifications were assigned the growth form classification agreed upon by the majority (>2/3) of sources. Species with ambiguous or otherwise not interpretable growth form assignments were excluded from the final dataset but are made available with the original data.,,,,BIEN,http://onlinelibrary.wiley.com/doi/10.1002/ecy.1569/abstract,4563212,"Engemann, K",2026-03-28 23:42:38 UTC
Coryphantha bella,Coryphantha,Cactaceae,whole plant growth form diversity,Shrub,,Species with multiple growth form classifications were assigned the growth form classification agreed upon by the majority (>2/3) of sources. Species with ambiguous or otherwise not interpretable growth form assignments were excluded from the final dataset but are made available with the original data.,,,,BIEN,http://onlinelibrary.wiley.com/doi/10.1002/ecy.1569/abstract,4563214,"Engemann, K",2026-03-28 23:42:38 UTC
Coryphantha chaffeyi,Coryphantha,Cactaceae,whole plant growth form,Shrub,,Species with multiple growth form classifications were assigned the growth form classification agreed upon by the majority (>2/3) of sources. Species with ambiguous or otherwise not interpretable growth form assignments were excluded from the final dataset but are made available with the original data.,,,,BIEN,http://onlinelibrary.wiley.com/doi/10.1002/ecy.1569/abstract,4563215,"Engemann, K",2026-03-28 23:42:38 UTC
Coryphantha chaffeyi,Coryphantha,Cactaceae,whole plant growth form diversity,Shrub,,Species with multiple growth form classifications were assigned the growth form classification agreed upon by the majority (>2/3) of sources. Species with ambiguous or otherwise not interpretable growth form assignments were excluded from the final dataset but are made available with the original data.,,,,BIEN,http://onlinelibrary.wiley.com/doi/10.1002/ecy.1569/abstract,4563216,"Engemann, K",2026-03-28 23:42:38 UTC
Coryphantha chlorantha,Coryphantha,Cactaceae,whole plant growth form,Shrub,,Species with multiple growth form classifications were assigned the growth form classification agreed upon by the majority (>2/3) of sources. Species with ambiguous or otherwise not interpretable growth form assignments were excluded from the final dataset but are made available with the original data.,,,,BIEN,http://onlinelibrary.wiley.com/doi/10.1002/ecy.1569/abstract,4563217,"Engemann, K",2026-03-28 23:42:38 UTC
Echinocactus texensis,Echinocactus,Cactaceae,whole plant growth form,Shrub,,Species with multiple growth form classifications were assigned the growth form classification agreed upon by the majority (>2/3) of sources. Species with ambiguous or otherwise not interpretable growth form assignments were excluded from the final dataset but are made available with the original data.,,,,BIEN,http://onlinelibrary.wiley.com/doi/10.1002/ecy.1569/abstract,4563285,"Engemann, K",2026-03-28 23:42:38 UTC
Coryphantha chlorantha,Coryphantha,Cactaceae,whole plant growth form diversity,Shrub,,Species with multiple growth form classifications were assigned the growth form classification agreed upon by the majority (>2/3) of sources. Species with ambiguous or otherwise not interpretable growth form assignments were excluded from the final dataset but are made available with the original data.,,,,BIEN,http://onlinelibrary.wiley.com/doi/10.1002/ecy.1569/abstract,4563218,"Engemann, K",2026-03-28 23:42:38 UTC
Coryphantha echinus,Coryphantha,Cactaceae,whole plant growth form,Shrub,,Species with multiple growth form classifications were assigned the growth form classification agreed upon by the majority (>2/3) of sources. Species with ambiguous or otherwise not interpretable growth form assignments were excluded from the final dataset but are made available with the original data.,,,,BIEN,http://onlinelibrary.wiley.com/doi/10.1002/ecy.1569/abstract,4563219,"Engemann, K",2026-03-28 23:42:38 UTC
Coryphantha echinus,Coryphantha,Cactaceae,whole plant growth form diversity,Shrub,,Species with multiple growth form classifications were assigned the growth form classification agreed upon by the majority (>2/3) of sources. Species with ambiguous or otherwise not interpretable growth form assignments were excluded from the final dataset but are made available with the original data.,,,,BIEN,http://onlinelibrary.wiley.com/doi/10.1002/ecy.1569/abstract,4563220,"Engemann, K",2026-03-28 23:42:38 UTC
Coryphantha hesteri,Coryphantha,Cactaceae,whole plant growth form,Shrub,,Species with multiple growth form classifications were assigned the growth form classification agreed upon by the majority (>2/3) of sources. Species with ambiguous or otherwise not interpretable growth form assignments were excluded from the final dataset but are made available with the original data.,,,,BIEN,http://onlinelibrary.wiley.com/doi/10.1002/ecy.1569/abstract,4563221,"Engemann, K",2026-03-28 23:42:38 UTC
Coryphantha hesteri,Coryphantha,Cactaceae,whole plant growth form diversity,Shrub,,Species with multiple growth form classifications were assigned the growth form classification agreed upon by the majority (>2/3) of sources. Species with ambiguous or otherwise not interpretable growth form assignments were excluded from the final dataset but are made available with the original data.,,,,BIEN,http://onlinelibrary.wiley.com/doi/10.1002/ecy.1569/abstract,4563222,"Engemann, K",2026-03-28 23:42:38 UTC
Coryphantha macromeris,Coryphantha,Cactaceae,whole plant growth form diversity,Herb_Shrub,,Species with multiple growth form classifications were assigned the growth form classification agreed upon by the majority (>2/3) of sources. Species with ambiguous or otherwise not interpretable growth form assignments were excluded from the final dataset but are made available with the original data.,,,,BIEN,http://onlinelibrary.wiley.com/doi/10.1002/ecy.1569/abstract,4563223,"Engemann, K",2026-03-28 23:42:38 UTC
Coryphantha minima,Coryphantha,Cactaceae,whole plant growth form,Shrub,,Species with multiple growth form classifications were assigned the growth form classification agreed upon by the majority (>2/3) of sources. Species with ambiguous or otherwise not interpretable growth form assignments were excluded from the final dataset but are made available with the original data.,,,,BIEN,http://onlinelibrary.wiley.com/doi/10.1002/ecy.1569/abstract,4563224,"Engemann, K",2026-03-28 23:42:38 UTC
Coryphantha missouriensis,Coryphantha,Cactaceae,whole plant growth form,Shrub,,Species with multiple growth form classifications were assigned the growth form classification agreed upon by the majority (>2/3) of sources. Species with ambiguous or otherwise not interpretable growth form assignments were excluded from the final dataset but are made available with the original data.,,,,BIEN,http://onlinelibrary.wiley.com/doi/10.1002/ecy.1569/abstract,4563225,"Engemann, K",2026-03-28 23:42:38 UTC
Epiphyllum pumilum,Epiphyllum,Cactaceae,whole plant growth form,Non-woody epiphyte,,Species with multiple growth form classifications were assigned the growth form classification agreed upon by the majority (>2/3) of sources. Species with ambiguous or otherwise not interpretable growth form assignments were excluded from the final dataset but are made available with the original data.,,,,BIEN,http://onlinelibrary.wiley.com/doi/10.1002/ecy.1569/abstract,4563226,"Engemann, K",2026-03-28 23:42:38 UTC
Coryphantha nickelsiae,Coryphantha,Cactaceae,whole plant growth form,Shrub,,Species with multiple growth form classifications were assigned the growth form classification agreed upon by the majority (>2/3) of sources. Species with ambiguous or otherwise not interpretable growth form assignments were excluded from the final dataset but are made available with the original data.,,,,BIEN,http://onlinelibrary.wiley.com/doi/10.1002/ecy.1569/abstract,4563227,"Engemann, K",2026-03-28 23:42:38 UTC
Coryphantha nickelsiae,Coryphantha,Cactaceae,whole plant growth form diversity,Shrub,,Species with multiple growth form classifications were assigned the growth form classification agreed upon by the majority (>2/3) of sources. Species with ambiguous or otherwise not interpretable growth form assignments were excluded from the final dataset but are made available with the original data.,,,,BIEN,http://onlinelibrary.wiley.com/doi/10.1002/ecy.1569/abstract,4563228,"Engemann, K",2026-03-28 23:42:38 UTC
Coryphantha ramillosa,Coryphantha,Cactaceae,whole plant growth form,Shrub,,Species with multiple growth form classifications were assigned the growth form classification agreed upon by the majority (>2/3) of sources. Species with ambiguous or otherwise not interpretable growth form assignments were excluded from the final dataset but are made available with the original data.,,,,BIEN,http://onlinelibrary.wiley.com/doi/10.1002/ecy.1569/abstract,4563229,"Engemann, K",2026-03-28 23:42:38 UTC
Coryphantha ramillosa,Coryphantha,Cactaceae,whole plant growth form diversity,Shrub,,Species with multiple growth form classifications were assigned the growth form classification agreed upon by the majority (>2/3) of sources. Species with ambiguous or otherwise not interpretable growth form assignments were excluded from the final dataset but are made available with the original data.,,,,BIEN,http://onlinelibrary.wiley.com/doi/10.1002/ecy.1569/abstract,4563230,"Engemann, K",2026-03-28 23:42:38 UTC
Coryphantha recurvata,Coryphantha,Cactaceae,whole plant growth form diversity,Shrub,,Species with multiple growth form classifications were assigned the growth form classification agreed upon by the majority (>2/3) of sources. Species with ambiguous or otherwise not interpretable growth form assignments were excluded from the final dataset but are made available with the original data.,,,,BIEN,http://onlinelibrary.wiley.com/doi/10.1002/ecy.1569/abstract,4563231,"Engemann, K",2026-03-28 23:42:38 UTC
Cylindropuntia abysii,Cylindropuntia,Cactaceae,whole plant growth form,Shrub,,Species with multiple growth form classifications were assigned the growth form classification agreed upon by the majority (>2/3) of sources. Species with ambiguous or otherwise not interpretable growth form assignments were excluded from the final dataset but are made available with the original data.,,,,BIEN,http://onlinelibrary.wiley.com/doi/10.1002/ecy.1569/abstract,4563236,"Engemann, K",2026-03-28 23:42:38 UTC
Coryphantha robustispina,Coryphantha,Cactaceae,whole plant growth form,Shrub,,Species with multiple growth form classifications were assigned the growth form classification agreed upon by the majority (>2/3) of sources. Species with ambiguous or otherwise not interpretable growth form assignments were excluded from the final dataset but are made available with the original data.,,,,BIEN,http://onlinelibrary.wiley.com/doi/10.1002/ecy.1569/abstract,4563232,"Engemann, K",2026-03-28 23:42:38 UTC
Coryphantha robustispina,Coryphantha,Cactaceae,whole plant growth form diversity,Herb_Shrub,,Species with multiple growth form classifications were assigned the growth form classification agreed upon by the majority (>2/3) of sources. Species with ambiguous or otherwise not interpretable growth form assignments were excluded from the final dataset but are made available with the original data.,,,,BIEN,http://onlinelibrary.wiley.com/doi/10.1002/ecy.1569/abstract,4563233,"Engemann, K",2026-03-28 23:42:38 UTC
Coryphantha sulcata,Coryphantha,Cactaceae,whole plant growth form,Shrub,,Species with multiple growth form classifications were assigned the growth form classification agreed upon by the majority (>2/3) of sources. Species with ambiguous or otherwise not interpretable growth form assignments were excluded from the final dataset but are made available with the original data.,,,,BIEN,http://onlinelibrary.wiley.com/doi/10.1002/ecy.1569/abstract,4563234,"Engemann, K",2026-03-28 23:42:38 UTC
Coryphantha sulcata,Coryphantha,Cactaceae,whole plant growth form diversity,Shrub,,Species with multiple growth form classifications were assigned the growth form classification agreed upon by the majority (>2/3) of sources. Species with ambiguous or otherwise not interpretable growth form assignments were excluded from the final dataset but are made available with the original data.,,,,BIEN,http://onlinelibrary.wiley.com/doi/10.1002/ecy.1569/abstract,4563235,"Engemann, K",2026-03-28 23:42:38 UTC
Cylindropuntia abysii,Cylindropuntia,Cactaceae,whole plant growth form diversity,Shrub,,Species with multiple growth form classifications were assigned the growth form classification agreed upon by the majority (>2/3) of sources. Species with ambiguous or otherwise not interpretable growth form assignments were excluded from the final dataset but are made available with the original data.,,,,BIEN,http://onlinelibrary.wiley.com/doi/10.1002/ecy.1569/abstract,4563237,"Engemann, K",2026-03-28 23:42:38 UTC
Cylindropuntia acanthocarpa,Cylindropuntia,Cactaceae,whole plant growth form,Shrub,,Species with multiple growth form classifications were assigned the growth form classification agreed upon by the majority (>2/3) of sources. Species with ambiguous or otherwise not interpretable growth form assignments were excluded from the final dataset but are made available with the original data.,,,,BIEN,http://onlinelibrary.wiley.com/doi/10.1002/ecy.1569/abstract,4563238,"Engemann, K",2026-03-28 23:42:38 UTC
Cylindropuntia acanthocarpa,Cylindropuntia,Cactaceae,whole plant growth form diversity,Herb_Vine_Shrub,,Species with multiple growth form classifications were assigned the growth form classification agreed upon by the majority (>2/3) of sources. Species with ambiguous or otherwise not interpretable growth form assignments were excluded from the final dataset but are made available with the original data.,,,,BIEN,http://onlinelibrary.wiley.com/doi/10.1002/ecy.1569/abstract,4563239,"Engemann, K",2026-03-28 23:42:38 UTC
Cylindropuntia arbuscula,Cylindropuntia,Cactaceae,whole plant growth form,Shrub,,Species with multiple growth form classifications were assigned the growth form classification agreed upon by the majority (>2/3) of sources. Species with ambiguous or otherwise not interpretable growth form assignments were excluded from the final dataset but are made available with the original data.,,,,BIEN,http://onlinelibrary.wiley.com/doi/10.1002/ecy.1569/abstract,4563240,"Engemann, K",2026-03-28 23:42:38 UTC
Cylindropuntia arbuscula,Cylindropuntia,Cactaceae,whole plant growth form diversity,Shrub,,Species with multiple growth form classifications were assigned the growth form classification agreed upon by the majority (>2/3) of sources. Species with ambiguous or otherwise not interpretable growth form assignments were excluded from the final dataset but are made available with the original data.,,,,BIEN,http://onlinelibrary.wiley.com/doi/10.1002/ecy.1569/abstract,4563241,"Engemann, K",2026-03-28 23:42:38 UTC
Cylindropuntia californica,Cylindropuntia,Cactaceae,whole plant growth form,Shrub,,Species with multiple growth form classifications were assigned the growth form classification agreed upon by the majority (>2/3) of sources. Species with ambiguous or otherwise not interpretable growth form assignments were excluded from the final dataset but are made available with the original data.,,,,BIEN,http://onlinelibrary.wiley.com/doi/10.1002/ecy.1569/abstract,4563242,"Engemann, K",2026-03-28 23:42:38 UTC
Cylindropuntia californica,Cylindropuntia,Cactaceae,whole plant growth form diversity,Shrub,,Species with multiple growth form classifications were assigned the growth form classification agreed upon by the majority (>2/3) of sources. Species with ambiguous or otherwise not interpretable growth form assignments were excluded from the final dataset but are made available with the original data.,,,,BIEN,http://onlinelibrary.wiley.com/doi/10.1002/ecy.1569/abstract,4563243,"Engemann, K",2026-03-28 23:42:38 UTC
Cylindropuntia davisii,Cylindropuntia,Cactaceae,whole plant growth form,Shrub,,Species with multiple growth form classifications were assigned the growth form classification agreed upon by the majority (>2/3) of sources. Species with ambiguous or otherwise not interpretable growth form assignments were excluded from the final dataset but are made available with the original data.,,,,BIEN,http://onlinelibrary.wiley.com/doi/10.1002/ecy.1569/abstract,4563244,"Engemann, K",2026-03-28 23:42:38 UTC
Cylindropuntia davisii,Cylindropuntia,Cactaceae,whole plant growth form diversity,Shrub,,Species with multiple growth form classifications were assigned the growth form classification agreed upon by the majority (>2/3) of sources. Species with ambiguous or otherwise not interpretable growth form assignments were excluded from the final dataset but are made available with the original data.,,,,BIEN,http://onlinelibrary.wiley.com/doi/10.1002/ecy.1569/abstract,4563245,"Engemann, K",2026-03-28 23:42:38 UTC
Cylindropuntia echinocarpa,Cylindropuntia,Cactaceae,whole plant growth form,Shrub,,Species with multiple growth form classifications were assigned the growth form classification agreed upon by the majority (>2/3) of sources. Species with ambiguous or otherwise not interpretable growth form assignments were excluded from the final dataset but are made available with the original data.,,,,BIEN,http://onlinelibrary.wiley.com/doi/10.1002/ecy.1569/abstract,4563246,"Engemann, K",2026-03-28 23:42:38 UTC
Echinocactus texensis,Echinocactus,Cactaceae,whole plant growth form diversity,Shrub,,Species with multiple growth form classifications were assigned the growth form classification agreed upon by the majority (>2/3) of sources. Species with ambiguous or otherwise not interpretable growth form assignments were excluded from the final dataset but are made available with the original data.,,,,BIEN,http://onlinelibrary.wiley.com/doi/10.1002/ecy.1569/abstract,4563247,"Engemann, K",2026-03-28 23:42:38 UTC
Cylindropuntia echinocarpa,Cylindropuntia,Cactaceae,whole plant growth form diversity,Shrub,,Species with multiple growth form classifications were assigned the growth form classification agreed upon by the majority (>2/3) of sources. Species with ambiguous or otherwise not interpretable growth form assignments were excluded from the final dataset but are made available with the original data.,,,,BIEN,http://onlinelibrary.wiley.com/doi/10.1002/ecy.1569/abstract,4563248,"Engemann, K",2026-03-28 23:42:38 UTC
Cylindropuntia ganderi,Cylindropuntia,Cactaceae,whole plant growth form,Shrub,,Species with multiple growth form classifications were assigned the growth form classification agreed upon by the majority (>2/3) of sources. Species with ambiguous or otherwise not interpretable growth form assignments were excluded from the final dataset but are made available with the original data.,,,,BIEN,http://onlinelibrary.wiley.com/doi/10.1002/ecy.1569/abstract,4563249,"Engemann, K",2026-03-28 23:42:38 UTC
Cylindropuntia ganderi,Cylindropuntia,Cactaceae,whole plant growth form diversity,Shrub,,Species with multiple growth form classifications were assigned the growth form classification agreed upon by the majority (>2/3) of sources. Species with ambiguous or otherwise not interpretable growth form assignments were excluded from the final dataset but are made available with the original data.,,,,BIEN,http://onlinelibrary.wiley.com/doi/10.1002/ecy.1569/abstract,4563250,"Engemann, K",2026-03-28 23:42:38 UTC
Cylindropuntia imbricata,Cylindropuntia,Cactaceae,whole plant growth form,Shrub,,Species with multiple growth form classifications were assigned the growth form classification agreed upon by the majority (>2/3) of sources. Species with ambiguous or otherwise not interpretable growth form assignments were excluded from the final dataset but are made available with the original data.,,,,BIEN,http://onlinelibrary.wiley.com/doi/10.1002/ecy.1569/abstract,4563251,"Engemann, K",2026-03-28 23:42:38 UTC
Cylindropuntia imbricata,Cylindropuntia,Cactaceae,whole plant growth form diversity,Shrub,,Species with multiple growth form classifications were assigned the growth form classification agreed upon by the majority (>2/3) of sources. Species with ambiguous or otherwise not interpretable growth form assignments were excluded from the final dataset but are made available with the original data.,,,,BIEN,http://onlinelibrary.wiley.com/doi/10.1002/ecy.1569/abstract,4563252,"Engemann, K",2026-03-28 23:42:38 UTC
Cylindropuntia kleiniae,Cylindropuntia,Cactaceae,whole plant growth form,Shrub,,Species with multiple growth form classifications were assigned the growth form classification agreed upon by the majority (>2/3) of sources. Species with ambiguous or otherwise not interpretable growth form assignments were excluded from the final dataset but are made available with the original data.,,,,BIEN,http://onlinelibrary.wiley.com/doi/10.1002/ecy.1569/abstract,4563253,"Engemann, K",2026-03-28 23:42:38 UTC
Cylindropuntia kleiniae,Cylindropuntia,Cactaceae,whole plant growth form diversity,Shrub,,Species with multiple growth form classifications were assigned the growth form classification agreed upon by the majority (>2/3) of sources. Species with ambiguous or otherwise not interpretable growth form assignments were excluded from the final dataset but are made available with the original data.,,,,BIEN,http://onlinelibrary.wiley.com/doi/10.1002/ecy.1569/abstract,4563254,"Engemann, K",2026-03-28 23:42:38 UTC
Cylindropuntia leptocaulis,Cylindropuntia,Cactaceae,whole plant growth form,Shrub,,Species with multiple growth form classifications were assigned the growth form classification agreed upon by the majority (>2/3) of sources. Species with ambiguous or otherwise not interpretable growth form assignments were excluded from the final dataset but are made available with the original data.,,,,BIEN,http://onlinelibrary.wiley.com/doi/10.1002/ecy.1569/abstract,4563255,"Engemann, K",2026-03-28 23:42:38 UTC
Cylindropuntia leptocaulis,Cylindropuntia,Cactaceae,whole plant growth form diversity,Shrub,,Species with multiple growth form classifications were assigned the growth form classification agreed upon by the majority (>2/3) of sources. Species with ambiguous or otherwise not interpretable growth form assignments were excluded from the final dataset but are made available with the original data.,,,,BIEN,http://onlinelibrary.wiley.com/doi/10.1002/ecy.1569/abstract,4563256,"Engemann, K",2026-03-28 23:42:38 UTC
Cylindropuntia munzii,Cylindropuntia,Cactaceae,whole plant growth form,Shrub,,Species with multiple growth form classifications were assigned the growth form classification agreed upon by the majority (>2/3) of sources. Species with ambiguous or otherwise not interpretable growth form assignments were excluded from the final dataset but are made available with the original data.,,,,BIEN,http://onlinelibrary.wiley.com/doi/10.1002/ecy.1569/abstract,4563257,"Engemann, K",2026-03-28 23:42:38 UTC
Cylindropuntia munzii,Cylindropuntia,Cactaceae,whole plant growth form diversity,Shrub,,Species with multiple growth form classifications were assigned the growth form classification agreed upon by the majority (>2/3) of sources. Species with ambiguous or otherwise not interpretable growth form assignments were excluded from the final dataset but are made available with the original data.,,,,BIEN,http://onlinelibrary.wiley.com/doi/10.1002/ecy.1569/abstract,4563258,"Engemann, K",2026-03-28 23:42:38 UTC
Cylindropuntia prolifera,Cylindropuntia,Cactaceae,whole plant growth form,Shrub,,Species with multiple growth form classifications were assigned the growth form classification agreed upon by the majority (>2/3) of sources. Species with ambiguous or otherwise not interpretable growth form assignments were excluded from the final dataset but are made available with the original data.,,,,BIEN,http://onlinelibrary.wiley.com/doi/10.1002/ecy.1569/abstract,4563259,"Engemann, K",2026-03-28 23:42:38 UTC
Cylindropuntia prolifera,Cylindropuntia,Cactaceae,whole plant growth form diversity,Shrub,,Species with multiple growth form classifications were assigned the growth form classification agreed upon by the majority (>2/3) of sources. Species with ambiguous or otherwise not interpretable growth form assignments were excluded from the final dataset but are made available with the original data.,,,,BIEN,http://onlinelibrary.wiley.com/doi/10.1002/ecy.1569/abstract,4563260,"Engemann, K",2026-03-28 23:42:38 UTC
Cylindropuntia ramosissima,Cylindropuntia,Cactaceae,whole plant growth form,Shrub,,Species with multiple growth form classifications were assigned the growth form classification agreed upon by the majority (>2/3) of sources. Species with ambiguous or otherwise not interpretable growth form assignments were excluded from the final dataset but are made available with the original data.,,,,BIEN,http://onlinelibrary.wiley.com/doi/10.1002/ecy.1569/abstract,4563261,"Engemann, K",2026-03-28 23:42:38 UTC
Cylindropuntia ramosissima,Cylindropuntia,Cactaceae,whole plant growth form diversity,Shrub,,Species with multiple growth form classifications were assigned the growth form classification agreed upon by the majority (>2/3) of sources. Species with ambiguous or otherwise not interpretable growth form assignments were excluded from the final dataset but are made available with the original data.,,,,BIEN,http://onlinelibrary.wiley.com/doi/10.1002/ecy.1569/abstract,4563262,"Engemann, K",2026-03-28 23:42:38 UTC
Cylindropuntia spinosior,Cylindropuntia,Cactaceae,whole plant growth form,Shrub,,Species with multiple growth form classifications were assigned the growth form classification agreed upon by the majority (>2/3) of sources. Species with ambiguous or otherwise not interpretable growth form assignments were excluded from the final dataset but are made available with the original data.,,,,BIEN,http://onlinelibrary.wiley.com/doi/10.1002/ecy.1569/abstract,4563263,"Engemann, K",2026-03-28 23:42:38 UTC
Cylindropuntia spinosior,Cylindropuntia,Cactaceae,whole plant growth form diversity,Shrub,,Species with multiple growth form classifications were assigned the growth form classification agreed upon by the majority (>2/3) of sources. Species with ambiguous or otherwise not interpretable growth form assignments were excluded from the final dataset but are made available with the original data.,,,,BIEN,http://onlinelibrary.wiley.com/doi/10.1002/ecy.1569/abstract,4563264,"Engemann, K",2026-03-28 23:42:38 UTC
Cylindropuntia tunicata,Cylindropuntia,Cactaceae,whole plant growth form,Shrub,,Species with multiple growth form classifications were assigned the growth form classification agreed upon by the majority (>2/3) of sources. Species with ambiguous or otherwise not interpretable growth form assignments were excluded from the final dataset but are made available with the original data.,,,,BIEN,http://onlinelibrary.wiley.com/doi/10.1002/ecy.1569/abstract,4563265,"Engemann, K",2026-03-28 23:42:38 UTC
Cylindropuntia tunicata,Cylindropuntia,Cactaceae,whole plant growth form diversity,Shrub,,Species with multiple growth form classifications were assigned the growth form classification agreed upon by the majority (>2/3) of sources. Species with ambiguous or otherwise not interpretable growth form assignments were excluded from the final dataset but are made available with the original data.,,,,BIEN,http://onlinelibrary.wiley.com/doi/10.1002/ecy.1569/abstract,4563266,"Engemann, K",2026-03-28 23:42:38 UTC
Cylindropuntia versicolor,Cylindropuntia,Cactaceae,whole plant growth form,Shrub,,Species with multiple growth form classifications were assigned the growth form classification agreed upon by the majority (>2/3) of sources. Species with ambiguous or otherwise not interpretable growth form assignments were excluded from the final dataset but are made available with the original data.,,,,BIEN,http://onlinelibrary.wiley.com/doi/10.1002/ecy.1569/abstract,4563267,"Engemann, K",2026-03-28 23:42:38 UTC
Cylindropuntia versicolor,Cylindropuntia,Cactaceae,whole plant growth form diversity,Shrub,,Species with multiple growth form classifications were assigned the growth form classification agreed upon by the majority (>2/3) of sources. Species with ambiguous or otherwise not interpretable growth form assignments were excluded from the final dataset but are made available with the original data.,,,,BIEN,http://onlinelibrary.wiley.com/doi/10.1002/ecy.1569/abstract,4563268,"Engemann, K",2026-03-28 23:42:38 UTC
Cylindropuntia whipplei,Cylindropuntia,Cactaceae,whole plant growth form,Shrub,,Species with multiple growth form classifications were assigned the growth form classification agreed upon by the majority (>2/3) of sources. Species with ambiguous or otherwise not interpretable growth form assignments were excluded from the final dataset but are made available with the original data.,,,,BIEN,http://onlinelibrary.wiley.com/doi/10.1002/ecy.1569/abstract,4563269,"Engemann, K",2026-03-28 23:42:38 UTC
Cylindropuntia whipplei,Cylindropuntia,Cactaceae,whole plant growth form diversity,Shrub,,Species with multiple growth form classifications were assigned the growth form classification agreed upon by the majority (>2/3) of sources. Species with ambiguous or otherwise not interpretable growth form assignments were excluded from the final dataset but are made available with the original data.,,,,BIEN,http://onlinelibrary.wiley.com/doi/10.1002/ecy.1569/abstract,4563270,"Engemann, K",2026-03-28 23:42:38 UTC
Cylindropuntia wolfii,Cylindropuntia,Cactaceae,whole plant growth form diversity,Shrub,,Species with multiple growth form classifications were assigned the growth form classification agreed upon by the majority (>2/3) of sources. Species with ambiguous or otherwise not interpretable growth form assignments were excluded from the final dataset but are made available with the original data.,,,,BIEN,http://onlinelibrary.wiley.com/doi/10.1002/ecy.1569/abstract,4563271,"Engemann, K",2026-03-28 23:42:38 UTC
Pseudorhipsalis amazonica,Pseudorhipsalis,Cactaceae,whole plant growth form,Non-woody epiphyte,,Species with multiple growth form classifications were assigned the growth form classification agreed upon by the majority (>2/3) of sources. Species with ambiguous or otherwise not interpretable growth form assignments were excluded from the final dataset but are made available with the original data.,,,,BIEN,http://onlinelibrary.wiley.com/doi/10.1002/ecy.1569/abstract,4563272,"Engemann, K",2026-03-28 23:42:38 UTC
Pseudorhipsalis amazonica,Pseudorhipsalis,Cactaceae,whole plant growth form diversity,Tree_Herb_Vine_Non-woody epiphyte,,Species with multiple growth form classifications were assigned the growth form classification agreed upon by the majority (>2/3) of sources. Species with ambiguous or otherwise not interpretable growth form assignments were excluded from the final dataset but are made available with the original data.,,,,BIEN,http://onlinelibrary.wiley.com/doi/10.1002/ecy.1569/abstract,4563273,"Engemann, K",2026-03-28 23:42:38 UTC
Disocactus biformis,Disocactus,Cactaceae,whole plant growth form,Non-woody epiphyte,,Species with multiple growth form classifications were assigned the growth form classification agreed upon by the majority (>2/3) of sources. Species with ambiguous or otherwise not interpretable growth form assignments were excluded from the final dataset but are made available with the original data.,,,,BIEN,http://onlinelibrary.wiley.com/doi/10.1002/ecy.1569/abstract,4563274,"Engemann, K",2026-03-28 23:42:38 UTC
Disocactus biformis,Disocactus,Cactaceae,whole plant growth form diversity,Non-woody epiphyte,,Species with multiple growth form classifications were assigned the growth form classification agreed upon by the majority (>2/3) of sources. Species with ambiguous or otherwise not interpretable growth form assignments were excluded from the final dataset but are made available with the original data.,,,,BIEN,http://onlinelibrary.wiley.com/doi/10.1002/ecy.1569/abstract,4563275,"Engemann, K",2026-03-28 23:42:38 UTC
Disocactus macranthus,Disocactus,Cactaceae,whole plant growth form,Non-woody epiphyte,,Species with multiple growth form classifications were assigned the growth form classification agreed upon by the majority (>2/3) of sources. Species with ambiguous or otherwise not interpretable growth form assignments were excluded from the final dataset but are made available with the original data.,,,,BIEN,http://onlinelibrary.wiley.com/doi/10.1002/ecy.1569/abstract,4563276,"Engemann, K",2026-03-28 23:42:38 UTC
Disocactus macranthus,Disocactus,Cactaceae,whole plant growth form diversity,Non-woody epiphyte,,Species with multiple growth form classifications were assigned the growth form classification agreed upon by the majority (>2/3) of sources. Species with ambiguous or otherwise not interpretable growth form assignments were excluded from the final dataset but are made available with the original data.,,,,BIEN,http://onlinelibrary.wiley.com/doi/10.1002/ecy.1569/abstract,4563277,"Engemann, K",2026-03-28 23:42:38 UTC
Disocactus quezaltecus,Disocactus,Cactaceae,whole plant growth form,Non-woody epiphyte,,Species with multiple growth form classifications were assigned the growth form classification agreed upon by the majority (>2/3) of sources. Species with ambiguous or otherwise not interpretable growth form assignments were excluded from the final dataset but are made available with the original data.,,,,BIEN,http://onlinelibrary.wiley.com/doi/10.1002/ecy.1569/abstract,4563278,"Engemann, K",2026-03-28 23:42:38 UTC
Disocactus quezaltecus,Disocactus,Cactaceae,whole plant growth form diversity,Non-woody epiphyte,,Species with multiple growth form classifications were assigned the growth form classification agreed upon by the majority (>2/3) of sources. Species with ambiguous or otherwise not interpretable growth form assignments were excluded from the final dataset but are made available with the original data.,,,,BIEN,http://onlinelibrary.wiley.com/doi/10.1002/ecy.1569/abstract,4563279,"Engemann, K",2026-03-28 23:42:38 UTC
Echinocactus acanthodes,Echinocactus,Cactaceae,whole plant growth form,Shrub,,Species with multiple growth form classifications were assigned the growth form classification agreed upon by the majority (>2/3) of sources. Species with ambiguous or otherwise not interpretable growth form assignments were excluded from the final dataset but are made available with the original data.,,,,BIEN,http://onlinelibrary.wiley.com/doi/10.1002/ecy.1569/abstract,4563280,"Engemann, K",2026-03-28 23:42:38 UTC
Echinocactus acanthodes,Echinocactus,Cactaceae,whole plant growth form diversity,Shrub,,Species with multiple growth form classifications were assigned the growth form classification agreed upon by the majority (>2/3) of sources. Species with ambiguous or otherwise not interpretable growth form assignments were excluded from the final dataset but are made available with the original data.,,,,BIEN,http://onlinelibrary.wiley.com/doi/10.1002/ecy.1569/abstract,4563281,"Engemann, K",2026-03-28 23:42:38 UTC
Echinocactus horizonthalonius,Echinocactus,Cactaceae,whole plant growth form,Shrub,,Species with multiple growth form classifications were assigned the growth form classification agreed upon by the majority (>2/3) of sources. Species with ambiguous or otherwise not interpretable growth form assignments were excluded from the final dataset but are made available with the original data.,,,,BIEN,http://onlinelibrary.wiley.com/doi/10.1002/ecy.1569/abstract,4563282,"Engemann, K",2026-03-28 23:42:38 UTC
Echinocactus polycephalus,Echinocactus,Cactaceae,whole plant growth form,Shrub,,Species with multiple growth form classifications were assigned the growth form classification agreed upon by the majority (>2/3) of sources. Species with ambiguous or otherwise not interpretable growth form assignments were excluded from the final dataset but are made available with the original data.,,,,BIEN,http://onlinelibrary.wiley.com/doi/10.1002/ecy.1569/abstract,4563283,"Engemann, K",2026-03-28 23:42:38 UTC
Echinocactus polycephalus,Echinocactus,Cactaceae,whole plant growth form diversity,Shrub,,Species with multiple growth form classifications were assigned the growth form classification agreed upon by the majority (>2/3) of sources. Species with ambiguous or otherwise not interpretable growth form assignments were excluded from the final dataset but are made available with the original data.,,,,BIEN,http://onlinelibrary.wiley.com/doi/10.1002/ecy.1569/abstract,4563284,"Engemann, K",2026-03-28 23:42:38 UTC
Echinocereus berlandieri,Echinocereus,Cactaceae,whole plant growth form,Shrub,,Species with multiple growth form classifications were assigned the growth form classification agreed upon by the majority (>2/3) of sources. Species with ambiguous or otherwise not interpretable growth form assignments were excluded from the final dataset but are made available with the original data.,,,,BIEN,http://onlinelibrary.wiley.com/doi/10.1002/ecy.1569/abstract,4563286,"Engemann, K",2026-03-28 23:42:38 UTC
Echinocereus berlandieri,Echinocereus,Cactaceae,whole plant growth form diversity,Shrub,,Species with multiple growth form classifications were assigned the growth form classification agreed upon by the majority (>2/3) of sources. Species with ambiguous or otherwise not interpretable growth form assignments were excluded from the final dataset but are made available with the original data.,,,,BIEN,http://onlinelibrary.wiley.com/doi/10.1002/ecy.1569/abstract,4563287,"Engemann, K",2026-03-28 23:42:38 UTC
Echinocereus bonkerae,Echinocereus,Cactaceae,whole plant growth form,Shrub,,Species with multiple growth form classifications were assigned the growth form classification agreed upon by the majority (>2/3) of sources. Species with ambiguous or otherwise not interpretable growth form assignments were excluded from the final dataset but are made available with the original data.,,,,BIEN,http://onlinelibrary.wiley.com/doi/10.1002/ecy.1569/abstract,4563288,"Engemann, K",2026-03-28 23:42:38 UTC
Echinocereus bonkerae,Echinocereus,Cactaceae,whole plant growth form diversity,Shrub,,Species with multiple growth form classifications were assigned the growth form classification agreed upon by the majority (>2/3) of sources. Species with ambiguous or otherwise not interpretable growth form assignments were excluded from the final dataset but are made available with the original data.,,,,BIEN,http://onlinelibrary.wiley.com/doi/10.1002/ecy.1569/abstract,4563289,"Engemann, K",2026-03-28 23:42:38 UTC
Grusonia vilis,Grusonia,Cactaceae,whole plant growth form diversity,Shrub,,Species with multiple growth form classifications were assigned the growth form classification agreed upon by the majority (>2/3) of sources. Species with ambiguous or otherwise not interpretable growth form assignments were excluded from the final dataset but are made available with the original data.,,,,BIEN,http://onlinelibrary.wiley.com/doi/10.1002/ecy.1569/abstract,4563413,"Engemann, K",2026-03-28 23:42:38 UTC
Echinocereus dasyacanthus,Echinocereus,Cactaceae,whole plant growth form diversity,Shrub,,Species with multiple growth form classifications were assigned the growth form classification agreed upon by the majority (>2/3) of sources. Species with ambiguous or otherwise not interpretable growth form assignments were excluded from the final dataset but are made available with the original data.,,,,BIEN,http://onlinelibrary.wiley.com/doi/10.1002/ecy.1569/abstract,4563290,"Engemann, K",2026-03-28 23:42:38 UTC
Echinocereus coccineus,Echinocereus,Cactaceae,whole plant growth form,Shrub,,Species with multiple growth form classifications were assigned the growth form classification agreed upon by the majority (>2/3) of sources. Species with ambiguous or otherwise not interpretable growth form assignments were excluded from the final dataset but are made available with the original data.,,,,BIEN,http://onlinelibrary.wiley.com/doi/10.1002/ecy.1569/abstract,4563291,"Engemann, K",2026-03-28 23:42:38 UTC
Echinocereus coccineus,Echinocereus,Cactaceae,whole plant growth form diversity,Shrub,,Species with multiple growth form classifications were assigned the growth form classification agreed upon by the majority (>2/3) of sources. Species with ambiguous or otherwise not interpretable growth form assignments were excluded from the final dataset but are made available with the original data.,,,,BIEN,http://onlinelibrary.wiley.com/doi/10.1002/ecy.1569/abstract,4563292,"Engemann, K",2026-03-28 23:42:38 UTC
Echinocereus dasyacanthus,Echinocereus,Cactaceae,whole plant growth form,Shrub,,Species with multiple growth form classifications were assigned the growth form classification agreed upon by the majority (>2/3) of sources. Species with ambiguous or otherwise not interpretable growth form assignments were excluded from the final dataset but are made available with the original data.,,,,BIEN,http://onlinelibrary.wiley.com/doi/10.1002/ecy.1569/abstract,4563293,"Engemann, K",2026-03-28 23:42:38 UTC
Echinocereus davisii,Echinocereus,Cactaceae,whole plant growth form,Shrub,,Species with multiple growth form classifications were assigned the growth form classification agreed upon by the majority (>2/3) of sources. Species with ambiguous or otherwise not interpretable growth form assignments were excluded from the final dataset but are made available with the original data.,,,,BIEN,http://onlinelibrary.wiley.com/doi/10.1002/ecy.1569/abstract,4563294,"Engemann, K",2026-03-28 23:42:38 UTC
Echinocereus davisii,Echinocereus,Cactaceae,whole plant growth form diversity,Shrub,,Species with multiple growth form classifications were assigned the growth form classification agreed upon by the majority (>2/3) of sources. Species with ambiguous or otherwise not interpretable growth form assignments were excluded from the final dataset but are made available with the original data.,,,,BIEN,http://onlinelibrary.wiley.com/doi/10.1002/ecy.1569/abstract,4563295,"Engemann, K",2026-03-28 23:42:38 UTC
Echinocereus engelmannii,Echinocereus,Cactaceae,whole plant growth form,Shrub,,Species with multiple growth form classifications were assigned the growth form classification agreed upon by the majority (>2/3) of sources. Species with ambiguous or otherwise not interpretable growth form assignments were excluded from the final dataset but are made available with the original data.,,,,BIEN,http://onlinelibrary.wiley.com/doi/10.1002/ecy.1569/abstract,4563296,"Engemann, K",2026-03-28 23:42:38 UTC
Echinocereus engelmannii,Echinocereus,Cactaceae,whole plant growth form diversity,Shrub,,Species with multiple growth form classifications were assigned the growth form classification agreed upon by the majority (>2/3) of sources. Species with ambiguous or otherwise not interpretable growth form assignments were excluded from the final dataset but are made available with the original data.,,,,BIEN,http://onlinelibrary.wiley.com/doi/10.1002/ecy.1569/abstract,4563297,"Engemann, K",2026-03-28 23:42:38 UTC
Echinocereus enneacanthus,Echinocereus,Cactaceae,whole plant growth form,Shrub,,Species with multiple growth form classifications were assigned the growth form classification agreed upon by the majority (>2/3) of sources. Species with ambiguous or otherwise not interpretable growth form assignments were excluded from the final dataset but are made available with the original data.,,,,BIEN,http://onlinelibrary.wiley.com/doi/10.1002/ecy.1569/abstract,4563298,"Engemann, K",2026-03-28 23:42:38 UTC
Opuntia anacantha,Opuntia,Cactaceae,whole plant growth form diversity,Herb_Vine_Shrub,,Species with multiple growth form classifications were assigned the growth form classification agreed upon by the majority (>2/3) of sources. Species with ambiguous or otherwise not interpretable growth form assignments were excluded from the final dataset but are made available with the original data.,,,,BIEN,http://onlinelibrary.wiley.com/doi/10.1002/ecy.1569/abstract,4563545,"Engemann, K",2026-03-28 23:42:38 UTC
Echinocereus enneacanthus,Echinocereus,Cactaceae,whole plant growth form diversity,Herb_Tree_Shrub,,Species with multiple growth form classifications were assigned the growth form classification agreed upon by the majority (>2/3) of sources. Species with ambiguous or otherwise not interpretable growth form assignments were excluded from the final dataset but are made available with the original data.,,,,BIEN,http://onlinelibrary.wiley.com/doi/10.1002/ecy.1569/abstract,4563299,"Engemann, K",2026-03-28 23:42:38 UTC
Echinocereus fasciculatus,Echinocereus,Cactaceae,whole plant growth form,Shrub,,Species with multiple growth form classifications were assigned the growth form classification agreed upon by the majority (>2/3) of sources. Species with ambiguous or otherwise not interpretable growth form assignments were excluded from the final dataset but are made available with the original data.,,,,BIEN,http://onlinelibrary.wiley.com/doi/10.1002/ecy.1569/abstract,4563300,"Engemann, K",2026-03-28 23:42:38 UTC
Echinocereus fasciculatus,Echinocereus,Cactaceae,whole plant growth form diversity,Shrub,,Species with multiple growth form classifications were assigned the growth form classification agreed upon by the majority (>2/3) of sources. Species with ambiguous or otherwise not interpretable growth form assignments were excluded from the final dataset but are made available with the original data.,,,,BIEN,http://onlinelibrary.wiley.com/doi/10.1002/ecy.1569/abstract,4563301,"Engemann, K",2026-03-28 23:42:38 UTC
Echinocereus fendleri,Echinocereus,Cactaceae,whole plant growth form,Shrub,,Species with multiple growth form classifications were assigned the growth form classification agreed upon by the majority (>2/3) of sources. Species with ambiguous or otherwise not interpretable growth form assignments were excluded from the final dataset but are made available with the original data.,,,,BIEN,http://onlinelibrary.wiley.com/doi/10.1002/ecy.1569/abstract,4563302,"Engemann, K",2026-03-28 23:42:38 UTC
Echinocereus fendleri,Echinocereus,Cactaceae,whole plant growth form diversity,Tree_Herb_Shrub,,Species with multiple growth form classifications were assigned the growth form classification agreed upon by the majority (>2/3) of sources. Species with ambiguous or otherwise not interpretable growth form assignments were excluded from the final dataset but are made available with the original data.,,,,BIEN,http://onlinelibrary.wiley.com/doi/10.1002/ecy.1569/abstract,4563303,"Engemann, K",2026-03-28 23:42:38 UTC
Echinocereus lloydii,Echinocereus,Cactaceae,whole plant growth form,Shrub,,Species with multiple growth form classifications were assigned the growth form classification agreed upon by the majority (>2/3) of sources. Species with ambiguous or otherwise not interpretable growth form assignments were excluded from the final dataset but are made available with the original data.,,,,BIEN,http://onlinelibrary.wiley.com/doi/10.1002/ecy.1569/abstract,4563304,"Engemann, K",2026-03-28 23:42:38 UTC
Echinocereus lloydii,Echinocereus,Cactaceae,whole plant growth form diversity,Shrub,,Species with multiple growth form classifications were assigned the growth form classification agreed upon by the majority (>2/3) of sources. Species with ambiguous or otherwise not interpretable growth form assignments were excluded from the final dataset but are made available with the original data.,,,,BIEN,http://onlinelibrary.wiley.com/doi/10.1002/ecy.1569/abstract,4563305,"Engemann, K",2026-03-28 23:42:38 UTC
Echinocereus engelmannii,Echinocereus,Cactaceae,whole plant growth form,Shrub,,Species with multiple growth form classifications were assigned the growth form classification agreed upon by the majority (>2/3) of sources. Species with ambiguous or otherwise not interpretable growth form assignments were excluded from the final dataset but are made available with the original data.,,,,BIEN,http://onlinelibrary.wiley.com/doi/10.1002/ecy.1569/abstract,4563306,"Engemann, K",2026-03-28 23:42:38 UTC
Escobaria hesteri,Escobaria,Cactaceae,whole plant growth form diversity,Shrub,,Species with multiple growth form classifications were assigned the growth form classification agreed upon by the majority (>2/3) of sources. Species with ambiguous or otherwise not interpretable growth form assignments were excluded from the final dataset but are made available with the original data.,,,,BIEN,http://onlinelibrary.wiley.com/doi/10.1002/ecy.1569/abstract,4563368,"Engemann, K",2026-03-28 23:42:38 UTC
Echinocereus engelmannii,Echinocereus,Cactaceae,whole plant growth form diversity,Shrub,,Species with multiple growth form classifications were assigned the growth form classification agreed upon by the majority (>2/3) of sources. Species with ambiguous or otherwise not interpretable growth form assignments were excluded from the final dataset but are made available with the original data.,,,,BIEN,http://onlinelibrary.wiley.com/doi/10.1002/ecy.1569/abstract,4563307,"Engemann, K",2026-03-28 23:42:38 UTC
Echinocereus nicholii,Echinocereus,Cactaceae,whole plant growth form,Shrub,,Species with multiple growth form classifications were assigned the growth form classification agreed upon by the majority (>2/3) of sources. Species with ambiguous or otherwise not interpretable growth form assignments were excluded from the final dataset but are made available with the original data.,,,,BIEN,http://onlinelibrary.wiley.com/doi/10.1002/ecy.1569/abstract,4563308,"Engemann, K",2026-03-28 23:42:38 UTC
Echinocereus nicholii,Echinocereus,Cactaceae,whole plant growth form diversity,Shrub,,Species with multiple growth form classifications were assigned the growth form classification agreed upon by the majority (>2/3) of sources. Species with ambiguous or otherwise not interpretable growth form assignments were excluded from the final dataset but are made available with the original data.,,,,BIEN,http://onlinelibrary.wiley.com/doi/10.1002/ecy.1569/abstract,4563309,"Engemann, K",2026-03-28 23:42:38 UTC
Echinocereus papillosus,Echinocereus,Cactaceae,whole plant growth form,Shrub,,Species with multiple growth form classifications were assigned the growth form classification agreed upon by the majority (>2/3) of sources. Species with ambiguous or otherwise not interpretable growth form assignments were excluded from the final dataset but are made available with the original data.,,,,BIEN,http://onlinelibrary.wiley.com/doi/10.1002/ecy.1569/abstract,4563310,"Engemann, K",2026-03-28 23:42:38 UTC
Echinocereus papillosus,Echinocereus,Cactaceae,whole plant growth form diversity,Shrub,,Species with multiple growth form classifications were assigned the growth form classification agreed upon by the majority (>2/3) of sources. Species with ambiguous or otherwise not interpretable growth form assignments were excluded from the final dataset but are made available with the original data.,,,,BIEN,http://onlinelibrary.wiley.com/doi/10.1002/ecy.1569/abstract,4563311,"Engemann, K",2026-03-28 23:42:38 UTC
Echinocereus pectinatus,Echinocereus,Cactaceae,whole plant growth form,Shrub,,Species with multiple growth form classifications were assigned the growth form classification agreed upon by the majority (>2/3) of sources. Species with ambiguous or otherwise not interpretable growth form assignments were excluded from the final dataset but are made available with the original data.,,,,BIEN,http://onlinelibrary.wiley.com/doi/10.1002/ecy.1569/abstract,4563312,"Engemann, K",2026-03-28 23:42:38 UTC
Echinocereus pectinatus,Echinocereus,Cactaceae,whole plant growth form diversity,Shrub,,Species with multiple growth form classifications were assigned the growth form classification agreed upon by the majority (>2/3) of sources. Species with ambiguous or otherwise not interpretable growth form assignments were excluded from the final dataset but are made available with the original data.,,,,BIEN,http://onlinelibrary.wiley.com/doi/10.1002/ecy.1569/abstract,4563313,"Engemann, K",2026-03-28 23:42:38 UTC
Echinocereus pentalophus,Echinocereus,Cactaceae,whole plant growth form,Shrub,,Species with multiple growth form classifications were assigned the growth form classification agreed upon by the majority (>2/3) of sources. Species with ambiguous or otherwise not interpretable growth form assignments were excluded from the final dataset but are made available with the original data.,,,,BIEN,http://onlinelibrary.wiley.com/doi/10.1002/ecy.1569/abstract,4563314,"Engemann, K",2026-03-28 23:42:38 UTC
Echinocereus pentalophus,Echinocereus,Cactaceae,whole plant growth form diversity,Shrub,,Species with multiple growth form classifications were assigned the growth form classification agreed upon by the majority (>2/3) of sources. Species with ambiguous or otherwise not interpretable growth form assignments were excluded from the final dataset but are made available with the original data.,,,,BIEN,http://onlinelibrary.wiley.com/doi/10.1002/ecy.1569/abstract,4563315,"Engemann, K",2026-03-28 23:42:38 UTC
Echinocereus poselgeri,Echinocereus,Cactaceae,whole plant growth form,Shrub,,Species with multiple growth form classifications were assigned the growth form classification agreed upon by the majority (>2/3) of sources. Species with ambiguous or otherwise not interpretable growth form assignments were excluded from the final dataset but are made available with the original data.,,,,BIEN,http://onlinelibrary.wiley.com/doi/10.1002/ecy.1569/abstract,4563316,"Engemann, K",2026-03-28 23:42:38 UTC
Echinocereus poselgeri,Echinocereus,Cactaceae,whole plant growth form diversity,Shrub,,Species with multiple growth form classifications were assigned the growth form classification agreed upon by the majority (>2/3) of sources. Species with ambiguous or otherwise not interpretable growth form assignments were excluded from the final dataset but are made available with the original data.,,,,BIEN,http://onlinelibrary.wiley.com/doi/10.1002/ecy.1569/abstract,4563317,"Engemann, K",2026-03-28 23:42:38 UTC
Echinocereus pseudopectinatus,Echinocereus,Cactaceae,whole plant growth form,Shrub,,Species with multiple growth form classifications were assigned the growth form classification agreed upon by the majority (>2/3) of sources. Species with ambiguous or otherwise not interpretable growth form assignments were excluded from the final dataset but are made available with the original data.,,,,BIEN,http://onlinelibrary.wiley.com/doi/10.1002/ecy.1569/abstract,4563318,"Engemann, K",2026-03-28 23:42:38 UTC
Opuntia canada,Opuntia,Cactaceae,whole plant growth form diversity,Shrub,,Species with multiple growth form classifications were assigned the growth form classification agreed upon by the majority (>2/3) of sources. Species with ambiguous or otherwise not interpretable growth form assignments were excluded from the final dataset but are made available with the original data.,,,,BIEN,http://onlinelibrary.wiley.com/doi/10.1002/ecy.1569/abstract,4563556,"Engemann, K",2026-03-28 23:42:38 UTC
Echinocereus pseudopectinatus,Echinocereus,Cactaceae,whole plant growth form diversity,Shrub,,Species with multiple growth form classifications were assigned the growth form classification agreed upon by the majority (>2/3) of sources. Species with ambiguous or otherwise not interpretable growth form assignments were excluded from the final dataset but are made available with the original data.,,,,BIEN,http://onlinelibrary.wiley.com/doi/10.1002/ecy.1569/abstract,4563319,"Engemann, K",2026-03-28 23:42:38 UTC
Echinocereus reichenbachii,Echinocereus,Cactaceae,whole plant growth form,Shrub,,Species with multiple growth form classifications were assigned the growth form classification agreed upon by the majority (>2/3) of sources. Species with ambiguous or otherwise not interpretable growth form assignments were excluded from the final dataset but are made available with the original data.,,,,BIEN,http://onlinelibrary.wiley.com/doi/10.1002/ecy.1569/abstract,4563320,"Engemann, K",2026-03-28 23:42:38 UTC
Echinocereus reichenbachii,Echinocereus,Cactaceae,whole plant growth form diversity,Herb_Shrub,,Species with multiple growth form classifications were assigned the growth form classification agreed upon by the majority (>2/3) of sources. Species with ambiguous or otherwise not interpretable growth form assignments were excluded from the final dataset but are made available with the original data.,,,,BIEN,http://onlinelibrary.wiley.com/doi/10.1002/ecy.1569/abstract,4563321,"Engemann, K",2026-03-28 23:42:38 UTC
Echinocereus rigidissimus,Echinocereus,Cactaceae,whole plant growth form,Shrub,,Species with multiple growth form classifications were assigned the growth form classification agreed upon by the majority (>2/3) of sources. Species with ambiguous or otherwise not interpretable growth form assignments were excluded from the final dataset but are made available with the original data.,,,,BIEN,http://onlinelibrary.wiley.com/doi/10.1002/ecy.1569/abstract,4563322,"Engemann, K",2026-03-28 23:42:38 UTC
Echinocereus rigidissimus,Echinocereus,Cactaceae,whole plant growth form diversity,Shrub,,Species with multiple growth form classifications were assigned the growth form classification agreed upon by the majority (>2/3) of sources. Species with ambiguous or otherwise not interpretable growth form assignments were excluded from the final dataset but are made available with the original data.,,,,BIEN,http://onlinelibrary.wiley.com/doi/10.1002/ecy.1569/abstract,4563323,"Engemann, K",2026-03-28 23:42:38 UTC
Echinocereus russanthus,Echinocereus,Cactaceae,whole plant growth form,Shrub,,Species with multiple growth form classifications were assigned the growth form classification agreed upon by the majority (>2/3) of sources. Species with ambiguous or otherwise not interpretable growth form assignments were excluded from the final dataset but are made available with the original data.,,,,BIEN,http://onlinelibrary.wiley.com/doi/10.1002/ecy.1569/abstract,4563324,"Engemann, K",2026-03-28 23:42:38 UTC
Echinocereus russanthus,Echinocereus,Cactaceae,whole plant growth form diversity,Shrub,,Species with multiple growth form classifications were assigned the growth form classification agreed upon by the majority (>2/3) of sources. Species with ambiguous or otherwise not interpretable growth form assignments were excluded from the final dataset but are made available with the original data.,,,,BIEN,http://onlinelibrary.wiley.com/doi/10.1002/ecy.1569/abstract,4563325,"Engemann, K",2026-03-28 23:42:38 UTC
Echinocereus stramineus,Echinocereus,Cactaceae,whole plant growth form,Shrub,,Species with multiple growth form classifications were assigned the growth form classification agreed upon by the majority (>2/3) of sources. Species with ambiguous or otherwise not interpretable growth form assignments were excluded from the final dataset but are made available with the original data.,,,,BIEN,http://onlinelibrary.wiley.com/doi/10.1002/ecy.1569/abstract,4563326,"Engemann, K",2026-03-28 23:42:38 UTC
Opuntia cumulicola,Opuntia,Cactaceae,whole plant growth form,Shrub,,Species with multiple growth form classifications were assigned the growth form classification agreed upon by the majority (>2/3) of sources. Species with ambiguous or otherwise not interpretable growth form assignments were excluded from the final dataset but are made available with the original data.,,,,BIEN,http://onlinelibrary.wiley.com/doi/10.1002/ecy.1569/abstract,4563562,"Engemann, K",2026-03-28 23:42:38 UTC
Echinocereus stramineus,Echinocereus,Cactaceae,whole plant growth form diversity,Shrub,,Species with multiple growth form classifications were assigned the growth form classification agreed upon by the majority (>2/3) of sources. Species with ambiguous or otherwise not interpretable growth form assignments were excluded from the final dataset but are made available with the original data.,,,,BIEN,http://onlinelibrary.wiley.com/doi/10.1002/ecy.1569/abstract,4563327,"Engemann, K",2026-03-28 23:42:38 UTC
Echinocereus triglochidiatus,Echinocereus,Cactaceae,whole plant growth form,Shrub,,Species with multiple growth form classifications were assigned the growth form classification agreed upon by the majority (>2/3) of sources. Species with ambiguous or otherwise not interpretable growth form assignments were excluded from the final dataset but are made available with the original data.,,,,BIEN,http://onlinelibrary.wiley.com/doi/10.1002/ecy.1569/abstract,4563328,"Engemann, K",2026-03-28 23:42:38 UTC
Echinocereus triglochidiatus,Echinocereus,Cactaceae,whole plant growth form diversity,Herb_Shrub,,Species with multiple growth form classifications were assigned the growth form classification agreed upon by the majority (>2/3) of sources. Species with ambiguous or otherwise not interpretable growth form assignments were excluded from the final dataset but are made available with the original data.,,,,BIEN,http://onlinelibrary.wiley.com/doi/10.1002/ecy.1569/abstract,4563329,"Engemann, K",2026-03-28 23:42:38 UTC
Echinocereus viridiflorus,Echinocereus,Cactaceae,whole plant growth form,Shrub,,Species with multiple growth form classifications were assigned the growth form classification agreed upon by the majority (>2/3) of sources. Species with ambiguous or otherwise not interpretable growth form assignments were excluded from the final dataset but are made available with the original data.,,,,BIEN,http://onlinelibrary.wiley.com/doi/10.1002/ecy.1569/abstract,4563330,"Engemann, K",2026-03-28 23:42:38 UTC
Echinocereus viridiflorus,Echinocereus,Cactaceae,whole plant growth form diversity,Herb_Shrub,,Species with multiple growth form classifications were assigned the growth form classification agreed upon by the majority (>2/3) of sources. Species with ambiguous or otherwise not interpretable growth form assignments were excluded from the final dataset but are made available with the original data.,,,,BIEN,http://onlinelibrary.wiley.com/doi/10.1002/ecy.1569/abstract,4563331,"Engemann, K",2026-03-28 23:42:38 UTC
Echinopsis hammerschmidii,Echinopsis,Cactaceae,whole plant growth form,Herb,,Species with multiple growth form classifications were assigned the growth form classification agreed upon by the majority (>2/3) of sources. Species with ambiguous or otherwise not interpretable growth form assignments were excluded from the final dataset but are made available with the original data.,,,,BIEN,http://onlinelibrary.wiley.com/doi/10.1002/ecy.1569/abstract,4563332,"Engemann, K",2026-03-28 23:42:38 UTC
Echinopsis hammerschmidii,Echinopsis,Cactaceae,whole plant growth form diversity,Herb,,Species with multiple growth form classifications were assigned the growth form classification agreed upon by the majority (>2/3) of sources. Species with ambiguous or otherwise not interpretable growth form assignments were excluded from the final dataset but are made available with the original data.,,,,BIEN,http://onlinelibrary.wiley.com/doi/10.1002/ecy.1569/abstract,4563333,"Engemann, K",2026-03-28 23:42:38 UTC
Echinopsis pachanoi,Echinopsis,Cactaceae,whole plant growth form,Tree,,Species with multiple growth form classifications were assigned the growth form classification agreed upon by the majority (>2/3) of sources. Species with ambiguous or otherwise not interpretable growth form assignments were excluded from the final dataset but are made available with the original data.,,,,BIEN,http://onlinelibrary.wiley.com/doi/10.1002/ecy.1569/abstract,4563334,"Engemann, K",2026-03-28 23:42:38 UTC
Echinopsis pachanoi,Echinopsis,Cactaceae,whole plant growth form diversity,Shrub_Herb_Tree,,Species with multiple growth form classifications were assigned the growth form classification agreed upon by the majority (>2/3) of sources. Species with ambiguous or otherwise not interpretable growth form assignments were excluded from the final dataset but are made available with the original data.,,,,BIEN,http://onlinelibrary.wiley.com/doi/10.1002/ecy.1569/abstract,4563335,"Engemann, K",2026-03-28 23:42:38 UTC
Epiphyllum anguliger,Epiphyllum,Cactaceae,whole plant growth form,Non-woody epiphyte,,Species with multiple growth form classifications were assigned the growth form classification agreed upon by the majority (>2/3) of sources. Species with ambiguous or otherwise not interpretable growth form assignments were excluded from the final dataset but are made available with the original data.,,,,BIEN,http://onlinelibrary.wiley.com/doi/10.1002/ecy.1569/abstract,4563336,"Engemann, K",2026-03-28 23:42:38 UTC
Epiphyllum anguliger,Epiphyllum,Cactaceae,whole plant growth form diversity,Non-woody epiphyte,,Species with multiple growth form classifications were assigned the growth form classification agreed upon by the majority (>2/3) of sources. Species with ambiguous or otherwise not interpretable growth form assignments were excluded from the final dataset but are made available with the original data.,,,,BIEN,http://onlinelibrary.wiley.com/doi/10.1002/ecy.1569/abstract,4563337,"Engemann, K",2026-03-28 23:42:38 UTC
Epiphyllum cartagense,Epiphyllum,Cactaceae,whole plant growth form,Non-woody epiphyte,,Species with multiple growth form classifications were assigned the growth form classification agreed upon by the majority (>2/3) of sources. Species with ambiguous or otherwise not interpretable growth form assignments were excluded from the final dataset but are made available with the original data.,,,,BIEN,http://onlinelibrary.wiley.com/doi/10.1002/ecy.1569/abstract,4563338,"Engemann, K",2026-03-28 23:42:38 UTC
Epiphyllum cartagense,Epiphyllum,Cactaceae,whole plant growth form diversity,Non-woody epiphyte,,Species with multiple growth form classifications were assigned the growth form classification agreed upon by the majority (>2/3) of sources. Species with ambiguous or otherwise not interpretable growth form assignments were excluded from the final dataset but are made available with the original data.,,,,BIEN,http://onlinelibrary.wiley.com/doi/10.1002/ecy.1569/abstract,4563339,"Engemann, K",2026-03-28 23:42:38 UTC
Epiphyllum hookeri,Epiphyllum,Cactaceae,whole plant growth form,Non-woody epiphyte,,Species with multiple growth form classifications were assigned the growth form classification agreed upon by the majority (>2/3) of sources. Species with ambiguous or otherwise not interpretable growth form assignments were excluded from the final dataset but are made available with the original data.,,,,BIEN,http://onlinelibrary.wiley.com/doi/10.1002/ecy.1569/abstract,4563340,"Engemann, K",2026-03-28 23:42:38 UTC
Epiphyllum hookeri,Epiphyllum,Cactaceae,whole plant growth form diversity,Non-woody epiphyte,,Species with multiple growth form classifications were assigned the growth form classification agreed upon by the majority (>2/3) of sources. Species with ambiguous or otherwise not interpretable growth form assignments were excluded from the final dataset but are made available with the original data.,,,,BIEN,http://onlinelibrary.wiley.com/doi/10.1002/ecy.1569/abstract,4563341,"Engemann, K",2026-03-28 23:42:38 UTC
Epiphyllum lepidocarpum,Epiphyllum,Cactaceae,whole plant growth form,Non-woody epiphyte,,Species with multiple growth form classifications were assigned the growth form classification agreed upon by the majority (>2/3) of sources. Species with ambiguous or otherwise not interpretable growth form assignments were excluded from the final dataset but are made available with the original data.,,,,BIEN,http://onlinelibrary.wiley.com/doi/10.1002/ecy.1569/abstract,4563342,"Engemann, K",2026-03-28 23:42:38 UTC
Epiphyllum crenatum,Epiphyllum,Cactaceae,whole plant growth form,Non-woody epiphyte,,Species with multiple growth form classifications were assigned the growth form classification agreed upon by the majority (>2/3) of sources. Species with ambiguous or otherwise not interpretable growth form assignments were excluded from the final dataset but are made available with the original data.,,,,BIEN,http://onlinelibrary.wiley.com/doi/10.1002/ecy.1569/abstract,4563343,"Engemann, K",2026-03-28 23:42:38 UTC
Epiphyllum crenatum,Epiphyllum,Cactaceae,whole plant growth form diversity,Non-woody epiphyte,,Species with multiple growth form classifications were assigned the growth form classification agreed upon by the majority (>2/3) of sources. Species with ambiguous or otherwise not interpretable growth form assignments were excluded from the final dataset but are made available with the original data.,,,,BIEN,http://onlinelibrary.wiley.com/doi/10.1002/ecy.1569/abstract,4563344,"Engemann, K",2026-03-28 23:42:38 UTC
Epiphyllum grandilobum,Epiphyllum,Cactaceae,whole plant growth form,Non-woody epiphyte,,Species with multiple growth form classifications were assigned the growth form classification agreed upon by the majority (>2/3) of sources. Species with ambiguous or otherwise not interpretable growth form assignments were excluded from the final dataset but are made available with the original data.,,,,BIEN,http://onlinelibrary.wiley.com/doi/10.1002/ecy.1569/abstract,4563345,"Engemann, K",2026-03-28 23:42:38 UTC
Epiphyllum grandilobum,Epiphyllum,Cactaceae,whole plant growth form diversity,Liana_Vine_Non-woody epiphyte,,Species with multiple growth form classifications were assigned the growth form classification agreed upon by the majority (>2/3) of sources. Species with ambiguous or otherwise not interpretable growth form assignments were excluded from the final dataset but are made available with the original data.,,,,BIEN,http://onlinelibrary.wiley.com/doi/10.1002/ecy.1569/abstract,4563346,"Engemann, K",2026-03-28 23:42:38 UTC
Epiphyllum lepidocarpum,Epiphyllum,Cactaceae,whole plant growth form diversity,Non-woody epiphyte,,Species with multiple growth form classifications were assigned the growth form classification agreed upon by the majority (>2/3) of sources. Species with ambiguous or otherwise not interpretable growth form assignments were excluded from the final dataset but are made available with the original data.,,,,BIEN,http://onlinelibrary.wiley.com/doi/10.1002/ecy.1569/abstract,4563347,"Engemann, K",2026-03-28 23:42:38 UTC
Epiphyllum phyllanthus,Epiphyllum,Cactaceae,whole plant growth form,Non-woody epiphyte,,Species with multiple growth form classifications were assigned the growth form classification agreed upon by the majority (>2/3) of sources. Species with ambiguous or otherwise not interpretable growth form assignments were excluded from the final dataset but are made available with the original data.,,,,BIEN,http://onlinelibrary.wiley.com/doi/10.1002/ecy.1569/abstract,4563348,"Engemann, K",2026-03-28 23:42:38 UTC
Epiphyllum phyllanthus,Epiphyllum,Cactaceae,whole plant growth form diversity,Herb_Tree_Shrub_Non-woody epiphyte,,Species with multiple growth form classifications were assigned the growth form classification agreed upon by the majority (>2/3) of sources. Species with ambiguous or otherwise not interpretable growth form assignments were excluded from the final dataset but are made available with the original data.,,,,BIEN,http://onlinelibrary.wiley.com/doi/10.1002/ecy.1569/abstract,4563349,"Engemann, K",2026-03-28 23:42:38 UTC
Epiphyllum thomasianum,Epiphyllum,Cactaceae,whole plant growth form,Non-woody epiphyte,,Species with multiple growth form classifications were assigned the growth form classification agreed upon by the majority (>2/3) of sources. Species with ambiguous or otherwise not interpretable growth form assignments were excluded from the final dataset but are made available with the original data.,,,,BIEN,http://onlinelibrary.wiley.com/doi/10.1002/ecy.1569/abstract,4563350,"Engemann, K",2026-03-28 23:42:38 UTC
Epiphyllum pumilum,Epiphyllum,Cactaceae,whole plant growth form diversity,Non-woody epiphyte,,Species with multiple growth form classifications were assigned the growth form classification agreed upon by the majority (>2/3) of sources. Species with ambiguous or otherwise not interpretable growth form assignments were excluded from the final dataset but are made available with the original data.,,,,BIEN,http://onlinelibrary.wiley.com/doi/10.1002/ecy.1569/abstract,4563351,"Engemann, K",2026-03-28 23:42:38 UTC
Epiphyllum phyllanthus,Epiphyllum,Cactaceae,whole plant growth form,Non-woody epiphyte,,Species with multiple growth form classifications were assigned the growth form classification agreed upon by the majority (>2/3) of sources. Species with ambiguous or otherwise not interpretable growth form assignments were excluded from the final dataset but are made available with the original data.,,,,BIEN,http://onlinelibrary.wiley.com/doi/10.1002/ecy.1569/abstract,4563352,"Engemann, K",2026-03-28 23:42:38 UTC
Epiphyllum phyllanthus,Epiphyllum,Cactaceae,whole plant growth form diversity,Non-woody epiphyte,,Species with multiple growth form classifications were assigned the growth form classification agreed upon by the majority (>2/3) of sources. Species with ambiguous or otherwise not interpretable growth form assignments were excluded from the final dataset but are made available with the original data.,,,,BIEN,http://onlinelibrary.wiley.com/doi/10.1002/ecy.1569/abstract,4563353,"Engemann, K",2026-03-28 23:42:38 UTC
Epiphyllum thomasianum,Epiphyllum,Cactaceae,whole plant growth form diversity,Vine_Non-woody epiphyte,,Species with multiple growth form classifications were assigned the growth form classification agreed upon by the majority (>2/3) of sources. Species with ambiguous or otherwise not interpretable growth form assignments were excluded from the final dataset but are made available with the original data.,,,,BIEN,http://onlinelibrary.wiley.com/doi/10.1002/ecy.1569/abstract,4563354,"Engemann, K",2026-03-28 23:42:38 UTC
Epithelantha micromeris,Epithelantha,Cactaceae,whole plant growth form,Shrub,,Species with multiple growth form classifications were assigned the growth form classification agreed upon by the majority (>2/3) of sources. Species with ambiguous or otherwise not interpretable growth form assignments were excluded from the final dataset but are made available with the original data.,,,,BIEN,http://onlinelibrary.wiley.com/doi/10.1002/ecy.1569/abstract,4563355,"Engemann, K",2026-03-28 23:42:38 UTC
Epithelantha micromeris,Epithelantha,Cactaceae,whole plant growth form diversity,Shrub,,Species with multiple growth form classifications were assigned the growth form classification agreed upon by the majority (>2/3) of sources. Species with ambiguous or otherwise not interpretable growth form assignments were excluded from the final dataset but are made available with the original data.,,,,BIEN,http://onlinelibrary.wiley.com/doi/10.1002/ecy.1569/abstract,4563356,"Engemann, K",2026-03-28 23:42:38 UTC
Escobaria albicolumnaria,Escobaria,Cactaceae,whole plant growth form,Shrub,,Species with multiple growth form classifications were assigned the growth form classification agreed upon by the majority (>2/3) of sources. Species with ambiguous or otherwise not interpretable growth form assignments were excluded from the final dataset but are made available with the original data.,,,,BIEN,http://onlinelibrary.wiley.com/doi/10.1002/ecy.1569/abstract,4563357,"Engemann, K",2026-03-28 23:42:38 UTC
Escobaria albicolumnaria,Escobaria,Cactaceae,whole plant growth form diversity,Shrub,,Species with multiple growth form classifications were assigned the growth form classification agreed upon by the majority (>2/3) of sources. Species with ambiguous or otherwise not interpretable growth form assignments were excluded from the final dataset but are made available with the original data.,,,,BIEN,http://onlinelibrary.wiley.com/doi/10.1002/ecy.1569/abstract,4563358,"Engemann, K",2026-03-28 23:42:38 UTC
Escobaria dasyacantha,Escobaria,Cactaceae,whole plant growth form,Shrub,,Species with multiple growth form classifications were assigned the growth form classification agreed upon by the majority (>2/3) of sources. Species with ambiguous or otherwise not interpretable growth form assignments were excluded from the final dataset but are made available with the original data.,,,,BIEN,http://onlinelibrary.wiley.com/doi/10.1002/ecy.1569/abstract,4563359,"Engemann, K",2026-03-28 23:42:38 UTC
Escobaria dasyacantha,Escobaria,Cactaceae,whole plant growth form diversity,Herb_Shrub,,Species with multiple growth form classifications were assigned the growth form classification agreed upon by the majority (>2/3) of sources. Species with ambiguous or otherwise not interpretable growth form assignments were excluded from the final dataset but are made available with the original data.,,,,BIEN,http://onlinelibrary.wiley.com/doi/10.1002/ecy.1569/abstract,4563360,"Engemann, K",2026-03-28 23:42:38 UTC
Escobaria duncanii,Escobaria,Cactaceae,whole plant growth form,Shrub,,Species with multiple growth form classifications were assigned the growth form classification agreed upon by the majority (>2/3) of sources. Species with ambiguous or otherwise not interpretable growth form assignments were excluded from the final dataset but are made available with the original data.,,,,BIEN,http://onlinelibrary.wiley.com/doi/10.1002/ecy.1569/abstract,4563361,"Engemann, K",2026-03-28 23:42:38 UTC
Escobaria duncanii,Escobaria,Cactaceae,whole plant growth form diversity,Shrub,,Species with multiple growth form classifications were assigned the growth form classification agreed upon by the majority (>2/3) of sources. Species with ambiguous or otherwise not interpretable growth form assignments were excluded from the final dataset but are made available with the original data.,,,,BIEN,http://onlinelibrary.wiley.com/doi/10.1002/ecy.1569/abstract,4563362,"Engemann, K",2026-03-28 23:42:38 UTC
Harrisia fragrans,Harrisia,Cactaceae,whole plant growth form diversity,Shrub,,Species with multiple growth form classifications were assigned the growth form classification agreed upon by the majority (>2/3) of sources. Species with ambiguous or otherwise not interpretable growth form assignments were excluded from the final dataset but are made available with the original data.,,,,BIEN,http://onlinelibrary.wiley.com/doi/10.1002/ecy.1569/abstract,4563363,"Engemann, K",2026-03-28 23:42:38 UTC
Escobaria emskoetteriana,Escobaria,Cactaceae,whole plant growth form,Shrub,,Species with multiple growth form classifications were assigned the growth form classification agreed upon by the majority (>2/3) of sources. Species with ambiguous or otherwise not interpretable growth form assignments were excluded from the final dataset but are made available with the original data.,,,,BIEN,http://onlinelibrary.wiley.com/doi/10.1002/ecy.1569/abstract,4563364,"Engemann, K",2026-03-28 23:42:38 UTC
Escobaria emskoetteriana,Escobaria,Cactaceae,whole plant growth form diversity,Shrub,,Species with multiple growth form classifications were assigned the growth form classification agreed upon by the majority (>2/3) of sources. Species with ambiguous or otherwise not interpretable growth form assignments were excluded from the final dataset but are made available with the original data.,,,,BIEN,http://onlinelibrary.wiley.com/doi/10.1002/ecy.1569/abstract,4563365,"Engemann, K",2026-03-28 23:42:38 UTC
Escobaria hesteri,Escobaria,Cactaceae,whole plant growth form,Shrub,,Species with multiple growth form classifications were assigned the growth form classification agreed upon by the majority (>2/3) of sources. Species with ambiguous or otherwise not interpretable growth form assignments were excluded from the final dataset but are made available with the original data.,,,,BIEN,http://onlinelibrary.wiley.com/doi/10.1002/ecy.1569/abstract,4563366,"Engemann, K",2026-03-28 23:42:38 UTC
Escobaria organensis,Escobaria,Cactaceae,whole plant growth form diversity,Shrub,,Species with multiple growth form classifications were assigned the growth form classification agreed upon by the majority (>2/3) of sources. Species with ambiguous or otherwise not interpretable growth form assignments were excluded from the final dataset but are made available with the original data.,,,,BIEN,http://onlinelibrary.wiley.com/doi/10.1002/ecy.1569/abstract,4563367,"Engemann, K",2026-03-28 23:42:38 UTC
Opuntia cumulicola,Opuntia,Cactaceae,whole plant growth form diversity,Shrub,,Species with multiple growth form classifications were assigned the growth form classification agreed upon by the majority (>2/3) of sources. Species with ambiguous or otherwise not interpretable growth form assignments were excluded from the final dataset but are made available with the original data.,,,,BIEN,http://onlinelibrary.wiley.com/doi/10.1002/ecy.1569/abstract,4563563,"Engemann, K",2026-03-28 23:42:38 UTC
Escobaria missouriensis,Escobaria,Cactaceae,whole plant growth form,Shrub,,Species with multiple growth form classifications were assigned the growth form classification agreed upon by the majority (>2/3) of sources. Species with ambiguous or otherwise not interpretable growth form assignments were excluded from the final dataset but are made available with the original data.,,,,BIEN,http://onlinelibrary.wiley.com/doi/10.1002/ecy.1569/abstract,4563369,"Engemann, K",2026-03-28 23:42:38 UTC
Escobaria missouriensis,Escobaria,Cactaceae,whole plant growth form diversity,Shrub,,Species with multiple growth form classifications were assigned the growth form classification agreed upon by the majority (>2/3) of sources. Species with ambiguous or otherwise not interpretable growth form assignments were excluded from the final dataset but are made available with the original data.,,,,BIEN,http://onlinelibrary.wiley.com/doi/10.1002/ecy.1569/abstract,4563370,"Engemann, K",2026-03-28 23:42:38 UTC
Escobaria organensis,Escobaria,Cactaceae,whole plant growth form,Shrub,,Species with multiple growth form classifications were assigned the growth form classification agreed upon by the majority (>2/3) of sources. Species with ambiguous or otherwise not interpretable growth form assignments were excluded from the final dataset but are made available with the original data.,,,,BIEN,http://onlinelibrary.wiley.com/doi/10.1002/ecy.1569/abstract,4563371,"Engemann, K",2026-03-28 23:42:38 UTC
Escobaria robbinsiorum,Escobaria,Cactaceae,whole plant growth form,Shrub,,Species with multiple growth form classifications were assigned the growth form classification agreed upon by the majority (>2/3) of sources. Species with ambiguous or otherwise not interpretable growth form assignments were excluded from the final dataset but are made available with the original data.,,,,BIEN,http://onlinelibrary.wiley.com/doi/10.1002/ecy.1569/abstract,4563372,"Engemann, K",2026-03-28 23:42:38 UTC
Escobaria robbinsiorum,Escobaria,Cactaceae,whole plant growth form diversity,Shrub,,Species with multiple growth form classifications were assigned the growth form classification agreed upon by the majority (>2/3) of sources. Species with ambiguous or otherwise not interpretable growth form assignments were excluded from the final dataset but are made available with the original data.,,,,BIEN,http://onlinelibrary.wiley.com/doi/10.1002/ecy.1569/abstract,4563373,"Engemann, K",2026-03-28 23:42:38 UTC
Escobaria sneedii,Escobaria,Cactaceae,whole plant growth form,Shrub,,Species with multiple growth form classifications were assigned the growth form classification agreed upon by the majority (>2/3) of sources. Species with ambiguous or otherwise not interpretable growth form assignments were excluded from the final dataset but are made available with the original data.,,,,BIEN,http://onlinelibrary.wiley.com/doi/10.1002/ecy.1569/abstract,4563374,"Engemann, K",2026-03-28 23:42:38 UTC
Escobaria villardii,Escobaria,Cactaceae,whole plant growth form diversity,Shrub,,Species with multiple growth form classifications were assigned the growth form classification agreed upon by the majority (>2/3) of sources. Species with ambiguous or otherwise not interpretable growth form assignments were excluded from the final dataset but are made available with the original data.,,,,BIEN,http://onlinelibrary.wiley.com/doi/10.1002/ecy.1569/abstract,4563375,"Engemann, K",2026-03-28 23:42:38 UTC
Escobaria sneedii,Escobaria,Cactaceae,whole plant growth form diversity,Tree_Herb_Shrub,,Species with multiple growth form classifications were assigned the growth form classification agreed upon by the majority (>2/3) of sources. Species with ambiguous or otherwise not interpretable growth form assignments were excluded from the final dataset but are made available with the original data.,,,,BIEN,http://onlinelibrary.wiley.com/doi/10.1002/ecy.1569/abstract,4563376,"Engemann, K",2026-03-28 23:42:38 UTC
Escobaria tuberculosa,Escobaria,Cactaceae,whole plant growth form,Shrub,,Species with multiple growth form classifications were assigned the growth form classification agreed upon by the majority (>2/3) of sources. Species with ambiguous or otherwise not interpretable growth form assignments were excluded from the final dataset but are made available with the original data.,,,,BIEN,http://onlinelibrary.wiley.com/doi/10.1002/ecy.1569/abstract,4563377,"Engemann, K",2026-03-28 23:42:38 UTC
Escobaria tuberculosa,Escobaria,Cactaceae,whole plant growth form diversity,Herb_Shrub,,Species with multiple growth form classifications were assigned the growth form classification agreed upon by the majority (>2/3) of sources. Species with ambiguous or otherwise not interpretable growth form assignments were excluded from the final dataset but are made available with the original data.,,,,BIEN,http://onlinelibrary.wiley.com/doi/10.1002/ecy.1569/abstract,4563378,"Engemann, K",2026-03-28 23:42:38 UTC
Escobaria villardii,Escobaria,Cactaceae,whole plant growth form,Shrub,,Species with multiple growth form classifications were assigned the growth form classification agreed upon by the majority (>2/3) of sources. Species with ambiguous or otherwise not interpretable growth form assignments were excluded from the final dataset but are made available with the original data.,,,,BIEN,http://onlinelibrary.wiley.com/doi/10.1002/ecy.1569/abstract,4563379,"Engemann, K",2026-03-28 23:42:38 UTC
Escobaria vivipara,Escobaria,Cactaceae,whole plant growth form,Shrub,,Species with multiple growth form classifications were assigned the growth form classification agreed upon by the majority (>2/3) of sources. Species with ambiguous or otherwise not interpretable growth form assignments were excluded from the final dataset but are made available with the original data.,,,,BIEN,http://onlinelibrary.wiley.com/doi/10.1002/ecy.1569/abstract,4563380,"Engemann, K",2026-03-28 23:42:38 UTC
Escobaria vivipara,Escobaria,Cactaceae,whole plant growth form diversity,Herb_Shrub,,Species with multiple growth form classifications were assigned the growth form classification agreed upon by the majority (>2/3) of sources. Species with ambiguous or otherwise not interpretable growth form assignments were excluded from the final dataset but are made available with the original data.,,,,BIEN,http://onlinelibrary.wiley.com/doi/10.1002/ecy.1569/abstract,4563381,"Engemann, K",2026-03-28 23:42:38 UTC
Espostoa frutescens,Espostoa,Cactaceae,whole plant growth form,Shrub,,Species with multiple growth form classifications were assigned the growth form classification agreed upon by the majority (>2/3) of sources. Species with ambiguous or otherwise not interpretable growth form assignments were excluded from the final dataset but are made available with the original data.,,,,BIEN,http://onlinelibrary.wiley.com/doi/10.1002/ecy.1569/abstract,4563382,"Engemann, K",2026-03-28 23:42:38 UTC
Espostoa frutescens,Espostoa,Cactaceae,whole plant growth form diversity,Shrub,,Species with multiple growth form classifications were assigned the growth form classification agreed upon by the majority (>2/3) of sources. Species with ambiguous or otherwise not interpretable growth form assignments were excluded from the final dataset but are made available with the original data.,,,,BIEN,http://onlinelibrary.wiley.com/doi/10.1002/ecy.1569/abstract,4563383,"Engemann, K",2026-03-28 23:42:38 UTC
Espostoa melanostele,Espostoa,Cactaceae,whole plant growth form,Shrub,,Species with multiple growth form classifications were assigned the growth form classification agreed upon by the majority (>2/3) of sources. Species with ambiguous or otherwise not interpretable growth form assignments were excluded from the final dataset but are made available with the original data.,,,,BIEN,http://onlinelibrary.wiley.com/doi/10.1002/ecy.1569/abstract,4563384,"Engemann, K",2026-03-28 23:42:38 UTC
Espostoa melanostele,Espostoa,Cactaceae,whole plant growth form diversity,Shrub,,Species with multiple growth form classifications were assigned the growth form classification agreed upon by the majority (>2/3) of sources. Species with ambiguous or otherwise not interpretable growth form assignments were excluded from the final dataset but are made available with the original data.,,,,BIEN,http://onlinelibrary.wiley.com/doi/10.1002/ecy.1569/abstract,4563385,"Engemann, K",2026-03-28 23:42:38 UTC
Ferocactus cylindraceus,Ferocactus,Cactaceae,whole plant growth form,Shrub,,Species with multiple growth form classifications were assigned the growth form classification agreed upon by the majority (>2/3) of sources. Species with ambiguous or otherwise not interpretable growth form assignments were excluded from the final dataset but are made available with the original data.,,,,BIEN,http://onlinelibrary.wiley.com/doi/10.1002/ecy.1569/abstract,4563386,"Engemann, K",2026-03-28 23:42:38 UTC
Ferocactus cylindraceus,Ferocactus,Cactaceae,whole plant growth form diversity,Herb_Shrub,,Species with multiple growth form classifications were assigned the growth form classification agreed upon by the majority (>2/3) of sources. Species with ambiguous or otherwise not interpretable growth form assignments were excluded from the final dataset but are made available with the original data.,,,,BIEN,http://onlinelibrary.wiley.com/doi/10.1002/ecy.1569/abstract,4563387,"Engemann, K",2026-03-28 23:42:38 UTC
Ferocactus emoryi,Ferocactus,Cactaceae,whole plant growth form,Shrub,,Species with multiple growth form classifications were assigned the growth form classification agreed upon by the majority (>2/3) of sources. Species with ambiguous or otherwise not interpretable growth form assignments were excluded from the final dataset but are made available with the original data.,,,,BIEN,http://onlinelibrary.wiley.com/doi/10.1002/ecy.1569/abstract,4563388,"Engemann, K",2026-03-28 23:42:38 UTC
Ferocactus emoryi,Ferocactus,Cactaceae,whole plant growth form diversity,Shrub,,Species with multiple growth form classifications were assigned the growth form classification agreed upon by the majority (>2/3) of sources. Species with ambiguous or otherwise not interpretable growth form assignments were excluded from the final dataset but are made available with the original data.,,,,BIEN,http://onlinelibrary.wiley.com/doi/10.1002/ecy.1569/abstract,4563389,"Engemann, K",2026-03-28 23:42:38 UTC
Ferocactus hamatacanthus,Ferocactus,Cactaceae,whole plant growth form,Shrub,,Species with multiple growth form classifications were assigned the growth form classification agreed upon by the majority (>2/3) of sources. Species with ambiguous or otherwise not interpretable growth form assignments were excluded from the final dataset but are made available with the original data.,,,,BIEN,http://onlinelibrary.wiley.com/doi/10.1002/ecy.1569/abstract,4563390,"Engemann, K",2026-03-28 23:42:38 UTC
Ferocactus hamatacanthus,Ferocactus,Cactaceae,whole plant growth form diversity,Shrub,,Species with multiple growth form classifications were assigned the growth form classification agreed upon by the majority (>2/3) of sources. Species with ambiguous or otherwise not interpretable growth form assignments were excluded from the final dataset but are made available with the original data.,,,,BIEN,http://onlinelibrary.wiley.com/doi/10.1002/ecy.1569/abstract,4563391,"Engemann, K",2026-03-28 23:42:38 UTC
Grusonia emoryi,Grusonia,Cactaceae,whole plant growth form diversity,Shrub,,Species with multiple growth form classifications were assigned the growth form classification agreed upon by the majority (>2/3) of sources. Species with ambiguous or otherwise not interpretable growth form assignments were excluded from the final dataset but are made available with the original data.,,,,BIEN,http://onlinelibrary.wiley.com/doi/10.1002/ecy.1569/abstract,4563401,"Engemann, K",2026-03-28 23:42:38 UTC
Ferocactus viridescens,Ferocactus,Cactaceae,whole plant growth form diversity,Shrub,,Species with multiple growth form classifications were assigned the growth form classification agreed upon by the majority (>2/3) of sources. Species with ambiguous or otherwise not interpretable growth form assignments were excluded from the final dataset but are made available with the original data.,,,,BIEN,http://onlinelibrary.wiley.com/doi/10.1002/ecy.1569/abstract,4563392,"Engemann, K",2026-03-28 23:42:38 UTC
Grusonia aggeria,Grusonia,Cactaceae,whole plant growth form,Shrub,,Species with multiple growth form classifications were assigned the growth form classification agreed upon by the majority (>2/3) of sources. Species with ambiguous or otherwise not interpretable growth form assignments were excluded from the final dataset but are made available with the original data.,,,,BIEN,http://onlinelibrary.wiley.com/doi/10.1002/ecy.1569/abstract,4563393,"Engemann, K",2026-03-28 23:42:38 UTC
Grusonia aggeria,Grusonia,Cactaceae,whole plant growth form diversity,Shrub,,Species with multiple growth form classifications were assigned the growth form classification agreed upon by the majority (>2/3) of sources. Species with ambiguous or otherwise not interpretable growth form assignments were excluded from the final dataset but are made available with the original data.,,,,BIEN,http://onlinelibrary.wiley.com/doi/10.1002/ecy.1569/abstract,4563394,"Engemann, K",2026-03-28 23:42:38 UTC
Grusonia bulbispina,Grusonia,Cactaceae,whole plant growth form,Shrub,,Species with multiple growth form classifications were assigned the growth form classification agreed upon by the majority (>2/3) of sources. Species with ambiguous or otherwise not interpretable growth form assignments were excluded from the final dataset but are made available with the original data.,,,,BIEN,http://onlinelibrary.wiley.com/doi/10.1002/ecy.1569/abstract,4563395,"Engemann, K",2026-03-28 23:42:38 UTC
Grusonia vilis,Grusonia,Cactaceae,whole plant growth form,Shrub,,Species with multiple growth form classifications were assigned the growth form classification agreed upon by the majority (>2/3) of sources. Species with ambiguous or otherwise not interpretable growth form assignments were excluded from the final dataset but are made available with the original data.,,,,BIEN,http://onlinelibrary.wiley.com/doi/10.1002/ecy.1569/abstract,4563412,"Engemann, K",2026-03-28 23:42:38 UTC
Grusonia bulbispina,Grusonia,Cactaceae,whole plant growth form diversity,Shrub,,Species with multiple growth form classifications were assigned the growth form classification agreed upon by the majority (>2/3) of sources. Species with ambiguous or otherwise not interpretable growth form assignments were excluded from the final dataset but are made available with the original data.,,,,BIEN,http://onlinelibrary.wiley.com/doi/10.1002/ecy.1569/abstract,4563396,"Engemann, K",2026-03-28 23:42:38 UTC
Grusonia clavata,Grusonia,Cactaceae,whole plant growth form,Shrub,,Species with multiple growth form classifications were assigned the growth form classification agreed upon by the majority (>2/3) of sources. Species with ambiguous or otherwise not interpretable growth form assignments were excluded from the final dataset but are made available with the original data.,,,,BIEN,http://onlinelibrary.wiley.com/doi/10.1002/ecy.1569/abstract,4563397,"Engemann, K",2026-03-28 23:42:38 UTC
Grusonia clavata,Grusonia,Cactaceae,whole plant growth form diversity,Shrub,,Species with multiple growth form classifications were assigned the growth form classification agreed upon by the majority (>2/3) of sources. Species with ambiguous or otherwise not interpretable growth form assignments were excluded from the final dataset but are made available with the original data.,,,,BIEN,http://onlinelibrary.wiley.com/doi/10.1002/ecy.1569/abstract,4563398,"Engemann, K",2026-03-28 23:42:38 UTC
Grusonia grahamii,Grusonia,Cactaceae,whole plant growth form diversity,Shrub,,Species with multiple growth form classifications were assigned the growth form classification agreed upon by the majority (>2/3) of sources. Species with ambiguous or otherwise not interpretable growth form assignments were excluded from the final dataset but are made available with the original data.,,,,BIEN,http://onlinelibrary.wiley.com/doi/10.1002/ecy.1569/abstract,4563399,"Engemann, K",2026-03-28 23:42:38 UTC
Grusonia emoryi,Grusonia,Cactaceae,whole plant growth form,Shrub,,Species with multiple growth form classifications were assigned the growth form classification agreed upon by the majority (>2/3) of sources. Species with ambiguous or otherwise not interpretable growth form assignments were excluded from the final dataset but are made available with the original data.,,,,BIEN,http://onlinelibrary.wiley.com/doi/10.1002/ecy.1569/abstract,4563400,"Engemann, K",2026-03-28 23:42:38 UTC
Grusonia grahamii,Grusonia,Cactaceae,whole plant growth form,Shrub,,Species with multiple growth form classifications were assigned the growth form classification agreed upon by the majority (>2/3) of sources. Species with ambiguous or otherwise not interpretable growth form assignments were excluded from the final dataset but are made available with the original data.,,,,BIEN,http://onlinelibrary.wiley.com/doi/10.1002/ecy.1569/abstract,4563402,"Engemann, K",2026-03-28 23:42:38 UTC
Grusonia kunzei,Grusonia,Cactaceae,whole plant growth form,Shrub,,Species with multiple growth form classifications were assigned the growth form classification agreed upon by the majority (>2/3) of sources. Species with ambiguous or otherwise not interpretable growth form assignments were excluded from the final dataset but are made available with the original data.,,,,BIEN,http://onlinelibrary.wiley.com/doi/10.1002/ecy.1569/abstract,4563403,"Engemann, K",2026-03-28 23:42:38 UTC
Harrisia aboriginum,Harrisia,Cactaceae,whole plant growth form diversity,Shrub,,Species with multiple growth form classifications were assigned the growth form classification agreed upon by the majority (>2/3) of sources. Species with ambiguous or otherwise not interpretable growth form assignments were excluded from the final dataset but are made available with the original data.,,,,BIEN,http://onlinelibrary.wiley.com/doi/10.1002/ecy.1569/abstract,4563404,"Engemann, K",2026-03-28 23:42:38 UTC
Grusonia kunzei,Grusonia,Cactaceae,whole plant growth form diversity,Shrub,,Species with multiple growth form classifications were assigned the growth form classification agreed upon by the majority (>2/3) of sources. Species with ambiguous or otherwise not interpretable growth form assignments were excluded from the final dataset but are made available with the original data.,,,,BIEN,http://onlinelibrary.wiley.com/doi/10.1002/ecy.1569/abstract,4563405,"Engemann, K",2026-03-28 23:42:38 UTC
Grusonia parishii,Grusonia,Cactaceae,whole plant growth form,Shrub,,Species with multiple growth form classifications were assigned the growth form classification agreed upon by the majority (>2/3) of sources. Species with ambiguous or otherwise not interpretable growth form assignments were excluded from the final dataset but are made available with the original data.,,,,BIEN,http://onlinelibrary.wiley.com/doi/10.1002/ecy.1569/abstract,4563406,"Engemann, K",2026-03-28 23:42:38 UTC
Grusonia parishii,Grusonia,Cactaceae,whole plant growth form diversity,Shrub,,Species with multiple growth form classifications were assigned the growth form classification agreed upon by the majority (>2/3) of sources. Species with ambiguous or otherwise not interpretable growth form assignments were excluded from the final dataset but are made available with the original data.,,,,BIEN,http://onlinelibrary.wiley.com/doi/10.1002/ecy.1569/abstract,4563407,"Engemann, K",2026-03-28 23:42:38 UTC
Grusonia pulchella,Grusonia,Cactaceae,whole plant growth form,Shrub,,Species with multiple growth form classifications were assigned the growth form classification agreed upon by the majority (>2/3) of sources. Species with ambiguous or otherwise not interpretable growth form assignments were excluded from the final dataset but are made available with the original data.,,,,BIEN,http://onlinelibrary.wiley.com/doi/10.1002/ecy.1569/abstract,4563408,"Engemann, K",2026-03-28 23:42:38 UTC
Grusonia pulchella,Grusonia,Cactaceae,whole plant growth form diversity,Shrub,,Species with multiple growth form classifications were assigned the growth form classification agreed upon by the majority (>2/3) of sources. Species with ambiguous or otherwise not interpretable growth form assignments were excluded from the final dataset but are made available with the original data.,,,,BIEN,http://onlinelibrary.wiley.com/doi/10.1002/ecy.1569/abstract,4563409,"Engemann, K",2026-03-28 23:42:38 UTC
Grusonia schottii,Grusonia,Cactaceae,whole plant growth form,Shrub,,Species with multiple growth form classifications were assigned the growth form classification agreed upon by the majority (>2/3) of sources. Species with ambiguous or otherwise not interpretable growth form assignments were excluded from the final dataset but are made available with the original data.,,,,BIEN,http://onlinelibrary.wiley.com/doi/10.1002/ecy.1569/abstract,4563410,"Engemann, K",2026-03-28 23:42:38 UTC
Grusonia schottii,Grusonia,Cactaceae,whole plant growth form diversity,Shrub,,Species with multiple growth form classifications were assigned the growth form classification agreed upon by the majority (>2/3) of sources. Species with ambiguous or otherwise not interpretable growth form assignments were excluded from the final dataset but are made available with the original data.,,,,BIEN,http://onlinelibrary.wiley.com/doi/10.1002/ecy.1569/abstract,4563411,"Engemann, K",2026-03-28 23:42:38 UTC
Harrisia aboriginum,Harrisia,Cactaceae,whole plant growth form,Shrub,,Species with multiple growth form classifications were assigned the growth form classification agreed upon by the majority (>2/3) of sources. Species with ambiguous or otherwise not interpretable growth form assignments were excluded from the final dataset but are made available with the original data.,,,,BIEN,http://onlinelibrary.wiley.com/doi/10.1002/ecy.1569/abstract,4563414,"Engemann, K",2026-03-28 23:42:38 UTC
Harrisia eriophora,Harrisia,Cactaceae,whole plant growth form,Shrub,,Species with multiple growth form classifications were assigned the growth form classification agreed upon by the majority (>2/3) of sources. Species with ambiguous or otherwise not interpretable growth form assignments were excluded from the final dataset but are made available with the original data.,,,,BIEN,http://onlinelibrary.wiley.com/doi/10.1002/ecy.1569/abstract,4563415,"Engemann, K",2026-03-28 23:42:38 UTC
Harrisia eriophora,Harrisia,Cactaceae,whole plant growth form diversity,Tree_Shrub,,Species with multiple growth form classifications were assigned the growth form classification agreed upon by the majority (>2/3) of sources. Species with ambiguous or otherwise not interpretable growth form assignments were excluded from the final dataset but are made available with the original data.,,,,BIEN,http://onlinelibrary.wiley.com/doi/10.1002/ecy.1569/abstract,4563416,"Engemann, K",2026-03-28 23:42:38 UTC
Harrisia fragrans,Harrisia,Cactaceae,whole plant growth form,Shrub,,Species with multiple growth form classifications were assigned the growth form classification agreed upon by the majority (>2/3) of sources. Species with ambiguous or otherwise not interpretable growth form assignments were excluded from the final dataset but are made available with the original data.,,,,BIEN,http://onlinelibrary.wiley.com/doi/10.1002/ecy.1569/abstract,4563417,"Engemann, K",2026-03-28 23:42:38 UTC
Harrisia martinii,Harrisia,Cactaceae,whole plant growth form,Shrub,,Species with multiple growth form classifications were assigned the growth form classification agreed upon by the majority (>2/3) of sources. Species with ambiguous or otherwise not interpretable growth form assignments were excluded from the final dataset but are made available with the original data.,,,,BIEN,http://onlinelibrary.wiley.com/doi/10.1002/ecy.1569/abstract,4563418,"Engemann, K",2026-03-28 23:42:38 UTC
Harrisia martinii,Harrisia,Cactaceae,whole plant growth form diversity,Shrub,,Species with multiple growth form classifications were assigned the growth form classification agreed upon by the majority (>2/3) of sources. Species with ambiguous or otherwise not interpretable growth form assignments were excluded from the final dataset but are made available with the original data.,,,,BIEN,http://onlinelibrary.wiley.com/doi/10.1002/ecy.1569/abstract,4563419,"Engemann, K",2026-03-28 23:42:38 UTC
Harrisia simpsonii,Harrisia,Cactaceae,whole plant growth form,Shrub,,Species with multiple growth form classifications were assigned the growth form classification agreed upon by the majority (>2/3) of sources. Species with ambiguous or otherwise not interpretable growth form assignments were excluded from the final dataset but are made available with the original data.,,,,BIEN,http://onlinelibrary.wiley.com/doi/10.1002/ecy.1569/abstract,4563420,"Engemann, K",2026-03-28 23:42:38 UTC
Harrisia simpsonii,Harrisia,Cactaceae,whole plant growth form diversity,Shrub,,Species with multiple growth form classifications were assigned the growth form classification agreed upon by the majority (>2/3) of sources. Species with ambiguous or otherwise not interpretable growth form assignments were excluded from the final dataset but are made available with the original data.,,,,BIEN,http://onlinelibrary.wiley.com/doi/10.1002/ecy.1569/abstract,4563421,"Engemann, K",2026-03-28 23:42:38 UTC
Hatiora salicornioides,Hatiora,Cactaceae,whole plant growth form,Non-woody epiphyte,,Species with multiple growth form classifications were assigned the growth form classification agreed upon by the majority (>2/3) of sources. Species with ambiguous or otherwise not interpretable growth form assignments were excluded from the final dataset but are made available with the original data.,,,,BIEN,http://onlinelibrary.wiley.com/doi/10.1002/ecy.1569/abstract,4563422,"Engemann, K",2026-03-28 23:42:38 UTC
Hylocereus trigonus,Hylocereus,Cactaceae,whole plant growth form diversity,Non-woody epiphyte,,Species with multiple growth form classifications were assigned the growth form classification agreed upon by the majority (>2/3) of sources. Species with ambiguous or otherwise not interpretable growth form assignments were excluded from the final dataset but are made available with the original data.,,,,BIEN,http://onlinelibrary.wiley.com/doi/10.1002/ecy.1569/abstract,4563447,"Engemann, K",2026-03-28 23:42:38 UTC
Hatiora salicornioides,Hatiora,Cactaceae,whole plant growth form diversity,Non-woody epiphyte,,Species with multiple growth form classifications were assigned the growth form classification agreed upon by the majority (>2/3) of sources. Species with ambiguous or otherwise not interpretable growth form assignments were excluded from the final dataset but are made available with the original data.,,,,BIEN,http://onlinelibrary.wiley.com/doi/10.1002/ecy.1569/abstract,4563423,"Engemann, K",2026-03-28 23:42:38 UTC
Heliocereus aurantiacus,Heliocereus,Cactaceae,whole plant growth form,Non-woody epiphyte,,Species with multiple growth form classifications were assigned the growth form classification agreed upon by the majority (>2/3) of sources. Species with ambiguous or otherwise not interpretable growth form assignments were excluded from the final dataset but are made available with the original data.,,,,BIEN,http://onlinelibrary.wiley.com/doi/10.1002/ecy.1569/abstract,4563424,"Engemann, K",2026-03-28 23:42:38 UTC
Heliocereus aurantiacus,Heliocereus,Cactaceae,whole plant growth form diversity,Non-woody epiphyte,,Species with multiple growth form classifications were assigned the growth form classification agreed upon by the majority (>2/3) of sources. Species with ambiguous or otherwise not interpretable growth form assignments were excluded from the final dataset but are made available with the original data.,,,,BIEN,http://onlinelibrary.wiley.com/doi/10.1002/ecy.1569/abstract,4563425,"Engemann, K",2026-03-28 23:42:38 UTC
Disocactus speciosus,Disocactus,Cactaceae,whole plant growth form,Non-woody epiphyte,,Species with multiple growth form classifications were assigned the growth form classification agreed upon by the majority (>2/3) of sources. Species with ambiguous or otherwise not interpretable growth form assignments were excluded from the final dataset but are made available with the original data.,,,,BIEN,http://onlinelibrary.wiley.com/doi/10.1002/ecy.1569/abstract,4563426,"Engemann, K",2026-03-28 23:42:38 UTC
Disocactus speciosus,Disocactus,Cactaceae,whole plant growth form diversity,Non-woody epiphyte,,Species with multiple growth form classifications were assigned the growth form classification agreed upon by the majority (>2/3) of sources. Species with ambiguous or otherwise not interpretable growth form assignments were excluded from the final dataset but are made available with the original data.,,,,BIEN,http://onlinelibrary.wiley.com/doi/10.1002/ecy.1569/abstract,4563427,"Engemann, K",2026-03-28 23:42:38 UTC
Heliocereus schrankii,Heliocereus,Cactaceae,whole plant growth form,Non-woody epiphyte,,Species with multiple growth form classifications were assigned the growth form classification agreed upon by the majority (>2/3) of sources. Species with ambiguous or otherwise not interpretable growth form assignments were excluded from the final dataset but are made available with the original data.,,,,BIEN,http://onlinelibrary.wiley.com/doi/10.1002/ecy.1569/abstract,4563428,"Engemann, K",2026-03-28 23:42:38 UTC
Heliocereus schrankii,Heliocereus,Cactaceae,whole plant growth form diversity,Non-woody epiphyte,,Species with multiple growth form classifications were assigned the growth form classification agreed upon by the majority (>2/3) of sources. Species with ambiguous or otherwise not interpretable growth form assignments were excluded from the final dataset but are made available with the original data.,,,,BIEN,http://onlinelibrary.wiley.com/doi/10.1002/ecy.1569/abstract,4563429,"Engemann, K",2026-03-28 23:42:38 UTC
Hylocereus calcaratus,Hylocereus,Cactaceae,whole plant growth form,Non-woody epiphyte,,Species with multiple growth form classifications were assigned the growth form classification agreed upon by the majority (>2/3) of sources. Species with ambiguous or otherwise not interpretable growth form assignments were excluded from the final dataset but are made available with the original data.,,,,BIEN,http://onlinelibrary.wiley.com/doi/10.1002/ecy.1569/abstract,4563430,"Engemann, K",2026-03-28 23:42:38 UTC
Hylocereus calcaratus,Hylocereus,Cactaceae,whole plant growth form diversity,Non-woody epiphyte,,Species with multiple growth form classifications were assigned the growth form classification agreed upon by the majority (>2/3) of sources. Species with ambiguous or otherwise not interpretable growth form assignments were excluded from the final dataset but are made available with the original data.,,,,BIEN,http://onlinelibrary.wiley.com/doi/10.1002/ecy.1569/abstract,4563431,"Engemann, K",2026-03-28 23:42:38 UTC
Hylocereus costaricensis,Hylocereus,Cactaceae,whole plant growth form,Non-woody epiphyte,,Species with multiple growth form classifications were assigned the growth form classification agreed upon by the majority (>2/3) of sources. Species with ambiguous or otherwise not interpretable growth form assignments were excluded from the final dataset but are made available with the original data.,,,,BIEN,http://onlinelibrary.wiley.com/doi/10.1002/ecy.1569/abstract,4563432,"Engemann, K",2026-03-28 23:42:38 UTC
Hylocereus costaricensis,Hylocereus,Cactaceae,whole plant growth form diversity,Herb_Shrub_Vine_Non-woody epiphyte,,Species with multiple growth form classifications were assigned the growth form classification agreed upon by the majority (>2/3) of sources. Species with ambiguous or otherwise not interpretable growth form assignments were excluded from the final dataset but are made available with the original data.,,,,BIEN,http://onlinelibrary.wiley.com/doi/10.1002/ecy.1569/abstract,4563433,"Engemann, K",2026-03-28 23:42:38 UTC
Selenicereus guatemalensis,Selenicereus,Cactaceae,whole plant growth form,Non-woody epiphyte,,Species with multiple growth form classifications were assigned the growth form classification agreed upon by the majority (>2/3) of sources. Species with ambiguous or otherwise not interpretable growth form assignments were excluded from the final dataset but are made available with the original data.,,,,BIEN,http://onlinelibrary.wiley.com/doi/10.1002/ecy.1569/abstract,4563434,"Engemann, K",2026-03-28 23:42:38 UTC
Selenicereus guatemalensis,Selenicereus,Cactaceae,whole plant growth form diversity,Non-woody epiphyte,,Species with multiple growth form classifications were assigned the growth form classification agreed upon by the majority (>2/3) of sources. Species with ambiguous or otherwise not interpretable growth form assignments were excluded from the final dataset but are made available with the original data.,,,,BIEN,http://onlinelibrary.wiley.com/doi/10.1002/ecy.1569/abstract,4563435,"Engemann, K",2026-03-28 23:42:38 UTC
Hylocereus lemairei,Hylocereus,Cactaceae,whole plant growth form,Non-woody epiphyte,,Species with multiple growth form classifications were assigned the growth form classification agreed upon by the majority (>2/3) of sources. Species with ambiguous or otherwise not interpretable growth form assignments were excluded from the final dataset but are made available with the original data.,,,,BIEN,http://onlinelibrary.wiley.com/doi/10.1002/ecy.1569/abstract,4563436,"Engemann, K",2026-03-28 23:42:38 UTC
Hylocereus lemairei,Hylocereus,Cactaceae,whole plant growth form diversity,Liana_Non-woody epiphyte,,Species with multiple growth form classifications were assigned the growth form classification agreed upon by the majority (>2/3) of sources. Species with ambiguous or otherwise not interpretable growth form assignments were excluded from the final dataset but are made available with the original data.,,,,BIEN,http://onlinelibrary.wiley.com/doi/10.1002/ecy.1569/abstract,4563437,"Engemann, K",2026-03-28 23:42:38 UTC
Hylocereus megalanthus,Hylocereus,Cactaceae,whole plant growth form,Non-woody epiphyte,,Species with multiple growth form classifications were assigned the growth form classification agreed upon by the majority (>2/3) of sources. Species with ambiguous or otherwise not interpretable growth form assignments were excluded from the final dataset but are made available with the original data.,,,,BIEN,http://onlinelibrary.wiley.com/doi/10.1002/ecy.1569/abstract,4563438,"Engemann, K",2026-03-28 23:42:38 UTC
Hylocereus megalanthus,Hylocereus,Cactaceae,whole plant growth form diversity,Non-woody epiphyte,,Species with multiple growth form classifications were assigned the growth form classification agreed upon by the majority (>2/3) of sources. Species with ambiguous or otherwise not interpretable growth form assignments were excluded from the final dataset but are made available with the original data.,,,,BIEN,http://onlinelibrary.wiley.com/doi/10.1002/ecy.1569/abstract,4563439,"Engemann, K",2026-03-28 23:42:38 UTC
Hylocereus monacanthus,Hylocereus,Cactaceae,whole plant growth form,Non-woody epiphyte,,Species with multiple growth form classifications were assigned the growth form classification agreed upon by the majority (>2/3) of sources. Species with ambiguous or otherwise not interpretable growth form assignments were excluded from the final dataset but are made available with the original data.,,,,BIEN,http://onlinelibrary.wiley.com/doi/10.1002/ecy.1569/abstract,4563440,"Engemann, K",2026-03-28 23:42:38 UTC
Hylocereus monacanthus,Hylocereus,Cactaceae,whole plant growth form diversity,Vine_Non-woody epiphyte,,Species with multiple growth form classifications were assigned the growth form classification agreed upon by the majority (>2/3) of sources. Species with ambiguous or otherwise not interpretable growth form assignments were excluded from the final dataset but are made available with the original data.,,,,BIEN,http://onlinelibrary.wiley.com/doi/10.1002/ecy.1569/abstract,4563441,"Engemann, K",2026-03-28 23:42:38 UTC
Hylocereus polyrhizus,Hylocereus,Cactaceae,whole plant growth form,Non-woody epiphyte,,Species with multiple growth form classifications were assigned the growth form classification agreed upon by the majority (>2/3) of sources. Species with ambiguous or otherwise not interpretable growth form assignments were excluded from the final dataset but are made available with the original data.,,,,BIEN,http://onlinelibrary.wiley.com/doi/10.1002/ecy.1569/abstract,4563442,"Engemann, K",2026-03-28 23:42:38 UTC
Hylocereus polyrhizus,Hylocereus,Cactaceae,whole plant growth form diversity,Vine_Non-woody epiphyte,,Species with multiple growth form classifications were assigned the growth form classification agreed upon by the majority (>2/3) of sources. Species with ambiguous or otherwise not interpretable growth form assignments were excluded from the final dataset but are made available with the original data.,,,,BIEN,http://onlinelibrary.wiley.com/doi/10.1002/ecy.1569/abstract,4563443,"Engemann, K",2026-03-28 23:42:38 UTC
Hylocereus stenopterus,Hylocereus,Cactaceae,whole plant growth form,Non-woody epiphyte,,Species with multiple growth form classifications were assigned the growth form classification agreed upon by the majority (>2/3) of sources. Species with ambiguous or otherwise not interpretable growth form assignments were excluded from the final dataset but are made available with the original data.,,,,BIEN,http://onlinelibrary.wiley.com/doi/10.1002/ecy.1569/abstract,4563444,"Engemann, K",2026-03-28 23:42:38 UTC
Hylocereus stenopterus,Hylocereus,Cactaceae,whole plant growth form diversity,Tree_Non-woody epiphyte,,Species with multiple growth form classifications were assigned the growth form classification agreed upon by the majority (>2/3) of sources. Species with ambiguous or otherwise not interpretable growth form assignments were excluded from the final dataset but are made available with the original data.,,,,BIEN,http://onlinelibrary.wiley.com/doi/10.1002/ecy.1569/abstract,4563445,"Engemann, K",2026-03-28 23:42:38 UTC
Hylocereus trigonus,Hylocereus,Cactaceae,whole plant growth form,Non-woody epiphyte,,Species with multiple growth form classifications were assigned the growth form classification agreed upon by the majority (>2/3) of sources. Species with ambiguous or otherwise not interpretable growth form assignments were excluded from the final dataset but are made available with the original data.,,,,BIEN,http://onlinelibrary.wiley.com/doi/10.1002/ecy.1569/abstract,4563446,"Engemann, K",2026-03-28 23:42:38 UTC
Isolatocereus dumortieri,Isolatocereus,Cactaceae,whole plant growth form,Shrub,,Species with multiple growth form classifications were assigned the growth form classification agreed upon by the majority (>2/3) of sources. Species with ambiguous or otherwise not interpretable growth form assignments were excluded from the final dataset but are made available with the original data.,,,,BIEN,http://onlinelibrary.wiley.com/doi/10.1002/ecy.1569/abstract,4563448,"Engemann, K",2026-03-28 23:42:38 UTC
Isolatocereus dumortieri,Isolatocereus,Cactaceae,whole plant growth form diversity,Shrub,,Species with multiple growth form classifications were assigned the growth form classification agreed upon by the majority (>2/3) of sources. Species with ambiguous or otherwise not interpretable growth form assignments were excluded from the final dataset but are made available with the original data.,,,,BIEN,http://onlinelibrary.wiley.com/doi/10.1002/ecy.1569/abstract,4563449,"Engemann, K",2026-03-28 23:42:38 UTC
Jasminocereus thouarsii,Jasminocereus,Cactaceae,whole plant growth form,Tree,,Species with multiple growth form classifications were assigned the growth form classification agreed upon by the majority (>2/3) of sources. Species with ambiguous or otherwise not interpretable growth form assignments were excluded from the final dataset but are made available with the original data.,,,,BIEN,http://onlinelibrary.wiley.com/doi/10.1002/ecy.1569/abstract,4563450,"Engemann, K",2026-03-28 23:42:38 UTC
Jasminocereus thouarsii,Jasminocereus,Cactaceae,whole plant growth form diversity,Tree,,Species with multiple growth form classifications were assigned the growth form classification agreed upon by the majority (>2/3) of sources. Species with ambiguous or otherwise not interpretable growth form assignments were excluded from the final dataset but are made available with the original data.,,,,BIEN,http://onlinelibrary.wiley.com/doi/10.1002/ecy.1569/abstract,4563451,"Engemann, K",2026-03-28 23:42:38 UTC
Lepismium cruciforme,Lepismium,Cactaceae,whole plant growth form,Non-woody epiphyte,,Species with multiple growth form classifications were assigned the growth form classification agreed upon by the majority (>2/3) of sources. Species with ambiguous or otherwise not interpretable growth form assignments were excluded from the final dataset but are made available with the original data.,,,,BIEN,http://onlinelibrary.wiley.com/doi/10.1002/ecy.1569/abstract,4563452,"Engemann, K",2026-03-28 23:42:38 UTC
Lophophora williamsii,Lophophora,Cactaceae,whole plant growth form diversity,Shrub,,Species with multiple growth form classifications were assigned the growth form classification agreed upon by the majority (>2/3) of sources. Species with ambiguous or otherwise not interpretable growth form assignments were excluded from the final dataset but are made available with the original data.,,,,BIEN,http://onlinelibrary.wiley.com/doi/10.1002/ecy.1569/abstract,4563453,"Engemann, K",2026-03-28 23:42:38 UTC
Lepismium cruciforme,Lepismium,Cactaceae,whole plant growth form diversity,Non-woody epiphyte,,Species with multiple growth form classifications were assigned the growth form classification agreed upon by the majority (>2/3) of sources. Species with ambiguous or otherwise not interpretable growth form assignments were excluded from the final dataset but are made available with the original data.,,,,BIEN,http://onlinelibrary.wiley.com/doi/10.1002/ecy.1569/abstract,4563454,"Engemann, K",2026-03-28 23:42:38 UTC
Lepismium lumbricoides,Lepismium,Cactaceae,whole plant growth form,Non-woody epiphyte,,Species with multiple growth form classifications were assigned the growth form classification agreed upon by the majority (>2/3) of sources. Species with ambiguous or otherwise not interpretable growth form assignments were excluded from the final dataset but are made available with the original data.,,,,BIEN,http://onlinelibrary.wiley.com/doi/10.1002/ecy.1569/abstract,4563455,"Engemann, K",2026-03-28 23:42:38 UTC
Mammillaria crinita,Mammillaria,Cactaceae,whole plant growth form diversity,Tree,,Species with multiple growth form classifications were assigned the growth form classification agreed upon by the majority (>2/3) of sources. Species with ambiguous or otherwise not interpretable growth form assignments were excluded from the final dataset but are made available with the original data.,,,,BIEN,http://onlinelibrary.wiley.com/doi/10.1002/ecy.1569/abstract,4563465,"Engemann, K",2026-03-28 23:42:38 UTC
Lepismium lumbricoides,Lepismium,Cactaceae,whole plant growth form diversity,Non-woody epiphyte,,Species with multiple growth form classifications were assigned the growth form classification agreed upon by the majority (>2/3) of sources. Species with ambiguous or otherwise not interpretable growth form assignments were excluded from the final dataset but are made available with the original data.,,,,BIEN,http://onlinelibrary.wiley.com/doi/10.1002/ecy.1569/abstract,4563456,"Engemann, K",2026-03-28 23:42:38 UTC
Lobivia backebergii,Lobivia,Cactaceae,whole plant growth form,Shrub,,Species with multiple growth form classifications were assigned the growth form classification agreed upon by the majority (>2/3) of sources. Species with ambiguous or otherwise not interpretable growth form assignments were excluded from the final dataset but are made available with the original data.,,,,BIEN,http://onlinelibrary.wiley.com/doi/10.1002/ecy.1569/abstract,4563457,"Engemann, K",2026-03-28 23:42:38 UTC
Lobivia backebergii,Lobivia,Cactaceae,whole plant growth form diversity,Shrub,,Species with multiple growth form classifications were assigned the growth form classification agreed upon by the majority (>2/3) of sources. Species with ambiguous or otherwise not interpretable growth form assignments were excluded from the final dataset but are made available with the original data.,,,,BIEN,http://onlinelibrary.wiley.com/doi/10.1002/ecy.1569/abstract,4563458,"Engemann, K",2026-03-28 23:42:38 UTC
Lophophora williamsii,Lophophora,Cactaceae,whole plant growth form,Shrub,,Species with multiple growth form classifications were assigned the growth form classification agreed upon by the majority (>2/3) of sources. Species with ambiguous or otherwise not interpretable growth form assignments were excluded from the final dataset but are made available with the original data.,,,,BIEN,http://onlinelibrary.wiley.com/doi/10.1002/ecy.1569/abstract,4563459,"Engemann, K",2026-03-28 23:42:38 UTC
Mammillaria geminispina,Mammillaria,Cactaceae,whole plant growth form,Tree,,Species with multiple growth form classifications were assigned the growth form classification agreed upon by the majority (>2/3) of sources. Species with ambiguous or otherwise not interpretable growth form assignments were excluded from the final dataset but are made available with the original data.,,,,BIEN,http://onlinelibrary.wiley.com/doi/10.1002/ecy.1569/abstract,4563471,"Engemann, K",2026-03-28 23:42:38 UTC
Mammillaria alversonii,Mammillaria,Cactaceae,whole plant growth form,Shrub,,Species with multiple growth form classifications were assigned the growth form classification agreed upon by the majority (>2/3) of sources. Species with ambiguous or otherwise not interpretable growth form assignments were excluded from the final dataset but are made available with the original data.,,,,BIEN,http://onlinelibrary.wiley.com/doi/10.1002/ecy.1569/abstract,4563460,"Engemann, K",2026-03-28 23:42:38 UTC
Mammillaria alversonii,Mammillaria,Cactaceae,whole plant growth form diversity,Shrub,,Species with multiple growth form classifications were assigned the growth form classification agreed upon by the majority (>2/3) of sources. Species with ambiguous or otherwise not interpretable growth form assignments were excluded from the final dataset but are made available with the original data.,,,,BIEN,http://onlinelibrary.wiley.com/doi/10.1002/ecy.1569/abstract,4563461,"Engemann, K",2026-03-28 23:42:38 UTC
Mammillaria barbata,Mammillaria,Cactaceae,whole plant growth form,Shrub,,Species with multiple growth form classifications were assigned the growth form classification agreed upon by the majority (>2/3) of sources. Species with ambiguous or otherwise not interpretable growth form assignments were excluded from the final dataset but are made available with the original data.,,,,BIEN,http://onlinelibrary.wiley.com/doi/10.1002/ecy.1569/abstract,4563462,"Engemann, K",2026-03-28 23:42:38 UTC
Mammillaria barbata,Mammillaria,Cactaceae,whole plant growth form diversity,Shrub,,Species with multiple growth form classifications were assigned the growth form classification agreed upon by the majority (>2/3) of sources. Species with ambiguous or otherwise not interpretable growth form assignments were excluded from the final dataset but are made available with the original data.,,,,BIEN,http://onlinelibrary.wiley.com/doi/10.1002/ecy.1569/abstract,4563463,"Engemann, K",2026-03-28 23:42:38 UTC
Mammillaria crinita,Mammillaria,Cactaceae,whole plant growth form,Tree,,Species with multiple growth form classifications were assigned the growth form classification agreed upon by the majority (>2/3) of sources. Species with ambiguous or otherwise not interpretable growth form assignments were excluded from the final dataset but are made available with the original data.,,,,BIEN,http://onlinelibrary.wiley.com/doi/10.1002/ecy.1569/abstract,4563464,"Engemann, K",2026-03-28 23:42:38 UTC
Mammillaria pottsii,Mammillaria,Cactaceae,whole plant growth form diversity,Shrub,,Species with multiple growth form classifications were assigned the growth form classification agreed upon by the majority (>2/3) of sources. Species with ambiguous or otherwise not interpretable growth form assignments were excluded from the final dataset but are made available with the original data.,,,,BIEN,http://onlinelibrary.wiley.com/doi/10.1002/ecy.1569/abstract,4563466,"Engemann, K",2026-03-28 23:42:38 UTC
Mammillaria deserti,Mammillaria,Cactaceae,whole plant growth form,Shrub,,Species with multiple growth form classifications were assigned the growth form classification agreed upon by the majority (>2/3) of sources. Species with ambiguous or otherwise not interpretable growth form assignments were excluded from the final dataset but are made available with the original data.,,,,BIEN,http://onlinelibrary.wiley.com/doi/10.1002/ecy.1569/abstract,4563467,"Engemann, K",2026-03-28 23:42:38 UTC
Mammillaria deserti,Mammillaria,Cactaceae,whole plant growth form diversity,Shrub,,Species with multiple growth form classifications were assigned the growth form classification agreed upon by the majority (>2/3) of sources. Species with ambiguous or otherwise not interpretable growth form assignments were excluded from the final dataset but are made available with the original data.,,,,BIEN,http://onlinelibrary.wiley.com/doi/10.1002/ecy.1569/abstract,4563468,"Engemann, K",2026-03-28 23:42:38 UTC
Mammillaria dioica,Mammillaria,Cactaceae,whole plant growth form,Shrub,,Species with multiple growth form classifications were assigned the growth form classification agreed upon by the majority (>2/3) of sources. Species with ambiguous or otherwise not interpretable growth form assignments were excluded from the final dataset but are made available with the original data.,,,,BIEN,http://onlinelibrary.wiley.com/doi/10.1002/ecy.1569/abstract,4563469,"Engemann, K",2026-03-28 23:42:38 UTC
Mammillaria dioica,Mammillaria,Cactaceae,whole plant growth form diversity,Shrub,,Species with multiple growth form classifications were assigned the growth form classification agreed upon by the majority (>2/3) of sources. Species with ambiguous or otherwise not interpretable growth form assignments were excluded from the final dataset but are made available with the original data.,,,,BIEN,http://onlinelibrary.wiley.com/doi/10.1002/ecy.1569/abstract,4563470,"Engemann, K",2026-03-28 23:42:38 UTC
Mammillaria geminispina,Mammillaria,Cactaceae,whole plant growth form diversity,Tree,,Species with multiple growth form classifications were assigned the growth form classification agreed upon by the majority (>2/3) of sources. Species with ambiguous or otherwise not interpretable growth form assignments were excluded from the final dataset but are made available with the original data.,,,,BIEN,http://onlinelibrary.wiley.com/doi/10.1002/ecy.1569/abstract,4563472,"Engemann, K",2026-03-28 23:42:38 UTC
Mammillaria grahamii,Mammillaria,Cactaceae,whole plant growth form,Shrub,,Species with multiple growth form classifications were assigned the growth form classification agreed upon by the majority (>2/3) of sources. Species with ambiguous or otherwise not interpretable growth form assignments were excluded from the final dataset but are made available with the original data.,,,,BIEN,http://onlinelibrary.wiley.com/doi/10.1002/ecy.1569/abstract,4563473,"Engemann, K",2026-03-28 23:42:38 UTC
Mammillaria grahamii,Mammillaria,Cactaceae,whole plant growth form diversity,Shrub,,Species with multiple growth form classifications were assigned the growth form classification agreed upon by the majority (>2/3) of sources. Species with ambiguous or otherwise not interpretable growth form assignments were excluded from the final dataset but are made available with the original data.,,,,BIEN,http://onlinelibrary.wiley.com/doi/10.1002/ecy.1569/abstract,4563474,"Engemann, K",2026-03-28 23:42:38 UTC
Mammillaria heyderi,Mammillaria,Cactaceae,whole plant growth form,Shrub,,Species with multiple growth form classifications were assigned the growth form classification agreed upon by the majority (>2/3) of sources. Species with ambiguous or otherwise not interpretable growth form assignments were excluded from the final dataset but are made available with the original data.,,,,BIEN,http://onlinelibrary.wiley.com/doi/10.1002/ecy.1569/abstract,4563475,"Engemann, K",2026-03-28 23:42:38 UTC
Mammillaria heyderi,Mammillaria,Cactaceae,whole plant growth form diversity,Herb_Tree_Shrub,,Species with multiple growth form classifications were assigned the growth form classification agreed upon by the majority (>2/3) of sources. Species with ambiguous or otherwise not interpretable growth form assignments were excluded from the final dataset but are made available with the original data.,,,,BIEN,http://onlinelibrary.wiley.com/doi/10.1002/ecy.1569/abstract,4563476,"Engemann, K",2026-03-28 23:42:38 UTC
Mammillaria lasiacantha,Mammillaria,Cactaceae,whole plant growth form,Shrub,,Species with multiple growth form classifications were assigned the growth form classification agreed upon by the majority (>2/3) of sources. Species with ambiguous or otherwise not interpretable growth form assignments were excluded from the final dataset but are made available with the original data.,,,,BIEN,http://onlinelibrary.wiley.com/doi/10.1002/ecy.1569/abstract,4563477,"Engemann, K",2026-03-28 23:42:38 UTC
Mammillaria lasiacantha,Mammillaria,Cactaceae,whole plant growth form diversity,Shrub,,Species with multiple growth form classifications were assigned the growth form classification agreed upon by the majority (>2/3) of sources. Species with ambiguous or otherwise not interpretable growth form assignments were excluded from the final dataset but are made available with the original data.,,,,BIEN,http://onlinelibrary.wiley.com/doi/10.1002/ecy.1569/abstract,4563478,"Engemann, K",2026-03-28 23:42:38 UTC
Mammillaria mainiae,Mammillaria,Cactaceae,whole plant growth form,Shrub,,Species with multiple growth form classifications were assigned the growth form classification agreed upon by the majority (>2/3) of sources. Species with ambiguous or otherwise not interpretable growth form assignments were excluded from the final dataset but are made available with the original data.,,,,BIEN,http://onlinelibrary.wiley.com/doi/10.1002/ecy.1569/abstract,4563479,"Engemann, K",2026-03-28 23:42:38 UTC
Mammillaria mainiae,Mammillaria,Cactaceae,whole plant growth form diversity,Shrub,,Species with multiple growth form classifications were assigned the growth form classification agreed upon by the majority (>2/3) of sources. Species with ambiguous or otherwise not interpretable growth form assignments were excluded from the final dataset but are made available with the original data.,,,,BIEN,http://onlinelibrary.wiley.com/doi/10.1002/ecy.1569/abstract,4563480,"Engemann, K",2026-03-28 23:42:38 UTC
Mammillaria viridiflora,Mammillaria,Cactaceae,whole plant growth form diversity,Shrub,,Species with multiple growth form classifications were assigned the growth form classification agreed upon by the majority (>2/3) of sources. Species with ambiguous or otherwise not interpretable growth form assignments were excluded from the final dataset but are made available with the original data.,,,,BIEN,http://onlinelibrary.wiley.com/doi/10.1002/ecy.1569/abstract,4563481,"Engemann, K",2026-03-28 23:42:38 UTC
Mammillaria tetrancistra,Mammillaria,Cactaceae,whole plant growth form,Shrub,,Species with multiple growth form classifications were assigned the growth form classification agreed upon by the majority (>2/3) of sources. Species with ambiguous or otherwise not interpretable growth form assignments were excluded from the final dataset but are made available with the original data.,,,,BIEN,http://onlinelibrary.wiley.com/doi/10.1002/ecy.1569/abstract,4563482,"Engemann, K",2026-03-28 23:42:38 UTC
Mammillaria nivosa,Mammillaria,Cactaceae,whole plant growth form,Shrub,,Species with multiple growth form classifications were assigned the growth form classification agreed upon by the majority (>2/3) of sources. Species with ambiguous or otherwise not interpretable growth form assignments were excluded from the final dataset but are made available with the original data.,,,,BIEN,http://onlinelibrary.wiley.com/doi/10.1002/ecy.1569/abstract,4563483,"Engemann, K",2026-03-28 23:42:38 UTC
Mammillaria nivosa,Mammillaria,Cactaceae,whole plant growth form diversity,Shrub,,Species with multiple growth form classifications were assigned the growth form classification agreed upon by the majority (>2/3) of sources. Species with ambiguous or otherwise not interpretable growth form assignments were excluded from the final dataset but are made available with the original data.,,,,BIEN,http://onlinelibrary.wiley.com/doi/10.1002/ecy.1569/abstract,4563484,"Engemann, K",2026-03-28 23:42:38 UTC
Mammillaria pottsii,Mammillaria,Cactaceae,whole plant growth form,Shrub,,Species with multiple growth form classifications were assigned the growth form classification agreed upon by the majority (>2/3) of sources. Species with ambiguous or otherwise not interpretable growth form assignments were excluded from the final dataset but are made available with the original data.,,,,BIEN,http://onlinelibrary.wiley.com/doi/10.1002/ecy.1569/abstract,4563485,"Engemann, K",2026-03-28 23:42:38 UTC
Mammillaria prolifera,Mammillaria,Cactaceae,whole plant growth form,Shrub,,Species with multiple growth form classifications were assigned the growth form classification agreed upon by the majority (>2/3) of sources. Species with ambiguous or otherwise not interpretable growth form assignments were excluded from the final dataset but are made available with the original data.,,,,BIEN,http://onlinelibrary.wiley.com/doi/10.1002/ecy.1569/abstract,4563486,"Engemann, K",2026-03-28 23:42:38 UTC
Melocactus bellavistensis,Melocactus,Cactaceae,whole plant growth form,Herb,,Species with multiple growth form classifications were assigned the growth form classification agreed upon by the majority (>2/3) of sources. Species with ambiguous or otherwise not interpretable growth form assignments were excluded from the final dataset but are made available with the original data.,,,,BIEN,http://onlinelibrary.wiley.com/doi/10.1002/ecy.1569/abstract,4563487,"Engemann, K",2026-03-28 23:42:38 UTC
Mammillaria prolifera,Mammillaria,Cactaceae,whole plant growth form diversity,Shrub,,Species with multiple growth form classifications were assigned the growth form classification agreed upon by the majority (>2/3) of sources. Species with ambiguous or otherwise not interpretable growth form assignments were excluded from the final dataset but are made available with the original data.,,,,BIEN,http://onlinelibrary.wiley.com/doi/10.1002/ecy.1569/abstract,4563488,"Engemann, K",2026-03-28 23:42:38 UTC
Mammillaria ruestii,Mammillaria,Cactaceae,whole plant growth form,Non-woody epiphyte,,Species with multiple growth form classifications were assigned the growth form classification agreed upon by the majority (>2/3) of sources. Species with ambiguous or otherwise not interpretable growth form assignments were excluded from the final dataset but are made available with the original data.,,,,BIEN,http://onlinelibrary.wiley.com/doi/10.1002/ecy.1569/abstract,4563489,"Engemann, K",2026-03-28 23:42:38 UTC
Mammillaria ruestii,Mammillaria,Cactaceae,whole plant growth form diversity,Non-woody epiphyte,,Species with multiple growth form classifications were assigned the growth form classification agreed upon by the majority (>2/3) of sources. Species with ambiguous or otherwise not interpretable growth form assignments were excluded from the final dataset but are made available with the original data.,,,,BIEN,http://onlinelibrary.wiley.com/doi/10.1002/ecy.1569/abstract,4563490,"Engemann, K",2026-03-28 23:42:38 UTC
Mammillaria similis,Mammillaria,Cactaceae,whole plant growth form,Shrub,,Species with multiple growth form classifications were assigned the growth form classification agreed upon by the majority (>2/3) of sources. Species with ambiguous or otherwise not interpretable growth form assignments were excluded from the final dataset but are made available with the original data.,,,,BIEN,http://onlinelibrary.wiley.com/doi/10.1002/ecy.1569/abstract,4563491,"Engemann, K",2026-03-28 23:42:38 UTC
Mammillaria similis,Mammillaria,Cactaceae,whole plant growth form diversity,Shrub,,Species with multiple growth form classifications were assigned the growth form classification agreed upon by the majority (>2/3) of sources. Species with ambiguous or otherwise not interpretable growth form assignments were excluded from the final dataset but are made available with the original data.,,,,BIEN,http://onlinelibrary.wiley.com/doi/10.1002/ecy.1569/abstract,4563492,"Engemann, K",2026-03-28 23:42:38 UTC
Mammillaria sneedii,Mammillaria,Cactaceae,whole plant growth form,Shrub,,Species with multiple growth form classifications were assigned the growth form classification agreed upon by the majority (>2/3) of sources. Species with ambiguous or otherwise not interpretable growth form assignments were excluded from the final dataset but are made available with the original data.,,,,BIEN,http://onlinelibrary.wiley.com/doi/10.1002/ecy.1569/abstract,4563493,"Engemann, K",2026-03-28 23:42:38 UTC
Mammillaria sneedii,Mammillaria,Cactaceae,whole plant growth form diversity,Shrub,,Species with multiple growth form classifications were assigned the growth form classification agreed upon by the majority (>2/3) of sources. Species with ambiguous or otherwise not interpretable growth form assignments were excluded from the final dataset but are made available with the original data.,,,,BIEN,http://onlinelibrary.wiley.com/doi/10.1002/ecy.1569/abstract,4563494,"Engemann, K",2026-03-28 23:42:38 UTC
Mammillaria sphaerica,Mammillaria,Cactaceae,whole plant growth form,Shrub,,Species with multiple growth form classifications were assigned the growth form classification agreed upon by the majority (>2/3) of sources. Species with ambiguous or otherwise not interpretable growth form assignments were excluded from the final dataset but are made available with the original data.,,,,BIEN,http://onlinelibrary.wiley.com/doi/10.1002/ecy.1569/abstract,4563495,"Engemann, K",2026-03-28 23:42:38 UTC
Mammillaria sphaerica,Mammillaria,Cactaceae,whole plant growth form diversity,Shrub,,Species with multiple growth form classifications were assigned the growth form classification agreed upon by the majority (>2/3) of sources. Species with ambiguous or otherwise not interpretable growth form assignments were excluded from the final dataset but are made available with the original data.,,,,BIEN,http://onlinelibrary.wiley.com/doi/10.1002/ecy.1569/abstract,4563496,"Engemann, K",2026-03-28 23:42:38 UTC
Mammillaria spinosissima,Mammillaria,Cactaceae,whole plant growth form,Shrub,,Species with multiple growth form classifications were assigned the growth form classification agreed upon by the majority (>2/3) of sources. Species with ambiguous or otherwise not interpretable growth form assignments were excluded from the final dataset but are made available with the original data.,,,,BIEN,http://onlinelibrary.wiley.com/doi/10.1002/ecy.1569/abstract,4563497,"Engemann, K",2026-03-28 23:42:38 UTC
Mammillaria spinosissima,Mammillaria,Cactaceae,whole plant growth form diversity,Shrub,,Species with multiple growth form classifications were assigned the growth form classification agreed upon by the majority (>2/3) of sources. Species with ambiguous or otherwise not interpretable growth form assignments were excluded from the final dataset but are made available with the original data.,,,,BIEN,http://onlinelibrary.wiley.com/doi/10.1002/ecy.1569/abstract,4563498,"Engemann, K",2026-03-28 23:42:38 UTC
Mammillaria tetrancistra,Mammillaria,Cactaceae,whole plant growth form diversity,Shrub,,Species with multiple growth form classifications were assigned the growth form classification agreed upon by the majority (>2/3) of sources. Species with ambiguous or otherwise not interpretable growth form assignments were excluded from the final dataset but are made available with the original data.,,,,BIEN,http://onlinelibrary.wiley.com/doi/10.1002/ecy.1569/abstract,4563499,"Engemann, K",2026-03-28 23:42:38 UTC
Mammillaria thornberi,Mammillaria,Cactaceae,whole plant growth form,Shrub,,Species with multiple growth form classifications were assigned the growth form classification agreed upon by the majority (>2/3) of sources. Species with ambiguous or otherwise not interpretable growth form assignments were excluded from the final dataset but are made available with the original data.,,,,BIEN,http://onlinelibrary.wiley.com/doi/10.1002/ecy.1569/abstract,4563500,"Engemann, K",2026-03-28 23:42:38 UTC
Mammillaria thornberi,Mammillaria,Cactaceae,whole plant growth form diversity,Shrub,,Species with multiple growth form classifications were assigned the growth form classification agreed upon by the majority (>2/3) of sources. Species with ambiguous or otherwise not interpretable growth form assignments were excluded from the final dataset but are made available with the original data.,,,,BIEN,http://onlinelibrary.wiley.com/doi/10.1002/ecy.1569/abstract,4563501,"Engemann, K",2026-03-28 23:42:38 UTC
Mammillaria viridiflora,Mammillaria,Cactaceae,whole plant growth form,Shrub,,Species with multiple growth form classifications were assigned the growth form classification agreed upon by the majority (>2/3) of sources. Species with ambiguous or otherwise not interpretable growth form assignments were excluded from the final dataset but are made available with the original data.,,,,BIEN,http://onlinelibrary.wiley.com/doi/10.1002/ecy.1569/abstract,4563502,"Engemann, K",2026-03-28 23:42:38 UTC
Mammillaria voburnensis,Mammillaria,Cactaceae,whole plant growth form,Herb,,Species with multiple growth form classifications were assigned the growth form classification agreed upon by the majority (>2/3) of sources. Species with ambiguous or otherwise not interpretable growth form assignments were excluded from the final dataset but are made available with the original data.,,,,BIEN,http://onlinelibrary.wiley.com/doi/10.1002/ecy.1569/abstract,4563503,"Engemann, K",2026-03-28 23:42:38 UTC
Mammillaria voburnensis,Mammillaria,Cactaceae,whole plant growth form diversity,Herb,,Species with multiple growth form classifications were assigned the growth form classification agreed upon by the majority (>2/3) of sources. Species with ambiguous or otherwise not interpretable growth form assignments were excluded from the final dataset but are made available with the original data.,,,,BIEN,http://onlinelibrary.wiley.com/doi/10.1002/ecy.1569/abstract,4563504,"Engemann, K",2026-03-28 23:42:38 UTC
Mammillaria wrightii,Mammillaria,Cactaceae,whole plant growth form,Shrub,,Species with multiple growth form classifications were assigned the growth form classification agreed upon by the majority (>2/3) of sources. Species with ambiguous or otherwise not interpretable growth form assignments were excluded from the final dataset but are made available with the original data.,,,,BIEN,http://onlinelibrary.wiley.com/doi/10.1002/ecy.1569/abstract,4563505,"Engemann, K",2026-03-28 23:42:38 UTC
Mammillaria wrightii,Mammillaria,Cactaceae,whole plant growth form diversity,Herb_Shrub,,Species with multiple growth form classifications were assigned the growth form classification agreed upon by the majority (>2/3) of sources. Species with ambiguous or otherwise not interpretable growth form assignments were excluded from the final dataset but are made available with the original data.,,,,BIEN,http://onlinelibrary.wiley.com/doi/10.1002/ecy.1569/abstract,4563506,"Engemann, K",2026-03-28 23:42:38 UTC
Melocactus bellavistensis,Melocactus,Cactaceae,whole plant growth form diversity,Herb,,Species with multiple growth form classifications were assigned the growth form classification agreed upon by the majority (>2/3) of sources. Species with ambiguous or otherwise not interpretable growth form assignments were excluded from the final dataset but are made available with the original data.,,,,BIEN,http://onlinelibrary.wiley.com/doi/10.1002/ecy.1569/abstract,4563507,"Engemann, K",2026-03-28 23:42:38 UTC
Melocactus curvispinus,Melocactus,Cactaceae,whole plant growth form,Tree,,Species with multiple growth form classifications were assigned the growth form classification agreed upon by the majority (>2/3) of sources. Species with ambiguous or otherwise not interpretable growth form assignments were excluded from the final dataset but are made available with the original data.,,,,BIEN,http://onlinelibrary.wiley.com/doi/10.1002/ecy.1569/abstract,4563508,"Engemann, K",2026-03-28 23:42:38 UTC
Melocactus curvispinus,Melocactus,Cactaceae,whole plant growth form diversity,Tree,,Species with multiple growth form classifications were assigned the growth form classification agreed upon by the majority (>2/3) of sources. Species with ambiguous or otherwise not interpretable growth form assignments were excluded from the final dataset but are made available with the original data.,,,,BIEN,http://onlinelibrary.wiley.com/doi/10.1002/ecy.1569/abstract,4563509,"Engemann, K",2026-03-28 23:42:38 UTC
Melocactus ernestii,Melocactus,Cactaceae,whole plant growth form,Tree,,Species with multiple growth form classifications were assigned the growth form classification agreed upon by the majority (>2/3) of sources. Species with ambiguous or otherwise not interpretable growth form assignments were excluded from the final dataset but are made available with the original data.,,,,BIEN,http://onlinelibrary.wiley.com/doi/10.1002/ecy.1569/abstract,4563510,"Engemann, K",2026-03-28 23:42:38 UTC
Melocactus ernestii,Melocactus,Cactaceae,whole plant growth form diversity,Tree,,Species with multiple growth form classifications were assigned the growth form classification agreed upon by the majority (>2/3) of sources. Species with ambiguous or otherwise not interpretable growth form assignments were excluded from the final dataset but are made available with the original data.,,,,BIEN,http://onlinelibrary.wiley.com/doi/10.1002/ecy.1569/abstract,4563511,"Engemann, K",2026-03-28 23:42:38 UTC
Melocactus matanzanus,Melocactus,Cactaceae,whole plant growth form,Tree,,Species with multiple growth form classifications were assigned the growth form classification agreed upon by the majority (>2/3) of sources. Species with ambiguous or otherwise not interpretable growth form assignments were excluded from the final dataset but are made available with the original data.,,,,BIEN,http://onlinelibrary.wiley.com/doi/10.1002/ecy.1569/abstract,4563512,"Engemann, K",2026-03-28 23:42:38 UTC
Melocactus matanzanus,Melocactus,Cactaceae,whole plant growth form diversity,Tree,,Species with multiple growth form classifications were assigned the growth form classification agreed upon by the majority (>2/3) of sources. Species with ambiguous or otherwise not interpretable growth form assignments were excluded from the final dataset but are made available with the original data.,,,,BIEN,http://onlinelibrary.wiley.com/doi/10.1002/ecy.1569/abstract,4563513,"Engemann, K",2026-03-28 23:42:38 UTC
Melocactus neryi,Melocactus,Cactaceae,whole plant growth form,Tree,,Species with multiple growth form classifications were assigned the growth form classification agreed upon by the majority (>2/3) of sources. Species with ambiguous or otherwise not interpretable growth form assignments were excluded from the final dataset but are made available with the original data.,,,,BIEN,http://onlinelibrary.wiley.com/doi/10.1002/ecy.1569/abstract,4563514,"Engemann, K",2026-03-28 23:42:38 UTC
Melocactus neryi,Melocactus,Cactaceae,whole plant growth form diversity,Tree,,Species with multiple growth form classifications were assigned the growth form classification agreed upon by the majority (>2/3) of sources. Species with ambiguous or otherwise not interpretable growth form assignments were excluded from the final dataset but are made available with the original data.,,,,BIEN,http://onlinelibrary.wiley.com/doi/10.1002/ecy.1569/abstract,4563515,"Engemann, K",2026-03-28 23:42:38 UTC
Melocactus peruvianus,Melocactus,Cactaceae,whole plant growth form,Tree,,Species with multiple growth form classifications were assigned the growth form classification agreed upon by the majority (>2/3) of sources. Species with ambiguous or otherwise not interpretable growth form assignments were excluded from the final dataset but are made available with the original data.,,,,BIEN,http://onlinelibrary.wiley.com/doi/10.1002/ecy.1569/abstract,4563516,"Engemann, K",2026-03-28 23:42:38 UTC
Melocactus peruvianus,Melocactus,Cactaceae,whole plant growth form diversity,Tree,,Species with multiple growth form classifications were assigned the growth form classification agreed upon by the majority (>2/3) of sources. Species with ambiguous or otherwise not interpretable growth form assignments were excluded from the final dataset but are made available with the original data.,,,,BIEN,http://onlinelibrary.wiley.com/doi/10.1002/ecy.1569/abstract,4563517,"Engemann, K",2026-03-28 23:42:38 UTC
Melocactus smithii,Melocactus,Cactaceae,whole plant growth form,Tree,,Species with multiple growth form classifications were assigned the growth form classification agreed upon by the majority (>2/3) of sources. Species with ambiguous or otherwise not interpretable growth form assignments were excluded from the final dataset but are made available with the original data.,,,,BIEN,http://onlinelibrary.wiley.com/doi/10.1002/ecy.1569/abstract,4563518,"Engemann, K",2026-03-28 23:42:38 UTC
Melocactus smithii,Melocactus,Cactaceae,whole plant growth form diversity,Tree,,Species with multiple growth form classifications were assigned the growth form classification agreed upon by the majority (>2/3) of sources. Species with ambiguous or otherwise not interpretable growth form assignments were excluded from the final dataset but are made available with the original data.,,,,BIEN,http://onlinelibrary.wiley.com/doi/10.1002/ecy.1569/abstract,4563519,"Engemann, K",2026-03-28 23:42:38 UTC
Monvillea cavendishii,Monvillea,Cactaceae,whole plant growth form,Shrub,,Species with multiple growth form classifications were assigned the growth form classification agreed upon by the majority (>2/3) of sources. Species with ambiguous or otherwise not interpretable growth form assignments were excluded from the final dataset but are made available with the original data.,,,,BIEN,http://onlinelibrary.wiley.com/doi/10.1002/ecy.1569/abstract,4563520,"Engemann, K",2026-03-28 23:42:38 UTC
Opuntia anacantha,Opuntia,Cactaceae,whole plant growth form,Shrub,,Species with multiple growth form classifications were assigned the growth form classification agreed upon by the majority (>2/3) of sources. Species with ambiguous or otherwise not interpretable growth form assignments were excluded from the final dataset but are made available with the original data.,,,,BIEN,http://onlinelibrary.wiley.com/doi/10.1002/ecy.1569/abstract,4563543,"Engemann, K",2026-03-28 23:42:38 UTC
Monvillea cavendishii,Monvillea,Cactaceae,whole plant growth form diversity,Tree_Vine_Herb_Shrub,,Species with multiple growth form classifications were assigned the growth form classification agreed upon by the majority (>2/3) of sources. Species with ambiguous or otherwise not interpretable growth form assignments were excluded from the final dataset but are made available with the original data.,,,,BIEN,http://onlinelibrary.wiley.com/doi/10.1002/ecy.1569/abstract,4563521,"Engemann, K",2026-03-28 23:42:38 UTC
Myrtillocactus geometrizans,Myrtillocactus,Cactaceae,whole plant growth form,Shrub,,Species with multiple growth form classifications were assigned the growth form classification agreed upon by the majority (>2/3) of sources. Species with ambiguous or otherwise not interpretable growth form assignments were excluded from the final dataset but are made available with the original data.,,,,BIEN,http://onlinelibrary.wiley.com/doi/10.1002/ecy.1569/abstract,4563522,"Engemann, K",2026-03-28 23:42:38 UTC
Myrtillocactus geometrizans,Myrtillocactus,Cactaceae,whole plant growth form diversity,Shrub,,Species with multiple growth form classifications were assigned the growth form classification agreed upon by the majority (>2/3) of sources. Species with ambiguous or otherwise not interpretable growth form assignments were excluded from the final dataset but are made available with the original data.,,,,BIEN,http://onlinelibrary.wiley.com/doi/10.1002/ecy.1569/abstract,4563523,"Engemann, K",2026-03-28 23:42:38 UTC
Nopalea gaumeri,Nopalea,Cactaceae,whole plant growth form diversity,Shrub,,Species with multiple growth form classifications were assigned the growth form classification agreed upon by the majority (>2/3) of sources. Species with ambiguous or otherwise not interpretable growth form assignments were excluded from the final dataset but are made available with the original data.,,,,BIEN,http://onlinelibrary.wiley.com/doi/10.1002/ecy.1569/abstract,4563524,"Engemann, K",2026-03-28 23:42:38 UTC
Neobesseya wissmannii,Neobesseya,Cactaceae,whole plant growth form,Shrub,,Species with multiple growth form classifications were assigned the growth form classification agreed upon by the majority (>2/3) of sources. Species with ambiguous or otherwise not interpretable growth form assignments were excluded from the final dataset but are made available with the original data.,,,,BIEN,http://onlinelibrary.wiley.com/doi/10.1002/ecy.1569/abstract,4563525,"Engemann, K",2026-03-28 23:42:38 UTC
Neobesseya wissmannii,Neobesseya,Cactaceae,whole plant growth form diversity,Shrub,,Species with multiple growth form classifications were assigned the growth form classification agreed upon by the majority (>2/3) of sources. Species with ambiguous or otherwise not interpretable growth form assignments were excluded from the final dataset but are made available with the original data.,,,,BIEN,http://onlinelibrary.wiley.com/doi/10.1002/ecy.1569/abstract,4563526,"Engemann, K",2026-03-28 23:42:38 UTC
Neolloydia conoidea,Neolloydia,Cactaceae,whole plant growth form,Shrub,,Species with multiple growth form classifications were assigned the growth form classification agreed upon by the majority (>2/3) of sources. Species with ambiguous or otherwise not interpretable growth form assignments were excluded from the final dataset but are made available with the original data.,,,,BIEN,http://onlinelibrary.wiley.com/doi/10.1002/ecy.1569/abstract,4563527,"Engemann, K",2026-03-28 23:42:38 UTC
Neolloydia conoidea,Neolloydia,Cactaceae,whole plant growth form diversity,Shrub,,Species with multiple growth form classifications were assigned the growth form classification agreed upon by the majority (>2/3) of sources. Species with ambiguous or otherwise not interpretable growth form assignments were excluded from the final dataset but are made available with the original data.,,,,BIEN,http://onlinelibrary.wiley.com/doi/10.1002/ecy.1569/abstract,4563528,"Engemann, K",2026-03-28 23:42:38 UTC
Opuntia plumbea,Opuntia,Cactaceae,whole plant growth form,Shrub,,Species with multiple growth form classifications were assigned the growth form classification agreed upon by the majority (>2/3) of sources. Species with ambiguous or otherwise not interpretable growth form assignments were excluded from the final dataset but are made available with the original data.,,,,BIEN,http://onlinelibrary.wiley.com/doi/10.1002/ecy.1569/abstract,4563635,"Engemann, K",2026-03-28 23:42:38 UTC
Neoraimondia arequipensis,Neoraimondia,Cactaceae,whole plant growth form,Tree,,Species with multiple growth form classifications were assigned the growth form classification agreed upon by the majority (>2/3) of sources. Species with ambiguous or otherwise not interpretable growth form assignments were excluded from the final dataset but are made available with the original data.,,,,BIEN,http://onlinelibrary.wiley.com/doi/10.1002/ecy.1569/abstract,4563529,"Engemann, K",2026-03-28 23:42:38 UTC
Neoraimondia arequipensis,Neoraimondia,Cactaceae,whole plant growth form diversity,Tree,,Species with multiple growth form classifications were assigned the growth form classification agreed upon by the majority (>2/3) of sources. Species with ambiguous or otherwise not interpretable growth form assignments were excluded from the final dataset but are made available with the original data.,,,,BIEN,http://onlinelibrary.wiley.com/doi/10.1002/ecy.1569/abstract,4563530,"Engemann, K",2026-03-28 23:42:38 UTC
Neoraimondia herzogiana,Neoraimondia,Cactaceae,whole plant growth form,Tree,,Species with multiple growth form classifications were assigned the growth form classification agreed upon by the majority (>2/3) of sources. Species with ambiguous or otherwise not interpretable growth form assignments were excluded from the final dataset but are made available with the original data.,,,,BIEN,http://onlinelibrary.wiley.com/doi/10.1002/ecy.1569/abstract,4563531,"Engemann, K",2026-03-28 23:42:38 UTC
Neoraimondia herzogiana,Neoraimondia,Cactaceae,whole plant growth form diversity,Tree,,Species with multiple growth form classifications were assigned the growth form classification agreed upon by the majority (>2/3) of sources. Species with ambiguous or otherwise not interpretable growth form assignments were excluded from the final dataset but are made available with the original data.,,,,BIEN,http://onlinelibrary.wiley.com/doi/10.1002/ecy.1569/abstract,4563532,"Engemann, K",2026-03-28 23:42:38 UTC
Nopalea cochenillifera,Nopalea,Cactaceae,whole plant growth form,Herb,,Species with multiple growth form classifications were assigned the growth form classification agreed upon by the majority (>2/3) of sources. Species with ambiguous or otherwise not interpretable growth form assignments were excluded from the final dataset but are made available with the original data.,,,,BIEN,http://onlinelibrary.wiley.com/doi/10.1002/ecy.1569/abstract,4563533,"Engemann, K",2026-03-28 23:42:38 UTC
Nopalea cochenillifera,Nopalea,Cactaceae,whole plant growth form diversity,Herb,,Species with multiple growth form classifications were assigned the growth form classification agreed upon by the majority (>2/3) of sources. Species with ambiguous or otherwise not interpretable growth form assignments were excluded from the final dataset but are made available with the original data.,,,,BIEN,http://onlinelibrary.wiley.com/doi/10.1002/ecy.1569/abstract,4563534,"Engemann, K",2026-03-28 23:42:38 UTC
Nopalea gaumeri,Nopalea,Cactaceae,whole plant growth form,Shrub,,Species with multiple growth form classifications were assigned the growth form classification agreed upon by the majority (>2/3) of sources. Species with ambiguous or otherwise not interpretable growth form assignments were excluded from the final dataset but are made available with the original data.,,,,BIEN,http://onlinelibrary.wiley.com/doi/10.1002/ecy.1569/abstract,4563535,"Engemann, K",2026-03-28 23:42:38 UTC
Nopalxochia conzattianum,Nopalxochia,Cactaceae,whole plant growth form,Non-woody epiphyte,,Species with multiple growth form classifications were assigned the growth form classification agreed upon by the majority (>2/3) of sources. Species with ambiguous or otherwise not interpretable growth form assignments were excluded from the final dataset but are made available with the original data.,,,,BIEN,http://onlinelibrary.wiley.com/doi/10.1002/ecy.1569/abstract,4563536,"Engemann, K",2026-03-28 23:42:38 UTC
Nopalxochia conzattianum,Nopalxochia,Cactaceae,whole plant growth form diversity,Non-woody epiphyte,,Species with multiple growth form classifications were assigned the growth form classification agreed upon by the majority (>2/3) of sources. Species with ambiguous or otherwise not interpretable growth form assignments were excluded from the final dataset but are made available with the original data.,,,,BIEN,http://onlinelibrary.wiley.com/doi/10.1002/ecy.1569/abstract,4563537,"Engemann, K",2026-03-28 23:42:38 UTC
Opuntia aequatorialis,Opuntia,Cactaceae,whole plant growth form,Shrub,,Species with multiple growth form classifications were assigned the growth form classification agreed upon by the majority (>2/3) of sources. Species with ambiguous or otherwise not interpretable growth form assignments were excluded from the final dataset but are made available with the original data.,,,,BIEN,http://onlinelibrary.wiley.com/doi/10.1002/ecy.1569/abstract,4563538,"Engemann, K",2026-03-28 23:42:38 UTC
Opuntia aequatorialis,Opuntia,Cactaceae,whole plant growth form diversity,Shrub,,Species with multiple growth form classifications were assigned the growth form classification agreed upon by the majority (>2/3) of sources. Species with ambiguous or otherwise not interpretable growth form assignments were excluded from the final dataset but are made available with the original data.,,,,BIEN,http://onlinelibrary.wiley.com/doi/10.1002/ecy.1569/abstract,4563539,"Engemann, K",2026-03-28 23:42:38 UTC
Opuntia ammophila,Opuntia,Cactaceae,whole plant growth form,Shrub,,Species with multiple growth form classifications were assigned the growth form classification agreed upon by the majority (>2/3) of sources. Species with ambiguous or otherwise not interpretable growth form assignments were excluded from the final dataset but are made available with the original data.,,,,BIEN,http://onlinelibrary.wiley.com/doi/10.1002/ecy.1569/abstract,4563540,"Engemann, K",2026-03-28 23:42:38 UTC
Opuntia atrispina,Opuntia,Cactaceae,whole plant growth form diversity,Shrub,,Species with multiple growth form classifications were assigned the growth form classification agreed upon by the majority (>2/3) of sources. Species with ambiguous or otherwise not interpretable growth form assignments were excluded from the final dataset but are made available with the original data.,,,,BIEN,http://onlinelibrary.wiley.com/doi/10.1002/ecy.1569/abstract,4563541,"Engemann, K",2026-03-28 23:42:38 UTC
Opuntia ammophila,Opuntia,Cactaceae,whole plant growth form diversity,Shrub,,Species with multiple growth form classifications were assigned the growth form classification agreed upon by the majority (>2/3) of sources. Species with ambiguous or otherwise not interpretable growth form assignments were excluded from the final dataset but are made available with the original data.,,,,BIEN,http://onlinelibrary.wiley.com/doi/10.1002/ecy.1569/abstract,4563542,"Engemann, K",2026-03-28 23:42:38 UTC
Opuntia atrocapensis,Opuntia,Cactaceae,whole plant growth form,Shrub,,Species with multiple growth form classifications were assigned the growth form classification agreed upon by the majority (>2/3) of sources. Species with ambiguous or otherwise not interpretable growth form assignments were excluded from the final dataset but are made available with the original data.,,,,BIEN,http://onlinelibrary.wiley.com/doi/10.1002/ecy.1569/abstract,4563546,"Engemann, K",2026-03-28 23:42:38 UTC
Opuntia arenaria,Opuntia,Cactaceae,whole plant growth form,Shrub,,Species with multiple growth form classifications were assigned the growth form classification agreed upon by the majority (>2/3) of sources. Species with ambiguous or otherwise not interpretable growth form assignments were excluded from the final dataset but are made available with the original data.,,,,BIEN,http://onlinelibrary.wiley.com/doi/10.1002/ecy.1569/abstract,4563547,"Engemann, K",2026-03-28 23:42:38 UTC
Opuntia arenaria,Opuntia,Cactaceae,whole plant growth form diversity,Shrub,,Species with multiple growth form classifications were assigned the growth form classification agreed upon by the majority (>2/3) of sources. Species with ambiguous or otherwise not interpretable growth form assignments were excluded from the final dataset but are made available with the original data.,,,,BIEN,http://onlinelibrary.wiley.com/doi/10.1002/ecy.1569/abstract,4563548,"Engemann, K",2026-03-28 23:42:38 UTC
Opuntia atrispina,Opuntia,Cactaceae,whole plant growth form,Shrub,,Species with multiple growth form classifications were assigned the growth form classification agreed upon by the majority (>2/3) of sources. Species with ambiguous or otherwise not interpretable growth form assignments were excluded from the final dataset but are made available with the original data.,,,,BIEN,http://onlinelibrary.wiley.com/doi/10.1002/ecy.1569/abstract,4563549,"Engemann, K",2026-03-28 23:42:38 UTC
Opuntia aureispina,Opuntia,Cactaceae,whole plant growth form,Shrub,,Species with multiple growth form classifications were assigned the growth form classification agreed upon by the majority (>2/3) of sources. Species with ambiguous or otherwise not interpretable growth form assignments were excluded from the final dataset but are made available with the original data.,,,,BIEN,http://onlinelibrary.wiley.com/doi/10.1002/ecy.1569/abstract,4563550,"Engemann, K",2026-03-28 23:42:38 UTC
Opuntia aureispina,Opuntia,Cactaceae,whole plant growth form diversity,Shrub,,Species with multiple growth form classifications were assigned the growth form classification agreed upon by the majority (>2/3) of sources. Species with ambiguous or otherwise not interpretable growth form assignments were excluded from the final dataset but are made available with the original data.,,,,BIEN,http://onlinelibrary.wiley.com/doi/10.1002/ecy.1569/abstract,4563551,"Engemann, K",2026-03-28 23:42:38 UTC
Opuntia cantabrigiensis,Opuntia,Cactaceae,whole plant growth form,Shrub,,Species with multiple growth form classifications were assigned the growth form classification agreed upon by the majority (>2/3) of sources. Species with ambiguous or otherwise not interpretable growth form assignments were excluded from the final dataset but are made available with the original data.,,,,BIEN,http://onlinelibrary.wiley.com/doi/10.1002/ecy.1569/abstract,4563552,"Engemann, K",2026-03-28 23:42:38 UTC
Opuntia bentonii,Opuntia,Cactaceae,whole plant growth form diversity,Shrub,,Species with multiple growth form classifications were assigned the growth form classification agreed upon by the majority (>2/3) of sources. Species with ambiguous or otherwise not interpretable growth form assignments were excluded from the final dataset but are made available with the original data.,,,,BIEN,http://onlinelibrary.wiley.com/doi/10.1002/ecy.1569/abstract,4563553,"Engemann, K",2026-03-28 23:42:38 UTC
Opuntia chlorotica,Opuntia,Cactaceae,whole plant growth form diversity,Shrub,,Species with multiple growth form classifications were assigned the growth form classification agreed upon by the majority (>2/3) of sources. Species with ambiguous or otherwise not interpretable growth form assignments were excluded from the final dataset but are made available with the original data.,,,,BIEN,http://onlinelibrary.wiley.com/doi/10.1002/ecy.1569/abstract,4563554,"Engemann, K",2026-03-28 23:42:38 UTC
Opuntia canada,Opuntia,Cactaceae,whole plant growth form,Shrub,,Species with multiple growth form classifications were assigned the growth form classification agreed upon by the majority (>2/3) of sources. Species with ambiguous or otherwise not interpretable growth form assignments were excluded from the final dataset but are made available with the original data.,,,,BIEN,http://onlinelibrary.wiley.com/doi/10.1002/ecy.1569/abstract,4563555,"Engemann, K",2026-03-28 23:42:38 UTC
Opuntia cantabrigiensis,Opuntia,Cactaceae,whole plant growth form diversity,Shrub,,Species with multiple growth form classifications were assigned the growth form classification agreed upon by the majority (>2/3) of sources. Species with ambiguous or otherwise not interpretable growth form assignments were excluded from the final dataset but are made available with the original data.,,,,BIEN,http://onlinelibrary.wiley.com/doi/10.1002/ecy.1569/abstract,4563557,"Engemann, K",2026-03-28 23:42:38 UTC
Opuntia chlorotica,Opuntia,Cactaceae,whole plant growth form,Shrub,,Species with multiple growth form classifications were assigned the growth form classification agreed upon by the majority (>2/3) of sources. Species with ambiguous or otherwise not interpretable growth form assignments were excluded from the final dataset but are made available with the original data.,,,,BIEN,http://onlinelibrary.wiley.com/doi/10.1002/ecy.1569/abstract,4563558,"Engemann, K",2026-03-28 23:42:38 UTC
Opuntia cubensis,Opuntia,Cactaceae,whole plant growth form,Shrub,,Species with multiple growth form classifications were assigned the growth form classification agreed upon by the majority (>2/3) of sources. Species with ambiguous or otherwise not interpretable growth form assignments were excluded from the final dataset but are made available with the original data.,,,,BIEN,http://onlinelibrary.wiley.com/doi/10.1002/ecy.1569/abstract,4563560,"Engemann, K",2026-03-28 23:42:38 UTC
Opuntia cubensis,Opuntia,Cactaceae,whole plant growth form diversity,Shrub,,Species with multiple growth form classifications were assigned the growth form classification agreed upon by the majority (>2/3) of sources. Species with ambiguous or otherwise not interpretable growth form assignments were excluded from the final dataset but are made available with the original data.,,,,BIEN,http://onlinelibrary.wiley.com/doi/10.1002/ecy.1569/abstract,4563561,"Engemann, K",2026-03-28 23:42:38 UTC
Opuntia cylindrica,Opuntia,Cactaceae,whole plant growth form,Shrub,,Species with multiple growth form classifications were assigned the growth form classification agreed upon by the majority (>2/3) of sources. Species with ambiguous or otherwise not interpretable growth form assignments were excluded from the final dataset but are made available with the original data.,,,,BIEN,http://onlinelibrary.wiley.com/doi/10.1002/ecy.1569/abstract,4563564,"Engemann, K",2026-03-28 23:42:38 UTC
Opuntia cylindrica,Opuntia,Cactaceae,whole plant growth form diversity,Shrub,,Species with multiple growth form classifications were assigned the growth form classification agreed upon by the majority (>2/3) of sources. Species with ambiguous or otherwise not interpretable growth form assignments were excluded from the final dataset but are made available with the original data.,,,,BIEN,http://onlinelibrary.wiley.com/doi/10.1002/ecy.1569/abstract,4563565,"Engemann, K",2026-03-28 23:42:38 UTC
Opuntia decumbens,Opuntia,Cactaceae,whole plant growth form,Herb,,Species with multiple growth form classifications were assigned the growth form classification agreed upon by the majority (>2/3) of sources. Species with ambiguous or otherwise not interpretable growth form assignments were excluded from the final dataset but are made available with the original data.,,,,BIEN,http://onlinelibrary.wiley.com/doi/10.1002/ecy.1569/abstract,4563566,"Engemann, K",2026-03-28 23:42:38 UTC
Opuntia decumbens,Opuntia,Cactaceae,whole plant growth form diversity,Shrub_Herb,,Species with multiple growth form classifications were assigned the growth form classification agreed upon by the majority (>2/3) of sources. Species with ambiguous or otherwise not interpretable growth form assignments were excluded from the final dataset but are made available with the original data.,,,,BIEN,http://onlinelibrary.wiley.com/doi/10.1002/ecy.1569/abstract,4563567,"Engemann, K",2026-03-28 23:42:38 UTC
Opuntia delaetiana,Opuntia,Cactaceae,whole plant growth form,Shrub,,Species with multiple growth form classifications were assigned the growth form classification agreed upon by the majority (>2/3) of sources. Species with ambiguous or otherwise not interpretable growth form assignments were excluded from the final dataset but are made available with the original data.,,,,BIEN,http://onlinelibrary.wiley.com/doi/10.1002/ecy.1569/abstract,4563568,"Engemann, K",2026-03-28 23:42:38 UTC
Opuntia delaetiana,Opuntia,Cactaceae,whole plant growth form diversity,Shrub,,Species with multiple growth form classifications were assigned the growth form classification agreed upon by the majority (>2/3) of sources. Species with ambiguous or otherwise not interpretable growth form assignments were excluded from the final dataset but are made available with the original data.,,,,BIEN,http://onlinelibrary.wiley.com/doi/10.1002/ecy.1569/abstract,4563569,"Engemann, K",2026-03-28 23:42:38 UTC
Opuntia densispina,Opuntia,Cactaceae,whole plant growth form,Shrub,,Species with multiple growth form classifications were assigned the growth form classification agreed upon by the majority (>2/3) of sources. Species with ambiguous or otherwise not interpretable growth form assignments were excluded from the final dataset but are made available with the original data.,,,,BIEN,http://onlinelibrary.wiley.com/doi/10.1002/ecy.1569/abstract,4563570,"Engemann, K",2026-03-28 23:42:38 UTC
Opuntia densispina,Opuntia,Cactaceae,whole plant growth form diversity,Shrub,,Species with multiple growth form classifications were assigned the growth form classification agreed upon by the majority (>2/3) of sources. Species with ambiguous or otherwise not interpretable growth form assignments were excluded from the final dataset but are made available with the original data.,,,,BIEN,http://onlinelibrary.wiley.com/doi/10.1002/ecy.1569/abstract,4563571,"Engemann, K",2026-03-28 23:42:38 UTC
Opuntia dillenii,Opuntia,Cactaceae,whole plant growth form,Shrub,,Species with multiple growth form classifications were assigned the growth form classification agreed upon by the majority (>2/3) of sources. Species with ambiguous or otherwise not interpretable growth form assignments were excluded from the final dataset but are made available with the original data.,,,,BIEN,http://onlinelibrary.wiley.com/doi/10.1002/ecy.1569/abstract,4563572,"Engemann, K",2026-03-28 23:42:38 UTC
Opuntia dillenii,Opuntia,Cactaceae,whole plant growth form diversity,Shrub,,Species with multiple growth form classifications were assigned the growth form classification agreed upon by the majority (>2/3) of sources. Species with ambiguous or otherwise not interpretable growth form assignments were excluded from the final dataset but are made available with the original data.,,,,BIEN,http://onlinelibrary.wiley.com/doi/10.1002/ecy.1569/abstract,4563573,"Engemann, K",2026-03-28 23:42:38 UTC
Opuntia discolor,Opuntia,Cactaceae,whole plant growth form,Herb,,Species with multiple growth form classifications were assigned the growth form classification agreed upon by the majority (>2/3) of sources. Species with ambiguous or otherwise not interpretable growth form assignments were excluded from the final dataset but are made available with the original data.,,,,BIEN,http://onlinelibrary.wiley.com/doi/10.1002/ecy.1569/abstract,4563574,"Engemann, K",2026-03-28 23:42:38 UTC
Opuntia discolor,Opuntia,Cactaceae,whole plant growth form diversity,Herb,,Species with multiple growth form classifications were assigned the growth form classification agreed upon by the majority (>2/3) of sources. Species with ambiguous or otherwise not interpretable growth form assignments were excluded from the final dataset but are made available with the original data.,,,,BIEN,http://onlinelibrary.wiley.com/doi/10.1002/ecy.1569/abstract,4563575,"Engemann, K",2026-03-28 23:42:38 UTC
Opuntia eburnispina,Opuntia,Cactaceae,whole plant growth form,Shrub,,Species with multiple growth form classifications were assigned the growth form classification agreed upon by the majority (>2/3) of sources. Species with ambiguous or otherwise not interpretable growth form assignments were excluded from the final dataset but are made available with the original data.,,,,BIEN,http://onlinelibrary.wiley.com/doi/10.1002/ecy.1569/abstract,4563576,"Engemann, K",2026-03-28 23:42:38 UTC
Opuntia eburnispina,Opuntia,Cactaceae,whole plant growth form diversity,Shrub,,Species with multiple growth form classifications were assigned the growth form classification agreed upon by the majority (>2/3) of sources. Species with ambiguous or otherwise not interpretable growth form assignments were excluded from the final dataset but are made available with the original data.,,,,BIEN,http://onlinelibrary.wiley.com/doi/10.1002/ecy.1569/abstract,4563577,"Engemann, K",2026-03-28 23:42:38 UTC
Opuntia edwardsii,Opuntia,Cactaceae,whole plant growth form,Shrub,,Species with multiple growth form classifications were assigned the growth form classification agreed upon by the majority (>2/3) of sources. Species with ambiguous or otherwise not interpretable growth form assignments were excluded from the final dataset but are made available with the original data.,,,,BIEN,http://onlinelibrary.wiley.com/doi/10.1002/ecy.1569/abstract,4563578,"Engemann, K",2026-03-28 23:42:38 UTC
Opuntia edwardsii,Opuntia,Cactaceae,whole plant growth form diversity,Shrub,,Species with multiple growth form classifications were assigned the growth form classification agreed upon by the majority (>2/3) of sources. Species with ambiguous or otherwise not interpretable growth form assignments were excluded from the final dataset but are made available with the original data.,,,,BIEN,http://onlinelibrary.wiley.com/doi/10.1002/ecy.1569/abstract,4563579,"Engemann, K",2026-03-28 23:42:38 UTC
Opuntia elata,Opuntia,Cactaceae,whole plant growth form,Shrub,,Species with multiple growth form classifications were assigned the growth form classification agreed upon by the majority (>2/3) of sources. Species with ambiguous or otherwise not interpretable growth form assignments were excluded from the final dataset but are made available with the original data.,,,,BIEN,http://onlinelibrary.wiley.com/doi/10.1002/ecy.1569/abstract,4563580,"Engemann, K",2026-03-28 23:42:38 UTC
Opuntia elata,Opuntia,Cactaceae,whole plant growth form diversity,Shrub,,Species with multiple growth form classifications were assigned the growth form classification agreed upon by the majority (>2/3) of sources. Species with ambiguous or otherwise not interpretable growth form assignments were excluded from the final dataset but are made available with the original data.,,,,BIEN,http://onlinelibrary.wiley.com/doi/10.1002/ecy.1569/abstract,4563581,"Engemann, K",2026-03-28 23:42:38 UTC
Opuntia ellisiana,Opuntia,Cactaceae,whole plant growth form,Shrub,,Species with multiple growth form classifications were assigned the growth form classification agreed upon by the majority (>2/3) of sources. Species with ambiguous or otherwise not interpretable growth form assignments were excluded from the final dataset but are made available with the original data.,,,,BIEN,http://onlinelibrary.wiley.com/doi/10.1002/ecy.1569/abstract,4563582,"Engemann, K",2026-03-28 23:42:38 UTC
Opuntia ellisiana,Opuntia,Cactaceae,whole plant growth form diversity,Shrub,,Species with multiple growth form classifications were assigned the growth form classification agreed upon by the majority (>2/3) of sources. Species with ambiguous or otherwise not interpretable growth form assignments were excluded from the final dataset but are made available with the original data.,,,,BIEN,http://onlinelibrary.wiley.com/doi/10.1002/ecy.1569/abstract,4563583,"Engemann, K",2026-03-28 23:42:38 UTC
Opuntia engelmannii,Opuntia,Cactaceae,whole plant growth form,Shrub,,Species with multiple growth form classifications were assigned the growth form classification agreed upon by the majority (>2/3) of sources. Species with ambiguous or otherwise not interpretable growth form assignments were excluded from the final dataset but are made available with the original data.,,,,BIEN,http://onlinelibrary.wiley.com/doi/10.1002/ecy.1569/abstract,4563584,"Engemann, K",2026-03-28 23:42:38 UTC
Opuntia engelmannii,Opuntia,Cactaceae,whole plant growth form diversity,Tree_Herb_Shrub,,Species with multiple growth form classifications were assigned the growth form classification agreed upon by the majority (>2/3) of sources. Species with ambiguous or otherwise not interpretable growth form assignments were excluded from the final dataset but are made available with the original data.,,,,BIEN,http://onlinelibrary.wiley.com/doi/10.1002/ecy.1569/abstract,4563585,"Engemann, K",2026-03-28 23:42:38 UTC
Opuntia erinacea,Opuntia,Cactaceae,whole plant growth form,Shrub,,Species with multiple growth form classifications were assigned the growth form classification agreed upon by the majority (>2/3) of sources. Species with ambiguous or otherwise not interpretable growth form assignments were excluded from the final dataset but are made available with the original data.,,,,BIEN,http://onlinelibrary.wiley.com/doi/10.1002/ecy.1569/abstract,4563586,"Engemann, K",2026-03-28 23:42:38 UTC
Opuntia fragilis,Opuntia,Cactaceae,whole plant growth form,Shrub,,Species with multiple growth form classifications were assigned the growth form classification agreed upon by the majority (>2/3) of sources. Species with ambiguous or otherwise not interpretable growth form assignments were excluded from the final dataset but are made available with the original data.,,,,BIEN,http://onlinelibrary.wiley.com/doi/10.1002/ecy.1569/abstract,4563587,"Engemann, K",2026-03-28 23:42:38 UTC
Opuntia erinacea,Opuntia,Cactaceae,whole plant growth form diversity,Shrub,,Species with multiple growth form classifications were assigned the growth form classification agreed upon by the majority (>2/3) of sources. Species with ambiguous or otherwise not interpretable growth form assignments were excluded from the final dataset but are made available with the original data.,,,,BIEN,http://onlinelibrary.wiley.com/doi/10.1002/ecy.1569/abstract,4563588,"Engemann, K",2026-03-28 23:42:38 UTC
Opuntia linguiformis,Opuntia,Cactaceae,whole plant growth form,Shrub,,Species with multiple growth form classifications were assigned the growth form classification agreed upon by the majority (>2/3) of sources. Species with ambiguous or otherwise not interpretable growth form assignments were excluded from the final dataset but are made available with the original data.,,,,BIEN,http://onlinelibrary.wiley.com/doi/10.1002/ecy.1569/abstract,4563589,"Engemann, K",2026-03-28 23:42:38 UTC
Opuntia ficus-indica,Opuntia,Cactaceae,whole plant growth form diversity,Shrub,,Species with multiple growth form classifications were assigned the growth form classification agreed upon by the majority (>2/3) of sources. Species with ambiguous or otherwise not interpretable growth form assignments were excluded from the final dataset but are made available with the original data.,,,,BIEN,http://onlinelibrary.wiley.com/doi/10.1002/ecy.1569/abstract,4563590,"Engemann, K",2026-03-28 23:42:38 UTC
Opuntia fragilis,Opuntia,Cactaceae,whole plant growth form diversity,Shrub,,Species with multiple growth form classifications were assigned the growth form classification agreed upon by the majority (>2/3) of sources. Species with ambiguous or otherwise not interpretable growth form assignments were excluded from the final dataset but are made available with the original data.,,,,BIEN,http://onlinelibrary.wiley.com/doi/10.1002/ecy.1569/abstract,4563591,"Engemann, K",2026-03-28 23:42:38 UTC
Opuntia excelsa,Opuntia,Cactaceae,whole plant growth form,Tree,,Species with multiple growth form classifications were assigned the growth form classification agreed upon by the majority (>2/3) of sources. Species with ambiguous or otherwise not interpretable growth form assignments were excluded from the final dataset but are made available with the original data.,,,,BIEN,http://onlinelibrary.wiley.com/doi/10.1002/ecy.1569/abstract,4563592,"Engemann, K",2026-03-28 23:42:38 UTC
Opuntia excelsa,Opuntia,Cactaceae,whole plant growth form diversity,Tree,,Species with multiple growth form classifications were assigned the growth form classification agreed upon by the majority (>2/3) of sources. Species with ambiguous or otherwise not interpretable growth form assignments were excluded from the final dataset but are made available with the original data.,,,,BIEN,http://onlinelibrary.wiley.com/doi/10.1002/ecy.1569/abstract,4563593,"Engemann, K",2026-03-28 23:42:38 UTC
Opuntia ficus-indica,Opuntia,Cactaceae,whole plant growth form,Shrub,,Species with multiple growth form classifications were assigned the growth form classification agreed upon by the majority (>2/3) of sources. Species with ambiguous or otherwise not interpretable growth form assignments were excluded from the final dataset but are made available with the original data.,,,,BIEN,http://onlinelibrary.wiley.com/doi/10.1002/ecy.1569/abstract,4563594,"Engemann, K",2026-03-28 23:42:38 UTC
Opuntia gilvescens,Opuntia,Cactaceae,whole plant growth form,Shrub,,Species with multiple growth form classifications were assigned the growth form classification agreed upon by the majority (>2/3) of sources. Species with ambiguous or otherwise not interpretable growth form assignments were excluded from the final dataset but are made available with the original data.,,,,BIEN,http://onlinelibrary.wiley.com/doi/10.1002/ecy.1569/abstract,4563595,"Engemann, K",2026-03-28 23:42:38 UTC
Opuntia gilvescens,Opuntia,Cactaceae,whole plant growth form diversity,Shrub,,Species with multiple growth form classifications were assigned the growth form classification agreed upon by the majority (>2/3) of sources. Species with ambiguous or otherwise not interpretable growth form assignments were excluded from the final dataset but are made available with the original data.,,,,BIEN,http://onlinelibrary.wiley.com/doi/10.1002/ecy.1569/abstract,4563596,"Engemann, K",2026-03-28 23:42:38 UTC
Opuntia grandiflora,Opuntia,Cactaceae,whole plant growth form,Shrub,,Species with multiple growth form classifications were assigned the growth form classification agreed upon by the majority (>2/3) of sources. Species with ambiguous or otherwise not interpretable growth form assignments were excluded from the final dataset but are made available with the original data.,,,,BIEN,http://onlinelibrary.wiley.com/doi/10.1002/ecy.1569/abstract,4563597,"Engemann, K",2026-03-28 23:42:38 UTC
Opuntia grandiflora,Opuntia,Cactaceae,whole plant growth form diversity,Shrub,,Species with multiple growth form classifications were assigned the growth form classification agreed upon by the majority (>2/3) of sources. Species with ambiguous or otherwise not interpretable growth form assignments were excluded from the final dataset but are made available with the original data.,,,,BIEN,http://onlinelibrary.wiley.com/doi/10.1002/ecy.1569/abstract,4563598,"Engemann, K",2026-03-28 23:42:38 UTC
Opuntia guatemalensis,Opuntia,Cactaceae,whole plant growth form,Herb,,Species with multiple growth form classifications were assigned the growth form classification agreed upon by the majority (>2/3) of sources. Species with ambiguous or otherwise not interpretable growth form assignments were excluded from the final dataset but are made available with the original data.,,,,BIEN,http://onlinelibrary.wiley.com/doi/10.1002/ecy.1569/abstract,4563599,"Engemann, K",2026-03-28 23:42:38 UTC
Opuntia guatemalensis,Opuntia,Cactaceae,whole plant growth form diversity,Shrub_Tree_Herb,,Species with multiple growth form classifications were assigned the growth form classification agreed upon by the majority (>2/3) of sources. Species with ambiguous or otherwise not interpretable growth form assignments were excluded from the final dataset but are made available with the original data.,,,,BIEN,http://onlinelibrary.wiley.com/doi/10.1002/ecy.1569/abstract,4563600,"Engemann, K",2026-03-28 23:42:38 UTC
Opuntia joconostle,Opuntia,Cactaceae,whole plant growth form,Shrub,,Species with multiple growth form classifications were assigned the growth form classification agreed upon by the majority (>2/3) of sources. Species with ambiguous or otherwise not interpretable growth form assignments were excluded from the final dataset but are made available with the original data.,,,,BIEN,http://onlinelibrary.wiley.com/doi/10.1002/ecy.1569/abstract,4563601,"Engemann, K",2026-03-28 23:42:38 UTC
Opuntia joconostle,Opuntia,Cactaceae,whole plant growth form diversity,Shrub,,Species with multiple growth form classifications were assigned the growth form classification agreed upon by the majority (>2/3) of sources. Species with ambiguous or otherwise not interpretable growth form assignments were excluded from the final dataset but are made available with the original data.,,,,BIEN,http://onlinelibrary.wiley.com/doi/10.1002/ecy.1569/abstract,4563602,"Engemann, K",2026-03-28 23:42:38 UTC
Opuntia lasiacantha,Opuntia,Cactaceae,whole plant growth form,Shrub,,Species with multiple growth form classifications were assigned the growth form classification agreed upon by the majority (>2/3) of sources. Species with ambiguous or otherwise not interpretable growth form assignments were excluded from the final dataset but are made available with the original data.,,,,BIEN,http://onlinelibrary.wiley.com/doi/10.1002/ecy.1569/abstract,4563603,"Engemann, K",2026-03-28 23:42:38 UTC
Opuntia lasiacantha,Opuntia,Cactaceae,whole plant growth form diversity,Shrub,,Species with multiple growth form classifications were assigned the growth form classification agreed upon by the majority (>2/3) of sources. Species with ambiguous or otherwise not interpretable growth form assignments were excluded from the final dataset but are made available with the original data.,,,,BIEN,http://onlinelibrary.wiley.com/doi/10.1002/ecy.1569/abstract,4563604,"Engemann, K",2026-03-28 23:42:38 UTC
Opuntia lata,Opuntia,Cactaceae,whole plant growth form,Shrub,,Species with multiple growth form classifications were assigned the growth form classification agreed upon by the majority (>2/3) of sources. Species with ambiguous or otherwise not interpretable growth form assignments were excluded from the final dataset but are made available with the original data.,,,,BIEN,http://onlinelibrary.wiley.com/doi/10.1002/ecy.1569/abstract,4563605,"Engemann, K",2026-03-28 23:42:38 UTC
Opuntia lata,Opuntia,Cactaceae,whole plant growth form diversity,Shrub,,Species with multiple growth form classifications were assigned the growth form classification agreed upon by the majority (>2/3) of sources. Species with ambiguous or otherwise not interpretable growth form assignments were excluded from the final dataset but are made available with the original data.,,,,BIEN,http://onlinelibrary.wiley.com/doi/10.1002/ecy.1569/abstract,4563606,"Engemann, K",2026-03-28 23:42:38 UTC
Opuntia leucotricha,Opuntia,Cactaceae,whole plant growth form,Shrub,,Species with multiple growth form classifications were assigned the growth form classification agreed upon by the majority (>2/3) of sources. Species with ambiguous or otherwise not interpretable growth form assignments were excluded from the final dataset but are made available with the original data.,,,,BIEN,http://onlinelibrary.wiley.com/doi/10.1002/ecy.1569/abstract,4563607,"Engemann, K",2026-03-28 23:42:38 UTC
Opuntia leucotricha,Opuntia,Cactaceae,whole plant growth form diversity,Tree_Shrub,,Species with multiple growth form classifications were assigned the growth form classification agreed upon by the majority (>2/3) of sources. Species with ambiguous or otherwise not interpretable growth form assignments were excluded from the final dataset but are made available with the original data.,,,,BIEN,http://onlinelibrary.wiley.com/doi/10.1002/ecy.1569/abstract,4563608,"Engemann, K",2026-03-28 23:42:38 UTC
Opuntia martiniana,Opuntia,Cactaceae,whole plant growth form,Shrub,,Species with multiple growth form classifications were assigned the growth form classification agreed upon by the majority (>2/3) of sources. Species with ambiguous or otherwise not interpretable growth form assignments were excluded from the final dataset but are made available with the original data.,,,,BIEN,http://onlinelibrary.wiley.com/doi/10.1002/ecy.1569/abstract,4563610,"Engemann, K",2026-03-28 23:42:38 UTC
Opuntia linguiformis,Opuntia,Cactaceae,whole plant growth form diversity,Shrub,,Species with multiple growth form classifications were assigned the growth form classification agreed upon by the majority (>2/3) of sources. Species with ambiguous or otherwise not interpretable growth form assignments were excluded from the final dataset but are made available with the original data.,,,,BIEN,http://onlinelibrary.wiley.com/doi/10.1002/ecy.1569/abstract,4563611,"Engemann, K",2026-03-28 23:42:38 UTC
Opuntia littoralis,Opuntia,Cactaceae,whole plant growth form,Shrub,,Species with multiple growth form classifications were assigned the growth form classification agreed upon by the majority (>2/3) of sources. Species with ambiguous or otherwise not interpretable growth form assignments were excluded from the final dataset but are made available with the original data.,,,,BIEN,http://onlinelibrary.wiley.com/doi/10.1002/ecy.1569/abstract,4563612,"Engemann, K",2026-03-28 23:42:38 UTC
Opuntia littoralis,Opuntia,Cactaceae,whole plant growth form diversity,Shrub,,Species with multiple growth form classifications were assigned the growth form classification agreed upon by the majority (>2/3) of sources. Species with ambiguous or otherwise not interpretable growth form assignments were excluded from the final dataset but are made available with the original data.,,,,BIEN,http://onlinelibrary.wiley.com/doi/10.1002/ecy.1569/abstract,4563613,"Engemann, K",2026-03-28 23:42:38 UTC
Opuntia macrocentra,Opuntia,Cactaceae,whole plant growth form,Shrub,,Species with multiple growth form classifications were assigned the growth form classification agreed upon by the majority (>2/3) of sources. Species with ambiguous or otherwise not interpretable growth form assignments were excluded from the final dataset but are made available with the original data.,,,,BIEN,http://onlinelibrary.wiley.com/doi/10.1002/ecy.1569/abstract,4563614,"Engemann, K",2026-03-28 23:42:38 UTC
Opuntia macrocentra,Opuntia,Cactaceae,whole plant growth form diversity,Shrub,,Species with multiple growth form classifications were assigned the growth form classification agreed upon by the majority (>2/3) of sources. Species with ambiguous or otherwise not interpretable growth form assignments were excluded from the final dataset but are made available with the original data.,,,,BIEN,http://onlinelibrary.wiley.com/doi/10.1002/ecy.1569/abstract,4563615,"Engemann, K",2026-03-28 23:42:38 UTC
Opuntia macrorhiza,Opuntia,Cactaceae,whole plant growth form,Shrub,,Species with multiple growth form classifications were assigned the growth form classification agreed upon by the majority (>2/3) of sources. Species with ambiguous or otherwise not interpretable growth form assignments were excluded from the final dataset but are made available with the original data.,,,,BIEN,http://onlinelibrary.wiley.com/doi/10.1002/ecy.1569/abstract,4563616,"Engemann, K",2026-03-28 23:42:38 UTC
Opuntia macrorhiza,Opuntia,Cactaceae,whole plant growth form diversity,Herb_Shrub,,Species with multiple growth form classifications were assigned the growth form classification agreed upon by the majority (>2/3) of sources. Species with ambiguous or otherwise not interpretable growth form assignments were excluded from the final dataset but are made available with the original data.,,,,BIEN,http://onlinelibrary.wiley.com/doi/10.1002/ecy.1569/abstract,4563617,"Engemann, K",2026-03-28 23:42:38 UTC
Opuntia paraguayensis,Opuntia,Cactaceae,whole plant growth form diversity,Shrub,,Species with multiple growth form classifications were assigned the growth form classification agreed upon by the majority (>2/3) of sources. Species with ambiguous or otherwise not interpretable growth form assignments were excluded from the final dataset but are made available with the original data.,,,,BIEN,http://onlinelibrary.wiley.com/doi/10.1002/ecy.1569/abstract,4563618,"Engemann, K",2026-03-28 23:42:38 UTC
Opuntia magnifica,Opuntia,Cactaceae,whole plant growth form,Shrub,,Species with multiple growth form classifications were assigned the growth form classification agreed upon by the majority (>2/3) of sources. Species with ambiguous or otherwise not interpretable growth form assignments were excluded from the final dataset but are made available with the original data.,,,,BIEN,http://onlinelibrary.wiley.com/doi/10.1002/ecy.1569/abstract,4563619,"Engemann, K",2026-03-28 23:42:38 UTC
Opuntia magnifica,Opuntia,Cactaceae,whole plant growth form diversity,Shrub,,Species with multiple growth form classifications were assigned the growth form classification agreed upon by the majority (>2/3) of sources. Species with ambiguous or otherwise not interpretable growth form assignments were excluded from the final dataset but are made available with the original data.,,,,BIEN,http://onlinelibrary.wiley.com/doi/10.1002/ecy.1569/abstract,4563620,"Engemann, K",2026-03-28 23:42:38 UTC
Opuntia martiniana,Opuntia,Cactaceae,whole plant growth form diversity,Shrub,,Species with multiple growth form classifications were assigned the growth form classification agreed upon by the majority (>2/3) of sources. Species with ambiguous or otherwise not interpretable growth form assignments were excluded from the final dataset but are made available with the original data.,,,,BIEN,http://onlinelibrary.wiley.com/doi/10.1002/ecy.1569/abstract,4563621,"Engemann, K",2026-03-28 23:42:38 UTC
Opuntia megarhiza,Opuntia,Cactaceae,whole plant growth form,Shrub,,Species with multiple growth form classifications were assigned the growth form classification agreed upon by the majority (>2/3) of sources. Species with ambiguous or otherwise not interpretable growth form assignments were excluded from the final dataset but are made available with the original data.,,,,BIEN,http://onlinelibrary.wiley.com/doi/10.1002/ecy.1569/abstract,4563622,"Engemann, K",2026-03-28 23:42:38 UTC
Opuntia megarhiza,Opuntia,Cactaceae,whole plant growth form diversity,Shrub,,Species with multiple growth form classifications were assigned the growth form classification agreed upon by the majority (>2/3) of sources. Species with ambiguous or otherwise not interpretable growth form assignments were excluded from the final dataset but are made available with the original data.,,,,BIEN,http://onlinelibrary.wiley.com/doi/10.1002/ecy.1569/abstract,4563623,"Engemann, K",2026-03-28 23:42:38 UTC
Opuntia microdasys,Opuntia,Cactaceae,whole plant growth form,Shrub,,Species with multiple growth form classifications were assigned the growth form classification agreed upon by the majority (>2/3) of sources. Species with ambiguous or otherwise not interpretable growth form assignments were excluded from the final dataset but are made available with the original data.,,,,BIEN,http://onlinelibrary.wiley.com/doi/10.1002/ecy.1569/abstract,4563624,"Engemann, K",2026-03-28 23:42:38 UTC
Opuntia microdasys,Opuntia,Cactaceae,whole plant growth form diversity,Shrub,,Species with multiple growth form classifications were assigned the growth form classification agreed upon by the majority (>2/3) of sources. Species with ambiguous or otherwise not interpretable growth form assignments were excluded from the final dataset but are made available with the original data.,,,,BIEN,http://onlinelibrary.wiley.com/doi/10.1002/ecy.1569/abstract,4563625,"Engemann, K",2026-03-28 23:42:38 UTC
Opuntia nitens,Opuntia,Cactaceae,whole plant growth form,Shrub,,Species with multiple growth form classifications were assigned the growth form classification agreed upon by the majority (>2/3) of sources. Species with ambiguous or otherwise not interpretable growth form assignments were excluded from the final dataset but are made available with the original data.,,,,BIEN,http://onlinelibrary.wiley.com/doi/10.1002/ecy.1569/abstract,4563626,"Engemann, K",2026-03-28 23:42:38 UTC
Opuntia nitens,Opuntia,Cactaceae,whole plant growth form diversity,Shrub,,Species with multiple growth form classifications were assigned the growth form classification agreed upon by the majority (>2/3) of sources. Species with ambiguous or otherwise not interpretable growth form assignments were excluded from the final dataset but are made available with the original data.,,,,BIEN,http://onlinelibrary.wiley.com/doi/10.1002/ecy.1569/abstract,4563627,"Engemann, K",2026-03-28 23:42:38 UTC
Opuntia oricola,Opuntia,Cactaceae,whole plant growth form,Shrub,,Species with multiple growth form classifications were assigned the growth form classification agreed upon by the majority (>2/3) of sources. Species with ambiguous or otherwise not interpretable growth form assignments were excluded from the final dataset but are made available with the original data.,,,,BIEN,http://onlinelibrary.wiley.com/doi/10.1002/ecy.1569/abstract,4563628,"Engemann, K",2026-03-28 23:42:38 UTC
Opuntia oricola,Opuntia,Cactaceae,whole plant growth form diversity,Shrub,,Species with multiple growth form classifications were assigned the growth form classification agreed upon by the majority (>2/3) of sources. Species with ambiguous or otherwise not interpretable growth form assignments were excluded from the final dataset but are made available with the original data.,,,,BIEN,http://onlinelibrary.wiley.com/doi/10.1002/ecy.1569/abstract,4563629,"Engemann, K",2026-03-28 23:42:38 UTC
Opuntia paraguayensis,Opuntia,Cactaceae,whole plant growth form,Shrub,,Species with multiple growth form classifications were assigned the growth form classification agreed upon by the majority (>2/3) of sources. Species with ambiguous or otherwise not interpretable growth form assignments were excluded from the final dataset but are made available with the original data.,,,,BIEN,http://onlinelibrary.wiley.com/doi/10.1002/ecy.1569/abstract,4563630,"Engemann, K",2026-03-28 23:42:38 UTC
Opuntia phaeacantha,Opuntia,Cactaceae,whole plant growth form,Shrub,,Species with multiple growth form classifications were assigned the growth form classification agreed upon by the majority (>2/3) of sources. Species with ambiguous or otherwise not interpretable growth form assignments were excluded from the final dataset but are made available with the original data.,,,,BIEN,http://onlinelibrary.wiley.com/doi/10.1002/ecy.1569/abstract,4563631,"Engemann, K",2026-03-28 23:42:38 UTC
Opuntia phaeacantha,Opuntia,Cactaceae,whole plant growth form diversity,Herb_Shrub,,Species with multiple growth form classifications were assigned the growth form classification agreed upon by the majority (>2/3) of sources. Species with ambiguous or otherwise not interpretable growth form assignments were excluded from the final dataset but are made available with the original data.,,,,BIEN,http://onlinelibrary.wiley.com/doi/10.1002/ecy.1569/abstract,4563632,"Engemann, K",2026-03-28 23:42:38 UTC
Opuntia pisciformis,Opuntia,Cactaceae,whole plant growth form,Shrub,,Species with multiple growth form classifications were assigned the growth form classification agreed upon by the majority (>2/3) of sources. Species with ambiguous or otherwise not interpretable growth form assignments were excluded from the final dataset but are made available with the original data.,,,,BIEN,http://onlinelibrary.wiley.com/doi/10.1002/ecy.1569/abstract,4563633,"Engemann, K",2026-03-28 23:42:38 UTC
Opuntia pisciformis,Opuntia,Cactaceae,whole plant growth form diversity,Shrub,,Species with multiple growth form classifications were assigned the growth form classification agreed upon by the majority (>2/3) of sources. Species with ambiguous or otherwise not interpretable growth form assignments were excluded from the final dataset but are made available with the original data.,,,,BIEN,http://onlinelibrary.wiley.com/doi/10.1002/ecy.1569/abstract,4563634,"Engemann, K",2026-03-28 23:42:38 UTC
Opuntia pollardii,Opuntia,Cactaceae,whole plant growth form,Shrub,,Species with multiple growth form classifications were assigned the growth form classification agreed upon by the majority (>2/3) of sources. Species with ambiguous or otherwise not interpretable growth form assignments were excluded from the final dataset but are made available with the original data.,,,,BIEN,http://onlinelibrary.wiley.com/doi/10.1002/ecy.1569/abstract,4563637,"Engemann, K",2026-03-28 23:42:38 UTC
Opuntia pollardii,Opuntia,Cactaceae,whole plant growth form diversity,Shrub,,Species with multiple growth form classifications were assigned the growth form classification agreed upon by the majority (>2/3) of sources. Species with ambiguous or otherwise not interpretable growth form assignments were excluded from the final dataset but are made available with the original data.,,,,BIEN,http://onlinelibrary.wiley.com/doi/10.1002/ecy.1569/abstract,4563639,"Engemann, K",2026-03-28 23:42:38 UTC
Opuntia polycarpa,Opuntia,Cactaceae,whole plant growth form,Shrub,,Species with multiple growth form classifications were assigned the growth form classification agreed upon by the majority (>2/3) of sources. Species with ambiguous or otherwise not interpretable growth form assignments were excluded from the final dataset but are made available with the original data.,,,,BIEN,http://onlinelibrary.wiley.com/doi/10.1002/ecy.1569/abstract,4563640,"Engemann, K",2026-03-28 23:42:38 UTC
Opuntia polycarpa,Opuntia,Cactaceae,whole plant growth form diversity,Shrub,,Species with multiple growth form classifications were assigned the growth form classification agreed upon by the majority (>2/3) of sources. Species with ambiguous or otherwise not interpretable growth form assignments were excluded from the final dataset but are made available with the original data.,,,,BIEN,http://onlinelibrary.wiley.com/doi/10.1002/ecy.1569/abstract,4563641,"Engemann, K",2026-03-28 23:42:38 UTC
Opuntia pubescens,Opuntia,Cactaceae,whole plant growth form,Shrub,,Species with multiple growth form classifications were assigned the growth form classification agreed upon by the majority (>2/3) of sources. Species with ambiguous or otherwise not interpretable growth form assignments were excluded from the final dataset but are made available with the original data.,,,,BIEN,http://onlinelibrary.wiley.com/doi/10.1002/ecy.1569/abstract,4563642,"Engemann, K",2026-03-28 23:42:38 UTC
Opuntia pubescens,Opuntia,Cactaceae,whole plant growth form diversity,Shrub,,Species with multiple growth form classifications were assigned the growth form classification agreed upon by the majority (>2/3) of sources. Species with ambiguous or otherwise not interpretable growth form assignments were excluded from the final dataset but are made available with the original data.,,,,BIEN,http://onlinelibrary.wiley.com/doi/10.1002/ecy.1569/abstract,4563643,"Engemann, K",2026-03-28 23:42:38 UTC
Opuntia stenopetala,Opuntia,Cactaceae,whole plant growth form diversity,Shrub,,Species with multiple growth form classifications were assigned the growth form classification agreed upon by the majority (>2/3) of sources. Species with ambiguous or otherwise not interpretable growth form assignments were excluded from the final dataset but are made available with the original data.,,,,BIEN,http://onlinelibrary.wiley.com/doi/10.1002/ecy.1569/abstract,4563644,"Engemann, K",2026-03-28 23:42:38 UTC
Opuntia soederstromiana,Opuntia,Cactaceae,whole plant growth form diversity,Tree_Shrub,,Species with multiple growth form classifications were assigned the growth form classification agreed upon by the majority (>2/3) of sources. Species with ambiguous or otherwise not interpretable growth form assignments were excluded from the final dataset but are made available with the original data.,,,,BIEN,http://onlinelibrary.wiley.com/doi/10.1002/ecy.1569/abstract,4563645,"Engemann, K",2026-03-28 23:42:38 UTC
Opuntia pusilla,Opuntia,Cactaceae,whole plant growth form,Shrub,,Species with multiple growth form classifications were assigned the growth form classification agreed upon by the majority (>2/3) of sources. Species with ambiguous or otherwise not interpretable growth form assignments were excluded from the final dataset but are made available with the original data.,,,,BIEN,http://onlinelibrary.wiley.com/doi/10.1002/ecy.1569/abstract,4563646,"Engemann, K",2026-03-28 23:42:38 UTC
Opuntia soederstromiana,Opuntia,Cactaceae,whole plant growth form,Shrub,,Species with multiple growth form classifications were assigned the growth form classification agreed upon by the majority (>2/3) of sources. Species with ambiguous or otherwise not interpretable growth form assignments were excluded from the final dataset but are made available with the original data.,,,,BIEN,http://onlinelibrary.wiley.com/doi/10.1002/ecy.1569/abstract,4563647,"Engemann, K",2026-03-28 23:42:38 UTC
Opuntia pusilla,Opuntia,Cactaceae,whole plant growth form diversity,Shrub,,Species with multiple growth form classifications were assigned the growth form classification agreed upon by the majority (>2/3) of sources. Species with ambiguous or otherwise not interpretable growth form assignments were excluded from the final dataset but are made available with the original data.,,,,BIEN,http://onlinelibrary.wiley.com/doi/10.1002/ecy.1569/abstract,4563648,"Engemann, K",2026-03-28 23:42:38 UTC
Opuntia quimilo,Opuntia,Cactaceae,whole plant growth form,Shrub,,Species with multiple growth form classifications were assigned the growth form classification agreed upon by the majority (>2/3) of sources. Species with ambiguous or otherwise not interpretable growth form assignments were excluded from the final dataset but are made available with the original data.,,,,BIEN,http://onlinelibrary.wiley.com/doi/10.1002/ecy.1569/abstract,4563649,"Engemann, K",2026-03-28 23:42:38 UTC
Opuntia quimilo,Opuntia,Cactaceae,whole plant growth form diversity,Shrub,,Species with multiple growth form classifications were assigned the growth form classification agreed upon by the majority (>2/3) of sources. Species with ambiguous or otherwise not interpretable growth form assignments were excluded from the final dataset but are made available with the original data.,,,,BIEN,http://onlinelibrary.wiley.com/doi/10.1002/ecy.1569/abstract,4563650,"Engemann, K",2026-03-28 23:42:38 UTC
Opuntia quitensis,Opuntia,Cactaceae,whole plant growth form,Shrub,,Species with multiple growth form classifications were assigned the growth form classification agreed upon by the majority (>2/3) of sources. Species with ambiguous or otherwise not interpretable growth form assignments were excluded from the final dataset but are made available with the original data.,,,,BIEN,http://onlinelibrary.wiley.com/doi/10.1002/ecy.1569/abstract,4563651,"Engemann, K",2026-03-28 23:42:38 UTC
Opuntia rastrera,Opuntia,Cactaceae,whole plant growth form,Shrub,,Species with multiple growth form classifications were assigned the growth form classification agreed upon by the majority (>2/3) of sources. Species with ambiguous or otherwise not interpretable growth form assignments were excluded from the final dataset but are made available with the original data.,,,,BIEN,http://onlinelibrary.wiley.com/doi/10.1002/ecy.1569/abstract,4563652,"Engemann, K",2026-03-28 23:42:38 UTC
Opuntia rastrera,Opuntia,Cactaceae,whole plant growth form diversity,Shrub,,Species with multiple growth form classifications were assigned the growth form classification agreed upon by the majority (>2/3) of sources. Species with ambiguous or otherwise not interpretable growth form assignments were excluded from the final dataset but are made available with the original data.,,,,BIEN,http://onlinelibrary.wiley.com/doi/10.1002/ecy.1569/abstract,4563654,"Engemann, K",2026-03-28 23:42:38 UTC
Opuntia robusta,Opuntia,Cactaceae,whole plant growth form,Shrub,,Species with multiple growth form classifications were assigned the growth form classification agreed upon by the majority (>2/3) of sources. Species with ambiguous or otherwise not interpretable growth form assignments were excluded from the final dataset but are made available with the original data.,,,,BIEN,http://onlinelibrary.wiley.com/doi/10.1002/ecy.1569/abstract,4563655,"Engemann, K",2026-03-28 23:42:38 UTC
Opuntia robusta,Opuntia,Cactaceae,whole plant growth form diversity,Shrub,,Species with multiple growth form classifications were assigned the growth form classification agreed upon by the majority (>2/3) of sources. Species with ambiguous or otherwise not interpretable growth form assignments were excluded from the final dataset but are made available with the original data.,,,,BIEN,http://onlinelibrary.wiley.com/doi/10.1002/ecy.1569/abstract,4563656,"Engemann, K",2026-03-28 23:42:38 UTC
Opuntia spinosissima,Opuntia,Cactaceae,whole plant growth form,Shrub,,Species with multiple growth form classifications were assigned the growth form classification agreed upon by the majority (>2/3) of sources. Species with ambiguous or otherwise not interpretable growth form assignments were excluded from the final dataset but are made available with the original data.,,,,BIEN,http://onlinelibrary.wiley.com/doi/10.1002/ecy.1569/abstract,4563657,"Engemann, K",2026-03-28 23:42:38 UTC
Opuntia spinosissima,Opuntia,Cactaceae,whole plant growth form diversity,Shrub,,Species with multiple growth form classifications were assigned the growth form classification agreed upon by the majority (>2/3) of sources. Species with ambiguous or otherwise not interpretable growth form assignments were excluded from the final dataset but are made available with the original data.,,,,BIEN,http://onlinelibrary.wiley.com/doi/10.1002/ecy.1569/abstract,4563658,"Engemann, K",2026-03-28 23:42:38 UTC
Opuntia stenopetala,Opuntia,Cactaceae,whole plant growth form,Shrub,,Species with multiple growth form classifications were assigned the growth form classification agreed upon by the majority (>2/3) of sources. Species with ambiguous or otherwise not interpretable growth form assignments were excluded from the final dataset but are made available with the original data.,,,,BIEN,http://onlinelibrary.wiley.com/doi/10.1002/ecy.1569/abstract,4563659,"Engemann, K",2026-03-28 23:42:38 UTC
Opuntia streptacantha,Opuntia,Cactaceae,whole plant growth form,Shrub,,Species with multiple growth form classifications were assigned the growth form classification agreed upon by the majority (>2/3) of sources. Species with ambiguous or otherwise not interpretable growth form assignments were excluded from the final dataset but are made available with the original data.,,,,BIEN,http://onlinelibrary.wiley.com/doi/10.1002/ecy.1569/abstract,4563660,"Engemann, K",2026-03-28 23:42:38 UTC
Pediocactus knowltonii,Pediocactus,Cactaceae,whole plant growth form diversity,Shrub,,Species with multiple growth form classifications were assigned the growth form classification agreed upon by the majority (>2/3) of sources. Species with ambiguous or otherwise not interpretable growth form assignments were excluded from the final dataset but are made available with the original data.,,,,BIEN,http://onlinelibrary.wiley.com/doi/10.1002/ecy.1569/abstract,4563661,"Engemann, K",2026-03-28 23:42:38 UTC
Opuntia streptacantha,Opuntia,Cactaceae,whole plant growth form diversity,Shrub,,Species with multiple growth form classifications were assigned the growth form classification agreed upon by the majority (>2/3) of sources. Species with ambiguous or otherwise not interpretable growth form assignments were excluded from the final dataset but are made available with the original data.,,,,BIEN,http://onlinelibrary.wiley.com/doi/10.1002/ecy.1569/abstract,4563662,"Engemann, K",2026-03-28 23:42:38 UTC
Opuntia stricta,Opuntia,Cactaceae,whole plant growth form,Shrub,,Species with multiple growth form classifications were assigned the growth form classification agreed upon by the majority (>2/3) of sources. Species with ambiguous or otherwise not interpretable growth form assignments were excluded from the final dataset but are made available with the original data.,,,,BIEN,http://onlinelibrary.wiley.com/doi/10.1002/ecy.1569/abstract,4563663,"Engemann, K",2026-03-28 23:42:38 UTC
Opuntia stricta,Opuntia,Cactaceae,whole plant growth form diversity,Herb_Shrub,,Species with multiple growth form classifications were assigned the growth form classification agreed upon by the majority (>2/3) of sources. Species with ambiguous or otherwise not interpretable growth form assignments were excluded from the final dataset but are made available with the original data.,,,,BIEN,http://onlinelibrary.wiley.com/doi/10.1002/ecy.1569/abstract,4563664,"Engemann, K",2026-03-28 23:42:38 UTC
Opuntia strigil,Opuntia,Cactaceae,whole plant growth form,Shrub,,Species with multiple growth form classifications were assigned the growth form classification agreed upon by the majority (>2/3) of sources. Species with ambiguous or otherwise not interpretable growth form assignments were excluded from the final dataset but are made available with the original data.,,,,BIEN,http://onlinelibrary.wiley.com/doi/10.1002/ecy.1569/abstract,4563665,"Engemann, K",2026-03-28 23:42:38 UTC
Opuntia strigil,Opuntia,Cactaceae,whole plant growth form diversity,Shrub,,Species with multiple growth form classifications were assigned the growth form classification agreed upon by the majority (>2/3) of sources. Species with ambiguous or otherwise not interpretable growth form assignments were excluded from the final dataset but are made available with the original data.,,,,BIEN,http://onlinelibrary.wiley.com/doi/10.1002/ecy.1569/abstract,4563666,"Engemann, K",2026-03-28 23:42:38 UTC
Opuntia sulphurea,Opuntia,Cactaceae,whole plant growth form,Shrub,,Species with multiple growth form classifications were assigned the growth form classification agreed upon by the majority (>2/3) of sources. Species with ambiguous or otherwise not interpretable growth form assignments were excluded from the final dataset but are made available with the original data.,,,,BIEN,http://onlinelibrary.wiley.com/doi/10.1002/ecy.1569/abstract,4563667,"Engemann, K",2026-03-28 23:42:38 UTC
Opuntia sulphurea,Opuntia,Cactaceae,whole plant growth form diversity,Shrub,,Species with multiple growth form classifications were assigned the growth form classification agreed upon by the majority (>2/3) of sources. Species with ambiguous or otherwise not interpretable growth form assignments were excluded from the final dataset but are made available with the original data.,,,,BIEN,http://onlinelibrary.wiley.com/doi/10.1002/ecy.1569/abstract,4563669,"Engemann, K",2026-03-28 23:42:38 UTC
Opuntia tenuiflora,Opuntia,Cactaceae,whole plant growth form,Shrub,,Species with multiple growth form classifications were assigned the growth form classification agreed upon by the majority (>2/3) of sources. Species with ambiguous or otherwise not interpretable growth form assignments were excluded from the final dataset but are made available with the original data.,,,,BIEN,http://onlinelibrary.wiley.com/doi/10.1002/ecy.1569/abstract,4563670,"Engemann, K",2026-03-28 23:42:38 UTC
Opuntia triacantha,Opuntia,Cactaceae,whole plant growth form,Shrub,,Species with multiple growth form classifications were assigned the growth form classification agreed upon by the majority (>2/3) of sources. Species with ambiguous or otherwise not interpretable growth form assignments were excluded from the final dataset but are made available with the original data.,,,,BIEN,http://onlinelibrary.wiley.com/doi/10.1002/ecy.1569/abstract,4563671,"Engemann, K",2026-03-28 23:42:38 UTC
Opuntia tenuiflora,Opuntia,Cactaceae,whole plant growth form diversity,Shrub,,Species with multiple growth form classifications were assigned the growth form classification agreed upon by the majority (>2/3) of sources. Species with ambiguous or otherwise not interpretable growth form assignments were excluded from the final dataset but are made available with the original data.,,,,BIEN,http://onlinelibrary.wiley.com/doi/10.1002/ecy.1569/abstract,4563672,"Engemann, K",2026-03-28 23:42:38 UTC
Pachycereus pecten-aboriginum,Pachycereus,Cactaceae,whole plant growth form,Tree,,Species with multiple growth form classifications were assigned the growth form classification agreed upon by the majority (>2/3) of sources. Species with ambiguous or otherwise not interpretable growth form assignments were excluded from the final dataset but are made available with the original data.,,,,BIEN,http://onlinelibrary.wiley.com/doi/10.1002/ecy.1569/abstract,4563673,"Engemann, K",2026-03-28 23:42:38 UTC
Opuntia tomentosa,Opuntia,Cactaceae,whole plant growth form,Shrub,,Species with multiple growth form classifications were assigned the growth form classification agreed upon by the majority (>2/3) of sources. Species with ambiguous or otherwise not interpretable growth form assignments were excluded from the final dataset but are made available with the original data.,,,,BIEN,http://onlinelibrary.wiley.com/doi/10.1002/ecy.1569/abstract,4563674,"Engemann, K",2026-03-28 23:42:38 UTC
Opuntia tomentosa,Opuntia,Cactaceae,whole plant growth form diversity,Tree_Shrub,,Species with multiple growth form classifications were assigned the growth form classification agreed upon by the majority (>2/3) of sources. Species with ambiguous or otherwise not interpretable growth form assignments were excluded from the final dataset but are made available with the original data.,,,,BIEN,http://onlinelibrary.wiley.com/doi/10.1002/ecy.1569/abstract,4563675,"Engemann, K",2026-03-28 23:42:38 UTC
Opuntia triacantha,Opuntia,Cactaceae,whole plant growth form diversity,Shrub,,Species with multiple growth form classifications were assigned the growth form classification agreed upon by the majority (>2/3) of sources. Species with ambiguous or otherwise not interpretable growth form assignments were excluded from the final dataset but are made available with the original data.,,,,BIEN,http://onlinelibrary.wiley.com/doi/10.1002/ecy.1569/abstract,4563676,"Engemann, K",2026-03-28 23:42:38 UTC
Opuntia tunoidea,Opuntia,Cactaceae,whole plant growth form,Shrub,,Species with multiple growth form classifications were assigned the growth form classification agreed upon by the majority (>2/3) of sources. Species with ambiguous or otherwise not interpretable growth form assignments were excluded from the final dataset but are made available with the original data.,,,,BIEN,http://onlinelibrary.wiley.com/doi/10.1002/ecy.1569/abstract,4563677,"Engemann, K",2026-03-28 23:42:38 UTC
Pachycereus pecten-aboriginum,Pachycereus,Cactaceae,whole plant growth form diversity,Tree,,Species with multiple growth form classifications were assigned the growth form classification agreed upon by the majority (>2/3) of sources. Species with ambiguous or otherwise not interpretable growth form assignments were excluded from the final dataset but are made available with the original data.,,,,BIEN,http://onlinelibrary.wiley.com/doi/10.1002/ecy.1569/abstract,4563678,"Engemann, K",2026-03-28 23:42:38 UTC
Opuntia tunoidea,Opuntia,Cactaceae,whole plant growth form diversity,Shrub,,Species with multiple growth form classifications were assigned the growth form classification agreed upon by the majority (>2/3) of sources. Species with ambiguous or otherwise not interpretable growth form assignments were excluded from the final dataset but are made available with the original data.,,,,BIEN,http://onlinelibrary.wiley.com/doi/10.1002/ecy.1569/abstract,4563679,"Engemann, K",2026-03-28 23:42:38 UTC
Parodia comarapana,Parodia,Cactaceae,whole plant growth form,Tree,,Species with multiple growth form classifications were assigned the growth form classification agreed upon by the majority (>2/3) of sources. Species with ambiguous or otherwise not interpretable growth form assignments were excluded from the final dataset but are made available with the original data.,,,,BIEN,http://onlinelibrary.wiley.com/doi/10.1002/ecy.1569/abstract,4563680,"Engemann, K",2026-03-28 23:42:38 UTC
Opuntia turbinata,Opuntia,Cactaceae,whole plant growth form,Shrub,,Species with multiple growth form classifications were assigned the growth form classification agreed upon by the majority (>2/3) of sources. Species with ambiguous or otherwise not interpretable growth form assignments were excluded from the final dataset but are made available with the original data.,,,,BIEN,http://onlinelibrary.wiley.com/doi/10.1002/ecy.1569/abstract,4563681,"Engemann, K",2026-03-28 23:42:38 UTC
Opuntia turbinata,Opuntia,Cactaceae,whole plant growth form diversity,Shrub,,Species with multiple growth form classifications were assigned the growth form classification agreed upon by the majority (>2/3) of sources. Species with ambiguous or otherwise not interpretable growth form assignments were excluded from the final dataset but are made available with the original data.,,,,BIEN,http://onlinelibrary.wiley.com/doi/10.1002/ecy.1569/abstract,4563682,"Engemann, K",2026-03-28 23:42:38 UTC
Opuntia turgida,Opuntia,Cactaceae,whole plant growth form,Shrub,,Species with multiple growth form classifications were assigned the growth form classification agreed upon by the majority (>2/3) of sources. Species with ambiguous or otherwise not interpretable growth form assignments were excluded from the final dataset but are made available with the original data.,,,,BIEN,http://onlinelibrary.wiley.com/doi/10.1002/ecy.1569/abstract,4563684,"Engemann, K",2026-03-28 23:42:38 UTC
Opuntia turgida,Opuntia,Cactaceae,whole plant growth form diversity,Shrub,,Species with multiple growth form classifications were assigned the growth form classification agreed upon by the majority (>2/3) of sources. Species with ambiguous or otherwise not interpretable growth form assignments were excluded from the final dataset but are made available with the original data.,,,,BIEN,http://onlinelibrary.wiley.com/doi/10.1002/ecy.1569/abstract,4563685,"Engemann, K",2026-03-28 23:42:38 UTC
Opuntia zebrina,Opuntia,Cactaceae,whole plant growth form,Shrub,,Species with multiple growth form classifications were assigned the growth form classification agreed upon by the majority (>2/3) of sources. Species with ambiguous or otherwise not interpretable growth form assignments were excluded from the final dataset but are made available with the original data.,,,,BIEN,http://onlinelibrary.wiley.com/doi/10.1002/ecy.1569/abstract,4563686,"Engemann, K",2026-03-28 23:42:38 UTC
Opuntia zebrina,Opuntia,Cactaceae,whole plant growth form diversity,Shrub,,Species with multiple growth form classifications were assigned the growth form classification agreed upon by the majority (>2/3) of sources. Species with ambiguous or otherwise not interpretable growth form assignments were excluded from the final dataset but are made available with the original data.,,,,BIEN,http://onlinelibrary.wiley.com/doi/10.1002/ecy.1569/abstract,4563687,"Engemann, K",2026-03-28 23:42:38 UTC
Pachycereus pringlei,Pachycereus,Cactaceae,whole plant growth form,Tree,,Species with multiple growth form classifications were assigned the growth form classification agreed upon by the majority (>2/3) of sources. Species with ambiguous or otherwise not interpretable growth form assignments were excluded from the final dataset but are made available with the original data.,,,,BIEN,http://onlinelibrary.wiley.com/doi/10.1002/ecy.1569/abstract,4563688,"Engemann, K",2026-03-28 23:42:38 UTC
Pachycereus pringlei,Pachycereus,Cactaceae,whole plant growth form diversity,Tree,,Species with multiple growth form classifications were assigned the growth form classification agreed upon by the majority (>2/3) of sources. Species with ambiguous or otherwise not interpretable growth form assignments were excluded from the final dataset but are made available with the original data.,,,,BIEN,http://onlinelibrary.wiley.com/doi/10.1002/ecy.1569/abstract,4563689,"Engemann, K",2026-03-28 23:42:38 UTC
Parodia ayopayana,Parodia,Cactaceae,whole plant growth form,Tree,,Species with multiple growth form classifications were assigned the growth form classification agreed upon by the majority (>2/3) of sources. Species with ambiguous or otherwise not interpretable growth form assignments were excluded from the final dataset but are made available with the original data.,,,,BIEN,http://onlinelibrary.wiley.com/doi/10.1002/ecy.1569/abstract,4563690,"Engemann, K",2026-03-28 23:42:38 UTC
Parodia ayopayana,Parodia,Cactaceae,whole plant growth form diversity,Tree,,Species with multiple growth form classifications were assigned the growth form classification agreed upon by the majority (>2/3) of sources. Species with ambiguous or otherwise not interpretable growth form assignments were excluded from the final dataset but are made available with the original data.,,,,BIEN,http://onlinelibrary.wiley.com/doi/10.1002/ecy.1569/abstract,4563691,"Engemann, K",2026-03-28 23:42:38 UTC
Pereskia grandifolia,Pereskia,Cactaceae,whole plant growth form diversity,Tree_Shrub,,Species with multiple growth form classifications were assigned the growth form classification agreed upon by the majority (>2/3) of sources. Species with ambiguous or otherwise not interpretable growth form assignments were excluded from the final dataset but are made available with the original data.,,,,BIEN,http://onlinelibrary.wiley.com/doi/10.1002/ecy.1569/abstract,4563692,"Engemann, K",2026-03-28 23:42:38 UTC
Parodia comarapana,Parodia,Cactaceae,whole plant growth form diversity,Tree,,Species with multiple growth form classifications were assigned the growth form classification agreed upon by the majority (>2/3) of sources. Species with ambiguous or otherwise not interpretable growth form assignments were excluded from the final dataset but are made available with the original data.,,,,BIEN,http://onlinelibrary.wiley.com/doi/10.1002/ecy.1569/abstract,4563693,"Engemann, K",2026-03-28 23:42:38 UTC
Pediocactus bradyi,Pediocactus,Cactaceae,whole plant growth form,Shrub,,Species with multiple growth form classifications were assigned the growth form classification agreed upon by the majority (>2/3) of sources. Species with ambiguous or otherwise not interpretable growth form assignments were excluded from the final dataset but are made available with the original data.,,,,BIEN,http://onlinelibrary.wiley.com/doi/10.1002/ecy.1569/abstract,4563694,"Engemann, K",2026-03-28 23:42:38 UTC
Pediocactus bradyi,Pediocactus,Cactaceae,whole plant growth form diversity,Shrub,,Species with multiple growth form classifications were assigned the growth form classification agreed upon by the majority (>2/3) of sources. Species with ambiguous or otherwise not interpretable growth form assignments were excluded from the final dataset but are made available with the original data.,,,,BIEN,http://onlinelibrary.wiley.com/doi/10.1002/ecy.1569/abstract,4563695,"Engemann, K",2026-03-28 23:42:38 UTC
Pediocactus despainii,Pediocactus,Cactaceae,whole plant growth form,Shrub,,Species with multiple growth form classifications were assigned the growth form classification agreed upon by the majority (>2/3) of sources. Species with ambiguous or otherwise not interpretable growth form assignments were excluded from the final dataset but are made available with the original data.,,,,BIEN,http://onlinelibrary.wiley.com/doi/10.1002/ecy.1569/abstract,4563696,"Engemann, K",2026-03-28 23:42:38 UTC
Pediocactus despainii,Pediocactus,Cactaceae,whole plant growth form diversity,Shrub,,Species with multiple growth form classifications were assigned the growth form classification agreed upon by the majority (>2/3) of sources. Species with ambiguous or otherwise not interpretable growth form assignments were excluded from the final dataset but are made available with the original data.,,,,BIEN,http://onlinelibrary.wiley.com/doi/10.1002/ecy.1569/abstract,4563697,"Engemann, K",2026-03-28 23:42:38 UTC
Pediocactus knowltonii,Pediocactus,Cactaceae,whole plant growth form,Shrub,,Species with multiple growth form classifications were assigned the growth form classification agreed upon by the majority (>2/3) of sources. Species with ambiguous or otherwise not interpretable growth form assignments were excluded from the final dataset but are made available with the original data.,,,,BIEN,http://onlinelibrary.wiley.com/doi/10.1002/ecy.1569/abstract,4563698,"Engemann, K",2026-03-28 23:42:38 UTC
Pediocactus paradinei,Pediocactus,Cactaceae,whole plant growth form,Shrub,,Species with multiple growth form classifications were assigned the growth form classification agreed upon by the majority (>2/3) of sources. Species with ambiguous or otherwise not interpretable growth form assignments were excluded from the final dataset but are made available with the original data.,,,,BIEN,http://onlinelibrary.wiley.com/doi/10.1002/ecy.1569/abstract,4563699,"Engemann, K",2026-03-28 23:42:38 UTC
Pediocactus paradinei,Pediocactus,Cactaceae,whole plant growth form diversity,Shrub,,Species with multiple growth form classifications were assigned the growth form classification agreed upon by the majority (>2/3) of sources. Species with ambiguous or otherwise not interpretable growth form assignments were excluded from the final dataset but are made available with the original data.,,,,BIEN,http://onlinelibrary.wiley.com/doi/10.1002/ecy.1569/abstract,4563700,"Engemann, K",2026-03-28 23:42:38 UTC
Pediocactus peeblesianus,Pediocactus,Cactaceae,whole plant growth form,Shrub,,Species with multiple growth form classifications were assigned the growth form classification agreed upon by the majority (>2/3) of sources. Species with ambiguous or otherwise not interpretable growth form assignments were excluded from the final dataset but are made available with the original data.,,,,BIEN,http://onlinelibrary.wiley.com/doi/10.1002/ecy.1569/abstract,4563701,"Engemann, K",2026-03-28 23:42:38 UTC
Pediocactus peeblesianus,Pediocactus,Cactaceae,whole plant growth form diversity,Shrub,,Species with multiple growth form classifications were assigned the growth form classification agreed upon by the majority (>2/3) of sources. Species with ambiguous or otherwise not interpretable growth form assignments were excluded from the final dataset but are made available with the original data.,,,,BIEN,http://onlinelibrary.wiley.com/doi/10.1002/ecy.1569/abstract,4563702,"Engemann, K",2026-03-28 23:42:38 UTC
Pediocactus sileri,Pediocactus,Cactaceae,whole plant growth form,Shrub,,Species with multiple growth form classifications were assigned the growth form classification agreed upon by the majority (>2/3) of sources. Species with ambiguous or otherwise not interpretable growth form assignments were excluded from the final dataset but are made available with the original data.,,,,BIEN,http://onlinelibrary.wiley.com/doi/10.1002/ecy.1569/abstract,4563703,"Engemann, K",2026-03-28 23:42:38 UTC
Pediocactus sileri,Pediocactus,Cactaceae,whole plant growth form diversity,Shrub,,Species with multiple growth form classifications were assigned the growth form classification agreed upon by the majority (>2/3) of sources. Species with ambiguous or otherwise not interpretable growth form assignments were excluded from the final dataset but are made available with the original data.,,,,BIEN,http://onlinelibrary.wiley.com/doi/10.1002/ecy.1569/abstract,4563704,"Engemann, K",2026-03-28 23:42:38 UTC
Pediocactus simpsonii,Pediocactus,Cactaceae,whole plant growth form,Shrub,,Species with multiple growth form classifications were assigned the growth form classification agreed upon by the majority (>2/3) of sources. Species with ambiguous or otherwise not interpretable growth form assignments were excluded from the final dataset but are made available with the original data.,,,,BIEN,http://onlinelibrary.wiley.com/doi/10.1002/ecy.1569/abstract,4563705,"Engemann, K",2026-03-28 23:42:38 UTC
Pediocactus simpsonii,Pediocactus,Cactaceae,whole plant growth form diversity,Shrub,,Species with multiple growth form classifications were assigned the growth form classification agreed upon by the majority (>2/3) of sources. Species with ambiguous or otherwise not interpretable growth form assignments were excluded from the final dataset but are made available with the original data.,,,,BIEN,http://onlinelibrary.wiley.com/doi/10.1002/ecy.1569/abstract,4563706,"Engemann, K",2026-03-28 23:42:38 UTC
Pediocactus winkleri,Pediocactus,Cactaceae,whole plant growth form,Shrub,,Species with multiple growth form classifications were assigned the growth form classification agreed upon by the majority (>2/3) of sources. Species with ambiguous or otherwise not interpretable growth form assignments were excluded from the final dataset but are made available with the original data.,,,,BIEN,http://onlinelibrary.wiley.com/doi/10.1002/ecy.1569/abstract,4563707,"Engemann, K",2026-03-28 23:42:38 UTC
Pediocactus winkleri,Pediocactus,Cactaceae,whole plant growth form diversity,Shrub,,Species with multiple growth form classifications were assigned the growth form classification agreed upon by the majority (>2/3) of sources. Species with ambiguous or otherwise not interpretable growth form assignments were excluded from the final dataset but are made available with the original data.,,,,BIEN,http://onlinelibrary.wiley.com/doi/10.1002/ecy.1569/abstract,4563708,"Engemann, K",2026-03-28 23:42:38 UTC
Peniocereus greggii,Peniocereus,Cactaceae,whole plant growth form,Shrub,,Species with multiple growth form classifications were assigned the growth form classification agreed upon by the majority (>2/3) of sources. Species with ambiguous or otherwise not interpretable growth form assignments were excluded from the final dataset but are made available with the original data.,,,,BIEN,http://onlinelibrary.wiley.com/doi/10.1002/ecy.1569/abstract,4563709,"Engemann, K",2026-03-28 23:42:38 UTC
Peniocereus greggii,Peniocereus,Cactaceae,whole plant growth form diversity,Herb_Shrub,,Species with multiple growth form classifications were assigned the growth form classification agreed upon by the majority (>2/3) of sources. Species with ambiguous or otherwise not interpretable growth form assignments were excluded from the final dataset but are made available with the original data.,,,,BIEN,http://onlinelibrary.wiley.com/doi/10.1002/ecy.1569/abstract,4563710,"Engemann, K",2026-03-28 23:42:38 UTC
Peniocereus hirschtianus,Peniocereus,Cactaceae,whole plant growth form,Herb,,Species with multiple growth form classifications were assigned the growth form classification agreed upon by the majority (>2/3) of sources. Species with ambiguous or otherwise not interpretable growth form assignments were excluded from the final dataset but are made available with the original data.,,,,BIEN,http://onlinelibrary.wiley.com/doi/10.1002/ecy.1569/abstract,4563711,"Engemann, K",2026-03-28 23:42:38 UTC
Peniocereus hirschtianus,Peniocereus,Cactaceae,whole plant growth form diversity,Herb,,Species with multiple growth form classifications were assigned the growth form classification agreed upon by the majority (>2/3) of sources. Species with ambiguous or otherwise not interpretable growth form assignments were excluded from the final dataset but are made available with the original data.,,,,BIEN,http://onlinelibrary.wiley.com/doi/10.1002/ecy.1569/abstract,4563712,"Engemann, K",2026-03-28 23:42:38 UTC
Peniocereus striatus,Peniocereus,Cactaceae,whole plant growth form,Shrub,,Species with multiple growth form classifications were assigned the growth form classification agreed upon by the majority (>2/3) of sources. Species with ambiguous or otherwise not interpretable growth form assignments were excluded from the final dataset but are made available with the original data.,,,,BIEN,http://onlinelibrary.wiley.com/doi/10.1002/ecy.1569/abstract,4563713,"Engemann, K",2026-03-28 23:42:38 UTC
Peniocereus striatus,Peniocereus,Cactaceae,whole plant growth form diversity,Shrub,,Species with multiple growth form classifications were assigned the growth form classification agreed upon by the majority (>2/3) of sources. Species with ambiguous or otherwise not interpretable growth form assignments were excluded from the final dataset but are made available with the original data.,,,,BIEN,http://onlinelibrary.wiley.com/doi/10.1002/ecy.1569/abstract,4563714,"Engemann, K",2026-03-28 23:42:38 UTC
Pereskia grandifolia,Pereskia,Cactaceae,whole plant growth form,Shrub,,Species with multiple growth form classifications were assigned the growth form classification agreed upon by the majority (>2/3) of sources. Species with ambiguous or otherwise not interpretable growth form assignments were excluded from the final dataset but are made available with the original data.,,,,BIEN,http://onlinelibrary.wiley.com/doi/10.1002/ecy.1569/abstract,4563715,"Engemann, K",2026-03-28 23:42:38 UTC
Pereskia guamacho,Pereskia,Cactaceae,whole plant growth form,Tree,,Species with multiple growth form classifications were assigned the growth form classification agreed upon by the majority (>2/3) of sources. Species with ambiguous or otherwise not interpretable growth form assignments were excluded from the final dataset but are made available with the original data.,,,,BIEN,http://onlinelibrary.wiley.com/doi/10.1002/ecy.1569/abstract,4563716,"Engemann, K",2026-03-28 23:42:38 UTC
Pereskia guamacho,Pereskia,Cactaceae,whole plant growth form diversity,Tree,,Species with multiple growth form classifications were assigned the growth form classification agreed upon by the majority (>2/3) of sources. Species with ambiguous or otherwise not interpretable growth form assignments were excluded from the final dataset but are made available with the original data.,,,,BIEN,http://onlinelibrary.wiley.com/doi/10.1002/ecy.1569/abstract,4563717,"Engemann, K",2026-03-28 23:42:38 UTC
Pereskiopsis diguetii,Pereskiopsis,Cactaceae,whole plant growth form,Shrub,,Species with multiple growth form classifications were assigned the growth form classification agreed upon by the majority (>2/3) of sources. Species with ambiguous or otherwise not interpretable growth form assignments were excluded from the final dataset but are made available with the original data.,,,,BIEN,http://onlinelibrary.wiley.com/doi/10.1002/ecy.1569/abstract,4563718,"Engemann, K",2026-03-28 23:42:38 UTC
Pereskiopsis diguetii,Pereskiopsis,Cactaceae,whole plant growth form diversity,Tree_Shrub,,Species with multiple growth form classifications were assigned the growth form classification agreed upon by the majority (>2/3) of sources. Species with ambiguous or otherwise not interpretable growth form assignments were excluded from the final dataset but are made available with the original data.,,,,BIEN,http://onlinelibrary.wiley.com/doi/10.1002/ecy.1569/abstract,4563719,"Engemann, K",2026-03-28 23:42:38 UTC
Pereskia lychnidiflora,Pereskia,Cactaceae,whole plant growth form,Tree,,Species with multiple growth form classifications were assigned the growth form classification agreed upon by the majority (>2/3) of sources. Species with ambiguous or otherwise not interpretable growth form assignments were excluded from the final dataset but are made available with the original data.,,,,BIEN,http://onlinelibrary.wiley.com/doi/10.1002/ecy.1569/abstract,4563720,"Engemann, K",2026-03-28 23:42:38 UTC
Pereskia lychnidiflora,Pereskia,Cactaceae,whole plant growth form diversity,Shrub_Tree,,Species with multiple growth form classifications were assigned the growth form classification agreed upon by the majority (>2/3) of sources. Species with ambiguous or otherwise not interpretable growth form assignments were excluded from the final dataset but are made available with the original data.,,,,BIEN,http://onlinelibrary.wiley.com/doi/10.1002/ecy.1569/abstract,4563721,"Engemann, K",2026-03-28 23:42:38 UTC
Pereskia nemorosa,Pereskia,Cactaceae,whole plant growth form,Tree,,Species with multiple growth form classifications were assigned the growth form classification agreed upon by the majority (>2/3) of sources. Species with ambiguous or otherwise not interpretable growth form assignments were excluded from the final dataset but are made available with the original data.,,,,BIEN,http://onlinelibrary.wiley.com/doi/10.1002/ecy.1569/abstract,4563722,"Engemann, K",2026-03-28 23:42:38 UTC
Pereskia nemorosa,Pereskia,Cactaceae,whole plant growth form diversity,Shrub_Tree,,Species with multiple growth form classifications were assigned the growth form classification agreed upon by the majority (>2/3) of sources. Species with ambiguous or otherwise not interpretable growth form assignments were excluded from the final dataset but are made available with the original data.,,,,BIEN,http://onlinelibrary.wiley.com/doi/10.1002/ecy.1569/abstract,4563723,"Engemann, K",2026-03-28 23:42:38 UTC
Pereskia weberiana,Pereskia,Cactaceae,whole plant growth form,Tree,,Species with multiple growth form classifications were assigned the growth form classification agreed upon by the majority (>2/3) of sources. Species with ambiguous or otherwise not interpretable growth form assignments were excluded from the final dataset but are made available with the original data.,,,,BIEN,http://onlinelibrary.wiley.com/doi/10.1002/ecy.1569/abstract,4563724,"Engemann, K",2026-03-28 23:42:38 UTC
Pilosocereus royenii,Pilosocereus,Cactaceae,whole plant growth form,Tree,,Species with multiple growth form classifications were assigned the growth form classification agreed upon by the majority (>2/3) of sources. Species with ambiguous or otherwise not interpretable growth form assignments were excluded from the final dataset but are made available with the original data.,,,,BIEN,http://onlinelibrary.wiley.com/doi/10.1002/ecy.1569/abstract,4563725,"Engemann, K",2026-03-28 23:42:38 UTC
Pereskia weberiana,Pereskia,Cactaceae,whole plant growth form diversity,Tree,,Species with multiple growth form classifications were assigned the growth form classification agreed upon by the majority (>2/3) of sources. Species with ambiguous or otherwise not interpretable growth form assignments were excluded from the final dataset but are made available with the original data.,,,,BIEN,http://onlinelibrary.wiley.com/doi/10.1002/ecy.1569/abstract,4563726,"Engemann, K",2026-03-28 23:42:38 UTC
Pereskiopsis aquosa,Pereskiopsis,Cactaceae,whole plant growth form,Shrub,,Species with multiple growth form classifications were assigned the growth form classification agreed upon by the majority (>2/3) of sources. Species with ambiguous or otherwise not interpretable growth form assignments were excluded from the final dataset but are made available with the original data.,,,,BIEN,http://onlinelibrary.wiley.com/doi/10.1002/ecy.1569/abstract,4563727,"Engemann, K",2026-03-28 23:42:38 UTC
Pereskiopsis aquosa,Pereskiopsis,Cactaceae,whole plant growth form diversity,Shrub,,Species with multiple growth form classifications were assigned the growth form classification agreed upon by the majority (>2/3) of sources. Species with ambiguous or otherwise not interpretable growth form assignments were excluded from the final dataset but are made available with the original data.,,,,BIEN,http://onlinelibrary.wiley.com/doi/10.1002/ecy.1569/abstract,4563728,"Engemann, K",2026-03-28 23:42:38 UTC
Pereskiopsis kellermanii,Pereskiopsis,Cactaceae,whole plant growth form,Shrub,,Species with multiple growth form classifications were assigned the growth form classification agreed upon by the majority (>2/3) of sources. Species with ambiguous or otherwise not interpretable growth form assignments were excluded from the final dataset but are made available with the original data.,,,,BIEN,http://onlinelibrary.wiley.com/doi/10.1002/ecy.1569/abstract,4563729,"Engemann, K",2026-03-28 23:42:38 UTC
Pereskiopsis kellermanii,Pereskiopsis,Cactaceae,whole plant growth form diversity,Shrub,,Species with multiple growth form classifications were assigned the growth form classification agreed upon by the majority (>2/3) of sources. Species with ambiguous or otherwise not interpretable growth form assignments were excluded from the final dataset but are made available with the original data.,,,,BIEN,http://onlinelibrary.wiley.com/doi/10.1002/ecy.1569/abstract,4563730,"Engemann, K",2026-03-28 23:42:38 UTC
Pereskiopsis porteri,Pereskiopsis,Cactaceae,whole plant growth form,Shrub,,Species with multiple growth form classifications were assigned the growth form classification agreed upon by the majority (>2/3) of sources. Species with ambiguous or otherwise not interpretable growth form assignments were excluded from the final dataset but are made available with the original data.,,,,BIEN,http://onlinelibrary.wiley.com/doi/10.1002/ecy.1569/abstract,4563731,"Engemann, K",2026-03-28 23:42:38 UTC
Pereskiopsis porteri,Pereskiopsis,Cactaceae,whole plant growth form diversity,Shrub,,Species with multiple growth form classifications were assigned the growth form classification agreed upon by the majority (>2/3) of sources. Species with ambiguous or otherwise not interpretable growth form assignments were excluded from the final dataset but are made available with the original data.,,,,BIEN,http://onlinelibrary.wiley.com/doi/10.1002/ecy.1569/abstract,4563732,"Engemann, K",2026-03-28 23:42:38 UTC
Pfeiffera boliviana,Pfeiffera,Cactaceae,whole plant growth form,Shrub,,Species with multiple growth form classifications were assigned the growth form classification agreed upon by the majority (>2/3) of sources. Species with ambiguous or otherwise not interpretable growth form assignments were excluded from the final dataset but are made available with the original data.,,,,BIEN,http://onlinelibrary.wiley.com/doi/10.1002/ecy.1569/abstract,4563733,"Engemann, K",2026-03-28 23:42:38 UTC
Pfeiffera boliviana,Pfeiffera,Cactaceae,whole plant growth form diversity,Shrub,,Species with multiple growth form classifications were assigned the growth form classification agreed upon by the majority (>2/3) of sources. Species with ambiguous or otherwise not interpretable growth form assignments were excluded from the final dataset but are made available with the original data.,,,,BIEN,http://onlinelibrary.wiley.com/doi/10.1002/ecy.1569/abstract,4563734,"Engemann, K",2026-03-28 23:42:38 UTC
Pfeiffera ianthothele,Pfeiffera,Cactaceae,whole plant growth form,Non-woody epiphyte,,Species with multiple growth form classifications were assigned the growth form classification agreed upon by the majority (>2/3) of sources. Species with ambiguous or otherwise not interpretable growth form assignments were excluded from the final dataset but are made available with the original data.,,,,BIEN,http://onlinelibrary.wiley.com/doi/10.1002/ecy.1569/abstract,4563735,"Engemann, K",2026-03-28 23:42:38 UTC
Pfeiffera ianthothele,Pfeiffera,Cactaceae,whole plant growth form diversity,Non-woody epiphyte,,Species with multiple growth form classifications were assigned the growth form classification agreed upon by the majority (>2/3) of sources. Species with ambiguous or otherwise not interpretable growth form assignments were excluded from the final dataset but are made available with the original data.,,,,BIEN,http://onlinelibrary.wiley.com/doi/10.1002/ecy.1569/abstract,4563736,"Engemann, K",2026-03-28 23:42:38 UTC
Pfeiffera monacantha,Pfeiffera,Cactaceae,whole plant growth form,Non-woody epiphyte,,Species with multiple growth form classifications were assigned the growth form classification agreed upon by the majority (>2/3) of sources. Species with ambiguous or otherwise not interpretable growth form assignments were excluded from the final dataset but are made available with the original data.,,,,BIEN,http://onlinelibrary.wiley.com/doi/10.1002/ecy.1569/abstract,4563737,"Engemann, K",2026-03-28 23:42:38 UTC
Pfeiffera monacantha,Pfeiffera,Cactaceae,whole plant growth form diversity,Herb_Non-woody epiphyte,,Species with multiple growth form classifications were assigned the growth form classification agreed upon by the majority (>2/3) of sources. Species with ambiguous or otherwise not interpretable growth form assignments were excluded from the final dataset but are made available with the original data.,,,,BIEN,http://onlinelibrary.wiley.com/doi/10.1002/ecy.1569/abstract,4563738,"Engemann, K",2026-03-28 23:42:38 UTC
Pilosocereus bahamensis,Pilosocereus,Cactaceae,whole plant growth form,Tree,,Species with multiple growth form classifications were assigned the growth form classification agreed upon by the majority (>2/3) of sources. Species with ambiguous or otherwise not interpretable growth form assignments were excluded from the final dataset but are made available with the original data.,,,,BIEN,http://onlinelibrary.wiley.com/doi/10.1002/ecy.1569/abstract,4563739,"Engemann, K",2026-03-28 23:42:38 UTC
Rhipsalis cereuscula,Rhipsalis,Cactaceae,whole plant growth form,Non-woody epiphyte,,Species with multiple growth form classifications were assigned the growth form classification agreed upon by the majority (>2/3) of sources. Species with ambiguous or otherwise not interpretable growth form assignments were excluded from the final dataset but are made available with the original data.,,,,BIEN,http://onlinelibrary.wiley.com/doi/10.1002/ecy.1569/abstract,4563740,"Engemann, K",2026-03-28 23:42:38 UTC
Pilosocereus bahamensis,Pilosocereus,Cactaceae,whole plant growth form diversity,Tree,,Species with multiple growth form classifications were assigned the growth form classification agreed upon by the majority (>2/3) of sources. Species with ambiguous or otherwise not interpretable growth form assignments were excluded from the final dataset but are made available with the original data.,,,,BIEN,http://onlinelibrary.wiley.com/doi/10.1002/ecy.1569/abstract,4563741,"Engemann, K",2026-03-28 23:42:38 UTC
Pilosocereus gaumeri,Pilosocereus,Cactaceae,whole plant growth form,Tree,,Species with multiple growth form classifications were assigned the growth form classification agreed upon by the majority (>2/3) of sources. Species with ambiguous or otherwise not interpretable growth form assignments were excluded from the final dataset but are made available with the original data.,,,,BIEN,http://onlinelibrary.wiley.com/doi/10.1002/ecy.1569/abstract,4563742,"Engemann, K",2026-03-28 23:42:38 UTC
Pilosocereus gaumeri,Pilosocereus,Cactaceae,whole plant growth form diversity,Tree,,Species with multiple growth form classifications were assigned the growth form classification agreed upon by the majority (>2/3) of sources. Species with ambiguous or otherwise not interpretable growth form assignments were excluded from the final dataset but are made available with the original data.,,,,BIEN,http://onlinelibrary.wiley.com/doi/10.1002/ecy.1569/abstract,4563743,"Engemann, K",2026-03-28 23:42:38 UTC
Pilosocereus lanuginosus,Pilosocereus,Cactaceae,whole plant growth form,Tree,,Species with multiple growth form classifications were assigned the growth form classification agreed upon by the majority (>2/3) of sources. Species with ambiguous or otherwise not interpretable growth form assignments were excluded from the final dataset but are made available with the original data.,,,,BIEN,http://onlinelibrary.wiley.com/doi/10.1002/ecy.1569/abstract,4563744,"Engemann, K",2026-03-28 23:42:38 UTC
Pilosocereus lanuginosus,Pilosocereus,Cactaceae,whole plant growth form diversity,Tree,,Species with multiple growth form classifications were assigned the growth form classification agreed upon by the majority (>2/3) of sources. Species with ambiguous or otherwise not interpretable growth form assignments were excluded from the final dataset but are made available with the original data.,,,,BIEN,http://onlinelibrary.wiley.com/doi/10.1002/ecy.1569/abstract,4563745,"Engemann, K",2026-03-28 23:42:38 UTC
Pilosocereus leucocephalus,Pilosocereus,Cactaceae,whole plant growth form,Tree,,Species with multiple growth form classifications were assigned the growth form classification agreed upon by the majority (>2/3) of sources. Species with ambiguous or otherwise not interpretable growth form assignments were excluded from the final dataset but are made available with the original data.,,,,BIEN,http://onlinelibrary.wiley.com/doi/10.1002/ecy.1569/abstract,4563746,"Engemann, K",2026-03-28 23:42:38 UTC
Pilosocereus leucocephalus,Pilosocereus,Cactaceae,whole plant growth form diversity,Tree,,Species with multiple growth form classifications were assigned the growth form classification agreed upon by the majority (>2/3) of sources. Species with ambiguous or otherwise not interpretable growth form assignments were excluded from the final dataset but are made available with the original data.,,,,BIEN,http://onlinelibrary.wiley.com/doi/10.1002/ecy.1569/abstract,4563747,"Engemann, K",2026-03-28 23:42:38 UTC
Pilosocereus royenii,Pilosocereus,Cactaceae,whole plant growth form diversity,Tree,,Species with multiple growth form classifications were assigned the growth form classification agreed upon by the majority (>2/3) of sources. Species with ambiguous or otherwise not interpretable growth form assignments were excluded from the final dataset but are made available with the original data.,,,,BIEN,http://onlinelibrary.wiley.com/doi/10.1002/ecy.1569/abstract,4563748,"Engemann, K",2026-03-28 23:42:38 UTC
Pilosocereus oligolepis,Pilosocereus,Cactaceae,whole plant growth form,Tree,,Species with multiple growth form classifications were assigned the growth form classification agreed upon by the majority (>2/3) of sources. Species with ambiguous or otherwise not interpretable growth form assignments were excluded from the final dataset but are made available with the original data.,,,,BIEN,http://onlinelibrary.wiley.com/doi/10.1002/ecy.1569/abstract,4563749,"Engemann, K",2026-03-28 23:42:38 UTC
Pilosocereus oligolepis,Pilosocereus,Cactaceae,whole plant growth form diversity,Tree,,Species with multiple growth form classifications were assigned the growth form classification agreed upon by the majority (>2/3) of sources. Species with ambiguous or otherwise not interpretable growth form assignments were excluded from the final dataset but are made available with the original data.,,,,BIEN,http://onlinelibrary.wiley.com/doi/10.1002/ecy.1569/abstract,4563750,"Engemann, K",2026-03-28 23:42:38 UTC
Pilosocereus polygonus,Pilosocereus,Cactaceae,whole plant growth form,Tree,,Species with multiple growth form classifications were assigned the growth form classification agreed upon by the majority (>2/3) of sources. Species with ambiguous or otherwise not interpretable growth form assignments were excluded from the final dataset but are made available with the original data.,,,,BIEN,http://onlinelibrary.wiley.com/doi/10.1002/ecy.1569/abstract,4563751,"Engemann, K",2026-03-28 23:42:38 UTC
Pilosocereus polygonus,Pilosocereus,Cactaceae,whole plant growth form diversity,Tree,,Species with multiple growth form classifications were assigned the growth form classification agreed upon by the majority (>2/3) of sources. Species with ambiguous or otherwise not interpretable growth form assignments were excluded from the final dataset but are made available with the original data.,,,,BIEN,http://onlinelibrary.wiley.com/doi/10.1002/ecy.1569/abstract,4563752,"Engemann, K",2026-03-28 23:42:38 UTC
Pilosocereus robinii,Pilosocereus,Cactaceae,whole plant growth form,Tree,,Species with multiple growth form classifications were assigned the growth form classification agreed upon by the majority (>2/3) of sources. Species with ambiguous or otherwise not interpretable growth form assignments were excluded from the final dataset but are made available with the original data.,,,,BIEN,http://onlinelibrary.wiley.com/doi/10.1002/ecy.1569/abstract,4563753,"Engemann, K",2026-03-28 23:42:38 UTC
Pilosocereus robinii,Pilosocereus,Cactaceae,whole plant growth form diversity,Tree,,Species with multiple growth form classifications were assigned the growth form classification agreed upon by the majority (>2/3) of sources. Species with ambiguous or otherwise not interpretable growth form assignments were excluded from the final dataset but are made available with the original data.,,,,BIEN,http://onlinelibrary.wiley.com/doi/10.1002/ecy.1569/abstract,4563754,"Engemann, K",2026-03-28 23:42:38 UTC
Pilosocereus royenii,Pilosocereus,Cactaceae,whole plant growth form,Tree,,Species with multiple growth form classifications were assigned the growth form classification agreed upon by the majority (>2/3) of sources. Species with ambiguous or otherwise not interpretable growth form assignments were excluded from the final dataset but are made available with the original data.,,,,BIEN,http://onlinelibrary.wiley.com/doi/10.1002/ecy.1569/abstract,4563755,"Engemann, K",2026-03-28 23:42:38 UTC
Pilosocereus royenii,Pilosocereus,Cactaceae,whole plant growth form diversity,Tree,,Species with multiple growth form classifications were assigned the growth form classification agreed upon by the majority (>2/3) of sources. Species with ambiguous or otherwise not interpretable growth form assignments were excluded from the final dataset but are made available with the original data.,,,,BIEN,http://onlinelibrary.wiley.com/doi/10.1002/ecy.1569/abstract,4563756,"Engemann, K",2026-03-28 23:42:38 UTC
Pilosocereus tweedyanus,Pilosocereus,Cactaceae,whole plant growth form,Tree,,Species with multiple growth form classifications were assigned the growth form classification agreed upon by the majority (>2/3) of sources. Species with ambiguous or otherwise not interpretable growth form assignments were excluded from the final dataset but are made available with the original data.,,,,BIEN,http://onlinelibrary.wiley.com/doi/10.1002/ecy.1569/abstract,4563757,"Engemann, K",2026-03-28 23:42:38 UTC
Pilosocereus tweedyanus,Pilosocereus,Cactaceae,whole plant growth form diversity,Shrub_Tree,,Species with multiple growth form classifications were assigned the growth form classification agreed upon by the majority (>2/3) of sources. Species with ambiguous or otherwise not interpretable growth form assignments were excluded from the final dataset but are made available with the original data.,,,,BIEN,http://onlinelibrary.wiley.com/doi/10.1002/ecy.1569/abstract,4563758,"Engemann, K",2026-03-28 23:42:38 UTC
Pseudorhipsalis acuminata,Pseudorhipsalis,Cactaceae,whole plant growth form,Non-woody epiphyte,,Species with multiple growth form classifications were assigned the growth form classification agreed upon by the majority (>2/3) of sources. Species with ambiguous or otherwise not interpretable growth form assignments were excluded from the final dataset but are made available with the original data.,,,,BIEN,http://onlinelibrary.wiley.com/doi/10.1002/ecy.1569/abstract,4563761,"Engemann, K",2026-03-28 23:42:38 UTC
Pseudorhipsalis acuminata,Pseudorhipsalis,Cactaceae,whole plant growth form diversity,Non-woody epiphyte,,Species with multiple growth form classifications were assigned the growth form classification agreed upon by the majority (>2/3) of sources. Species with ambiguous or otherwise not interpretable growth form assignments were excluded from the final dataset but are made available with the original data.,,,,BIEN,http://onlinelibrary.wiley.com/doi/10.1002/ecy.1569/abstract,4563762,"Engemann, K",2026-03-28 23:42:38 UTC
Pseudorhipsalis himantoclada,Pseudorhipsalis,Cactaceae,whole plant growth form,Non-woody epiphyte,,Species with multiple growth form classifications were assigned the growth form classification agreed upon by the majority (>2/3) of sources. Species with ambiguous or otherwise not interpretable growth form assignments were excluded from the final dataset but are made available with the original data.,,,,BIEN,http://onlinelibrary.wiley.com/doi/10.1002/ecy.1569/abstract,4563763,"Engemann, K",2026-03-28 23:42:38 UTC
Pseudorhipsalis himantoclada,Pseudorhipsalis,Cactaceae,whole plant growth form diversity,Non-woody epiphyte,,Species with multiple growth form classifications were assigned the growth form classification agreed upon by the majority (>2/3) of sources. Species with ambiguous or otherwise not interpretable growth form assignments were excluded from the final dataset but are made available with the original data.,,,,BIEN,http://onlinelibrary.wiley.com/doi/10.1002/ecy.1569/abstract,4563764,"Engemann, K",2026-03-28 23:42:38 UTC
Pseudorhipsalis ramulosa,Pseudorhipsalis,Cactaceae,whole plant growth form,Non-woody epiphyte,,Species with multiple growth form classifications were assigned the growth form classification agreed upon by the majority (>2/3) of sources. Species with ambiguous or otherwise not interpretable growth form assignments were excluded from the final dataset but are made available with the original data.,,,,BIEN,http://onlinelibrary.wiley.com/doi/10.1002/ecy.1569/abstract,4563765,"Engemann, K",2026-03-28 23:42:38 UTC
Pseudorhipsalis ramulosa,Pseudorhipsalis,Cactaceae,whole plant growth form diversity,Parasite_Herb_Non-woody epiphyte,,Species with multiple growth form classifications were assigned the growth form classification agreed upon by the majority (>2/3) of sources. Species with ambiguous or otherwise not interpretable growth form assignments were excluded from the final dataset but are made available with the original data.,,,,BIEN,http://onlinelibrary.wiley.com/doi/10.1002/ecy.1569/abstract,4563766,"Engemann, K",2026-03-28 23:42:38 UTC
Quiabentia verticillata,Quiabentia,Cactaceae,whole plant growth form,Tree,,Species with multiple growth form classifications were assigned the growth form classification agreed upon by the majority (>2/3) of sources. Species with ambiguous or otherwise not interpretable growth form assignments were excluded from the final dataset but are made available with the original data.,,,,BIEN,http://onlinelibrary.wiley.com/doi/10.1002/ecy.1569/abstract,4563767,"Engemann, K",2026-03-28 23:42:38 UTC
Quiabentia verticillata,Quiabentia,Cactaceae,whole plant growth form diversity,Tree,,Species with multiple growth form classifications were assigned the growth form classification agreed upon by the majority (>2/3) of sources. Species with ambiguous or otherwise not interpretable growth form assignments were excluded from the final dataset but are made available with the original data.,,,,BIEN,http://onlinelibrary.wiley.com/doi/10.1002/ecy.1569/abstract,4563768,"Engemann, K",2026-03-28 23:42:38 UTC
Rhipsalis baccifera,Rhipsalis,Cactaceae,whole plant growth form,Non-woody epiphyte,,Species with multiple growth form classifications were assigned the growth form classification agreed upon by the majority (>2/3) of sources. Species with ambiguous or otherwise not interpretable growth form assignments were excluded from the final dataset but are made available with the original data.,,,,BIEN,http://onlinelibrary.wiley.com/doi/10.1002/ecy.1569/abstract,4563769,"Engemann, K",2026-03-28 23:42:38 UTC
Rhipsalis baccifera,Rhipsalis,Cactaceae,whole plant growth form diversity,Herb_Vine_Shrub_Tree_Non-woody epiphyte,,Species with multiple growth form classifications were assigned the growth form classification agreed upon by the majority (>2/3) of sources. Species with ambiguous or otherwise not interpretable growth form assignments were excluded from the final dataset but are made available with the original data.,,,,BIEN,http://onlinelibrary.wiley.com/doi/10.1002/ecy.1569/abstract,4563770,"Engemann, K",2026-03-28 23:42:38 UTC
Rhipsalis cereuscula,Rhipsalis,Cactaceae,whole plant growth form diversity,Non-woody epiphyte,,Species with multiple growth form classifications were assigned the growth form classification agreed upon by the majority (>2/3) of sources. Species with ambiguous or otherwise not interpretable growth form assignments were excluded from the final dataset but are made available with the original data.,,,,BIEN,http://onlinelibrary.wiley.com/doi/10.1002/ecy.1569/abstract,4563771,"Engemann, K",2026-03-28 23:42:38 UTC
Rhipsalis cruciformis,Rhipsalis,Cactaceae,whole plant growth form,Non-woody epiphyte,,Species with multiple growth form classifications were assigned the growth form classification agreed upon by the majority (>2/3) of sources. Species with ambiguous or otherwise not interpretable growth form assignments were excluded from the final dataset but are made available with the original data.,,,,BIEN,http://onlinelibrary.wiley.com/doi/10.1002/ecy.1569/abstract,4563772,"Engemann, K",2026-03-28 23:42:38 UTC
Rhipsalis cruciformis,Rhipsalis,Cactaceae,whole plant growth form diversity,Non-woody epiphyte,,Species with multiple growth form classifications were assigned the growth form classification agreed upon by the majority (>2/3) of sources. Species with ambiguous or otherwise not interpretable growth form assignments were excluded from the final dataset but are made available with the original data.,,,,BIEN,http://onlinelibrary.wiley.com/doi/10.1002/ecy.1569/abstract,4563773,"Engemann, K",2026-03-28 23:42:38 UTC
Rhipsalis floccosa,Rhipsalis,Cactaceae,whole plant growth form,Non-woody epiphyte,,Species with multiple growth form classifications were assigned the growth form classification agreed upon by the majority (>2/3) of sources. Species with ambiguous or otherwise not interpretable growth form assignments were excluded from the final dataset but are made available with the original data.,,,,BIEN,http://onlinelibrary.wiley.com/doi/10.1002/ecy.1569/abstract,4563774,"Engemann, K",2026-03-28 23:42:38 UTC
Rhipsalis floccosa,Rhipsalis,Cactaceae,whole plant growth form diversity,Herb_Non-woody epiphyte,,Species with multiple growth form classifications were assigned the growth form classification agreed upon by the majority (>2/3) of sources. Species with ambiguous or otherwise not interpretable growth form assignments were excluded from the final dataset but are made available with the original data.,,,,BIEN,http://onlinelibrary.wiley.com/doi/10.1002/ecy.1569/abstract,4563775,"Engemann, K",2026-03-28 23:42:38 UTC
Rhipsalis goebeliana,Rhipsalis,Cactaceae,whole plant growth form,Non-woody epiphyte,,Species with multiple growth form classifications were assigned the growth form classification agreed upon by the majority (>2/3) of sources. Species with ambiguous or otherwise not interpretable growth form assignments were excluded from the final dataset but are made available with the original data.,,,,BIEN,http://onlinelibrary.wiley.com/doi/10.1002/ecy.1569/abstract,4563776,"Engemann, K",2026-03-28 23:42:38 UTC
Rhipsalis goebeliana,Rhipsalis,Cactaceae,whole plant growth form diversity,Herb_Non-woody epiphyte,,Species with multiple growth form classifications were assigned the growth form classification agreed upon by the majority (>2/3) of sources. Species with ambiguous or otherwise not interpretable growth form assignments were excluded from the final dataset but are made available with the original data.,,,,BIEN,http://onlinelibrary.wiley.com/doi/10.1002/ecy.1569/abstract,4563777,"Engemann, K",2026-03-28 23:42:38 UTC
Rhipsalis houlletiana,Rhipsalis,Cactaceae,whole plant growth form,Non-woody epiphyte,,Species with multiple growth form classifications were assigned the growth form classification agreed upon by the majority (>2/3) of sources. Species with ambiguous or otherwise not interpretable growth form assignments were excluded from the final dataset but are made available with the original data.,,,,BIEN,http://onlinelibrary.wiley.com/doi/10.1002/ecy.1569/abstract,4563778,"Engemann, K",2026-03-28 23:42:38 UTC
Rhipsalis houlletiana,Rhipsalis,Cactaceae,whole plant growth form diversity,Woody epiphyte_Non-woody epiphyte,,Species with multiple growth form classifications were assigned the growth form classification agreed upon by the majority (>2/3) of sources. Species with ambiguous or otherwise not interpretable growth form assignments were excluded from the final dataset but are made available with the original data.,,,,BIEN,http://onlinelibrary.wiley.com/doi/10.1002/ecy.1569/abstract,4563779,"Engemann, K",2026-03-28 23:42:38 UTC
Rhipsalis kirbergii,Rhipsalis,Cactaceae,whole plant growth form,Non-woody epiphyte,,Species with multiple growth form classifications were assigned the growth form classification agreed upon by the majority (>2/3) of sources. Species with ambiguous or otherwise not interpretable growth form assignments were excluded from the final dataset but are made available with the original data.,,,,BIEN,http://onlinelibrary.wiley.com/doi/10.1002/ecy.1569/abstract,4563780,"Engemann, K",2026-03-28 23:42:38 UTC
Rhipsalis kirbergii,Rhipsalis,Cactaceae,whole plant growth form diversity,Non-woody epiphyte,,Species with multiple growth form classifications were assigned the growth form classification agreed upon by the majority (>2/3) of sources. Species with ambiguous or otherwise not interpretable growth form assignments were excluded from the final dataset but are made available with the original data.,,,,BIEN,http://onlinelibrary.wiley.com/doi/10.1002/ecy.1569/abstract,4563781,"Engemann, K",2026-03-28 23:42:38 UTC
Rhipsalis loefgrenii,Rhipsalis,Cactaceae,whole plant growth form,Non-woody epiphyte,,Species with multiple growth form classifications were assigned the growth form classification agreed upon by the majority (>2/3) of sources. Species with ambiguous or otherwise not interpretable growth form assignments were excluded from the final dataset but are made available with the original data.,,,,BIEN,http://onlinelibrary.wiley.com/doi/10.1002/ecy.1569/abstract,4563782,"Engemann, K",2026-03-28 23:42:38 UTC
Rhipsalis loefgrenii,Rhipsalis,Cactaceae,whole plant growth form diversity,Non-woody epiphyte,,Species with multiple growth form classifications were assigned the growth form classification agreed upon by the majority (>2/3) of sources. Species with ambiguous or otherwise not interpretable growth form assignments were excluded from the final dataset but are made available with the original data.,,,,BIEN,http://onlinelibrary.wiley.com/doi/10.1002/ecy.1569/abstract,4563783,"Engemann, K",2026-03-28 23:42:38 UTC
Rhipsalis teres,Rhipsalis,Cactaceae,whole plant growth form,Non-woody epiphyte,,Species with multiple growth form classifications were assigned the growth form classification agreed upon by the majority (>2/3) of sources. Species with ambiguous or otherwise not interpretable growth form assignments were excluded from the final dataset but are made available with the original data.,,,,BIEN,http://onlinelibrary.wiley.com/doi/10.1002/ecy.1569/abstract,4563784,"Engemann, K",2026-03-28 23:42:38 UTC
Rhipsalis lorentziana,Rhipsalis,Cactaceae,whole plant growth form diversity,Non-woody epiphyte,,Species with multiple growth form classifications were assigned the growth form classification agreed upon by the majority (>2/3) of sources. Species with ambiguous or otherwise not interpretable growth form assignments were excluded from the final dataset but are made available with the original data.,,,,BIEN,http://onlinelibrary.wiley.com/doi/10.1002/ecy.1569/abstract,4563785,"Engemann, K",2026-03-28 23:42:38 UTC
Rhipsalis micrantha,Rhipsalis,Cactaceae,whole plant growth form,Non-woody epiphyte,,Species with multiple growth form classifications were assigned the growth form classification agreed upon by the majority (>2/3) of sources. Species with ambiguous or otherwise not interpretable growth form assignments were excluded from the final dataset but are made available with the original data.,,,,BIEN,http://onlinelibrary.wiley.com/doi/10.1002/ecy.1569/abstract,4563786,"Engemann, K",2026-03-28 23:42:38 UTC
Rhipsalis micrantha,Rhipsalis,Cactaceae,whole plant growth form diversity,Herb_Tree_Non-woody epiphyte,,Species with multiple growth form classifications were assigned the growth form classification agreed upon by the majority (>2/3) of sources. Species with ambiguous or otherwise not interpretable growth form assignments were excluded from the final dataset but are made available with the original data.,,,,BIEN,http://onlinelibrary.wiley.com/doi/10.1002/ecy.1569/abstract,4563787,"Engemann, K",2026-03-28 23:42:38 UTC
Rhipsalis occidentalis,Rhipsalis,Cactaceae,whole plant growth form,Non-woody epiphyte,,Species with multiple growth form classifications were assigned the growth form classification agreed upon by the majority (>2/3) of sources. Species with ambiguous or otherwise not interpretable growth form assignments were excluded from the final dataset but are made available with the original data.,,,,BIEN,http://onlinelibrary.wiley.com/doi/10.1002/ecy.1569/abstract,4563788,"Engemann, K",2026-03-28 23:42:38 UTC
Rhipsalis occidentalis,Rhipsalis,Cactaceae,whole plant growth form diversity,Non-woody epiphyte,,Species with multiple growth form classifications were assigned the growth form classification agreed upon by the majority (>2/3) of sources. Species with ambiguous or otherwise not interpretable growth form assignments were excluded from the final dataset but are made available with the original data.,,,,BIEN,http://onlinelibrary.wiley.com/doi/10.1002/ecy.1569/abstract,4563789,"Engemann, K",2026-03-28 23:42:38 UTC
Rhipsalis shaferi,Rhipsalis,Cactaceae,whole plant growth form,Non-woody epiphyte,,Species with multiple growth form classifications were assigned the growth form classification agreed upon by the majority (>2/3) of sources. Species with ambiguous or otherwise not interpretable growth form assignments were excluded from the final dataset but are made available with the original data.,,,,BIEN,http://onlinelibrary.wiley.com/doi/10.1002/ecy.1569/abstract,4563790,"Engemann, K",2026-03-28 23:42:38 UTC
Rhipsalis shaferi,Rhipsalis,Cactaceae,whole plant growth form diversity,Non-woody epiphyte,,Species with multiple growth form classifications were assigned the growth form classification agreed upon by the majority (>2/3) of sources. Species with ambiguous or otherwise not interpretable growth form assignments were excluded from the final dataset but are made available with the original data.,,,,BIEN,http://onlinelibrary.wiley.com/doi/10.1002/ecy.1569/abstract,4563791,"Engemann, K",2026-03-28 23:42:38 UTC
Rhipsalis tucumanensis,Rhipsalis,Cactaceae,whole plant growth form,Non-woody epiphyte,,Species with multiple growth form classifications were assigned the growth form classification agreed upon by the majority (>2/3) of sources. Species with ambiguous or otherwise not interpretable growth form assignments were excluded from the final dataset but are made available with the original data.,,,,BIEN,http://onlinelibrary.wiley.com/doi/10.1002/ecy.1569/abstract,4563792,"Engemann, K",2026-03-28 23:42:38 UTC
Rhipsalis simmleri,Rhipsalis,Cactaceae,whole plant growth form,Non-woody epiphyte,,Species with multiple growth form classifications were assigned the growth form classification agreed upon by the majority (>2/3) of sources. Species with ambiguous or otherwise not interpretable growth form assignments were excluded from the final dataset but are made available with the original data.,,,,BIEN,http://onlinelibrary.wiley.com/doi/10.1002/ecy.1569/abstract,4563793,"Engemann, K",2026-03-28 23:42:38 UTC
Rhipsalis simmleri,Rhipsalis,Cactaceae,whole plant growth form diversity,Non-woody epiphyte,,Species with multiple growth form classifications were assigned the growth form classification agreed upon by the majority (>2/3) of sources. Species with ambiguous or otherwise not interpretable growth form assignments were excluded from the final dataset but are made available with the original data.,,,,BIEN,http://onlinelibrary.wiley.com/doi/10.1002/ecy.1569/abstract,4563794,"Engemann, K",2026-03-28 23:42:38 UTC
Rhipsalis teres,Rhipsalis,Cactaceae,whole plant growth form diversity,Non-woody epiphyte,,Species with multiple growth form classifications were assigned the growth form classification agreed upon by the majority (>2/3) of sources. Species with ambiguous or otherwise not interpretable growth form assignments were excluded from the final dataset but are made available with the original data.,,,,BIEN,http://onlinelibrary.wiley.com/doi/10.1002/ecy.1569/abstract,4563795,"Engemann, K",2026-03-28 23:42:38 UTC
Rhipsalis tucumanensis,Rhipsalis,Cactaceae,whole plant growth form diversity,Non-woody epiphyte,,Species with multiple growth form classifications were assigned the growth form classification agreed upon by the majority (>2/3) of sources. Species with ambiguous or otherwise not interpretable growth form assignments were excluded from the final dataset but are made available with the original data.,,,,BIEN,http://onlinelibrary.wiley.com/doi/10.1002/ecy.1569/abstract,4563796,"Engemann, K",2026-03-28 23:42:38 UTC
Rhipsalis warmingiana,Rhipsalis,Cactaceae,whole plant growth form diversity,Tree_Non-woody epiphyte,,Species with multiple growth form classifications were assigned the growth form classification agreed upon by the majority (>2/3) of sources. Species with ambiguous or otherwise not interpretable growth form assignments were excluded from the final dataset but are made available with the original data.,,,,BIEN,http://onlinelibrary.wiley.com/doi/10.1002/ecy.1569/abstract,4563797,"Engemann, K",2026-03-28 23:42:38 UTC
Samaipaticereus corroanus,Samaipaticereus,Cactaceae,whole plant growth form,Tree,,Species with multiple growth form classifications were assigned the growth form classification agreed upon by the majority (>2/3) of sources. Species with ambiguous or otherwise not interpretable growth form assignments were excluded from the final dataset but are made available with the original data.,,,,BIEN,http://onlinelibrary.wiley.com/doi/10.1002/ecy.1569/abstract,4563798,"Engemann, K",2026-03-28 23:42:38 UTC
Samaipaticereus corroanus,Samaipaticereus,Cactaceae,whole plant growth form diversity,Tree,,Species with multiple growth form classifications were assigned the growth form classification agreed upon by the majority (>2/3) of sources. Species with ambiguous or otherwise not interpretable growth form assignments were excluded from the final dataset but are made available with the original data.,,,,BIEN,http://onlinelibrary.wiley.com/doi/10.1002/ecy.1569/abstract,4563799,"Engemann, K",2026-03-28 23:42:38 UTC
Sclerocactus nyensis,Sclerocactus,Cactaceae,whole plant growth form,Shrub,,Species with multiple growth form classifications were assigned the growth form classification agreed upon by the majority (>2/3) of sources. Species with ambiguous or otherwise not interpretable growth form assignments were excluded from the final dataset but are made available with the original data.,,,,BIEN,http://onlinelibrary.wiley.com/doi/10.1002/ecy.1569/abstract,4563812,"Engemann, K",2026-03-28 23:42:38 UTC
Schlumbergera obtusangula,Schlumbergera,Cactaceae,whole plant growth form,Woody epiphyte,,Species with multiple growth form classifications were assigned the growth form classification agreed upon by the majority (>2/3) of sources. Species with ambiguous or otherwise not interpretable growth form assignments were excluded from the final dataset but are made available with the original data.,,,,BIEN,http://onlinelibrary.wiley.com/doi/10.1002/ecy.1569/abstract,4563800,"Engemann, K",2026-03-28 23:42:38 UTC
Schlumbergera obtusangula,Schlumbergera,Cactaceae,whole plant growth form diversity,Woody epiphyte,,Species with multiple growth form classifications were assigned the growth form classification agreed upon by the majority (>2/3) of sources. Species with ambiguous or otherwise not interpretable growth form assignments were excluded from the final dataset but are made available with the original data.,,,,BIEN,http://onlinelibrary.wiley.com/doi/10.1002/ecy.1569/abstract,4563801,"Engemann, K",2026-03-28 23:42:38 UTC
Schlumbergera truncata,Schlumbergera,Cactaceae,whole plant growth form,Shrub,,Species with multiple growth form classifications were assigned the growth form classification agreed upon by the majority (>2/3) of sources. Species with ambiguous or otherwise not interpretable growth form assignments were excluded from the final dataset but are made available with the original data.,,,,BIEN,http://onlinelibrary.wiley.com/doi/10.1002/ecy.1569/abstract,4563802,"Engemann, K",2026-03-28 23:42:38 UTC
Schlumbergera truncata,Schlumbergera,Cactaceae,whole plant growth form diversity,Non-woody epiphyte_Shrub,,Species with multiple growth form classifications were assigned the growth form classification agreed upon by the majority (>2/3) of sources. Species with ambiguous or otherwise not interpretable growth form assignments were excluded from the final dataset but are made available with the original data.,,,,BIEN,http://onlinelibrary.wiley.com/doi/10.1002/ecy.1569/abstract,4563803,"Engemann, K",2026-03-28 23:42:38 UTC
Sclerocactus blainei,Sclerocactus,Cactaceae,whole plant growth form,Shrub,,Species with multiple growth form classifications were assigned the growth form classification agreed upon by the majority (>2/3) of sources. Species with ambiguous or otherwise not interpretable growth form assignments were excluded from the final dataset but are made available with the original data.,,,,BIEN,http://onlinelibrary.wiley.com/doi/10.1002/ecy.1569/abstract,4563804,"Engemann, K",2026-03-28 23:42:38 UTC
Sclerocactus blainei,Sclerocactus,Cactaceae,whole plant growth form diversity,Shrub,,Species with multiple growth form classifications were assigned the growth form classification agreed upon by the majority (>2/3) of sources. Species with ambiguous or otherwise not interpretable growth form assignments were excluded from the final dataset but are made available with the original data.,,,,BIEN,http://onlinelibrary.wiley.com/doi/10.1002/ecy.1569/abstract,4563805,"Engemann, K",2026-03-28 23:42:38 UTC
Sclerocactus brevispinus,Sclerocactus,Cactaceae,whole plant growth form,Shrub,,Species with multiple growth form classifications were assigned the growth form classification agreed upon by the majority (>2/3) of sources. Species with ambiguous or otherwise not interpretable growth form assignments were excluded from the final dataset but are made available with the original data.,,,,BIEN,http://onlinelibrary.wiley.com/doi/10.1002/ecy.1569/abstract,4563806,"Engemann, K",2026-03-28 23:42:38 UTC
Sclerocactus brevispinus,Sclerocactus,Cactaceae,whole plant growth form diversity,Shrub,,Species with multiple growth form classifications were assigned the growth form classification agreed upon by the majority (>2/3) of sources. Species with ambiguous or otherwise not interpretable growth form assignments were excluded from the final dataset but are made available with the original data.,,,,BIEN,http://onlinelibrary.wiley.com/doi/10.1002/ecy.1569/abstract,4563807,"Engemann, K",2026-03-28 23:42:38 UTC
Sclerocactus glaucus,Sclerocactus,Cactaceae,whole plant growth form,Shrub,,Species with multiple growth form classifications were assigned the growth form classification agreed upon by the majority (>2/3) of sources. Species with ambiguous or otherwise not interpretable growth form assignments were excluded from the final dataset but are made available with the original data.,,,,BIEN,http://onlinelibrary.wiley.com/doi/10.1002/ecy.1569/abstract,4563808,"Engemann, K",2026-03-28 23:42:38 UTC
Sclerocactus glaucus,Sclerocactus,Cactaceae,whole plant growth form diversity,Shrub,,Species with multiple growth form classifications were assigned the growth form classification agreed upon by the majority (>2/3) of sources. Species with ambiguous or otherwise not interpretable growth form assignments were excluded from the final dataset but are made available with the original data.,,,,BIEN,http://onlinelibrary.wiley.com/doi/10.1002/ecy.1569/abstract,4563809,"Engemann, K",2026-03-28 23:42:38 UTC
Sclerocactus mesae-verdae,Sclerocactus,Cactaceae,whole plant growth form,Shrub,,Species with multiple growth form classifications were assigned the growth form classification agreed upon by the majority (>2/3) of sources. Species with ambiguous or otherwise not interpretable growth form assignments were excluded from the final dataset but are made available with the original data.,,,,BIEN,http://onlinelibrary.wiley.com/doi/10.1002/ecy.1569/abstract,4563810,"Engemann, K",2026-03-28 23:42:38 UTC
Sclerocactus mesae-verdae,Sclerocactus,Cactaceae,whole plant growth form diversity,Shrub,,Species with multiple growth form classifications were assigned the growth form classification agreed upon by the majority (>2/3) of sources. Species with ambiguous or otherwise not interpretable growth form assignments were excluded from the final dataset but are made available with the original data.,,,,BIEN,http://onlinelibrary.wiley.com/doi/10.1002/ecy.1569/abstract,4563811,"Engemann, K",2026-03-28 23:42:38 UTC
Sclerocactus nyensis,Sclerocactus,Cactaceae,whole plant growth form diversity,Shrub,,Species with multiple growth form classifications were assigned the growth form classification agreed upon by the majority (>2/3) of sources. Species with ambiguous or otherwise not interpretable growth form assignments were excluded from the final dataset but are made available with the original data.,,,,BIEN,http://onlinelibrary.wiley.com/doi/10.1002/ecy.1569/abstract,4563813,"Engemann, K",2026-03-28 23:42:38 UTC
Sclerocactus papyracanthus,Sclerocactus,Cactaceae,whole plant growth form,Shrub,,Species with multiple growth form classifications were assigned the growth form classification agreed upon by the majority (>2/3) of sources. Species with ambiguous or otherwise not interpretable growth form assignments were excluded from the final dataset but are made available with the original data.,,,,BIEN,http://onlinelibrary.wiley.com/doi/10.1002/ecy.1569/abstract,4563814,"Engemann, K",2026-03-28 23:42:38 UTC
Sclerocactus papyracanthus,Sclerocactus,Cactaceae,whole plant growth form diversity,Shrub,,Species with multiple growth form classifications were assigned the growth form classification agreed upon by the majority (>2/3) of sources. Species with ambiguous or otherwise not interpretable growth form assignments were excluded from the final dataset but are made available with the original data.,,,,BIEN,http://onlinelibrary.wiley.com/doi/10.1002/ecy.1569/abstract,4563815,"Engemann, K",2026-03-28 23:42:38 UTC
Sclerocactus parviflorus,Sclerocactus,Cactaceae,whole plant growth form,Shrub,,Species with multiple growth form classifications were assigned the growth form classification agreed upon by the majority (>2/3) of sources. Species with ambiguous or otherwise not interpretable growth form assignments were excluded from the final dataset but are made available with the original data.,,,,BIEN,http://onlinelibrary.wiley.com/doi/10.1002/ecy.1569/abstract,4563816,"Engemann, K",2026-03-28 23:42:38 UTC
Sclerocactus parviflorus,Sclerocactus,Cactaceae,whole plant growth form diversity,Herb_Shrub,,Species with multiple growth form classifications were assigned the growth form classification agreed upon by the majority (>2/3) of sources. Species with ambiguous or otherwise not interpretable growth form assignments were excluded from the final dataset but are made available with the original data.,,,,BIEN,http://onlinelibrary.wiley.com/doi/10.1002/ecy.1569/abstract,4563817,"Engemann, K",2026-03-28 23:42:38 UTC
Sclerocactus polyancistrus,Sclerocactus,Cactaceae,whole plant growth form,Shrub,,Species with multiple growth form classifications were assigned the growth form classification agreed upon by the majority (>2/3) of sources. Species with ambiguous or otherwise not interpretable growth form assignments were excluded from the final dataset but are made available with the original data.,,,,BIEN,http://onlinelibrary.wiley.com/doi/10.1002/ecy.1569/abstract,4563818,"Engemann, K",2026-03-28 23:42:38 UTC
Sclerocactus polyancistrus,Sclerocactus,Cactaceae,whole plant growth form diversity,Shrub,,Species with multiple growth form classifications were assigned the growth form classification agreed upon by the majority (>2/3) of sources. Species with ambiguous or otherwise not interpretable growth form assignments were excluded from the final dataset but are made available with the original data.,,,,BIEN,http://onlinelibrary.wiley.com/doi/10.1002/ecy.1569/abstract,4563819,"Engemann, K",2026-03-28 23:42:38 UTC
Sclerocactus pubispinus,Sclerocactus,Cactaceae,whole plant growth form,Shrub,,Species with multiple growth form classifications were assigned the growth form classification agreed upon by the majority (>2/3) of sources. Species with ambiguous or otherwise not interpretable growth form assignments were excluded from the final dataset but are made available with the original data.,,,,BIEN,http://onlinelibrary.wiley.com/doi/10.1002/ecy.1569/abstract,4563820,"Engemann, K",2026-03-28 23:42:38 UTC
Sclerocactus pubispinus,Sclerocactus,Cactaceae,whole plant growth form diversity,Shrub,,Species with multiple growth form classifications were assigned the growth form classification agreed upon by the majority (>2/3) of sources. Species with ambiguous or otherwise not interpretable growth form assignments were excluded from the final dataset but are made available with the original data.,,,,BIEN,http://onlinelibrary.wiley.com/doi/10.1002/ecy.1569/abstract,4563821,"Engemann, K",2026-03-28 23:42:38 UTC
Sclerocactus scheeri,Sclerocactus,Cactaceae,whole plant growth form,Shrub,,Species with multiple growth form classifications were assigned the growth form classification agreed upon by the majority (>2/3) of sources. Species with ambiguous or otherwise not interpretable growth form assignments were excluded from the final dataset but are made available with the original data.,,,,BIEN,http://onlinelibrary.wiley.com/doi/10.1002/ecy.1569/abstract,4563822,"Engemann, K",2026-03-28 23:42:38 UTC
Sclerocactus scheeri,Sclerocactus,Cactaceae,whole plant growth form diversity,Shrub,,Species with multiple growth form classifications were assigned the growth form classification agreed upon by the majority (>2/3) of sources. Species with ambiguous or otherwise not interpretable growth form assignments were excluded from the final dataset but are made available with the original data.,,,,BIEN,http://onlinelibrary.wiley.com/doi/10.1002/ecy.1569/abstract,4563823,"Engemann, K",2026-03-28 23:42:38 UTC
Sclerocactus sileri,Sclerocactus,Cactaceae,whole plant growth form,Shrub,,Species with multiple growth form classifications were assigned the growth form classification agreed upon by the majority (>2/3) of sources. Species with ambiguous or otherwise not interpretable growth form assignments were excluded from the final dataset but are made available with the original data.,,,,BIEN,http://onlinelibrary.wiley.com/doi/10.1002/ecy.1569/abstract,4563824,"Engemann, K",2026-03-28 23:42:38 UTC
Sclerocactus sileri,Sclerocactus,Cactaceae,whole plant growth form diversity,Shrub,,Species with multiple growth form classifications were assigned the growth form classification agreed upon by the majority (>2/3) of sources. Species with ambiguous or otherwise not interpretable growth form assignments were excluded from the final dataset but are made available with the original data.,,,,BIEN,http://onlinelibrary.wiley.com/doi/10.1002/ecy.1569/abstract,4563825,"Engemann, K",2026-03-28 23:42:38 UTC
Sclerocactus spinosior,Sclerocactus,Cactaceae,whole plant growth form,Shrub,,Species with multiple growth form classifications were assigned the growth form classification agreed upon by the majority (>2/3) of sources. Species with ambiguous or otherwise not interpretable growth form assignments were excluded from the final dataset but are made available with the original data.,,,,BIEN,http://onlinelibrary.wiley.com/doi/10.1002/ecy.1569/abstract,4563826,"Engemann, K",2026-03-28 23:42:38 UTC
Sclerocactus spinosior,Sclerocactus,Cactaceae,whole plant growth form diversity,Shrub,,Species with multiple growth form classifications were assigned the growth form classification agreed upon by the majority (>2/3) of sources. Species with ambiguous or otherwise not interpretable growth form assignments were excluded from the final dataset but are made available with the original data.,,,,BIEN,http://onlinelibrary.wiley.com/doi/10.1002/ecy.1569/abstract,4563827,"Engemann, K",2026-03-28 23:42:38 UTC
Sclerocactus wetlandicus,Sclerocactus,Cactaceae,whole plant growth form,Shrub,,Species with multiple growth form classifications were assigned the growth form classification agreed upon by the majority (>2/3) of sources. Species with ambiguous or otherwise not interpretable growth form assignments were excluded from the final dataset but are made available with the original data.,,,,BIEN,http://onlinelibrary.wiley.com/doi/10.1002/ecy.1569/abstract,4563828,"Engemann, K",2026-03-28 23:42:38 UTC
Sclerocactus wetlandicus,Sclerocactus,Cactaceae,whole plant growth form diversity,Shrub,,Species with multiple growth form classifications were assigned the growth form classification agreed upon by the majority (>2/3) of sources. Species with ambiguous or otherwise not interpretable growth form assignments were excluded from the final dataset but are made available with the original data.,,,,BIEN,http://onlinelibrary.wiley.com/doi/10.1002/ecy.1569/abstract,4563829,"Engemann, K",2026-03-28 23:42:38 UTC
Sclerocactus whipplei,Sclerocactus,Cactaceae,whole plant growth form,Shrub,,Species with multiple growth form classifications were assigned the growth form classification agreed upon by the majority (>2/3) of sources. Species with ambiguous or otherwise not interpretable growth form assignments were excluded from the final dataset but are made available with the original data.,,,,BIEN,http://onlinelibrary.wiley.com/doi/10.1002/ecy.1569/abstract,4563830,"Engemann, K",2026-03-28 23:42:38 UTC
Sclerocactus whipplei,Sclerocactus,Cactaceae,whole plant growth form diversity,Shrub,,Species with multiple growth form classifications were assigned the growth form classification agreed upon by the majority (>2/3) of sources. Species with ambiguous or otherwise not interpretable growth form assignments were excluded from the final dataset but are made available with the original data.,,,,BIEN,http://onlinelibrary.wiley.com/doi/10.1002/ecy.1569/abstract,4563831,"Engemann, K",2026-03-28 23:42:38 UTC
Sclerocactus wrightiae,Sclerocactus,Cactaceae,whole plant growth form,Shrub,,Species with multiple growth form classifications were assigned the growth form classification agreed upon by the majority (>2/3) of sources. Species with ambiguous or otherwise not interpretable growth form assignments were excluded from the final dataset but are made available with the original data.,,,,BIEN,http://onlinelibrary.wiley.com/doi/10.1002/ecy.1569/abstract,4563832,"Engemann, K",2026-03-28 23:42:38 UTC
Selenicereus donkelaarii,Selenicereus,Cactaceae,whole plant growth form,Vine,,Species with multiple growth form classifications were assigned the growth form classification agreed upon by the majority (>2/3) of sources. Species with ambiguous or otherwise not interpretable growth form assignments were excluded from the final dataset but are made available with the original data.,,,,BIEN,http://onlinelibrary.wiley.com/doi/10.1002/ecy.1569/abstract,4563833,"Engemann, K",2026-03-28 23:42:38 UTC
Sclerocactus wrightiae,Sclerocactus,Cactaceae,whole plant growth form diversity,Shrub,,Species with multiple growth form classifications were assigned the growth form classification agreed upon by the majority (>2/3) of sources. Species with ambiguous or otherwise not interpretable growth form assignments were excluded from the final dataset but are made available with the original data.,,,,BIEN,http://onlinelibrary.wiley.com/doi/10.1002/ecy.1569/abstract,4563834,"Engemann, K",2026-03-28 23:42:38 UTC
Selenicereus coniflorus,Selenicereus,Cactaceae,whole plant growth form,Shrub,,Species with multiple growth form classifications were assigned the growth form classification agreed upon by the majority (>2/3) of sources. Species with ambiguous or otherwise not interpretable growth form assignments were excluded from the final dataset but are made available with the original data.,,,,BIEN,http://onlinelibrary.wiley.com/doi/10.1002/ecy.1569/abstract,4563835,"Engemann, K",2026-03-28 23:42:38 UTC
Selenicereus coniflorus,Selenicereus,Cactaceae,whole plant growth form diversity,Shrub,,Species with multiple growth form classifications were assigned the growth form classification agreed upon by the majority (>2/3) of sources. Species with ambiguous or otherwise not interpretable growth form assignments were excluded from the final dataset but are made available with the original data.,,,,BIEN,http://onlinelibrary.wiley.com/doi/10.1002/ecy.1569/abstract,4563836,"Engemann, K",2026-03-28 23:42:38 UTC
Selenicereus donkelaarii,Selenicereus,Cactaceae,whole plant growth form diversity,Herb_Vine,,Species with multiple growth form classifications were assigned the growth form classification agreed upon by the majority (>2/3) of sources. Species with ambiguous or otherwise not interpretable growth form assignments were excluded from the final dataset but are made available with the original data.,,,,BIEN,http://onlinelibrary.wiley.com/doi/10.1002/ecy.1569/abstract,4563837,"Engemann, K",2026-03-28 23:42:38 UTC
Selenicereus grandiflorus,Selenicereus,Cactaceae,whole plant growth form,Shrub,,Species with multiple growth form classifications were assigned the growth form classification agreed upon by the majority (>2/3) of sources. Species with ambiguous or otherwise not interpretable growth form assignments were excluded from the final dataset but are made available with the original data.,,,,BIEN,http://onlinelibrary.wiley.com/doi/10.1002/ecy.1569/abstract,4563838,"Engemann, K",2026-03-28 23:42:38 UTC
Stenocereus eichlamii,Stenocereus,Cactaceae,whole plant growth form,Tree,,Species with multiple growth form classifications were assigned the growth form classification agreed upon by the majority (>2/3) of sources. Species with ambiguous or otherwise not interpretable growth form assignments were excluded from the final dataset but are made available with the original data.,,,,BIEN,http://onlinelibrary.wiley.com/doi/10.1002/ecy.1569/abstract,4563839,"Engemann, K",2026-03-28 23:42:38 UTC
Selenicereus grandiflorus,Selenicereus,Cactaceae,whole plant growth form diversity,Non-woody epiphyte_Shrub,,Species with multiple growth form classifications were assigned the growth form classification agreed upon by the majority (>2/3) of sources. Species with ambiguous or otherwise not interpretable growth form assignments were excluded from the final dataset but are made available with the original data.,,,,BIEN,http://onlinelibrary.wiley.com/doi/10.1002/ecy.1569/abstract,4563840,"Engemann, K",2026-03-28 23:42:38 UTC
Selenicereus inermis,Selenicereus,Cactaceae,whole plant growth form,Vine,,Species with multiple growth form classifications were assigned the growth form classification agreed upon by the majority (>2/3) of sources. Species with ambiguous or otherwise not interpretable growth form assignments were excluded from the final dataset but are made available with the original data.,,,,BIEN,http://onlinelibrary.wiley.com/doi/10.1002/ecy.1569/abstract,4563841,"Engemann, K",2026-03-28 23:42:38 UTC
Selenicereus inermis,Selenicereus,Cactaceae,whole plant growth form diversity,Vine,,Species with multiple growth form classifications were assigned the growth form classification agreed upon by the majority (>2/3) of sources. Species with ambiguous or otherwise not interpretable growth form assignments were excluded from the final dataset but are made available with the original data.,,,,BIEN,http://onlinelibrary.wiley.com/doi/10.1002/ecy.1569/abstract,4563842,"Engemann, K",2026-03-28 23:42:38 UTC
Selenicereus macdonaldiae,Selenicereus,Cactaceae,whole plant growth form,Shrub,,Species with multiple growth form classifications were assigned the growth form classification agreed upon by the majority (>2/3) of sources. Species with ambiguous or otherwise not interpretable growth form assignments were excluded from the final dataset but are made available with the original data.,,,,BIEN,http://onlinelibrary.wiley.com/doi/10.1002/ecy.1569/abstract,4563843,"Engemann, K",2026-03-28 23:42:38 UTC
Selenicereus macdonaldiae,Selenicereus,Cactaceae,whole plant growth form diversity,Shrub,,Species with multiple growth form classifications were assigned the growth form classification agreed upon by the majority (>2/3) of sources. Species with ambiguous or otherwise not interpretable growth form assignments were excluded from the final dataset but are made available with the original data.,,,,BIEN,http://onlinelibrary.wiley.com/doi/10.1002/ecy.1569/abstract,4563844,"Engemann, K",2026-03-28 23:42:38 UTC
Selenicereus pteranthus,Selenicereus,Cactaceae,whole plant growth form,Shrub,,Species with multiple growth form classifications were assigned the growth form classification agreed upon by the majority (>2/3) of sources. Species with ambiguous or otherwise not interpretable growth form assignments were excluded from the final dataset but are made available with the original data.,,,,BIEN,http://onlinelibrary.wiley.com/doi/10.1002/ecy.1569/abstract,4563845,"Engemann, K",2026-03-28 23:42:38 UTC
Selenicereus pteranthus,Selenicereus,Cactaceae,whole plant growth form diversity,Shrub,,Species with multiple growth form classifications were assigned the growth form classification agreed upon by the majority (>2/3) of sources. Species with ambiguous or otherwise not interpretable growth form assignments were excluded from the final dataset but are made available with the original data.,,,,BIEN,http://onlinelibrary.wiley.com/doi/10.1002/ecy.1569/abstract,4563846,"Engemann, K",2026-03-28 23:42:38 UTC
Selenicereus wercklei,Selenicereus,Cactaceae,whole plant growth form,Non-woody epiphyte,,Species with multiple growth form classifications were assigned the growth form classification agreed upon by the majority (>2/3) of sources. Species with ambiguous or otherwise not interpretable growth form assignments were excluded from the final dataset but are made available with the original data.,,,,BIEN,http://onlinelibrary.wiley.com/doi/10.1002/ecy.1569/abstract,4563847,"Engemann, K",2026-03-28 23:42:38 UTC
Stenocereus eichlamii,Stenocereus,Cactaceae,whole plant growth form diversity,Tree,,Species with multiple growth form classifications were assigned the growth form classification agreed upon by the majority (>2/3) of sources. Species with ambiguous or otherwise not interpretable growth form assignments were excluded from the final dataset but are made available with the original data.,,,,BIEN,http://onlinelibrary.wiley.com/doi/10.1002/ecy.1569/abstract,4563848,"Engemann, K",2026-03-28 23:42:38 UTC
Stenocereus griseus,Stenocereus,Cactaceae,whole plant growth form,Tree,,Species with multiple growth form classifications were assigned the growth form classification agreed upon by the majority (>2/3) of sources. Species with ambiguous or otherwise not interpretable growth form assignments were excluded from the final dataset but are made available with the original data.,,,,BIEN,http://onlinelibrary.wiley.com/doi/10.1002/ecy.1569/abstract,4563849,"Engemann, K",2026-03-28 23:42:38 UTC
Subpilocereus mortensenii,Subpilocereus,Cactaceae,whole plant growth form,Tree,,Species with multiple growth form classifications were assigned the growth form classification agreed upon by the majority (>2/3) of sources. Species with ambiguous or otherwise not interpretable growth form assignments were excluded from the final dataset but are made available with the original data.,,,,BIEN,http://onlinelibrary.wiley.com/doi/10.1002/ecy.1569/abstract,4563850,"Engemann, K",2026-03-28 23:42:38 UTC
Stenocereus griseus,Stenocereus,Cactaceae,whole plant growth form diversity,Tree,,Species with multiple growth form classifications were assigned the growth form classification agreed upon by the majority (>2/3) of sources. Species with ambiguous or otherwise not interpretable growth form assignments were excluded from the final dataset but are made available with the original data.,,,,BIEN,http://onlinelibrary.wiley.com/doi/10.1002/ecy.1569/abstract,4563851,"Engemann, K",2026-03-28 23:42:38 UTC
Weberocereus glaber,Weberocereus,Cactaceae,whole plant growth form,Non-woody epiphyte,,Species with multiple growth form classifications were assigned the growth form classification agreed upon by the majority (>2/3) of sources. Species with ambiguous or otherwise not interpretable growth form assignments were excluded from the final dataset but are made available with the original data.,,,,BIEN,http://onlinelibrary.wiley.com/doi/10.1002/ecy.1569/abstract,4563852,"Engemann, K",2026-03-28 23:42:38 UTC
Stetsonia coryne,Stetsonia,Cactaceae,whole plant growth form,Tree,,Species with multiple growth form classifications were assigned the growth form classification agreed upon by the majority (>2/3) of sources. Species with ambiguous or otherwise not interpretable growth form assignments were excluded from the final dataset but are made available with the original data.,,,,BIEN,http://onlinelibrary.wiley.com/doi/10.1002/ecy.1569/abstract,4563857,"Engemann, K",2026-03-28 23:42:38 UTC
Stenocereus queretaroensis,Stenocereus,Cactaceae,whole plant growth form,Tree,,Species with multiple growth form classifications were assigned the growth form classification agreed upon by the majority (>2/3) of sources. Species with ambiguous or otherwise not interpretable growth form assignments were excluded from the final dataset but are made available with the original data.,,,,BIEN,http://onlinelibrary.wiley.com/doi/10.1002/ecy.1569/abstract,4563853,"Engemann, K",2026-03-28 23:42:38 UTC
Stenocereus queretaroensis,Stenocereus,Cactaceae,whole plant growth form diversity,Tree,,Species with multiple growth form classifications were assigned the growth form classification agreed upon by the majority (>2/3) of sources. Species with ambiguous or otherwise not interpretable growth form assignments were excluded from the final dataset but are made available with the original data.,,,,BIEN,http://onlinelibrary.wiley.com/doi/10.1002/ecy.1569/abstract,4563854,"Engemann, K",2026-03-28 23:42:38 UTC
Stenocereus thurberi,Stenocereus,Cactaceae,whole plant growth form,Tree,,Species with multiple growth form classifications were assigned the growth form classification agreed upon by the majority (>2/3) of sources. Species with ambiguous or otherwise not interpretable growth form assignments were excluded from the final dataset but are made available with the original data.,,,,BIEN,http://onlinelibrary.wiley.com/doi/10.1002/ecy.1569/abstract,4563855,"Engemann, K",2026-03-28 23:42:38 UTC
Stenocereus thurberi,Stenocereus,Cactaceae,whole plant growth form diversity,Tree,,Species with multiple growth form classifications were assigned the growth form classification agreed upon by the majority (>2/3) of sources. Species with ambiguous or otherwise not interpretable growth form assignments were excluded from the final dataset but are made available with the original data.,,,,BIEN,http://onlinelibrary.wiley.com/doi/10.1002/ecy.1569/abstract,4563856,"Engemann, K",2026-03-28 23:42:38 UTC
Stetsonia coryne,Stetsonia,Cactaceae,whole plant growth form diversity,Tree,,Species with multiple growth form classifications were assigned the growth form classification agreed upon by the majority (>2/3) of sources. Species with ambiguous or otherwise not interpretable growth form assignments were excluded from the final dataset but are made available with the original data.,,,,BIEN,http://onlinelibrary.wiley.com/doi/10.1002/ecy.1569/abstract,4563858,"Engemann, K",2026-03-28 23:42:38 UTC
Strophocactus wittii,Strophocactus,Cactaceae,whole plant growth form,Non-woody epiphyte,,Species with multiple growth form classifications were assigned the growth form classification agreed upon by the majority (>2/3) of sources. Species with ambiguous or otherwise not interpretable growth form assignments were excluded from the final dataset but are made available with the original data.,,,,BIEN,http://onlinelibrary.wiley.com/doi/10.1002/ecy.1569/abstract,4563859,"Engemann, K",2026-03-28 23:42:38 UTC
Strophocactus wittii,Strophocactus,Cactaceae,whole plant growth form diversity,Non-woody epiphyte,,Species with multiple growth form classifications were assigned the growth form classification agreed upon by the majority (>2/3) of sources. Species with ambiguous or otherwise not interpretable growth form assignments were excluded from the final dataset but are made available with the original data.,,,,BIEN,http://onlinelibrary.wiley.com/doi/10.1002/ecy.1569/abstract,4563860,"Engemann, K",2026-03-28 23:42:38 UTC
Subpilocereus mortensenii,Subpilocereus,Cactaceae,whole plant growth form diversity,Tree,,Species with multiple growth form classifications were assigned the growth form classification agreed upon by the majority (>2/3) of sources. Species with ambiguous or otherwise not interpretable growth form assignments were excluded from the final dataset but are made available with the original data.,,,,BIEN,http://onlinelibrary.wiley.com/doi/10.1002/ecy.1569/abstract,4563861,"Engemann, K",2026-03-28 23:42:38 UTC
Thelocactus bicolor,Thelocactus,Cactaceae,whole plant growth form diversity,Herb_Shrub,,Species with multiple growth form classifications were assigned the growth form classification agreed upon by the majority (>2/3) of sources. Species with ambiguous or otherwise not interpretable growth form assignments were excluded from the final dataset but are made available with the original data.,,,,BIEN,http://onlinelibrary.wiley.com/doi/10.1002/ecy.1569/abstract,4563862,"Engemann, K",2026-03-28 23:42:38 UTC
Subpilocereus repandus,Subpilocereus,Cactaceae,whole plant growth form,Tree,,Species with multiple growth form classifications were assigned the growth form classification agreed upon by the majority (>2/3) of sources. Species with ambiguous or otherwise not interpretable growth form assignments were excluded from the final dataset but are made available with the original data.,,,,BIEN,http://onlinelibrary.wiley.com/doi/10.1002/ecy.1569/abstract,4563863,"Engemann, K",2026-03-28 23:42:38 UTC
Subpilocereus repandus,Subpilocereus,Cactaceae,whole plant growth form diversity,Tree,,Species with multiple growth form classifications were assigned the growth form classification agreed upon by the majority (>2/3) of sources. Species with ambiguous or otherwise not interpretable growth form assignments were excluded from the final dataset but are made available with the original data.,,,,BIEN,http://onlinelibrary.wiley.com/doi/10.1002/ecy.1569/abstract,4563864,"Engemann, K",2026-03-28 23:42:38 UTC
Thelocactus bicolor,Thelocactus,Cactaceae,whole plant growth form,Shrub,,Species with multiple growth form classifications were assigned the growth form classification agreed upon by the majority (>2/3) of sources. Species with ambiguous or otherwise not interpretable growth form assignments were excluded from the final dataset but are made available with the original data.,,,,BIEN,http://onlinelibrary.wiley.com/doi/10.1002/ecy.1569/abstract,4563865,"Engemann, K",2026-03-28 23:42:38 UTC
Thelocactus setispinus,Thelocactus,Cactaceae,whole plant growth form,Shrub,,Species with multiple growth form classifications were assigned the growth form classification agreed upon by the majority (>2/3) of sources. Species with ambiguous or otherwise not interpretable growth form assignments were excluded from the final dataset but are made available with the original data.,,,,BIEN,http://onlinelibrary.wiley.com/doi/10.1002/ecy.1569/abstract,4563866,"Engemann, K",2026-03-28 23:42:38 UTC
Thelocactus setispinus,Thelocactus,Cactaceae,whole plant growth form diversity,Shrub,,Species with multiple growth form classifications were assigned the growth form classification agreed upon by the majority (>2/3) of sources. Species with ambiguous or otherwise not interpretable growth form assignments were excluded from the final dataset but are made available with the original data.,,,,BIEN,http://onlinelibrary.wiley.com/doi/10.1002/ecy.1569/abstract,4563867,"Engemann, K",2026-03-28 23:42:38 UTC
Trichocereus arboricola,Trichocereus,Cactaceae,whole plant growth form,Non-woody epiphyte,,Species with multiple growth form classifications were assigned the growth form classification agreed upon by the majority (>2/3) of sources. Species with ambiguous or otherwise not interpretable growth form assignments were excluded from the final dataset but are made available with the original data.,,,,BIEN,http://onlinelibrary.wiley.com/doi/10.1002/ecy.1569/abstract,4563868,"Engemann, K",2026-03-28 23:42:38 UTC
Trichocereus arboricola,Trichocereus,Cactaceae,whole plant growth form diversity,Non-woody epiphyte,,Species with multiple growth form classifications were assigned the growth form classification agreed upon by the majority (>2/3) of sources. Species with ambiguous or otherwise not interpretable growth form assignments were excluded from the final dataset but are made available with the original data.,,,,BIEN,http://onlinelibrary.wiley.com/doi/10.1002/ecy.1569/abstract,4563869,"Engemann, K",2026-03-28 23:42:38 UTC
Weberocereus biolleyi,Weberocereus,Cactaceae,whole plant growth form,Non-woody epiphyte,,Species with multiple growth form classifications were assigned the growth form classification agreed upon by the majority (>2/3) of sources. Species with ambiguous or otherwise not interpretable growth form assignments were excluded from the final dataset but are made available with the original data.,,,,BIEN,http://onlinelibrary.wiley.com/doi/10.1002/ecy.1569/abstract,4563870,"Engemann, K",2026-03-28 23:42:38 UTC
Weberocereus biolleyi,Weberocereus,Cactaceae,whole plant growth form diversity,Non-woody epiphyte,,Species with multiple growth form classifications were assigned the growth form classification agreed upon by the majority (>2/3) of sources. Species with ambiguous or otherwise not interpretable growth form assignments were excluded from the final dataset but are made available with the original data.,,,,BIEN,http://onlinelibrary.wiley.com/doi/10.1002/ecy.1569/abstract,4563871,"Engemann, K",2026-03-28 23:42:38 UTC
Weberocereus bradei,Weberocereus,Cactaceae,whole plant growth form,Non-woody epiphyte,,Species with multiple growth form classifications were assigned the growth form classification agreed upon by the majority (>2/3) of sources. Species with ambiguous or otherwise not interpretable growth form assignments were excluded from the final dataset but are made available with the original data.,,,,BIEN,http://onlinelibrary.wiley.com/doi/10.1002/ecy.1569/abstract,4563872,"Engemann, K",2026-03-28 23:42:38 UTC
Weberocereus bradei,Weberocereus,Cactaceae,whole plant growth form diversity,Tree_Non-woody epiphyte,,Species with multiple growth form classifications were assigned the growth form classification agreed upon by the majority (>2/3) of sources. Species with ambiguous or otherwise not interpretable growth form assignments were excluded from the final dataset but are made available with the original data.,,,,BIEN,http://onlinelibrary.wiley.com/doi/10.1002/ecy.1569/abstract,4563873,"Engemann, K",2026-03-28 23:42:38 UTC
Weberocereus glaber,Weberocereus,Cactaceae,whole plant growth form diversity,Non-woody epiphyte,,Species with multiple growth form classifications were assigned the growth form classification agreed upon by the majority (>2/3) of sources. Species with ambiguous or otherwise not interpretable growth form assignments were excluded from the final dataset but are made available with the original data.,,,,BIEN,http://onlinelibrary.wiley.com/doi/10.1002/ecy.1569/abstract,4563874,"Engemann, K",2026-03-28 23:42:38 UTC
Weberocereus imitans,Weberocereus,Cactaceae,whole plant growth form,Non-woody epiphyte,,Species with multiple growth form classifications were assigned the growth form classification agreed upon by the majority (>2/3) of sources. Species with ambiguous or otherwise not interpretable growth form assignments were excluded from the final dataset but are made available with the original data.,,,,BIEN,http://onlinelibrary.wiley.com/doi/10.1002/ecy.1569/abstract,4563875,"Engemann, K",2026-03-28 23:42:38 UTC
Weberocereus imitans,Weberocereus,Cactaceae,whole plant growth form diversity,Non-woody epiphyte,,Species with multiple growth form classifications were assigned the growth form classification agreed upon by the majority (>2/3) of sources. Species with ambiguous or otherwise not interpretable growth form assignments were excluded from the final dataset but are made available with the original data.,,,,BIEN,http://onlinelibrary.wiley.com/doi/10.1002/ecy.1569/abstract,4563876,"Engemann, K",2026-03-28 23:42:38 UTC
Weberocereus rosei,Weberocereus,Cactaceae,whole plant growth form,Herb,,Species with multiple growth form classifications were assigned the growth form classification agreed upon by the majority (>2/3) of sources. Species with ambiguous or otherwise not interpretable growth form assignments were excluded from the final dataset but are made available with the original data.,,,,BIEN,http://onlinelibrary.wiley.com/doi/10.1002/ecy.1569/abstract,4563877,"Engemann, K",2026-03-28 23:42:38 UTC
Weberocereus rosei,Weberocereus,Cactaceae,whole plant growth form diversity,Herb,,Species with multiple growth form classifications were assigned the growth form classification agreed upon by the majority (>2/3) of sources. Species with ambiguous or otherwise not interpretable growth form assignments were excluded from the final dataset but are made available with the original data.,,,,BIEN,http://onlinelibrary.wiley.com/doi/10.1002/ecy.1569/abstract,4563878,"Engemann, K",2026-03-28 23:42:38 UTC
Weberocereus tonduzii,Weberocereus,Cactaceae,whole plant growth form,Non-woody epiphyte,,Species with multiple growth form classifications were assigned the growth form classification agreed upon by the majority (>2/3) of sources. Species with ambiguous or otherwise not interpretable growth form assignments were excluded from the final dataset but are made available with the original data.,,,,BIEN,http://onlinelibrary.wiley.com/doi/10.1002/ecy.1569/abstract,4563879,"Engemann, K",2026-03-28 23:42:38 UTC
Weberocereus tonduzii,Weberocereus,Cactaceae,whole plant growth form diversity,Non-woody epiphyte,,Species with multiple growth form classifications were assigned the growth form classification agreed upon by the majority (>2/3) of sources. Species with ambiguous or otherwise not interpretable growth form assignments were excluded from the final dataset but are made available with the original data.,,,,BIEN,http://onlinelibrary.wiley.com/doi/10.1002/ecy.1569/abstract,4563880,"Engemann, K",2026-03-28 23:42:38 UTC
Weberocereus trichophorus,Weberocereus,Cactaceae,whole plant growth form,Non-woody epiphyte,,Species with multiple growth form classifications were assigned the growth form classification agreed upon by the majority (>2/3) of sources. Species with ambiguous or otherwise not interpretable growth form assignments were excluded from the final dataset but are made available with the original data.,,,,BIEN,http://onlinelibrary.wiley.com/doi/10.1002/ecy.1569/abstract,4563881,"Engemann, K",2026-03-28 23:42:38 UTC
Weberocereus trichophorus,Weberocereus,Cactaceae,whole plant growth form diversity,Non-woody epiphyte,,Species with multiple growth form classifications were assigned the growth form classification agreed upon by the majority (>2/3) of sources. Species with ambiguous or otherwise not interpretable growth form assignments were excluded from the final dataset but are made available with the original data.,,,,BIEN,http://onlinelibrary.wiley.com/doi/10.1002/ecy.1569/abstract,4563882,"Engemann, K",2026-03-28 23:42:38 UTC
Weberocereus tunilla,Weberocereus,Cactaceae,whole plant growth form,Non-woody epiphyte,,Species with multiple growth form classifications were assigned the growth form classification agreed upon by the majority (>2/3) of sources. Species with ambiguous or otherwise not interpretable growth form assignments were excluded from the final dataset but are made available with the original data.,,,,BIEN,http://onlinelibrary.wiley.com/doi/10.1002/ecy.1569/abstract,4563883,"Engemann, K",2026-03-28 23:42:38 UTC
Weberocereus tunilla,Weberocereus,Cactaceae,whole plant growth form diversity,Tree_Non-woody epiphyte,,Species with multiple growth form classifications were assigned the growth form classification agreed upon by the majority (>2/3) of sources. Species with ambiguous or otherwise not interpretable growth form assignments were excluded from the final dataset but are made available with the original data.,,,,BIEN,http://onlinelibrary.wiley.com/doi/10.1002/ecy.1569/abstract,4563884,"Engemann, K",2026-03-28 23:42:38 UTC
Schlumbergera truncata,Schlumbergera,Cactaceae,whole plant growth form,Shrub,,Species with multiple growth form classifications were assigned the growth form classification agreed upon by the majority (>2/3) of sources. Species with ambiguous or otherwise not interpretable growth form assignments were excluded from the final dataset but are made available with the original data.,,,,BIEN,http://onlinelibrary.wiley.com/doi/10.1002/ecy.1569/abstract,4563885,"Engemann, K",2026-03-28 23:42:38 UTC
Mammillaria melanocentra,Mammillaria,Cactaceae,whole plant growth form,Shrub,,Species with multiple growth form classifications were assigned the growth form classification agreed upon by the majority (>2/3) of sources. Species with ambiguous or otherwise not interpretable growth form assignments were excluded from the final dataset but are made available with the original data.,,,,BIEN,http://onlinelibrary.wiley.com/doi/10.1002/ecy.1569/abstract,4569585,"Engemann, K",2026-03-28 23:42:38 UTC
Mammillaria melanocentra,Mammillaria,Cactaceae,whole plant growth form diversity,Shrub,,Species with multiple growth form classifications were assigned the growth form classification agreed upon by the majority (>2/3) of sources. Species with ambiguous or otherwise not interpretable growth form assignments were excluded from the final dataset but are made available with the original data.,,,,BIEN,http://onlinelibrary.wiley.com/doi/10.1002/ecy.1569/abstract,4569586,"Engemann, K",2026-03-28 23:42:38 UTC
Pachycereus pecten-aboriginum,Pachycereus,Cactaceae,diameter at breast height (1.3 m),8,cm,,19.5,-105.05,,BIEN,https://bien.nceas.ucsb.edu/bien/,33560,James S. MIller,2026-03-28 23:42:38 UTC
Opuntia brasiliensis,Opuntia,Cactaceae,diameter at breast height (1.3 m),6,cm,,-17.7667,-63.0667,,BIEN,https://bien.nceas.ucsb.edu/bien/,47159,James S. MIller,2026-03-28 23:42:38 UTC
Pereskia aculeata,Pereskia,Cactaceae,diameter at breast height (1.3 m),3,cm,,-24.1333,-55.5333,,BIEN,https://bien.nceas.ucsb.edu/bien/,60362,James S. MIller,2026-03-28 23:42:38 UTC
Cleistocactus baumannii,Cleistocactus,Cactaceae,diameter at breast height (1.3 m),2.5,cm,,-18.7656,-62.2331,,BIEN,https://bien.nceas.ucsb.edu/bien/,60488,James S. MIller,2026-03-28 23:42:38 UTC
Stetsonia coryne,Stetsonia,Cactaceae,diameter at breast height (1.3 m),9,cm,,-18.7656,-62.2331,,BIEN,https://bien.nceas.ucsb.edu/bien/,60489,James S. MIller,2026-03-28 23:42:38 UTC
Stetsonia coryne,Stetsonia,Cactaceae,diameter at breast height (1.3 m),9,cm,,-18.7656,-62.2331,,BIEN,https://bien.nceas.ucsb.edu/bien/,60490,James S. MIller,2026-03-28 23:42:38 UTC
Stetsonia coryne,Stetsonia,Cactaceae,diameter at breast height (1.3 m),27,cm,,-18.7656,-62.2331,,BIEN,https://bien.nceas.ucsb.edu/bien/,60491,James S. MIller,2026-03-28 23:42:38 UTC
Stetsonia coryne,Stetsonia,Cactaceae,diameter at breast height (1.3 m),8,cm,,-18.7656,-62.2331,,BIEN,https://bien.nceas.ucsb.edu/bien/,60492,James S. MIller,2026-03-28 23:42:38 UTC
Stetsonia coryne,Stetsonia,Cactaceae,diameter at breast height (1.3 m),8,cm,,-18.7656,-62.2331,,BIEN,https://bien.nceas.ucsb.edu/bien/,60493,James S. MIller,2026-03-28 23:42:38 UTC
Pereskia guamacho,Pereskia,Cactaceae,diameter at breast height (1.3 m),5,cm,,10.8,-75.25,,BIEN,https://bien.nceas.ucsb.edu/bien/,71941,James S. MIller,2026-03-28 23:42:38 UTC
Pereskia guamacho,Pereskia,Cactaceae,diameter at breast height (1.3 m),2.5,cm,,10.8,-75.25,,BIEN,https://bien.nceas.ucsb.edu/bien/,71953,James S. MIller,2026-03-28 23:42:38 UTC
Acanthocereus tetragonus,Acanthocereus,Cactaceae,diameter at breast height (1.3 m),5,cm,,10.8,-75.25,,BIEN,https://bien.nceas.ucsb.edu/bien/,101381,James S. MIller,2026-03-28 23:42:38 UTC
Acanthocereus tetragonus,Acanthocereus,Cactaceae,diameter at breast height (1.3 m),5,cm,,10.8,-75.25,,BIEN,https://bien.nceas.ucsb.edu/bien/,101382,James S. MIller,2026-03-28 23:42:38 UTC
Stetsonia coryne,Stetsonia,Cactaceae,diameter at breast height (1.3 m),12,cm,,-19.7,-62.1,,BIEN,https://bien.nceas.ucsb.edu/bien/,101535,James S. MIller,2026-03-28 23:42:38 UTC
Stetsonia coryne,Stetsonia,Cactaceae,diameter at breast height (1.3 m),11,cm,,-19.7,-62.1,,BIEN,https://bien.nceas.ucsb.edu/bien/,101536,James S. MIller,2026-03-28 23:42:38 UTC
Cereus stenogonus,Cereus,Cactaceae,diameter at breast height (1.3 m),9,cm,,-18.7656,-62.2331,,BIEN,https://bien.nceas.ucsb.edu/bien/,112795,James S. MIller,2026-03-28 23:42:38 UTC
Cereus stenogonus,Cereus,Cactaceae,diameter at breast height (1.3 m),7,cm,,-18.7656,-62.2331,,BIEN,https://bien.nceas.ucsb.edu/bien/,112798,James S. MIller,2026-03-28 23:42:38 UTC
Cereus stenogonus,Cereus,Cactaceae,diameter at breast height (1.3 m),30,cm,,-18.7656,-62.2331,,BIEN,https://bien.nceas.ucsb.edu/bien/,112805,James S. MIller,2026-03-28 23:42:38 UTC
Cereus stenogonus,Cereus,Cactaceae,diameter at breast height (1.3 m),7,cm,,-18.7656,-62.2331,,BIEN,https://bien.nceas.ucsb.edu/bien/,112810,James S. MIller,2026-03-28 23:42:38 UTC
Cereus stenogonus,Cereus,Cactaceae,diameter at breast height (1.3 m),5,cm,,-18.7656,-62.2331,,BIEN,https://bien.nceas.ucsb.edu/bien/,112814,James S. MIller,2026-03-28 23:42:38 UTC
Cereus stenogonus,Cereus,Cactaceae,diameter at breast height (1.3 m),10,cm,,-18.7656,-62.2331,,BIEN,https://bien.nceas.ucsb.edu/bien/,112820,James S. MIller,2026-03-28 23:42:38 UTC
Cereus stenogonus,Cereus,Cactaceae,diameter at breast height (1.3 m),8,cm,,-18.7656,-62.2331,,BIEN,https://bien.nceas.ucsb.edu/bien/,112824,James S. MIller,2026-03-28 23:42:38 UTC
Cereus stenogonus,Cereus,Cactaceae,diameter at breast height (1.3 m),10,cm,,-18.7656,-62.2331,,BIEN,https://bien.nceas.ucsb.edu/bien/,112826,James S. MIller,2026-03-28 23:42:38 UTC
Cereus stenogonus,Cereus,Cactaceae,diameter at breast height (1.3 m),9,cm,,-18.7656,-62.2331,,BIEN,https://bien.nceas.ucsb.edu/bien/,112832,James S. MIller,2026-03-28 23:42:38 UTC
Cereus stenogonus,Cereus,Cactaceae,diameter at breast height (1.3 m),9,cm,,-18.7656,-62.2331,,BIEN,https://bien.nceas.ucsb.edu/bien/,112834,James S. MIller,2026-03-28 23:42:38 UTC
Cereus stenogonus,Cereus,Cactaceae,diameter at breast height (1.3 m),11,cm,,-18.7656,-62.2331,,BIEN,https://bien.nceas.ucsb.edu/bien/,112845,James S. MIller,2026-03-28 23:42:38 UTC
Cereus stenogonus,Cereus,Cactaceae,diameter at breast height (1.3 m),13,cm,,-18.7656,-62.2331,,BIEN,https://bien.nceas.ucsb.edu/bien/,112847,James S. MIller,2026-03-28 23:42:38 UTC
Cereus stenogonus,Cereus,Cactaceae,diameter at breast height (1.3 m),6,cm,,-18.7656,-62.2331,,BIEN,https://bien.nceas.ucsb.edu/bien/,112848,James S. MIller,2026-03-28 23:42:38 UTC
Hylocereus polyrhizus,Hylocereus,Cactaceae,diameter at breast height (1.3 m),4,cm,,-4.17,-80.587,,BIEN,https://bien.nceas.ucsb.edu/bien/,114640,James S. MIller,2026-03-28 23:42:38 UTC
Stetsonia coryne,Stetsonia,Cactaceae,diameter at breast height (1.3 m),16,cm,,-18.7656,-62.2331,,BIEN,https://bien.nceas.ucsb.edu/bien/,168722,James S. MIller,2026-03-28 23:42:38 UTC
Stetsonia coryne,Stetsonia,Cactaceae,diameter at breast height (1.3 m),17,cm,,-18.7656,-62.2331,,BIEN,https://bien.nceas.ucsb.edu/bien/,168723,James S. MIller,2026-03-28 23:42:38 UTC
Opuntia brasiliensis,Opuntia,Cactaceae,diameter at breast height (1.3 m),3,cm,,-14.5667,-68.4667,,BIEN,https://bien.nceas.ucsb.edu/bien/,181644,James S. MIller,2026-03-28 23:42:38 UTC
Opuntia brasiliensis,Opuntia,Cactaceae,diameter at breast height (1.3 m),3,cm,,-14.5667,-68.4667,,BIEN,https://bien.nceas.ucsb.edu/bien/,181645,James S. MIller,2026-03-28 23:42:38 UTC
Opuntia brasiliensis,Opuntia,Cactaceae,diameter at breast height (1.3 m),5,cm,,-14.5667,-68.4667,,BIEN,https://bien.nceas.ucsb.edu/bien/,181646,James S. MIller,2026-03-28 23:42:38 UTC
Opuntia brasiliensis,Opuntia,Cactaceae,diameter at breast height (1.3 m),7,cm,,-14.5667,-68.4667,,BIEN,https://bien.nceas.ucsb.edu/bien/,181647,James S. MIller,2026-03-28 23:42:38 UTC
Opuntia brasiliensis,Opuntia,Cactaceae,diameter at breast height (1.3 m),2.5,cm,,-14.5667,-68.4667,,BIEN,https://bien.nceas.ucsb.edu/bien/,181648,James S. MIller,2026-03-28 23:42:38 UTC
Stetsonia coryne,Stetsonia,Cactaceae,diameter at breast height (1.3 m),16,cm,,-18.7656,-62.2331,,BIEN,https://bien.nceas.ucsb.edu/bien/,181821,James S. MIller,2026-03-28 23:42:38 UTC
Pereskia guamacho,Pereskia,Cactaceae,diameter at breast height (1.3 m),2.5,cm,,10.8,-75.25,,BIEN,https://bien.nceas.ucsb.edu/bien/,209207,James S. MIller,2026-03-28 23:42:38 UTC
Pereskia guamacho,Pereskia,Cactaceae,diameter at breast height (1.3 m),2.5,cm,,10.8,-75.25,,BIEN,https://bien.nceas.ucsb.edu/bien/,209208,James S. MIller,2026-03-28 23:42:38 UTC
Pereskia guamacho,Pereskia,Cactaceae,diameter at breast height (1.3 m),5,cm,,10.8,-75.25,,BIEN,https://bien.nceas.ucsb.edu/bien/,209209,James S. MIller,2026-03-28 23:42:38 UTC
Pereskia guamacho,Pereskia,Cactaceae,diameter at breast height (1.3 m),2.5,cm,,10.8,-75.25,,BIEN,https://bien.nceas.ucsb.edu/bien/,209210,James S. MIller,2026-03-28 23:42:38 UTC
Pereskia guamacho,Pereskia,Cactaceae,diameter at breast height (1.3 m),2.5,cm,,10.8,-75.25,,BIEN,https://bien.nceas.ucsb.edu/bien/,235499,James S. MIller,2026-03-28 23:42:38 UTC
Pereskia guamacho,Pereskia,Cactaceae,diameter at breast height (1.3 m),2.5,cm,,10.8,-75.25,,BIEN,https://bien.nceas.ucsb.edu/bien/,235500,James S. MIller,2026-03-28 23:42:38 UTC
Pereskia guamacho,Pereskia,Cactaceae,diameter at breast height (1.3 m),18,cm,,10.8,-75.25,,BIEN,https://bien.nceas.ucsb.edu/bien/,235501,James S. MIller,2026-03-28 23:42:38 UTC
Pereskia guamacho,Pereskia,Cactaceae,diameter at breast height (1.3 m),7.5,cm,,10.8,-75.25,,BIEN,https://bien.nceas.ucsb.edu/bien/,235502,James S. MIller,2026-03-28 23:42:38 UTC
Pereskia guamacho,Pereskia,Cactaceae,diameter at breast height (1.3 m),10,cm,,10.8,-75.25,,BIEN,https://bien.nceas.ucsb.edu/bien/,235503,James S. MIller,2026-03-28 23:42:38 UTC
Hylocereus polyrhizus,Hylocereus,Cactaceae,diameter at breast height (1.3 m),4,cm,,-4.17,-80.587,,BIEN,https://bien.nceas.ucsb.edu/bien/,249794,James S. MIller,2026-03-28 23:42:38 UTC
Stetsonia coryne,Stetsonia,Cactaceae,diameter at breast height (1.3 m),48,cm,,-19.7,-62.1,,BIEN,https://bien.nceas.ucsb.edu/bien/,250078,James S. MIller,2026-03-28 23:42:38 UTC
Cereus repandus,Cereus,Cactaceae,diameter at breast height (1.3 m),6,cm,,-18.7656,-62.2331,,BIEN,https://bien.nceas.ucsb.edu/bien/,261343,James S. MIller,2026-03-28 23:42:38 UTC
Pereskia guamacho,Pereskia,Cactaceae,diameter at breast height (1.3 m),20,cm,,10.8,-75.25,,BIEN,https://bien.nceas.ucsb.edu/bien/,274483,James S. MIller,2026-03-28 23:42:38 UTC
Pereskia guamacho,Pereskia,Cactaceae,diameter at breast height (1.3 m),23,cm,,10.8,-75.25,,BIEN,https://bien.nceas.ucsb.edu/bien/,275377,James S. MIller,2026-03-28 23:42:38 UTC
Opuntia brasiliensis,Opuntia,Cactaceae,diameter at breast height (1.3 m),5,cm,,-14.5667,-68.4667,,BIEN,https://bien.nceas.ucsb.edu/bien/,330040,James S. MIller,2026-03-28 23:42:38 UTC
Opuntia brasiliensis,Opuntia,Cactaceae,diameter at breast height (1.3 m),3,cm,,-14.5667,-68.4667,,BIEN,https://bien.nceas.ucsb.edu/bien/,330041,James S. MIller,2026-03-28 23:42:38 UTC
Opuntia brasiliensis,Opuntia,Cactaceae,diameter at breast height (1.3 m),2.5,cm,,-14.5667,-68.4667,,BIEN,https://bien.nceas.ucsb.edu/bien/,330042,James S. MIller,2026-03-28 23:42:38 UTC
Opuntia brasiliensis,Opuntia,Cactaceae,diameter at breast height (1.3 m),3,cm,,-14.5667,-68.4667,,BIEN,https://bien.nceas.ucsb.edu/bien/,330044,James S. MIller,2026-03-28 23:42:38 UTC
Opuntia brasiliensis,Opuntia,Cactaceae,diameter at breast height (1.3 m),5,cm,,-14.5667,-68.4667,,BIEN,https://bien.nceas.ucsb.edu/bien/,330046,James S. MIller,2026-03-28 23:42:38 UTC
Opuntia brasiliensis,Opuntia,Cactaceae,diameter at breast height (1.3 m),2.5,cm,,-14.5667,-68.4667,,BIEN,https://bien.nceas.ucsb.edu/bien/,330047,James S. MIller,2026-03-28 23:42:38 UTC
Opuntia brasiliensis,Opuntia,Cactaceae,diameter at breast height (1.3 m),3,cm,,-14.5667,-68.4667,,BIEN,https://bien.nceas.ucsb.edu/bien/,330048,James S. MIller,2026-03-28 23:42:38 UTC
Opuntia brasiliensis,Opuntia,Cactaceae,diameter at breast height (1.3 m),2.5,cm,,-14.5667,-68.4667,,BIEN,https://bien.nceas.ucsb.edu/bien/,330049,James S. MIller,2026-03-28 23:42:38 UTC
Cereus peruvianus,Cereus,Cactaceae,diameter at breast height (1.3 m),2.5,cm,,-19.7,-62.1,,BIEN,https://bien.nceas.ucsb.edu/bien/,355693,James S. MIller,2026-03-28 23:42:38 UTC
Cereus repandus,Cereus,Cactaceae,diameter at breast height (1.3 m),4,cm,,-18.7656,-62.2331,,BIEN,https://bien.nceas.ucsb.edu/bien/,371053,James S. MIller,2026-03-28 23:42:38 UTC
Cereus repandus,Cereus,Cactaceae,diameter at breast height (1.3 m),3,cm,,-18.7656,-62.2331,,BIEN,https://bien.nceas.ucsb.edu/bien/,371054,James S. MIller,2026-03-28 23:42:38 UTC
Pereskia guamacho,Pereskia,Cactaceae,diameter at breast height (1.3 m),2.5,cm,,10.8,-75.25,,BIEN,https://bien.nceas.ucsb.edu/bien/,395536,James S. MIller,2026-03-28 23:42:38 UTC
Pereskia guamacho,Pereskia,Cactaceae,diameter at breast height (1.3 m),8,cm,,10.8,-75.25,,BIEN,https://bien.nceas.ucsb.edu/bien/,395539,James S. MIller,2026-03-28 23:42:38 UTC
Pereskia guamacho,Pereskia,Cactaceae,diameter at breast height (1.3 m),2.5,cm,,10.8,-75.25,,BIEN,https://bien.nceas.ucsb.edu/bien/,395540,James S. MIller,2026-03-28 23:42:38 UTC
Pereskia guamacho,Pereskia,Cactaceae,diameter at breast height (1.3 m),5,cm,,10.8,-75.25,,BIEN,https://bien.nceas.ucsb.edu/bien/,395544,James S. MIller,2026-03-28 23:42:38 UTC
Pereskia guamacho,Pereskia,Cactaceae,diameter at breast height (1.3 m),8,cm,,10.8,-75.25,,BIEN,https://bien.nceas.ucsb.edu/bien/,395546,James S. MIller,2026-03-28 23:42:38 UTC
Pereskia guamacho,Pereskia,Cactaceae,diameter at breast height (1.3 m),5,cm,,10.8,-75.25,,BIEN,https://bien.nceas.ucsb.edu/bien/,395547,James S. MIller,2026-03-28 23:42:38 UTC
Pereskia guamacho,Pereskia,Cactaceae,diameter at breast height (1.3 m),10,cm,,10.8,-75.25,,BIEN,https://bien.nceas.ucsb.edu/bien/,395559,James S. MIller,2026-03-28 23:42:38 UTC
Monvillea cavendishii,Monvillea,Cactaceae,diameter at breast height (1.3 m),2.5,cm,,-18.7656,-62.2331,,BIEN,https://bien.nceas.ucsb.edu/bien/,397661,James S. MIller,2026-03-28 23:42:38 UTC
Monvillea cavendishii,Monvillea,Cactaceae,diameter at breast height (1.3 m),3,cm,,-18.7656,-62.2331,,BIEN,https://bien.nceas.ucsb.edu/bien/,397662,James S. MIller,2026-03-28 23:42:38 UTC
Cereus stenogonus,Cereus,Cactaceae,diameter at breast height (1.3 m),13,cm,,-18.7656,-62.2331,,BIEN,https://bien.nceas.ucsb.edu/bien/,425415,James S. MIller,2026-03-28 23:42:38 UTC
Pachycereus pecten-aboriginum,Pachycereus,Cactaceae,diameter at breast height (1.3 m),20,cm,,19.5,-105.05,,BIEN,https://bien.nceas.ucsb.edu/bien/,451516,James S. MIller,2026-03-28 23:42:38 UTC
Opuntia brasiliensis,Opuntia,Cactaceae,diameter at breast height (1.3 m),7,cm,,-14.5667,-68.4667,,BIEN,https://bien.nceas.ucsb.edu/bien/,492153,James S. MIller,2026-03-28 23:42:38 UTC
Opuntia brasiliensis,Opuntia,Cactaceae,diameter at breast height (1.3 m),4,cm,,-14.5667,-68.4667,,BIEN,https://bien.nceas.ucsb.edu/bien/,492154,James S. MIller,2026-03-28 23:42:38 UTC
Opuntia brasiliensis,Opuntia,Cactaceae,diameter at breast height (1.3 m),3,cm,,-14.5667,-68.4667,,BIEN,https://bien.nceas.ucsb.edu/bien/,492155,James S. MIller,2026-03-28 23:42:38 UTC
Opuntia brasiliensis,Opuntia,Cactaceae,diameter at breast height (1.3 m),2.5,cm,,-14.5667,-68.4667,,BIEN,https://bien.nceas.ucsb.edu/bien/,492156,James S. MIller,2026-03-28 23:42:38 UTC
Opuntia brasiliensis,Opuntia,Cactaceae,diameter at breast height (1.3 m),5,cm,,-14.5667,-68.4667,,BIEN,https://bien.nceas.ucsb.edu/bien/,492157,James S. MIller,2026-03-28 23:42:38 UTC
Opuntia brasiliensis,Opuntia,Cactaceae,diameter at breast height (1.3 m),5,cm,,-14.5667,-68.4667,,BIEN,https://bien.nceas.ucsb.edu/bien/,492158,James S. MIller,2026-03-28 23:42:38 UTC
Opuntia brasiliensis,Opuntia,Cactaceae,diameter at breast height (1.3 m),5,cm,,-14.5667,-68.4667,,BIEN,https://bien.nceas.ucsb.edu/bien/,492159,James S. MIller,2026-03-28 23:42:38 UTC
Opuntia brasiliensis,Opuntia,Cactaceae,diameter at breast height (1.3 m),3,cm,,-14.5667,-68.4667,,BIEN,https://bien.nceas.ucsb.edu/bien/,492160,James S. MIller,2026-03-28 23:42:38 UTC
Opuntia brasiliensis,Opuntia,Cactaceae,diameter at breast height (1.3 m),5,cm,,-14.5667,-68.4667,,BIEN,https://bien.nceas.ucsb.edu/bien/,492161,James S. MIller,2026-03-28 23:42:38 UTC
Opuntia brasiliensis,Opuntia,Cactaceae,diameter at breast height (1.3 m),3,cm,,-14.5667,-68.4667,,BIEN,https://bien.nceas.ucsb.edu/bien/,492162,James S. MIller,2026-03-28 23:42:38 UTC
Cereus repandus,Cereus,Cactaceae,diameter at breast height (1.3 m),4,cm,,-18.7656,-62.2331,,BIEN,https://bien.nceas.ucsb.edu/bien/,586687,James S. MIller,2026-03-28 23:42:38 UTC
Cereus repandus,Cereus,Cactaceae,diameter at breast height (1.3 m),4,cm,,-18.7656,-62.2331,,BIEN,https://bien.nceas.ucsb.edu/bien/,586688,James S. MIller,2026-03-28 23:42:38 UTC
Cereus repandus,Cereus,Cactaceae,diameter at breast height (1.3 m),4,cm,,-18.7656,-62.2331,,BIEN,https://bien.nceas.ucsb.edu/bien/,586690,James S. MIller,2026-03-28 23:42:38 UTC
Quiabentia verticillata,Quiabentia,Cactaceae,diameter at breast height (1.3 m),8,cm,,-19.7,-62.1,,BIEN,https://bien.nceas.ucsb.edu/bien/,613462,James S. MIller,2026-03-28 23:42:38 UTC
Quiabentia verticillata,Quiabentia,Cactaceae,diameter at breast height (1.3 m),15,cm,,-19.7,-62.1,,BIEN,https://bien.nceas.ucsb.edu/bien/,613463,James S. MIller,2026-03-28 23:42:38 UTC
Opuntia excelsa,Opuntia,Cactaceae,diameter at breast height (1.3 m),6,cm,,19.5,-105.05,,BIEN,https://bien.nceas.ucsb.edu/bien/,640168,James S. MIller,2026-03-28 23:42:38 UTC
Opuntia excelsa,Opuntia,Cactaceae,diameter at breast height (1.3 m),11,cm,,19.5,-105.05,,BIEN,https://bien.nceas.ucsb.edu/bien/,640169,James S. MIller,2026-03-28 23:42:38 UTC
Pereskia guamacho,Pereskia,Cactaceae,diameter at breast height (1.3 m),5,cm,,10.8,-75.25,,BIEN,https://bien.nceas.ucsb.edu/bien/,640421,James S. MIller,2026-03-28 23:42:38 UTC
Pereskia guamacho,Pereskia,Cactaceae,diameter at breast height (1.3 m),15,cm,,10.8,-75.25,,BIEN,https://bien.nceas.ucsb.edu/bien/,640422,James S. MIller,2026-03-28 23:42:38 UTC
Pereskia guamacho,Pereskia,Cactaceae,diameter at breast height (1.3 m),2.5,cm,,10.8,-75.25,,BIEN,https://bien.nceas.ucsb.edu/bien/,640423,James S. MIller,2026-03-28 23:42:38 UTC
Pereskia guamacho,Pereskia,Cactaceae,diameter at breast height (1.3 m),8,cm,,10.8,-75.25,,BIEN,https://bien.nceas.ucsb.edu/bien/,640424,James S. MIller,2026-03-28 23:42:38 UTC
Pereskia guamacho,Pereskia,Cactaceae,diameter at breast height (1.3 m),2.5,cm,,10.8,-75.25,,BIEN,https://bien.nceas.ucsb.edu/bien/,640425,James S. MIller,2026-03-28 23:42:38 UTC
Pereskia guamacho,Pereskia,Cactaceae,diameter at breast height (1.3 m),5,cm,,10.8,-75.25,,BIEN,https://bien.nceas.ucsb.edu/bien/,640426,James S. MIller,2026-03-28 23:42:38 UTC
Pereskia guamacho,Pereskia,Cactaceae,diameter at breast height (1.3 m),2.5,cm,,10.8,-75.25,,BIEN,https://bien.nceas.ucsb.edu/bien/,640427,James S. MIller,2026-03-28 23:42:38 UTC
Pereskia guamacho,Pereskia,Cactaceae,diameter at breast height (1.3 m),2.5,cm,,10.8,-75.25,,BIEN,https://bien.nceas.ucsb.edu/bien/,640429,James S. MIller,2026-03-28 23:42:38 UTC
Pereskia guamacho,Pereskia,Cactaceae,diameter at breast height (1.3 m),8,cm,,10.8,-75.25,,BIEN,https://bien.nceas.ucsb.edu/bien/,640430,James S. MIller,2026-03-28 23:42:38 UTC
Pereskia guamacho,Pereskia,Cactaceae,diameter at breast height (1.3 m),8,cm,,10.8,-75.25,,BIEN,https://bien.nceas.ucsb.edu/bien/,640431,James S. MIller,2026-03-28 23:42:38 UTC
Pereskia guamacho,Pereskia,Cactaceae,diameter at breast height (1.3 m),15,cm,,10.8,-75.25,,BIEN,https://bien.nceas.ucsb.edu/bien/,640432,James S. MIller,2026-03-28 23:42:38 UTC
Pereskia guamacho,Pereskia,Cactaceae,diameter at breast height (1.3 m),8,cm,,10.8,-75.25,,BIEN,https://bien.nceas.ucsb.edu/bien/,640433,James S. MIller,2026-03-28 23:42:38 UTC
Pereskia guamacho,Pereskia,Cactaceae,diameter at breast height (1.3 m),8,cm,,10.8,-75.25,,BIEN,https://bien.nceas.ucsb.edu/bien/,640434,James S. MIller,2026-03-28 23:42:38 UTC
Acanthocereus tetragonus,Acanthocereus,Cactaceae,diameter at breast height (1.3 m),5,cm,,10.8,-75.25,,BIEN,https://bien.nceas.ucsb.edu/bien/,667144,James S. MIller,2026-03-28 23:42:38 UTC
Acanthocereus tetragonus,Acanthocereus,Cactaceae,diameter at breast height (1.3 m),5,cm,,10.8,-75.25,,BIEN,https://bien.nceas.ucsb.edu/bien/,667145,James S. MIller,2026-03-28 23:42:38 UTC
Acanthocereus tetragonus,Acanthocereus,Cactaceae,diameter at breast height (1.3 m),5,cm,,10.8,-75.25,,BIEN,https://bien.nceas.ucsb.edu/bien/,667146,James S. MIller,2026-03-28 23:42:38 UTC
Cereus jamacaru,Cereus,Cactaceae,diameter at breast height (1.3 m),7,cm,,8.56667,-67.5833,,BIEN,https://bien.nceas.ucsb.edu/bien/,679005,James S. MIller,2026-03-28 23:42:38 UTC
Selenicereus monacanthus,Selenicereus,Cactaceae,diameter at breast height (1.3 m),3,cm,,10.38,-73.094,,BIEN,https://bien.nceas.ucsb.edu/bien/,680824,James S. MIller,2026-03-28 23:42:38 UTC
Opuntia brasiliensis,Opuntia,Cactaceae,diameter at breast height (1.3 m),3,cm,,-14.5667,-68.4667,,BIEN,https://bien.nceas.ucsb.edu/bien/,721105,James S. MIller,2026-03-28 23:42:38 UTC
Opuntia brasiliensis,Opuntia,Cactaceae,diameter at breast height (1.3 m),2.5,cm,,-14.5667,-68.4667,,BIEN,https://bien.nceas.ucsb.edu/bien/,721106,James S. MIller,2026-03-28 23:42:38 UTC
Opuntia brasiliensis,Opuntia,Cactaceae,diameter at breast height (1.3 m),2.5,cm,,-14.5667,-68.4667,,BIEN,https://bien.nceas.ucsb.edu/bien/,721107,James S. MIller,2026-03-28 23:42:38 UTC
Opuntia brasiliensis,Opuntia,Cactaceae,diameter at breast height (1.3 m),3,cm,,-14.5667,-68.4667,,BIEN,https://bien.nceas.ucsb.edu/bien/,721108,James S. MIller,2026-03-28 23:42:38 UTC
Opuntia brasiliensis,Opuntia,Cactaceae,diameter at breast height (1.3 m),3,cm,,-14.5667,-68.4667,,BIEN,https://bien.nceas.ucsb.edu/bien/,721109,James S. MIller,2026-03-28 23:42:38 UTC
Opuntia brasiliensis,Opuntia,Cactaceae,diameter at breast height (1.3 m),5,cm,,-14.5667,-68.4667,,BIEN,https://bien.nceas.ucsb.edu/bien/,721110,James S. MIller,2026-03-28 23:42:38 UTC
Opuntia brasiliensis,Opuntia,Cactaceae,diameter at breast height (1.3 m),2.5,cm,,-14.5667,-68.4667,,BIEN,https://bien.nceas.ucsb.edu/bien/,721112,James S. MIller,2026-03-28 23:42:38 UTC
Opuntia brasiliensis,Opuntia,Cactaceae,diameter at breast height (1.3 m),3,cm,,-14.5667,-68.4667,,BIEN,https://bien.nceas.ucsb.edu/bien/,721113,James S. MIller,2026-03-28 23:42:38 UTC
Opuntia brasiliensis,Opuntia,Cactaceae,diameter at breast height (1.3 m),3,cm,,-14.5667,-68.4667,,BIEN,https://bien.nceas.ucsb.edu/bien/,721114,James S. MIller,2026-03-28 23:42:38 UTC
Pereskia guamacho,Pereskia,Cactaceae,diameter at breast height (1.3 m),13,cm,,10.8,-75.25,,BIEN,https://bien.nceas.ucsb.edu/bien/,721173,James S. MIller,2026-03-28 23:42:38 UTC
Pereskia guamacho,Pereskia,Cactaceae,diameter at breast height (1.3 m),10,cm,,10.8,-75.25,,BIEN,https://bien.nceas.ucsb.edu/bien/,721174,James S. MIller,2026-03-28 23:42:38 UTC
Pereskia guamacho,Pereskia,Cactaceae,diameter at breast height (1.3 m),2.5,cm,,10.8,-75.25,,BIEN,https://bien.nceas.ucsb.edu/bien/,721175,James S. MIller,2026-03-28 23:42:38 UTC
Pachycereus pecten-aboriginum,Pachycereus,Cactaceae,diameter at breast height (1.3 m),17,cm,,19.5,-105.05,,BIEN,https://bien.nceas.ucsb.edu/bien/,734690,James S. MIller,2026-03-28 23:42:38 UTC
Pachycereus pecten-aboriginum,Pachycereus,Cactaceae,diameter at breast height (1.3 m),24,cm,,19.5,-105.05,,BIEN,https://bien.nceas.ucsb.edu/bien/,734691,James S. MIller,2026-03-28 23:42:38 UTC
Pachycereus pecten-aboriginum,Pachycereus,Cactaceae,diameter at breast height (1.3 m),17,cm,,19.5,-105.05,,BIEN,https://bien.nceas.ucsb.edu/bien/,734692,James S. MIller,2026-03-28 23:42:38 UTC
Cereus repandus,Cereus,Cactaceae,diameter at breast height (1.3 m),4,cm,,-18.7656,-62.2331,,BIEN,https://bien.nceas.ucsb.edu/bien/,735086,James S. MIller,2026-03-28 23:42:38 UTC
Pereskia guamacho,Pereskia,Cactaceae,diameter at breast height (1.3 m),7.5,cm,,10.8,-75.25,,BIEN,https://bien.nceas.ucsb.edu/bien/,746988,James S. MIller,2026-03-28 23:42:38 UTC
Pereskia guamacho,Pereskia,Cactaceae,diameter at breast height (1.3 m),2.5,cm,,10.8,-75.25,,BIEN,https://bien.nceas.ucsb.edu/bien/,746989,James S. MIller,2026-03-28 23:42:38 UTC
Pereskia guamacho,Pereskia,Cactaceae,diameter at breast height (1.3 m),2.5,cm,,10.8,-75.25,,BIEN,https://bien.nceas.ucsb.edu/bien/,747003,James S. MIller,2026-03-28 23:42:38 UTC
Pereskia guamacho,Pereskia,Cactaceae,diameter at breast height (1.3 m),2.5,cm,,10.8,-75.25,,BIEN,https://bien.nceas.ucsb.edu/bien/,747042,James S. MIller,2026-03-28 23:42:38 UTC
Pereskia guamacho,Pereskia,Cactaceae,diameter at breast height (1.3 m),5,cm,,10.8,-75.25,,BIEN,https://bien.nceas.ucsb.edu/bien/,747044,James S. MIller,2026-03-28 23:42:38 UTC
Pereskia guamacho,Pereskia,Cactaceae,diameter at breast height (1.3 m),2.5,cm,,10.8,-75.25,,BIEN,https://bien.nceas.ucsb.edu/bien/,747050,James S. MIller,2026-03-28 23:42:38 UTC
Pereskia guamacho,Pereskia,Cactaceae,diameter at breast height (1.3 m),5,cm,,10.8,-75.25,,BIEN,https://bien.nceas.ucsb.edu/bien/,748532,James S. MIller,2026-03-28 23:42:38 UTC
Pereskia sacharosa,Pereskia,Cactaceae,diameter at breast height (1.3 m),6,cm,,-19.7,-62.1,,BIEN,https://bien.nceas.ucsb.edu/bien/,815557,James S. MIller,2026-03-28 23:42:38 UTC
Pereskia sacharosa,Pereskia,Cactaceae,diameter at breast height (1.3 m),4,cm,,-19.7,-62.1,,BIEN,https://bien.nceas.ucsb.edu/bien/,815558,James S. MIller,2026-03-28 23:42:38 UTC
Stetsonia coryne,Stetsonia,Cactaceae,diameter at breast height (1.3 m),17,cm,,-18.7656,-62.2331,,BIEN,https://bien.nceas.ucsb.edu/bien/,815573,James S. MIller,2026-03-28 23:42:38 UTC
Stetsonia coryne,Stetsonia,Cactaceae,diameter at breast height (1.3 m),12,cm,,-18.7656,-62.2331,,BIEN,https://bien.nceas.ucsb.edu/bien/,815574,James S. MIller,2026-03-28 23:42:38 UTC
Stetsonia coryne,Stetsonia,Cactaceae,diameter at breast height (1.3 m),16,cm,,-18.7656,-62.2331,,BIEN,https://bien.nceas.ucsb.edu/bien/,815575,James S. MIller,2026-03-28 23:42:38 UTC
Stetsonia coryne,Stetsonia,Cactaceae,diameter at breast height (1.3 m),9,cm,,-18.7656,-62.2331,,BIEN,https://bien.nceas.ucsb.edu/bien/,815576,James S. MIller,2026-03-28 23:42:38 UTC
Cereus uruguayanus,Cereus,Cactaceae,diameter at breast height (1.3 m),10.65,cm,,-34.087,-53.75,,BIEN,https://bien.nceas.ucsb.edu/bien/,870219,Mauricio Bonifacino,2026-03-28 23:42:38 UTC
Pereskia guamacho,Pereskia,Cactaceae,diameter at breast height (1.3 m),2.5,cm,,10.8,-75.25,,BIEN,https://bien.nceas.ucsb.edu/bien/,882936,James S. MIller,2026-03-28 23:42:38 UTC
Pereskia guamacho,Pereskia,Cactaceae,diameter at breast height (1.3 m),7.5,cm,,10.8,-75.25,,BIEN,https://bien.nceas.ucsb.edu/bien/,882933,James S. MIller,2026-03-28 23:42:38 UTC
Pereskia guamacho,Pereskia,Cactaceae,diameter at breast height (1.3 m),12,cm,,10.8,-75.25,,BIEN,https://bien.nceas.ucsb.edu/bien/,882934,James S. MIller,2026-03-28 23:42:38 UTC
Pereskia guamacho,Pereskia,Cactaceae,diameter at breast height (1.3 m),5,cm,,10.8,-75.25,,BIEN,https://bien.nceas.ucsb.edu/bien/,882935,James S. MIller,2026-03-28 23:42:38 UTC
Monvillea cavendishii,Monvillea,Cactaceae,diameter at breast height (1.3 m),4,cm,,-19.7,-62.1,,BIEN,https://bien.nceas.ucsb.edu/bien/,883106,James S. MIller,2026-03-28 23:42:38 UTC
Stetsonia coryne,Stetsonia,Cactaceae,diameter at breast height (1.3 m),21,cm,,-18.7656,-62.2331,,BIEN,https://bien.nceas.ucsb.edu/bien/,883111,James S. MIller,2026-03-28 23:42:38 UTC
Stetsonia coryne,Stetsonia,Cactaceae,diameter at breast height (1.3 m),12,cm,,-18.7656,-62.2331,,BIEN,https://bien.nceas.ucsb.edu/bien/,883112,James S. MIller,2026-03-28 23:42:38 UTC
Stetsonia coryne,Stetsonia,Cactaceae,diameter at breast height (1.3 m),32,cm,,-18.7656,-62.2331,,BIEN,https://bien.nceas.ucsb.edu/bien/,883113,James S. MIller,2026-03-28 23:42:38 UTC
Cleistocactus baumannii,Cleistocactus,Cactaceae,diameter at breast height (1.3 m),2.5,cm,,-19.7,-62.1,,BIEN,https://bien.nceas.ucsb.edu/bien/,910064,James S. MIller,2026-03-28 23:42:38 UTC
Cleistocactus baumannii,Cleistocactus,Cactaceae,diameter at breast height (1.3 m),2.5,cm,,-19.7,-62.1,,BIEN,https://bien.nceas.ucsb.edu/bien/,910065,James S. MIller,2026-03-28 23:42:38 UTC
Opuntia brasiliensis,Opuntia,Cactaceae,diameter at breast height (1.3 m),2.5,cm,,-14.5667,-68.4667,,BIEN,https://bien.nceas.ucsb.edu/bien/,923349,James S. MIller,2026-03-28 23:42:38 UTC
Opuntia brasiliensis,Opuntia,Cactaceae,diameter at breast height (1.3 m),2.5,cm,,-14.5667,-68.4667,,BIEN,https://bien.nceas.ucsb.edu/bien/,923350,James S. MIller,2026-03-28 23:42:38 UTC
Opuntia brasiliensis,Opuntia,Cactaceae,diameter at breast height (1.3 m),4,cm,,-14.5667,-68.4667,,BIEN,https://bien.nceas.ucsb.edu/bien/,923351,James S. MIller,2026-03-28 23:42:38 UTC
Opuntia brasiliensis,Opuntia,Cactaceae,diameter at breast height (1.3 m),2.5,cm,,-14.5667,-68.4667,,BIEN,https://bien.nceas.ucsb.edu/bien/,923352,James S. MIller,2026-03-28 23:42:38 UTC
Opuntia brasiliensis,Opuntia,Cactaceae,diameter at breast height (1.3 m),3,cm,,-14.5667,-68.4667,,BIEN,https://bien.nceas.ucsb.edu/bien/,923354,James S. MIller,2026-03-28 23:42:38 UTC
Opuntia brasiliensis,Opuntia,Cactaceae,diameter at breast height (1.3 m),3,cm,,-14.5667,-68.4667,,BIEN,https://bien.nceas.ucsb.edu/bien/,923355,James S. MIller,2026-03-28 23:42:38 UTC
Opuntia brasiliensis,Opuntia,Cactaceae,diameter at breast height (1.3 m),4,cm,,-14.5667,-68.4667,,BIEN,https://bien.nceas.ucsb.edu/bien/,923356,James S. MIller,2026-03-28 23:42:38 UTC
Opuntia brasiliensis,Opuntia,Cactaceae,diameter at breast height (1.3 m),3,cm,,-14.5667,-68.4667,,BIEN,https://bien.nceas.ucsb.edu/bien/,923357,James S. MIller,2026-03-28 23:42:38 UTC
Opuntia brasiliensis,Opuntia,Cactaceae,diameter at breast height (1.3 m),4,cm,,-14.5667,-68.4667,,BIEN,https://bien.nceas.ucsb.edu/bien/,923359,James S. MIller,2026-03-28 23:42:38 UTC
Opuntia brasiliensis,Opuntia,Cactaceae,diameter at breast height (1.3 m),5,cm,,-14.5667,-68.4667,,BIEN,https://bien.nceas.ucsb.edu/bien/,923360,James S. MIller,2026-03-28 23:42:38 UTC
Opuntia brasiliensis,Opuntia,Cactaceae,diameter at breast height (1.3 m),8,cm,,-14.5667,-68.4667,,BIEN,https://bien.nceas.ucsb.edu/bien/,1005135,James S. MIller,2026-03-28 23:42:38 UTC
Cereus stenogonus,Cereus,Cactaceae,diameter at breast height (1.3 m),9,cm,,-19.7,-62.1,,BIEN,https://bien.nceas.ucsb.edu/bien/,1018817,James S. MIller,2026-03-28 23:42:38 UTC
Cereus stenogonus,Cereus,Cactaceae,diameter at breast height (1.3 m),16,cm,,-19.7,-62.1,,BIEN,https://bien.nceas.ucsb.edu/bien/,1018818,James S. MIller,2026-03-28 23:42:38 UTC
Monvillea cavendishii,Monvillea,Cactaceae,diameter at breast height (1.3 m),2.5,cm,,-18.7656,-62.2331,,BIEN,https://bien.nceas.ucsb.edu/bien/,1018834,James S. MIller,2026-03-28 23:42:38 UTC
Cereus stenogonus,Cereus,Cactaceae,diameter at breast height (1.3 m),11,cm,,-19.7,-62.1,,BIEN,https://bien.nceas.ucsb.edu/bien/,1044090,James S. MIller,2026-03-28 23:42:38 UTC
Opuntia retrorsa,Opuntia,Cactaceae,diameter at breast height (1.3 m),3,cm,,-18.7656,-62.2331,,BIEN,https://bien.nceas.ucsb.edu/bien/,1059513,James S. MIller,2026-03-28 23:42:38 UTC
Opuntia brasiliensis,Opuntia,Cactaceae,diameter at breast height (1.3 m),3,cm,,-14.5667,-68.4667,,BIEN,https://bien.nceas.ucsb.edu/bien/,1072699,James S. MIller,2026-03-28 23:42:38 UTC
Opuntia brasiliensis,Opuntia,Cactaceae,diameter at breast height (1.3 m),6,cm,,-14.5667,-68.4667,,BIEN,https://bien.nceas.ucsb.edu/bien/,1072700,James S. MIller,2026-03-28 23:42:38 UTC
Opuntia brasiliensis,Opuntia,Cactaceae,diameter at breast height (1.3 m),4,cm,,-14.5667,-68.4667,,BIEN,https://bien.nceas.ucsb.edu/bien/,1072701,James S. MIller,2026-03-28 23:42:38 UTC
Opuntia brasiliensis,Opuntia,Cactaceae,diameter at breast height (1.3 m),4,cm,,-14.5667,-68.4667,,BIEN,https://bien.nceas.ucsb.edu/bien/,1072702,James S. MIller,2026-03-28 23:42:38 UTC
Cereus stenogonus,Cereus,Cactaceae,diameter at breast height (1.3 m),27,cm,,-18.7656,-62.2331,,BIEN,https://bien.nceas.ucsb.edu/bien/,1072990,James S. MIller,2026-03-28 23:42:38 UTC
Cereus uruguayanus,Cereus,Cactaceae,diameter at breast height (1.3 m),9.39014164242183,cm,,-34.089,-53.788,,BIEN,https://bien.nceas.ucsb.edu/bien/,1073433,Mauricio Bonifacino,2026-03-28 23:42:38 UTC
Cereus uruguayanus,Cereus,Cactaceae,diameter at breast height (1.3 m),4.13802852038928,cm,,-34.089,-53.788,,BIEN,https://bien.nceas.ucsb.edu/bien/,1073434,Mauricio Bonifacino,2026-03-28 23:42:38 UTC
Stetsonia coryne,Stetsonia,Cactaceae,diameter at breast height (1.3 m),10,cm,,-18.7656,-62.2331,,BIEN,https://bien.nceas.ucsb.edu/bien/,1167297,James S. MIller,2026-03-28 23:42:38 UTC
Stetsonia coryne,Stetsonia,Cactaceae,diameter at breast height (1.3 m),9,cm,,-18.7656,-62.2331,,BIEN,https://bien.nceas.ucsb.edu/bien/,1167299,James S. MIller,2026-03-28 23:42:38 UTC
Stetsonia coryne,Stetsonia,Cactaceae,diameter at breast height (1.3 m),14,cm,,-18.7656,-62.2331,,BIEN,https://bien.nceas.ucsb.edu/bien/,1180726,James S. MIller,2026-03-28 23:42:38 UTC
Stetsonia coryne,Stetsonia,Cactaceae,diameter at breast height (1.3 m),27,cm,,-18.7656,-62.2331,,BIEN,https://bien.nceas.ucsb.edu/bien/,1180727,James S. MIller,2026-03-28 23:42:38 UTC
Stetsonia coryne,Stetsonia,Cactaceae,diameter at breast height (1.3 m),7,cm,,-18.7656,-62.2331,,BIEN,https://bien.nceas.ucsb.edu/bien/,1180728,James S. MIller,2026-03-28 23:42:38 UTC
Stenocereus chrysocarpus,Stenocereus,Cactaceae,diameter at breast height (1.3 m),6,cm,,19.5,-105.05,,BIEN,https://bien.nceas.ucsb.edu/bien/,1207409,James S. MIller,2026-03-28 23:42:38 UTC
Cereus repandus,Cereus,Cactaceae,diameter at breast height (1.3 m),5,cm,,-18.7656,-62.2331,,BIEN,https://bien.nceas.ucsb.edu/bien/,1261968,James S. MIller,2026-03-28 23:42:38 UTC
Cereus repandus,Cereus,Cactaceae,diameter at breast height (1.3 m),7,cm,,-18.7656,-62.2331,,BIEN,https://bien.nceas.ucsb.edu/bien/,1261969,James S. MIller,2026-03-28 23:42:38 UTC
Monvillea cavendishii,Monvillea,Cactaceae,diameter at breast height (1.3 m),4,cm,,-18.7656,-62.2331,,BIEN,https://bien.nceas.ucsb.edu/bien/,1275736,James S. MIller,2026-03-28 23:42:38 UTC
Stetsonia coryne,Stetsonia,Cactaceae,diameter at breast height (1.3 m),19,cm,,-18.7656,-62.2331,,BIEN,https://bien.nceas.ucsb.edu/bien/,1289219,James S. MIller,2026-03-28 23:42:38 UTC
Stetsonia coryne,Stetsonia,Cactaceae,diameter at breast height (1.3 m),9,cm,,-18.7656,-62.2331,,BIEN,https://bien.nceas.ucsb.edu/bien/,1289220,James S. MIller,2026-03-28 23:42:38 UTC
Stetsonia coryne,Stetsonia,Cactaceae,diameter at breast height (1.3 m),10,cm,,-18.7656,-62.2331,,BIEN,https://bien.nceas.ucsb.edu/bien/,1289221,James S. MIller,2026-03-28 23:42:38 UTC
Stetsonia coryne,Stetsonia,Cactaceae,diameter at breast height (1.3 m),14,cm,,-18.7656,-62.2331,,BIEN,https://bien.nceas.ucsb.edu/bien/,1289222,James S. MIller,2026-03-28 23:42:38 UTC
Opuntia brasiliensis,Opuntia,Cactaceae,diameter at breast height (1.3 m),3,cm,,-14.5667,-68.4667,,BIEN,https://bien.nceas.ucsb.edu/bien/,1316080,James S. MIller,2026-03-28 23:42:38 UTC
Opuntia brasiliensis,Opuntia,Cactaceae,diameter at breast height (1.3 m),3,cm,,-14.5667,-68.4667,,BIEN,https://bien.nceas.ucsb.edu/bien/,1316081,James S. MIller,2026-03-28 23:42:38 UTC
Opuntia brasiliensis,Opuntia,Cactaceae,diameter at breast height (1.3 m),5,cm,,-14.5667,-68.4667,,BIEN,https://bien.nceas.ucsb.edu/bien/,1316082,James S. MIller,2026-03-28 23:42:38 UTC
Opuntia brasiliensis,Opuntia,Cactaceae,diameter at breast height (1.3 m),3,cm,,-14.5667,-68.4667,,BIEN,https://bien.nceas.ucsb.edu/bien/,1316084,James S. MIller,2026-03-28 23:42:38 UTC
Opuntia brasiliensis,Opuntia,Cactaceae,diameter at breast height (1.3 m),5,cm,,-14.5667,-68.4667,,BIEN,https://bien.nceas.ucsb.edu/bien/,1370144,James S. MIller,2026-03-28 23:42:38 UTC
Opuntia brasiliensis,Opuntia,Cactaceae,diameter at breast height (1.3 m),3,cm,,-14.5667,-68.4667,,BIEN,https://bien.nceas.ucsb.edu/bien/,1370145,James S. MIller,2026-03-28 23:42:38 UTC
Opuntia brasiliensis,Opuntia,Cactaceae,diameter at breast height (1.3 m),3,cm,,-14.5667,-68.4667,,BIEN,https://bien.nceas.ucsb.edu/bien/,1370146,James S. MIller,2026-03-28 23:42:38 UTC
Opuntia brasiliensis,Opuntia,Cactaceae,diameter at breast height (1.3 m),5,cm,,-14.5667,-68.4667,,BIEN,https://bien.nceas.ucsb.edu/bien/,1370147,James S. MIller,2026-03-28 23:42:38 UTC
Cereus stenogonus,Cereus,Cactaceae,diameter at breast height (1.3 m),8,cm,,-18.7656,-62.2331,,BIEN,https://bien.nceas.ucsb.edu/bien/,1383909,James S. MIller,2026-03-28 23:42:38 UTC
Selenicereus monacanthus,Selenicereus,Cactaceae,diameter at breast height (1.3 m),2.5,cm,,10.38,-73.094,,BIEN,https://bien.nceas.ucsb.edu/bien/,1397150,James S. MIller,2026-03-28 23:42:38 UTC
Pachycereus pecten-aboriginum,Pachycereus,Cactaceae,diameter at breast height (1.3 m),11,cm,,19.5,-105.05,,BIEN,https://bien.nceas.ucsb.edu/bien/,1423532,James S. MIller,2026-03-28 23:42:38 UTC
Cleistocactus baumannii,Cleistocactus,Cactaceae,diameter at breast height (1.3 m),2.5,cm,,-18.7656,-62.2331,,BIEN,https://bien.nceas.ucsb.edu/bien/,1437685,James S. MIller,2026-03-28 23:42:38 UTC
Opuntia brasiliensis,Opuntia,Cactaceae,diameter at breast height (1.3 m),7,cm,,-14.5667,-68.4667,,BIEN,https://bien.nceas.ucsb.edu/bien/,1450962,James S. MIller,2026-03-28 23:42:38 UTC
Opuntia brasiliensis,Opuntia,Cactaceae,diameter at breast height (1.3 m),4,cm,,-14.5667,-68.4667,,BIEN,https://bien.nceas.ucsb.edu/bien/,1450963,James S. MIller,2026-03-28 23:42:38 UTC
Opuntia brasiliensis,Opuntia,Cactaceae,diameter at breast height (1.3 m),5,cm,,-14.5667,-68.4667,,BIEN,https://bien.nceas.ucsb.edu/bien/,1450964,James S. MIller,2026-03-28 23:42:38 UTC
Opuntia brasiliensis,Opuntia,Cactaceae,diameter at breast height (1.3 m),3,cm,,-14.5667,-68.4667,,BIEN,https://bien.nceas.ucsb.edu/bien/,1450965,James S. MIller,2026-03-28 23:42:38 UTC
Opuntia brasiliensis,Opuntia,Cactaceae,diameter at breast height (1.3 m),5,cm,,-14.5667,-68.4667,,BIEN,https://bien.nceas.ucsb.edu/bien/,1450966,James S. MIller,2026-03-28 23:42:38 UTC
Opuntia brasiliensis,Opuntia,Cactaceae,diameter at breast height (1.3 m),6,cm,,-14.5667,-68.4667,,BIEN,https://bien.nceas.ucsb.edu/bien/,1450967,James S. MIller,2026-03-28 23:42:38 UTC
Opuntia brasiliensis,Opuntia,Cactaceae,diameter at breast height (1.3 m),5,cm,,-14.5667,-68.4667,,BIEN,https://bien.nceas.ucsb.edu/bien/,1450968,James S. MIller,2026-03-28 23:42:38 UTC
Opuntia brasiliensis,Opuntia,Cactaceae,diameter at breast height (1.3 m),12,cm,,-14.5667,-68.4667,,BIEN,https://bien.nceas.ucsb.edu/bien/,1450969,James S. MIller,2026-03-28 23:42:38 UTC
Opuntia brasiliensis,Opuntia,Cactaceae,diameter at breast height (1.3 m),8,cm,,-14.5667,-68.4667,,BIEN,https://bien.nceas.ucsb.edu/bien/,1450970,James S. MIller,2026-03-28 23:42:38 UTC
Opuntia brasiliensis,Opuntia,Cactaceae,diameter at breast height (1.3 m),6,cm,,-14.5667,-68.4667,,BIEN,https://bien.nceas.ucsb.edu/bien/,1450971,James S. MIller,2026-03-28 23:42:38 UTC
Peniocereus cuixmalensis,Peniocereus,Cactaceae,diameter at breast height (1.3 m),3,cm,,19.5,-105.05,,BIEN,https://bien.nceas.ucsb.edu/bien/,1463960,James S. MIller,2026-03-28 23:42:38 UTC
Hylocereus polyrhizus,Hylocereus,Cactaceae,diameter at breast height (1.3 m),4,cm,,-4.17,-80.587,,BIEN,https://bien.nceas.ucsb.edu/bien/,1518049,James S. MIller,2026-03-28 23:42:38 UTC
Cereus repandus,Cereus,Cactaceae,diameter at breast height (1.3 m),4,cm,,-18.7656,-62.2331,,BIEN,https://bien.nceas.ucsb.edu/bien/,1531985,James S. MIller,2026-03-28 23:42:38 UTC
Opuntia brasiliensis,Opuntia,Cactaceae,diameter at breast height (1.3 m),5,cm,,-14.5667,-68.4667,,BIEN,https://bien.nceas.ucsb.edu/bien/,1572443,James S. MIller,2026-03-28 23:42:38 UTC
Opuntia brasiliensis,Opuntia,Cactaceae,diameter at breast height (1.3 m),3,cm,,-14.5667,-68.4667,,BIEN,https://bien.nceas.ucsb.edu/bien/,1572444,James S. MIller,2026-03-28 23:42:38 UTC
Opuntia brasiliensis,Opuntia,Cactaceae,diameter at breast height (1.3 m),2.5,cm,,-14.5667,-68.4667,,BIEN,https://bien.nceas.ucsb.edu/bien/,1572445,James S. MIller,2026-03-28 23:42:38 UTC
Opuntia brasiliensis,Opuntia,Cactaceae,diameter at breast height (1.3 m),3,cm,,-14.5667,-68.4667,,BIEN,https://bien.nceas.ucsb.edu/bien/,1572446,James S. MIller,2026-03-28 23:42:38 UTC
Opuntia excelsa,Opuntia,Cactaceae,diameter at breast height (1.3 m),22,cm,,19.5,-105.05,,BIEN,https://bien.nceas.ucsb.edu/bien/,1599321,James S. MIller,2026-03-28 23:42:38 UTC
Pereskia guamacho,Pereskia,Cactaceae,diameter at breast height (1.3 m),35,cm,,8.93333,-67.4167,,BIEN,https://bien.nceas.ucsb.edu/bien/,1599584,James S. MIller,2026-03-28 23:42:38 UTC
Pereskia guamacho,Pereskia,Cactaceae,diameter at breast height (1.3 m),12,cm,,10.088,-65.428,,BIEN,https://bien.nceas.ucsb.edu/bien/,1599698,James S. MIller,2026-03-28 23:42:38 UTC
Pereskia guamacho,Pereskia,Cactaceae,diameter at breast height (1.3 m),8,cm,,10.8,-75.25,,BIEN,https://bien.nceas.ucsb.edu/bien/,1638221,James S. MIller,2026-03-28 23:42:38 UTC
Pereskia guamacho,Pereskia,Cactaceae,diameter at breast height (1.3 m),11,cm,,10.8,-75.25,,BIEN,https://bien.nceas.ucsb.edu/bien/,1638185,James S. MIller,2026-03-28 23:42:38 UTC
Pereskia guamacho,Pereskia,Cactaceae,diameter at breast height (1.3 m),8,cm,,10.8,-75.25,,BIEN,https://bien.nceas.ucsb.edu/bien/,1638206,James S. MIller,2026-03-28 23:42:38 UTC
Pereskia guamacho,Pereskia,Cactaceae,diameter at breast height (1.3 m),8,cm,,10.8,-75.25,,BIEN,https://bien.nceas.ucsb.edu/bien/,1638216,James S. MIller,2026-03-28 23:42:38 UTC
Pereskia guamacho,Pereskia,Cactaceae,diameter at breast height (1.3 m),14,cm,,10.8,-75.25,,BIEN,https://bien.nceas.ucsb.edu/bien/,1638220,James S. MIller,2026-03-28 23:42:38 UTC
Pereskia guamacho,Pereskia,Cactaceae,diameter at breast height (1.3 m),9,cm,,10.8,-75.25,,BIEN,https://bien.nceas.ucsb.edu/bien/,1638757,James S. MIller,2026-03-28 23:42:38 UTC
Pereskia guamacho,Pereskia,Cactaceae,diameter at breast height (1.3 m),9,cm,,10.8,-75.25,,BIEN,https://bien.nceas.ucsb.edu/bien/,1639711,James S. MIller,2026-03-28 23:42:38 UTC
Pereskia guamacho,Pereskia,Cactaceae,diameter at breast height (1.3 m),5,cm,,10.8,-75.25,,BIEN,https://bien.nceas.ucsb.edu/bien/,1639712,James S. MIller,2026-03-28 23:42:38 UTC
Pereskia guamacho,Pereskia,Cactaceae,diameter at breast height (1.3 m),10,cm,,10.8,-75.25,,BIEN,https://bien.nceas.ucsb.edu/bien/,1639713,James S. MIller,2026-03-28 23:42:38 UTC
Pereskia guamacho,Pereskia,Cactaceae,diameter at breast height (1.3 m),8,cm,,10.8,-75.25,,BIEN,https://bien.nceas.ucsb.edu/bien/,1639714,James S. MIller,2026-03-28 23:42:38 UTC
Pereskia guamacho,Pereskia,Cactaceae,diameter at breast height (1.3 m),5,cm,,10.8,-75.25,,BIEN,https://bien.nceas.ucsb.edu/bien/,1639715,James S. MIller,2026-03-28 23:42:38 UTC
Pereskia guamacho,Pereskia,Cactaceae,diameter at breast height (1.3 m),8,cm,,10.8,-75.25,,BIEN,https://bien.nceas.ucsb.edu/bien/,1639716,James S. MIller,2026-03-28 23:42:38 UTC
Pereskia guamacho,Pereskia,Cactaceae,diameter at breast height (1.3 m),2.5,cm,,11.3333,-74.0333,,BIEN,https://bien.nceas.ucsb.edu/bien/,1707156,James S. MIller,2026-03-28 23:42:38 UTC
Selenicereus monacanthus,Selenicereus,Cactaceae,diameter at breast height (1.3 m),2.5,cm,,10.38,-73.094,,BIEN,https://bien.nceas.ucsb.edu/bien/,1720551,James S. MIller,2026-03-28 23:42:38 UTC
Cereus stenogonus,Cereus,Cactaceae,diameter at breast height (1.3 m),26,cm,,-19.7,-62.1,,BIEN,https://bien.nceas.ucsb.edu/bien/,1720683,James S. MIller,2026-03-28 23:42:38 UTC
Cereus jamacaru,Cereus,Cactaceae,diameter at breast height (1.3 m),5,cm,,8.56667,-67.5833,,BIEN,https://bien.nceas.ucsb.edu/bien/,1732299,James S. MIller,2026-03-28 23:42:38 UTC
Cereus jamacaru,Cereus,Cactaceae,diameter at breast height (1.3 m),5,cm,,8.56667,-67.5833,,BIEN,https://bien.nceas.ucsb.edu/bien/,1732306,James S. MIller,2026-03-28 23:42:38 UTC
Pereskia aculeata,Pereskia,Cactaceae,diameter at breast height (1.3 m),6,cm,,-24.1333,-55.5333,,BIEN,https://bien.nceas.ucsb.edu/bien/,1733995,James S. MIller,2026-03-28 23:42:38 UTC
Cereus uruguayanus,Cereus,Cactaceae,diameter at breast height (1.3 m),4.29718346348117,cm,,-34.089,-53.788,,BIEN,https://bien.nceas.ucsb.edu/bien/,1734589,Mauricio Bonifacino,2026-03-28 23:42:38 UTC
Quiabentia verticillata,Quiabentia,Cactaceae,diameter at breast height (1.3 m),3,cm,,-18.7656,-62.2331,,BIEN,https://bien.nceas.ucsb.edu/bien/,1748273,James S. MIller,2026-03-28 23:42:38 UTC
Quiabentia verticillata,Quiabentia,Cactaceae,diameter at breast height (1.3 m),5,cm,,-18.7656,-62.2331,,BIEN,https://bien.nceas.ucsb.edu/bien/,1748274,James S. MIller,2026-03-28 23:42:38 UTC
Pachycereus pecten-aboriginum,Pachycereus,Cactaceae,whole plant growth form,tree,,,19.5,-105.05,,BIEN,https://bien.nceas.ucsb.edu/bien/,1749418,James S. MIller,2026-03-28 23:42:38 UTC
Opuntia brasiliensis,Opuntia,Cactaceae,whole plant growth form,tree,,,-17.7667,-63.0667,,BIEN,https://bien.nceas.ucsb.edu/bien/,1751543,James S. MIller,2026-03-28 23:42:38 UTC
Pereskia aculeata,Pereskia,Cactaceae,whole plant growth form,liana,,,-24.1333,-55.5333,,BIEN,https://bien.nceas.ucsb.edu/bien/,1753168,James S. MIller,2026-03-28 23:42:38 UTC
Cleistocactus baumannii,Cleistocactus,Cactaceae,whole plant growth form,liana,,,-18.7656,-62.2331,,BIEN,https://bien.nceas.ucsb.edu/bien/,1753302,James S. MIller,2026-03-28 23:42:38 UTC
Stetsonia coryne,Stetsonia,Cactaceae,whole plant growth form,tree,,,-18.7656,-62.2331,,BIEN,https://bien.nceas.ucsb.edu/bien/,1753303,James S. MIller,2026-03-28 23:42:38 UTC
Stetsonia coryne,Stetsonia,Cactaceae,whole plant growth form,tree,,,-18.7656,-62.2331,,BIEN,https://bien.nceas.ucsb.edu/bien/,1753304,James S. MIller,2026-03-28 23:42:38 UTC
Stetsonia coryne,Stetsonia,Cactaceae,whole plant growth form,tree,,,-18.7656,-62.2331,,BIEN,https://bien.nceas.ucsb.edu/bien/,1753305,James S. MIller,2026-03-28 23:42:38 UTC
Stetsonia coryne,Stetsonia,Cactaceae,whole plant growth form,tree,,,-18.7656,-62.2331,,BIEN,https://bien.nceas.ucsb.edu/bien/,1753306,James S. MIller,2026-03-28 23:42:38 UTC
Stetsonia coryne,Stetsonia,Cactaceae,whole plant growth form,tree,,,-18.7656,-62.2331,,BIEN,https://bien.nceas.ucsb.edu/bien/,1753307,James S. MIller,2026-03-28 23:42:38 UTC
Pereskia guamacho,Pereskia,Cactaceae,whole plant growth form,tree,,,10.8,-75.25,,BIEN,https://bien.nceas.ucsb.edu/bien/,1754878,James S. MIller,2026-03-28 23:42:38 UTC
Pereskia guamacho,Pereskia,Cactaceae,whole plant growth form,tree,,,10.8,-75.25,,BIEN,https://bien.nceas.ucsb.edu/bien/,1754879,James S. MIller,2026-03-28 23:42:38 UTC
Acanthocereus tetragonus,Acanthocereus,Cactaceae,whole plant growth form,liana,,,10.8,-75.25,,BIEN,https://bien.nceas.ucsb.edu/bien/,1758524,James S. MIller,2026-03-28 23:42:38 UTC
Acanthocereus tetragonus,Acanthocereus,Cactaceae,whole plant growth form,liana,,,10.8,-75.25,,BIEN,https://bien.nceas.ucsb.edu/bien/,1758525,James S. MIller,2026-03-28 23:42:38 UTC
Stetsonia coryne,Stetsonia,Cactaceae,whole plant growth form,tree,,,-19.7,-62.1,,BIEN,https://bien.nceas.ucsb.edu/bien/,1758733,James S. MIller,2026-03-28 23:42:38 UTC
Stetsonia coryne,Stetsonia,Cactaceae,whole plant growth form,tree,,,-19.7,-62.1,,BIEN,https://bien.nceas.ucsb.edu/bien/,1758734,James S. MIller,2026-03-28 23:42:38 UTC
Hylocereus polyrhizus,Hylocereus,Cactaceae,whole plant growth form,hemiepiphyte,,,-4.17,-80.587,,BIEN,https://bien.nceas.ucsb.edu/bien/,1760254,James S. MIller,2026-03-28 23:42:38 UTC
Cereus stenogonus,Cereus,Cactaceae,whole plant growth form,tree,,,-18.7656,-62.2331,,BIEN,https://bien.nceas.ucsb.edu/bien/,1760576,James S. MIller,2026-03-28 23:42:38 UTC
Cereus stenogonus,Cereus,Cactaceae,whole plant growth form,tree,,,-18.7656,-62.2331,,BIEN,https://bien.nceas.ucsb.edu/bien/,1760577,James S. MIller,2026-03-28 23:42:38 UTC
Cereus stenogonus,Cereus,Cactaceae,whole plant growth form,tree,,,-18.7656,-62.2331,,BIEN,https://bien.nceas.ucsb.edu/bien/,1760578,James S. MIller,2026-03-28 23:42:38 UTC
Cereus stenogonus,Cereus,Cactaceae,whole plant growth form,tree,,,-18.7656,-62.2331,,BIEN,https://bien.nceas.ucsb.edu/bien/,1760579,James S. MIller,2026-03-28 23:42:38 UTC
Cereus stenogonus,Cereus,Cactaceae,whole plant growth form,tree,,,-18.7656,-62.2331,,BIEN,https://bien.nceas.ucsb.edu/bien/,1760580,James S. MIller,2026-03-28 23:42:38 UTC
Cereus stenogonus,Cereus,Cactaceae,whole plant growth form,tree,,,-18.7656,-62.2331,,BIEN,https://bien.nceas.ucsb.edu/bien/,1760582,James S. MIller,2026-03-28 23:42:38 UTC
Cereus stenogonus,Cereus,Cactaceae,whole plant growth form,tree,,,-18.7656,-62.2331,,BIEN,https://bien.nceas.ucsb.edu/bien/,1760583,James S. MIller,2026-03-28 23:42:38 UTC
Cereus stenogonus,Cereus,Cactaceae,whole plant growth form,tree,,,-18.7656,-62.2331,,BIEN,https://bien.nceas.ucsb.edu/bien/,1760584,James S. MIller,2026-03-28 23:42:38 UTC
Cereus stenogonus,Cereus,Cactaceae,whole plant growth form,tree,,,-18.7656,-62.2331,,BIEN,https://bien.nceas.ucsb.edu/bien/,1760585,James S. MIller,2026-03-28 23:42:38 UTC
Cereus stenogonus,Cereus,Cactaceae,whole plant growth form,tree,,,-18.7656,-62.2331,,BIEN,https://bien.nceas.ucsb.edu/bien/,1760586,James S. MIller,2026-03-28 23:42:38 UTC
Cereus stenogonus,Cereus,Cactaceae,whole plant growth form,tree,,,-18.7656,-62.2331,,BIEN,https://bien.nceas.ucsb.edu/bien/,1760587,James S. MIller,2026-03-28 23:42:38 UTC
Cereus stenogonus,Cereus,Cactaceae,whole plant growth form,tree,,,-18.7656,-62.2331,,BIEN,https://bien.nceas.ucsb.edu/bien/,1760588,James S. MIller,2026-03-28 23:42:38 UTC
Cereus stenogonus,Cereus,Cactaceae,whole plant growth form,tree,,,-18.7656,-62.2331,,BIEN,https://bien.nceas.ucsb.edu/bien/,1760589,James S. MIller,2026-03-28 23:42:38 UTC
Stetsonia coryne,Stetsonia,Cactaceae,whole plant growth form,tree,,,-18.7656,-62.2331,,BIEN,https://bien.nceas.ucsb.edu/bien/,1767548,James S. MIller,2026-03-28 23:42:38 UTC
Stetsonia coryne,Stetsonia,Cactaceae,whole plant growth form,tree,,,-18.7656,-62.2331,,BIEN,https://bien.nceas.ucsb.edu/bien/,1767549,James S. MIller,2026-03-28 23:42:38 UTC
Opuntia brasiliensis,Opuntia,Cactaceae,whole plant growth form,tree,,,-14.5667,-68.4667,,BIEN,https://bien.nceas.ucsb.edu/bien/,1768993,James S. MIller,2026-03-28 23:42:38 UTC
Opuntia brasiliensis,Opuntia,Cactaceae,whole plant growth form,tree,,,-14.5667,-68.4667,,BIEN,https://bien.nceas.ucsb.edu/bien/,1768994,James S. MIller,2026-03-28 23:42:38 UTC
Opuntia brasiliensis,Opuntia,Cactaceae,whole plant growth form,tree,,,-14.5667,-68.4667,,BIEN,https://bien.nceas.ucsb.edu/bien/,1768995,James S. MIller,2026-03-28 23:42:38 UTC
Opuntia brasiliensis,Opuntia,Cactaceae,whole plant growth form,tree,,,-14.5667,-68.4667,,BIEN,https://bien.nceas.ucsb.edu/bien/,1768996,James S. MIller,2026-03-28 23:42:38 UTC
Opuntia brasiliensis,Opuntia,Cactaceae,whole plant growth form,tree,,,-14.5667,-68.4667,,BIEN,https://bien.nceas.ucsb.edu/bien/,1768997,James S. MIller,2026-03-28 23:42:38 UTC
Stetsonia coryne,Stetsonia,Cactaceae,whole plant growth form,tree,,,-18.7656,-62.2331,,BIEN,https://bien.nceas.ucsb.edu/bien/,1769275,James S. MIller,2026-03-28 23:42:38 UTC
Pereskia guamacho,Pereskia,Cactaceae,whole plant growth form,tree,,,10.8,-75.25,,BIEN,https://bien.nceas.ucsb.edu/bien/,1772877,James S. MIller,2026-03-28 23:42:38 UTC
Pereskia guamacho,Pereskia,Cactaceae,whole plant growth form,tree,,,10.8,-75.25,,BIEN,https://bien.nceas.ucsb.edu/bien/,1772878,James S. MIller,2026-03-28 23:42:38 UTC
Pereskia guamacho,Pereskia,Cactaceae,whole plant growth form,tree,,,10.8,-75.25,,BIEN,https://bien.nceas.ucsb.edu/bien/,1772879,James S. MIller,2026-03-28 23:42:38 UTC
Pereskia guamacho,Pereskia,Cactaceae,whole plant growth form,tree,,,10.8,-75.25,,BIEN,https://bien.nceas.ucsb.edu/bien/,1772880,James S. MIller,2026-03-28 23:42:38 UTC
Pereskia guamacho,Pereskia,Cactaceae,whole plant growth form,tree,,,10.8,-75.25,,BIEN,https://bien.nceas.ucsb.edu/bien/,1776470,James S. MIller,2026-03-28 23:42:38 UTC
Pereskia guamacho,Pereskia,Cactaceae,whole plant growth form,tree,,,10.8,-75.25,,BIEN,https://bien.nceas.ucsb.edu/bien/,1776471,James S. MIller,2026-03-28 23:42:38 UTC
Pereskia guamacho,Pereskia,Cactaceae,whole plant growth form,tree,,,10.8,-75.25,,BIEN,https://bien.nceas.ucsb.edu/bien/,1776472,James S. MIller,2026-03-28 23:42:38 UTC
Pereskia guamacho,Pereskia,Cactaceae,whole plant growth form,tree,,,10.8,-75.25,,BIEN,https://bien.nceas.ucsb.edu/bien/,1776473,James S. MIller,2026-03-28 23:42:38 UTC
Pereskia guamacho,Pereskia,Cactaceae,whole plant growth form,tree,,,10.8,-75.25,,BIEN,https://bien.nceas.ucsb.edu/bien/,1776474,James S. MIller,2026-03-28 23:42:38 UTC
Hylocereus polyrhizus,Hylocereus,Cactaceae,whole plant growth form,hemiepiphyte,,,-4.17,-80.587,,BIEN,https://bien.nceas.ucsb.edu/bien/,1778238,James S. MIller,2026-03-28 23:42:38 UTC
Stetsonia coryne,Stetsonia,Cactaceae,whole plant growth form,tree,,,-19.7,-62.1,,BIEN,https://bien.nceas.ucsb.edu/bien/,1778627,James S. MIller,2026-03-28 23:42:38 UTC
Pereskia guamacho,Pereskia,Cactaceae,whole plant growth form,tree,,,10.8,-75.25,,BIEN,https://bien.nceas.ucsb.edu/bien/,1782013,James S. MIller,2026-03-28 23:42:38 UTC
Pereskia guamacho,Pereskia,Cactaceae,whole plant growth form,tree,,,10.8,-75.25,,BIEN,https://bien.nceas.ucsb.edu/bien/,1782014,James S. MIller,2026-03-28 23:42:38 UTC
Opuntia brasiliensis,Opuntia,Cactaceae,whole plant growth form,tree,,,-14.5667,-68.4667,,BIEN,https://bien.nceas.ucsb.edu/bien/,1789391,James S. MIller,2026-03-28 23:42:38 UTC
Opuntia brasiliensis,Opuntia,Cactaceae,whole plant growth form,tree,,,-14.5667,-68.4667,,BIEN,https://bien.nceas.ucsb.edu/bien/,1789393,James S. MIller,2026-03-28 23:42:38 UTC
Opuntia brasiliensis,Opuntia,Cactaceae,whole plant growth form,tree,,,-14.5667,-68.4667,,BIEN,https://bien.nceas.ucsb.edu/bien/,1789394,James S. MIller,2026-03-28 23:42:38 UTC
Opuntia brasiliensis,Opuntia,Cactaceae,whole plant growth form,tree,,,-14.5667,-68.4667,,BIEN,https://bien.nceas.ucsb.edu/bien/,1789395,James S. MIller,2026-03-28 23:42:38 UTC
Opuntia brasiliensis,Opuntia,Cactaceae,whole plant growth form,tree,,,-14.5667,-68.4667,,BIEN,https://bien.nceas.ucsb.edu/bien/,1789397,James S. MIller,2026-03-28 23:42:38 UTC
Opuntia brasiliensis,Opuntia,Cactaceae,whole plant growth form,tree,,,-14.5667,-68.4667,,BIEN,https://bien.nceas.ucsb.edu/bien/,1789398,James S. MIller,2026-03-28 23:42:38 UTC
Opuntia brasiliensis,Opuntia,Cactaceae,whole plant growth form,tree,,,-14.5667,-68.4667,,BIEN,https://bien.nceas.ucsb.edu/bien/,1789399,James S. MIller,2026-03-28 23:42:38 UTC
Opuntia brasiliensis,Opuntia,Cactaceae,whole plant growth form,tree,,,-14.5667,-68.4667,,BIEN,https://bien.nceas.ucsb.edu/bien/,1789401,James S. MIller,2026-03-28 23:42:38 UTC
Cereus peruvianus,Cereus,Cactaceae,whole plant growth form,tree,,,-19.7,-62.1,,BIEN,https://bien.nceas.ucsb.edu/bien/,1793333,James S. MIller,2026-03-28 23:42:38 UTC
Cereus repandus,Cereus,Cactaceae,whole plant growth form,tree,,,-18.7656,-62.2331,,BIEN,https://bien.nceas.ucsb.edu/bien/,1795222,James S. MIller,2026-03-28 23:42:38 UTC
Cereus repandus,Cereus,Cactaceae,whole plant growth form,tree,,,-18.7656,-62.2331,,BIEN,https://bien.nceas.ucsb.edu/bien/,1795223,James S. MIller,2026-03-28 23:42:38 UTC
Pereskia guamacho,Pereskia,Cactaceae,whole plant growth form,tree,,,10.8,-75.25,,BIEN,https://bien.nceas.ucsb.edu/bien/,1798606,James S. MIller,2026-03-28 23:42:38 UTC
Pereskia guamacho,Pereskia,Cactaceae,whole plant growth form,tree,,,10.8,-75.25,,BIEN,https://bien.nceas.ucsb.edu/bien/,1798607,James S. MIller,2026-03-28 23:42:38 UTC
Pereskia guamacho,Pereskia,Cactaceae,whole plant growth form,tree,,,10.8,-75.25,,BIEN,https://bien.nceas.ucsb.edu/bien/,1798608,James S. MIller,2026-03-28 23:42:38 UTC
Pereskia guamacho,Pereskia,Cactaceae,whole plant growth form,tree,,,10.8,-75.25,,BIEN,https://bien.nceas.ucsb.edu/bien/,1798609,James S. MIller,2026-03-28 23:42:38 UTC
Pereskia guamacho,Pereskia,Cactaceae,whole plant growth form,tree,,,10.8,-75.25,,BIEN,https://bien.nceas.ucsb.edu/bien/,1798610,James S. MIller,2026-03-28 23:42:38 UTC
Pereskia guamacho,Pereskia,Cactaceae,whole plant growth form,tree,,,10.8,-75.25,,BIEN,https://bien.nceas.ucsb.edu/bien/,1798611,James S. MIller,2026-03-28 23:42:38 UTC
Pereskia guamacho,Pereskia,Cactaceae,whole plant growth form,tree,,,10.8,-75.25,,BIEN,https://bien.nceas.ucsb.edu/bien/,1798612,James S. MIller,2026-03-28 23:42:38 UTC
Monvillea cavendishii,Monvillea,Cactaceae,whole plant growth form,liana,,,-18.7656,-62.2331,,BIEN,https://bien.nceas.ucsb.edu/bien/,1798856,James S. MIller,2026-03-28 23:42:38 UTC
Monvillea cavendishii,Monvillea,Cactaceae,whole plant growth form,liana,,,-18.7656,-62.2331,,BIEN,https://bien.nceas.ucsb.edu/bien/,1798857,James S. MIller,2026-03-28 23:42:38 UTC
Cereus stenogonus,Cereus,Cactaceae,whole plant growth form,tree,,,-18.7656,-62.2331,,BIEN,https://bien.nceas.ucsb.edu/bien/,1802633,James S. MIller,2026-03-28 23:42:38 UTC
Pachycereus pecten-aboriginum,Pachycereus,Cactaceae,whole plant growth form,tree,,,19.5,-105.05,,BIEN,https://bien.nceas.ucsb.edu/bien/,1805670,James S. MIller,2026-03-28 23:42:38 UTC
Opuntia brasiliensis,Opuntia,Cactaceae,whole plant growth form,tree,,,-14.5667,-68.4667,,BIEN,https://bien.nceas.ucsb.edu/bien/,1811315,James S. MIller,2026-03-28 23:42:38 UTC
Opuntia brasiliensis,Opuntia,Cactaceae,whole plant growth form,tree,,,-14.5667,-68.4667,,BIEN,https://bien.nceas.ucsb.edu/bien/,1811316,James S. MIller,2026-03-28 23:42:38 UTC
Opuntia brasiliensis,Opuntia,Cactaceae,whole plant growth form,tree,,,-14.5667,-68.4667,,BIEN,https://bien.nceas.ucsb.edu/bien/,1811317,James S. MIller,2026-03-28 23:42:38 UTC
Opuntia brasiliensis,Opuntia,Cactaceae,whole plant growth form,tree,,,-14.5667,-68.4667,,BIEN,https://bien.nceas.ucsb.edu/bien/,1811318,James S. MIller,2026-03-28 23:42:38 UTC
Opuntia brasiliensis,Opuntia,Cactaceae,whole plant growth form,tree,,,-14.5667,-68.4667,,BIEN,https://bien.nceas.ucsb.edu/bien/,1811319,James S. MIller,2026-03-28 23:42:38 UTC
Opuntia brasiliensis,Opuntia,Cactaceae,whole plant growth form,tree,,,-14.5667,-68.4667,,BIEN,https://bien.nceas.ucsb.edu/bien/,1811320,James S. MIller,2026-03-28 23:42:38 UTC
Opuntia brasiliensis,Opuntia,Cactaceae,whole plant growth form,tree,,,-14.5667,-68.4667,,BIEN,https://bien.nceas.ucsb.edu/bien/,1811321,James S. MIller,2026-03-28 23:42:38 UTC
Opuntia brasiliensis,Opuntia,Cactaceae,whole plant growth form,tree,,,-14.5667,-68.4667,,BIEN,https://bien.nceas.ucsb.edu/bien/,1811322,James S. MIller,2026-03-28 23:42:38 UTC
Opuntia brasiliensis,Opuntia,Cactaceae,whole plant growth form,tree,,,-14.5667,-68.4667,,BIEN,https://bien.nceas.ucsb.edu/bien/,1811323,James S. MIller,2026-03-28 23:42:38 UTC
Opuntia brasiliensis,Opuntia,Cactaceae,whole plant growth form,tree,,,-14.5667,-68.4667,,BIEN,https://bien.nceas.ucsb.edu/bien/,1811324,James S. MIller,2026-03-28 23:42:38 UTC
Cereus repandus,Cereus,Cactaceae,whole plant growth form,tree,,,-18.7656,-62.2331,,BIEN,https://bien.nceas.ucsb.edu/bien/,1824163,James S. MIller,2026-03-28 23:42:38 UTC
Cereus repandus,Cereus,Cactaceae,whole plant growth form,tree,,,-18.7656,-62.2331,,BIEN,https://bien.nceas.ucsb.edu/bien/,1824164,James S. MIller,2026-03-28 23:42:38 UTC
Cereus repandus,Cereus,Cactaceae,whole plant growth form,tree,,,-18.7656,-62.2331,,BIEN,https://bien.nceas.ucsb.edu/bien/,1824165,James S. MIller,2026-03-28 23:42:38 UTC
Quiabentia verticillata,Quiabentia,Cactaceae,whole plant growth form,tree,,,-19.7,-62.1,,BIEN,https://bien.nceas.ucsb.edu/bien/,1827805,James S. MIller,2026-03-28 23:42:38 UTC
Quiabentia verticillata,Quiabentia,Cactaceae,whole plant growth form,tree,,,-19.7,-62.1,,BIEN,https://bien.nceas.ucsb.edu/bien/,1827806,James S. MIller,2026-03-28 23:42:38 UTC
Opuntia excelsa,Opuntia,Cactaceae,whole plant growth form,tree,,,19.5,-105.05,,BIEN,https://bien.nceas.ucsb.edu/bien/,1830902,James S. MIller,2026-03-28 23:42:38 UTC
Opuntia excelsa,Opuntia,Cactaceae,whole plant growth form,tree,,,19.5,-105.05,,BIEN,https://bien.nceas.ucsb.edu/bien/,1831028,James S. MIller,2026-03-28 23:42:38 UTC
Pereskia guamacho,Pereskia,Cactaceae,whole plant growth form,tree,,,10.8,-75.25,,BIEN,https://bien.nceas.ucsb.edu/bien/,1831308,James S. MIller,2026-03-28 23:42:38 UTC
Pereskia guamacho,Pereskia,Cactaceae,whole plant growth form,tree,,,10.8,-75.25,,BIEN,https://bien.nceas.ucsb.edu/bien/,1831309,James S. MIller,2026-03-28 23:42:38 UTC
Pereskia guamacho,Pereskia,Cactaceae,whole plant growth form,tree,,,10.8,-75.25,,BIEN,https://bien.nceas.ucsb.edu/bien/,1831310,James S. MIller,2026-03-28 23:42:38 UTC
Pereskia guamacho,Pereskia,Cactaceae,whole plant growth form,tree,,,10.8,-75.25,,BIEN,https://bien.nceas.ucsb.edu/bien/,1831311,James S. MIller,2026-03-28 23:42:38 UTC
Pereskia guamacho,Pereskia,Cactaceae,whole plant growth form,tree,,,10.8,-75.25,,BIEN,https://bien.nceas.ucsb.edu/bien/,1831312,James S. MIller,2026-03-28 23:42:38 UTC
Pereskia guamacho,Pereskia,Cactaceae,whole plant growth form,tree,,,10.8,-75.25,,BIEN,https://bien.nceas.ucsb.edu/bien/,1831313,James S. MIller,2026-03-28 23:42:38 UTC
Pereskia guamacho,Pereskia,Cactaceae,whole plant growth form,tree,,,10.8,-75.25,,BIEN,https://bien.nceas.ucsb.edu/bien/,1831314,James S. MIller,2026-03-28 23:42:38 UTC
Pereskia guamacho,Pereskia,Cactaceae,whole plant growth form,tree,,,10.8,-75.25,,BIEN,https://bien.nceas.ucsb.edu/bien/,1831316,James S. MIller,2026-03-28 23:42:38 UTC
Pereskia guamacho,Pereskia,Cactaceae,whole plant growth form,tree,,,10.8,-75.25,,BIEN,https://bien.nceas.ucsb.edu/bien/,1831317,James S. MIller,2026-03-28 23:42:38 UTC
Pereskia guamacho,Pereskia,Cactaceae,whole plant growth form,tree,,,10.8,-75.25,,BIEN,https://bien.nceas.ucsb.edu/bien/,1831318,James S. MIller,2026-03-28 23:42:38 UTC
Pereskia guamacho,Pereskia,Cactaceae,whole plant growth form,tree,,,10.8,-75.25,,BIEN,https://bien.nceas.ucsb.edu/bien/,1831319,James S. MIller,2026-03-28 23:42:38 UTC
Pereskia guamacho,Pereskia,Cactaceae,whole plant growth form,tree,,,10.8,-75.25,,BIEN,https://bien.nceas.ucsb.edu/bien/,1831320,James S. MIller,2026-03-28 23:42:38 UTC
Pereskia guamacho,Pereskia,Cactaceae,whole plant growth form,tree,,,10.8,-75.25,,BIEN,https://bien.nceas.ucsb.edu/bien/,1831321,James S. MIller,2026-03-28 23:42:38 UTC
Acanthocereus tetragonus,Acanthocereus,Cactaceae,whole plant growth form,liana,,,10.8,-75.25,,BIEN,https://bien.nceas.ucsb.edu/bien/,1834929,James S. MIller,2026-03-28 23:42:38 UTC
Acanthocereus tetragonus,Acanthocereus,Cactaceae,whole plant growth form,liana,,,10.8,-75.25,,BIEN,https://bien.nceas.ucsb.edu/bien/,1834930,James S. MIller,2026-03-28 23:42:38 UTC
Acanthocereus tetragonus,Acanthocereus,Cactaceae,whole plant growth form,liana,,,10.8,-75.25,,BIEN,https://bien.nceas.ucsb.edu/bien/,1834931,James S. MIller,2026-03-28 23:42:38 UTC
Cereus jamacaru,Cereus,Cactaceae,whole plant growth form,tree,,,8.56667,-67.5833,,BIEN,https://bien.nceas.ucsb.edu/bien/,1836559,James S. MIller,2026-03-28 23:42:38 UTC
Selenicereus monacanthus,Selenicereus,Cactaceae,whole plant growth form,hemiepiphyte,,,10.38,-73.094,,BIEN,https://bien.nceas.ucsb.edu/bien/,1836740,James S. MIller,2026-03-28 23:42:38 UTC
Opuntia brasiliensis,Opuntia,Cactaceae,whole plant growth form,tree,,,-14.5667,-68.4667,,BIEN,https://bien.nceas.ucsb.edu/bien/,1842013,James S. MIller,2026-03-28 23:42:38 UTC
Opuntia brasiliensis,Opuntia,Cactaceae,whole plant growth form,tree,,,-14.5667,-68.4667,,BIEN,https://bien.nceas.ucsb.edu/bien/,1842014,James S. MIller,2026-03-28 23:42:38 UTC
Opuntia brasiliensis,Opuntia,Cactaceae,whole plant growth form,tree,,,-14.5667,-68.4667,,BIEN,https://bien.nceas.ucsb.edu/bien/,1842015,James S. MIller,2026-03-28 23:42:38 UTC
Opuntia brasiliensis,Opuntia,Cactaceae,whole plant growth form,tree,,,-14.5667,-68.4667,,BIEN,https://bien.nceas.ucsb.edu/bien/,1842016,James S. MIller,2026-03-28 23:42:38 UTC
Opuntia brasiliensis,Opuntia,Cactaceae,whole plant growth form,tree,,,-14.5667,-68.4667,,BIEN,https://bien.nceas.ucsb.edu/bien/,1842017,James S. MIller,2026-03-28 23:42:38 UTC
Opuntia brasiliensis,Opuntia,Cactaceae,whole plant growth form,tree,,,-14.5667,-68.4667,,BIEN,https://bien.nceas.ucsb.edu/bien/,1842018,James S. MIller,2026-03-28 23:42:38 UTC
Opuntia brasiliensis,Opuntia,Cactaceae,whole plant growth form,tree,,,-14.5667,-68.4667,,BIEN,https://bien.nceas.ucsb.edu/bien/,1842019,James S. MIller,2026-03-28 23:42:38 UTC
Opuntia brasiliensis,Opuntia,Cactaceae,whole plant growth form,tree,,,-14.5667,-68.4667,,BIEN,https://bien.nceas.ucsb.edu/bien/,1842020,James S. MIller,2026-03-28 23:42:38 UTC
Opuntia brasiliensis,Opuntia,Cactaceae,whole plant growth form,tree,,,-14.5667,-68.4667,,BIEN,https://bien.nceas.ucsb.edu/bien/,1842021,James S. MIller,2026-03-28 23:42:38 UTC
Pereskia guamacho,Pereskia,Cactaceae,whole plant growth form,tree,,,10.8,-75.25,,BIEN,https://bien.nceas.ucsb.edu/bien/,1842096,James S. MIller,2026-03-28 23:42:38 UTC
Pereskia guamacho,Pereskia,Cactaceae,whole plant growth form,tree,,,10.8,-75.25,,BIEN,https://bien.nceas.ucsb.edu/bien/,1842097,James S. MIller,2026-03-28 23:42:38 UTC
Pereskia guamacho,Pereskia,Cactaceae,whole plant growth form,tree,,,10.8,-75.25,,BIEN,https://bien.nceas.ucsb.edu/bien/,1842098,James S. MIller,2026-03-28 23:42:38 UTC
Pachycereus pecten-aboriginum,Pachycereus,Cactaceae,whole plant growth form,tree,,,19.5,-105.05,,BIEN,https://bien.nceas.ucsb.edu/bien/,1843816,James S. MIller,2026-03-28 23:42:38 UTC
Pachycereus pecten-aboriginum,Pachycereus,Cactaceae,whole plant growth form,tree,,,19.5,-105.05,,BIEN,https://bien.nceas.ucsb.edu/bien/,1843817,James S. MIller,2026-03-28 23:42:38 UTC
Pachycereus pecten-aboriginum,Pachycereus,Cactaceae,whole plant growth form,tree,,,19.5,-105.05,,BIEN,https://bien.nceas.ucsb.edu/bien/,1843818,James S. MIller,2026-03-28 23:42:38 UTC
Cereus repandus,Cereus,Cactaceae,whole plant growth form,tree,,,-18.7656,-62.2331,,BIEN,https://bien.nceas.ucsb.edu/bien/,1844284,James S. MIller,2026-03-28 23:42:38 UTC
Pereskia guamacho,Pereskia,Cactaceae,whole plant growth form,tree,,,10.8,-75.25,,BIEN,https://bien.nceas.ucsb.edu/bien/,1845918,James S. MIller,2026-03-28 23:42:38 UTC
Pereskia guamacho,Pereskia,Cactaceae,whole plant growth form,tree,,,10.8,-75.25,,BIEN,https://bien.nceas.ucsb.edu/bien/,1845919,James S. MIller,2026-03-28 23:42:38 UTC
Pereskia guamacho,Pereskia,Cactaceae,whole plant growth form,tree,,,10.8,-75.25,,BIEN,https://bien.nceas.ucsb.edu/bien/,1845920,James S. MIller,2026-03-28 23:42:38 UTC
Pereskia guamacho,Pereskia,Cactaceae,whole plant growth form,tree,,,10.8,-75.25,,BIEN,https://bien.nceas.ucsb.edu/bien/,1845921,James S. MIller,2026-03-28 23:42:38 UTC
Pereskia guamacho,Pereskia,Cactaceae,whole plant growth form,tree,,,10.8,-75.25,,BIEN,https://bien.nceas.ucsb.edu/bien/,1845922,James S. MIller,2026-03-28 23:42:38 UTC
Pereskia guamacho,Pereskia,Cactaceae,whole plant growth form,tree,,,10.8,-75.25,,BIEN,https://bien.nceas.ucsb.edu/bien/,1845923,James S. MIller,2026-03-28 23:42:38 UTC
Pereskia guamacho,Pereskia,Cactaceae,whole plant growth form,tree,,,10.8,-75.25,,BIEN,https://bien.nceas.ucsb.edu/bien/,1845924,James S. MIller,2026-03-28 23:42:38 UTC
Pereskia sacharosa,Pereskia,Cactaceae,whole plant growth form,liana,,,-19.7,-62.1,,BIEN,https://bien.nceas.ucsb.edu/bien/,1855057,James S. MIller,2026-03-28 23:42:38 UTC
Pereskia sacharosa,Pereskia,Cactaceae,whole plant growth form,liana,,,-19.7,-62.1,,BIEN,https://bien.nceas.ucsb.edu/bien/,1855058,James S. MIller,2026-03-28 23:42:38 UTC
Stetsonia coryne,Stetsonia,Cactaceae,whole plant growth form,tree,,,-18.7656,-62.2331,,BIEN,https://bien.nceas.ucsb.edu/bien/,1855074,James S. MIller,2026-03-28 23:42:38 UTC
Stetsonia coryne,Stetsonia,Cactaceae,whole plant growth form,tree,,,-18.7656,-62.2331,,BIEN,https://bien.nceas.ucsb.edu/bien/,1855075,James S. MIller,2026-03-28 23:42:38 UTC
Stetsonia coryne,Stetsonia,Cactaceae,whole plant growth form,tree,,,-18.7656,-62.2331,,BIEN,https://bien.nceas.ucsb.edu/bien/,1855076,James S. MIller,2026-03-28 23:42:38 UTC
Stetsonia coryne,Stetsonia,Cactaceae,whole plant growth form,tree,,,-18.7656,-62.2331,,BIEN,https://bien.nceas.ucsb.edu/bien/,1855077,James S. MIller,2026-03-28 23:42:38 UTC
Cereus uruguayanus,Cereus,Cactaceae,whole plant growth form,tree,,,-34.087,-53.75,,BIEN,https://bien.nceas.ucsb.edu/bien/,1863350,Mauricio Bonifacino,2026-03-28 23:42:38 UTC
Pereskia guamacho,Pereskia,Cactaceae,whole plant growth form,tree,,,10.8,-75.25,,BIEN,https://bien.nceas.ucsb.edu/bien/,1864205,James S. MIller,2026-03-28 23:42:38 UTC
Pereskia guamacho,Pereskia,Cactaceae,whole plant growth form,tree,,,10.8,-75.25,,BIEN,https://bien.nceas.ucsb.edu/bien/,1864206,James S. MIller,2026-03-28 23:42:38 UTC
Pereskia guamacho,Pereskia,Cactaceae,whole plant growth form,tree,,,10.8,-75.25,,BIEN,https://bien.nceas.ucsb.edu/bien/,1864207,James S. MIller,2026-03-28 23:42:38 UTC
Pereskia guamacho,Pereskia,Cactaceae,whole plant growth form,tree,,,10.8,-75.25,,BIEN,https://bien.nceas.ucsb.edu/bien/,1864208,James S. MIller,2026-03-28 23:42:38 UTC
Monvillea cavendishii,Monvillea,Cactaceae,whole plant growth form,liana,,,-19.7,-62.1,,BIEN,https://bien.nceas.ucsb.edu/bien/,1864388,James S. MIller,2026-03-28 23:42:38 UTC
Stetsonia coryne,Stetsonia,Cactaceae,whole plant growth form,tree,,,-18.7656,-62.2331,,BIEN,https://bien.nceas.ucsb.edu/bien/,1864393,James S. MIller,2026-03-28 23:42:38 UTC
Stetsonia coryne,Stetsonia,Cactaceae,whole plant growth form,tree,,,-18.7656,-62.2331,,BIEN,https://bien.nceas.ucsb.edu/bien/,1864394,James S. MIller,2026-03-28 23:42:38 UTC
Stetsonia coryne,Stetsonia,Cactaceae,whole plant growth form,tree,,,-18.7656,-62.2331,,BIEN,https://bien.nceas.ucsb.edu/bien/,1864395,James S. MIller,2026-03-28 23:42:38 UTC
Cleistocactus baumannii,Cleistocactus,Cactaceae,whole plant growth form,tree,,,-19.7,-62.1,,BIEN,https://bien.nceas.ucsb.edu/bien/,1868059,James S. MIller,2026-03-28 23:42:38 UTC
Cleistocactus baumannii,Cleistocactus,Cactaceae,whole plant growth form,tree,,,-19.7,-62.1,,BIEN,https://bien.nceas.ucsb.edu/bien/,1868060,James S. MIller,2026-03-28 23:42:38 UTC
Opuntia brasiliensis,Opuntia,Cactaceae,whole plant growth form,tree,,,-14.5667,-68.4667,,BIEN,https://bien.nceas.ucsb.edu/bien/,1869536,James S. MIller,2026-03-28 23:42:38 UTC
Opuntia brasiliensis,Opuntia,Cactaceae,whole plant growth form,tree,,,-14.5667,-68.4667,,BIEN,https://bien.nceas.ucsb.edu/bien/,1869537,James S. MIller,2026-03-28 23:42:38 UTC
Opuntia brasiliensis,Opuntia,Cactaceae,whole plant growth form,tree,,,-14.5667,-68.4667,,BIEN,https://bien.nceas.ucsb.edu/bien/,1869538,James S. MIller,2026-03-28 23:42:38 UTC
Opuntia brasiliensis,Opuntia,Cactaceae,whole plant growth form,tree,,,-14.5667,-68.4667,,BIEN,https://bien.nceas.ucsb.edu/bien/,1869539,James S. MIller,2026-03-28 23:42:38 UTC
Opuntia brasiliensis,Opuntia,Cactaceae,whole plant growth form,tree,,,-14.5667,-68.4667,,BIEN,https://bien.nceas.ucsb.edu/bien/,1869541,James S. MIller,2026-03-28 23:42:38 UTC
Opuntia brasiliensis,Opuntia,Cactaceae,whole plant growth form,tree,,,-14.5667,-68.4667,,BIEN,https://bien.nceas.ucsb.edu/bien/,1869542,James S. MIller,2026-03-28 23:42:38 UTC
Opuntia brasiliensis,Opuntia,Cactaceae,whole plant growth form,tree,,,-14.5667,-68.4667,,BIEN,https://bien.nceas.ucsb.edu/bien/,1869543,James S. MIller,2026-03-28 23:42:38 UTC
Opuntia brasiliensis,Opuntia,Cactaceae,whole plant growth form,tree,,,-14.5667,-68.4667,,BIEN,https://bien.nceas.ucsb.edu/bien/,1869544,James S. MIller,2026-03-28 23:42:38 UTC
Opuntia brasiliensis,Opuntia,Cactaceae,whole plant growth form,tree,,,-14.5667,-68.4667,,BIEN,https://bien.nceas.ucsb.edu/bien/,1869546,James S. MIller,2026-03-28 23:42:38 UTC
Opuntia brasiliensis,Opuntia,Cactaceae,whole plant growth form,tree,,,-14.5667,-68.4667,,BIEN,https://bien.nceas.ucsb.edu/bien/,1869547,James S. MIller,2026-03-28 23:42:38 UTC
Opuntia brasiliensis,Opuntia,Cactaceae,whole plant growth form,tree,,,-14.5667,-68.4667,,BIEN,https://bien.nceas.ucsb.edu/bien/,1880818,James S. MIller,2026-03-28 23:42:38 UTC
Cereus stenogonus,Cereus,Cactaceae,whole plant growth form,tree,,,-19.7,-62.1,,BIEN,https://bien.nceas.ucsb.edu/bien/,1882934,James S. MIller,2026-03-28 23:42:38 UTC
Cereus stenogonus,Cereus,Cactaceae,whole plant growth form,tree,,,-19.7,-62.1,,BIEN,https://bien.nceas.ucsb.edu/bien/,1882935,James S. MIller,2026-03-28 23:42:38 UTC
Monvillea cavendishii,Monvillea,Cactaceae,whole plant growth form,liana,,,-18.7656,-62.2331,,BIEN,https://bien.nceas.ucsb.edu/bien/,1882953,James S. MIller,2026-03-28 23:42:38 UTC
Cereus stenogonus,Cereus,Cactaceae,whole plant growth form,tree,,,-19.7,-62.1,,BIEN,https://bien.nceas.ucsb.edu/bien/,1886580,James S. MIller,2026-03-28 23:42:38 UTC
Opuntia retrorsa,Opuntia,Cactaceae,whole plant growth form,liana,,,-18.7656,-62.2331,,BIEN,https://bien.nceas.ucsb.edu/bien/,1888432,James S. MIller,2026-03-28 23:42:38 UTC
Opuntia brasiliensis,Opuntia,Cactaceae,whole plant growth form,tree,,,-14.5667,-68.4667,,BIEN,https://bien.nceas.ucsb.edu/bien/,1889962,James S. MIller,2026-03-28 23:42:38 UTC
Opuntia brasiliensis,Opuntia,Cactaceae,whole plant growth form,tree,,,-14.5667,-68.4667,,BIEN,https://bien.nceas.ucsb.edu/bien/,1889963,James S. MIller,2026-03-28 23:42:38 UTC
Opuntia brasiliensis,Opuntia,Cactaceae,whole plant growth form,tree,,,-14.5667,-68.4667,,BIEN,https://bien.nceas.ucsb.edu/bien/,1889964,James S. MIller,2026-03-28 23:42:38 UTC
Opuntia brasiliensis,Opuntia,Cactaceae,whole plant growth form,tree,,,-14.5667,-68.4667,,BIEN,https://bien.nceas.ucsb.edu/bien/,1889965,James S. MIller,2026-03-28 23:42:38 UTC
Cereus stenogonus,Cereus,Cactaceae,whole plant growth form,tree,,,-18.7656,-62.2331,,BIEN,https://bien.nceas.ucsb.edu/bien/,1890276,James S. MIller,2026-03-28 23:42:38 UTC
Cereus uruguayanus,Cereus,Cactaceae,whole plant growth form,tree,,,-34.089,-53.788,,BIEN,https://bien.nceas.ucsb.edu/bien/,1890977,Mauricio Bonifacino,2026-03-28 23:42:38 UTC
Cereus uruguayanus,Cereus,Cactaceae,whole plant growth form,tree,,,-34.089,-53.788,,BIEN,https://bien.nceas.ucsb.edu/bien/,1890978,Mauricio Bonifacino,2026-03-28 23:42:38 UTC
Stetsonia coryne,Stetsonia,Cactaceae,whole plant growth form,tree,,,-18.7656,-62.2331,,BIEN,https://bien.nceas.ucsb.edu/bien/,1902878,James S. MIller,2026-03-28 23:42:38 UTC
Stetsonia coryne,Stetsonia,Cactaceae,whole plant growth form,tree,,,-18.7656,-62.2331,,BIEN,https://bien.nceas.ucsb.edu/bien/,1902879,James S. MIller,2026-03-28 23:42:38 UTC
Stetsonia coryne,Stetsonia,Cactaceae,whole plant growth form,tree,,,-18.7656,-62.2331,,BIEN,https://bien.nceas.ucsb.edu/bien/,1904772,James S. MIller,2026-03-28 23:42:38 UTC
Stetsonia coryne,Stetsonia,Cactaceae,whole plant growth form,tree,,,-18.7656,-62.2331,,BIEN,https://bien.nceas.ucsb.edu/bien/,1904773,James S. MIller,2026-03-28 23:42:38 UTC
Stetsonia coryne,Stetsonia,Cactaceae,whole plant growth form,tree,,,-18.7656,-62.2331,,BIEN,https://bien.nceas.ucsb.edu/bien/,1904774,James S. MIller,2026-03-28 23:42:38 UTC
Stenocereus chrysocarpus,Stenocereus,Cactaceae,whole plant growth form,tree,,,19.5,-105.05,,BIEN,https://bien.nceas.ucsb.edu/bien/,1907877,James S. MIller,2026-03-28 23:42:38 UTC
Cereus repandus,Cereus,Cactaceae,whole plant growth form,tree,,,-18.7656,-62.2331,,BIEN,https://bien.nceas.ucsb.edu/bien/,1915846,James S. MIller,2026-03-28 23:42:38 UTC
Cereus repandus,Cereus,Cactaceae,whole plant growth form,tree,,,-18.7656,-62.2331,,BIEN,https://bien.nceas.ucsb.edu/bien/,1915847,James S. MIller,2026-03-28 23:42:38 UTC
Monvillea cavendishii,Monvillea,Cactaceae,whole plant growth form,liana,,,-18.7656,-62.2331,,BIEN,https://bien.nceas.ucsb.edu/bien/,1917709,James S. MIller,2026-03-28 23:42:38 UTC
Stetsonia coryne,Stetsonia,Cactaceae,whole plant growth form,tree,,,-18.7656,-62.2331,,BIEN,https://bien.nceas.ucsb.edu/bien/,1919571,James S. MIller,2026-03-28 23:42:38 UTC
Stetsonia coryne,Stetsonia,Cactaceae,whole plant growth form,tree,,,-18.7656,-62.2331,,BIEN,https://bien.nceas.ucsb.edu/bien/,1919572,James S. MIller,2026-03-28 23:42:38 UTC
Stetsonia coryne,Stetsonia,Cactaceae,whole plant growth form,tree,,,-18.7656,-62.2331,,BIEN,https://bien.nceas.ucsb.edu/bien/,1919573,James S. MIller,2026-03-28 23:42:38 UTC
Stetsonia coryne,Stetsonia,Cactaceae,whole plant growth form,tree,,,-18.7656,-62.2331,,BIEN,https://bien.nceas.ucsb.edu/bien/,1919574,James S. MIller,2026-03-28 23:42:38 UTC
Opuntia brasiliensis,Opuntia,Cactaceae,whole plant growth form,tree,,,-14.5667,-68.4667,,BIEN,https://bien.nceas.ucsb.edu/bien/,1922948,James S. MIller,2026-03-28 23:42:38 UTC
Opuntia brasiliensis,Opuntia,Cactaceae,whole plant growth form,tree,,,-14.5667,-68.4667,,BIEN,https://bien.nceas.ucsb.edu/bien/,1922949,James S. MIller,2026-03-28 23:42:38 UTC
Opuntia brasiliensis,Opuntia,Cactaceae,whole plant growth form,tree,,,-14.5667,-68.4667,,BIEN,https://bien.nceas.ucsb.edu/bien/,1922950,James S. MIller,2026-03-28 23:42:38 UTC
Opuntia brasiliensis,Opuntia,Cactaceae,whole plant growth form,tree,,,-14.5667,-68.4667,,BIEN,https://bien.nceas.ucsb.edu/bien/,1922951,James S. MIller,2026-03-28 23:42:38 UTC
Opuntia brasiliensis,Opuntia,Cactaceae,whole plant growth form,tree,,,-14.5667,-68.4667,,BIEN,https://bien.nceas.ucsb.edu/bien/,1930253,James S. MIller,2026-03-28 23:42:38 UTC
Opuntia brasiliensis,Opuntia,Cactaceae,whole plant growth form,tree,,,-14.5667,-68.4667,,BIEN,https://bien.nceas.ucsb.edu/bien/,1930254,James S. MIller,2026-03-28 23:42:38 UTC
Opuntia brasiliensis,Opuntia,Cactaceae,whole plant growth form,tree,,,-14.5667,-68.4667,,BIEN,https://bien.nceas.ucsb.edu/bien/,1930255,James S. MIller,2026-03-28 23:42:38 UTC
Opuntia brasiliensis,Opuntia,Cactaceae,whole plant growth form,tree,,,-14.5667,-68.4667,,BIEN,https://bien.nceas.ucsb.edu/bien/,1930256,James S. MIller,2026-03-28 23:42:38 UTC
Cereus stenogonus,Cereus,Cactaceae,whole plant growth form,tree,,,-18.7656,-62.2331,,BIEN,https://bien.nceas.ucsb.edu/bien/,1932367,James S. MIller,2026-03-28 23:42:38 UTC
Selenicereus monacanthus,Selenicereus,Cactaceae,whole plant growth form,hemiepiphyte,,,10.38,-73.094,,BIEN,https://bien.nceas.ucsb.edu/bien/,1934037,James S. MIller,2026-03-28 23:42:38 UTC
Pachycereus pecten-aboriginum,Pachycereus,Cactaceae,whole plant growth form,tree,,,19.5,-105.05,,BIEN,https://bien.nceas.ucsb.edu/bien/,1937313,James S. MIller,2026-03-28 23:42:38 UTC
Cleistocactus baumannii,Cleistocactus,Cactaceae,whole plant growth form,liana,,,-18.7656,-62.2331,,BIEN,https://bien.nceas.ucsb.edu/bien/,1939827,James S. MIller,2026-03-28 23:42:38 UTC
Opuntia brasiliensis,Opuntia,Cactaceae,whole plant growth form,tree,,,-14.5667,-68.4667,,BIEN,https://bien.nceas.ucsb.edu/bien/,1941402,James S. MIller,2026-03-28 23:42:38 UTC
Opuntia brasiliensis,Opuntia,Cactaceae,whole plant growth form,tree,,,-14.5667,-68.4667,,BIEN,https://bien.nceas.ucsb.edu/bien/,1941403,James S. MIller,2026-03-28 23:42:38 UTC
Opuntia brasiliensis,Opuntia,Cactaceae,whole plant growth form,tree,,,-14.5667,-68.4667,,BIEN,https://bien.nceas.ucsb.edu/bien/,1941404,James S. MIller,2026-03-28 23:42:38 UTC
Opuntia brasiliensis,Opuntia,Cactaceae,whole plant growth form,tree,,,-14.5667,-68.4667,,BIEN,https://bien.nceas.ucsb.edu/bien/,1941405,James S. MIller,2026-03-28 23:42:38 UTC
Opuntia brasiliensis,Opuntia,Cactaceae,whole plant growth form,tree,,,-14.5667,-68.4667,,BIEN,https://bien.nceas.ucsb.edu/bien/,1941406,James S. MIller,2026-03-28 23:42:38 UTC
Opuntia brasiliensis,Opuntia,Cactaceae,whole plant growth form,tree,,,-14.5667,-68.4667,,BIEN,https://bien.nceas.ucsb.edu/bien/,1941407,James S. MIller,2026-03-28 23:42:38 UTC
Opuntia brasiliensis,Opuntia,Cactaceae,whole plant growth form,tree,,,-14.5667,-68.4667,,BIEN,https://bien.nceas.ucsb.edu/bien/,1941408,James S. MIller,2026-03-28 23:42:38 UTC
Opuntia brasiliensis,Opuntia,Cactaceae,whole plant growth form,tree,,,-14.5667,-68.4667,,BIEN,https://bien.nceas.ucsb.edu/bien/,1941409,James S. MIller,2026-03-28 23:42:38 UTC
Opuntia brasiliensis,Opuntia,Cactaceae,whole plant growth form,tree,,,-14.5667,-68.4667,,BIEN,https://bien.nceas.ucsb.edu/bien/,1941410,James S. MIller,2026-03-28 23:42:38 UTC
Opuntia brasiliensis,Opuntia,Cactaceae,whole plant growth form,tree,,,-14.5667,-68.4667,,BIEN,https://bien.nceas.ucsb.edu/bien/,1941411,James S. MIller,2026-03-28 23:42:38 UTC
Peniocereus cuixmalensis,Peniocereus,Cactaceae,whole plant growth form,tree,,,19.5,-105.05,,BIEN,https://bien.nceas.ucsb.edu/bien/,1943099,James S. MIller,2026-03-28 23:42:38 UTC
Hylocereus polyrhizus,Hylocereus,Cactaceae,whole plant growth form,hemiepiphyte,,,-4.17,-80.587,,BIEN,https://bien.nceas.ucsb.edu/bien/,1950591,James S. MIller,2026-03-28 23:42:38 UTC
Cereus repandus,Cereus,Cactaceae,whole plant growth form,tree,,,-18.7656,-62.2331,,BIEN,https://bien.nceas.ucsb.edu/bien/,1952824,James S. MIller,2026-03-28 23:42:38 UTC
Opuntia brasiliensis,Opuntia,Cactaceae,whole plant growth form,tree,,,-14.5667,-68.4667,,BIEN,https://bien.nceas.ucsb.edu/bien/,1958040,James S. MIller,2026-03-28 23:42:38 UTC
Opuntia brasiliensis,Opuntia,Cactaceae,whole plant growth form,tree,,,-14.5667,-68.4667,,BIEN,https://bien.nceas.ucsb.edu/bien/,1958041,James S. MIller,2026-03-28 23:42:38 UTC
Opuntia brasiliensis,Opuntia,Cactaceae,whole plant growth form,tree,,,-14.5667,-68.4667,,BIEN,https://bien.nceas.ucsb.edu/bien/,1958042,James S. MIller,2026-03-28 23:42:38 UTC
Opuntia brasiliensis,Opuntia,Cactaceae,whole plant growth form,tree,,,-14.5667,-68.4667,,BIEN,https://bien.nceas.ucsb.edu/bien/,1958043,James S. MIller,2026-03-28 23:42:38 UTC
Opuntia excelsa,Opuntia,Cactaceae,whole plant growth form,tree,,,19.5,-105.05,,BIEN,https://bien.nceas.ucsb.edu/bien/,1961378,James S. MIller,2026-03-28 23:42:38 UTC
Pereskia guamacho,Pereskia,Cactaceae,whole plant growth form,tree,,,8.93333,-67.4167,,BIEN,https://bien.nceas.ucsb.edu/bien/,1961708,James S. MIller,2026-03-28 23:42:38 UTC
Pereskia guamacho,Pereskia,Cactaceae,whole plant growth form,tree,,,10.088,-65.428,,BIEN,https://bien.nceas.ucsb.edu/bien/,1961862,James S. MIller,2026-03-28 23:42:38 UTC
Pereskia guamacho,Pereskia,Cactaceae,whole plant growth form,tree,,,10.8,-75.25,,BIEN,https://bien.nceas.ucsb.edu/bien/,1967017,James S. MIller,2026-03-28 23:42:38 UTC
Pereskia guamacho,Pereskia,Cactaceae,whole plant growth form,tree,,,10.8,-75.25,,BIEN,https://bien.nceas.ucsb.edu/bien/,1967018,James S. MIller,2026-03-28 23:42:38 UTC
Pereskia guamacho,Pereskia,Cactaceae,whole plant growth form,tree,,,10.8,-75.25,,BIEN,https://bien.nceas.ucsb.edu/bien/,1967019,James S. MIller,2026-03-28 23:42:38 UTC
Pereskia guamacho,Pereskia,Cactaceae,whole plant growth form,tree,,,10.8,-75.25,,BIEN,https://bien.nceas.ucsb.edu/bien/,1967020,James S. MIller,2026-03-28 23:42:38 UTC
Pereskia guamacho,Pereskia,Cactaceae,whole plant growth form,tree,,,10.8,-75.25,,BIEN,https://bien.nceas.ucsb.edu/bien/,1967021,James S. MIller,2026-03-28 23:42:38 UTC
Pereskia guamacho,Pereskia,Cactaceae,whole plant growth form,tree,,,10.8,-75.25,,BIEN,https://bien.nceas.ucsb.edu/bien/,1967022,James S. MIller,2026-03-28 23:42:38 UTC
Pereskia guamacho,Pereskia,Cactaceae,whole plant growth form,tree,,,10.8,-75.25,,BIEN,https://bien.nceas.ucsb.edu/bien/,1967023,James S. MIller,2026-03-28 23:42:38 UTC
Pereskia guamacho,Pereskia,Cactaceae,whole plant growth form,tree,,,10.8,-75.25,,BIEN,https://bien.nceas.ucsb.edu/bien/,1967024,James S. MIller,2026-03-28 23:42:38 UTC
Pereskia guamacho,Pereskia,Cactaceae,whole plant growth form,tree,,,10.8,-75.25,,BIEN,https://bien.nceas.ucsb.edu/bien/,1967025,James S. MIller,2026-03-28 23:42:38 UTC
Pereskia guamacho,Pereskia,Cactaceae,whole plant growth form,tree,,,10.8,-75.25,,BIEN,https://bien.nceas.ucsb.edu/bien/,1967026,James S. MIller,2026-03-28 23:42:38 UTC
Pereskia guamacho,Pereskia,Cactaceae,whole plant growth form,tree,,,10.8,-75.25,,BIEN,https://bien.nceas.ucsb.edu/bien/,1967027,James S. MIller,2026-03-28 23:42:38 UTC
Pereskia guamacho,Pereskia,Cactaceae,whole plant growth form,tree,,,10.8,-75.25,,BIEN,https://bien.nceas.ucsb.edu/bien/,1967028,James S. MIller,2026-03-28 23:42:38 UTC
Pereskia guamacho,Pereskia,Cactaceae,whole plant growth form,tree,,,11.3333,-74.0333,,BIEN,https://bien.nceas.ucsb.edu/bien/,1976262,James S. MIller,2026-03-28 23:42:38 UTC
Selenicereus monacanthus,Selenicereus,Cactaceae,whole plant growth form,hemiepiphyte,,,10.38,-73.094,,BIEN,https://bien.nceas.ucsb.edu/bien/,1978048,James S. MIller,2026-03-28 23:42:38 UTC
Cereus stenogonus,Cereus,Cactaceae,whole plant growth form,tree,,,-19.7,-62.1,,BIEN,https://bien.nceas.ucsb.edu/bien/,1978187,James S. MIller,2026-03-28 23:42:38 UTC
Cereus jamacaru,Cereus,Cactaceae,whole plant growth form,tree,,,8.56667,-67.5833,,BIEN,https://bien.nceas.ucsb.edu/bien/,1979708,James S. MIller,2026-03-28 23:42:38 UTC
Cereus jamacaru,Cereus,Cactaceae,whole plant growth form,tree,,,8.56667,-67.5833,,BIEN,https://bien.nceas.ucsb.edu/bien/,1979709,James S. MIller,2026-03-28 23:42:38 UTC
Pereskia aculeata,Pereskia,Cactaceae,whole plant growth form,liana,,,-24.1333,-55.5333,,BIEN,https://bien.nceas.ucsb.edu/bien/,1979907,James S. MIller,2026-03-28 23:42:38 UTC
Cereus uruguayanus,Cereus,Cactaceae,whole plant growth form,tree,,,-34.089,-53.788,,BIEN,https://bien.nceas.ucsb.edu/bien/,1980777,Mauricio Bonifacino,2026-03-28 23:42:38 UTC
Quiabentia verticillata,Quiabentia,Cactaceae,whole plant growth form,tree,,,-18.7656,-62.2331,,BIEN,https://bien.nceas.ucsb.edu/bien/,1981898,James S. MIller,2026-03-28 23:42:38 UTC
Quiabentia verticillata,Quiabentia,Cactaceae,whole plant growth form,tree,,,-18.7656,-62.2331,,BIEN,https://bien.nceas.ucsb.edu/bien/,1981899,James S. MIller,2026-03-28 23:42:38 UTC
Corryocactus brevistylus,Corryocactus,Cactaceae,leaf nitrogen content per leaf dry mass,14.50018767,mg.g-1,Total amount of N per unit of dry leaf mass - Cornelissen et al. 2003,-18.4175,-69.725,9293,BIEN,https://bien.nceas.ucsb.edu/bien/,3104421,Cyrille Violle/Brian Enquist ,2026-03-28 23:42:38 UTC
Browningia candelaris,Browningia,Cactaceae,leaf nitrogen content per leaf dry mass,9.93873781,mg.g-1,Total amount of N per unit of dry leaf mass - Cornelissen et al. 2003,-22.60444,-77.05083,2250,BIEN,https://bien.nceas.ucsb.edu/bien/,3111017,Cyrille Violle/Brian Enquist ,2026-03-28 23:42:38 UTC
Opuntia atacamensis,Opuntia,Cactaceae,leaf carbon content per leaf dry mass,391.172235,mg.g-1,carbon concentration of oven-dried (70ÃÂ°C for 72 hours) tissue,-18.4175,-69.725,9293,BIEN,https://bien.nceas.ucsb.edu/bien/,3150145,Cyrille Violle/Brian Enquist ,2026-03-28 23:42:38 UTC
Opuntia camachoi,Opuntia,Cactaceae,leaf carbon content per leaf dry mass,416.557045,mg.g-1,carbon concentration of oven-dried (70ÃÂ°C for 72 hours) tissue,-18.4175,-69.725,9293,BIEN,https://bien.nceas.ucsb.edu/bien/,3150146,Cyrille Violle/Brian Enquist ,2026-03-28 23:42:38 UTC
Opuntia camachoi,Opuntia,Cactaceae,leaf nitrogen content per leaf dry mass,22.28400736,mg.g-1,Total amount of N per unit of dry leaf mass - Cornelissen et al. 2003,-18.4175,-69.725,9293,BIEN,https://bien.nceas.ucsb.edu/bien/,3151521,Cyrille Violle/Brian Enquist ,2026-03-28 23:42:38 UTC
Corryocactus brevistylus,Corryocactus,Cactaceae,leaf carbon content per leaf dry mass,494.521037,mg.g-1,carbon concentration of oven-dried (70ÃÂ°C for 72 hours) tissue,-18.4175,-69.725,9293,BIEN,https://bien.nceas.ucsb.edu/bien/,3188822,Cyrille Violle/Brian Enquist ,2026-03-28 23:42:38 UTC
Cumulopuntia boliviana,Cumulopuntia,Cactaceae,leaf phosphorus content per leaf dry mass,1.47637,mg.g-1,,-18.25667,-69.30472,4620,BIEN,https://bien.nceas.ucsb.edu/bien/,3250848,Cyrille Violle/Brian Enquist ,2026-03-28 23:42:38 UTC
Browningia candelaris,Browningia,Cactaceae,leaf carbon content per leaf dry mass,402.115787,mg.g-1,carbon concentration of oven-dried (70ÃÂ°C for 72 hours) tissue,-22.60444,-77.05083,2250,BIEN,https://bien.nceas.ucsb.edu/bien/,3237397,Cyrille Violle/Brian Enquist ,2026-03-28 23:42:38 UTC
Cumulopuntia boliviana,Cumulopuntia,Cactaceae,leaf carbon content per leaf dry mass,407.075441,mg.g-1,carbon concentration of oven-dried (70ÃÂ°C for 72 hours) tissue,-18.25667,-69.30472,4620,BIEN,https://bien.nceas.ucsb.edu/bien/,3783782,Cyrille Violle/Brian Enquist ,2026-03-28 23:42:38 UTC
Corryocactus brevistylus,Corryocactus,Cactaceae,leaf phosphorus content per leaf dry mass,1.29484,mg.g-1,,-18.4175,-69.725,9293,BIEN,https://bien.nceas.ucsb.edu/bien/,3995024,Cyrille Violle/Brian Enquist ,2026-03-28 23:42:38 UTC
Opuntia atacamensis,Opuntia,Cactaceae,leaf nitrogen content per leaf dry mass,20.33114259,mg.g-1,Total amount of N per unit of dry leaf mass - Cornelissen et al. 2003,-18.4175,-69.725,9293,BIEN,https://bien.nceas.ucsb.edu/bien/,3995054,Cyrille Violle/Brian Enquist ,2026-03-28 23:42:38 UTC
Opuntia atacamensis,Opuntia,Cactaceae,leaf phosphorus content per leaf dry mass,1.12109,mg.g-1,,-18.4175,-69.725,9293,BIEN,https://bien.nceas.ucsb.edu/bien/,3995055,Cyrille Violle/Brian Enquist ,2026-03-28 23:42:38 UTC
Opuntia camachoi,Opuntia,Cactaceae,leaf phosphorus content per leaf dry mass,1.20754,mg.g-1,,-18.4175,-69.725,9293,BIEN,https://bien.nceas.ucsb.edu/bien/,3995011,Cyrille Violle/Brian Enquist ,2026-03-28 23:42:38 UTC
Opuntia camachoi,Opuntia,Cactaceae,leaf carbon content per leaf dry mass,394.428079,mg.g-1,carbon concentration of oven-dried (70ÃÂ°C for 72 hours) tissue,-18.4175,-69.725,9293,BIEN,https://bien.nceas.ucsb.edu/bien/,3995081,Cyrille Violle/Brian Enquist ,2026-03-28 23:42:38 UTC
Opuntia camachoi,Opuntia,Cactaceae,leaf phosphorus content per leaf dry mass,3.77285,mg.g-1,,-18.4175,-69.725,9293,BIEN,https://bien.nceas.ucsb.edu/bien/,3995082,Cyrille Violle/Brian Enquist ,2026-03-28 23:42:38 UTC
Pilosocereus royenii,Pilosocereus,Cactaceae,diameter at breast height (1.3 m),7.112,cm,,18.343492,-64.686548,,BIEN,https://bien.nceas.ucsb.edu/bien/,5233925,Greg Reams,2026-03-28 23:42:38 UTC
Opuntia phaeacantha,Opuntia,Cactaceae,diameter at breast height (1.3 m),10,cm,,37.283549461,-113.097965329,,BIEN,https://bien.nceas.ucsb.edu/bien/,5241827,Marion Reid,2026-03-28 23:42:38 UTC
Pilosocereus royenii,Pilosocereus,Cactaceae,diameter at breast height (1.3 m),6.6802,cm,,18.036061,-66.181608,,BIEN,https://bien.nceas.ucsb.edu/bien/,5615648,Greg Reams,2026-03-28 23:42:38 UTC
Opuntia phaeacantha,Opuntia,Cactaceae,diameter at breast height (1.3 m),10,cm,,37.283549461,-113.097965329,,BIEN,https://bien.nceas.ucsb.edu/bien/,5841235,Marion Reid,2026-03-28 23:42:38 UTC
Pilosocereus royenii,Pilosocereus,Cactaceae,diameter at breast height (1.3 m),18.542,cm,,17.950829,-66.966923,,BIEN,https://bien.nceas.ucsb.edu/bien/,6016262,Greg Reams,2026-03-28 23:42:38 UTC
Pilosocereus royenii,Pilosocereus,Cactaceae,diameter at breast height (1.3 m),6.4262,cm,,18.036061,-66.181608,,BIEN,https://bien.nceas.ucsb.edu/bien/,6016348,Greg Reams,2026-03-28 23:42:38 UTC
Echinocereus engelmannii,Echinocereus,Cactaceae,diameter at breast height (1.3 m),13,cm,,37.283549461,-113.097965329,,BIEN,https://bien.nceas.ucsb.edu/bien/,6545422,Marion Reid,2026-03-28 23:42:38 UTC
Pilosocereus royenii,Pilosocereus,Cactaceae,diameter at breast height (1.3 m),8.89,cm,,17.936876,-66.945937,,BIEN,https://bien.nceas.ucsb.edu/bien/,7319398,Greg Reams,2026-03-28 23:42:38 UTC
Pilosocereus royenii,Pilosocereus,Cactaceae,diameter at breast height (1.3 m),7.1882,cm,,18.036061,-66.181608,,BIEN,https://bien.nceas.ucsb.edu/bien/,7319466,Greg Reams,2026-03-28 23:42:38 UTC
Pilosocereus royenii,Pilosocereus,Cactaceae,diameter at breast height (1.3 m),5.6642,cm,,18.036061,-66.181608,,BIEN,https://bien.nceas.ucsb.edu/bien/,7622852,Greg Reams,2026-03-28 23:42:38 UTC
Pilosocereus royenii,Pilosocereus,Cactaceae,diameter at breast height (1.3 m),9.3726,cm,,17.936876,-66.945937,,BIEN,https://bien.nceas.ucsb.edu/bien/,7622870,Greg Reams,2026-03-28 23:42:38 UTC
Pilosocereus royenii,Pilosocereus,Cactaceae,diameter at breast height (1.3 m),9.652,cm,,18.343492,-64.686548,,BIEN,https://bien.nceas.ucsb.edu/bien/,8047258,Greg Reams,2026-03-28 23:42:38 UTC
Pilosocereus royenii,Pilosocereus,Cactaceae,diameter at breast height (1.3 m),23.114,cm,,17.950829,-66.966923,,BIEN,https://bien.nceas.ucsb.edu/bien/,8123807,Greg Reams,2026-03-28 23:42:38 UTC
Pilosocereus royenii,Pilosocereus,Cactaceae,diameter at breast height (1.3 m),9.906,cm,,18.002006,-66.829729,,BIEN,https://bien.nceas.ucsb.edu/bien/,8221609,Greg Reams,2026-03-28 23:42:38 UTC
Pilosocereus royenii,Pilosocereus,Cactaceae,diameter at breast height (1.3 m),6.35,cm,,18.036061,-66.181608,,BIEN,https://bien.nceas.ucsb.edu/bien/,8522393,Greg Reams,2026-03-28 23:42:38 UTC
Pilosocereus royenii,Pilosocereus,Cactaceae,diameter at breast height (1.3 m),21.59,cm,,18.002006,-66.829729,,BIEN,https://bien.nceas.ucsb.edu/bien/,8522403,Greg Reams,2026-03-28 23:42:38 UTC
Pilosocereus royenii,Pilosocereus,Cactaceae,diameter at breast height (1.3 m),8.89,cm,,18.002006,-66.829729,,BIEN,https://bien.nceas.ucsb.edu/bien/,8522463,Greg Reams,2026-03-28 23:42:38 UTC
Pilosocereus royenii,Pilosocereus,Cactaceae,diameter at breast height (1.3 m),6.9342,cm,,18.036061,-66.181608,,BIEN,https://bien.nceas.ucsb.edu/bien/,8522491,Greg Reams,2026-03-28 23:42:38 UTC
Pilosocereus royenii,Pilosocereus,Cactaceae,diameter at breast height (1.3 m),33.528,cm,,18.357457,-64.709481,,BIEN,https://bien.nceas.ucsb.edu/bien/,8544824,Greg Reams,2026-03-28 23:42:38 UTC
Pilosocereus royenii,Pilosocereus,Cactaceae,diameter at breast height (1.3 m),16.764,cm,,18.357457,-64.709481,,BIEN,https://bien.nceas.ucsb.edu/bien/,8743678,Greg Reams,2026-03-28 23:42:38 UTC
Pilosocereus royenii,Pilosocereus,Cactaceae,diameter at breast height (1.3 m),9.398,cm,,17.936876,-66.945937,,BIEN,https://bien.nceas.ucsb.edu/bien/,8924129,Greg Reams,2026-03-28 23:42:38 UTC
Pilosocereus royenii,Pilosocereus,Cactaceae,diameter at breast height (1.3 m),20.066,cm,,17.950829,-66.966923,,BIEN,https://bien.nceas.ucsb.edu/bien/,9226125,Greg Reams,2026-03-28 23:42:38 UTC
Pilosocereus royenii,Pilosocereus,Cactaceae,diameter at breast height (1.3 m),9.5504,cm,,18.036061,-66.181608,,BIEN,https://bien.nceas.ucsb.edu/bien/,9325759,Greg Reams,2026-03-28 23:42:38 UTC
Pilosocereus royenii,Pilosocereus,Cactaceae,diameter at breast height (1.3 m),21.59,cm,,18.002006,-66.829729,,BIEN,https://bien.nceas.ucsb.edu/bien/,10129623,Greg Reams,2026-03-28 23:42:38 UTC
Pilosocereus royenii,Pilosocereus,Cactaceae,diameter at breast height (1.3 m),7.4422,cm,,18.036061,-66.181608,,BIEN,https://bien.nceas.ucsb.edu/bien/,10729217,Greg Reams,2026-03-28 23:42:38 UTC
Pilosocereus royenii,Pilosocereus,Cactaceae,diameter at breast height (1.3 m),13.716,cm,,17.950829,-66.966923,,BIEN,https://bien.nceas.ucsb.edu/bien/,10832473,Greg Reams,2026-03-28 23:42:38 UTC
Pilosocereus royenii,Pilosocereus,Cactaceae,diameter at breast height (1.3 m),14.986,cm,,18.343492,-64.686548,,BIEN,https://bien.nceas.ucsb.edu/bien/,10953389,Greg Reams,2026-03-28 23:42:38 UTC
Pilosocereus royenii,Pilosocereus,Cactaceae,diameter at breast height (1.3 m),14.478,cm,,17.950829,-66.966923,,BIEN,https://bien.nceas.ucsb.edu/bien/,11030627,Greg Reams,2026-03-28 23:42:38 UTC
Pilosocereus royenii,Pilosocereus,Cactaceae,diameter at breast height (1.3 m),6.604,cm,,18.036061,-66.181608,,BIEN,https://bien.nceas.ucsb.edu/bien/,11030640,Greg Reams,2026-03-28 23:42:38 UTC
Pilosocereus royenii,Pilosocereus,Cactaceae,diameter at breast height (1.3 m),12.954,cm,,17.950829,-66.966923,,BIEN,https://bien.nceas.ucsb.edu/bien/,11233432,Greg Reams,2026-03-28 23:42:38 UTC
Pilosocereus royenii,Pilosocereus,Cactaceae,diameter at breast height (1.3 m),12.7,cm,,17.950829,-66.966923,,BIEN,https://bien.nceas.ucsb.edu/bien/,11332683,Greg Reams,2026-03-28 23:42:38 UTC
Pilosocereus royenii,Pilosocereus,Cactaceae,diameter at breast height (1.3 m),10.3886,cm,,17.936876,-66.945937,,BIEN,https://bien.nceas.ucsb.edu/bien/,11332737,Greg Reams,2026-03-28 23:42:38 UTC
Pilosocereus royenii,Pilosocereus,Cactaceae,diameter at breast height (1.3 m),7.366,cm,,18.343492,-64.686548,,BIEN,https://bien.nceas.ucsb.edu/bien/,11354717,Greg Reams,2026-03-28 23:42:38 UTC
Pilosocereus royenii,Pilosocereus,Cactaceae,diameter at breast height (1.3 m),8.636,cm,,18.002006,-66.829729,,BIEN,https://bien.nceas.ucsb.edu/bien/,11530787,Greg Reams,2026-03-28 23:42:38 UTC
Opuntia phaeacantha,Opuntia,Cactaceae,diameter at breast height (1.3 m),10,cm,,37.283549461,-113.097965329,,BIEN,https://bien.nceas.ucsb.edu/bien/,11663620,Marion Reid,2026-03-28 23:42:38 UTC
Pilosocereus royenii,Pilosocereus,Cactaceae,diameter at breast height (1.3 m),21.336,cm,,18.357457,-64.709481,,BIEN,https://bien.nceas.ucsb.edu/bien/,11753826,Greg Reams,2026-03-28 23:42:38 UTC
Pilosocereus royenii,Pilosocereus,Cactaceae,diameter at breast height (1.3 m),8.382,cm,,17.936876,-66.945937,,BIEN,https://bien.nceas.ucsb.edu/bien/,12133045,Greg Reams,2026-03-28 23:42:38 UTC
Pilosocereus royenii,Pilosocereus,Cactaceae,diameter at breast height (1.3 m),12.954,cm,,17.950829,-66.966923,,BIEN,https://bien.nceas.ucsb.edu/bien/,12133067,Greg Reams,2026-03-28 23:42:38 UTC
Pilosocereus royenii,Pilosocereus,Cactaceae,diameter at breast height (1.3 m),6.858,cm,,18.036061,-66.181608,,BIEN,https://bien.nceas.ucsb.edu/bien/,12232516,Greg Reams,2026-03-28 23:42:38 UTC
Pilosocereus royenii,Pilosocereus,Cactaceae,diameter at breast height (1.3 m),13.97,cm,,18.002006,-66.829729,,BIEN,https://bien.nceas.ucsb.edu/bien/,12433824,Greg Reams,2026-03-28 23:42:38 UTC
Pilosocereus royenii,Pilosocereus,Cactaceae,diameter at breast height (1.3 m),5.4102,cm,,18.036061,-66.181608,,BIEN,https://bien.nceas.ucsb.edu/bien/,12632371,Greg Reams,2026-03-28 23:42:38 UTC
Pilosocereus royenii,Pilosocereus,Cactaceae,diameter at breast height (1.3 m),14.224,cm,,18.343492,-64.686548,,BIEN,https://bien.nceas.ucsb.edu/bien/,12654709,Greg Reams,2026-03-28 23:42:38 UTC
Pilosocereus royenii,Pilosocereus,Cactaceae,diameter at breast height (1.3 m),10.414,cm,,18.343492,-64.686548,,BIEN,https://bien.nceas.ucsb.edu/bien/,12754916,Greg Reams,2026-03-28 23:42:38 UTC
Pilosocereus royenii,Pilosocereus,Cactaceae,diameter at breast height (1.3 m),9.398,cm,,18.002006,-66.829729,,BIEN,https://bien.nceas.ucsb.edu/bien/,12833516,Greg Reams,2026-03-28 23:42:38 UTC
Pilosocereus royenii,Pilosocereus,Cactaceae,diameter at breast height (1.3 m),18.796,cm,,17.950829,-66.966923,,BIEN,https://bien.nceas.ucsb.edu/bien/,12833550,Greg Reams,2026-03-28 23:42:38 UTC
Pilosocereus royenii,Pilosocereus,Cactaceae,diameter at breast height (1.3 m),9.652,cm,,18.002006,-66.829729,,BIEN,https://bien.nceas.ucsb.edu/bien/,12833567,Greg Reams,2026-03-28 23:42:38 UTC
Pilosocereus royenii,Pilosocereus,Cactaceae,diameter at breast height (1.3 m),14.478,cm,,18.343492,-64.686548,,BIEN,https://bien.nceas.ucsb.edu/bien/,12954940,Greg Reams,2026-03-28 23:42:38 UTC
Pilosocereus royenii,Pilosocereus,Cactaceae,diameter at breast height (1.3 m),5.842,cm,,18.036061,-66.181608,,BIEN,https://bien.nceas.ucsb.edu/bien/,13132262,Greg Reams,2026-03-28 23:42:38 UTC
Pilosocereus royenii,Pilosocereus,Cactaceae,diameter at breast height (1.3 m),21.336,cm,,18.357457,-64.709481,,BIEN,https://bien.nceas.ucsb.edu/bien/,13154994,Greg Reams,2026-03-28 23:42:38 UTC
Pilosocereus royenii,Pilosocereus,Cactaceae,diameter at breast height (1.3 m),5.842,cm,,18.343492,-64.686548,,BIEN,https://bien.nceas.ucsb.edu/bien/,13456063,Greg Reams,2026-03-28 23:42:38 UTC
Pilosocereus royenii,Pilosocereus,Cactaceae,diameter at breast height (1.3 m),41.021,cm,,18.357457,-64.709481,,BIEN,https://bien.nceas.ucsb.edu/bien/,13556605,Greg Reams,2026-03-28 23:42:38 UTC
Opuntia macrorhiza,Opuntia,Cactaceae,diameter at breast height (1.3 m),11,cm,,37.283549461,-113.097965329,,BIEN,https://bien.nceas.ucsb.edu/bien/,13566381,Marion Reid,2026-03-28 23:42:38 UTC
Pilosocereus royenii,Pilosocereus,Cactaceae,diameter at breast height (1.3 m),9.8806,cm,,17.936876,-66.945937,,BIEN,https://bien.nceas.ucsb.edu/bien/,13935027,Greg Reams,2026-03-28 23:42:38 UTC
Pilosocereus royenii,Pilosocereus,Cactaceae,diameter at breast height (1.3 m),4.826,cm,,18.036061,-66.181608,,BIEN,https://bien.nceas.ucsb.edu/bien/,14236010,Greg Reams,2026-03-28 23:42:38 UTC
Pilosocereus royenii,Pilosocereus,Cactaceae,diameter at breast height (1.3 m),16.51,cm,,18.357457,-64.709481,,BIEN,https://bien.nceas.ucsb.edu/bien/,14258778,Greg Reams,2026-03-28 23:42:38 UTC
Pilosocereus royenii,Pilosocereus,Cactaceae,diameter at breast height (1.3 m),14.732,cm,,18.343492,-64.686548,,BIEN,https://bien.nceas.ucsb.edu/bien/,14358972,Greg Reams,2026-03-28 23:42:38 UTC
Pilosocereus royenii,Pilosocereus,Cactaceae,diameter at breast height (1.3 m),14.986,cm,,18.343492,-64.686548,,BIEN,https://bien.nceas.ucsb.edu/bien/,14861374,Greg Reams,2026-03-28 23:42:38 UTC
Opuntia phaeacantha,Opuntia,Cactaceae,diameter at breast height (1.3 m),10,cm,,37.283549461,-113.097965329,,BIEN,https://bien.nceas.ucsb.edu/bien/,15170914,Marion Reid,2026-03-28 23:42:38 UTC
Pilosocereus royenii,Pilosocereus,Cactaceae,diameter at breast height (1.3 m),21.59,cm,,18.357457,-64.709481,,BIEN,https://bien.nceas.ucsb.edu/bien/,15360819,Greg Reams,2026-03-28 23:42:38 UTC
Pilosocereus royenii,Pilosocereus,Cactaceae,diameter at breast height (1.3 m),19.304,cm,,18.065278,-67.173455,,BIEN,https://bien.nceas.ucsb.edu/bien/,15638345,Greg Reams,2026-03-28 23:42:38 UTC
Pilosocereus royenii,Pilosocereus,Cactaceae,diameter at breast height (1.3 m),12.7,cm,,18.002006,-66.829729,,BIEN,https://bien.nceas.ucsb.edu/bien/,15737245,Greg Reams,2026-03-28 23:42:38 UTC
Pilosocereus royenii,Pilosocereus,Cactaceae,diameter at breast height (1.3 m),5.08,cm,,18.036061,-66.181608,,BIEN,https://bien.nceas.ucsb.edu/bien/,16338859,Greg Reams,2026-03-28 23:42:38 UTC
Pilosocereus royenii,Pilosocereus,Cactaceae,diameter at breast height (1.3 m),9.652,cm,,18.343492,-64.686548,,BIEN,https://bien.nceas.ucsb.edu/bien/,16462906,Greg Reams,2026-03-28 23:42:38 UTC
Pilosocereus royenii,Pilosocereus,Cactaceae,diameter at breast height (1.3 m),6.096,cm,,18.036061,-66.181608,,BIEN,https://bien.nceas.ucsb.edu/bien/,16640507,Greg Reams,2026-03-28 23:42:38 UTC
Pilosocereus royenii,Pilosocereus,Cactaceae,diameter at breast height (1.3 m),8.382,cm,,18.036061,-66.181608,,BIEN,https://bien.nceas.ucsb.edu/bien/,16640509,Greg Reams,2026-03-28 23:42:38 UTC
Pilosocereus royenii,Pilosocereus,Cactaceae,diameter at breast height (1.3 m),22.606,cm,,18.357457,-64.709481,,BIEN,https://bien.nceas.ucsb.edu/bien/,16864758,Greg Reams,2026-03-28 23:42:38 UTC
Pilosocereus royenii,Pilosocereus,Cactaceae,diameter at breast height (1.3 m),13.208,cm,,17.950829,-66.966923,,BIEN,https://bien.nceas.ucsb.edu/bien/,17243642,Greg Reams,2026-03-28 23:42:38 UTC
Pilosocereus royenii,Pilosocereus,Cactaceae,diameter at breast height (1.3 m),9.398,cm,,18.002006,-66.829729,,BIEN,https://bien.nceas.ucsb.edu/bien/,17343683,Greg Reams,2026-03-28 23:42:38 UTC
Pilosocereus royenii,Pilosocereus,Cactaceae,whole plant height,4.572,m,,18.343492,-64.686548,,BIEN,https://bien.nceas.ucsb.edu/bien/,18056740,Greg Reams,2026-03-28 23:42:38 UTC
Pilosocereus royenii,Pilosocereus,Cactaceae,whole plant height,2.1336,m,,18.036061,-66.181608,,BIEN,https://bien.nceas.ucsb.edu/bien/,18319686,Greg Reams,2026-03-28 23:42:38 UTC
Pilosocereus royenii,Pilosocereus,Cactaceae,whole plant height,3.9624,m,,17.950829,-66.966923,,BIEN,https://bien.nceas.ucsb.edu/bien/,18596170,Greg Reams,2026-03-28 23:42:38 UTC
Pilosocereus royenii,Pilosocereus,Cactaceae,whole plant height,2.1336,m,,18.036061,-66.181608,,BIEN,https://bien.nceas.ucsb.edu/bien/,18596256,Greg Reams,2026-03-28 23:42:38 UTC
Pilosocereus royenii,Pilosocereus,Cactaceae,whole plant height,1.2192,m,,17.936876,-66.945937,,BIEN,https://bien.nceas.ucsb.edu/bien/,19497032,Greg Reams,2026-03-28 23:42:38 UTC
Pilosocereus royenii,Pilosocereus,Cactaceae,whole plant height,2.1336,m,,18.036061,-66.181608,,BIEN,https://bien.nceas.ucsb.edu/bien/,19497098,Greg Reams,2026-03-28 23:42:38 UTC
Pilosocereus royenii,Pilosocereus,Cactaceae,whole plant height,2.1336,m,,18.036061,-66.181608,,BIEN,https://bien.nceas.ucsb.edu/bien/,19706165,Greg Reams,2026-03-28 23:42:38 UTC
Pilosocereus royenii,Pilosocereus,Cactaceae,whole plant height,1.2192,m,,17.936876,-66.945937,,BIEN,https://bien.nceas.ucsb.edu/bien/,19706183,Greg Reams,2026-03-28 23:42:38 UTC
Pilosocereus royenii,Pilosocereus,Cactaceae,whole plant height,4.8768,m,,18.343492,-64.686548,,BIEN,https://bien.nceas.ucsb.edu/bien/,20000363,Greg Reams,2026-03-28 23:42:38 UTC
Pilosocereus royenii,Pilosocereus,Cactaceae,whole plant height,4.8768,m,,17.950829,-66.966923,,BIEN,https://bien.nceas.ucsb.edu/bien/,20053062,Greg Reams,2026-03-28 23:42:38 UTC
Pilosocereus royenii,Pilosocereus,Cactaceae,whole plant height,3.3528,m,,18.002006,-66.829729,,BIEN,https://bien.nceas.ucsb.edu/bien/,20121129,Greg Reams,2026-03-28 23:42:38 UTC
Pilosocereus royenii,Pilosocereus,Cactaceae,whole plant height,3.048,m,,18.036061,-66.181608,,BIEN,https://bien.nceas.ucsb.edu/bien/,20328715,Greg Reams,2026-03-28 23:42:38 UTC
Pilosocereus royenii,Pilosocereus,Cactaceae,whole plant height,6.096,m,,18.002006,-66.829729,,BIEN,https://bien.nceas.ucsb.edu/bien/,20328724,Greg Reams,2026-03-28 23:42:38 UTC
Pilosocereus royenii,Pilosocereus,Cactaceae,whole plant height,2.7432,m,,18.002006,-66.829729,,BIEN,https://bien.nceas.ucsb.edu/bien/,20328783,Greg Reams,2026-03-28 23:42:38 UTC
Pilosocereus royenii,Pilosocereus,Cactaceae,whole plant height,3.048,m,,18.036061,-66.181608,,BIEN,https://bien.nceas.ucsb.edu/bien/,20328806,Greg Reams,2026-03-28 23:42:38 UTC
Pilosocereus royenii,Pilosocereus,Cactaceae,whole plant height,4.8768,m,,18.357457,-64.709481,,BIEN,https://bien.nceas.ucsb.edu/bien/,20344953,Greg Reams,2026-03-28 23:42:38 UTC
Pilosocereus royenii,Pilosocereus,Cactaceae,whole plant height,6.096,m,,18.357457,-64.709481,,BIEN,https://bien.nceas.ucsb.edu/bien/,20483068,Greg Reams,2026-03-28 23:42:38 UTC
Pilosocereus royenii,Pilosocereus,Cactaceae,whole plant height,1.2192,m,,17.936876,-66.945937,,BIEN,https://bien.nceas.ucsb.edu/bien/,20606421,Greg Reams,2026-03-28 23:42:38 UTC
Pilosocereus royenii,Pilosocereus,Cactaceae,whole plant height,4.2672,m,,17.950829,-66.966923,,BIEN,https://bien.nceas.ucsb.edu/bien/,20815030,Greg Reams,2026-03-28 23:42:38 UTC
Pilosocereus royenii,Pilosocereus,Cactaceae,whole plant height,3.9624,m,,18.036061,-66.181608,,BIEN,https://bien.nceas.ucsb.edu/bien/,20884023,Greg Reams,2026-03-28 23:42:38 UTC
Pilosocereus royenii,Pilosocereus,Cactaceae,whole plant height,5.1816,m,,18.002006,-66.829729,,BIEN,https://bien.nceas.ucsb.edu/bien/,21440092,Greg Reams,2026-03-28 23:42:38 UTC
Pilosocereus royenii,Pilosocereus,Cactaceae,whole plant height,3.048,m,,18.036061,-66.181608,,BIEN,https://bien.nceas.ucsb.edu/bien/,21855262,Greg Reams,2026-03-28 23:42:38 UTC
Pilosocereus royenii,Pilosocereus,Cactaceae,whole plant height,4.8768,m,,17.950829,-66.966923,,BIEN,https://bien.nceas.ucsb.edu/bien/,21925612,Greg Reams,2026-03-28 23:42:38 UTC
Pilosocereus royenii,Pilosocereus,Cactaceae,whole plant height,3.3528,m,,18.343492,-64.686548,,BIEN,https://bien.nceas.ucsb.edu/bien/,22010114,Greg Reams,2026-03-28 23:42:38 UTC
Pilosocereus royenii,Pilosocereus,Cactaceae,whole plant height,3.9624,m,,17.950829,-66.966923,,BIEN,https://bien.nceas.ucsb.edu/bien/,22062935,Greg Reams,2026-03-28 23:42:38 UTC
Pilosocereus royenii,Pilosocereus,Cactaceae,whole plant height,2.1336,m,,18.036061,-66.181608,,BIEN,https://bien.nceas.ucsb.edu/bien/,22062947,Greg Reams,2026-03-28 23:42:38 UTC
Pilosocereus royenii,Pilosocereus,Cactaceae,whole plant height,3.9624,m,,17.950829,-66.966923,,BIEN,https://bien.nceas.ucsb.edu/bien/,22202773,Greg Reams,2026-03-28 23:42:38 UTC
Pilosocereus royenii,Pilosocereus,Cactaceae,whole plant height,4.8768,m,,17.950829,-66.966923,,BIEN,https://bien.nceas.ucsb.edu/bien/,22271952,Greg Reams,2026-03-28 23:42:38 UTC
Pilosocereus royenii,Pilosocereus,Cactaceae,whole plant height,1.2192,m,,17.936876,-66.945937,,BIEN,https://bien.nceas.ucsb.edu/bien/,22272002,Greg Reams,2026-03-28 23:42:38 UTC
Pilosocereus royenii,Pilosocereus,Cactaceae,whole plant height,3.9624,m,,18.343492,-64.686548,,BIEN,https://bien.nceas.ucsb.edu/bien/,22287962,Greg Reams,2026-03-28 23:42:38 UTC
Pilosocereus royenii,Pilosocereus,Cactaceae,whole plant height,3.3528,m,,18.002006,-66.829729,,BIEN,https://bien.nceas.ucsb.edu/bien/,22409787,Greg Reams,2026-03-28 23:42:38 UTC
Pilosocereus royenii,Pilosocereus,Cactaceae,whole plant height,7.0104,m,,18.357457,-64.709481,,BIEN,https://bien.nceas.ucsb.edu/bien/,22564405,Greg Reams,2026-03-28 23:42:38 UTC
Pilosocereus royenii,Pilosocereus,Cactaceae,whole plant height,1.2192,m,,17.936876,-66.945937,,BIEN,https://bien.nceas.ucsb.edu/bien/,22826080,Greg Reams,2026-03-28 23:42:38 UTC
Pilosocereus royenii,Pilosocereus,Cactaceae,whole plant height,4.572,m,,17.950829,-66.966923,,BIEN,https://bien.nceas.ucsb.edu/bien/,22826100,Greg Reams,2026-03-28 23:42:38 UTC
Pilosocereus royenii,Pilosocereus,Cactaceae,whole plant height,3.048,m,,18.036061,-66.181608,,BIEN,https://bien.nceas.ucsb.edu/bien/,22895180,Greg Reams,2026-03-28 23:42:38 UTC
Pilosocereus royenii,Pilosocereus,Cactaceae,whole plant height,4.572,m,,18.002006,-66.829729,,BIEN,https://bien.nceas.ucsb.edu/bien/,23033966,Greg Reams,2026-03-28 23:42:38 UTC
Pilosocereus royenii,Pilosocereus,Cactaceae,whole plant height,0.9144,m,,18.036061,-66.181608,,BIEN,https://bien.nceas.ucsb.edu/bien/,23171590,Greg Reams,2026-03-28 23:42:38 UTC
Pilosocereus royenii,Pilosocereus,Cactaceae,whole plant height,3.3528,m,,18.343492,-64.686548,,BIEN,https://bien.nceas.ucsb.edu/bien/,23187554,Greg Reams,2026-03-28 23:42:38 UTC
Pilosocereus royenii,Pilosocereus,Cactaceae,whole plant height,4.8768,m,,18.343492,-64.686548,,BIEN,https://bien.nceas.ucsb.edu/bien/,23256843,Greg Reams,2026-03-28 23:42:38 UTC
Pilosocereus royenii,Pilosocereus,Cactaceae,whole plant height,3.3528,m,,18.002006,-66.829729,,BIEN,https://bien.nceas.ucsb.edu/bien/,23310414,Greg Reams,2026-03-28 23:42:38 UTC
Pilosocereus royenii,Pilosocereus,Cactaceae,whole plant height,4.8768,m,,17.950829,-66.966923,,BIEN,https://bien.nceas.ucsb.edu/bien/,23310445,Greg Reams,2026-03-28 23:42:38 UTC
Pilosocereus royenii,Pilosocereus,Cactaceae,whole plant height,3.048,m,,18.002006,-66.829729,,BIEN,https://bien.nceas.ucsb.edu/bien/,23310462,Greg Reams,2026-03-28 23:42:38 UTC
Pilosocereus royenii,Pilosocereus,Cactaceae,whole plant height,4.8768,m,,18.343492,-64.686548,,BIEN,https://bien.nceas.ucsb.edu/bien/,23395081,Greg Reams,2026-03-28 23:42:38 UTC
Pilosocereus royenii,Pilosocereus,Cactaceae,whole plant height,2.1336,m,,18.036061,-66.181608,,BIEN,https://bien.nceas.ucsb.edu/bien/,23517699,Greg Reams,2026-03-28 23:42:38 UTC
Pilosocereus royenii,Pilosocereus,Cactaceae,whole plant height,6.096,m,,18.357457,-64.709481,,BIEN,https://bien.nceas.ucsb.edu/bien/,23533950,Greg Reams,2026-03-28 23:42:38 UTC
Pilosocereus royenii,Pilosocereus,Cactaceae,whole plant height,3.3528,m,,18.343492,-64.686548,,BIEN,https://bien.nceas.ucsb.edu/bien/,23741354,Greg Reams,2026-03-28 23:42:38 UTC
Pilosocereus royenii,Pilosocereus,Cactaceae,whole plant height,5.1816,m,,18.357457,-64.709481,,BIEN,https://bien.nceas.ucsb.edu/bien/,23811118,Greg Reams,2026-03-28 23:42:38 UTC
Pilosocereus royenii,Pilosocereus,Cactaceae,whole plant height,1.2192,m,,17.936876,-66.945937,,BIEN,https://bien.nceas.ucsb.edu/bien/,24072687,Greg Reams,2026-03-28 23:42:38 UTC
Pilosocereus royenii,Pilosocereus,Cactaceae,whole plant height,0.9144,m,,18.036061,-66.181608,,BIEN,https://bien.nceas.ucsb.edu/bien/,24280809,Greg Reams,2026-03-28 23:42:38 UTC
Pilosocereus royenii,Pilosocereus,Cactaceae,whole plant height,4.8768,m,,18.357457,-64.709481,,BIEN,https://bien.nceas.ucsb.edu/bien/,24297270,Greg Reams,2026-03-28 23:42:38 UTC
Pilosocereus royenii,Pilosocereus,Cactaceae,whole plant height,5.1816,m,,18.343492,-64.686548,,BIEN,https://bien.nceas.ucsb.edu/bien/,24366992,Greg Reams,2026-03-28 23:42:38 UTC
Pilosocereus royenii,Pilosocereus,Cactaceae,whole plant height,6.096,m,,18.343492,-64.686548,,BIEN,https://bien.nceas.ucsb.edu/bien/,24713126,Greg Reams,2026-03-28 23:42:38 UTC
Pilosocereus royenii,Pilosocereus,Cactaceae,whole plant height,6.096,m,,18.357457,-64.709481,,BIEN,https://bien.nceas.ucsb.edu/bien/,25058250,Greg Reams,2026-03-28 23:42:38 UTC
Pilosocereus royenii,Pilosocereus,Cactaceae,whole plant height,8.8392,m,,18.065278,-67.173455,,BIEN,https://bien.nceas.ucsb.edu/bien/,25249445,Greg Reams,2026-03-28 23:42:38 UTC
Pilosocereus royenii,Pilosocereus,Cactaceae,whole plant height,4.8768,m,,18.002006,-66.829729,,BIEN,https://bien.nceas.ucsb.edu/bien/,25317883,Greg Reams,2026-03-28 23:42:38 UTC
Pilosocereus royenii,Pilosocereus,Cactaceae,whole plant height,2.1336,m,,18.036061,-66.181608,,BIEN,https://bien.nceas.ucsb.edu/bien/,25734144,Greg Reams,2026-03-28 23:42:38 UTC
Pilosocereus royenii,Pilosocereus,Cactaceae,whole plant height,4.8768,m,,18.343492,-64.686548,,BIEN,https://bien.nceas.ucsb.edu/bien/,25820283,Greg Reams,2026-03-28 23:42:38 UTC
Pilosocereus royenii,Pilosocereus,Cactaceae,whole plant height,2.1336,m,,18.036061,-66.181608,,BIEN,https://bien.nceas.ucsb.edu/bien/,25942713,Greg Reams,2026-03-28 23:42:38 UTC
Pilosocereus royenii,Pilosocereus,Cactaceae,whole plant height,3.9624,m,,18.036061,-66.181608,,BIEN,https://bien.nceas.ucsb.edu/bien/,25942715,Greg Reams,2026-03-28 23:42:38 UTC
Pilosocereus royenii,Pilosocereus,Cactaceae,whole plant height,5.7912,m,,18.357457,-64.709481,,BIEN,https://bien.nceas.ucsb.edu/bien/,26098233,Greg Reams,2026-03-28 23:42:38 UTC
Pilosocereus royenii,Pilosocereus,Cactaceae,whole plant height,3.6576,m,,17.950829,-66.966923,,BIEN,https://bien.nceas.ucsb.edu/bien/,26360060,Greg Reams,2026-03-28 23:42:38 UTC
Pilosocereus royenii,Pilosocereus,Cactaceae,whole plant height,3.3528,m,,18.002006,-66.829729,,BIEN,https://bien.nceas.ucsb.edu/bien/,26429223,Greg Reams,2026-03-28 23:42:38 UTC
